"year","ModNegExp","samp.depth","Spline","AgeDepSpline","RCS","SFRCS","EPS"
459,0.420598458547221,1,2.5277736183282,2.5277736183282,0.429551122194514,0.39261708352644,NA
460,0.398798091626463,1,2.38469209276245,2.38469209276245,0.377030162412993,0.325959193702532,NA
461,0.296602987599247,1,1.76467214864421,1.76467214864421,0.309324758842444,0.271200610170522,NA
462,0.507580050147721,1,3.00471203688069,3.00471203688069,0.49546279491833,0.418096178360203,NA
463,0.753072183343356,1,4.43552729253816,4.43552729253816,0.686541737649063,0.622876598696448,NA
464,0.675493034551554,1,3.95858887398567,3.95858887398567,0.58010752688172,0.573388177339907,NA
465,0.760701576466823,1,4.43552729253816,4.43552729253816,0.658138268916712,0.664318100458015,NA
466,0.805648282708942,1,4.6739965018144,4.6739965018144,0.665969681129117,0.681290752818819,NA
467,0.57836891985138,1,3.33856892986743,3.33856892986743,0.544258373205742,0.533288977705,NA
468,0.597896969817089,1,3.43395661357793,3.43395661357793,0.654088050314465,0.615069874464723,NA
469,0.584222520942513,1,3.33856892986743,3.33856892986743,0.637254901960784,0.651295823160672,NA
470,0.545229638889973,1,3.10009972059119,3.10009972059119,0.589260808926081,0.55944750082446,NA
471,0.64914559453237,1,3.67242582285418,3.67242582285418,0.664233576642336,0.621631483928943,NA
472,0.601581494695724,1,3.38626277172268,3.38626277172268,0.605643044619423,0.571709204207628,NA
473,0.459847732269486,1,2.57546746018345,2.57546746018345,0.5,0.467066099415094,NA
474,0.599103607918886,1,3.33856892986743,3.33856892986743,0.639044943820225,0.561560884877339,NA
475,0.498901635528004,1,2.76624282760444,2.76624282760444,0.488025889967638,0.405471472283119,NA
476,0.41496421017868,1,2.28930440905195,2.28930440905195,0.38566131025958,0.343802365241898,NA
477,0.41705423836562,1,2.28930440905195,2.28930440905195,0.39,0.399619642376671,NA
478,0.427886618552942,1,2.3369982509072,2.3369982509072,0.398125,0.398733991682414,NA
479,0.500251300212049,1,2.71854898574919,2.71854898574919,0.518181818181818,0.466808190557177,NA
480,0.590973951063052,1,3.19548740430169,3.19548740430169,0.627069834413247,0.553360086426789,NA
481,0.709190819703059,1,3.81550734841992,3.81550734841992,0.758570386579139,0.67803861881768,NA
482,0.650391676775018,1,3.48165045543318,3.48165045543318,0.655839668279198,0.557877697114814,NA
483,0.949153356799989,1,5.0555472366564,5.0555472366564,0.869949494949495,0.77264846707511,NA
484,0.99892140236846,1,5.29401644593264,5.29401644593264,0.944990176817289,0.85036018308983,NA
485,1.04916441288168,1,5.53248565520889,5.53248565520889,0.96790757381258,0.822219751467233,NA
486,1.9270724751374,1,10.1110944733128,10.1110944733128,1.72465581977472,1.66829009821516,NA
487,2.25649910865264,1,11.7803789382465,11.7803789382465,2.25808720112518,2.12667077059528,NA
488,1.63430699048283,1,8.48950385023433,8.48950385023433,1.47670708359923,1.47654233808233,NA
489,0.95966972184834,1,4.9601595529459,4.9601595529459,0.938888888888889,0.829395930388555,NA
490,0.899568825915043,1,4.62630265995916,4.62630265995916,0.951698113207547,0.81716291125049,NA
491,0.885441484433361,1,4.53091497624866,4.53091497624866,0.886575735821967,0.726674663457842,NA
492,1.05849226154809,1,5.38940412964314,5.38940412964314,0.992567567567567,0.867757130375087,NA
493,1.15794177372859,1,5.86634254819563,5.86634254819563,1.12923728813559,0.954791270681427,NA
494,1.22051484787923,1,6.15250559932713,6.15250559932713,1.23127753303965,1.04384803505399,NA
495,1.19810539962128,1,6.00942407376138,6.00942407376138,1.15759717314488,1.04700899115639,NA
496,1.01297993563849,1,5.0555472366564,5.0555472366564,1.03765060240964,0.985998009142318,NA
497,1.17172225167678,1,5.81864870634038,5.81864870634038,1.23809523809524,1.1554095848318,NA
498,1.14863235448831,1,5.67556718077463,5.67556718077463,1.22389240506329,1.02542469661775,NA
499,0.960368442323345,1,4.72169034366965,4.72169034366965,0.93058568329718,0.824955957758763,NA
500,1.00417146318416,1,4.91246571109065,4.91246571109065,1.07983870967742,1.03758151016655,NA
501,0.734850912378296,1,3.57703813914368,3.57703813914368,0.795918367346939,0.761477987267931,NA
502,1.03393670543815,1,5.00785339480115,5.00785339480115,1.12438220757825,0.928905382731323,NA
503,1.22713508321759,1,5.91403639005088,5.91403639005088,1.12100139082058,1.06724630662506,NA
504,0.934897340348391,1,4.48322113439341,4.48322113439341,0.865439093484419,0.821783945990234,NA
505,1.09949557590644,1,5.24632260407739,5.24632260407739,0.990304709141274,0.921853739398956,NA
506,1.49675646907749,1,7.10638243643211,7.10638243643211,1.38258386866524,1.35444073063742,NA
507,1.10041065971524,1,5.19862876222214,5.19862876222214,1.07186081694402,1.02462079833925,NA
508,0.953715624537918,1,4.48322113439341,4.48322113439341,1.07760141093474,0.945140168633777,NA
509,1.33574767741903,1,6.24789328303762,6.24789328303762,1.38342810722989,1.26989826014328,NA
510,1.58835015549152,1,7.3925454875636,7.3925454875636,1.45908761766836,1.46398959384524,NA
511,1.35940615230187,1,6.29558712489287,6.29558712489287,1.35866983372922,1.40855600027449,NA
512,0.941839207913977,1,4.34013960882766,4.34013960882766,0.926389976507439,0.926846779114069,NA
513,0.884125048599225,1,4.05397655769617,4.05397655769617,0.902040816326531,0.802418076434426,NA
514,0.836264134208488,1,3.81550734841992,3.81550734841992,0.791476407914764,0.700630872275657,NA
515,0.808913791719772,1,3.67242582285418,3.67242582285418,0.726942628903413,0.714107183409726,NA
516,0.981865062549678,1,4.43552729253816,4.43552729253816,0.935034802784223,0.92963961487543,NA
517,0.604784102966051,1,2.71854898574919,2.71854898574919,0.6,0.569889200607681,NA
518,0.639783036745002,1,2.86163051131494,2.86163051131494,0.578635014836795,0.54569875032667,NA
519,0.525088870066632,1,2.3369982509072,2.3369982509072,0.460260115606936,0.441364264590323,NA
520,0.570777920229026,1,2.5277736183282,2.5277736183282,0.468707482993197,0.462487884837176,NA
521,0.595261567001795,1,2.6231613020387,2.6231613020387,0.463082901554404,0.464454713734739,NA
522,0.663480465690107,1,2.90932435317019,2.90932435317019,0.513933895009721,0.52235391433518,NA
523,0.502815410341868,1,2.19391672534146,2.19391672534146,0.363084395871281,0.385469832142786,NA
524,0.571223176883086,1,2.48007977647295,2.48007977647295,0.376391982182628,0.35710372290232,NA
525,0.518861380411825,1,2.2416105671967,2.2416105671967,0.34954233409611,0.338569267224838,NA
526,0.388303965253305,1,1.66928446493372,1.66928446493372,0.265926358854471,0.241732805407736,NA
527,0.345632875143303,1,1.47850909751272,1.47850909751272,0.228458049886621,0.215632667896577,NA
528,0.336142516798769,1,1.43081525565747,1.43081525565747,0.228471001757469,0.22352012515078,NA
529,0.292768031936421,1,1.24003988823647,1.24003988823647,0.208899876390606,0.186636382411169,NA
530,0.611070677564074,1,2.57546746018345,2.57546746018345,0.407665505226481,0.424820631082868,NA
531,0.352538068780892,1,1.47850909751272,1.47850909751272,0.246332518337408,0.243729087717491,NA
532,0.377141365968195,1,1.57389678122322,1.57389678122322,0.241554054054054,0.226332321139577,NA
533,0.493859991387147,1,2.05083519977571,2.05083519977571,0.30151024811219,0.292806540028694,NA
534,0.507846516238603,1,2.09852904163096,2.09852904163096,0.348567946374162,0.330966654177311,NA
535,0.475562191464405,1,1.95544751606521,1.95544751606521,0.336702463676563,0.309126372938999,NA
536,0.512883877835556,1,2.09852904163096,2.09852904163096,0.385682980277575,0.32661951716712,NA
537,0.37485085017876,1,1.52620293936797,1.52620293936797,0.270995059985886,0.226293887282735,NA
538,0.55328356499089,1,2.2416105671967,2.2416105671967,0.382892057026477,0.351890675659123,NA
539,0.496866627878348,1,2.00314135792046,2.00314135792046,0.342391304347826,0.320435693261951,NA
540,0.511209424384505,1,2.05083519977571,2.05083519977571,0.414125200642055,0.354191681873813,NA
541,0.501786269498488,1,2.00314135792046,2.00314135792046,0.390092879256966,0.366504318437718,NA
542,0.360187842567839,1,1.43081525565747,1.43081525565747,0.28324154209284,0.279397229666087,NA
543,0.530882006352113,1,2.09852904163096,2.09852904163096,0.387665198237885,0.374667253050419,NA
544,0.545625419604441,1,2.14622288348621,2.14622288348621,0.416345412490362,0.416805468818367,NA
545,0.54831554903193,1,2.14622288348621,2.14622288348621,0.408781226343679,0.406822585130176,NA
546,0.404079823188477,1,1.57389678122322,1.57389678122322,0.265060240963855,0.270014065992803,NA
547,0.344544754183062,1,1.33542757194697,1.33542757194697,0.215384615384615,0.21878652044503,NA
548,0.32151004596174,1,1.24003988823647,1.24003988823647,0.220963172804533,0.211565355158738,NA
549,0.509492558629084,1,1.95544751606521,1.95544751606521,0.336065573770492,0.311111104708854,NA
550,0.58692665349967,1,2.2416105671967,2.2416105671967,0.407514450867052,0.380723503579703,NA
551,0.690207767038292,1,2.6231613020387,2.6231613020387,0.454232622161046,0.412025747527097,NA
552,0.832322156881693,1,3.14779356244644,3.14779356244644,0.543956043956044,0.510672205958511,NA
553,0.912451039141935,1,3.43395661357793,3.43395661357793,0.598337950138504,0.543647841315621,NA
554,0.840523275654068,1,3.14779356244644,3.14779356244644,0.605504587155963,0.515080457246637,NA
555,1.30537080061481,1,4.8647718692354,4.8647718692354,0.868701206529454,0.729702895279366,NA
556,1.35036169154144,1,5.00785339480115,5.00785339480115,0.882352941176471,0.671316041651408,NA
557,1.38283653751565,1,5.10324107851165,5.10324107851165,0.944812362030905,0.713063210906798,NA
558,1.27273670604851,1,4.6739965018144,4.6739965018144,0.821802935010482,0.679454162532546,NA
559,1.73575619267849,1,6.34328096674812,6.34328096674812,1.00377358490566,0.865755084692237,NA
560,2.76721743799627,1,10.0634006314575,10.0634006314575,1.59445843828715,1.436358680652,NA
561,3.28158064335359,1,11.875766621957,11.875766621957,1.97227722772277,1.87894913175029,NA
562,3.57576981517472,1,12.8773373009172,12.8773373009172,2.10253082414017,1.99217855766075,NA
563,2.75484608081217,1,9.87262526403655,9.87262526403655,1.65821094793057,1.55879623028885,NA
564,2.47411037056567,1,8.82336074322107,8.82336074322107,1.57446808510638,1.33039122121909,NA
565,1.97553243399273,1,7.01099475272161,7.01099475272161,1.32731376975169,1.0644415301302,NA
566,1.89066023438387,1,6.67713785973486,6.67713785973486,1.11553784860558,0.908358683318508,NA
567,1.76419490683431,1,6.20019944118237,6.20019944118237,1.03448275862069,0.831388111947054,NA
568,1.44552618487647,1,5.0555472366564,5.0555472366564,0.853118712273642,0.664933219307932,NA
569,1.43888275602865,1,5.00785339480115,5.00785339480115,0.957446808510638,0.662256559423711,NA
570,2.1482055743869,1,7.44023932941885,7.44023932941885,1.46823529411765,1.02753770576268,NA
571,2.3939308036936,1,8.25103464095808,8.25103464095808,1.58352402745995,1.27943478613011,NA
572,2.01626148519504,1,6.91560706901111,6.91560706901111,1.35619641465316,1.00100250906421,NA
573,1.45319756883631,1,4.9601595529459,4.9601595529459,1.03396851698426,0.765645450537877,NA
574,1.3900745571089,1,4.72169034366965,4.72169034366965,0.98917568692756,0.684405475152316,NA
575,0.874792935126539,1,2.95701819502544,2.95701819502544,0.564920273348519,0.434890552485503,NA
576,0.907409509693911,1,3.05240587873594,3.05240587873594,0.637344398340249,0.493133246928125,NA
577,1.53870716465695,1,5.1509349203669,5.1509349203669,1.00699300699301,0.728145110454742,NA
578,1.67504330567916,1,5.58017949706414,5.58017949706414,1.03769401330377,0.806711898148429,NA
579,1.2803751213113,1,4.24475192511716,4.24475192511716,0.806037735849057,0.65581559436143,NA
580,1.41670497647425,1,4.6739965018144,4.6739965018144,1.03430079155673,0.707336255716576,NA
581,1.24927196939992,1,4.10167039955142,4.10167039955142,1.00194174757282,0.732621748885775,NA
582,1.16775787538369,1,3.81550734841992,3.81550734841992,0.975609756097561,0.669277810547301,NA
583,1.1000879907077,1,3.57703813914368,3.57703813914368,0.9,0.663501471828894,NA
584,0.781167986719114,1,2.5277736183282,2.5277736183282,0.654994850669413,0.47030423296161,NA
585,0.829388601090418,1,2.67085514389395,2.67085514389395,0.690647482014389,0.512381903461268,NA
586,1.08640916244149,1,3.48165045543318,3.48165045543318,0.8,0.578154476136313,NA
587,1.30103622485826,1,4.14936424140667,4.14936424140667,0.872909698996655,0.666029602755402,NA
588,1.23220399769565,1,3.91089503213042,3.91089503213042,0.751718869365928,0.561658011185582,NA
589,1.5250630670507,1,4.81707802738015,4.81707802738015,0.914716981132075,0.697503936171382,NA
590,1.59313448242018,1,5.00785339480115,5.00785339480115,0.909090909090909,0.758968534695782,NA
591,0.945258459104396,1,2.95701819502544,2.95701819502544,0.557053009883199,0.415295316094175,NA
592,1.30218468867744,1,4.05397655769617,4.05397655769617,0.810295519542421,0.602769706334856,NA
593,1.49320417664944,1,4.62630265995916,4.62630265995916,0.914231856738926,0.734267945339119,NA
594,1.42307606745764,1,4.38783345068291,4.38783345068291,0.723839496459481,0.706550127517156,NA
595,1.70971931230631,1,5.24632260407739,5.24632260407739,0.867507886435331,0.900208254818653,NA
596,1.4993196199448,1,4.57860881810391,4.57860881810391,0.715350223546945,0.69902208106801,NA
597,0.98867467460812,1,3.00471203688069,3.00471203688069,0.476190476190476,0.433539286666481,NA
598,2.00265184926194,1,6.05711791561663,6.05711791561663,0.85868830290737,0.878302429038015,NA
599,1.63202510869086,1,4.91246571109065,4.91246571109065,0.847039473684211,0.752183821522478,NA
600,1.19409188876897,1,3.57703813914368,3.57703813914368,0.753012048192771,0.660082503701713,NA
601,0.831889599815973,1,2.48007977647295,2.48007977647295,0.512315270935961,0.433715598869591,NA
602,1.20561451869379,1,3.57703813914368,3.57703813914368,0.732421875,0.661773732405838,NA
603,1.29217409969978,1,3.81550734841992,3.81550734841992,0.723327305605787,0.674421080839815,NA
604,1.1847772968328,1,3.48165045543318,3.48165045543318,0.788336933045356,0.652923637851698,NA
605,1.02739206376446,1,3.00471203688069,3.00471203688069,0.714285714285714,0.5893844111468,NA
606,1.11425690632218,1,3.24318124615693,3.24318124615693,0.698151950718686,0.599702211354132,NA
607,1.46536616539949,1,4.24475192511716,4.24475192511716,0.830999066293184,0.814810898374853,NA
608,1.88599135419212,1,5.43709797149839,5.43709797149839,1.10144927536232,1.05380027070527,NA
609,1.56257312473779,1,4.48322113439341,4.48322113439341,0.935323383084577,0.866972450786697,NA
610,1.45314299677377,1,4.14936424140667,4.14936424140667,0.890481064483112,0.881911042481068,NA
611,1.42653876797654,1,4.05397655769617,4.05397655769617,0.863821138211382,0.857498653496197,NA
612,1.48395872467918,1,4.19705808326191,4.19705808326191,0.971302428256071,0.954687659825696,NA
613,1.20301469972828,1,3.38626277172268,3.38626277172268,0.745798319327731,0.742317096127353,NA
614,1.02149490953245,1,2.86163051131494,2.86163051131494,0.643086816720257,0.631112632544993,NA
615,1.21454778578377,1,3.38626277172268,3.38626277172268,0.805902383654937,0.775942752700353,NA
616,1.15159902367187,1,3.19548740430169,3.19548740430169,0.790094339622642,0.784855159430246,NA
617,1.57158192920954,1,4.34013960882766,4.34013960882766,1.08721624850657,1.10459898022977,NA
618,1.40555782922124,1,3.86320119027517,3.86320119027517,0.984204131227218,0.985130157324877,NA
619,0.958944266782608,1,2.6231613020387,2.6231613020387,0.6900878293601,0.577031623862506,NA
620,0.998553684564595,1,2.71854898574919,2.71854898574919,0.736434108527132,0.616074991821479,NA
621,1.17933219274555,1,3.19548740430169,3.19548740430169,0.88042049934297,0.765176205559802,NA
622,1.89238203020313,1,5.10324107851165,5.10324107851165,1.19153674832962,1.09684570881651,NA
623,1.61707070794954,1,4.34013960882766,4.34013960882766,0.983783783783784,0.906119305627752,NA
624,1.94614674891799,1,5.19862876222214,5.19862876222214,1.21245828698554,1.07649425294794,NA
625,1.81188577093946,1,4.81707802738015,4.81707802738015,1.18963486454653,0.966377865358067,NA
626,2.07284350018306,1,5.48479181335364,5.48479181335364,1.37067938021454,1.20753779975477,NA
627,1.77481404714958,1,4.6739965018144,4.6739965018144,1.14619883040936,0.999215088779008,NA
628,1.8560254694713,1,4.8647718692354,4.8647718692354,1.27659574468085,1.08892429690176,NA
629,2.06594162901677,1,5.38940412964314,5.38940412964314,1.38650306748466,1.19865031833226,NA
630,3.25137883173541,1,8.44181000837908,8.44181000837908,2.12740384615385,1.79029803190796,NA
631,3.02685568931096,1,7.82179006426084,7.82179006426084,2.09987195902689,1.75216745954236,NA
632,2.20672004632042,1,5.67556718077463,5.67556718077463,1.84210526315789,1.42505490079442,NA
633,2.47801070024172,1,6.34328096674812,6.34328096674812,1.63793103448276,1.42204604733802,NA
634,3.25724843224128,1,8.29872848281333,8.29872848281333,2.175,1.64435748580644,NA
635,2.20057630801494,1,5.58017949706414,5.58017949706414,1.67142857142857,1.26749191357159,NA
636,3.09914707454947,1,7.82179006426084,7.82179006426084,2.06809583858764,1.66937534635817,NA
637,2.73405612421366,1,6.86791322715586,6.86791322715586,1.90224570673712,1.55544887685178,NA
638,2.57527800464479,1,6.43866865045862,6.43866865045862,1.82679296346414,1.37952368980708,NA
639,1.97411209230877,1,4.91246571109065,4.91246571109065,1.43654114365411,1.11538722945031,NA
640,2.19524239728302,1,5.43709797149839,5.43709797149839,1.78963893249608,1.60275438473894,NA
641,2.10885141878909,1,5.19862876222214,5.19862876222214,1.58660844250364,1.43799489511454,NA
642,1.82720802593745,1,4.48322113439341,4.48322113439341,1.55371900826446,1.23250862754482,NA
643,1.81627892264181,1,4.43552729253816,4.43552729253816,1.38392857142857,1.08751901853809,NA
644,2.09952774851947,1,5.10324107851165,5.10324107851165,1.73139158576052,1.41167401423108,NA
645,2.06997058781694,1,5.00785339480115,5.00785339480115,1.38888888888889,1.12219502721808,NA
646,2.07969664732241,1,5.00785339480115,5.00785339480115,1.33587786259542,1.19389850935016,NA
647,1.89046609464693,1,4.53091497624866,4.53091497624866,1.14457831325301,0.923781104472599,NA
648,1.57944950584219,1,3.76781350656467,3.76781350656467,0.898748577929465,0.670828300524939,NA
649,2.28989538398435,1,5.43709797149839,5.43709797149839,1.18873826903024,0.941070510370121,NA
650,1.93737156536838,1,4.57860881810391,4.57860881810391,1.11888111888112,0.809025331726162,NA
651,1.76396757035712,1,4.14936424140667,4.14936424140667,0.959206174200661,0.773432301834169,NA
652,1.81296641487515,1,4.24475192511716,4.24475192511716,0.997757847533632,0.782378686785338,NA
653,1.20747714630686,1,2.81393666945969,2.81393666945969,0.756410256410256,0.538943768359928,NA
654,1.95333355961136,1,4.53091497624866,4.53091497624866,1.1501210653753,0.84962533861833,NA
655,3.49111493187699,1,8.06025927353709,8.06025927353709,2.1125,1.75786759249654,NA
656,2.53198215501611,1,5.81864870634038,5.81864870634038,1.4823815309842,1.17455327453617,NA
657,2.73145594661668,1,6.24789328303762,6.24789328303762,1.58980582524272,1.28513504444642,NA
658,1.65489640756694,1,3.76781350656467,3.76781350656467,1.06325706594886,0.841496406686946,NA
659,2.2308435857783,1,5.0555472366564,5.0555472366564,1.34007585335019,1.05850946604881,NA
660,2.07208504881092,1,4.6739965018144,4.6739965018144,1.26126126126126,0.967913905575545,NA
661,1.93303557090998,1,4.34013960882766,4.34013960882766,1.01336302895323,0.854239473376445,NA
662,2.04873289181646,1,4.57860881810391,4.57860881810391,0.978593272171254,0.843357210426392,NA
663,2.50850122964543,1,5.58017949706414,5.58017949706414,1.09448082319925,0.999336440318538,NA
664,2.34783728372105,1,5.19862876222214,5.19862876222214,1.02347417840376,0.943526993007478,NA
665,1.70954412364919,1,3.76781350656467,3.76781350656467,0.816115702479339,0.707973765161807,NA
666,1.78269678908524,1,3.91089503213042,3.91089503213042,0.82995951417004,0.794401397422928,NA
667,1.5288706790208,1,3.33856892986743,3.33856892986743,0.726141078838174,0.660876597773684,NA
668,1.68955054487041,1,3.67242582285418,3.67242582285418,0.857461024498886,0.809076670802339,NA
669,2.60117090333648,1,5.62787333891939,5.62787333891939,1.53846153846154,1.54863675780485,NA
670,1.92668718397309,1,4.14936424140667,4.14936424140667,0.976309226932668,0.943050019917006,NA
671,1.89110050921637,1,4.05397655769617,4.05397655769617,0.862457722660654,0.859282357598535,NA
672,1.76573349677844,1,3.76781350656467,3.76781350656467,0.86919315403423,0.777908345108794,NA
673,2.49242480920943,1,5.29401644593264,5.29401644593264,1.12121212121212,1.03383862447954,NA
674,2.88741173109732,1,6.10481175747188,6.10481175747188,1.21390937829294,1.1753115945525,NA
675,2.26619376302752,1,4.7693841855249,4.7693841855249,1.04895104895105,0.95505288556293,NA
676,1.95790858905069,1,4.10167039955142,4.10167039955142,0.950859950859951,0.747261783051798,NA
677,1.8754407796749,1,3.91089503213042,3.91089503213042,0.997297297297297,0.715042828335728,NA
678,3.30861438644647,1,6.86791322715586,6.86791322715586,1.44804469273743,1.31412979766889,NA
679,5.77053979795743,1,11.9234604638123,11.9234604638123,2.17181467181467,2.23081245645691,NA
680,4.38257757426717,1,9.01413611064207,9.01413611064207,1.85901639344262,1.89994369313022,NA
681,3.26126297532953,1,6.67713785973486,6.67713785973486,1.43507972665148,1.4195348058077,NA
682,2.76139391155575,1,5.62787333891939,5.62787333891939,1.35979513444302,1.17850920456196,NA
683,2.93862067288725,1,5.96173023190613,5.96173023190613,1.37867647058824,1.18866722779128,NA
684,3.54250539551916,1,7.15407627828735,7.15407627828735,1.6109785202864,1.50538011140228,NA
685,2.08778732614831,1,4.19705808326191,4.19705808326191,1.0954356846473,1.00991260714336,NA
686,2.76467745131925,1,5.53248565520889,5.53248565520889,1.32824427480916,1.40077308495289,NA
687,2.80126249690371,1,5.58017949706414,5.58017949706414,1.39655172413793,1.41824427008531,NA
688,2.30897486026774,1,4.57860881810391,4.57860881810391,1.22727272727273,1.20565656733167,NA
689,2.65778128635799,1,5.24632260407739,5.24632260407739,1.33783783783784,1.3821021919836,NA
690,2.08738298451538,1,4.10167039955142,4.10167039955142,1.04559270516717,1.07385859066132,NA
691,1.95060509314322,1,3.81550734841992,3.81550734841992,1,0.959815557020705,NA
692,2.00847966156916,1,3.91089503213042,3.91089503213042,1.02180685358255,1.0514423394834,NA
693,1.5255204323605,1,2.95701819502544,2.95701819502544,0.752655538694992,0.761986333711005,NA
694,1.65604610751443,1,3.19548740430169,3.19548740430169,0.943661971830986,0.970377726136827,NA
695,1.68840387253773,1,3.24318124615693,3.24318124615693,1.07086614173228,0.92882827511538,NA
696,1.29699736410431,1,2.48007977647295,2.48007977647295,0.709897610921502,0.62786294070465,NA
697,1.90421585566652,1,3.62473198099893,3.62473198099893,0.932515337423313,0.858006825539504,NA
698,3.2468156925256,1,6.15250559932713,6.15250559932713,1.62776025236593,1.35781735508293,NA
699,3.16039802002706,1,5.96173023190613,5.96173023190613,1.32100396301189,1.06917116846754,NA
700,2.81914285741652,1,5.29401644593264,5.29401644593264,1.08690330477356,0.872665223257514,NA
701,3.1380513289579,1,5.86634254819563,5.86634254819563,1.21782178217822,0.902904470273662,NA
702,2.66530909431357,1,4.9601595529459,4.9601595529459,1.18518518518519,0.937911712926228,NA
703,0.00257437630938915,1,0.0047693841855249,0.0047693841855249,0,0,NA
704,0.00258599863272971,1,0.0047693841855249,0.0047693841855249,0,0,NA
705,0.00259766425519543,1,0.0047693841855249,0.0047693841855249,0,0,NA
706,0.00260937325526507,1,0.0047693841855249,0.0047693841855249,0,0,NA
707,0.00262112571078521,1,0.0047693841855249,0.0047693841855249,0,0,NA
708,0.00263292169896224,1,0.0047693841855249,0.0047693841855249,0,0,NA
709,0.0026447612963543,1,0.0047693841855249,0.0047693841855249,0,0,NA
710,0.00265664457886327,1,0.0047693841855249,0.0047693841855249,0,0,NA
711,0.00266857162172669,1,0.0047693841855249,0.0047693841855249,0,0,NA
712,0.00268054249950959,1,0.0047693841855249,0.0047693841855249,0,0,NA
713,0.00269255728609646,1,0.0047693841855249,0.0047693841855249,0,0,NA
714,0.00270461605468301,1,0.0047693841855249,0.0047693841855249,0,0,NA
715,0.00271671887776801,1,0.0047693841855249,0.0047693841855249,0,0,NA
716,0.00272886582714512,1,0.0047693841855249,0.0047693841855249,0,0,NA
717,0.00274105697389463,1,0.0047693841855249,0.0047693841855249,0,0,NA
718,0.00275329238837521,1,0.0047693841855249,0.0047693841855249,0,0,NA
719,0.00276557214021564,1,0.0047693841855249,0.0047693841855249,0,0,NA
720,0.00277789629830652,1,0.0047693841855249,0.0047693841855249,0,0,NA
721,0.00279026493079196,1,0.0047693841855249,0.0047693841855249,0,0,NA
722,0.00280267810506124,1,0.0047693841855249,0.0047693841855249,0,0,NA
723,0.00281513588774041,1,0.0047693841855249,0.0047693841855249,0,0,NA
724,0.00282763834468401,1,0.0047693841855249,0.0047693841855249,0,0,NA
725,0.00284018554096656,1,0.0047693841855249,0.0047693841855249,0,0,NA
726,0.00285277754087424,1,0.0047693841855249,0.0047693841855249,0,0,NA
727,0.00286541440789641,1,0.0047693841855249,0.0047693841855249,0,0,NA
728,0.00287809620471717,1,0.0047693841855249,0.0047693841855249,0,0,NA
729,0.00289082299320689,1,0.0047693841855249,0.0047693841855249,0,0,NA
730,0.00290359483441376,1,0.0047693841855249,0.0047693841855249,0,0,NA
731,0.00291641178855525,1,0.0047693841855249,0.0047693841855249,0,0,NA
732,0.00292927391500964,1,0.0047693841855249,0.0047693841855249,0,0,NA
733,0.00294218127230745,1,0.0047693841855249,0.0047693841855249,0,0,NA
734,0.00295513391812297,1,0.0047693841855249,0.0047693841855249,0,0,NA
735,0.00296813190926562,1,0.0047693841855249,0.0047693841855249,0,0,NA
736,0.00298117530167148,1,0.0047693841855249,0.0047693841855249,0,0,NA
737,0.00299426415039467,1,0.0047693841855249,0.0047693841855249,0,0,NA
738,0.00300739850959874,1,0.0047693841855249,0.0047693841855249,0,0,NA
739,0.00302057843254815,1,0.0047693841855249,0.0047693841855249,0,0,NA
740,0.0030338039715996,1,0.0047693841855249,0.0047693841855249,0,0,NA
741,0.00304707517819348,1,0.0047693841855249,0.0047693841855249,0,0,NA
742,0.00306039210284518,1,0.0047693841855249,0.0047693841855249,0,0,NA
743,0.00307375479513655,1,0.0047693841855249,0.0047693841855249,0,0,NA
744,0.00308716330370719,1,0.0047693841855249,0.0047693841855249,0,0,NA
745,0.00310061767624589,1,0.0047693841855249,0.0047693841855249,0,0,NA
746,0.00311411795948192,1,0.0047693841855249,0.0047693841855249,0,0,NA
747,0.00312766419917644,1,0.0047693841855249,0.0047693841855249,0,0,NA
748,0.00314125644011383,1,0.0047693841855249,0.0047693841855249,0,0,NA
749,0.00315489472609306,1,0.0047693841855249,0.0047693841855249,0,0,NA
750,0.003168579099919,1,0.0047693841855249,0.0047693841855249,0,0,NA
751,0.00318230960339384,1,0.0047693841855249,0.0047693841855249,0,0,NA
752,0.00319608627730836,1,0.0047693841855249,0.0047693841855249,0,0,NA
753,0.00320990916143336,1,0.0047693841855249,0.0047693841855249,0,0,NA
754,0.00322377829451095,1,0.0047693841855249,0.0047693841855249,0,0,NA
755,0.00323769371424597,1,0.0047693841855249,0.0047693841855249,0,0,NA
756,0.00325165545729729,1,0.0047693841855249,0.0047693841855249,0,0,NA
757,0.00326566355926923,1,0.0047693841855249,0.0047693841855249,0,0,NA
758,0.0032797180547029,1,0.0047693841855249,0.0047693841855249,0,0,NA
759,0.00329381897706759,1,0.0047693841855249,0.0047693841855249,0,0,NA
760,0.00330796635875216,1,0.0047693841855249,0.0047693841855249,0,0,NA
761,0.00332216023105643,1,0.0047693841855249,0.0047693841855249,0,0,NA
762,0.00333640062418258,1,0.0047693841855249,0.0047693841855249,0,0,NA
763,0.0033506875672266,1,0.0047693841855249,0.0047693841855249,0,0,NA
764,0.00336502108816965,1,0.0047693841855249,0.0047693841855249,0,0,NA
765,0.00337940121386956,1,0.0047693841855249,0.0047693841855249,0,0,NA
766,0.00339382797005227,1,0.0047693841855249,0.0047693841855249,0,0,NA
767,0.00340830138130326,1,0.0047693841855249,0.0047693841855249,0,0,NA
768,0.00342282147105906,1,0.0047693841855249,0.0047693841855249,0,0,NA
769,0.00343738826159877,1,0.0047693841855249,0.0047693841855249,0,0,NA
770,0.00345200177403552,1,0.0047693841855249,0.0047693841855249,0,0,NA
771,0.00346666202830803,1,0.0047693841855249,0.0047693841855249,0,0,NA
772,0.00348136904317217,1,0.0047693841855249,0.0047693841855249,0,0,NA
773,0.00349612283619252,1,0.0047693841855249,0.0047693841855249,0,0,NA
774,0.00351092342373397,1,0.0047693841855249,0.0047693841855249,0,0,NA
775,0.00352577082095332,1,0.0047693841855249,0.0047693841855249,0,0,NA
776,0.00354066504179092,1,0.0047693841855249,0.0047693841855249,0,0,NA
777,0.00355560609896236,1,0.0047693841855249,0.0047693841855249,0,0,NA
778,0.00357059400395011,1,0.0047693841855249,0.0047693841855249,0,0,NA
779,0.00358562876699528,1,0.0047693841855249,0.0047693841855249,0,0,NA
780,0.00360071039708932,1,0.0047693841855249,0.0047693841855249,0,0,NA
781,0.00361583890196583,1,0.0047693841855249,0.0047693841855249,0,0,NA
782,0.00363101428809231,1,0.0047693841855249,0.0047693841855249,0,0,NA
783,0.00364623656066203,1,0.0047693841855249,0.0047693841855249,0,0,NA
784,0.00366150572358588,1,0.0047693841855249,0.0047693841855249,0,0,NA
785,0.00367682177948426,1,0.0047693841855249,0.0047693841855249,0,0,NA
786,0.00369218472967899,1,0.0047693841855249,0.0047693841855249,0,0,NA
787,0.00370759457418531,1,0.0047693841855249,0.0047693841855249,0,0,NA
788,0.00372305131170384,1,0.0047693841855249,0.0047693841855249,0,0,NA
789,0.00373855493961265,1,0.0047693841855249,0.0047693841855249,0,0,NA
790,0.00375410545395931,1,0.0047693841855249,0.0047693841855249,0,0,NA
791,0.003769702849453,1,0.0047693841855249,0.0047693841855249,0,0,NA
792,0.00378534711945669,1,0.0047693841855249,0.0047693841855249,0,0,NA
793,0.00380103825597931,1,0.0047693841855249,0.0047693841855249,0,0,NA
794,0.00381677624966801,1,0.0047693841855249,0.0047693841855249,0,0,NA
795,0.0038325610898004,1,0.0047693841855249,0.0047693841855249,0,0,NA
796,0.00384839276427695,1,0.0047693841855249,0.0047693841855249,0,0,NA
797,0.00386427125961329,1,0.0047693841855249,0.0047693841855249,0,0,NA
798,0.00388019656093268,1,0.0047693841855249,0.0047693841855249,0,0,NA
799,0.00389616865195845,1,0.0047693841855249,0.0047693841855249,0,0,NA
800,0.00391218751500655,1,0.0047693841855249,0.0047693841855249,0,0,NA
801,0.00392825313097808,1,0.0047693841855249,0.0047693841855249,0,0,NA
802,0.00394436547935197,1,0.0047693841855249,0.0047693841855249,0,0,NA
803,0.00396052453817758,1,0.0047693841855249,0.0047693841855249,0,0,NA
804,0.00397673028406752,1,0.0047693841855249,0.0047693841855249,0,0,NA
805,0.00399298269219036,1,0.0047693841855249,0.0047693841855249,0,0,NA
806,0.00400928173626352,1,0.0047693841855249,0.0047693841855249,0,0,NA
807,0.00402562738854614,1,0.0047693841855249,0.0047693841855249,0,0,NA
808,0.00404201961983208,1,0.0047693841855249,0.0047693841855249,0,0,NA
809,0.0040584583994429,1,0.0047693841855249,0.0047693841855249,0,0,NA
810,0.00407494369522098,1,0.0047693841855249,0.0047693841855249,0,0,NA
811,0.00409147547352263,1,0.0047693841855249,0.0047693841855249,0,0,NA
812,0.00410805369921134,1,0.0047693841855249,0.0047693841855249,0,0,NA
813,0.00412467833565103,1,0.0047693841855249,0.0047693841855249,0,0,NA
814,0.00414134934469938,1,0.0047693841855249,0.0047693841855249,0,0,NA
815,0.00415806668670129,1,0.0047693841855249,0.0047693841855249,0,0,NA
816,0.0041748303204823,1,0.0047693841855249,0.0047693841855249,0,0,NA
817,0.0041916402033422,1,0.0047693841855249,0.0047693841855249,0,0,NA
818,0.00420849629104859,1,0.0047693841855249,0.0047693841855249,0,0,NA
819,0.00422539853783061,1,0.0047693841855249,0.0047693841855249,0,0,NA
820,0.00424234689637272,1,0.0047693841855249,0.0047693841855249,0,0,NA
821,0.00425934131780851,1,0.0047693841855249,0.0047693841855249,0,0,NA
822,0.00427638175171463,1,0.0047693841855249,0.0047693841855249,0,0,NA
823,0.00429346814610479,1,0.0047693841855249,0.0047693841855249,0,0,NA
824,0.00431060044742386,1,0.0047693841855249,0.0047693841855249,0,0,NA
825,0.00432777860054198,1,0.0047693841855249,0.0047693841855249,0,0,NA
826,0.00434500254874882,1,0.0047693841855249,0.0047693841855249,0,0,NA
827,0.00436227223374792,1,0.0047693841855249,0.0047693841855249,0,0,NA
828,0.00437958759565103,1,0.0047693841855249,0.0047693841855249,0,0,NA
829,0.0043969485729727,1,0.0047693841855249,0.0047693841855249,0,0,NA
830,0.00441435510262474,1,0.0047693841855249,0.0047693841855249,0,0,NA
831,0.00443180711991096,1,0.0047693841855249,0.0047693841855249,0,0,NA
832,0.0044493045585219,1,0.0047693841855249,0.0047693841855249,0,0,NA
833,0.00446684735052966,1,0.0047693841855249,0.0047693841855249,NA,NA,NA
834,0.00448443542638284,1,0.0047693841855249,0.0047693841855249,NA,NA,NA
835,0.00450206871490156,1,0.0047693841855249,0.0047693841855249,NA,NA,NA
836,0.00451974714327256,1,0.0047693841855249,0.0047693841855249,NA,NA,NA
837,0.00453747063704445,1,0.0047693841855249,0.0047693841855249,NA,NA,NA
838,0.00455523912012298,1,0.0047693841855249,0.0047693841855249,NA,NA,NA
839,0.00457305251476646,1,0.0047693841855249,0.0047693841855249,NA,NA,NA
840,0.00459091074158126,1,0.0047693841855249,0.0047693841855249,NA,NA,NA
841,0.0046088137195174,1,0.0047693841855249,0.0047693841855249,NA,NA,NA
842,0.00462676136586427,1,0.0047693841855249,0.0047693841855249,NA,NA,NA
843,0.00464475359624643,1,0.0047693841855249,0.0047693841855249,NA,NA,NA
844,0.00466279032461948,1,0.0047693841855249,0.0047693841855249,NA,NA,NA
845,0.00468087146326613,1,0.0047693841855249,0.0047693841855249,NA,NA,NA
846,0.00469899692279226,1,0.0047693841855249,0.0047693841855249,NA,NA,NA
847,0.00471716661212318,1,0.0047693841855249,0.0047693841855249,NA,NA,NA
848,0.00473538043849994,1,0.0047693841855249,0.0047693841855249,NA,NA,NA
849,0.00475363830747577,1,0.0047693841855249,0.0047693841855249,NA,NA,NA
850,0.0047719401229126,1,0.0047693841855249,0.0047693841855249,NA,NA,NA
851,0.00479028578697778,1,0.0047693841855249,0.0047693841855249,NA,NA,NA
852,0.00480867520014079,1,0.0047693841855249,0.0047693841855249,NA,NA,NA
853,0.00482710826117015,1,0.0047693841855249,0.0047693841855249,NA,NA,NA
854,0.00484558486713041,1,0.0047693841855249,0.0047693841855249,NA,NA,NA
855,0.00486410491337926,1,0.0047693841855249,0.0047693841855249,NA,NA,NA
856,0.00488266829356475,1,0.0047693841855249,0.0047693841855249,NA,NA,NA
857,0.00490127489962267,1,0.0047693841855249,0.0047693841855249,NA,NA,NA
858,0.00491992462177396,1,0.0047693841855249,0.0047693841855249,NA,NA,NA
859,0.00493861734852233,1,0.0047693841855249,0.0047693841855249,NA,NA,NA
860,0.00495735296665196,1,0.0047693841855249,0.0047693841855249,NA,NA,NA
861,0.00497613136122529,1,0.0047693841855249,0.0047693841855249,NA,NA,NA
862,0.00499495241558102,1,0.0047693841855249,0.0047693841855249,NA,NA,NA
863,0.00501381601133216,1,0.0047693841855249,0.0047693841855249,NA,NA,NA
864,0.0050327220283642,1,0.0047693841855249,0.0047693841855249,NA,NA,NA
865,0.00505167034483345,1,0.0047693841855249,0.0047693841855249,NA,NA,NA
866,0.00507066083716551,1,0.0047693841855249,0.0047693841855249,NA,NA,NA
867,0.0050896933800538,1,0.0047693841855249,0.0047693841855249,NA,NA,NA
868,0.00510876784645829,1,0.0047693841855249,0.0047693841855249,NA,NA,NA
869,0.00512788410760435,1,0.0047693841855249,0.0047693841855249,NA,NA,NA
870,0.00514704203298165,1,0.0047693841855249,0.0047693841855249,NA,NA,NA
871,0.00516624149034334,1,0.0047693841855249,0.0047693841855249,NA,NA,NA
872,0.00518548234570519,1,0.0047693841855249,0.0047693841855249,NA,NA,NA
873,0.00520476446334502,1,0.0047693841855249,0.0047693841855249,NA,NA,NA
874,0.00522408770580215,1,0.0047693841855249,0.0047693841855249,NA,NA,NA
875,0.00524345193387703,1,0.0047693841855249,0.0047693841855249,NA,NA,NA
876,0.00526285700663105,1,0.0047693841855249,0.0047693841855249,NA,NA,NA
877,0.00528230278138636,1,0.0047693841855249,0.0047693841855249,NA,NA,NA
878,0.00530178911372598,1,0.0047693841855249,0.0047693841855249,NA,NA,NA
879,0.00532131585749394,1,0.0047693841855249,0.0047693841855249,NA,NA,NA
880,0.0053408828647956,1,0.0047693841855249,0.0047693841855249,NA,NA,NA
881,0.00536048998599809,1,0.0047693841855249,0.0047693841855249,NA,NA,NA
882,0.00538013706973095,1,0.0047693841855249,0.0047693841855249,NA,NA,NA
883,0.00539982396288681,1,0.0047693841855249,0.0047693841855249,NA,NA,NA
884,0.00541955051062229,1,0.0047693841855249,0.0047693841855249,NA,NA,NA
885,0.00543931655635903,1,0.0047693841855249,0.0047693841855249,NA,NA,NA
886,0.00545912194178485,1,0.0047693841855249,0.0047693841855249,NA,NA,NA
887,0.00547896650685504,1,0.0047693841855249,0.0047693841855249,NA,NA,NA
888,0.00549885008979382,1,0.0047693841855249,0.0047693841855249,NA,NA,NA
889,0.00551877252709594,1,0.0047693841855249,0.0047693841855249,NA,NA,NA
890,0.00553873365352845,1,0.0047693841855249,0.0047693841855249,NA,NA,NA
891,0.00555873330213253,1,0.0047693841855249,0.0047693841855249,NA,NA,NA
892,0.00557877130422558,1,0.0047693841855249,0.0047693841855249,NA,NA,NA
893,0.00559884748940337,1,0.0047693841855249,0.0047693841855249,NA,NA,NA
894,0.00561896168554239,1,0.0047693841855249,0.0047693841855249,NA,NA,NA
895,0.00563911371880233,1,0.0047693841855249,0.0047693841855249,NA,NA,NA
896,0.00565930341362872,1,0.0047693841855249,0.0047693841855249,NA,NA,NA
897,0.00567953059275567,1,0.0047693841855249,0.0047693841855249,NA,NA,NA
898,0.00569979507720887,1,0.0047693841855249,0.0047693841855249,NA,NA,NA
899,0.0057200966863086,1,0.0047693841855249,0.0047693841855249,NA,NA,NA
900,0.00574043523767301,1,0.0047693841855249,0.0047693841855249,NA,NA,NA
901,0.00576081054722147,1,0.0047693841855249,0.0047693841855249,NA,NA,NA
902,0.00578122242917816,1,0.0047693841855249,0.0047693841855249,NA,NA,NA
903,0.00580167069607569,1,0.0047693841855249,0.0047693841855249,NA,NA,NA
904,0.00582215515875898,1,0.0047693841855249,0.0047693841855249,NA,NA,NA
905,0.00584267562638928,1,0.0047693841855249,0.0047693841855249,NA,NA,NA
906,0.00586323190644826,1,0.0047693841855249,0.0047693841855249,NA,NA,NA
907,0.00588382380474234,1,0.0047693841855249,0.0047693841855249,NA,NA,NA
908,0.00590445112540716,1,0.0047693841855249,0.0047693841855249,NA,NA,NA
909,0.00592511367091217,1,0.0047693841855249,0.0047693841855249,NA,NA,NA
910,0.00594581124206538,1,0.0047693841855249,0.0047693841855249,NA,NA,NA
911,0.00596654363801834,1,0.0047693841855249,0.0047693841855249,NA,NA,NA
912,0.00598731065627112,1,0.0047693841855249,0.0047693841855249,NA,NA,NA
913,0.00600811209267763,1,0.0047693841855249,0.0047693841855249,NA,NA,NA
914,0.00602894774145095,1,0.0047693841855249,0.0047693841855249,NA,NA,NA
915,0.00604981739516889,1,0.0047693841855249,0.0047693841855249,NA,NA,NA
916,0.00607072084477966,1,0.0047693841855249,0.0047693841855249,NA,NA,NA
917,0.00609165787960775,1,0.0047693841855249,0.0047693841855249,NA,NA,NA
918,0.00611262828735993,1,0.0047693841855249,0.0047693841855249,NA,NA,NA
919,0.00613363185413138,1,0.0047693841855249,0.0047693841855249,NA,NA,NA
920,0.00615466836441205,1,0.0047693841855249,0.0047693841855249,NA,NA,NA
921,0.00617573760109309,1,0.0047693841855249,0.0047693841855249,NA,NA,NA
922,0.00619683934547352,1,0.0047693841855249,0.0047693841855249,NA,NA,NA
923,0.00621797337726697,1,0.0047693841855249,0.0047693841855249,NA,NA,NA
924,0.00623913947460865,1,0.0047693841855249,0.0047693841855249,NA,NA,NA
925,0.0062603374140624,1,0.0047693841855249,0.0047693841855249,NA,NA,NA
926,0.00628156697062801,1,0.0047693841855249,0.0047693841855249,NA,NA,NA
927,0.00630282791774854,1,0.0047693841855249,0.0047693841855249,NA,NA,NA
928,0.00632412002731793,1,0.0047693841855249,0.0047693841855249,NA,NA,NA
929,0.0063454430696887,1,0.0047693841855249,0.0047693841855249,NA,NA,NA
930,0.0063667968136798,1,0.0047693841855249,0.0047693841855249,NA,NA,NA
931,0.00638818102658463,1,0.0047693841855249,0.0047693841855249,NA,NA,NA
932,0.00640959547417925,1,0.0047693841855249,0.0047693841855249,NA,NA,NA
933,0.00643103992073065,1,0.0047693841855249,0.0047693841855249,NA,NA,NA
934,0.00645251412900528,1,0.0047693841855249,0.0047693841855249,NA,NA,NA
935,0.00647401786027762,1,0.0047693841855249,0.0047693841855249,NA,NA,NA
936,0.00649555087433904,1,0.0047693841855249,0.0047693841855249,NA,NA,NA
937,0.00651711292950666,1,0.0047693841855249,0.0047693841855249,NA,NA,NA
938,0.0065387037826325,1,0.0047693841855249,0.0047693841855249,NA,NA,NA
939,0.00656032318911267,1,0.0047693841855249,0.0047693841855249,NA,NA,NA
940,0.00658197090289677,1,0.0047693841855249,0.0047693841855249,NA,NA,NA
941,0.00660364667649744,1,0.0047693841855249,0.0047693841855249,NA,NA,NA
942,0.00662535026100003,1,0.0047693841855249,0.0047693841855249,NA,NA,NA
943,0.00664708140607245,1,0.0047693841855249,0.0047693841855249,NA,NA,NA
944,0.00666883985997514,1,0.0047693841855249,0.0047693841855249,NA,NA,NA
945,0.00669062536957118,1,0.0047693841855249,0.0047693841855249,NA,NA,NA
946,0.00671243768033664,1,0.0047693841855249,0.0047693841855249,NA,NA,NA
947,0.0067342765363709,1,0.0047693841855249,0.0047693841855249,NA,NA,NA
948,0.00675614168040731,1,0.0047693841855249,0.0047693841855249,NA,NA,NA
949,0.00677803285382384,1,0.0047693841855249,0.0047693841855249,NA,NA,NA
950,0.00679994979665396,1,0.0047693841855249,0.0047693841855249,NA,NA,NA
951,0.00682189224759767,1,0.0047693841855249,0.0047693841855249,NA,NA,NA
952,0.00684385994403257,1,0.0047693841855249,0.0047693841855249,NA,NA,NA
953,0.00686585262202522,1,0.0047693841855249,0.0047693841855249,NA,NA,NA
954,0.0068878700163425,1,0.0047693841855249,0.0047693841855249,NA,NA,NA
955,0.00690991186046324,1,0.0047693841855249,0.0047693841855249,NA,NA,NA
956,0.00693197788658985,1,0.0047693841855249,0.0047693841855249,NA,NA,NA
957,0.00695406782566023,1,0.0047693841855249,0.0047693841855249,NA,NA,NA
958,0.00697618140735968,1,0.0047693841855249,0.0047693841855249,NA,NA,NA
959,0.00699831836013308,1,0.0047693841855249,0.0047693841855249,NA,NA,NA
960,0.0070204784111971,1,0.0047693841855249,0.0047693841855249,NA,NA,NA
961,0.00704266128655258,1,0.0047693841855249,0.0047693841855249,NA,NA,NA
962,0.00706486671099705,1,0.0047693841855249,0.0047693841855249,NA,NA,NA
963,0.00708709440813742,1,0.0047693841855249,0.0047693841855249,NA,NA,NA
964,0.00710934410040268,1,0.0047693841855249,0.0047693841855249,NA,NA,NA
965,0.00713161550905688,1,0.0047693841855249,0.0047693841855249,NA,NA,NA
966,0.00715390835421212,1,0.0047693841855249,0.0047693841855249,NA,NA,NA
967,0.00717622235484172,1,0.0047693841855249,0.0047693841855249,NA,NA,NA
968,0.00719855722879354,1,0.0047693841855249,0.0047693841855249,NA,NA,NA
969,0.00722091269280337,1,0.0047693841855249,0.0047693841855249,NA,NA,NA
970,0.00724328846250846,1,0.0047693841855249,0.0047693841855249,NA,NA,NA
971,0.00726568425246121,1,0.0047693841855249,0.0047693841855249,NA,NA,NA
972,0.00728809977614292,1,0.0047693841855249,0.0047693841855249,NA,NA,NA
973,0.00731053474597772,1,0.0047693841855249,0.0047693841855249,NA,NA,NA
974,0.00733298887334656,1,0.0047693841855249,0.0047693841855249,NA,NA,NA
975,0.00735546186860138,1,0.0047693841855249,0.0047693841855249,NA,NA,NA
976,0.00737795344107933,1,0.0047693841855249,0.0047693841855249,NA,NA,NA
977,0.00740046329911717,1,0.0047693841855249,0.0047693841855249,NA,NA,NA
978,0.00742299115006574,1,0.0047693841855249,0.0047693841855249,NA,NA,NA
979,0.00744553670030451,1,0.0047693841855249,0.0047693841855249,NA,NA,NA
980,0.00746809965525635,1,0.0047693841855249,0.0047693841855249,NA,NA,NA
981,0.00749067971940231,1,0.0047693841855249,0.0047693841855249,NA,NA,NA
982,0.00751327659629651,1,0.0047693841855249,0.0047693841855249,NA,NA,NA
983,0.0075358899885812,1,0.0047693841855249,0.0047693841855249,NA,NA,NA
984,0.00755851959800188,1,0.0047693841855249,0.0047693841855249,NA,NA,NA
985,0.00758116512542252,1,0.0047693841855249,0.0047693841855249,NA,NA,NA
986,0.00760382627084089,1,0.0047693841855249,0.0047693841855249,NA,NA,NA
987,0.00762650273340399,1,0.0047693841855249,0.0047693841855249,NA,NA,NA
988,0.00764919421142358,1,0.0047693841855249,0.0047693841855249,NA,NA,NA
989,0.00767190040239181,1,0.0047693841855249,0.0047693841855249,NA,NA,NA
990,0.00769462100299691,1,0.0047693841855249,0.0047693841855249,NA,NA,NA
991,0.00771735570913902,1,0.0047693841855249,0.0047693841855249,NA,NA,NA
992,0.00774010421594611,1,0.0047693841855249,0.0047693841855249,NA,NA,NA
993,0.00776286621778992,1,0.0047693841855249,0.0047693841855249,NA,NA,NA
994,0.00778564140830207,1,0.0047693841855249,0.0047693841855249,NA,NA,NA
995,0.00780842948039022,1,0.0047693841855249,0.0047693841855249,NA,NA,NA
996,0.00783123012625431,1,0.0047693841855249,0.0047693841855249,NA,NA,NA
997,0.00785404303740289,1,0.0047693841855249,0.0047693841855249,NA,NA,NA
998,0.00787686790466952,1,0.0047693841855249,0.0047693841855249,NA,NA,NA
999,0.00789970441822928,1,0.0047693841855249,0.0047693841855249,NA,NA,NA
1000,0.00792255226761531,1,0.0047693841855249,0.0047693841855249,NA,NA,NA
1001,0.00794541114173547,1,0.0047693841855249,0.0047693841855249,NA,NA,NA
1002,0.00796828072888901,1,0.0047693841855249,0.0047693841855249,NA,NA,NA
1003,0.00799116071678342,1,0.0047693841855249,0.0047693841855249,NA,NA,NA
1004,0.00801405079255123,1,0.0047693841855249,0.0047693841855249,NA,NA,NA
1005,0.00803695064276692,1,0.0047693841855249,0.0047693841855249,NA,NA,NA
1006,0.00805985995346397,1,0.0047693841855249,0.0047693841855249,NA,NA,NA
1007,0.00808277841015184,1,0.0047693841855249,0.0047693841855249,NA,NA,NA
1008,0.0081057056978331,1,0.0047693841855249,0.0047693841855249,NA,NA,NA
1009,0.00812864150102062,1,0.0047693841855249,0.0047693841855249,NA,NA,NA
1010,0.00815158550375477,1,0.0047693841855249,0.0047693841855249,NA,NA,NA
1011,0.00817453738962072,1,0.0047693841855249,0.0047693841855249,NA,NA,NA
1012,0.00819749684176575,1,0.0047693841855249,0.0047693841855249,NA,NA,NA
1013,0.00822046354291669,1,0.0047693841855249,0.0047693841855249,NA,NA,NA
1014,0.00824343717539728,1,0.0047693841855249,0.0047693841855249,NA,NA,NA
1015,0.00826641742114573,1,0.0047693841855249,0.0047693841855249,NA,NA,NA
1016,0.00828940396173219,1,0.0047693841855249,0.0047693841855249,NA,NA,NA
1017,0.00831239647837636,1,0.0047693841855249,0.0047693841855249,NA,NA,NA
1018,0.00833539465196509,1,0.0047693841855249,0.0047693841855249,NA,NA,NA
1019,0.00835839816307004,1,0.0047693841855249,0.0047693841855249,NA,NA,NA
1020,0.00838140669196537,1,0.0047693841855249,0.0047693841855249,NA,NA,NA
1021,0.00840441991864545,1,0.0047693841855249,0.0047693841855249,NA,NA,NA
1022,0.00842743752284265,1,0.0047693841855249,0.0047693841855249,NA,NA,NA
1023,0.00845045918404511,1,0.0047693841855249,0.0047693841855249,NA,NA,NA
1024,0.00847348458151455,1,0.0047693841855249,0.0047693841855249,NA,NA,NA
1025,0.00849651339430416,1,0.0047693841855249,0.0047693841855249,NA,NA,NA
1026,0.0085195453012764,1,0.0047693841855249,0.0047693841855249,NA,NA,NA
1027,0.00854257998112097,1,0.0047693841855249,0.0047693841855249,NA,NA,NA
1028,0.00856561711237267,1,0.0047693841855249,0.0047693841855249,NA,NA,NA
1029,0.00858865637342935,1,0.0047693841855249,0.0047693841855249,NA,NA,NA
1030,0.00861169744256987,1,0.0047693841855249,0.0047693841855249,NA,NA,NA
1031,0.00863473999797205,1,0.0047693841855249,0.0047693841855249,NA,NA,NA
1032,0.00865778371773064,1,0.0047693841855249,0.0047693841855249,NA,NA,NA
1033,0.00868082827987532,1,0.0047693841855249,0.0047693841855249,NA,NA,NA
1034,0.00870387336238867,1,0.0047693841855249,0.0047693841855249,NA,NA,NA
1035,0.00872691864322421,1,0.0047693841855249,0.0047693841855249,NA,NA,NA
1036,0.00874996380032435,1,0.0047693841855249,0.0047693841855249,NA,NA,NA
1037,0.00877300851163842,1,0.0047693841855249,0.0047693841855249,NA,NA,NA
1038,0.00879605245514068,1,0.0047693841855249,0.0047693841855249,NA,NA,NA
1039,0.00881909530884829,1,0.0047693841855249,0.0047693841855249,NA,NA,NA
1040,0.00884213675083934,1,0.0047693841855249,0.0047693841855249,NA,NA,NA
1041,0.00886517645927081,1,0.0047693841855249,0.0047693841855249,NA,NA,NA
1042,0.00888821411239655,1,0.0047693841855249,0.0047693841855249,NA,NA,NA
1043,0.00891124938858527,1,0.0047693841855249,0.0047693841855249,NA,NA,NA
1044,0.00893428196633845,1,0.0047693841855249,0.0047693841855249,NA,NA,NA
1045,0.00895731152430831,1,0.0047693841855249,0.0047693841855249,NA,NA,NA
1046,0.00898033774131573,1,0.0047693841855249,0.0047693841855249,NA,NA,NA
1047,0.00900336029636812,1,0.0047693841855249,0.0047693841855249,NA,NA,NA
1048,0.00902637886867733,1,0.0047693841855249,0.0047693841855249,NA,NA,NA
1049,0.00904939313767746,1,0.0047693841855249,0.0047693841855249,NA,NA,NA
1050,0.00907240278304274,1,0.0047693841855249,0.0047693841855249,NA,NA,NA
1051,0.00909540748470528,1,0.0047693841855249,0.0047693841855249,NA,NA,NA
1052,0.00911840692287286,1,0.0047693841855249,0.0047693841855249,NA,NA,NA
1053,0.00914140077804668,1,0.0047693841855249,0.0047693841855249,NA,NA,NA
1054,0.009164388731039,1,0.0047693841855249,0.0047693841855249,NA,NA,NA
1055,0.00918737046299088,1,0.0047693841855249,0.0047693841855249,NA,NA,NA
1056,0.00921034565538973,1,0.0047693841855249,0.0047693841855249,NA,NA,NA
1057,0.00923331399008697,1,0.0047693841855249,0.0047693841855249,NA,NA,NA
1058,0.00925627514931549,1,0.0047693841855249,0.0047693841855249,NA,NA,NA
1059,0.00927922881570721,1,0.0047693841855249,0.0047693841855249,NA,NA,NA
1060,0.00930217467231049,1,0.0047693841855249,0.0047693841855249,NA,NA,NA
1061,0.00932511240260754,1,0.0047693841855249,0.0047693841855249,NA,NA,NA
1062,0.00934804169053177,1,0.0047693841855249,0.0047693841855249,NA,NA,NA
1063,0.00937096222048509,1,0.0047693841855249,0.0047693841855249,NA,NA,NA
1064,0.00939387367735511,1,0.0047693841855249,0.0047693841855249,NA,NA,NA
1065,0.0094167757465324,1,0.0047693841855249,0.0047693841855249,NA,NA,NA
1066,0.00943966811392754,1,0.0047693841855249,0.0047693841855249,NA,NA,NA
1067,0.00946255046598821,1,0.0047693841855249,0.0047693841855249,NA,NA,NA
1068,0.00948542248971619,1,0.0047693841855249,0.0047693841855249,NA,NA,NA
1069,0.0095082838726843,1,0.0047693841855249,0.0047693841855249,NA,NA,NA
1070,0.00953113430305326,1,0.0047693841855249,0.0047693841855249,NA,NA,NA
1071,0.00955397346958849,1,0.0047693841855249,0.0047693841855249,NA,NA,NA
1072,0.00957680106167682,1,0.0047693841855249,0.0047693841855249,NA,NA,NA
1073,0.00959961676934319,1,0.0047693841855249,0.0047693841855249,NA,NA,NA
1074,0.00962242028326719,1,0.0047693841855249,0.0047693841855249,NA,NA,NA
1075,0.00964521129479959,1,0.0047693841855249,0.0047693841855249,NA,NA,NA
1076,0.00966798949597874,1,0.0047693841855249,0.0047693841855249,NA,NA,NA
1077,0.00969075457954694,1,0.0047693841855249,0.0047693841855249,NA,NA,NA
1078,0.00971350623896672,1,0.0047693841855249,0.0047693841855249,NA,NA,NA
1079,0.00973624416843698,1,0.0047693841855249,0.0047693841855249,NA,NA,NA
1080,0.0097589680629091,1,0.0047693841855249,0.0047693841855249,NA,NA,NA
1081,0.00978167761810299,1,0.0047693841855249,0.0047693841855249,NA,NA,NA
1082,0.00980437253052295,1,0.0047693841855249,0.0047693841855249,NA,NA,NA
1083,0.00982705249747354,1,0.0047693841855249,0.0047693841855249,NA,NA,NA
1084,0.00984971721707531,1,0.0047693841855249,0.0047693841855249,NA,NA,NA
1085,0.00987236638828043,1,0.0047693841855249,0.0047693841855249,NA,NA,NA
1086,0.00989499971088828,1,0.0047693841855249,0.0047693841855249,NA,NA,NA
1087,0.00991761688556084,1,0.0047693841855249,0.0047693841855249,NA,NA,NA
1088,0.00994021761383809,1,0.0047693841855249,0.0047693841855249,NA,NA,NA
1089,0.00996280159815324,1,0.0047693841855249,0.0047693841855249,NA,NA,NA
1090,0.0099853685418479,1,0.0047693841855249,0.0047693841855249,NA,NA,NA
1091,0.0100079181491871,1,0.0047693841855249,0.0047693841855249,NA,NA,NA
1092,0.0100304501253743,1,0.0047693841855249,0.0047693841855249,NA,NA,NA
1093,0.0100529641765661,1,0.0047693841855249,0.0047693841855249,NA,NA,NA
1094,0.010075460009887,1,0.0047693841855249,0.0047693841855249,NA,NA,NA
1095,0.0100979373334443,1,0.0047693841855249,0.0047693841855249,NA,NA,NA
1096,0.010120395856342,1,0.0047693841855249,0.0047693841855249,NA,NA,NA
1097,0.0101428352886958,1,0.0047693841855249,0.0047693841855249,NA,NA,NA
1098,0.0101652553416472,1,0.0047693841855249,0.0047693841855249,NA,NA,NA
1099,0.0101876557273773,1,0.0047693841855249,0.0047693841855249,NA,NA,NA
1100,0.0102100361591214,1,0.0047693841855249,0.0047693841855249,NA,NA,NA
1101,0.0102323963511826,1,0.0047693841855249,0.0047693841855249,NA,NA,NA
1102,0.0102547360189458,1,0.0047693841855249,0.0047693841855249,NA,NA,NA
1103,0.0102770548788909,1,0.0047693841855249,0.0047693841855249,NA,NA,NA
1104,0.0102993526486073,1,0.0047693841855249,0.0047693841855249,NA,NA,NA
1105,0.0103216290468063,1,0.0047693841855249,0.0047693841855249,NA,NA,NA
1106,0.0103438837933351,1,0.0047693841855249,0.0047693841855249,NA,NA,NA
1107,0.0103661166091899,1,0.0047693841855249,0.0047693841855249,NA,NA,NA
1108,0.0103883272165287,1,0.0047693841855249,0.0047693841855249,NA,NA,NA
1109,0.0104105153386844,1,0.0047693841855249,0.0047693841855249,NA,NA,NA
1110,0.0104326807001777,1,0.0047693841855249,0.0047693841855249,NA,NA,NA
1111,0.0104548230267296,1,0.0047693841855249,0.0047693841855249,NA,NA,NA
1112,0.0104769420452742,1,0.0047693841855249,0.0047693841855249,NA,NA,NA
1113,0.0104990374839708,1,0.0047693841855249,0.0047693841855249,NA,NA,NA
1114,0.0105211090722162,1,0.0047693841855249,0.0047693841855249,NA,NA,NA
1115,0.0105431565406573,1,0.0047693841855249,0.0047693841855249,NA,NA,NA
1116,0.0105651796212025,1,0.0047693841855249,0.0047693841855249,NA,NA,NA
1117,0.010587178047034,1,0.0047693841855249,0.0047693841855249,NA,NA,NA
1118,0.0106091515526194,1,0.0047693841855249,0.0047693841855249,NA,NA,NA
1119,0.0106310998737232,1,0.0047693841855249,0.0047693841855249,NA,NA,NA
1120,0.0106530227474182,1,0.0047693841855249,0.0047693841855249,NA,NA,NA
1121,0.0106749199120974,1,0.0047693841855249,0.0047693841855249,NA,NA,NA
1122,0.0106967911074843,1,0.0047693841855249,0.0047693841855249,NA,NA,NA
1123,0.0107186360746446,1,0.0047693841855249,0.0047693841855249,NA,NA,NA
1124,0.0107404545559967,1,0.0047693841855249,0.0047693841855249,NA,NA,NA
1125,0.0107622462953228,1,0.0047693841855249,0.0047693841855249,NA,NA,NA
1126,0.0107840110377791,1,0.0047693841855249,0.0047693841855249,NA,NA,NA
1127,0.0108057485299065,1,0.0047693841855249,0.0047693841855249,NA,NA,NA
1128,0.010827458519641,1,0.0047693841855249,0.0047693841855249,NA,NA,NA
1129,0.0108491407563237,1,0.0047693841855249,0.0047693841855249,NA,NA,NA
1130,0.0108707949907106,1,0.0047693841855249,0.0047693841855249,NA,NA,NA
1131,0.0108924209749831,1,0.0047693841855249,0.0047693841855249,NA,NA,NA
1132,0.0109140184627571,1,0.0047693841855249,0.0047693841855249,NA,NA,NA
1133,0.0109355872090928,1,0.0047693841855249,0.0047693841855249,NA,NA,NA
1134,0.0109571269705043,1,0.0047693841855249,0.0047693841855249,NA,NA,NA
1135,0.0109786375049685,1,0.0047693841855249,0.0047693841855249,NA,NA,NA
1136,0.0110001185719347,1,0.0047693841855249,0.0047693841855249,NA,NA,NA
1137,0.0110215699323329,1,0.0047693841855249,0.0047693841855249,NA,NA,NA
1138,0.0110429913485834,1,0.0047693841855249,0.0047693841855249,NA,NA,NA
1139,0.0110643825846049,1,0.0047693841855249,0.0047693841855249,NA,NA,NA
1140,0.0110857434058232,1,0.0047693841855249,0.0047693841855249,NA,NA,NA
1141,0.0111070735791795,1,0.0047693841855249,0.0047693841855249,NA,NA,NA
1142,0.0111283728731387,1,0.0047693841855249,0.0047693841855249,NA,NA,NA
1143,0.0111496410576976,1,0.0047693841855249,0.0047693841855249,NA,NA,NA
1144,0.0111708779043923,1,0.0047693841855249,0.0047693841855249,NA,NA,NA
1145,0.0111920831863066,1,0.0047693841855249,0.0047693841855249,NA,NA,NA
1146,0.0112132566780789,1,0.0047693841855249,0.0047693841855249,NA,NA,NA
1147,0.0112343981559102,1,0.0047693841855249,0.0047693841855249,NA,NA,NA
1148,0.0112555073975712,1,0.0047693841855249,0.0047693841855249,NA,NA,NA
1149,0.0112765841824094,1,0.0047693841855249,0.0047693841855249,NA,NA,NA
1150,0.011297628291356,1,0.0047693841855249,0.0047693841855249,NA,NA,NA
1151,0.0113186395069327,1,0.0047693841855249,0.0047693841855249,NA,NA,NA
1152,0.0113396176132588,1,0.0047693841855249,0.0047693841855249,NA,NA,NA
1153,0.011360562396057,1,0.0047693841855249,0.0047693841855249,NA,NA,NA
1154,0.0113814736426604,1,0.0047693841855249,0.0047693841855249,NA,NA,NA
1155,0.0114023511420182,1,0.0047693841855249,0.0047693841855249,NA,NA,NA
1156,0.011423194684702,1,0.0047693841855249,0.0047693841855249,NA,NA,NA
1157,0.0114440040629118,1,0.0047693841855249,0.0047693841855249,NA,NA,NA
1158,0.0114647790704814,1,0.0047693841855249,0.0047693841855249,NA,NA,NA
1159,0.0114855195028842,1,0.0047693841855249,0.0047693841855249,NA,NA,NA
1160,0.0115062251572386,1,0.0047693841855249,0.0047693841855249,NA,NA,NA
1161,0.0115268958323132,1,0.0047693841855249,0.0047693841855249,NA,NA,NA
1162,0.011547531328532,1,0.0047693841855249,0.0047693841855249,NA,NA,NA
1163,0.0115681314479791,1,0.0047693841855249,0.0047693841855249,NA,NA,NA
1164,0.0115886959944039,1,0.0047693841855249,0.0047693841855249,NA,NA,NA
1165,0.0116092247732255,1,0.0047693841855249,0.0047693841855249,NA,NA,NA
1166,0.0116297175915373,1,0.0047693841855249,0.0047693841855249,NA,NA,NA
1167,0.011650174258111,1,0.0047693841855249,0.0047693841855249,NA,NA,NA
1168,0.0116705945834013,1,0.0047693841855249,0.0047693841855249,NA,NA,NA
1169,0.0116909783795496,1,0.0047693841855249,0.0047693841855249,NA,NA,NA
1170,0.011711325460388,1,0.0047693841855249,0.0047693841855249,NA,NA,NA
1171,0.011731635641443,1,0.0047693841855249,0.0047693841855249,NA,NA,NA
1172,0.0117519087399389,1,0.0047693841855249,0.0047693841855249,NA,NA,NA
1173,0.0117721445748016,1,0.0047693841855249,0.0047693841855249,NA,NA,NA
1174,0.0117923429666615,1,0.0047693841855249,0.0047693841855249,NA,NA,NA
1175,0.0118125037378567,1,0.0047693841855249,0.0047693841855249,NA,NA,NA
1176,0.0118326267124363,1,0.0047693841855249,0.0047693841855249,NA,NA,NA
1177,0.0118527117161625,1,0.0047693841855249,0.0047693841855249,NA,NA,NA
1178,0.0118727585765142,1,0.0047693841855249,0.0047693841855249,NA,NA,NA
1179,0.0118927671226887,1,0.0047693841855249,0.0047693841855249,NA,NA,NA
1180,0.0119127371856045,1,0.0047693841855249,0.0047693841855249,NA,NA,NA
1181,0.0119326685979033,1,0.0047693841855249,0.0047693841855249,NA,NA,NA
1182,0.0119525611939523,1,0.0047693841855249,0.0047693841855249,NA,NA,NA
1183,0.0119724148098459,1,0.0047693841855249,0.0047693841855249,NA,NA,NA
1184,0.0119922292834078,1,0.0047693841855249,0.0047693841855249,NA,NA,NA
1185,0.0120120044541922,1,0.0047693841855249,0.0047693841855249,NA,NA,NA
1186,0.0120317401634855,1,0.0047693841855249,0.0047693841855249,NA,NA,NA
1187,0.0120514362543076,1,0.0047693841855249,0.0047693841855249,NA,NA,NA
1188,0.0120710925714134,1,0.0047693841855249,0.0047693841855249,NA,NA,NA
1189,0.0120907089612932,1,0.0047693841855249,0.0047693841855249,NA,NA,NA
1190,0.0121102852721744,1,0.0047693841855249,0.0047693841855249,NA,NA,NA
1191,0.0121298213540215,1,0.0047693841855249,0.0047693841855249,NA,NA,NA
1192,0.0121493170585374,1,0.0047693841855249,0.0047693841855249,NA,NA,NA
1193,0.0121687722391633,1,0.0047693841855249,0.0047693841855249,NA,NA,NA
1194,0.0121881867510795,1,0.0047693841855249,0.0047693841855249,NA,NA,NA
1195,0.0122075604512053,1,0.0047693841855249,0.0047693841855249,NA,NA,NA
1196,0.0122268931981994,1,0.0047693841855249,0.0047693841855249,NA,NA,NA
1197,0.0122461848524595,1,0.0047693841855249,0.0047693841855249,NA,NA,NA
1198,0.0122654352761222,1,0.0047693841855249,0.0047693841855249,NA,NA,NA
1199,0.0122846443330627,1,0.0047693841855249,0.0047693841855249,NA,NA,NA
1200,0.0123038118888943,1,0.0047693841855249,0.0047693841855249,NA,NA,NA
1201,0.012322937810968,1,0.0047693841855249,0.0047693841855249,NA,NA,NA
1202,0.0123420219683712,1,0.0047693841855249,0.0047693841855249,NA,NA,NA
1203,0.0123610642319275,1,0.0047693841855249,0.0047693841855249,NA,NA,NA
1204,0.0123800644741952,1,0.0047693841855249,0.0047693841855249,NA,NA,NA
1205,0.0123990225694663,1,0.0047693841855249,0.0047693841855249,NA,NA,NA
1206,0.0124179383937654,1,0.0047693841855249,0.0047693841855249,NA,NA,NA
1207,0.0124368118248482,1,0.0047693841855249,0.0047693841855249,NA,NA,NA
1208,0.0124556427421998,1,0.0047693841855249,0.0047693841855249,NA,NA,NA
1209,0.0124744310270333,1,0.0047693841855249,0.0047693841855249,NA,NA,NA
1210,0.0124931765622878,1,0.0047693841855249,0.0047693841855249,NA,NA,NA
1211,0.0125118792326269,1,0.0047693841855249,0.0047693841855249,NA,NA,NA
1212,0.012530538924436,1,0.0047693841855249,0.0047693841855249,NA,NA,NA
1213,0.012549155525821,1,0.0047693841855249,0.0047693841855249,NA,NA,NA
1214,0.0125677289266052,1,0.0047693841855249,0.0047693841855249,NA,NA,NA
1215,0.0125862590183275,1,0.0047693841855249,0.0047693841855249,NA,NA,NA
1216,0.0126047456942396,1,0.0047693841855249,0.0047693841855249,NA,NA,NA
1217,0.0126231888493036,1,0.0047693841855249,0.0047693841855249,NA,NA,NA
1218,0.0126415883801889,1,0.0047693841855249,0.0047693841855249,NA,NA,NA
1219,0.0126599441852696,1,0.0047693841855249,0.0047693841855249,NA,NA,NA
1220,0.0126782561646216,1,0.0047693841855249,0.0047693841855249,NA,NA,NA
1221,0.0126965242200194,1,0.0047693841855249,0.0047693841855249,NA,NA,NA
1222,0.0127147482549325,1,0.0047693841855249,0.0047693841855249,NA,NA,NA
1223,0.012732928174523,1,0.0047693841855249,0.0047693841855249,NA,NA,NA
1224,0.0127510638856413,1,0.0047693841855249,0.0047693841855249,NA,NA,NA
1225,0.0127691552968229,1,0.0047693841855249,0.0047693841855249,NA,NA,NA
1226,0.0127872023182849,1,0.0047693841855249,0.0047693841855249,NA,NA,NA
1227,0.0128052048619219,1,0.0047693841855249,0.0047693841855249,NA,NA,NA
1228,0.0128231628413025,1,0.0047693841855249,0.0047693841855249,NA,NA,NA
1229,0.012841076171665,1,0.0047693841855249,0.0047693841855249,NA,NA,NA
1230,0.0128589447699137,1,0.0047693841855249,0.0047693841855249,NA,NA,NA
1231,0.0128767685546143,1,0.0047693841855249,0.0047693841855249,NA,NA,NA
1232,0.0128945474459901,1,0.0047693841855249,0.0047693841855249,NA,NA,NA
1233,0.0129122813659171,1,0.0047693841855249,0.0047693841855249,NA,NA,NA
1234,0.0129299702379199,1,0.0047693841855249,0.0047693841855249,NA,NA,NA
1235,0.0129476139871671,1,0.0047693841855249,0.0047693841855249,NA,NA,NA
1236,0.0129652125404665,1,0.0047693841855249,0.0047693841855249,NA,NA,NA
1237,0.0129827658262604,1,0.0047693841855249,0.0047693841855249,NA,NA,NA
1238,0.0130002737746206,1,0.0047693841855249,0.0047693841855249,NA,NA,NA
1239,0.0130177363172437,1,0.0047693841855249,0.0047693841855249,NA,NA,NA
1240,0.0130351533874458,1,0.0047693841855249,0.0047693841855249,NA,NA,NA
1241,0.0130525249201576,1,0.0047693841855249,0.0047693841855249,NA,NA,NA
1242,0.0130698508519191,1,0.0047693841855249,0.0047693841855249,NA,NA,NA
1243,0.0130871311208739,1,0.0047693841855249,0.0047693841855249,NA,NA,NA
1244,0.0131043656667645,1,0.0047693841855249,0.0047693841855249,NA,NA,NA
1245,0.0131215544309263,1,0.0047693841855249,0.0047693841855249,NA,NA,NA
1246,0.013138697356282,1,0.0047693841855249,0.0047693841855249,NA,NA,NA
1247,0.0131557943873363,1,0.0047693841855249,0.0047693841855249,NA,NA,NA
1248,0.0131728454701699,1,0.0047693841855249,0.0047693841855249,NA,NA,NA
1249,0.0131898505524337,1,0.0047693841855249,0.0047693841855249,NA,NA,NA
1250,0.0132068095833428,1,0.0047693841855249,0.0047693841855249,NA,NA,NA
1251,0.0132237225136709,1,0.0047693841855249,0.0047693841855249,NA,NA,NA
1252,0.0132405892957438,1,0.0047693841855249,0.0047693841855249,NA,NA,NA
1253,0.0132574098834334,1,0.0047693841855249,0.0047693841855249,NA,NA,NA
1254,0.0132741842321515,1,0.0047693841855249,0.0047693841855249,NA,NA,NA
1255,0.0132909122988438,1,0.0047693841855249,0.0047693841855249,NA,NA,NA
1256,0.0133075940419828,1,0.0047693841855249,0.0047693841855249,NA,NA,NA
1257,0.0133242294215624,1,0.0047693841855249,0.0047693841855249,NA,NA,NA
1258,0.0133408183990902,1,0.0047693841855249,0.0047693841855249,NA,NA,NA
1259,0.0133573609375821,1,0.0047693841855249,0.0047693841855249,NA,NA,NA
1260,0.0133738570015548,1,0.0047693841855249,0.0047693841855249,NA,NA,NA
1261,0.0133903065570195,1,0.0047693841855249,0.0047693841855249,NA,NA,NA
1262,0.013406709571475,1,0.0047693841855249,0.0047693841855249,NA,NA,NA
1263,0.0134230660139009,1,0.0047693841855249,0.0047693841855249,NA,NA,NA
1264,0.0134393758547507,1,0.0047693841855249,0.0047693841855249,NA,NA,NA
1265,0.0134556390659448,1,0.0047693841855249,0.0047693841855249,NA,NA,NA
1266,0.0134718556208636,1,0.0047693841855249,0.0047693841855249,NA,NA,NA
1267,0.0134880254943402,1,0.0047693841855249,0.0047693841855249,NA,NA,NA
1268,0.0135041486626534,1,0.0047693841855249,0.0047693841855249,NA,NA,NA
1269,0.0135202251035204,1,0.0047693841855249,0.0047693841855249,NA,NA,NA
1270,0.0135362547960897,1,0.0047693841855249,0.0047693841855249,NA,NA,NA
1271,0.0135522377209338,1,0.0047693841855249,0.0047693841855249,NA,NA,NA
1272,0.0135681738600415,1,0.0047693841855249,0.0047693841855249,NA,NA,NA
1273,0.013584063196811,1,0.0047693841855249,0.0047693841855249,NA,NA,NA
1274,0.0135999057160418,1,0.0047693841855249,0.0047693841855249,NA,NA,NA
1275,0.013615701403928,1,0.0047693841855249,0.0047693841855249,NA,NA,NA
1276,0.0136314502480498,1,0.0047693841855249,0.0047693841855249,NA,NA,NA
1277,0.0136471522373667,1,0.0047693841855249,0.0047693841855249,NA,NA,NA
1278,0.0136628073622092,1,0.0047693841855249,0.0047693841855249,NA,NA,NA
1279,0.0136784156142717,1,0.0047693841855249,0.0047693841855249,NA,NA,NA
1280,0.0136939769866042,1,0.0047693841855249,0.0047693841855249,NA,NA,NA
1281,0.0137094914736048,1,0.0047693841855249,0.0047693841855249,NA,NA,NA
1282,0.0137249590710119,1,0.0047693841855249,0.0047693841855249,NA,NA,NA
1283,0.0137403797758959,1,0.0047693841855249,0.0047693841855249,NA,NA,NA
1284,0.0137557535866521,1,0.0047693841855249,0.0047693841855249,NA,NA,NA
1285,0.0137710805029918,1,0.0047693841855249,0.0047693841855249,NA,NA,NA
1286,0.013786360525935,1,0.0047693841855249,0.0047693841855249,NA,NA,NA
1287,0.0138015936578021,1,0.0047693841855249,0.0047693841855249,NA,NA,NA
1288,0.0138167799022057,1,0.0047693841855249,0.0047693841855249,NA,NA,NA
1289,0.013831919264043,1,0.0047693841855249,0.0047693841855249,NA,NA,NA
1290,0.0138470117494871,1,0.0047693841855249,0.0047693841855249,NA,NA,NA
1291,0.013862057365979,1,0.0047693841855249,0.0047693841855249,NA,NA,NA
1292,0.0138770561222195,1,0.0047693841855249,0.0047693841855249,NA,NA,NA
1293,0.0138920080281613,1,0.0047693841855249,0.0047693841855249,NA,NA,NA
1294,0.0139069130949998,1,0.0047693841855249,0.0047693841855249,NA,NA,NA
1295,0.013921771335166,1,0.0047693841855249,0.0047693841855249,NA,NA,NA
1296,0.0139365827623172,1,0.0047693841855249,0.0047693841855249,NA,NA,NA
1297,0.0139513473913292,1,0.0047693841855249,0.0047693841855249,NA,NA,NA
1298,0.0139660652382879,1,0.0047693841855249,0.0047693841855249,NA,NA,NA
1299,0.0139807363204809,1,0.0047693841855249,0.0047693841855249,NA,NA,NA
1300,0.0139953606563887,1,0.0047693841855249,0.0047693841855249,NA,NA,NA
1301,0.0140099382656769,1,0.0047693841855249,0.0047693841855249,NA,NA,NA
1302,0.0140244691691875,1,0.0047693841855249,0.0047693841855249,NA,NA,NA
1303,0.0140389533889303,1,0.0047693841855249,0.0047693841855249,NA,NA,NA
1304,0.0140533909480744,1,0.0047693841855249,0.0047693841855249,NA,NA,NA
1305,0.01406778187094,1,0.0047693841855249,0.0047693841855249,NA,NA,NA
1306,0.0140821261829898,1,0.0047693841855249,0.0047693841855249,NA,NA,NA
1307,0.0140964239108201,1,0.0047693841855249,0.0047693841855249,NA,NA,NA
1308,0.0141106750821527,1,0.0047693841855249,0.0047693841855249,NA,NA,NA
1309,0.0141248797258261,1,0.0047693841855249,0.0047693841855249,NA,NA,NA
1310,0.0141390378717872,1,0.0047693841855249,0.0047693841855249,NA,NA,NA
1311,0.0141531495510823,1,0.0047693841855249,0.0047693841855249,NA,NA,NA
1312,0.0141672147958488,1,0.0047693841855249,0.0047693841855249,NA,NA,NA
1313,0.0141812336393066,1,0.0047693841855249,0.0047693841855249,NA,NA,NA
1314,0.0141952061157493,1,0.0047693841855249,0.0047693841855249,NA,NA,NA
1315,0.0142091322605357,1,0.0047693841855249,0.0047693841855249,NA,NA,NA
1316,0.0142230121100812,1,0.0047693841855249,0.0047693841855249,NA,NA,NA
1317,0.0142368457018493,1,0.0047693841855249,0.0047693841855249,NA,NA,NA
1318,0.0142506330743426,1,0.0047693841855249,0.0047693841855249,NA,NA,NA
1319,0.0142643742670943,1,0.0047693841855249,0.0047693841855249,NA,NA,NA
1320,0.0142780693206599,1,0.0047693841855249,0.0047693841855249,NA,NA,NA
1321,0.014291718276608,1,0.0047693841855249,0.0047693841855249,NA,NA,NA
1322,0.0143053211775121,1,0.0047693841855249,0.0047693841855249,NA,NA,NA
1323,0.0143188780669417,1,0.0047693841855249,0.0047693841855249,NA,NA,NA
1324,0.0143323889894537,1,0.0047693841855249,0.0047693841855249,NA,NA,NA
1325,0.0143458539905839,1,0.0047693841855249,0.0047693841855249,NA,NA,NA
1326,0.014359273116838,1,0.0047693841855249,0.0047693841855249,NA,NA,NA
1327,0.0143726464156834,1,0.0047693841855249,0.0047693841855249,NA,NA,NA
1328,0.0143859739355402,1,0.0047693841855249,0.0047693841855249,NA,NA,NA
1329,0.0143992557257729,1,0.0047693841855249,0.0047693841855249,NA,NA,NA
1330,0.0144124918366815,1,0.0047693841855249,0.0047693841855249,NA,NA,NA
1331,0.0144256823194927,1,0.0047693841855249,0.0047693841855249,NA,NA,NA
1332,0.014438827226352,1,0.0047693841855249,0.0047693841855249,NA,NA,NA
1333,0.0144519266103142,1,0.0047693841855249,0.0047693841855249,NA,NA,NA
1334,0.0144649805253356,1,0.0047693841855249,0.0047693841855249,NA,NA,NA
1335,0.0144779890262646,1,0.0047693841855249,0.0047693841855249,NA,NA,NA
1336,0.014490952168834,1,0.0047693841855249,0.0047693841855249,NA,NA,NA
1337,0.0145038700096515,1,0.0047693841855249,0.0047693841855249,NA,NA,NA
1338,0.014516742606192,1,0.0047693841855249,0.0047693841855249,NA,NA,NA
1339,0.0145295700167885,1,0.0047693841855249,0.0047693841855249,NA,NA,NA
1340,0.0145423523006236,1,0.0047693841855249,0.0047693841855249,NA,NA,NA
1341,0.0145550895177213,1,0.0047693841855249,0.0047693841855249,NA,NA,NA
1342,0.014567781728938,1,0.0047693841855249,0.0047693841855249,NA,NA,NA
1343,0.0145804289959545,1,0.0047693841855249,0.0047693841855249,NA,NA,NA
1344,0.0145930313812672,1,0.0047693841855249,0.0047693841855249,NA,NA,NA
1345,0.0146055889481797,1,0.0047693841855249,0.0047693841855249,NA,NA,NA
1346,0.0146181017607944,1,0.0047693841855249,0.0047693841855249,NA,NA,NA
1347,0.014630569884004,1,0.0047693841855249,0.0047693841855249,NA,NA,NA
1348,0.0146429933834832,1,0.0047693841855249,0.0047693841855249,NA,NA,NA
1349,0.0146553723256799,1,0.0047693841855249,0.0047693841855249,NA,NA,NA
1350,0.0146677067778076,1,0.0047693841855249,0.0047693841855249,NA,NA,NA
1351,0.0146799968078363,1,0.0047693841855249,0.0047693841855249,NA,NA,NA
1352,0.0146922424844843,1,0.0047693841855249,0.0047693841855249,NA,NA,NA
1353,0.0147044438772103,1,0.0047693841855249,0.0047693841855249,NA,NA,NA
1354,0.0147166010562047,1,0.0047693841855249,0.0047693841855249,NA,NA,NA
1355,0.0147287140923812,1,0.0047693841855249,0.0047693841855249,NA,NA,NA
1356,0.0147407830573692,1,0.0047693841855249,0.0047693841855249,NA,NA,NA
1357,0.0147528080235048,1,0.0047693841855249,0.0047693841855249,NA,NA,NA
1358,0.0147647890638231,1,0.0047693841855249,0.0047693841855249,NA,NA,NA
1359,0.0147767262520497,1,0.0047693841855249,0.0047693841855249,NA,NA,NA
1360,0.0147886196625928,1,0.0047693841855249,0.0047693841855249,NA,NA,NA
1361,0.0148004693705349,1,0.0047693841855249,0.0047693841855249,NA,NA,NA
1362,0.0148122754516247,1,0.0047693841855249,0.0047693841855249,NA,NA,NA
1363,0.0148240379822691,1,0.0047693841855249,0.0047693841855249,NA,NA,NA
1364,0.0148357570395251,1,0.0047693841855249,0.0047693841855249,NA,NA,NA
1365,0.0148474327010917,1,0.0047693841855249,0.0047693841855249,NA,NA,NA
1366,0.014859065045302,1,0.0047693841855249,0.0047693841855249,NA,NA,NA
1367,0.0148706541511152,1,0.0047693841855249,0.0047693841855249,NA,NA,NA
1368,0.0148822000981084,1,0.0047693841855249,0.0047693841855249,NA,NA,NA
1369,0.0148937029664691,1,0.0047693841855249,0.0047693841855249,NA,NA,NA
1370,0.0149051628369871,1,0.0047693841855249,0.0047693841855249,NA,NA,NA
1371,0.0149165797910467,1,0.0047693841855249,0.0047693841855249,NA,NA,NA
1372,0.0149279539106185,1,0.0047693841855249,0.0047693841855249,NA,NA,NA
1373,0.0149392852782524,1,0.0047693841855249,0.0047693841855249,NA,NA,NA
1374,0.0149505739770688,1,0.0047693841855249,0.0047693841855249,NA,NA,NA
1375,0.0149618200907519,1,0.0047693841855249,0.0047693841855249,NA,NA,NA
1376,0.014973023703541,1,0.0047693841855249,0.0047693841855249,NA,NA,NA
1377,0.0149841849002238,1,0.0047693841855249,0.0047693841855249,NA,NA,NA
1378,0.0149953037661279,1,0.0047693841855249,0.0047693841855249,NA,NA,NA
1379,0.0150063803871136,1,0.0047693841855249,0.0047693841855249,NA,NA,NA
1380,0.0150174148495665,1,0.0047693841855249,0.0047693841855249,NA,NA,NA
1381,0.0150284072403894,1,0.0047693841855249,0.0047693841855249,NA,NA,NA
1382,0.0150393576469953,1,0.0047693841855249,0.0047693841855249,NA,NA,NA
1383,0.0150502661572998,1,0.0047693841855249,0.0047693841855249,NA,NA,NA
1384,0.0150611328597133,1,0.0047693841855249,0.0047693841855249,NA,NA,NA
1385,0.0150719578431342,1,0.0047693841855249,0.0047693841855249,NA,NA,NA
1386,0.0150827411969409,1,0.0047693841855249,0.0047693841855249,NA,NA,NA
1387,0.0150934830109851,1,0.0047693841855249,0.0047693841855249,NA,NA,NA
1388,0.0151041833755837,1,0.0047693841855249,0.0047693841855249,NA,NA,NA
1389,0.0151148423815124,1,0.0047693841855249,0.0047693841855249,NA,NA,NA
1390,0.0151254601199977,1,0.0047693841855249,0.0047693841855249,NA,NA,NA
1391,0.0151360366827104,1,0.0047693841855249,0.0047693841855249,NA,NA,NA
1392,0.0151465721617578,1,0.0047693841855249,0.0047693841855249,NA,NA,NA
1393,0.0151570666496769,1,0.0047693841855249,0.0047693841855249,NA,NA,NA
1394,0.0151675202394273,1,0.0047693841855249,0.0047693841855249,NA,NA,NA
1395,0.0151779330243842,1,0.0047693841855249,0.0047693841855249,NA,NA,NA
1396,0.0151883050983313,1,0.0047693841855249,0.0047693841855249,NA,NA,NA
1397,0.0151986365554536,1,0.0047693841855249,0.0047693841855249,NA,NA,NA
1398,0.0152089274903309,1,0.0047693841855249,0.0047693841855249,NA,NA,NA
1399,0.0152191779979308,1,0.0047693841855249,0.0047693841855249,NA,NA,NA
1400,0.0152293881736014,1,0.0047693841855249,0.0047693841855249,NA,NA,NA
1401,0.015239558113065,1,0.0047693841855249,0.0047693841855249,NA,NA,NA
1402,0.0152496879124111,1,0.0047693841855249,0.0047693841855249,NA,NA,NA
1403,0.0152597776680897,1,0.0047693841855249,0.0047693841855249,NA,NA,NA
1404,0.0152698274769045,1,0.0047693841855249,0.0047693841855249,NA,NA,NA
1405,0.0152798374360063,1,0.0047693841855249,0.0047693841855249,NA,NA,NA
1406,0.0152898076428864,1,0.0047693841855249,0.0047693841855249,NA,NA,NA
1407,0.01529973819537,1,0.0047693841855249,0.0047693841855249,NA,NA,NA
1408,0.0153096291916096,1,0.0047693841855249,0.0047693841855249,NA,NA,NA
1409,0.0153194807300784,1,0.0047693841855249,0.0047693841855249,NA,NA,NA
1410,0.0153292929095642,1,0.0047693841855249,0.0047693841855249,NA,NA,NA
1411,0.0153390658291624,1,0.0047693841855249,0.0047693841855249,NA,NA,NA
1412,0.0153487995882702,1,0.0047693841855249,0.0047693841855249,NA,NA,NA
1413,0.0153584942865799,1,0.0047693841855249,0.0047693841855249,NA,NA,NA
1414,0.0153681500240725,1,0.0047693841855249,0.0047693841855249,NA,NA,NA
1415,0.0153777669010119,1,0.0047693841855249,0.0047693841855249,NA,NA,NA
1416,0.0153873450179381,1,0.0047693841855249,0.0047693841855249,NA,NA,NA
1417,0.0153968844756613,1,0.0047693841855249,0.0047693841855249,NA,NA,NA
1418,0.0154063853752559,1,0.0047693841855249,0.0047693841855249,NA,NA,NA
1419,0.0154158478180541,1,0.0047693841855249,0.0047693841855249,NA,NA,NA
1420,0.01542527190564,1,0.0047693841855249,0.0047693841855249,NA,NA,NA
1421,0.0154346577398434,1,0.0047693841855249,0.0047693841855249,NA,NA,NA
1422,0.0154440054227342,1,0.0047693841855249,0.0047693841855249,NA,NA,NA
1423,0.015453315056616,1,0.0047693841855249,0.0047693841855249,NA,NA,NA
1424,0.0154625867440204,1,0.0047693841855249,0.0047693841855249,NA,NA,NA
1425,0.0154718205877014,1,0.0047693841855249,0.0047693841855249,NA,NA,NA
1426,0.015481016690629,1,0.0047693841855249,0.0047693841855249,NA,NA,NA
1427,0.0154901751559838,1,0.0047693841855249,0.0047693841855249,NA,NA,NA
1428,0.0154992960871515,1,0.0047693841855249,0.0047693841855249,NA,NA,NA
1429,0.0155083795877165,1,0.0047693841855249,0.0047693841855249,NA,NA,NA
1430,0.015517425761457,1,0.0047693841855249,0.0047693841855249,NA,NA,NA
1431,0.0155264347123388,1,0.0047693841855249,0.0047693841855249,NA,NA,NA
1432,0.0155354065445101,1,0.0047693841855249,0.0047693841855249,NA,NA,NA
1433,0.0155443413622959,1,0.0047693841855249,0.0047693841855249,NA,NA,NA
1434,0.0155532392701923,1,0.0047693841855249,0.0047693841855249,NA,NA,NA
1435,0.0155621003728612,1,0.0047693841855249,0.0047693841855249,NA,NA,NA
1436,0.0155709247751251,1,0.0047693841855249,0.0047693841855249,NA,NA,NA
1437,0.0155797125819614,1,0.0047693841855249,0.0047693841855249,NA,NA,NA
1438,0.0155884638984972,1,0.0047693841855249,0.0047693841855249,NA,NA,NA
1439,0.0155971788300041,1,0.0047693841855249,0.0047693841855249,NA,NA,NA
1440,0.0156058574818929,1,0.0047693841855249,0.0047693841855249,NA,NA,NA
1441,0.0156144999597082,1,0.0047693841855249,0.0047693841855249,NA,NA,NA
1442,0.0156231063691236,1,0.0047693841855249,0.0047693841855249,NA,NA,NA
1443,0.0156316768159366,1,0.0047693841855249,0.0047693841855249,NA,NA,NA
1444,0.0156402114060629,1,0.0047693841855249,0.0047693841855249,NA,NA,NA
1445,0.0156487102455321,1,0.0047693841855249,0.0047693841855249,NA,NA,NA
1446,0.0156571734404825,1,0.0047693841855249,0.0047693841855249,NA,NA,NA
1447,0.0156656010971558,1,0.0047693841855249,0.0047693841855249,NA,NA,NA
1448,0.0156739933218926,1,0.0047693841855249,0.0047693841855249,NA,NA,NA
1449,0.0156823502211273,1,0.0047693841855249,0.0047693841855249,NA,NA,NA
1450,0.0156906719013835,1,0.0047693841855249,0.0047693841855249,NA,NA,NA
1451,0.0156989584692689,1,0.0047693841855249,0.0047693841855249,NA,NA,NA
1452,0.0157072100314708,1,0.0047693841855249,0.0047693841855249,NA,NA,NA
1453,0.0157154266947513,1,0.0047693841855249,0.0047693841855249,NA,NA,NA
1454,0.0157236085659427,1,0.0047693841855249,0.0047693841855249,NA,NA,NA
1455,0.0157317557519425,1,0.0047693841855249,0.0047693841855249,NA,NA,NA
1456,0.0157398683597097,1,0.0047693841855249,0.0047693841855249,NA,NA,NA
1457,0.0157479464962591,1,0.0047693841855249,0.0047693841855249,NA,NA,NA
1458,0.0157559902686578,1,0.0047693841855249,0.0047693841855249,NA,NA,NA
1459,0.0157639997840202,1,0.0047693841855249,0.0047693841855249,NA,NA,NA
1460,0.0157719751495034,1,0.0047693841855249,0.0047693841855249,NA,NA,NA
1461,0.0157799164723036,1,0.0047693841855249,0.0047693841855249,NA,NA,NA
1462,0.015787823859651,1,0.0047693841855249,0.0047693841855249,NA,NA,NA
1463,0.0157956974188056,1,0.0047693841855249,0.0047693841855249,NA,NA,NA
1464,0.0158035372570535,1,0.0047693841855249,0.0047693841855249,NA,NA,NA
1465,0.0158113434817019,1,0.0047693841855249,0.0047693841855249,NA,NA,NA
1466,0.0158191162000754,1,0.0047693841855249,0.0047693841855249,NA,NA,NA
1467,0.0158268555195118,1,0.0047693841855249,0.0047693841855249,NA,NA,NA
1468,0.015834561547358,1,0.0047693841855249,0.0047693841855249,NA,NA,NA
1469,0.0158422343909656,1,0.0047693841855249,0.0047693841855249,NA,NA,NA
1470,0.0158498741576873,1,0.0047693841855249,0.0047693841855249,NA,NA,NA
1471,0.0158574809548727,1,0.0047693841855249,0.0047693841855249,NA,NA,NA
1472,0.0158650548898644,1,0.0047693841855249,0.0047693841855249,NA,NA,NA
1473,0.0158725960699942,1,0.0047693841855249,0.0047693841855249,NA,NA,NA
1474,0.0158801046025788,1,0.0047693841855249,0.0047693841855249,NA,NA,NA
1475,0.0158875805949166,1,0.0047693841855249,0.0047693841855249,NA,NA,NA
1476,0.0158950241542833,1,0.0047693841855249,0.0047693841855249,NA,NA,NA
1477,0.0159024353879286,1,0.0047693841855249,0.0047693841855249,NA,NA,NA
1478,0.0159098144030722,1,0.0047693841855249,0.0047693841855249,NA,NA,NA
1479,0.0159171613069001,1,0.0047693841855249,0.0047693841855249,NA,NA,NA
1480,0.0159244762065613,1,0.0047693841855249,0.0047693841855249,NA,NA,NA
1481,0.0159317592091638,1,0.0047693841855249,0.0047693841855249,NA,NA,NA
1482,0.0159390104217711,1,0.0047693841855249,0.0047693841855249,NA,NA,NA
1483,0.0159462299513988,1,0.0047693841855249,0.0047693841855249,NA,NA,NA
1484,0.0159534179050113,1,0.0047693841855249,0.0047693841855249,NA,NA,NA
1485,0.0159605743895176,1,0.0047693841855249,0.0047693841855249,NA,NA,NA
1486,0.0159676995117687,1,0.0047693841855249,0.0047693841855249,NA,NA,NA
1487,0.0159747933785538,1,0.0047693841855249,0.0047693841855249,NA,NA,NA
1488,0.0159818560965971,1,0.0047693841855249,0.0047693841855249,NA,NA,NA
1489,0.0159888877725542,1,0.0047693841855249,0.0047693841855249,NA,NA,NA
1490,0.0159958885130092,1,0.0047693841855249,0.0047693841855249,NA,NA,NA
1491,0.0160028584244713,1,0.0047693841855249,0.0047693841855249,NA,NA,NA
1492,0.0160097976133714,1,0.0047693841855249,0.0047693841855249,NA,NA,NA
1493,0.0160167061860594,1,0.0047693841855249,0.0047693841855249,NA,NA,NA
1494,0.0160235842488005,1,0.0047693841855249,0.0047693841855249,NA,NA,NA
1495,0.0160304319077725,1,0.0047693841855249,0.0047693841855249,NA,NA,NA
1496,0.0160372492690627,1,0.0047693841855249,0.0047693841855249,NA,NA,NA
1497,0.0160440364386646,1,0.0047693841855249,0.0047693841855249,NA,NA,NA
1498,0.0160507935224752,1,0.0047693841855249,0.0047693841855249,NA,NA,NA
1499,0.016057520626292,1,0.0047693841855249,0.0047693841855249,NA,NA,NA
1500,0.0160642178558097,1,0.0047693841855249,0.0047693841855249,NA,NA,NA
1501,0.0160708853166181,1,0.0047693841855249,0.0047693841855249,NA,NA,NA
1502,0.0160775231141983,1,0.0047693841855249,0.0047693841855249,NA,NA,NA
1503,0.0160841313539205,1,0.0047693841855249,0.0047693841855249,NA,NA,NA
1504,0.0160907101410411,1,0.0047693841855249,0.0047693841855249,NA,NA,NA
1505,0.0160972595806998,1,0.0047693841855249,0.0047693841855249,NA,NA,NA
1506,0.016103779777917,1,0.0047693841855249,0.0047693841855249,NA,NA,NA
1507,0.016110270837591,1,0.0047693841855249,0.0047693841855249,NA,NA,NA
1508,0.0161167328644956,1,0.0047693841855249,0.0047693841855249,NA,NA,NA
1509,0.016123165963277,1,0.0047693841855249,0.0047693841855249,NA,NA,NA
1510,0.0161295702384518,1,0.0047693841855249,0.0047693841855249,NA,NA,NA
1511,0.0161359457944039,1,0.0047693841855249,0.0047693841855249,NA,NA,NA
1512,0.0161422927353823,1,0.0047693841855249,0.0047693841855249,NA,NA,NA
1513,0.0161486111654985,1,0.0047693841855249,0.0047693841855249,NA,NA,NA
1514,0.0161549011887242,1,0.0047693841855249,0.0047693841855249,NA,NA,NA
1515,0.0161611629088885,1,0.0047693841855249,0.0047693841855249,NA,NA,NA
1516,0.0161673964296758,1,0.0047693841855249,0.0047693841855249,NA,NA,NA
1517,0.0161736018546235,1,0.0047693841855249,0.0047693841855249,NA,NA,NA
1518,0.0161797792871192,1,0.0047693841855249,0.0047693841855249,NA,NA,NA
1519,0.0161859288303991,1,0.0047693841855249,0.0047693841855249,NA,NA,NA
1520,0.016192050587545,1,0.0047693841855249,0.0047693841855249,NA,NA,NA
1521,0.0161981446614827,1,0.0047693841855249,0.0047693841855249,NA,NA,NA
1522,0.0162042111549791,1,0.0047693841855249,0.0047693841855249,NA,NA,NA
1523,0.0162102501706407,1,0.0047693841855249,0.0047693841855249,NA,NA,NA
1524,0.0162162618109111,1,0.0047693841855249,0.0047693841855249,NA,NA,NA
1525,0.0162222461780687,1,0.0047693841855249,0.0047693841855249,NA,NA,NA
1526,0.0162282033742251,1,0.0047693841855249,0.0047693841855249,NA,NA,NA
1527,0.0162341335013226,1,0.0047693841855249,0.0047693841855249,NA,NA,NA
1528,0.0162400366611323,1,0.0047693841855249,0.0047693841855249,NA,NA,NA
1529,0.0162459129552522,1,0.0047693841855249,0.0047693841855249,NA,NA,NA
1530,0.016251762485105,1,0.0047693841855249,0.0047693841855249,NA,NA,NA
1531,0.0162575853519364,1,0.0047693841855249,0.0047693841855249,NA,NA,NA
1532,0.016263381656813,1,0.0047693841855249,0.0047693841855249,NA,NA,NA
1533,0.0162691515006205,1,0.0047693841855249,0.0047693841855249,NA,NA,NA
1534,0.0162748949840617,1,0.0047693841855249,0.0047693841855249,NA,NA,NA
1535,0.016280612207655,1,0.0047693841855249,0.0047693841855249,NA,NA,NA
1536,0.016286303271732,1,0.0047693841855249,0.0047693841855249,NA,NA,NA
1537,0.0162919682764364,1,0.0047693841855249,0.0047693841855249,NA,NA,NA
1538,0.0162976073217217,1,0.0047693841855249,0.0047693841855249,NA,NA,NA
1539,0.0163032205073497,1,0.0047693841855249,0.0047693841855249,NA,NA,NA
1540,0.0163088079328891,1,0.0047693841855249,0.0047693841855249,NA,NA,NA
1541,0.016314369697713,1,0.0047693841855249,0.0047693841855249,NA,NA,NA
1542,0.0163199059009981,1,0.0047693841855249,0.0047693841855249,NA,NA,NA
1543,0.0163254166417227,1,0.0047693841855249,0.0047693841855249,NA,NA,NA
1544,0.0163309020186651,1,0.0047693841855249,0.0047693841855249,NA,NA,NA
1545,0.016336362130402,1,0.0047693841855249,0.0047693841855249,NA,NA,NA
1546,0.0163417970753073,1,0.0047693841855249,0.0047693841855249,NA,NA,NA
1547,0.0163472069515499,1,0.0047693841855249,0.0047693841855249,NA,NA,NA
1548,0.0163525918570931,1,0.0047693841855249,0.0047693841855249,NA,NA,NA
1549,0.0163579518896923,1,0.0047693841855249,0.0047693841855249,NA,NA,NA
1550,0.0163632871468939,1,0.0047693841855249,0.0047693841855249,NA,NA,NA
1551,0.0163685977260342,1,0.0047693841855249,0.0047693841855249,NA,NA,NA
1552,0.0163738837242374,1,0.0047693841855249,0.0047693841855249,NA,NA,NA
1553,0.0163791452384147,1,0.0047693841855249,0.0047693841855249,NA,NA,NA
1554,0.0163843823652627,1,0.0047693841855249,0.0047693841855249,NA,NA,NA
1555,0.0163895952012622,1,0.0047693841855249,0.0047693841855249,NA,NA,NA
1556,0.0163947838426768,1,0.0047693841855249,0.0047693841855249,NA,NA,NA
1557,0.0163999483855518,1,0.0047693841855249,0.0047693841855249,NA,NA,NA
1558,0.0164050889257128,1,0.0047693841855249,0.0047693841855249,NA,NA,NA
1559,0.0164102055587645,1,0.0047693841855249,0.0047693841855249,NA,NA,NA
1560,0.0164152983800894,1,0.0047693841855249,0.0047693841855249,NA,NA,NA
1561,0.016420367484847,1,0.0047693841855249,0.0047693841855249,NA,NA,NA
1562,0.0164254129679722,1,0.0047693841855249,0.0047693841855249,NA,NA,NA
1563,0.0164304349241742,1,0.0047693841855249,0.0047693841855249,NA,NA,NA
1564,0.0164354334479358,1,0.0047693841855249,0.0047693841855249,NA,NA,NA
1565,0.0164404086335119,1,0.0047693841855249,0.0047693841855249,NA,NA,NA
1566,0.0164453605749286,1,0.0047693841855249,0.0047693841855249,NA,NA,NA
1567,0.016450289365982,1,0.0047693841855249,0.0047693841855249,NA,NA,NA
1568,0.0164551951002374,1,0.0047693841855249,0.0047693841855249,NA,NA,NA
1569,0.0164600778710281,1,0.0047693841855249,0.0047693841855249,NA,NA,NA
1570,0.0164649377714546,1,0.0047693841855249,0.0047693841855249,NA,NA,NA
1571,0.0164697748943835,1,0.0047693841855249,0.0047693841855249,NA,NA,NA
1572,0.0164745893324465,1,0.0047693841855249,0.0047693841855249,NA,NA,NA
1573,0.0164793811780398,1,0.0047693841855249,0.0047693841855249,NA,NA,NA
1574,0.0164841505233226,1,0.0047693841855249,0.0047693841855249,NA,NA,NA
1575,0.0164888974602169,1,0.0047693841855249,0.0047693841855249,NA,NA,NA
1576,0.0164936220804063,1,0.0047693841855249,0.0047693841855249,NA,NA,NA
1577,0.0164983244753351,1,0.0047693841855249,0.0047693841855249,NA,NA,NA
1578,0.0165030047362075,1,0.0047693841855249,0.0047693841855249,NA,NA,NA
1579,0.0165076629539871,1,0.0047693841855249,0.0047693841855249,NA,NA,NA
1580,0.0165122992193957,1,0.0047693841855249,0.0047693841855249,NA,NA,NA
1581,0.0165169136229127,1,0.0047693841855249,0.0047693841855249,NA,NA,NA
1582,0.0165215062547745,1,0.0047693841855249,0.0047693841855249,NA,NA,NA
1583,0.0165260772049737,1,0.0047693841855249,0.0047693841855249,NA,NA,NA
1584,0.0165306265632581,1,0.0047693841855249,0.0047693841855249,NA,NA,NA
1585,0.0165351544191305,1,0.0047693841855249,0.0047693841855249,NA,NA,NA
1586,0.0165396608618477,1,0.0047693841855249,0.0047693841855249,NA,NA,NA
1587,0.01654414598042,1,0.0047693841855249,0.0047693841855249,NA,NA,NA
1588,0.0165486098636103,1,0.0047693841855249,0.0047693841855249,NA,NA,NA
1589,0.016553052599934,1,0.0047693841855249,0.0047693841855249,NA,NA,NA
1590,0.0165574742776579,1,0.0047693841855249,0.0047693841855249,NA,NA,NA
1591,0.0165618749847998,1,0.0047693841855249,0.0047693841855249,NA,NA,NA
1592,0.0165662548091281,1,0.0047693841855249,0.0047693841855249,NA,NA,NA
1593,0.016570613838161,1,0.0047693841855249,0.0047693841855249,NA,NA,NA
1594,0.016574952159166,1,0.0047693841855249,0.0047693841855249,NA,NA,NA
1595,0.0165792698591596,1,0.0047693841855249,0.0047693841855249,NA,NA,NA
1596,0.0165835670249067,1,0.0047693841855249,0.0047693841855249,NA,NA,NA
1597,0.01658784374292,1,0.0047693841855249,0.0047693841855249,NA,NA,NA
1598,0.0165921000994596,1,0.0047693841855249,0.0047693841855249,NA,NA,NA
1599,0.0165963361805326,1,0.0047693841855249,0.0047693841855249,NA,NA,NA
1600,0.0166005520718928,1,0.0047693841855249,0.0047693841855249,NA,NA,NA
1601,0.287914129620442,2,0.361383554315472,0.368185769282469,0.551122194513716,0.503735126033922,-0.114819393144087
1602,0.317043166777181,2,0.392847046788006,0.410253430987812,0.56554524361949,0.488938790553799,-0.114819393144087
1603,0.453385853374551,2,0.557289323823932,0.596197654206919,0.902893890675241,0.791612591849092,-0.114819393144087
1604,0.41262756906918,2,0.500108292214182,0.5472015994621,0.770719903206292,0.65037183300476,-0.114819393144087
1605,0.454384458410508,2,0.54582087425056,0.609487196185702,0.797274275979557,0.723340566228133,-0.114819393144087
1606,0.504504603486562,2,0.602365536062868,0.684453164070066,0.838709677419355,0.828994955190227,-0.114819393144087
1607,0.521620474516267,2,0.620513043780448,0.714988311845779,0.877517691888949,0.885757467277353,-0.114819393144087
1608,0.426881235365746,2,0.506122364070339,0.589161025019201,0.686356508102457,0.702146592190824,-0.114819393144087
1609,0.406608704813349,2,0.483020377917451,0.566106722910371,0.746411483253588,0.731367740852571,-0.114819393144087
1610,0.41951872317533,2,0.501463627810378,0.589820641123078,0.89937106918239,0.845721077388995,-0.114819393144087
1611,0.469881440838789,2,0.567447428439246,0.667718493234713,1.01050420168067,1.03276909101192,-0.114819393144087
1612,0.702786539245908,3,0.901583258302905,0.607369783163244,0.900897599098488,0.837391325102164,-0.167002821638238
1613,0.646848192442419,3,0.854741447698774,0.689267850084592,0.954336645538146,0.857365375757738,-0.167002821638238
1614,0.616769032109313,3,0.734439149714766,0.674285874200015,0.974352693453511,0.883794237241145,-0.167002821638238
1615,0.720508575782175,3,0.935742244488676,0.693158712562478,0.959761712710896,0.845422522824334,-0.167002821638238
1616,0.657700009388364,3,1.08300019529685,1.08960960263207,1.10085043291286,0.986529425728913,-0.167002821638238
1617,0.758894217521098,3,0.742125975981412,0.660354639805704,0.850414970247416,0.780899597686578,-0.167002821638238
1618,0.623428107260945,3,0.983424028956257,0.801459975010416,0.908569253222962,0.875884118620719,-0.167002821638238
1619,0.534425963994749,3,0.621880545007869,0.628592281181556,0.945250098013591,0.967313173344418,-0.167002821638238
1620,0.597047668187712,3,0.684583554724416,0.697907802138004,1.14107655502392,1.12301163639477,-0.167002821638238
1621,0.592779286883392,3,0.746845880744432,0.811964180209208,1.2221046947462,1.13609947454781,-0.167002821638238
1622,0.549975415808857,3,0.937735436247147,0.967574709679652,1.11984621062248,1.09749124751542,-0.167002821638238
1623,0.57981244301669,3,0.688201501491154,0.724862443428459,1.03674592347766,0.962952743997391,-0.167002821638238
1624,0.671901305011502,3,0.562418502743875,0.577751454883071,0.838666504022463,0.753099002095407,-0.167002821638238
1625,0.61127060702421,3,0.709289167672846,0.793826693356144,1.00972818738567,0.933455526803478,-0.167002821638238
1626,0.87770197803552,3,0.736133539817343,0.755298208119384,1.1197427781416,1.03125380854172,-0.167002821638238
1627,0.644214745405101,3,0.768411054606387,0.987559020847503,1.15563654786459,1.00440396961991,-0.167002821638238
1628,0.712480545006753,3,0.912899233943296,1.23850228885127,1.25280812180274,1.09473122665334,-0.167002821638238
1629,0.657460213664004,3,1.14856189268369,0.840834000294436,1.19615689526581,1.08427652100165,-0.167002821638238
1630,0.800526735596383,3,1.1576313414586,1.09369712139953,1.41400925335035,1.43881464486277,-0.167002821638238
1631,0.717077647090798,3,0.957529640665463,1.02261029543201,1.28736111111111,1.2418654544592,-0.167002821638238
1632,0.521896870767458,3,0.935047490649683,0.59290874102795,1.08583190394511,0.968031233962308,-0.167002821638238
1633,0.389183832234338,3,0.525248496918658,0.490996682465101,1.01976869847541,0.891398996299417,-0.167002821638238
1634,0.399403580267133,3,0.538169359648595,0.486250099251866,0.989889506574408,0.882220187144813,-0.167002821638238
1635,0.0936389623098956,3,0.518869779054518,0.366267913702275,1.07996112158801,0.918202747138164,-0.167002821638238
1636,0.389689928189478,3,0.5589285909326,0.480461496152349,0.881139311618386,0.776998607484742,-0.167002821638238
1637,0.321846016551778,3,0.472021026099919,0.399820940460255,0.753010938559405,0.678113284566985,-0.167002821638238
1638,0.400444886756844,3,0.576438584737254,0.478840503332769,0.87694004516139,0.75973688441495,-0.167002821638238
1639,0.425208028488515,3,0.614880732643018,0.489500628515554,0.858936668493697,0.825154308932602,-0.167002821638238
1640,0.412824979016628,3,0.573412421733493,0.486192448609427,0.95934423347398,0.886938993972185,-0.167002821638238
1641,0.453898597724389,3,0.607788313238289,0.519820224454778,0.911147118280552,0.892391898804453,-0.167002821638238
1642,0.504608199302076,3,0.686034418384564,0.558824723479207,1.02887544802867,0.926354065590392,-0.167002821638238
1643,0.423025482101887,3,0.756665204385279,0.462259518571515,0.87981517135156,0.776781610431324,-0.167002821638238
1644,0.472159385223243,3,0.846218381498005,0.517054351004182,0.930308757248232,0.764261644116802,-0.167002821638238
1645,0.527184254145253,3,0.747280759299927,0.574382794986394,0.946919990226666,0.847189386888024,-0.167002821638238
1646,0.553858777468583,3,0.953582486539096,0.628444451448425,1.00159048350699,0.87943080093714,-0.167002821638238
1647,0.580273824723664,3,0.965514927534521,0.646942657135786,1.0691351320569,0.932572872304824,-0.167002821638238
1648,0.825160737233482,3,0.832177536364055,1.10385620112751,1.18538524980895,1.10876506067015,-0.167002821638238
1649,0.788920388305044,3,0.970955650828914,1.11684374377198,1.27981745438638,1.2190557223893,-0.167002821638238
1650,1.02518563518278,3,0.791151012050008,0.839683779380207,1.39887096307861,1.26651294056436,-0.167002821638238
1651,0.734357344182229,3,0.648773287248012,0.669465927182289,1.13065237174675,0.992558356041635,-0.167002821638238
1652,1.21982182509813,3,0.934265650956277,0.971825991113209,1.44388517233417,1.36140160012985,-0.167002821638238
1653,0.84554970208556,3,0.764982987441213,0.783861325894764,1.31418186345874,1.31193940158849,-0.167002821638238
1654,1.03611798736643,3,0.863273034768105,0.848171582264126,1.34218720534416,1.31173169395648,-0.167002821638238
1655,0.897338884009293,3,0.954636943228586,0.857656625427406,1.18898665232155,1.01727077540567,-0.167002821638238
1656,0.763054162876464,3,0.895304692522338,0.90294455091447,0.992145674166937,0.914817781387446,-0.167002821638238
1657,0.732174704595714,3,0.794615668938465,0.769477348006021,1.27151107531461,1.22083694281833,-0.167002821638238
1658,0.864014008298874,3,0.964426824950615,0.900880390657241,1.5306658697054,1.45225297219759,-0.167002821638238
1659,0.78869153593265,3,0.890319835410147,0.837492915184429,1.37847026559976,1.33392630381222,-0.167002821638238
1660,0.89614215952047,3,0.866925303759313,0.938559986411552,1.06199805168861,1.00874979314554,-0.167002821638238
1661,0.432721152213215,3,0.529069472332401,0.448446254533435,0.773925487557472,0.714935193354026,-0.167002821638238
1662,0.477660125352604,3,0.582591421023359,0.492777608298181,0.791791143752383,0.760578926783106,-0.167002821638238
1663,0.517395010303653,3,0.963693902426762,0.530129772074941,0.794044968165293,0.796533703611688,-0.167002821638238
1664,0.372571855405119,3,0.479979582898735,0.382186390945731,0.623857699754055,0.637427311971584,-0.167002821638238
1665,0.467749476287885,4,0.683904224704321,0.549585346123727,0.73177941222654,0.61764426593964,0.0512366202180959
1666,0.454110960680345,4,0.680521500042845,0.528003193510526,0.554794211985476,0.500709463841825,0.0512366202180959
1667,0.447869578657686,4,0.642461673822761,0.517594903446063,0.566712713722681,0.520701937944331,0.0512366202180959
1668,0.404452767433731,4,0.610119546758636,0.461319458927184,0.500007882935352,0.428428929007044,0.0512366202180959
1669,0.401723933701429,4,0.58264892767114,0.457227184497618,0.474569841952392,0.422389247739831,0.0512366202180959
1670,0.459266913095027,4,0.65085927618703,0.513230127210704,0.540623596502838,0.532281940325696,0.0512366202180959
1671,0.546438759981778,4,0.738511802535404,0.614655298846305,0.645848004850268,0.632899988800697,0.0512366202180959
1672,0.634791955135583,4,0.914253866101278,0.697669428061888,0.722323183268674,0.739287623386883,0.0512366202180959
1673,0.512848124991412,4,0.77169385491603,0.557671315664377,0.610031868765744,0.598679518897363,0.0512366202180959
1674,0.537985276559618,4,0.686119743885535,0.575483920724545,0.658342144612409,0.623369682549798,0.0512366202180959
1675,0.502197846223472,4,0.591688145039323,0.520740550817418,0.602530027510377,0.601813417111984,0.0512366202180959
1676,0.706368005903432,4,0.964378096962426,0.790500099716435,0.832516419205165,0.734685682475927,0.0512366202180959
1677,0.798982386623382,4,1.02713845586673,0.977239593259898,0.77849482524063,0.758319404650188,0.0512366202180959
1678,0.953632964968649,4,1.02976767586461,1.00610402057524,1.10534807466567,0.899567912305562,0.0512366202180959
1679,0.950393128493683,4,1.0016820969621,0.984455078929699,1.07381921504483,1.0078007404146,0.0512366202180959
1680,0.885385837439028,4,0.964098968223649,0.902646342412743,0.994742030882913,0.879236462851804,0.0512366202180959
1681,0.789560759579571,4,0.851037356685222,0.796625505759765,0.871012504550996,0.692945597598003,0.0512366202180959
1682,0.687535896370269,4,0.579032351282843,0.704318507632856,0.602695600869288,0.537856522765929,0.0512366202180959
1683,1.02044464522663,4,1.08504301830706,1.01806895417669,1.21262095658876,1.24049256268312,0.0512366202180959
1684,1.03394594251863,5,0.89125644158683,1.04261068254591,1.36952395457444,1.2924796061077,0.281056993284711
1685,1.08892735442113,5,1.03987406547927,1.05561711767484,1.24695957957809,1.1417648847493,0.281056993284711
1686,0.959966844997897,5,0.832168350989101,1.13494333607753,1.1485060553216,1.05083244898134,0.281056993284711
1687,1.04269029555236,5,0.932253146481966,1.23083182654193,1.2308906630833,1.11870276761767,0.281056993284711
1688,1.24782500980708,5,1.05379884905905,1.19899066501377,1.2276226788187,1.10127704909541,0.281056993284711
1689,1.31089479148986,5,0.996657925082083,1.14540972237594,1.33791458799053,1.15482124778903,0.281056993284711
1690,1.09133119377564,5,0.976043572397658,1.08938610339635,1.26769025209821,1.16567799062348,0.281056993284711
1691,1.13137403777394,5,1.065615807079,1.11451277855249,1.26850602717511,1.18331254582665,0.281056993284711
1692,1.12709097245854,5,0.905161365579627,0.953656722600481,1.26140647419841,1.19376044080642,0.281056993284711
1693,0.867267023667741,5,0.718056758104088,1.04350217767443,1.11527355074334,0.987692001436185,0.281056993284711
1694,1.04946896843641,6,1.11118138909379,1.21002008116082,1.31058082171343,1.21730206910355,0.551140197347154
1695,0.987880605248557,6,1.00787206368214,1.1413143755875,1.23257437549042,1.10304201000843,0.551140197347154
1696,0.824686239975844,7,0.765965222306476,0.824025019873104,1.00821557066325,0.910985517217181,0.659571642493407
1697,0.757618817339712,7,0.75490077452151,0.79712658743188,0.893025844021121,0.786316121038328,0.659571642493407
1698,0.833145256177356,7,0.836248864500445,0.872834693651649,1.01389569095489,0.900872538726731,0.659571642493407
1699,0.786028973209553,7,0.777230587004691,0.847365884623911,0.889551538294621,0.79036549380414,0.659571642493407
1700,1.02076205129838,7,0.998191440977884,1.02109745450564,1.13034237579508,1.051298941093,0.659571642493407
1701,1.181682876792,7,1.13269354956817,1.20983246238451,1.14754705854518,1.089748281543,0.659571642493407
1702,1.15645546270659,7,1.11366315035723,1.18392914124827,1.15875027985347,1.11310545319585,0.659571642493407
1703,1.01656925694943,7,1.01993819897539,1.04540869733236,1.10994837840712,1.0724602630314,0.659571642493407
1704,0.988101478828701,7,1.02485626208601,0.981783078495334,1.1704835535726,1.09630399794443,0.659571642493407
1705,0.921082119858537,7,0.929835656223227,0.976589178046767,1.07353366593873,0.985574010995485,0.659571642493407
1706,0.985120576052698,7,0.959889724707514,0.943688736513171,1.11646264415831,1.04734987603067,0.659571642493407
1707,0.95761769777298,7,0.962785741395768,0.986990778950416,1.12566161962343,1.02071110252386,0.659571642493407
1708,0.9218247611738,7,1.08808296296142,1.03053619865003,1.0941190776401,1.05154870440336,0.659571642493407
1709,0.927866716065879,7,1.03250587330802,0.9633006298164,1.07522091972319,0.952894919626863,0.659571642493407
1710,0.790361110873265,7,0.868022472095152,0.879832363829583,0.919611156512443,0.802465672837115,0.659571642493407
1711,0.819077482161775,7,0.848868285164307,0.850148658096266,0.90219379297851,0.815178537642439,0.659571642493407
1712,0.802470944275835,7,0.790460798177634,0.790598641440342,0.875245600844205,0.790379561912512,0.659571642493407
1713,1.06216261751304,8,1.03397331052193,1.08678826237131,1.21958231965099,1.10544979858518,0.74749138048788
1714,1.08718825971686,8,1.04008773958591,1.09705956516945,1.24775616079391,1.0932911550786,0.74749138048788
1715,1.01214819455585,8,1.05471913455093,1.02295714438445,1.29003535009788,1.13632873950823,0.74749138048788
1716,0.867332474764063,8,0.859086322860543,0.880698399001728,1.1323341441748,0.987153292997665,0.74749138048788
1717,1.00901942367294,8,1.06640597718608,1.03501337781979,1.30545026402505,1.09807412102064,0.74749138048788
1718,1.01226563444398,8,1.06499571905088,1.01355904707613,1.19896058972726,1.0635704564005,0.74749138048788
1719,0.771039904671967,8,0.847083526655584,0.773612023921474,0.930277662308557,0.798019098356974,0.74749138048788
1720,1.04291573818681,8,1.18412013085118,1.04179242619761,1.23357786026891,1.05144715886581,0.74749138048788
1721,0.927873068496247,8,1.01206196027101,0.914970135865528,1.03309438121368,0.940055078128574,0.74749138048788
1722,0.878806873607863,8,0.950731215700324,0.821896695306958,1.03386399544434,0.842581240890478,0.74749138048788
1723,0.872490723388053,8,0.973319570313307,0.857234946460922,1.06703261762172,0.938807180651429,0.74749138048788
1724,0.892447955717937,8,1.03445184574042,0.86900684482167,1.0599612779469,0.927303642171355,0.74749138048788
1725,0.87329484405709,8,1.03686626066619,0.879365337441764,1.1357046665472,1.07102641512012,0.74749138048788
1726,0.692981561934677,8,0.868065943447146,0.701338811596115,1.04946265223122,0.988209860021013,0.74749138048788
1727,0.649629441318577,8,0.790829080657637,0.640014626382434,0.813281519800179,0.694735280537861,0.74749138048788
1728,0.753386236882202,8,0.994292682771656,0.744604320064968,0.823950269692944,0.76516074750645,0.74749138048788
1729,0.760062411098272,8,1.06479840074265,0.768213047676394,0.897461194569549,0.795948016842709,0.74749138048788
1730,0.642832883042854,8,0.962494794609857,0.67348729778391,0.719151649951671,0.601944190081609,0.74749138048788
1731,0.631315881929333,8,0.964942633689568,0.670550613021928,0.753634367625353,0.696613339001371,0.74749138048788
1732,0.706937119191333,8,1.04904951960483,0.694647912056817,0.840741833662215,0.765340911058555,0.74749138048788
1733,0.535283442472284,8,0.745542209933779,0.513197300444286,0.638120429001343,0.493753861359253,0.74749138048788
1734,0.450806188563844,8,0.664680387557098,0.46040110887205,0.495887038923342,0.45465865363335,0.74749138048788
1735,0.638159159765689,8,0.907045762561559,0.616213389814993,0.800565494651803,0.663798192752739,0.74749138048788
1736,0.943733726760754,8,1.32672938298446,0.907022768995314,1.0985098305735,0.998307848674615,0.74749138048788
1737,0.729819982986101,8,0.985307164082085,0.703839787810673,0.81877185864614,0.745278599678531,0.74749138048788
1738,0.715109556386831,8,1.02843576448549,0.679137923837274,0.875332298784827,0.800187924674135,0.74749138048788
1739,0.633787435054296,8,0.787236951887396,0.607346170773326,0.812819342901876,0.709916014366425,0.74749138048788
1740,0.726958592788037,8,0.889111036748056,0.703012300419493,0.871220537697871,0.839574044196547,0.74749138048788
1741,0.540350315340475,8,0.701984486620352,0.558966910732035,0.744593378770881,0.695893513250184,0.74749138048788
1742,0.626180536207834,8,0.752850453227293,0.595270653359653,0.804203188002121,0.746029970704911,0.74749138048788
1743,0.543107202935611,8,0.63652842945778,0.51217871456728,0.706060664663448,0.628534307879784,0.74749138048788
1744,0.622347295649952,9,0.683443653258803,0.576063131378218,0.767126127315496,0.70463293317056,0.768780530833827
1745,0.837489892910547,9,0.797341899023633,0.727797097458854,0.885087493314409,0.812312510071587,0.768780530833827
1746,0.896449918682101,9,0.892535059877319,0.880022126197273,1.06680588407289,0.985555793346643,0.768780530833827
1747,1.00106809547299,9,0.938169940539427,0.967914315476223,1.14701575727188,1.06710147340648,0.768780530833827
1748,1.15967345810025,9,1.02197462940603,1.09460170542366,1.08760055943416,1.22140652660503,0.768780530833827
1749,1.52925974635481,9,1.20338712585183,1.39095543044709,1.32347525630569,1.37171455405057,0.768780530833827
1750,1.35305659086502,9,1.06428632768399,1.30213388707829,1.36173572673116,1.3028866910575,0.768780530833827
1751,1.2832280225541,9,0.905701454957744,1.20266609781412,1.24628671944032,1.19330033638212,0.768780530833827
1752,1.29097132118674,9,1.01226457243306,1.24668603661367,1.38724193209522,1.34476804666785,0.768780530833827
1753,1.30974252357385,9,0.954559336387267,1.17955548333849,1.49426461528008,1.43223795072035,0.768780530833827
1754,1.33266298751906,9,0.965709886620333,1.21086844670063,1.60442161966515,1.52552651655194,0.768780530833827
1755,1.32032108384007,9,0.853325918337388,1.2045197257434,1.57947464402129,1.52502480092566,0.768780530833827
1756,1.39918375629162,9,0.982204933850903,1.26612262644211,1.64170538315321,1.54736581065985,0.768780530833827
1757,1.66580699668703,9,1.15056090418676,1.54279271125682,1.85050562884582,1.77219431274115,0.768780530833827
1758,1.80438658718265,9,1.22837863400488,1.717546602184,1.97891043887233,1.94089662551084,0.768780530833827
1759,1.60120978311087,9,1.06015496452426,1.56409142525495,1.77631380093412,1.71796077776697,0.768780530833827
1760,1.66721377771298,9,1.15849744412557,1.53428416328238,1.77839458364259,1.70744816086236,0.768780530833827
1761,1.41242472790947,9,1.07055456846384,1.39940600631127,1.60349267003339,1.35796218955684,0.768780530833827
1762,1.24025203852787,9,0.950998897888057,1.20997957525064,1.41920367973943,1.17531627926254,0.768780530833827
1763,1.28662904223689,9,0.950875461119185,1.25492396090127,1.47563028089859,1.29879738496733,0.768780530833827
1764,1.33199825040873,10,0.984580161798249,1.2403032289449,1.44148080220278,1.31130956717063,0.811920969923765
1765,1.21880202561316,10,0.950335752403164,1.11921398635435,1.37625897835808,1.30243454787034,0.811920969923765
1766,1.24521087971348,10,0.945914334944155,1.12455041214927,1.33921176590737,1.28740879954139,0.811920969923765
1767,1.00050209367418,10,0.790725269234693,0.900200321782594,1.15051334755375,1.04434033090411,0.811920969923765
1768,1.12522358157894,10,0.917310064148986,1.00797193774731,1.26047051805141,1.16807511426765,0.811920969923765
1769,1.29493945635267,10,1.08767298733565,1.19183826093944,1.42120663678947,1.35390499250529,0.811920969923765
1770,1.44444375942396,10,1.14951993902495,1.34573799499131,1.45881879756947,1.40346169396486,0.811920969923765
1771,1.30857377615022,10,1.08530167549981,1.21349339275664,1.33578940507325,1.28294931220254,0.811920969923765
1772,0.949603703974582,10,0.840803650556842,0.820522510355555,1.02121486943812,0.944740139618151,0.811920969923765
1773,0.807229957531481,10,0.74302961768602,0.763615353289172,0.915403214980505,0.816494436636476,0.811920969923765
1774,0.860838057274751,10,0.799512483585676,0.825061191219194,0.993159722405404,0.883301976996854,0.811920969923765
1775,0.989157575408603,10,0.990414965389557,0.949978068458817,1.08026187780405,0.987030554226931,0.811920969923765
1776,0.958916672426458,10,0.954497818697868,0.872819661160124,1.02596545252984,0.892318203866675,0.811920969923765
1777,0.893407230419965,10,0.887571011561296,0.859524326570678,0.972876884523402,0.852018969010726,0.811920969923765
1778,0.836524111847663,10,0.842033087584247,0.827471960387007,0.900194616163342,0.762279366931071,0.811920969923765
1779,0.812241710518197,10,0.84884211934681,0.789565661452743,0.936677759048668,0.820681045763655,0.811920969923765
1780,0.921119506254143,10,0.97378273245688,0.88585967960359,0.955464157092493,0.785016573398429,0.811920969923765
1781,1.17708168765977,10,1.29384924133698,1.11612441135849,0.968591413850615,1.09500574631251,0.811920969923765
1782,1.31746446839786,10,1.40879356071319,1.24794724158641,1.36284849308651,1.33658162238042,0.811920969923765
1783,0.927876604190197,10,1.02441584298499,0.855941105944964,1.03551200771647,0.934645226427232,0.811920969923765
1784,0.806538802119512,10,0.983612815130241,0.853323377899455,0.956104996551209,0.848230935667354,0.811920969923765
1785,0.981542521768846,10,1.1090361991659,0.966711540770148,1.04784569844337,0.948910027142314,0.811920969923765
1786,0.881449119991171,10,1.02663546604911,0.841925191823793,0.985161614494665,0.866665126073153,0.811920969923765
1787,0.666854950630448,10,0.831923507065006,0.638988524378537,0.788396270363929,0.647962054870774,0.811920969923765
1788,0.952711381252206,10,1.11566749479312,0.95529379210234,1.00900727593649,0.89756663650792,0.811920969923765
1789,0.820310765035627,10,0.956438702568973,0.884394656254637,0.905902606708812,0.777636609303888,0.811920969923765
1790,0.873220442822534,10,1.07453038410383,0.912683848772736,0.979697164186963,0.834203380212106,0.811920969923765
1791,0.782585710806635,10,0.940731020124901,0.779154563324815,0.832785186280634,0.706609618789797,0.811920969923765
1792,0.717087866717717,10,0.940135744790373,0.72992264098944,0.851694546017604,0.739948877419871,0.811920969923765
1793,0.876579191723788,10,1.08311325547711,0.885897999985362,0.990403656951059,0.852571291948627,0.811920969923765
1794,0.952910219728401,10,1.23814684906595,0.998857492476524,1.05318379961476,0.938170764727762,0.811920969923765
1795,0.876897306015696,10,1.08774655882687,0.938048489094708,0.875247516918723,0.830980853442818,0.811920969923765
1796,0.714816951205033,10,0.879300651414604,0.727973036627767,0.817559603845158,0.710773288452854,0.811920969923765
1797,0.748314387288747,10,0.900522234837377,0.749742062883047,0.839323985414443,0.74287625182185,0.811920969923765
1798,0.763310363875519,10,0.930368569928306,0.772760225472763,0.831461416487625,0.711618172742462,0.811920969923765
1799,0.747523520286082,10,0.940957103281588,0.732299280851788,0.767899920086975,0.663375158092608,0.811920969923765
1800,1.09678566935752,10,1.38028511720018,1.12992111829354,1.04108228400741,0.93902105993025,0.811920969923765
1801,0.871783672204691,10,0.895338770783684,0.729889851714842,0.816898187867386,0.701834091996306,0.811920969923765
1802,0.659784867807067,10,0.829001577562177,0.68433767860047,0.681101953277212,0.562067626784066,0.811920969923765
1803,0.766632611009748,10,0.974591304112314,0.768575488012109,0.78249500801932,0.645005416960615,0.811920969923765
1804,0.952118122976675,10,1.18667310198908,0.956253344361904,0.951563912046256,0.804791709830744,0.811920969923765
1805,0.792852822497232,10,1.0006115470848,0.804649305022356,0.805866879355488,0.668229064502922,0.811920969923765
1806,0.648493062922792,10,0.820589723466025,0.674072981315112,0.671998813223097,0.538782374629117,0.811920969923765
1807,0.568837002122446,10,0.705209256300226,0.600561668912129,0.629163258063587,0.451851725131982,0.811920969923765
1808,0.878035943182771,10,1.05957666994335,0.916344821207348,0.932718883843807,0.784240840368256,0.811920969923765
1809,0.922077833580318,10,1.15411372981589,0.937236262141149,0.946954144085216,0.780545341739446,0.811920969923765
1810,0.844079534580257,10,1.03137483230988,0.876189179219113,0.878395426414453,0.707455391115136,0.811920969923765
1811,0.691565920677397,10,0.873862963216547,0.720243174362559,0.75080717637799,0.590926676943734,0.811920969923765
1812,1.02949916571453,10,1.12855629750726,0.974778739465399,1.01179322032005,0.863541304592282,0.811920969923765
1813,1.21286418520128,10,1.12856315665086,1.0580183119778,1.0736217430486,0.929806671360511,0.811920969923765
1814,1.20800036470899,10,1.20838786352694,1.08629528368645,1.06387008139489,0.913356958620951,0.811920969923765
1815,1.18254993192539,10,1.24543284393855,1.11621808345108,1.04029545391441,0.939686349877888,0.811920969923765
1816,1.11357776744875,10,1.20018752404101,1.11986709838142,1.03167443682441,0.949271565911608,0.811920969923765
1817,0.922153694193872,10,1.05470787429349,0.9366060948459,0.905244964127367,0.707160789861937,0.811920969923765
1818,0.591340233021654,10,0.692520313587489,0.622913706679328,0.622742857034508,0.452421383180201,0.811920969923765
1819,0.461732208910613,10,0.511819229317813,0.491576399786974,0.555750001971161,0.416346027532823,0.811920969923765
1820,0.876975915699376,10,0.908815945305165,0.89402077884986,0.878839610541275,0.755309040267293,0.811920969923765
1821,0.839326363192771,10,0.827060785810134,0.902038076219228,0.830242654409762,0.707628743820331,0.811920969923765
1822,1.13937573451743,10,1.03114329041058,1.19296230913427,1.10482526479636,0.996014079468735,0.811920969923765
1823,1.16236066686725,10,1.05478402365615,1.26271757723319,1.09834024017834,0.966936457508661,0.811920969923765
1824,1.03817221368166,10,0.968067661534423,1.0495716410638,0.983390316131951,0.864101326496687,0.811920969923765
1825,0.882316878081404,10,0.78999124526162,0.945553667893097,0.896703771462536,0.778508299481195,0.811920969923765
1826,0.795906351752252,10,0.712008485780346,0.796623882720216,0.783710362531522,0.650533741925603,0.811920969923765
1827,1.12792713484874,10,0.974494002864222,1.17074837841105,1.11472941908835,1.13551040354753,0.811920969923765
1828,1.22239225911014,10,1.04199884913422,1.25796943997915,1.16394212573973,1.07320434308981,0.811920969923765
1829,1.44610635895068,10,1.21294793309175,1.53501662273451,1.37167102337452,1.26269756431136,0.811920969923765
1830,1.16302226295253,10,0.942847595919806,1.17333567015253,1.11352662616007,0.98713215537288,0.811920969923765
1831,1.44931201600818,10,1.17957313489362,1.47004147168806,1.23614594563236,1.1119069232505,0.811920969923765
1832,1.73213576648695,10,1.35324034324399,1.74845010578686,1.4482936860151,1.41549126089132,0.811920969923765
1833,1.64658408231588,10,1.29124257999509,1.76680744724421,1.40610626211779,1.34461924689662,0.811920969923765
1834,1.37332397078307,10,1.0824246667399,1.48539691242649,1.15864055174443,1.08120389864151,0.811920969923765
1835,1.4646699057149,10,1.13962783773483,1.61126844394123,1.32727109576196,1.21552640257415,0.811920969923765
1836,1.22523129166352,10,0.987502340672201,1.35910966332314,1.17034419558284,0.970744398598366,0.811920969923765
1837,1.13934781624721,10,0.935039587730887,1.14941582308428,1.04847602560002,0.940132676972492,0.811920969923765
1838,1.41544432887969,10,1.13768409759113,1.44865787077195,1.37219266714207,1.22323994553019,0.811920969923765
1839,1.01911978425987,12,0.890660342370423,1.06413960129863,0.991348894099542,0.867534001090248,0.852501986005291
1840,0.987787747305001,12,0.927120603466963,1.05414300426494,0.943177671052549,0.770180627311989,0.852501986005291
1841,0.643737650507148,12,0.613782098000601,0.679843495222749,0.635642898192091,0.479472827841181,0.852501986005291
1842,0.724151923858802,12,0.70211885773621,0.783927433514594,0.71359234059065,0.567999090674564,0.852501986005291
1843,0.864393256311183,12,0.83876282069784,0.976255545639687,0.803781143580653,0.650516334838158,0.852501986005291
1844,1.09422044073754,12,1.06520792853099,1.23955898362442,0.966621541726765,0.840508686582954,0.852501986005291
1845,0.906204779927506,12,0.928006177019988,0.97360882394149,0.883718289854772,0.736598463073986,0.852501986005291
1846,0.957351695353127,12,0.979664176603354,1.02209364723745,0.931308416003279,0.810793167738252,0.852501986005291
1847,1.00048636721606,12,1.01878993410877,1.07037236797167,0.977280917982443,0.869508756846742,0.852501986005291
1848,1.0726061718633,12,1.1006067191614,1.12310702641779,1.03877702098582,0.932582036755611,0.852501986005291
1849,1.19214932116325,12,1.2566183130682,1.24634261654444,1.16593049805695,1.02858682968941,0.852501986005291
1850,0.9369742180874,12,0.999433683411486,0.991945339172998,0.945084106368411,0.814243182112328,0.852501986005291
1851,0.904590031223884,12,1.01799718293393,0.974660760873587,0.855176644692849,0.75039089851452,0.852501986005291
1852,1.02753488274864,12,1.18549122846021,1.12532756041741,0.935286277728635,0.813121710506656,0.852501986005291
1853,0.902010979472317,12,1.06284004932688,0.939604274420726,0.890367193179137,0.752897237803709,0.852501986005291
1854,0.707030444527905,12,0.81699049026983,0.747267086645022,0.673623927735618,0.488384803602829,0.852501986005291
1855,0.723386654089816,12,0.938352252723079,0.783070928927303,0.75113646881811,0.576190007568323,0.852501986005291
1856,0.778423357390887,12,0.993361752937605,0.821966338659976,0.789785229414305,0.589429908035842,0.852501986005291
1857,0.873813384416787,12,1.11950827879245,0.9021154666133,0.863035859874687,0.660532388750638,0.852501986005291
1858,0.750114162896658,12,1.00699802203269,0.790501738566289,0.765038014342607,0.629262913195731,0.852501986005291
1859,0.690347023172125,12,0.938470740654334,0.726019308008854,0.697502772956207,0.523653634789815,0.852501986005291
1860,0.663313301336241,12,0.949591313439425,0.697921659874477,0.698841854218678,0.548386084999738,0.852501986005291
1861,0.620746254340186,12,0.924090189810179,0.682116916953148,0.645921854074517,0.518615214197745,0.852501986005291
1862,0.644860212316607,12,0.943420452956613,0.679431474097315,0.627459528292203,0.462206953877776,0.852501986005291
1863,0.59571249486183,12,0.907068101134992,0.638142001962983,0.549595863211182,0.428423773719025,0.852501986005291
1864,0.712059571649395,12,1.07053421354678,0.77124426482053,0.725072015002906,0.575180199609018,0.852501986005291
1865,0.493925353007565,12,0.754854195194237,0.526635072840262,0.493977983366706,0.375538777890996,0.852501986005291
1866,0.718354979465227,12,1.1554009722976,0.758634220650034,0.760422202712635,0.623345748057233,0.852501986005291
1867,0.632223059497622,12,0.993657198423649,0.661314008989787,0.646130468267812,0.520674440230508,0.852501986005291
1868,0.85565449341438,12,1.40003480464655,0.888280189874432,0.908209286641752,0.728544826453952,0.852501986005291
1869,0.597776565866855,12,0.948096537783478,0.635315184683794,0.63114132826112,0.452934809911078,0.852501986005291
1870,0.582002530766076,12,0.964709921816242,0.654730345335285,0.676552604405837,0.495884067945691,0.852501986005291
1871,0.550881815759812,12,0.876072799305445,0.606998059302321,0.5994113698325,0.430293932304029,0.852501986005291
1872,0.709668679768274,12,1.1554303670312,0.798377700212116,0.758399216347159,0.575450541287331,0.852501986005291
1873,0.778266382856932,12,1.23260923165583,0.80811561219144,0.764126508397742,0.569361184323691,0.852501986005291
1874,0.610815335938092,12,0.999457314625099,0.661899352691333,0.655640608826915,0.462125954962905,0.852501986005291
1875,0.366057148391449,12,0.575538412347707,0.390006515630742,0.409868268112419,0.303371605273112,0.852501986005291
1876,0.715730139518626,12,1.17240831118117,0.779814506650402,0.776067543473758,0.599160577607429,0.852501986005291
1877,0.71503450481017,12,0.994975319479517,0.6654903513348,0.769773038622094,0.582330810043234,0.852501986005291
1878,0.545785409092025,12,0.820920592342207,0.610933046435882,0.625359538658544,0.446394298330838,0.852501986005291
1879,0.513247651501377,12,0.745289288236911,0.514030130772342,0.489147609312057,0.397628754237991,0.852501986005291
1880,0.76784560629362,12,1.14163805117346,0.8371003788504,0.822875762528361,0.656526086368632,0.852501986005291
1881,0.777537483595952,12,1.12503579603984,0.854446158164152,0.826333831362887,0.668239755668881,0.852501986005291
1882,0.827019619967954,12,1.10965644087625,0.889626840828655,0.83880910971077,0.595093372508387,0.852501986005291
1883,0.834987788959159,12,1.14186973359112,0.883635995570586,0.861809338866826,0.620607732479282,0.852501986005291
1884,0.867645926935606,12,1.14600329166165,0.955462020414313,0.835118758538256,0.629983836443769,0.852501986005291
1885,0.797679199268948,12,1.06059057640508,0.897237089815855,0.796945785530496,0.597762831383219,0.852501986005291
1886,0.983544666994924,12,1.21669133255952,1.077534844108,0.923507257994565,0.795102692499462,0.852501986005291
1887,0.970326991870124,12,1.17308302943576,1.01241276472537,0.939946820713632,0.792847736258439,0.852501986005291
1888,0.743563983045139,12,0.871793687888906,0.797679342341139,0.744231274734044,0.576475099764656,0.852501986005291
1889,0.779571402197334,12,0.937560906049403,0.827501516839632,0.815479227801904,0.626014992073264,0.852501986005291
1890,0.864022875948104,12,0.994247092000991,0.909254151855216,0.896801840982811,0.761785177752611,0.852501986005291
1891,0.82408602778049,12,0.91596848850872,0.840260686107701,0.91054667650664,0.760142405601605,0.852501986005291
1892,0.931286055084567,12,1.02482867498439,0.98186478759231,0.972793570949803,0.823179424508502,0.852501986005291
1893,0.729287236517045,13,0.757715908568347,0.772287130311372,0.827765668253405,0.634222833310252,0.850046899271806
1894,0.828432851602321,13,0.807119550789972,0.908867800584524,0.818434987378488,0.665369289634083,0.850046899271806
1895,1.07571573538916,13,0.992586639535243,1.10363111758822,1.00243676920611,0.885045153628397,0.850046899271806
1896,1.20955110475258,13,1.05619985966387,1.35118329985899,1.03800306688915,0.989401688746642,0.850046899271806
1897,0.725188505780664,13,0.636973756137074,0.7938706421043,0.678077217275581,0.581647596508924,0.850046899271806
1898,1.21529826965669,13,0.994633032725804,1.19100420861979,1.09903376048098,0.976426304696391,0.850046899271806
1899,1.50604873741318,13,1.20912679679415,1.64419118537104,1.3756411799687,1.20861662658039,0.850046899271806
1900,1.57532504628634,13,1.22157014365693,1.70522036714587,1.47463447675752,1.39985325293657,0.850046899271806
1901,1.44220498736793,13,1.10253888812138,1.43558755134818,1.3409838410072,1.23302202872959,0.850046899271806
1902,1.29382673915803,13,0.959864543549139,1.25802916841523,1.13604876636609,1.07652469292168,0.850046899271806
1903,1.63157953016797,13,1.21567625814669,1.7153882501111,1.42053654391221,1.3271681609873,0.850046899271806
1904,1.37539231949408,13,1.05939031561446,1.36852912660298,1.28802898967913,1.11020241768898,0.850046899271806
1905,1.61780461501258,13,1.05084867995578,1.68371196140682,1.46037725169863,1.32140240203121,0.850046899271806
1906,1.39388596188195,13,0.938791402653394,1.49692039850206,1.33572716150786,1.20147269381619,0.850046899271806
1907,1.35913254902809,13,0.975403701743097,1.32679273670503,1.33361299020284,1.20546119398111,0.850046899271806
1908,1.58705209721394,13,1.16661500958992,1.6241678643852,1.41742856612037,1.2748869017992,0.850046899271806
1909,1.04806651729844,13,0.75864281232764,1.06851837570649,0.919897044063034,0.822594685915082,0.850046899271806
1910,1.29362389297528,13,0.964129573130118,1.21853400170377,1.22024257026262,1.07474589257198,0.850046899271806
1911,1.37035794798209,13,1.05219175957751,1.36880434725059,1.32748335023944,1.20705135195553,0.850046899271806
1912,1.26139489629233,13,0.973410138148458,1.2771720763944,1.20984867467271,1.05336545587748,0.850046899271806
1913,1.21621274713939,13,0.932495599910531,1.2062341175924,1.22018385905311,1.03502187095418,0.850046899271806
1914,1.12772335308139,13,0.880161676946828,1.16560365888113,1.13957335571666,0.963360501612495,0.850046899271806
1915,1.07439772129312,13,0.857445031609801,1.1264592201914,1.02849908177795,0.912933407198621,0.850046899271806
1916,1.25957258409372,13,0.991918898345936,1.24550230490126,1.19748345718654,1.05528608320482,0.850046899271806
1917,1.09267284170217,13,0.856349770271994,1.15526660597825,1.09102514068903,0.947834889204791,0.850046899271806
1918,1.41566522369125,13,1.12836554473531,1.44938937039886,1.29808646584905,1.18941770616008,0.850046899271806
1919,1.37630757363164,13,1.10884101799515,1.39896314739538,1.31647362433871,1.1708896571751,0.850046899271806
1920,1.04820582396807,13,0.86388940403393,1.07862680912822,1.12104021328732,0.946895767093754,0.850046899271806
1921,1.24255945414351,13,1.02346572453446,1.24319565987754,1.24598039431894,1.11048607474147,0.850046899271806
1922,1.31692602281184,13,0.992062708752582,1.17426773315813,1.25732999099459,1.22971457679496,0.850046899271806
1923,1.17069589543202,13,0.98745991065916,1.23785027444577,1.2208206753395,1.09152916868638,0.850046899271806
1924,1.1622691538049,13,0.938773503822364,1.05457904222939,1.13189004836281,0.970200410564841,0.850046899271806
1925,1.37010040341278,13,1.21282679081353,1.38563550862362,1.39882082744397,1.23621771606251,0.850046899271806
1926,1.41779119488339,13,1.24615385618579,1.48009029496309,1.38422278722111,1.20571255579102,0.850046899271806
1927,1.18118590581817,13,1.10609875464117,1.20481273727763,1.15970125018894,0.982030200561454,0.850046899271806
1928,0.913001183783348,13,0.931332190957782,0.917423123717978,1.00025413714159,0.872578221970638,0.850046899271806
1929,1.21750881689982,13,1.19468452788238,1.23068487956133,1.26472354534976,1.04741227352937,0.850046899271806
1930,0.969365967561543,13,0.940956957266442,1.00122414809329,1.0636792323078,0.844151943722089,0.850046899271806
1931,0.813203092618303,13,0.835665951839004,0.855413243354823,0.95657204341132,0.703722831512916,0.850046899271806
1932,0.827117057448805,13,0.847366638439938,0.838439829305472,0.85467493140376,0.695455830158335,0.850046899271806
1933,0.93247967354621,13,0.98477485426634,0.965302768001067,0.909662729006562,0.701896496259232,0.850046899271806
1934,0.932125477697834,13,1.0158528978761,0.970680434099855,0.925057098313447,0.656814409945358,0.850046899271806
1935,0.921280720050334,13,1.0487830196819,0.961372464986627,0.941472994221008,0.652926804467287,0.850046899271806
1936,0.659077163453428,13,0.704019096591695,0.671850485807601,0.681467110806084,0.439965122435449,0.850046899271806
1937,0.699967853265974,13,0.774061699144833,0.690646502753024,0.706535038478066,0.421768473328363,0.850046899271806
1938,0.978905341456768,13,1.09634018799837,1.02119111421235,1.03052368374122,0.659234346097878,0.850046899271806
1939,0.845043484376242,13,0.93148975806411,0.879448972196737,0.85819940644402,0.484547099825423,0.850046899271806
1940,1.06367320493302,13,1.15734432750019,1.07940107041351,1.0506328000641,0.726268953385111,0.850046899271806
1941,0.985150399335596,13,1.06529891765454,0.997013409197514,1.01409482271219,0.712645637293242,0.850046899271806
1942,0.91952321948099,13,1.04930426706623,0.967254607812432,1.02164874879375,0.722025655415064,0.850046899271806
1943,0.765831550242989,13,0.842831304251775,0.786246646688144,0.865265233474577,0.60630997770396,0.850046899271806
1944,0.859839345050526,12,0.983374460640492,0.905913136133565,0.908905161693982,0.69672883307133,0.854623503367076
1945,0.824246362712859,12,0.950814321883507,0.874174640770575,0.94320967929957,0.686511640945959,0.854623503367076
1946,1.28403708670994,12,1.45496452910695,1.34826345414261,1.3813946665332,1.03530512707991,0.854623503367076
1947,1.08515329828116,12,1.23671892911679,1.12836020367997,1.24344662524037,0.859384529183605,0.854623503367076
1948,0.98237950952849,12,1.1160792814466,1.02214039940909,1.06415331767028,0.731695003804461,0.854623503367076
1949,0.712714639333416,12,0.750651817608253,0.690736867610579,0.769401394778279,0.494730905085832,0.854623503367076
1950,0.851770070047643,12,1.03209284792095,0.854150053476787,0.983009330445687,0.613924102026081,0.854623503367076
1951,1.07145056268357,12,1.33415525190448,1.09271915709294,1.13080753173702,0.850437270455743,0.854623503367076
1952,0.810483926427128,12,0.942202167742254,0.782245828965066,0.839668588613245,0.528578151050986,0.854623503367076
1953,0.790254907973419,12,0.951644003527786,0.82252209254394,0.814737818473277,0.566518880827456,0.854623503367076
1954,0.821771130799844,12,1.00903326655405,0.823639320572204,0.825582999588112,0.605725364010936,0.854623503367076
1955,0.737458910254014,12,0.916976023840888,0.720011151724189,0.72005298499885,0.504925824248208,0.854623503367076
1956,0.825390319234143,11,1.08045227863333,0.823691443300465,0.898225155175975,0.608442338479584,0.856483915801951
1957,0.726743628326882,11,0.889352136156506,0.7500561163166,0.889999749746115,0.546608230395992,0.856483915801951
1958,0.733565178315927,11,0.781090806394546,0.786964818440244,0.805634432010102,0.530709408836659,0.856483915801951
1959,0.874871987068598,11,1.0529521354613,0.868582470708208,0.925842946226408,0.646895380862795,0.856483915801951
1960,0.759863430413726,11,0.927569678372987,0.765570184171825,0.836856795570985,0.552516592218353,0.856483915801951
1961,0.80148262910056,11,0.950948275994814,0.844664470739091,0.868312492715561,0.632763773845897,0.856483915801951
1962,0.732356174565312,11,0.838423815670421,0.739302904791828,0.937166324595637,0.56933580693113,0.856483915801951
1963,0.808720328594684,11,0.901088361947193,0.839851345921977,0.975745088354442,0.664517732001989,0.856483915801951
1964,0.9308267691889,11,1.0040836801933,0.927713659600705,1.13004642629816,0.731496379956608,0.856483915801951
1965,0.795351270854014,11,0.817950015817234,0.839577170846749,0.992147036025275,0.661659759445713,0.856483915801951
1966,0.825391445096147,11,0.803339149012885,0.896125403986517,0.900349557387231,0.674520160737285,0.856483915801951
1967,0.792246039314006,11,0.78740503239406,0.811307134188493,0.969674017449573,0.663418860008339,0.856483915801951
1968,1.28736277651065,11,1.17281761002242,1.31328970030223,1.40007157348376,0.939276389715843,0.856483915801951
1969,1.39034654008775,11,1.2186669987709,1.44248041550853,1.55993817905729,0.957207869258342,0.856483915801951
1970,1.12891337412888,8,1.07533757532383,1.22000757727627,1.6485627238156,1.25012557360989,0.831810796168227
1971,1.28101160796344,8,1.09140483484303,1.4019090857286,1.75432947044756,1.39989093823313,0.831810796168227
1972,1.12688290343845,8,1.02170391268496,1.36651779344637,1.74667009940653,1.43072566189966,0.831810796168227
1973,1.20445807164285,8,0.947430803577922,1.29410868604243,1.83191932232539,1.47878112809539,0.831810796168227
1974,1.48057139840231,8,1.135068702269,1.53532247788851,2.01058205490937,1.83670581255671,0.831810796168227
