"year","ModNegExp","samp.depth","Spline","AgeDepSpline","RCS","SFRCS","EPS"
320,0.89847688066113,1,1.00766633077188,0.926322391143789,0.344827586206897,0.219471099613317,NA
321,0.937546036674945,1,1.07229064876382,0.954070544912066,0.385026737967914,0.23630751645035,NA
322,1.05474485310552,1,1.23063895324822,1.05963116638631,0.419471776281719,0.290688536342932,NA
323,1.09381524519596,1,1.30214008853459,1.08511467570434,0.442105263157895,0.313137366510154,NA
324,0.859430796052819,1,1.04337798514615,0.842161372421821,0.331159056698445,0.238482978445227,NA
325,1.0547615389961,1,1.30367960995491,1.02128340429165,0.400990099009901,0.293582657670444,NA
326,0.7813089637607,1,0.980008569051236,0.747833596138245,0.317292437863564,0.233752424940273,NA
327,0.468787850318423,1,0.593621979037835,0.443771144781633,0.191387559808612,0.131409820857618,NA
328,0.703185483609747,1,0.892521981873268,0.658704200866794,0.296703296703297,0.214213679645469,NA
329,0.781321324201076,1,0.985661673469038,0.724687393411482,0.325027085590466,0.236860975262719,NA
330,0.273463905552172,1,0.339733655214056,0.251308773060923,0.112479914301018,0.076780828792438,NA
331,0.976661955889918,1,1.18360890347863,0.889909543027287,0.434279096699479,0.287085216836405,NA
332,0.586000263774411,1,0.686781995450339,0.529809283645155,0.23784355179704,0.160045481486173,NA
333,0.898538476206111,1,1.01063800939633,0.806717012744339,0.359937402190923,0.245233328102031,NA
334,0.859476118384561,1,0.921999255396214,0.766898253558039,0.353130016051364,0.240513817938641,NA
335,0.781346046255132,1,0.795639867005951,0.693481650315603,0.334075723830735,0.226695572333356,NA
336,0.742282658412099,1,0.715159085718603,0.655882483170836,0.314743235781336,0.218713667697287,NA
337,0.859489716016231,1,0.782213749897061,0.756740982408354,0.370786516853933,0.265414419048087,NA
338,0.820426328262291,1,0.705417131106921,0.720420074408218,0.355530474040632,0.251093052887458,NA
339,1.32831629843925,1,1.08119738661981,1.16434147442755,0.559210526315789,0.384870680242491,NA
340,2.1878266176535,1,1.69235134969892,1.91610310135497,0.930747922437673,0.649179871375475,NA
341,1.0939190778232,1,0.808278943207023,0.958103848863349,0.472972972972973,0.325126657790272,NA
342,1.21113108047484,1,0.859425296159502,1.06177541515427,0.538194444444445,0.37125039014131,NA
343,1.71903382514074,1,1.17822740469021,1.50983633599736,0.734149054505006,0.513263576978972,NA
344,1.91438867406089,1,1.27528749777839,1.68602978192219,0.798479087452471,0.536601290661412,NA
345,1.71905195694179,1,1.12025726501747,1.51947811778403,0.731707317073171,0.507461525269908,NA
346,1.56278274816887,1,1.00265566330883,1.38755125024219,0.664084117321527,0.473570769112406,NA
347,1.83627941338389,1,1.16705960834064,1.63908719480508,0.766304347826087,0.552836183157199,NA
348,1.56279923214597,1,0.98980154358021,1.40358852379266,0.684540787221905,0.483633912760744,NA
349,1.95350934283115,1,1.23996488113109,1.76676143570268,0.879249706916764,0.61904893469951,NA
350,1.52374532355904,1,0.97448059230162,1.38881571666352,0.662889518413598,0.467995313164641,NA
351,1.75817695360909,1,1.13833809087543,1.61621758612717,0.743801652892562,0.515433377430701,NA
352,1.09398254080038,1,0.720097418072595,1.01502959417376,0.466407551360355,0.327186975529948,NA
353,1.28934336597835,1,0.865882966341107,1.20832753650857,0.557118739448509,0.408175687327031,NA
354,1.28935016608511,1,0.886289948317569,1.22135496652518,0.587537091988131,0.416427414390187,NA
355,1.60192835202448,1,1.13075575377615,1.53485224599119,0.694130925507901,0.520964304374838,NA
356,1.68008005939681,1,1.2219755274951,1.62927252974322,0.710352422907489,0.527332921986326,NA
357,1.21122689611846,1,0.9108706825656,1.18961818965786,0.529311326124075,0.353810482253262,NA
358,1.32844940866067,1,1.0361934806022,1.322250554,0.610412926391382,0.410271601103487,NA
359,1.48474540522442,1,1.20462316201116,1.49853184953811,0.683043738765728,0.48365428381109,NA
360,1.05495624673531,1,0.892464790062015,1.08029565454161,0.483870967741935,0.341425385473938,NA
361,0.703307873913238,1,0.621413181014856,0.731117554757817,0.339409176618479,0.233314658148312,NA
362,1.21125883803541,1,1.11882310360047,1.27891624355794,0.572660098522167,0.409331178801702,NA
363,1.09404601114152,1,1.05710930333497,1.17388244510234,0.505415162454874,0.351190230054151,NA
364,1.09405178153773,1,1.10601884035107,1.19349869960371,0.47808764940239,0.34883878862147,NA
365,0.976837099995367,1,1.03269497484111,1.08393507082353,0.443524541691307,0.315752952640115,NA
366,0.468884281076899,1,0.517605676421262,0.529464422488439,0.222634508348794,0.161769074009404,NA
367,0.507960650363952,1,0.58404064368794,0.583949318322874,0.216787103946637,0.159271557913853,NA
368,1.09407486373129,1,1.30634799003304,1.28097677393751,0.49266862170088,0.359124308120464,NA
369,0.664263242333631,1,0.82142781195374,0.792410081139925,0.297723292469352,0.223010274871635,NA
370,0.898713832837364,1,1.14796874139514,1.09270908251768,0.415412402167369,0.302811608212209,NA
371,0.586120808579806,1,0.771513130446159,0.726595810016197,0.274223034734918,0.198509563256648,NA
372,0.85964838684909,1,1.16359018776369,1.08690113772402,0.415879017013232,0.291348967203915,NA
373,0.586126991701566,1,0.814498102328574,0.756060938043408,0.285714285714286,0.191892581936422,NA
374,0.742431438861064,1,1.05800619777213,0.977330518680315,0.343995171997586,0.227681433834182,NA
375,0.93781307992605,1,1.36999093208887,1.26019369603296,0.45859872611465,0.322018429245274,NA
376,0.586136266628811,1,0.87801807381981,0.804198375741905,0.29296875,0.209771017603664,NA
377,0.625215315558887,1,0.960932284246943,0.876066900277375,0.303605313092979,0.215759505366815,NA
378,0.703370940092061,1,1.1102373653957,1.00676119751618,0.331288343558282,0.228964291735487,NA
379,0.742451019676155,1,1.20524381655742,1.08574388503084,0.359621451104101,0.252946251442384,NA
380,0.742454935963115,1,1.24163015737563,1.10948695561986,0.346504559270517,0.246721132128764,NA
381,0.62522850719275,1,1.07892380585684,0.954883036474361,0.269662921348315,0.201922029439141,NA
382,0.468923853891147,1,0.835958733081682,0.732034582112598,0.197476686780033,0.143937643271164,NA
383,0.54708071531613,1,1.00799994144577,0.873069532094481,0.240137221269297,0.179921991500527,NA
384,0.312619200641734,1,0.595229195120213,0.510062256896833,0.14519056261343,0.106820762425539,NA
385,0.586164093171838,1,1.15255010425909,0.977845915493126,0.28717294192725,0.20187822421066,NA
386,0.547089372828176,1,1.11007630282866,0.933207570457052,0.245183887915937,0.180236608757333,NA
387,0.390780184804583,1,0.817498879232499,0.681612877860436,0.165016501650165,0.127223326085198,NA
388,0.273547572327551,1,0.589263702292603,0.487900486041334,0.115384615384615,0.0872276546316437,NA
389,0.508019599856076,1,1.12547181127607,0.926554712045248,0.209003215434084,0.159245351822472,NA
390,0.508022279703544,1,1.15669367146828,0.947448844666528,0.227803738317757,0.165691175365624,NA
391,0.547103802623845,1,1.28008102698508,1.04329311839529,0.225563909774436,0.163860433016973,NA
392,0.351711442719207,1,0.845787842543452,0.685738854880023,0.14721919302072,0.109004446599577,NA
393,0.508030319415586,1,1.25579613521241,1.01265224314433,0.223367697594502,0.164091981339294,NA
394,0.351715153414257,1,0.893723984247797,0.716660722336829,0.146579804560261,0.109264961484607,NA
395,0.508035679364986,1,1.32673564156858,1.05806517111614,0.212302667392488,0.153536674270013,NA
396,0.273559116590361,1,0.733742271990501,0.582236289262562,0.12316715542522,0.0868210423751937,NA
397,0.234480479735763,1,0.645059470186668,0.509928212934266,0.101867572156197,0.0717573134297843,NA
398,0.468963433385678,1,1.32078686696044,1.04186170107402,0.202702702702703,0.159115939229278,NA
399,0.234482953662965,1,0.674831949755043,0.532053806866946,0.106445890005914,0.0815236036096044,NA
400,0.351726285969214,1,1.03223544375889,0.814923020878193,0.154021677124929,0.117365842597023,NA
401,0.351728141463557,1,1.05054641903158,0.831898639814474,0.148026315789474,0.119662875640623,NA
402,0.273567775426927,1,0.830099518888296,0.660318563744624,0.11830985915493,0.0919779325792123,NA
403,0.664382388076285,1,2.04476315153053,1.63604520795509,0.289608177172061,0.231238585123869,NA
404,0.195407615591138,1,0.609060198717851,0.490749896385569,0.0923645320197044,0.0747510347175054,NA
405,0.156326917171868,1,0.492154627676465,0.400254764092969,0.0775193798449612,0.0603859011701197,NA
406,0.195409677349407,1,0.619256432860757,0.509876338071932,0.0920245398773006,0.073761579785037,NA
407,0.351739274840743,1,1.11830665503504,0.934926169661384,0.173633440514469,0.139315715513628,NA
408,0.351741130472132,1,1.11910960442352,0.951981570394796,0.187110187110187,0.14256407842111,NA
409,0.273577878095744,1,0.869462313290609,0.7535920671581,0.136629798308393,0.103552405177925,NA
410,0.351744841793647,1,1.11528446098134,0.985652756139724,0.171102661596958,0.128129938145024,NA
411,0.468995596645032,1,1.48279030175073,1.33624715183693,0.225846925972396,0.171367188941274,NA
412,0.312665380616428,1,0.985576921294884,0.905296576673043,0.17353579175705,0.12641754532537,NA
413,0.156333515076786,1,0.491142784378115,0.459746018288606,0.08,0.0587779501643337,NA
414,0.312668679708122,1,0.978457971309539,0.9333781545481,0.150848522941546,0.118790554758358,NA
415,0.469005493920115,1,1.46182315985569,1.42037255562363,0.238885202388852,0.188597866310502,NA
416,0.234503984152078,1,0.728279200308126,0.720047121208022,0.11472275334608,0.0871446646977035,NA
417,0.195421017797628,1,0.604948232893077,0.607988748028223,0.0957854406130268,0.0728270569245963,NA
418,0.195422048812736,1,0.603430073559241,0.615646022126851,0.0965250965250965,0.0737093827301752,NA
419,0.50810000758068,1,1.56771116519446,1.61976712330103,0.247619047619048,0.191468241274165,NA
420,0.429933043926296,1,1.32980025929605,1.38597753647352,0.212082262210797,0.153447243446059,NA
421,0.547190397385338,1,1.70354441583014,1.78256774852551,0.277044854881267,0.208781486251816,NA
422,0.351767111367528,1,1.10682058793347,1.15720412489613,0.179880079946702,0.137604452557435,NA
423,0.195427204051465,1,0.62339935809927,0.648749839199252,0.101282916948008,0.0752682393336003,NA
424,0.23451388215822,1,0.759831487716182,0.785027234654972,0.123626373626374,0.0886358693755342,NA
425,0.351772679201608,1,1.15890691642077,1.18654826729094,0.184426229508197,0.123913063546277,NA
426,0.508118773045678,1,1.70322333512247,1.72574418090445,0.250160359204618,0.168823402059522,NA
427,0.195431328438286,1,0.666415954700168,0.667839726064015,0.0922509225092251,0.0677460420908311,NA
428,0.312691775299508,1,1.08261571654273,1.07433434482982,0.151133501259446,0.109605928752865,NA
429,0.19543339069698,1,0.68453512780715,0.674597223954285,0.106157112526539,0.0771249205886613,NA
430,0.234521306211177,1,0.826698236340947,0.812698150372923,0.12311901504788,0.0864105357228462,NA
431,0.117261271799518,1,0.413345925258196,0.407645325862535,0.0612244897959184,0.0469302105497241,NA
432,0.117261890499977,1,0.410490514059958,0.408646166586324,0.0607697501688049,0.0470025861546458,NA
433,0.273612521482915,1,0.945188034376119,0.95515472437593,0.150862068965517,0.110910985601807,NA
434,0.312701674454613,1,1.06096274006873,1.09270573636088,0.157583716349311,0.116150352747407,NA
435,0.4690549865621,1,1.55856240137645,1.63954832875425,0.230917254650417,0.171549992528767,NA
436,0.156352487156133,1,0.508070190596599,0.546298118300862,0.0765306122448979,0.0534707041835467,NA
437,0.273618296233807,1,0.869018168505855,0.954985763353954,0.140093395597065,0.0994941482506568,NA
438,0.234531205679672,1,0.728503173583225,0.81712338843203,0.120886501007388,0.0829909994725404,NA
439,0.429976145815329,1,1.30907900932584,1.49445041887063,0.238784370477569,0.160977413797312,NA
440,0.4299784145752,1,1.28805761075947,1.48989562158062,0.245718540580789,0.171518472590598,NA
441,0.429980683359014,1,1.27382097416932,1.4844292774947,0.247933884297521,0.165706959020643,NA
442,0.42998295216677,1,1.26700389292959,1.4780881797357,0.248681235870384,0.169390953529278,NA
443,0.390895655453154,1,1.1525182516486,1.33719219533323,0.228658536585366,0.15744855927292,NA
444,0.351807946244274,1,1.04394727844282,1.19695089636839,0.201342281879195,0.135031326766795,NA
445,0.273629846466899,1,0.821662830945286,0.925410455128134,0.147991543340381,0.105004138962021,NA
446,0.234541105983943,1,0.716364807812098,0.788064252432952,0.125086865879083,0.0914171649148652,NA
447,0.547265468355078,1,1.70900843459038,1.82596732667422,0.288659793814433,0.210794851037876,NA
448,0.273634178055716,1,0.878485945475954,0.906165202577186,0.151079136690648,0.105447080852092,NA
449,0.15636321254236,1,0.518721730573283,0.513703802298733,0.0865800865800866,0.0637187495451418,NA
450,0.430001103490801,1,1.48110789041077,1.40086834050463,0.23454157782516,0.156895843706644,NA
451,0.430003372514058,1,1.54556904205715,1.38856715764858,0.236220472440945,0.162260703365331,NA
452,0.351822797641032,1,1.3257364054082,1.12567570678417,0.186078566505858,0.131522177341497,NA
453,0.195458141196551,1,0.774585625499735,0.619403424831837,0.110213078618663,0.0746661483987,NA
454,0.117275503562048,1,0.489125158158438,0.367962046396637,0.0673148840688108,0.0457571179079087,NA
455,0.117276122412696,1,0.513817431892765,0.36419632540218,0.0613496932515337,0.0431680252481265,NA
456,0.31273797671967,1,1.43359340592513,0.960948343982409,0.163376446562287,0.112248807209445,NA
457,0.15636981351145,1,0.745670934623284,0.475267045038666,0.0777705767984446,0.0574621952862665,NA
458,0.156370638671774,1,0.769549763550586,0.469986906766529,0.0780234070221066,0.0577325201764292,NA
459,0.117278597880605,1,0.589724390453099,0.348484752098631,0.056710775047259,0.0451715450069691,NA
460,0.117279216763911,1,0.595760391033771,0.34444296374728,0.0599600266489007,0.0446148065372713,NA
461,0.117279835653748,1,0.594888664004918,0.340373299497705,0.059016393442623,0.0454511534139974,NA
462,0.195467424250196,1,0.979420179916841,0.560472933251915,0.0941028858218319,0.0749222098042051,NA
463,0.390936911510065,1,1.91777388291514,1.10727287179496,0.203389830508475,0.163961698000208,NA
464,0.156375589816604,1,0.745690762970596,0.437432853211653,0.0863309352517986,0.0679253293765278,NA
465,0.234564622556838,1,1.08043997870016,0.647937313069447,0.127840909090909,0.099546393362083,NA
466,0.312754480535779,1,1.38393155836965,0.852986688233865,0.168421052631579,0.128797378761779,NA
467,0.234567098259895,1,0.99241543425758,0.631568676315124,0.124395300621976,0.099617262915094,NA
468,0.117284168065511,1,0.472320518400351,0.31171685092085,0.059016393442623,0.0458672485955592,NA
469,0.156379716010142,1,0.597000608874395,0.410229768518741,0.0756143667296786,0.0585040627869235,NA
470,0.195475676593724,1,0.705364210261514,0.506091894832579,0.100401606425703,0.0767751125148498,NA
471,0.273667391459923,1,0.932264953916995,0.699228283937087,0.149466192170819,0.116726487009329,NA
472,0.0781910959153931,1,0.251620554056536,0.197145546175191,0.0416377515614157,0.0327940426754294,NA
473,0.508244805645706,1,1.54889306893764,1.26449074852672,0.268965517241379,0.205825239505835,NA
474,0.390959606053589,1,1.13365412050928,0.959779667290705,0.226073850791258,0.17608931917459,NA
475,0.547346337054395,1,1.51921650402882,1.32582778045816,0.320855614973262,0.256723745592908,NA
476,0.430060105879055,1,1.15022811803136,1.02785475193567,0.214564369310793,0.159918952362684,NA
477,0.390965795931857,1,1.01423587829497,0.921967131389696,0.212014134275618,0.156332530921988,NA
478,0.390967859268169,1,0.989890200531854,0.90968689477962,0.22238695329874,0.157718586664739,NA
479,0.39096992262626,1,0.971883512974927,0.897577778038879,0.215362526920316,0.160989427523593,NA
480,0.508263581807969,1,1.24766410578553,1.15133733199198,0.269709543568465,0.204163544502505,NA
481,0.430071454348558,1,1.04847811707409,0.961278431544762,0.238439306358382,0.180558474692433,NA
482,0.508268946680572,1,1.23724602327223,1.12101195793962,0.297029702970297,0.22176235410148,NA
483,0.469173811531703,1,1.14598828172372,1.02111442925618,0.258249641319943,0.183636407974272,NA
484,0.508274311666432,1,1.25096580583927,1.09164470738383,0.28996282527881,0.192575616495711,NA
485,0.351884072908962,1,0.875397577857149,0.745840995381947,0.183548606390211,0.135108035879213,NA
486,0.390984366742732,1,0.98485197801183,0.817886088217685,0.203252032520325,0.151789615459584,NA
487,0.195493215137533,1,0.498768101050897,0.403624362852771,0.104529616724739,0.0780066776016143,NA
488,0.742878138275444,1,1.9180458034155,1.51392029672422,0.378486055776892,0.298656787389852,NA
489,0.19549527870254,1,0.509887272575796,0.393270026996867,0.0994694960212202,0.0770891238937971,NA
490,0.117297786300828,1,0.307933597242454,0.232940332367291,0.0663227708179808,0.0491506263314557,NA
491,0.312795747697778,1,0.822498689526931,0.61326590824571,0.159151193633952,0.110872709214089,NA
492,0.351897073437122,1,0.922190377420242,0.681194425241314,0.184552289815448,0.131372775344573,NA
493,0.351898930733849,1,0.914869548237184,0.672630551300927,0.170347003154574,0.128503173629276,NA
494,0.312800700489051,1,0.803590910154165,0.590427606640427,0.149160969546302,0.113169232990224,NA
495,0.273702057522538,1,0.69268958611033,0.51021779733674,0.13671875,0.104308561938646,NA
496,0.351904502741666,1,0.875742969118439,0.647918532506482,0.180240320427236,0.131477942668016,NA
497,0.508309186835402,1,1.24360254007131,0.924447066409211,0.254237288135593,0.186740384370761,NA
498,0.430110043625258,1,1.03606546819131,0.772740393316085,0.206121174266084,0.159684122267172,NA
499,0.430112313798371,1,1.02299412811926,0.763445700400154,0.209125475285171,0.153453629322227,NA
500,0.782026516355361,1,1.84385103476154,1.37152304583978,0.359496704613541,0.273829717182604,NA
501,0.430116854216491,1,1.0101764328811,0.745413545390714,0.211538461538462,0.155641603483972,NA
502,0.430119124461499,1,1.01090544962718,0.736670467335667,0.205992509363296,0.156457998655924,NA
503,0.46922333970597,1,1.10823445681632,0.794296951903526,0.218844984802432,0.167227961627464,NA
504,0.547430119120707,1,1.30419662201814,0.91600194382607,0.240687679083095,0.195540385578035,NA
505,0.391023577582108,1,0.942609484251126,0.646816640925798,0.196206671026815,0.151295076077462,NA
506,0.664743590598207,1,1.62475867373829,1.08715000930212,0.329032258064516,0.240225864333138,NA
507,0.312822164397115,1,0.775800779664828,0.50586755635659,0.154241645244216,0.112873155529408,NA
508,0.19551488474311,1,0.491284196306425,0.312658601004875,0.106990014265335,0.0801064856332886,NA
509,0.351928650148051,1,0.892939300099298,0.556600963513404,0.188679245283019,0.136130033284793,NA
510,0.273723728271867,1,0.697995327618874,0.428201640256945,0.139349701393497,0.107362780866498,NA
511,0.351932365427789,1,0.896937925033222,0.544615018388127,0.178217821782178,0.13876224112119,NA
512,0.195519012831708,1,0.495120431863324,0.299338145983284,0.0943396226415094,0.0736770482252178,NA
513,0.391040089762192,1,0.978353568229213,0.592359398303734,0.201477501678979,0.154722009314532,NA
514,0.430146369271033,1,1.05824285994094,0.644791870832159,0.235546038543897,0.175403862462923,NA
515,0.469253061630137,1,1.13109544850431,0.696142461591794,0.243079000675219,0.174212487438826,NA
516,0.195523141094631,1,0.460540273822424,0.287094817005284,0.0962772785622593,0.0720179929065025,NA
517,0.391048346375203,1,0.898524774418588,0.568384573417277,0.187265917602996,0.145075102152739,NA
518,0.469260492699522,1,1.05159377818607,0.675241160747263,0.240641711229947,0.182113770973808,NA
519,0.625683959699936,1,1.36941599191778,0.891418051769143,0.344086021505376,0.267988543413358,NA
520,0.430159992970156,1,0.9220355124734,0.606856824893279,0.226337448559671,0.178895807440268,NA
521,0.508373584337956,1,1.07095455828234,0.710259850026358,0.271210013908206,0.216039128007894,NA
522,0.430164534394974,1,0.894416184079585,0.595244088249954,0.234875444839858,0.179318876601373,NA
523,0.547485024727891,1,1.12912685759541,0.750424390021586,0.295151089248067,0.228972100914936,NA
524,0.430169075915685,1,0.885062167672938,0.584111761070461,0.229166666666667,0.177030618852832,NA
525,1.21230106800655,1,2.50467977439604,1.6309363729612,0.62374245472837,0.477209662355026,NA
526,0.625707080046971,1,1.30737471688383,0.834093787625404,0.343347639484979,0.25028674784923,NA
527,0.195534494716618,1,0.415566345131475,0.258304406728089,0.104384133611691,0.0745355549912391,NA
528,0.351963948473018,1,0.763691821025874,0.46080623778418,0.191625266146203,0.145069637523871,NA
529,0.508395053798293,1,1.12883265357639,0.659751101536693,0.305882352941176,0.231213214303287,NA
530,0.469290219330774,1,1.06765260143096,0.603706180245387,0.277563608326908,0.208999956157984,NA
531,0.351969522540037,1,0.820462065018546,0.448891022582715,0.196936542669584,0.144236386418464,NA
532,0.391079311779568,1,0.932723076056485,0.49453681118898,0.22075055187638,0.158567823590432,NA
533,0.547513926839916,1,1.33229024697194,0.686550979108806,0.297661233167966,0.22209390956948,NA
534,0.117325032261204,1,0.290057574257922,0.145900838583022,0.0641482537419815,0.0506588206482213,NA
535,0.23465130326936,1,0.585970681946975,0.289417595181164,0.120562625586068,0.0975510398620218,NA
536,0.664848869083276,1,1.66618254371932,0.813401241591313,0.33289817232376,0.266860208795599,NA
537,0.351980671203753,1,0.879542118313521,0.427194288718415,0.192582025677603,0.142397750549265,NA
538,0.195545849657243,1,0.483817463465165,0.235463958704422,0.10482180293501,0.0776185605680828,NA
539,0.156437505591974,1,0.380457962342093,0.186908959894192,0.089086859688196,0.063559233725165,NA
540,0.664862908734213,1,1.57907136025222,0.788276566044494,0.392307692307692,0.270320467414538,NA
541,0.46931747205148,1,1.08316400178456,0.552222454861454,0.254416961130742,0.182778229390599,NA
542,0.547539941349916,1,1.22313478375622,0.639450908563358,0.307242136064375,0.221563870008656,NA
543,0.5866530342896,1,1.2641469473652,0.680079523720927,0.321428571428571,0.239309970946388,NA
544,0.234662452580511,1,0.486215205577836,0.270054574316833,0.148392415498763,0.110484630349683,NA
545,0.547548613402614,1,1.08739951407228,0.625608180346955,0.337620578778135,0.253261630553079,NA
546,0.351997395523644,1,0.668260897962501,0.399330884536794,0.228813559322034,0.160103087615404,NA
547,0.351999253879516,1,0.637584093148609,0.396543176058122,0.216346153846154,0.166882811150252,NA
548,0.508446051035014,1,0.877894163642494,0.568840010271895,0.301158301158301,0.228784863613557,NA
549,0.625783058933558,1,1.03054337610416,0.695354813895698,0.36281179138322,0.289439276353822,NA
550,0.664898010455858,1,1.04642950180869,0.733864104610783,0.406050955414013,0.316197572822065,NA
551,0.821348937498201,1,1.23928348018186,0.900547146033577,0.47583081570997,0.373782472542689,NA
552,0.664905031244963,1,0.965678504171243,0.724263102438823,0.407023144453312,0.334802863405474,NA
553,0.977806678963405,1,1.37306100616121,1.05824742782722,0.611745513866232,0.453026627705713,NA
554,1.29071163070689,1,1.76067171044516,1.38803388493493,0.881567230632235,0.619616508231349,NA
555,0.664915562706626,1,0.884907420642982,0.710579631595554,0.437017994858612,0.321496135895745,NA
556,0.430241753291048,1,0.560291221844035,0.456954184262998,0.247933884297521,0.182232117215831,NA
557,1.21250588822699,1,1.54789835847048,1.27995849941334,0.798969072164948,0.610393883382656,NA
558,0.625812794825328,1,0.784089988420483,0.656668411614521,0.415944540727903,0.309369782585588,NA
559,1.13429167941529,1,1.39491547551319,1.18318719401166,0.725,0.552819677647453,NA
560,0.156454850796264,1,0.188672961329693,0.162248910945174,0.097323600973236,0.0715431671256859,NA
561,0.391139192135784,1,0.461599200486839,0.403296819556567,0.248138957816377,0.188059021490796,NA
562,0.899624891796249,1,1.03691442497746,0.922341899554284,0.514157973174367,0.393697438467381,NA
563,0.938743973979497,1,1.05565497549317,0.957085200027446,0.535315985130112,0.413903359061679,NA
564,1.21255070187622,1,1.33024878280838,1.22945293323423,0.687361419068736,0.516651013284807,NA
565,0.821409651162161,1,0.87966385014161,0.828353301019315,0.452586206896552,0.34696877277162,NA
566,1.01698874729017,1,1.0640684479193,1.0201185630502,0.557142857142857,0.431887844895723,NA
567,1.13433959204706,1,1.16084644336717,1.13185509203153,0.706742485783916,0.5433860657621,NA
568,0.664961202895889,1,0.666419444438489,0.660072239519964,0.447368421052632,0.320360267589202,NA
569,0.938773713796516,1,0.922528426673294,0.927122968585806,0.610687022900763,0.437505335801261,NA
570,1.0952417823852,1,1.05710768189658,1.07622027294214,0.707666385846672,0.539903513152555,NA
571,1.0170155964449,1,0.966256853430306,0.994412699206675,0.664961636828645,0.502683949260871,NA
572,1.4864152586518,1,1.39393236786571,1.44630496640085,0.875576036866359,0.702278213417607,NA
573,1.09525913161942,1,1.01695962961235,1.06059536149228,0.665083135391924,0.501368441345295,NA
574,1.21261472712174,1,1.11815428462271,1.16869422013244,0.55622009569378,0.40383621199126,NA
575,1.29085475130966,1,1.18534893310464,1.23831863369812,0.673011556764106,0.532031046792439,NA
576,1.29086156736816,1,1.18316663307664,1.23265938638671,0.682288077188146,0.520315667244461,NA
577,0.704110027362896,1,0.64518698839614,0.669334797614428,0.402684563758389,0.304905053238122,NA
578,1.36911006028905,1,1.25500098137856,1.29572079214674,0.786516853932584,0.63106773359838,NA
579,1.01705855804135,1,0.93267870924153,0.958339991930072,0.589123867069486,0.433690215320487,NA
580,1.05618177189981,1,0.968231885955186,0.990929979984648,0.620689655172414,0.466830092523909,NA
581,1.29089564874041,1,1.18119727246922,1.20602360683355,0.79646017699115,0.602808964425908,NA
582,1.56473026088584,1,1.4258231591634,1.45577386403964,0.98119378577269,0.743921952487101,NA
583,1.01708004020071,1,0.919825774186914,0.942385064229279,0.594059405940594,0.455966713209717,NA
584,1.17356008947963,1,1.04812906988786,1.0829942571707,0.695517774343122,0.503149316046351,NA
585,0.430307638377991,1,0.377075564269083,0.395526733279172,0.258620689655172,0.193566987182007,NA
586,1.05621523520101,1,0.9012303208527,0.967059643675675,0.589090909090909,0.430471218422401,NA
587,0.743266497772464,1,0.612811749203143,0.67791804295448,0.436781609195402,0.321363932579941,NA
588,1.0953458860358,1,0.866448609332438,0.995275137256002,0.670391061452514,0.498569821088831,NA
589,1.79950631525008,1,1.35764881947576,1.62903945898344,1.14143920595533,0.864389896217503,NA
590,1.17359727249614,1,0.840631731775508,1.05854780244042,0.72289156626506,0.575502872551899,NA
591,1.72128508917879,1,1.16623772922081,1.54697689974623,0.953757225433526,0.780928083460611,NA
592,1.36921127858501,1,0.875018654013838,1.22621690614384,0.887573964497041,0.685998147571535,NA
593,1.40833903786558,1,0.84705987840824,1.25688550893704,0.884520884520884,0.684915032408569,NA
594,1.29098426873112,1,0.729707500341318,1.14822413890804,0.786338363780778,0.590034537085893,NA
595,1.40835391217178,1,0.747674604278571,1.24841791661652,0.88379705400982,0.682969212078976,NA
596,1.72133053820776,1,0.858795743155311,1.52082718853258,1.02803738317757,0.827980941312224,NA
597,2.11255318018828,1,0.992372769363216,1.8604383746891,1.2319391634981,0.983202924202631,NA
598,2.19080745989811,1,0.971999781713462,1.92321674687714,1.211247296323,0.980709955867424,NA
599,2.34730610287799,1,0.987687001267421,2.05415954533214,1.35236664162284,1.05540639666538,NA
600,2.66029429870031,1,1.06690034359878,2.32090998057776,1.55251141552511,1.27006263423014,NA
601,2.38645307654202,1,0.917378893983556,2.0757217337221,1.30807719799857,1.0649164321072,NA
602,2.93417911399556,1,1.08788382819099,2.54456551330865,1.61406025824964,1.32434778234395,NA
603,3.01243979904105,1,1.08459231098725,2.60482797818354,1.71747211895911,1.390979126265,NA
604,3.24719251628769,1,1.14360314585641,2.79978673780362,1.78494623655914,1.41265761723792,NA
605,3.59931673706301,1,1.24952586034121,3.09467843032736,2.01901975128018,1.67793657805066,NA
606,3.87319824779922,1,1.33596680324026,3.32097616913548,2.12903225806452,1.77971284492445,NA
607,3.52110791151873,1,1.21624978982593,3.01090936467693,1.95510499637944,1.61832004563663,NA
608,2.58215943850536,1,0.899831703534882,2.20214131681191,1.53846153846154,1.27131513172022,NA
609,2.58217307537435,1,0.913959955592997,2.19640516662502,1.43582306018854,1.12480648723626,NA
610,3.09079924664549,1,1.11814820476456,2.6223086480363,1.68443496801706,1.35672381594266,NA
611,2.58220034954444,1,0.960512264430329,2.18529212685179,1.52895752895753,1.19201768564844,NA
612,2.46484062380712,1,0.94805461844294,2.08082402367401,1.44938650306748,1.09793395224483,NA
613,2.85610025110943,1,1.14200882632817,2.40528768245053,1.60557184750733,1.29982274340452,NA
614,2.34749205625447,1,0.980760656124864,1.97226217102863,1.2987012987013,1.04758136052992,NA
615,2.62137997384974,1,1.14966928120508,2.19723763887062,1.39486467730743,1.12325709840835,NA
616,1.68238707745592,1,0.777708947178958,1.40695065217197,0.940233236151603,0.73991172579132,NA
617,1.76064693784899,1,0.860600047108728,1.46909608651251,1.00746268656716,0.794859484759993,NA
618,1.56502776586501,1,0.810849948149016,1.30299816267004,0.845070422535211,0.68000572930435,NA
619,1.72153963465783,1,0.947097332256289,1.43021460839466,0.923076923076923,0.745357544798519,NA
620,1.79980094182202,1,1.05272964894087,1.49207082220407,0.958333333333333,0.835570538995642,NA
621,1.33029467859528,1,0.827923602823572,1.10055488203602,0.702479338842975,0.568394692250608,NA
622,1.68244039112911,1,1.11425832019801,1.38905772198165,0.854870775347913,0.695390857892701,NA
623,1.33030873070636,1,0.93709633220337,1.09614355615179,0.676841406768414,0.569463035130434,NA
624,0.821665614539351,1,0.614788376217072,0.675712400219199,0.44903777619387,0.381742874340299,NA
625,1.48683134583366,1,1.17905896082879,1.22038659837962,0.80168776371308,0.690232932136728,NA
626,1.17382042008497,1,0.983912998896139,0.961663782097571,0.634249471458774,0.520553542098873,NA
627,1.09557151185108,1,0.967500027147986,0.895911094543067,0.645161290322581,0.496241772125658,NA
628,1.05644953769526,1,0.979024944138772,0.862366757054333,0.604026845637584,0.482235776415722,NA
629,0.86081528100176,1,0.83327669964246,0.701436791864327,0.478955007256894,0.367775299481562,NA
630,0.939076175599839,1,0.944668655171622,0.7638898875714,0.492813141683778,0.38507467907925,NA
631,1.21297980016781,1,1.26123123978968,0.985032804489557,0.596153846153846,0.481568493028927,NA
632,0.899957508360131,1,0.961949171869746,0.729628729051795,0.463087248322148,0.381237226100629,NA
633,0.82170467382402,1,0.897710465753313,0.665110603299066,0.454545454545455,0.367115022373822,NA
634,1.01735401730086,1,1.12927280652739,0.822173736430052,0.559540889526542,0.462931124620425,NA
635,1.09561780555915,1,1.22832921222607,0.884054296688846,0.622699386503068,0.540040814206185,NA
636,0.939105936469499,1,1.05703238770768,0.756619593402012,0.508771929824561,0.421791540716339,NA
637,0.743462793298289,1,0.83483391192295,0.598108470544999,0.391613361762616,0.318557457502605,NA
638,1.0565053393259,1,1.17571005455632,0.848720131850161,0.561290322580645,0.478616071861678,NA
639,1.17390102201465,1,1.2860483646085,0.941695647658235,0.629522431259045,0.525481690677038,NA
640,0.978256018851315,1,1.04790516303948,0.783667566836466,0.61965811965812,0.466533236764326,NA
641,0.391304474431337,1,0.406910382715545,0.31304604173038,0.245554614733277,0.182310543081576,NA
642,0.430437195478382,1,0.431335456138548,0.343898959160068,0.241849886277483,0.182978855375917,NA
643,0.586962912417698,1,0.563181730688568,0.468352470802803,0.33256880733945,0.259421700113149,NA
644,0.93914562056348,1,0.858921922057466,0.748426947048261,0.546739984289081,0.422892266642028,NA
645,0.860888032868461,1,0.748956729007105,0.685220785021598,0.514516129032258,0.403653469981349,NA
646,1.01741850395361,1,0.842270290155384,0.808842094261629,0.647210300429185,0.50889565469219,NA
647,1.64353088018597,1,1.29822014437069,1.3050733976518,0.895588235294118,0.683204081942317,NA
648,1.6826714560972,1,1.27431971128699,1.33463305823973,0.897122302158273,0.736633834728979,NA
649,1.83920874861642,1,1.34372276760172,1.45717398692447,1.00516224188791,0.842509070080756,NA
650,1.83921846392692,1,1.30531397159933,1.45560561955179,1.00888230940044,0.825617362603584,NA
651,1.8783606937941,1,1.30414086060709,1.48501702965002,1.0609756097561,0.81390425876455,NA
652,1.21311435618151,1,0.829514699097503,0.958093897031677,0.706205813040063,0.539549854328748,NA
653,1.44791833164994,1,0.981042202911387,1.14239416692967,0.89640768588137,0.62611889402835,NA
654,1.72185792239561,1,1.16265652176874,1.35720775206974,1.0208,0.754286311765144,NA
655,1.33053360486483,1,0.900288391916579,1.04776369367598,0.843455945252352,0.611391817289727,NA
656,1.36967418144869,1,0.933540274449334,1.07759225543899,0.87274290627687,0.620885687219636,NA
657,1.29141390725861,1,0.891132981467651,1.01511070384736,0.734458940905602,0.545923365178349,NA
658,1.56535845966472,1,1.09924661879189,1.22937228708471,0.941558441558442,0.729920027145732,NA
659,1.76103756990034,1,1.26541578204433,1.38188105271165,1.03080568720379,0.787840874558009,NA
660,1.56537499802325,1,1.15757137345674,1.22733600234824,0.944625407166124,0.726286804356257,NA
661,1.64365243070024,1,1.25787859661426,1.28768185293211,0.932618683001531,0.722061945184876,NA
662,1.40885238305812,1,1.12158192936192,1.10287911616751,0.738330975954738,0.594221233104489,NA
663,1.17404985466223,1,0.976377701697317,0.918381186825957,0.622317596566524,0.526744709934143,NA
664,1.36973206631513,1,1.19336796970166,1.07067120984397,0.790498442367601,0.631890922022724,NA
665,0.743572764088047,1,0.679473681598959,0.580815163289462,0.460702341137124,0.344750577828357,NA
666,0.313084923039138,1,0.299753046044298,0.244388277047218,0.209954751131222,0.149358655792194,NA
667,0.782716442515116,1,0.782742963949537,0.610570835347218,0.471380471380471,0.356539136863544,NA
668,0.626176461980861,1,0.651286436647473,0.488147679649604,0.390924956369983,0.289908758395947,NA
669,0.704452241232652,1,0.758345348733536,0.548830600461694,0.427843803056027,0.312340067133071,NA
670,1.09582038654069,1,1.21504516078105,0.853233035954927,0.62370723945903,0.468508161652326,NA
671,0.665323035227928,1,0.756574911513676,0.517739735525222,0.365310821181888,0.297598737298639,NA
672,0.469642270654087,1,0.545657310574509,0.365263074599542,0.270967741935484,0.198033501703441,NA
673,0.978426566170278,1,1.15835587902771,0.760563295442035,0.574241181296144,0.43536025107383,NA
674,1.01756900460712,1,1.2264636797241,0.790584495157324,0.607679465776294,0.471351550674127,NA
675,1.36981166599572,1,1.68244221001779,1.06372954737775,0.753846153846154,0.576386436103977,NA
676,1.0175797563576,1,1.27659717194878,0.789829383685383,0.588520614389652,0.457748277435583,NA
677,1.3698261396589,1,1.76021735345959,1.06275499416701,0.732436472346786,0.553762205735665,NA
678,1.21328099070745,1,1.60077639141695,0.940893078697855,0.735593220338983,0.551486511531174,NA
679,0.234829819479076,1,0.318346721966863,0.18203357021296,0.135265700483092,0.104931945846879,NA
680,0.547939140290868,1,0.76167588271229,0.424578507122344,0.303875968992248,0.236149194769928,NA
681,0.313109734377798,1,0.444390445169944,0.242525639778114,0.185892116182573,0.149832632417545,NA
682,0.391389235758581,1,0.563806894006747,0.303049265435941,0.238095238095238,0.182246726481393,NA
683,0.665365216063498,1,0.966395098764478,0.51500978122836,0.366153846153846,0.308307053942135,NA
684,0.626229394234873,1,0.911157263188711,0.484559945668111,0.376470588235294,0.313911631621574,NA
685,0.939349054196828,1,1.36102246336249,0.726619912350912,0.522550544323484,0.446600670694324,NA
686,0.626236011395858,1,0.898746827280448,0.484274955988412,0.353033884948779,0.30399590355495,NA
687,0.313119660014395,1,0.442876180700964,0.242072435594802,0.17693522906793,0.146071656091829,NA
688,0.2739811500548,1,0.380203716729574,0.211760020891323,0.158833063209076,0.134712418697563,NA
689,0.900228535011843,1,1.22199965192713,0.695619106391115,0.547619047619048,0.479677491794475,NA
690,0.704530401904533,1,0.934811957797414,0.544278235212465,0.438642297650131,0.375580917216122,NA
691,0.821956478319566,1,1.06742735292233,0.63486227686262,0.466666666666667,0.405814459699593,NA
692,0.861101812612103,1,1.09791212794859,0.664969228643694,0.526046114432109,0.431607232652502,NA
693,1.4482243365464,1,1.82154109745986,1.11816531678322,0.854785478547855,0.724968079914677,NA
694,0.743686696707958,1,0.928249009370512,0.574103261461239,0.456260720411664,0.369068416320503,NA
695,0.939398685526383,1,1.17073245586926,0.725080759930149,0.56140350877193,0.441143017502784,NA
696,0.978545467653953,1,1.22521915293289,0.755197239376507,0.568643379366369,0.490340722787613,NA
697,1.09597671449193,1,1.38711822308536,0.845726803772365,0.647398843930636,0.557649199086861,NA
698,0.978555808279134,1,1.25902181403209,0.755040241787063,0.620017714791851,0.494461720029095,NA
699,0.782848782938944,1,1.02861892274543,0.603982530427507,0.474174428450466,0.369137643209567,NA
700,0.821995565263205,1,1.10632400045111,0.634138541530115,0.503424657534247,0.411311755557434,NA
701,0.665428497346147,1,0.91842932441856,0.513322557756206,0.40373197625106,0.3286983305934,NA
702,0.430573655681465,1,0.60879277640364,0.332136578043901,0.259259259259259,0.218761932203956,NA
703,0.743722062206671,1,1.07374771319174,0.573675307243743,0.458620689655172,0.388249469921416,NA
704,0.665439045396876,1,0.976036127807955,0.51328181034868,0.454632282712512,0.381233656816438,NA
705,0.469724161050423,1,0.695130139560181,0.362316723779915,0.293193717277487,0.253724017461188,NA
706,0.508870529942013,1,0.753305837184206,0.392515108262606,0.301574150787075,0.269503968089955,NA
707,0.58716140627825,1,0.861197317206481,0.452914066593129,0.393258426966292,0.344721283140902,NA
708,0.469731607048033,1,0.675928829972446,0.362345506809372,0.311111111111111,0.267522370433929,NA
709,0.704601133649543,1,0.985354955896252,0.543546507525311,0.480916030534351,0.404472045666808,NA
710,0.78289428529598,1,1.05513273524401,0.603979480294863,0.522388059701493,0.452269126717421,NA
711,0.743753501029377,1,0.95917928342722,0.573824537668544,0.527777777777778,0.448458509161101,NA
712,0.743757431069106,1,0.912478850439265,0.573875538159618,0.51104707012488,0.424953219841186,NA
713,0.70461602635298,1,0.818590250644131,0.543726395418642,0.465804066543438,0.389001493656948,NA
714,0.548037583043384,1,0.600929086889644,0.422945958329811,0.398779247202442,0.321321660045497,NA
715,0.822060718430915,1,0.849266840415929,0.634497821070518,0.613778705636743,0.496998944495495,NA
716,0.626335285594409,1,0.609649551970795,0.483492583954523,0.484324324324324,0.405138415547644,NA
717,0.822069406300317,1,0.755285896345462,0.634677429343019,0.59214501510574,0.504531847370565,NA
718,1.37012291717313,1,1.19275969282847,1.05796327804619,0.872662511130899,0.745335958642378,NA
719,1.330983581334,1,1.10419918220962,1.02790991740093,0.879039704524469,0.718667633516742,NA
720,1.56587131133093,1,1.24682148854298,1.2095239049092,1.02658111824015,0.833010532403962,NA
721,1.87905550306293,1,1.44768783985402,1.45170609410789,1.20322291853178,1.00906093641417,NA
722,1.80077103960729,1,1.35396745695407,1.39149900868024,1.35721812434141,1.09565614606272,NA
723,1.48760132849494,1,1.10083664170608,1.14974312211707,1.15652173913043,0.895928566820853,NA
724,1.72249485108254,1,1.26449757793832,1.33157778057085,1.28066528066528,0.981326624106277,NA
725,1.64420831922868,1,1.20612071600754,1.27134733708821,1.24050632911392,0.969637875601581,NA
726,1.29188479197674,1,0.952965062635351,0.99915828911359,0.951596292481977,0.760892185969358,NA
727,1.68337392768024,1,1.25514873699125,1.30226252925272,1.2064128256513,0.943358256488484,NA
728,0.978710943886512,1,0.740540866914211,0.757328109022996,0.666032350142721,0.544157128504252,NA
729,1.09616204983104,1,0.843788990522113,0.848438299891787,0.800817160367722,0.646687447701077,NA
730,1.60510291233525,1,1.25857028318838,1.24270597276636,1.16076845298281,0.909305122418575,NA
731,1.01787551855879,1,0.813123311594635,0.788286781543758,0.666056724611162,0.52358687488949,NA
732,0.900433101762679,1,0.73190784677199,0.697539996005076,0.618042226487524,0.445083553537355,NA
733,1.0178862767876,1,0.839757034414933,0.788767427157503,0.617472434266327,0.489943498274394,NA
734,1.17449037229302,1,0.98013793118084,0.910406016008199,0.749330954504906,0.614822441460195,NA
735,0.939597263301987,1,0.790048455904566,0.728563144896414,0.608695652173913,0.491108160838654,NA
736,1.40940334323306,1,1.18889883054233,1.09321188066763,1.00298507462687,0.770688009239307,NA
737,1.17450899299323,1,0.98954216569488,0.911323818498345,0.854526958290946,0.638102714560606,NA
738,0.861311146684639,1,0.721399781790801,0.668540092120755,0.584440227703985,0.424994965134178,NA
739,1.09621997997997,1,0.908381199611107,0.85117674299253,0.714676390154968,0.549209830626343,NA
740,1.13537669380776,1,0.926670570088426,0.881901813180003,0.786821705426357,0.600770451290041,NA
741,0.704720292907191,1,0.564336234832999,0.547594136736533,0.470149253731343,0.363576876894582,NA
742,1.44859936886036,1,1.13475338032551,1.12604443692928,0.938405797101449,0.744392653214227,NA
743,1.40945548339802,1,1.07824276744972,1.09604213463246,0.93854748603352,0.732615981404275,NA
744,1.60522167290626,1,1.1986865012289,1.24877133501623,1.05321100917431,0.830758724565454,NA
745,1.60523015647667,1,1.17054712133905,1.24928221458099,0.960669456066946,0.802228330427897,NA
746,1.34009309870358,2,1.73048272384323,1.09985880433809,1.06115349859317,0.742016090625412,0.519768356571801
747,1.36470545446413,2,1.84482917811267,1.1330372920032,1.14567241037829,0.789624501394205,0.519768356571801
748,1.31647122787076,2,1.97287997452509,1.11644954907712,1.15399262625366,0.848084501764553,0.519768356571801
749,1.48354610015621,2,2.21780709408512,1.26757711976316,1.3086833244728,0.971378568152149,0.519768356571801
750,1.26154681598696,2,1.70438970687096,1.06913635880838,1.03221274460612,0.774220858053869,0.519768356571801
751,0.997256782563277,2,1.41824021415887,0.858935816984697,0.827810914194272,0.612564767936838,0.519768356571801
752,1.55199991729091,2,1.93098301970365,1.31707786621219,1.23285361945991,0.93986185329265,0.519768356571801
753,1.61509353563182,2,1.87601208230091,1.36441777429929,1.23439530089081,0.934858652786903,0.519768356571801
754,1.53448941257291,2,1.80748372735387,1.30781172216607,1.19609647380732,0.925807454899669,0.519768356571801
755,1.56603766315513,2,1.88580125545571,1.34888931045344,1.21926485785775,0.968168304096437,0.519768356571801
756,1.36396742538515,2,1.42497449503454,1.15061695618359,1.00706620183318,0.791188992249713,0.519768356571801
757,1.42573392575667,2,1.57155115055424,1.22078918461665,1.14429850852871,0.857479571635753,0.519768356571801
758,1.42580506972929,2,1.39571318932551,1.19671904401162,1.00631812776786,0.779476032698552,0.519768356571801
759,1.30800919438338,2,1.4033657227976,1.12217176800074,0.900169782912791,0.695254782911016,0.519768356571801
760,1.18102255198141,2,1.24462461171181,1.01122362723336,0.848717887289076,0.668101955268315,0.519768356571801
761,1.3104743173422,2,1.41220109349971,1.1295244826136,0.966215004260026,0.749556913430049,0.519768356571801
762,0.719010796593693,2,0.881231743271435,0.643703223748378,0.556320885740252,0.419992581565386,0.519768356571801
763,0.914119992632049,2,1.16836550515645,0.831410785752884,0.743879103086208,0.552016423530875,0.519768356571801
764,0.69612614948536,2,0.878603359128753,0.631186443596214,0.546344468398231,0.412106365730685,0.519768356571801
765,0.715115654657719,2,0.923932479925515,0.654536429190808,0.57666518329645,0.42190601390408,0.519768356571801
766,1.0304764147732,2,1.32537925793803,0.940747998252266,0.831504665810365,0.628066357411088,0.519768356571801
767,1.17938068176316,2,1.49149787734456,1.06545020724754,0.939741211800035,0.700783208035224,0.519768356571801
768,1.01116822624263,2,1.27970440566063,0.909099686728688,0.780671296296296,0.5904920148817,0.519768356571801
769,1.06889570413335,2,1.43686157823463,0.988316639431129,0.817674837053391,0.608211446523654,0.519768356571801
770,1.03088688584246,2,1.43273070528195,0.968552153989233,0.804408755377561,0.586916858310799,0.519768356571801
771,1.16491813916196,2,1.63395274292035,1.09590585347453,0.952168237790831,0.707115961149748,0.519768356571801
772,1.11226014677383,2,1.58258697492764,1.05324679638961,0.897302631717381,0.670730932502941,0.519768356571801
773,0.912519098621861,2,1.40144597747178,0.923890912655761,0.765469409498832,0.563587818195692,0.519768356571801
774,0.591846572893861,2,0.87880067944039,0.583434317092232,0.490461142776908,0.365762567278174,0.519768356571801
775,0.901217327733295,2,1.32660103619111,0.889246851935736,0.758999220603698,0.569663652715712,0.519768356571801
776,0.778389310763342,2,1.16588712322683,0.79217399620406,0.659269604114936,0.483998065665902,0.519768356571801
777,0.605336495988105,2,0.890006851657344,0.616469810568676,0.501759733526066,0.361771668355389,0.519768356571801
778,0.388830859161312,2,0.598351545159492,0.417879159955231,0.337544945364765,0.243168443166249,0.519768356571801
779,0.657099548737384,2,0.824633254809787,0.621830732426905,0.515736200490293,0.399337837517421,0.519768356571801
780,0.754641992903411,3,1.34256772121089,0.768564805799221,0.62943975734636,0.462133250002984,0.416266105142476
781,1.65466050931014,3,1.76949188343194,1.22127410131976,0.9721132684434,0.841782205685069,0.416266105142476
782,1.51348477906994,3,1.14136053501376,1.17909214051244,1.00085718163849,0.635317397792018,0.416266105142476
783,1.41851167609937,3,1.18257896699213,1.15742302349324,0.951596890424814,0.787933070371759,0.416266105142476
784,1.44596574428807,3,0.982509754781453,1.19611758114631,1.02017473896902,0.895677639164028,0.416266105142476
785,1.41225958691909,3,0.799035602172732,1.1224203223356,0.957069921897022,0.786813491592031,0.416266105142476
786,1.61772408921137,3,1.34289639769045,1.31450480584184,1.11571310290421,0.962686457969425,0.416266105142476
787,1.40036355591202,3,1.14228456815715,1.18477500886218,1.00451481943197,0.731285471308065,0.416266105142476
788,0.795227653647577,3,1.0087277311123,1.07987668142315,0.902020921999304,0.655433372938158,0.416266105142476
789,0.982142985083329,3,1.04262605538845,1.0056269941651,0.803758225320927,0.591416955943584,0.416266105142476
790,0.597899606283827,3,0.751289757880497,0.907000430541824,0.692652847220681,0.505832293088855,0.416266105142476
791,1.12015141983855,3,0.805857524998925,1.01836557611796,0.828955619476196,0.614415133381412,0.416266105142476
792,1.20538062958339,3,0.88960022939874,1.14671583198725,0.916361134087635,0.703280796879486,0.416266105142476
793,1.31424727633332,3,0.947996336622786,1.23612356800565,0.971874201317737,0.751682228272832,0.416266105142476
794,1.78072629240966,3,1.31853916087096,1.74827555132734,1.44842332794516,1.11768181727742,0.416266105142476
795,1.01571514197664,4,1.11741343902281,1.45814095882964,1.01497206743678,0.705196063083405,0.368572134029108
796,0.937519185621454,5,0.896051164822496,1.15436989032123,0.930588798300202,0.528220564870753,0.436947260709956
797,1.32335151246626,5,1.0934454718369,1.3815875781295,1.09537099530254,0.790740256981112,0.436947260709956
798,1.16438520193617,5,1.31970878347722,1.62574099016426,0.920499660485432,0.633543974027916,0.436947260709956
799,1.07931153198868,5,1.20202120923338,1.45195003449644,1.10764716359738,0.747943754292061,0.436947260709956
800,0.966867657803964,5,1.11764658233084,1.31983241472951,0.755523397387302,0.530700624623538,0.436947260709956
801,0.825113000231407,5,0.987647265371424,0.910353360790058,0.740682955908258,0.466266360663551,0.436947260709956
802,1.16823771974403,5,1.100059301879,1.22543100210478,0.97754792639803,0.70263706919348,0.436947260709956
803,1.07579760460892,5,0.962927311869915,1.13937566459315,0.797881473168939,0.532379893986067,0.436947260709956
804,0.878142377634564,5,1.09759782823303,1.25492910111836,0.730232714726008,0.551241971490239,0.436947260709956
805,1.27292327017877,5,1.05905010682271,1.19702106543984,0.996813905831576,0.705183108718212,0.436947260709956
806,0.935420521972919,5,1.17629013295047,1.04237565618205,0.768578119088336,0.534112082847897,0.436947260709956
807,0.582912926196407,5,0.76420044279459,0.635152234406446,0.450734401464615,0.318059351694633,0.436947260709956
808,0.902928611523701,5,0.944689875545724,0.724060445242856,0.741519180413246,0.471325658854674,0.436947260709956
809,0.766035202760099,5,0.891084386147031,0.802209986973427,0.536019293687351,0.374103960386927,0.436947260709956
810,0.681174765762345,5,0.959961479275329,0.848109494979804,0.591878971846253,0.407851905805097,0.436947260709956
811,0.73546987623751,5,0.847869716971649,0.805252319364851,0.648183960830875,0.452490900471989,0.436947260709956
812,0.909821850290697,5,0.960734014034282,0.966268554620006,0.732868646988066,0.534755434457721,0.436947260709956
813,0.73568075473629,5,0.675012167472158,0.72322723198016,0.566724119765517,0.426604234468323,0.436947260709956
814,0.907920806335532,5,1.0840440527607,0.905031414837412,0.683847184838573,0.490123550213935,0.436947260709956
815,1.12363118047302,5,1.1960840140898,0.991420499553036,0.74306513335913,0.544533626681532,0.436947260709956
816,0.76711884213537,5,1.04368284227192,1.0454052776126,0.634744735088721,0.44653753791051,0.436947260709956
817,1.43849626688677,5,1.40626292279879,1.28005601121141,1.06221335294638,0.700194199111649,0.436947260709956
818,1.26373494901251,5,1.37081438189492,1.22743003177268,1.0424480343053,0.620061480411431,0.436947260709956
819,0.934194327421161,6,1.1720827736035,1.03792645760391,0.843649750218134,0.589440602489653,0.55300069910995
820,0.95322559768717,6,0.985734885563503,0.947957416196211,0.677732336415043,0.453905443932817,0.55300069910995
821,0.994940763386558,6,1.0668710266425,0.931177273496707,0.732833183331506,0.494552974453259,0.55300069910995
822,1.07957300467586,6,1.195169545576,1.16980308754424,0.899145382442665,0.639361349934521,0.55300069910995
823,1.17896023465743,6,1.11857092834832,0.99401580362148,0.873476488711864,0.619344981566693,0.55300069910995
824,1.04501066113121,6,1.06354382604746,0.894093524191013,0.783427632295872,0.568636260384521,0.55300069910995
825,1.16367781947682,6,1.12374069157519,1.07358350144883,0.873085535199394,0.640725107194427,0.55300069910995
826,1.25384018690276,6,1.25188840184587,1.1302208158557,0.934832493240227,0.693311240842591,0.55300069910995
827,1.26734004329977,6,1.21763146404445,1.12329548003638,0.93329703895575,0.705521825365287,0.55300069910995
828,1.16703356719225,6,1.19803746076736,1.01699914882785,0.855907583840345,0.632543016485151,0.55300069910995
829,1.19233026296843,6,1.24126873644201,1.12265457412406,0.863861411783945,0.659769663339746,0.55300069910995
830,1.10638576668426,6,1.19893490377317,1.03026797426747,0.878273653751244,0.676203799560482,0.55300069910995
831,0.933209738588491,6,1.00654066452081,0.873932094238144,0.719517943044681,0.546907307254861,0.55300069910995
832,0.982125368731152,6,1.10499205060174,0.930591852006313,0.731966684257607,0.550148821023912,0.55300069910995
833,1.1926525359326,6,1.27935524197003,1.07721337862677,0.942937801182854,0.687923419068369,0.55300069910995
834,0.724337544975831,6,0.842973653383336,0.69445616675352,0.566881431913095,0.45451300797581,0.55300069910995
835,0.865167588038446,6,0.978049404523321,0.784590017893301,0.700424523816058,0.5233378875044,0.55300069910995
836,0.843600628593325,6,0.961430165261754,0.751297575338379,0.694133972422299,0.511371660779775,0.55300069910995
837,0.890284987016193,6,1.01450105868135,0.785852416000696,0.733873133680891,0.5510584845682,0.55300069910995
838,0.989607415315803,6,1.10335523176166,0.865759009952513,0.824001234598366,0.603747883849207,0.55300069910995
839,0.854182869561017,6,1.04817628874869,0.804826331658504,0.756560189932413,0.557897609281843,0.55300069910995
840,0.965048128371782,6,1.11999048701774,0.859381353798677,0.661550288224828,0.568301061045126,0.55300069910995
841,1.2957333156455,6,1.47129307380191,1.14920134560353,1.02986683117549,0.798549381476086,0.55300069910995
842,1.01563998345908,6,1.1262570874516,0.870342372362871,0.755271530780684,0.579902245895029,0.55300069910995
843,1.14902800832984,6,1.1857832707866,0.983329168639329,0.872353070524204,0.668504669434098,0.55300069910995
844,1.13671332988209,6,1.26136920281698,0.975270354864857,0.864308040975253,0.643297712494264,0.55300069910995
845,0.915485182340818,6,1.03317234680521,0.784697625957489,0.657703123285491,0.502518875988687,0.55300069910995
846,1.06996152787798,6,1.15198638412282,0.907917392811403,0.829345595934947,0.643662950323033,0.55300069910995
847,1.12596071742358,6,1.21519048737252,0.963557683230272,0.889506243986229,0.666908474671819,0.55300069910995
848,0.798573696168647,6,0.841815092256033,0.6723120568103,0.624934261892566,0.449756350215387,0.55300069910995
849,0.777740872937317,6,0.815031707778221,0.653408882373433,0.573319309600089,0.445972452317599,0.55300069910995
850,0.722449048913797,6,0.75424139046721,0.606977928779037,0.606332014167595,0.443626087916963,0.55300069910995
851,0.996493284655183,6,1.02407953859181,0.841549487845578,0.806566856437969,0.588870110941919,0.55300069910995
852,1.07891340249062,6,1.05377200540194,0.887453731026864,0.82440122445116,0.597523879387412,0.55300069910995
853,0.977755075694909,6,0.930693676637332,0.806585368443687,0.748126219226933,0.553813926627135,0.55300069910995
854,1.11250387441438,6,1.0897929283864,0.847383343568356,0.85709545085111,0.595324962808682,0.55300069910995
855,1.16058083807699,6,1.07846549712308,0.962130824516383,0.943792921985882,0.704881561413425,0.55300069910995
856,1.02281470622531,6,0.957110416163938,0.831497129107406,0.808183358465639,0.582951399559741,0.55300069910995
857,1.41989074298029,6,1.24266319334306,1.19238645655423,1.12398957712531,0.845330889762529,0.55300069910995
858,1.62567817631034,6,1.44909247343495,1.29475355270974,1.24450504852682,0.950564608397285,0.55300069910995
859,1.31374912298788,6,1.15089505482253,1.0854899133249,1.06236930198332,0.793180466612912,0.55300069910995
860,1.3290391867896,6,1.10626665954872,1.10478400167145,1.02351892859968,0.771371063384563,0.55300069910995
861,1.47943130713163,6,1.27111891325275,1.22554094003871,1.11782431831612,0.894110419319429,0.55300069910995
862,1.25934009280008,6,1.16515222294217,1.00611935702315,1.06620597026356,0.821424483437749,0.55300069910995
863,1.68140441854737,6,1.33160906644483,1.39564975735565,1.29960319529982,0.985695506403796,0.55300069910995
864,1.52131258057433,6,1.28800104389017,1.22747338192278,1.19184152143144,0.920544622040978,0.55300069910995
865,1.19562739149665,6,0.986559375072269,0.987844633548148,0.975929904344774,0.743644231095973,0.55300069910995
866,0.974851412203202,7,0.735646744930162,0.79662816826523,0.778655110921396,0.566682292689319,0.615631233812306
867,0.718926921262906,7,0.769181259739811,0.665263902255161,0.682808642015933,0.497137398228847,0.615631233812306
868,1.2812451140908,7,0.990240129261314,1.05453080155039,1.06866429819211,0.777584431251137,0.615631233812306
869,1.5637717970961,7,1.11055101586408,1.30538248631833,1.26705193374585,0.932566879366819,0.615631233812306
870,1.90695614416918,7,1.38397575629615,1.5868520673237,1.50460255412197,1.10011755301374,0.615631233812306
871,1.33867699935703,7,1.35639749669959,1.40672564141275,1.33878437776668,1.03606605531081,0.615631233812306
872,1.15541121901249,7,0.843290041058339,0.96466391875579,0.983510486418711,0.706637034312255,0.615631233812306
873,1.33118369067557,7,1.02387895273247,1.11513246304774,1.08858709221964,0.774241084969381,0.615631233812306
874,1.51947932625388,7,1.16741945900551,1.29827323720278,1.28376117238263,0.958275348311854,0.615631233812306
875,1.53071224662892,7,1.27855650565984,1.28952538110585,1.3089280859153,0.981340645805145,0.615631233812306
876,1.10788626983697,7,0.877128652399612,0.928939734174567,0.909341396374992,0.677261119164302,0.615631233812306
877,1.09216911298105,7,0.853564834280933,0.923797075433058,0.909648039521217,0.675968281113211,0.615631233812306
878,1.05877910203776,7,0.824158371701707,0.920483528141442,0.830184106350747,0.617701614426279,0.615631233812306
879,1.26125490167995,7,0.939324178721159,1.093733320031,1.03213855902672,0.778002659951283,0.615631233812306
880,1.43247202701318,7,1.27721106401968,1.23547520198504,1.20946352909551,0.879363995179754,0.615631233812306
881,1.53813568468543,7,1.35647589857553,1.33520048600813,1.28771040891841,0.935756773063508,0.615631233812306
882,1.47086698499519,7,1.30102330976105,1.21195748892973,1.21917641639598,0.929055640332773,0.615631233812306
883,1.64591481850213,7,1.54656405591081,1.43721691699242,1.38429293781065,1.04400060106669,0.615631233812306
884,1.0455668180228,7,0.92529225849175,0.920118884812316,0.876415021898804,0.640055125933511,0.615631233812306
885,1.12442168093518,7,0.855763253892184,0.991241709804935,0.898798616256931,0.687746845753868,0.615631233812306
886,1.33794945761749,7,0.952612977467524,1.1908244065828,1.07662580198638,0.79097664373291,0.615631233812306
887,1.25780794783853,7,1.22758392051839,1.13722245400103,1.02468498752819,0.765719914967685,0.615631233812306
888,1.25813388905667,7,1.24551764544061,1.14523725629954,1.00950281379001,0.757304765778142,0.615631233812306
889,1.09170257195473,7,1.00541706014193,1.00029024762496,0.881962155475164,0.67827125661863,0.615631233812306
890,0.908306202910543,7,0.839232369294659,0.841651259995188,0.827063915640324,0.573099096678826,0.615631233812306
891,1.14181833266603,7,1.08226907917669,1.0701504392252,0.957437322094464,0.726669308090367,0.615631233812306
892,1.28260402085741,7,1.26874975284833,1.28107394864828,1.03346590893126,0.780023261867117,0.615631233812306
893,1.30272858760528,7,1.21807488876169,1.21666337527343,1.0428471667167,0.754124410540057,0.615631233812306
894,1.38849697881349,7,1.14340132083469,1.2424134129096,1.07628930409612,0.805779509342848,0.615631233812306
895,1.29841713941188,7,1.06164470523678,1.09579320010533,0.957576749143661,0.706156045141127,0.615631233812306
896,1.08315725158141,7,1.0650847914983,1.06697809202067,0.909229929922567,0.69533826496072,0.615631233812306
897,1.20233186466515,7,1.17118565288925,1.18549899096794,0.976638194057298,0.728685006307844,0.615631233812306
898,1.04952482282742,7,1.04292072005181,1.05243364540818,0.888792055072004,0.652732012342477,0.615631233812306
899,0.926513498766706,7,1.04256102123425,0.934377693248111,0.812092572358516,0.598246867553305,0.615631233812306
900,0.9957324929013,7,0.961741016813174,0.97638860299258,0.86701866470181,0.622474466720412,0.615631233812306
901,1.03028757193689,7,1.07818477684589,1.05067388597643,0.936846237659829,0.677645297974935,0.615631233812306
902,1.09978352392305,7,1.07181033737958,1.13911015963723,0.948921783689425,0.685476309898968,0.615631233812306
903,1.20101604208285,7,1.29155366296134,1.2276928346903,1.05630587200927,0.754276328689179,0.615631233812306
904,0.775318974108449,7,0.787879434061797,0.784280821034697,0.734504552619553,0.52503210636076,0.615631233812306
905,0.708406453434345,7,0.69184441426598,0.731608460135759,0.675397074302931,0.485643834254621,0.615631233812306
906,0.852624828948567,7,0.957245317137284,0.838984254104081,0.77042922379917,0.568948109218311,0.615631233812306
907,0.900311272313538,7,0.997761286130062,0.875831594742596,0.819150443862908,0.613598287028406,0.615631233812306
908,1.08592513967072,7,1.14085247370869,1.08884064369426,1.0184871311469,0.751782572642744,0.615631233812306
909,1.05192332783231,7,1.16642865466782,1.05457144918259,0.951814571722794,0.69399073963787,0.615631233812306
910,1.20023337758271,7,1.40226472623963,1.25652525387853,1.03967724063664,0.741838998946576,0.615631233812306
911,0.724369937843161,7,0.839522831951436,0.765426381356587,0.618139530734217,0.450130767721743,0.615631233812306
912,0.883904252905031,7,1.15892201138531,0.853535380557981,0.765212407426863,0.512787492558713,0.615631233812306
913,0.916064864358645,7,1.17249177089534,0.988901389958564,0.822332815134319,0.587232799848198,0.615631233812306
914,0.605837189054117,7,0.762604666001324,0.621949837521894,0.555856814731514,0.394209035767063,0.615631233812306
915,0.673296636990836,7,0.811825598631655,0.729270904359296,0.634892206806587,0.455118045068167,0.615631233812306
916,0.423837099848565,7,0.562118068163831,0.410792305199247,0.390507459586858,0.282981387175514,0.615631233812306
917,0.382013788302876,7,0.529707939184704,0.361785893769722,0.384940443963754,0.267622974034073,0.615631233812306
918,0.601827087647805,7,0.896067054929691,0.615069445452423,0.558659564382582,0.400192691572488,0.615631233812306
919,0.559741149964505,7,0.961061955041649,0.573156388645057,0.516274695403211,0.367618533488787,0.615631233812306
920,0.684391782710369,7,0.965106813141258,0.696363848841895,0.61353889810848,0.435287218865148,0.615631233812306
921,0.667000904826341,7,1.0277737882947,0.677813333255142,0.593749938287936,0.462163683910686,0.615631233812306
922,0.596528102193384,7,1.01346497616219,0.631422535820183,0.543808508446905,0.396582726443154,0.615631233812306
923,0.816771069609791,7,1.34285016554203,0.815595558017805,0.713564696544853,0.520478031035038,0.615631233812306
924,0.637865576159809,7,1.07002534608693,0.666361460690379,0.567813205410395,0.41469179161561,0.615631233812306
925,0.665691048489915,8,1.03288526182996,0.633225956250883,0.589187531608484,0.416720302737568,0.608950838983508
926,0.223738172302235,8,0.520376362751816,0.253690368699562,0.180153750146393,0.147852907018417,0.608950838983508
927,0.3230110811749,8,0.540342160071633,0.36107876836402,0.277589813720093,0.19774875104393,0.608950838983508
928,0.358218617404919,8,0.629917192969472,0.396206976916232,0.309331169506581,0.222967690404144,0.608950838983508
929,0.510699148226811,9,0.828913033402407,0.529919723369975,0.419159531279672,0.298224845812562,0.625817400976974
930,0.423691850243732,9,0.678557300013695,0.445184306479257,0.355669099152683,0.256203193264103,0.625817400976974
931,0.471917024524405,9,0.695365690170443,0.505997451668259,0.413138188979027,0.297379546855924,0.625817400976974
932,0.523048540693644,9,0.661205163870631,0.554754373834404,0.428034934492374,0.311683443752613,0.625817400976974
933,0.66928368296682,9,0.850275826507078,0.728618604377917,0.558817000814541,0.413951393877548,0.625817400976974
934,0.877487671610183,9,1.22276656592254,1.16437322385918,0.749025984896163,0.574411702151614,0.625817400976974
935,1.1084726459455,9,1.50805766482583,1.21218698091929,0.907021902530812,0.629691102679987,0.625817400976974
936,0.771449541756436,9,0.990087783880533,0.843578896135906,0.64379991050404,0.473603054170341,0.625817400976974
937,1.07274168338848,9,1.23762550191288,1.18083493783145,0.904457565239195,0.666782684435611,0.625817400976974
938,1.08662922288212,9,1.23555460483535,1.1618417151142,0.877931263814118,0.659198822375131,0.625817400976974
939,0.921838608569826,9,0.926240609396886,0.887817829611908,0.652142133158932,0.477447763535708,0.625817400976974
940,0.35098123954772,9,0.481916227095981,0.395696426847978,0.298297451380953,0.215299350518256,0.625817400976974
941,0.385062823701767,9,0.490648617386001,0.449162323924401,0.322815339518964,0.228695516886231,0.625817400976974
942,0.465428864796639,9,0.64802254807846,0.520472153284436,0.414445252871902,0.30145092867528,0.625817400976974
943,0.523278000929423,9,0.692857798753206,0.571972388313608,0.428458438160629,0.314409801412351,0.625817400976974
944,0.546593791732264,9,0.764340493266464,0.595458152763277,0.466108095818495,0.346927749941945,0.625817400976974
945,0.774876841686643,9,0.996221505278021,0.884778215255795,0.661936898484064,0.489710417897722,0.625817400976974
946,0.912925349848249,9,1.1185144960465,1.01655625966389,0.768723701791605,0.595653115700187,0.625817400976974
947,0.938677732571621,9,1.07726753506294,1.05233065143242,0.772572564785949,0.590473568339056,0.625817400976974
948,0.558652053152696,9,0.64930105830154,0.63556601028099,0.470971533497131,0.354140307997613,0.625817400976974
949,0.580163779290603,9,0.680566643455391,0.63853642604724,0.502632099615017,0.380802467667112,0.625817400976974
950,0.60972985598189,9,0.783883449129376,0.693587393160877,0.529365860172804,0.404631743391266,0.625817400976974
951,0.662051781279051,9,0.916743676511376,0.759309197606755,0.552158655018657,0.429679375918654,0.625817400976974
952,0.886926251489566,9,1.1789505033098,0.902835086299081,0.750476287184824,0.595428304254836,0.625817400976974
953,0.598193326711752,9,0.844937133804198,0.625577025061866,0.504501306477502,0.403874411838838,0.625817400976974
954,0.606744918993908,9,0.837113566670286,0.674332939038475,0.501769421665684,0.407742351218534,0.625817400976974
955,0.680312744445883,9,1.02430249921326,0.854194718279488,0.691693884310878,0.522765678779762,0.625817400976974
956,0.84692062012713,9,1.10109996055304,0.869409428036984,0.774609644767746,0.57957453982419,0.625817400976974
957,0.737730254707867,9,0.945919766122456,0.844429987647622,0.692237546253198,0.510810159326795,0.625817400976974
958,0.884430195135696,9,1.17124955539178,0.978049135333366,0.821697496478559,0.58089149745004,0.625817400976974
959,0.621244488888183,9,0.710003722269126,0.6825126544499,0.556549328573982,0.400762550813537,0.625817400976974
960,0.794893308315073,9,0.955845289639518,0.918976596770851,0.7087289082243,0.529400505353455,0.625817400976974
961,0.985411459053216,9,1.2248497014885,1.083452248352,0.829998236377149,0.631143675012325,0.625817400976974
962,0.887038767011479,9,1.09127092907894,0.971534747361828,0.741073733919876,0.568479951317068,0.625817400976974
963,0.899456874603596,9,1.05069111313718,1.032710812515,0.7729583150563,0.577761852426618,0.625817400976974
964,0.968117512607254,9,1.09780861264563,1.14440707037562,0.804931380476062,0.607025690974192,0.625817400976974
965,0.842053709240741,9,0.893091137273627,0.972498952269121,0.737838003074225,0.554237251736271,0.625817400976974
966,0.492740116169748,9,0.535175602570698,0.572210012500047,0.459174440683161,0.322883439452034,0.625817400976974
967,0.573908479134872,9,0.744331528827049,0.695932289836441,0.540384200880436,0.386597051629085,0.625817400976974
968,0.711046655788534,9,0.929049025782939,0.841238417141642,0.649192463759281,0.528647640501972,0.625817400976974
969,0.91456237722165,9,1.14987880786538,1.1286038798148,0.753446485411837,0.563531290057987,0.625817400976974
970,0.769489988275887,9,0.862018715571828,0.855634642673905,0.688122896563642,0.492439043453122,0.625817400976974
971,0.73312164619272,9,0.761433529662389,0.843883031292055,0.648412438067001,0.482231640865151,0.625817400976974
972,0.64459253770145,9,0.668433647827478,0.780999841653013,0.512917617669197,0.402948503921373,0.625817400976974
973,0.805312631753041,9,0.875739755941001,0.920714743283682,0.709751988463444,0.530905472514377,0.625817400976974
974,0.914305293383931,9,0.947649670970478,1.01012363497476,0.792447918489331,0.594426854734381,0.625817400976974
975,0.884881894603424,9,0.898549317342066,1.00572623210087,0.776510268836163,0.5820738269636,0.625817400976974
976,0.81539676155104,9,0.891354200198051,0.912327149877754,0.704517861557523,0.538151895296755,0.625817400976974
977,1.02706307540902,9,1.15418740996615,1.17765848541446,0.920066810855125,0.687245313546259,0.625817400976974
978,1.05385584341163,9,1.12902919259268,1.17051098057226,0.946543562511747,0.727013376615295,0.625817400976974
979,1.12814876822544,9,1.19106181293251,1.25155536888468,1.00599698729895,0.760797061296437,0.625817400976974
980,0.915344787514075,9,0.961161283165744,1.02585577260552,0.81288696920509,0.60433898182046,0.625817400976974
981,0.592144327001062,9,0.645667542159786,0.662739492408007,0.539803007717693,0.404852072743938,0.625817400976974
982,0.628750840957014,9,0.663074765536072,0.713332612998192,0.528057313782044,0.380163037551689,0.625817400976974
983,0.593863990516761,9,0.650730325143444,0.663818113038559,0.565605646144087,0.408254077898796,0.625817400976974
984,0.720815991213284,9,0.767073998043726,0.83021933035691,0.676379100962302,0.463129715638068,0.625817400976974
985,0.796635083499835,9,0.820286630586291,0.91518098722513,0.742575343633803,0.551581640768629,0.625817400976974
986,0.812539646822606,9,0.863092816541161,0.934934278660572,0.756709498217403,0.560380852487789,0.625817400976974
987,0.886566484496137,10,1.00726577753823,1.0657839755993,0.804919508975788,0.56089896772947,0.693212939395404
988,0.916189624265625,10,0.989649774366163,1.19249143494018,0.773565770551962,0.595203716650211,0.693212939395404
989,1.09162218755273,10,1.18795445801749,1.34850363775163,1.03923005255317,0.750586728994731,0.693212939395404
990,0.695139234416223,10,0.799800881551786,0.898448187434248,0.656357661308478,0.459096206056069,0.693212939395404
991,0.894300827865166,10,0.987297708609115,1.10516097192497,0.782829200331731,0.562350528172944,0.693212939395404
992,1.03667007103912,10,1.14561992488553,1.2391660391885,0.928062903775062,0.686895500030538,0.693212939395404
993,1.12666949960839,10,1.17502426609947,1.35187569680834,0.966460812276206,0.726254687697552,0.693212939395404
994,0.979131945129216,10,1.08741208010354,1.22808743659237,0.86580734411689,0.657694537321332,0.693212939395404
995,0.924261252607223,10,1.06068245952591,1.09462838254852,0.833144858587761,0.629995805759618,0.693212939395404
996,0.903311209910804,10,0.959347193728879,1.04539171378509,0.797376771082221,0.605300586518443,0.693212939395404
997,0.896352162414867,10,1.03757501208475,1.02084973982282,0.790903047538171,0.591824882990259,0.693212939395404
998,0.779270170221538,10,0.831047349667656,0.898279530623154,0.681724351932063,0.511317635438573,0.693212939395404
999,0.858931833985602,10,0.922967247461225,0.987136877010197,0.728422636860332,0.539745423700641,0.693212939395404
1000,0.681795554869512,10,0.745973822991136,0.802548609069227,0.589670843768017,0.421929293926974,0.693212939395404
1001,0.831272983410502,10,0.92500252007618,0.942010393159661,0.721286777378082,0.539370811087866,0.693212939395404
1002,0.806667070833806,10,1.01466562785837,1.05772611311174,0.682417825232164,0.485246013728038,0.693212939395404
1003,1.13080930027808,10,1.22330194477712,1.35150643020733,0.886488102734999,0.661897148274863,0.693212939395404
1004,0.925592460740489,10,1.09655171307852,1.15006777529015,0.858215592678228,0.648220748422276,0.693212939395404
1005,0.905436844410443,10,0.942047769170374,1.05487471131865,0.822922341609003,0.615348188089834,0.693212939395404
1006,0.512423639516247,10,0.556942535377218,0.634149375544072,0.431020248190184,0.320199003645809,0.693212939395404
1007,0.778228149229074,10,0.748979944563743,0.941008778333921,0.698218530930786,0.53211088197995,0.693212939395404
1008,0.785379975961824,10,0.797649183873851,0.834131181961895,0.725677556955458,0.5560416903007,0.693212939395404
1009,1.02936371495222,10,0.997592761883769,1.12997332348301,0.943982962351366,0.736536476365066,0.693212939395404
1010,1.241952637562,10,1.1963313676648,1.41878400371095,1.13838940195523,0.891623411610604,0.693212939395404
1011,1.66790771126734,10,1.71527650196271,1.92844528166693,1.49815058179004,1.18471504347739,0.693212939395404
1012,1.3765563181785,10,1.34924477657556,1.5988626016155,1.24744385492791,0.983701909926979,0.693212939395404
1013,1.02975444410148,10,0.979803268401456,1.19547986100197,0.956515198023834,0.733554591917694,0.693212939395404
1014,0.949465508199337,10,0.887154640460632,1.0912651128598,0.886172574022344,0.663080434602624,0.693212939395404
1015,0.93501563200843,10,0.875747742769805,1.04127506975643,0.859733164406853,0.654907702757424,0.693212939395404
1016,0.881367673340257,10,0.857128883422421,0.99908359621661,0.810572855584304,0.61683914503395,0.693212939395404
1017,0.883197225379494,10,0.851890158897187,1.0029109339354,0.840770574913558,0.637055219243472,0.693212939395404
1018,0.937053147344625,10,0.951047787779049,1.0975740526795,0.884005641217873,0.671145757973589,0.693212939395404
1019,0.876079216289917,10,0.882606403692333,0.926636620144492,0.830664909227699,0.64331030292638,0.693212939395404
1020,1.03685867487303,10,1.02204530080819,1.17820853462024,1.00840668685826,0.782482913351358,0.693212939395404
1021,0.887003027092298,10,1.03140831288908,1.12077865292269,0.911347300562664,0.684297957304382,0.693212939395404
1022,1.25224692112509,10,1.37817116584892,1.48614919005508,1.05977672130202,0.870805818890231,0.693212939395404
1023,1.30906638924868,10,1.37021218521527,1.52309721005221,1.18649004584212,0.923509159873592,0.693212939395404
1024,1.10444367414371,10,1.18075624081643,1.31010608861303,1.00980464802629,0.761653764325949,0.693212939395404
1025,1.10024681291905,10,1.1877023210172,1.29210952992028,0.992219557308095,0.742085711494143,0.693212939395404
1026,0.978209966439977,10,1.11051176623544,1.14331764791472,0.899421391955093,0.692932351776256,0.693212939395404
1027,0.934821615372932,10,1.05606279108407,1.10089252231137,0.841354270636807,0.654834075571929,0.693212939395404
1028,0.827830489560254,10,0.969001274747671,0.944224772125188,0.770162983377865,0.583639082802293,0.693212939395404
1029,0.507609932565631,10,0.621114242078334,0.594883198529072,0.495786206125751,0.36580220752801,0.693212939395404
1030,0.271471117714633,10,0.347840477992382,0.247612433462977,0.220522412658584,0.16312184993383,0.693212939395404
1031,0.447273331826737,10,0.576645895418327,0.533660848900449,0.412704554607206,0.293144378040838,0.693212939395404
1032,0.502213090198636,10,0.631000924393205,0.589490106115699,0.461173672901306,0.352622177657375,0.693212939395404
1033,0.532024941088375,10,0.652093092231347,0.629005385568935,0.474280136202171,0.373860117118298,0.693212939395404
1034,0.816479976767272,10,1.03350400554278,0.927864485038152,0.718275488270559,0.560970138310324,0.693212939395404
1035,0.73247781304924,10,0.950570563097444,0.841289799490318,0.647107334339332,0.505284571747367,0.693212939395404
1036,0.936645109602787,10,1.2346057860461,1.07634096459607,0.878781561300923,0.668055474743004,0.693212939395404
1037,0.791519667809032,10,1.29847350603328,0.820991641661216,0.707969436212874,0.528687347872519,0.693212939395404
1038,0.754124062222924,10,1.01056784686758,0.824998770988069,0.711853821165137,0.542644323810124,0.693212939395404
1039,0.550106596939528,11,0.890013483295695,0.728542773380625,0.498175343922701,0.416019757729597,0.732694209844795
1040,0.776725123069401,11,1.16135667318409,0.979083859551031,0.734874345602432,0.527346606797869,0.732694209844795
1041,0.614573726694807,11,1.12245328943979,0.995958994773067,0.577163590835936,0.425416734538883,0.732694209844795
1042,0.80579470628706,11,1.2224911465714,0.996933939273066,0.668729738754607,0.50018876384553,0.732694209844795
1043,0.726136926605689,11,1.00094754200828,0.827236631082397,0.664186777462971,0.504852228301621,0.732694209844795
1044,0.571259846522023,11,0.811637832735317,0.720240549138388,0.51031575345315,0.372228897123582,0.732694209844795
1045,0.657697298223748,11,1.0317317757753,0.776630352851587,0.619119502849965,0.440201769638093,0.732694209844795
1046,0.619057579797275,11,0.79648665128031,0.704244661549041,0.56623592976525,0.413915191156252,0.732694209844795
1047,0.488011756302328,11,0.713836208917974,0.623119025094022,0.505612933711719,0.360549496385954,0.732694209844795
1048,0.649198639927617,11,0.904948161517739,0.653284419821908,0.615316212375715,0.472171071533501,0.732694209844795
1049,0.765943376041002,11,0.987700131303979,0.828988685161189,0.698022026155407,0.526269660075007,0.732694209844795
1050,0.738555601126335,11,0.914929546535468,0.838348799749384,0.641997700862139,0.490843694667895,0.732694209844795
1051,0.76627094946069,11,1.0118225521146,0.828127470376902,0.689770402538211,0.529019709017306,0.732694209844795
1052,0.56240586072673,11,0.717786572815995,0.59262311934371,0.530636625026023,0.393979361034441,0.732694209844795
1053,0.693479545124366,11,0.861713344745299,0.739214952854356,0.639741749516877,0.486190898771546,0.732694209844795
1054,0.783436494276866,12,0.956221777140105,0.943888553061932,0.697515802546944,0.522239318999289,0.761786212528328
1055,0.814856793686626,12,0.977689615587013,0.923955941732665,0.715433259833171,0.528220077453036,0.761786212528328
1056,0.849146705783003,12,0.967292477990149,0.968679881667957,0.7436958072941,0.571111043652893,0.761786212528328
1057,0.780542382438937,12,0.833990760808415,0.911612790084268,0.744528820785295,0.554968183283136,0.761786212528328
1058,1.09582286468015,13,1.18327922343932,1.13358728374806,0.964331715398717,0.733178105707244,0.77508692182405
1059,1.07842566695552,13,1.07365618206133,1.14714131543317,0.926966811196793,0.695444410632729,0.77508692182405
1060,0.927723816498793,13,0.928077488067336,0.926461287752163,0.84665711930665,0.625755700667637,0.77508692182405
1061,1.0505144805924,13,1.03944147926167,1.05252435914733,0.915601974508061,0.676350098756459,0.77508692182405
1062,1.0162117594611,13,0.999326828659798,1.0076763680351,0.883799218624071,0.671213180312582,0.77508692182405
1063,1.13191987380737,13,1.17341957066764,1.13111913645785,0.973330763184781,0.738068074280267,0.77508692182405
1064,1.08764514587359,13,1.04801217711128,1.03530140535456,0.903529633415989,0.677474142129491,0.77508692182405
1065,1.11410166754208,13,1.0609604817724,1.08616481062156,1.0088828406888,0.75725240771603,0.77508692182405
1066,1.22557148817104,13,1.22338964773515,1.1334360400532,1.09397048559675,0.848584628638302,0.77508692182405
1067,1.02265074275818,13,0.927716129009549,0.979069588625439,0.940419411787478,0.713810072103912,0.77508692182405
1068,0.953082905209751,13,1.01096524793697,0.940785503654086,0.888948340132817,0.673501995434936,0.77508692182405
1069,0.974934069302535,13,0.987450606143941,0.940359425752458,0.885074892530254,0.66595724214,0.77508692182405
1070,0.675249392581386,13,0.617428571913579,0.651901184471949,0.626887779754469,0.471789972982498,0.77508692182405
1071,0.91812893773553,13,0.899660981172834,0.887616146213216,0.833660399299863,0.643010174983777,0.77508692182405
1072,1.11702860105397,13,1.10809576932313,1.0657211691188,1.00737297632326,0.760898959216072,0.77508692182405
1073,0.957634062691676,13,0.964817205388662,0.912548499224973,0.861329085236309,0.639236428147757,0.77508692182405
1074,0.945592047751393,13,0.91032681520602,0.92050874615219,0.835856237767626,0.652160775645122,0.77508692182405
1075,0.755444077112455,13,0.673900403356226,0.695563979442752,0.655529050513773,0.508508775243857,0.77508692182405
1076,0.865412439441645,13,0.831365289068073,0.815702960856533,0.788940643729798,0.609140291694184,0.77508692182405
1077,0.963627952941479,13,0.92179556442374,0.926402357393934,0.836816065413902,0.660878376065126,0.77508692182405
1078,1.09233325608365,13,1.00135396916279,1.05570416981637,0.922317987468107,0.72355943550497,0.77508692182405
1079,0.925873832414493,13,0.882978356381331,0.891574076867879,0.816918661090019,0.641949196540911,0.77508692182405
1080,1.2565657298781,13,1.03790877426606,1.14803663579835,1.13348136661633,0.864485763439182,0.77508692182405
1081,1.25678133574166,13,1.03285943397374,1.15629401628166,1.09387021537698,0.861116546144289,0.77508692182405
1082,1.13017981533791,13,0.970284224606639,1.06996415477418,1.01643977638856,0.765534437365731,0.77508692182405
1083,1.24957846125642,13,1.04518376322512,1.15885679107747,1.08615154212143,0.811294050472565,0.77508692182405
1084,1.19485064964735,13,0.979247767501623,1.11041798601653,1.09446799028971,0.833759758155607,0.77508692182405
1085,1.38738104083992,13,1.1765184086029,1.28150536191065,1.2308218392594,0.947918392454526,0.77508692182405
1086,1.18933862558446,13,0.957764063885063,1.15002011246991,1.03769000282736,0.802187958837246,0.77508692182405
1087,0.92709764750054,13,0.767887754011007,0.869968078736714,0.871203091184464,0.650956361559943,0.77508692182405
1088,1.16133292089936,13,1.02666713149586,1.1458678490238,1.07988396298203,0.843964331332752,0.77508692182405
1089,1.05667436941204,13,0.922744511317786,1.09296005594691,0.993123108606859,0.762171312771626,0.77508692182405
1090,1.03920278365994,13,0.869948583910047,1.03673588839908,0.9404319260144,0.730389251614033,0.77508692182405
1091,1.35235192231342,13,1.08025184886161,1.24087928432733,1.19106540698736,0.905416097130824,0.77508692182405
1092,1.44390307369385,13,1.02779028219394,1.23777763376862,1.18560600446405,0.878511993814069,0.77508692182405
1093,0.984873679710858,13,0.811882755517245,0.924676544843728,0.873286201895031,0.656316378582861,0.77508692182405
1094,1.2798845959949,13,1.01751779935011,1.15735403122055,1.10623800746504,0.857103662773417,0.77508692182405
1095,1.41582621698601,13,1.10145155956014,1.32305204812466,1.30148507872082,0.981573914277522,0.77508692182405
1096,0.970512767702206,13,0.780435048625958,0.89987719007922,0.875543695391753,0.729387820701,0.77508692182405
1097,1.07455363507481,13,0.863498440744627,0.980004580427389,0.934994318581666,0.72172257598095,0.77508692182405
1098,1.36680416689712,13,1.07227132498986,1.2385786549578,1.16197112213529,0.917453461890289,0.77508692182405
1099,1.27181194768661,14,1.04157918858967,1.18550995873053,1.19082125305267,0.924911727240524,0.791123585712827
1100,1.2195386064577,14,1.02348168646977,1.16188402751101,1.186996343449,0.900658041757571,0.791123585712827
1101,1.09058256016321,14,0.941336463385984,1.04446957352207,1.07395626344718,0.819738580533837,0.791123585712827
1102,1.22421131048737,14,1.03721862934007,1.18633563968135,1.16972319148522,0.90488066017425,0.791123585712827
1103,1.27328109493431,14,1.02863791468762,1.1871321671814,1.14773717603252,0.893147705755937,0.791123585712827
1104,1.05982887908479,14,0.86959875177226,0.984938814057141,1.01896635607502,0.764902210666237,0.791123585712827
1105,1.1585675629375,14,0.979745507057829,1.11523819268951,1.12088166739796,0.847310316527042,0.791123585712827
1106,1.28593588038628,14,1.0602666604411,1.20387830688503,1.19911710046523,0.899165626283532,0.791123585712827
1107,1.17061692756261,14,1.01283337101716,1.14677038800819,1.12989734310128,0.881677942360694,0.791123585712827
1108,1.24438089507419,14,1.0278186431887,1.16796390812756,1.12268248517719,0.87722828473247,0.791123585712827
1109,1.45932343440236,14,1.20760329940663,1.44367934921209,1.37032075824874,1.0568650366352,0.791123585712827
1110,1.21109537415323,14,0.98329852484551,1.14591947123567,1.11022743560195,0.852053913302042,0.791123585712827
1111,1.36637501583844,13,1.07146049348985,1.26151081580159,1.2321504901812,0.908142242210455,0.767536708225212
1112,1.14135579402569,13,0.923598869249564,1.09800755327636,1.02749348600535,0.771365373651977,0.767536708225212
1113,1.02540290450193,13,0.794239893208885,0.982313781164119,0.929200913338789,0.698299726774897,0.767536708225212
1114,1.14243882047237,13,0.893660449560495,1.0836272525619,1.02756656406584,0.772058735087492,0.767536708225212
1115,1.20992227057027,13,0.975535570572894,1.16858372631114,1.14237616047639,0.858664326773831,0.767536708225212
1116,1.18939329632194,13,0.974069563373455,1.16367903073902,1.11246981790208,0.844282517621697,0.767536708225212
1117,1.27675824846719,13,1.05058562305086,1.26435782925968,1.14153819048889,0.866524686377637,0.767536708225212
1118,1.025125051057,13,0.783376593223927,0.957964191698531,0.965245971055899,0.736890608873188,0.767536708225212
1119,1.30570432174385,13,1.00314579773716,1.24821448136058,1.17262007721692,0.888731403870458,0.767536708225212
1120,1.24776007230573,13,0.937833962722643,1.18288701506303,1.09806964553704,0.830392294488791,0.767536708225212
1121,1.32627739923802,13,1.02447214847895,1.23124803100629,1.16606945342244,0.907720940503913,0.767536708225212
1122,1.38683893739613,14,1.03564906841916,1.2876798331722,1.16417349119729,0.869391167647041,0.784793523611167
1123,1.37021575591312,14,1.04727355588725,1.27605531984847,1.2569416208279,0.933981882296995,0.784793523611167
1124,1.23170712286883,14,0.925624834932266,1.13633215837847,1.11626960978744,0.8300361085559,0.784793523611167
1125,1.41958994669677,14,1.1158597812278,1.34199943110406,1.27906069786818,0.960374841525381,0.784793523611167
1126,1.34006940012888,14,1.05843269422659,1.21555173566747,1.19518883786282,0.907836171665976,0.784793523611167
1127,1.57050167301468,14,1.24403636176928,1.48260086807184,1.45188818350357,1.10006305497821,0.784793523611167
1128,1.28032746138846,14,1.05421282131456,1.20778980221685,1.1767406330226,0.904889682252366,0.784793523611167
1129,1.14822015838984,14,0.951316674717776,1.11914873085185,1.02737805338164,0.765465611801882,0.784793523611167
1130,1.13057492608835,14,0.982692422862267,1.12560927135133,1.00469432267518,0.762204760203391,0.784793523611167
1131,0.969336532692778,14,0.856344964677292,0.959739604060859,0.854141585397581,0.659928792065958,0.784793523611167
1132,0.872816048224007,14,0.787861708814696,0.874345948410815,0.797486780518605,0.604688601424389,0.784793523611167
1133,1.01457115719652,14,0.954763307736326,1.01372484045879,0.911619469727572,0.683363346597372,0.784793523611167
1134,1.02525466900219,14,0.965381168649449,0.970911009845195,0.947876323666603,0.726414578837296,0.784793523611167
1135,1.08535609940186,14,1.0299334425268,1.07109938316619,0.973439699949558,0.736050615999669,0.784793523611167
1136,1.09761863851566,14,1.06489460570881,1.08648547153833,0.958963958837681,0.727392621632742,0.784793523611167
1137,1.05581594197798,14,1.04087453231299,1.03523990015412,0.937102204680384,0.677415899488045,0.784793523611167
1138,1.07844440765528,14,1.08793112555479,1.04156420709926,1.01394132761475,0.781803882562007,0.784793523611167
1139,0.949892450020645,14,1.002881346611,0.915093293103196,0.9024846694024,0.691009411548358,0.784793523611167
1140,0.968868565239833,14,1.0102977193499,0.963627339925105,0.897159859999056,0.688777070235213,0.784793523611167
1141,0.828047706348818,14,0.833598384545869,0.804315148628803,0.769667949672992,0.581711465386049,0.784793523611167
1142,0.82049009140402,14,0.925073496908587,0.824801593447208,0.786342871841279,0.596370805191622,0.784793523611167
1143,0.745178669079679,14,0.857973503104113,0.745215748644026,0.69151658736929,0.522049134313858,0.784793523611167
1144,0.633416633063148,14,0.702978377703332,0.626762194434379,0.597732457463012,0.453187365959338,0.784793523611167
1145,0.617685348043071,14,0.691131451558748,0.61156489306699,0.580815887050652,0.441642129267376,0.784793523611167
1146,0.716797296879774,14,0.794751830392537,0.719045152317569,0.679239426343122,0.514036398172757,0.784793523611167
1147,0.746082102126823,14,0.819573523441573,0.72165889846636,0.676076484275169,0.516742672480276,0.784793523611167
1148,0.839525183720045,15,0.950368210560178,0.809056033541843,0.791049046819499,0.602067716100304,0.79882057351264
1149,0.842320250867005,15,0.887954891260106,0.772276545027849,0.787901210023364,0.612373903114748,0.79882057351264
1150,0.906274320364502,15,1.01944763741854,0.949278723990554,0.836030667592064,0.671979064563142,0.79882057351264
1151,0.791559113418547,15,0.845639746512675,0.77727069676929,0.748236854407589,0.560060243219582,0.79882057351264
1152,1.1397739102553,15,1.15299185948618,1.14202225127908,1.02684801884022,0.775745457579128,0.79882057351264
1153,0.984232231332935,15,1.00565195801471,0.978142859779003,0.871050917200575,0.680664450265179,0.79882057351264
1154,1.0531188146345,15,1.07098857222008,1.05498193597794,0.966920514847291,0.745028956929598,0.79882057351264
1155,1.0278444518365,16,1.04344827221045,1.04661036261345,0.899049189249366,0.681446435562503,0.814880389139643
1156,0.948652798341212,16,0.972500355983065,0.983956859434532,0.818968958242432,0.632636753234983,0.814880389139643
1157,0.791736321337402,16,0.786312150615448,0.827601866631117,0.746307421700346,0.561907167518986,0.814880389139643
1158,0.703078934403798,16,0.671162268540349,0.7239864348645,0.642757389682782,0.47951154589093,0.814880389139643
1159,0.814359001211139,16,0.77214816175054,0.829604748919256,0.775252671050127,0.567710917034703,0.814880389139643
1160,0.963993542223015,16,0.887650605675697,1.02509118895706,0.855652486444241,0.646959457466959,0.814880389139643
1161,1.23262485132978,17,1.12967949809498,1.22084164099692,1.08896806067458,0.792962183511608,0.82586536412685
1162,1.20549192883096,17,1.08950274710302,1.21450195727034,0.954844383891459,0.699231073083972,0.82586536412685
1163,1.10858523809514,17,1.03954591235506,1.12266607726397,0.942406344322118,0.691009480112662,0.82586536412685
1164,1.09013712325179,17,1.01286516314107,1.08171041541961,0.994805077816986,0.721909547901085,0.82586536412685
1165,1.17048558267616,17,1.08536037378946,1.17460859013616,1.03030381654236,0.747325971766765,0.82586536412685
1166,1.46141233648072,17,1.29516591953783,1.46896164902056,1.21301417007597,0.926038045189088,0.82586536412685
1167,1.05385105030696,17,0.937192199167587,1.05996327179851,0.918500111543259,0.696049139445147,0.82586536412685
1168,1.09307824400061,17,0.983517744719873,1.10999824046519,0.921833867666454,0.70020765145388,0.82586536412685
1169,1.19328628844593,17,1.09994157213767,1.22598963685639,1.01552729902585,0.779357283353353,0.82586536412685
1170,0.969918089459693,17,0.94116576621283,1.00413529958178,0.84092671728766,0.637288561917553,0.82586536412685
1171,1.17545962163258,17,1.16474098081721,1.22491339153384,0.979613573505967,0.751379263410144,0.82586536412685
1172,0.897041475296333,17,0.888965676439305,0.892189328021967,0.785808955118174,0.582988206640721,0.82586536412685
1173,0.838662899380471,17,0.901609184289744,0.853964530623714,0.755955277839661,0.552791149476625,0.82586536412685
1174,0.798655290148872,17,0.797597007131214,0.838052048826313,0.697272291278553,0.513865741351101,0.82586536412685
1175,0.762222430280125,17,0.83520152979897,0.752925545507628,0.668827527023518,0.48953809501538,0.82586536412685
1176,0.722805337983948,17,0.792206147356206,0.749949781849308,0.672722293227323,0.484840070660085,0.82586536412685
1177,0.834877113242245,17,0.865946858732389,0.840956635053555,0.767209854946155,0.566295478145462,0.82586536412685
1178,0.902146833033598,17,0.946148766405196,0.89593803922572,0.800810727016225,0.602516795223815,0.82586536412685
1179,0.826396718441752,17,0.929283130618019,0.875113011251609,0.727596174220734,0.539675245990806,0.82586536412685
1180,0.938704917573181,17,1.03107852860217,0.977710028846428,0.802516466963663,0.611788100645088,0.82586536412685
1181,0.907603313768137,17,1.03798173225798,0.948612201644881,0.789939626634848,0.607682364080517,0.82586536412685
1182,0.966877510160889,17,1.15653777241754,1.03995767702312,0.864821139367796,0.638807770062461,0.82586536412685
1183,0.931076616671082,17,1.08870921804813,0.994956204332904,0.798963986043367,0.623739565011897,0.82586536412685
1184,0.794714169023691,17,0.971890752867782,0.847434543650029,0.689779856050516,0.529658534416757,0.82586536412685
1185,0.736127836295351,17,0.91080662815046,0.814258456904534,0.644815005329417,0.494217178088659,0.82586536412685
1186,0.69532647813643,17,0.902769935810842,0.73736344351499,0.644714374218136,0.488989730917717,0.82586536412685
1187,0.598749172245081,17,0.74412114398434,0.61624539328562,0.557678069428678,0.425888645092647,0.82586536412685
1188,0.838877052157508,17,1.02688175585662,0.909360535144455,0.72197472665899,0.54783250192625,0.82586536412685
1189,0.737208322558852,17,0.919047022643946,0.827087675586702,0.669805190699074,0.493527142061234,0.82586536412685
1190,0.887067119880681,17,1.15355135293107,0.965058364137036,0.784004961263108,0.598721802718412,0.82586536412685
1191,0.877693934215119,17,1.14680621797968,0.954275346547525,0.795905652332234,0.600950675208488,0.82586536412685
1192,0.774563658185336,17,1.01647999479715,0.848991242972789,0.705143305479396,0.533403401136165,0.82586536412685
1193,0.880802656182298,17,1.11971931987289,0.953400659303861,0.775238829444399,0.58789858588257,0.82586536412685
1194,0.675410382033381,17,0.978307974995144,0.762819419788134,0.581740588518184,0.440885748673738,0.82586536412685
1195,0.554604056553544,17,0.744058426851949,0.584360058348688,0.470916956900753,0.364235112786075,0.82586536412685
1196,0.693155246128621,17,0.928042852528636,0.757153369053153,0.601866921459638,0.462372428498715,0.82586536412685
1197,0.524548354850834,17,0.729129874128771,0.607505297673257,0.501492539380827,0.383043713606526,0.82586536412685
1198,0.638099961936113,17,0.894936396560409,0.680467451913254,0.576649958198754,0.436346495024492,0.82586536412685
1199,0.608966864568628,17,0.813687710750866,0.628508517386634,0.546078115860466,0.406590533416469,0.82586536412685
1200,0.773249489278918,17,1.06677758136398,0.827456276768506,0.702915157028377,0.533997182195643,0.82586536412685
1201,0.722235072466394,17,0.998874329357119,0.800475836131812,0.661241154049749,0.513452484585931,0.82586536412685
1202,0.730882427654681,17,1.05706995190477,0.807541212298669,0.671648931853942,0.51692333303245,0.82586536412685
1203,0.710324102433514,17,1.00783437590864,0.779438039660923,0.650443587647822,0.498414808723679,0.82586536412685
1204,0.691944780961742,17,1.00461694755388,0.812554786977925,0.668208740133608,0.512145073299946,0.82586536412685
1205,0.652641472780677,17,0.948348699199634,0.732214341658343,0.598034953489587,0.461338174509228,0.82586536412685
1206,0.720377083875895,17,0.961745033603515,0.756095850386544,0.659734535195267,0.506658676933299,0.82586536412685
1207,0.794188128012533,17,1.11426835264464,0.848439764885622,0.722743018173068,0.54771291393831,0.82586536412685
1208,0.648756425605315,17,0.925271856358377,0.701444271183928,0.595053143878748,0.464953178205193,0.82586536412685
1209,0.789260300087981,17,1.12399052775991,0.897395622007639,0.69899512556989,0.560789006266234,0.82586536412685
1210,0.605332678424872,17,0.893215210466903,0.68991759870266,0.543552278581784,0.422569098760309,0.82586536412685
1211,0.54284990273879,17,0.83830179339468,0.639111426731214,0.516880489153283,0.403319617280882,0.82586536412685
1212,0.705081554589876,17,0.997244377690582,0.782337490606077,0.662782093895314,0.506665457955386,0.82586536412685
1213,0.642638193363163,17,0.881528638308877,0.693142397049409,0.596160064653042,0.44815000299349,0.82586536412685
1214,0.658964353726739,17,0.928407867814702,0.740783616836307,0.561369556742004,0.441487330456565,0.82586536412685
1215,0.591479280570284,17,0.798001624894399,0.647946840236557,0.525291225959333,0.400539933225996,0.82586536412685
1216,0.589660804655437,17,0.762131244464196,0.664790710538078,0.537471046511595,0.411768119654926,0.82586536412685
1217,0.752072318711292,17,1.01827809146462,0.845820103406491,0.673528035774949,0.521017918445693,0.82586536412685
1218,0.655272921586327,17,0.846792883242532,0.732167707245803,0.58533601051572,0.449030643917778,0.82586536412685
1219,0.763758782202988,18,0.942735765520471,0.889146756094352,0.704040275035849,0.539847984975947,0.833199406800231
1220,0.656338631720188,18,0.813242348854723,0.742734192530335,0.612003426998146,0.478350714010936,0.833199406800231
1221,0.660371640367534,18,0.76638035299523,0.735648032108472,0.578766267022355,0.443665813145065,0.833199406800231
1222,0.790320510623184,18,0.913611363041262,0.851255874322432,0.675431019886379,0.534963208716758,0.833199406800231
1223,0.848252905938636,18,0.931142722627661,0.926366528324822,0.674143430816421,0.522924169705359,0.833199406800231
1224,0.746100845302413,18,0.777921414049278,0.805156650093985,0.675407662503211,0.526262588312246,0.833199406800231
1225,1.01715259785225,18,1.12596002713942,1.14275914515755,0.896674454741546,0.683519234651514,0.833199406800231
1226,0.953392442508563,18,1.03563853772327,1.09900811639355,0.871652900450193,0.661008380270485,0.833199406800231
1227,1.03713351171158,18,1.09759337068449,1.17943029585846,0.933095528543852,0.715076703339477,0.833199406800231
1228,1.11542930443561,18,1.15777796591677,1.27893693867532,1.01251978331955,0.785700395046747,0.833199406800231
1229,1.34142801856915,18,1.39211848101675,1.52271491866608,1.13706149861906,0.891407468244244,0.833199406800231
1230,1.21808544710438,18,1.17848914445965,1.32142076327188,1.04497718938095,0.813251814977287,0.833199406800231
1231,1.18027342391149,18,1.20689481308313,1.31603173730937,1.05153314297506,0.811103894921423,0.833199406800231
1232,0.848158717157983,18,0.86383848940318,0.938751797483342,0.728641721666793,0.563839182009858,0.833199406800231
1233,0.905829531929846,19,0.969346205936653,1.03824057167616,0.782585842483048,0.593290178805279,0.842598257929006
1234,0.889469065040836,19,0.955292516777171,1.02013656319582,0.759613425050292,0.588051138325489,0.842598257929006
1235,0.668236113326067,19,0.690205865526988,0.775885639854122,0.585240740166962,0.460401717694544,0.842598257929006
1236,0.815387617390955,19,0.885830344449457,0.971068439307816,0.682446335588777,0.541902084521435,0.842598257929006
1237,0.849386963065376,19,0.915821063339058,0.981448339860003,0.699874632280751,0.542350548508255,0.842598257929006
1238,0.840773141448796,19,0.934150838275205,1.02776688471912,0.738537106312471,0.59502182643461,0.842598257929006
1239,0.912455773344321,19,1.00344663139298,1.04749215917761,0.819946951474667,0.628234760291919,0.842598257929006
1240,0.855417745999432,19,0.960796286849636,0.995851097752921,0.800563531803855,0.608009357404642,0.842598257929006
1241,0.887017360974586,19,0.958832256929487,0.991362490287238,0.802646037921023,0.601484790978843,0.842598257929006
1242,1.0332177695208,19,1.11788893895856,1.09240484994085,0.92760242160187,0.713446501771626,0.842598257929006
1243,0.751139559217194,19,0.879370169969764,0.849726595063201,0.702418389178458,0.54899832128126,0.842598257929006
1244,0.967037031394504,19,1.08906096147369,1.09667101671274,0.883893213224802,0.677004308846553,0.842598257929006
1245,0.911646132653015,19,1.07726898195535,1.03619982650752,0.839989472028514,0.64387240800625,0.842598257929006
1246,0.726897181663535,19,0.863848876803771,0.814668165185545,0.680989326954461,0.524517555649635,0.842598257929006
1247,0.86944188954064,19,1.04287730631275,0.977418683206052,0.810841523193524,0.623988791703485,0.842598257929006
1248,0.824123770486047,19,1.0035087229655,0.922783804741976,0.764091520566323,0.590861026327396,0.842598257929006
1249,0.786145560506387,19,0.963021206636356,0.863370884695894,0.736799461297474,0.566047847888618,0.842598257929006
1250,0.563916777912638,19,0.676538946295027,0.611257260827441,0.531331479988097,0.411218842875887,0.842598257929006
1251,0.62679331081748,19,0.787363968074902,0.688833538453419,0.588318192121663,0.452262497369285,0.842598257929006
1252,0.703098965879758,19,0.875644883587345,0.77323986728903,0.658765403214204,0.503535319838936,0.842598257929006
1253,0.586495474345521,19,0.704924756041736,0.645647121776324,0.56784734496967,0.437438998762767,0.842598257929006
1254,0.811897404152938,19,0.981292434483453,0.887206041693029,0.760834207758706,0.594534204904291,0.842598257929006
1255,0.76977571853791,19,0.929079357148685,0.824118423165217,0.730064722927293,0.559292404564309,0.842598257929006
1256,0.741245687333813,19,0.859636341402791,0.78691195463129,0.65325480754166,0.524735478899051,0.842598257929006
1257,1.01875217228592,19,1.19815791908695,1.0850218311587,0.958578853449609,0.736827094771935,0.842598257929006
1258,1.08886305934546,19,1.27303802951628,1.17901486133147,1.03682289743147,0.809801792400105,0.842598257929006
1259,1.02718564961471,19,1.21030271606165,1.08340246435082,0.965450844985806,0.751790360602575,0.842598257929006
1260,0.686380518144635,19,0.795378912093053,0.754681958171506,0.662720990314949,0.50275786541975,0.842598257929006
1261,0.667571845478326,19,0.757255549076213,0.742173223837452,0.677088527721415,0.506216980578626,0.842598257929006
1262,0.815599946154551,19,0.904865004965418,0.88811170176503,0.797490244701325,0.608988254094586,0.842598257929006
1263,0.964498668879654,19,1.1219858960971,1.04811241110393,0.933497006782474,0.71652626047729,0.842598257929006
1264,0.740218621475723,19,0.832480156792084,0.803406392856693,0.718767042124999,0.549192923192959,0.842598257929006
1265,0.937959096481063,19,1.00297516783296,0.991023809897957,0.911363772183401,0.689211116175616,0.842598257929006
1266,0.784819021443337,19,0.881187249165693,0.844193727355671,0.762285048256986,0.582274076976641,0.842598257929006
1267,0.996829874726822,19,1.10584541787164,1.05075648416684,0.965444289801466,0.753066681104489,0.842598257929006
1268,0.892834469817715,19,0.995203706609202,0.965308085238204,0.872142514949735,0.688260124126764,0.842598257929006
1269,1.09914663590755,19,1.13680101173127,1.20454768870248,1.10413205923795,0.86809353320619,0.842598257929006
1270,0.848309511867006,19,0.942584825065902,0.90992605667723,0.854812247444399,0.642309895754365,0.842598257929006
1271,0.745356201604484,19,0.840431474235662,0.747149141325971,0.686585647649956,0.544865557974337,0.842598257929006
1272,0.839980143287504,18,0.967243783418003,0.867388974918795,0.803813459299359,0.612471642771016,0.833499878446991
1273,0.841798718083409,18,0.923623692073739,0.884683184492564,0.819246160251736,0.637907772346036,0.833499878446991
1274,0.93950921664083,18,1.06411635862556,0.971228644657066,0.919896278862665,0.719105100478922,0.833499878446991
1275,0.889040719021253,18,1.01980999987569,0.917126395696535,0.898871316635701,0.693478627175621,0.833499878446991
1276,0.888360546357317,18,0.994065325672109,0.92016433874773,0.903440088664182,0.687984994263125,0.833499878446991
1277,1.06467489407412,18,1.18489731892847,1.12588025451971,1.01744143699674,0.787932939826829,0.833499878446991
1278,0.66699149151346,18,0.746304054726331,0.682382679778582,0.64234912057907,0.48100716076432,0.833499878446991
1279,0.795796876097093,18,0.920336338382418,0.833355527863926,0.766613338186198,0.586052711546358,0.833499878446991
1280,0.995105887265911,18,1.13138613692639,1.0889402928388,0.939443197355851,0.71687492686393,0.833499878446991
1281,0.796837990336054,19,0.913015802420249,0.833074122701311,0.751829065436789,0.576729671279732,0.844481830587831
1282,0.750089760881315,19,0.856248567717223,0.746769107420198,0.730665071292039,0.563777335844245,0.844481830587831
1283,0.633312850216835,19,0.701017786510609,0.652154553079152,0.62402653562871,0.474351916610078,0.844481830587831
1284,0.676947885160792,19,0.766203648460896,0.691414531911896,0.681836222530863,0.517325340393647,0.844481830587831
1285,0.979781854072969,19,1.1162432524736,1.01176974656812,0.958386577337928,0.719920342067475,0.844481830587831
1286,0.90524833209026,19,1.01063864043275,0.927309172471462,0.891099877541397,0.687535964765136,0.844481830587831
1287,0.977844308042227,19,1.02296705960271,0.976394263088096,0.969181200086055,0.737970110121999,0.844481830587831
1288,0.818950762800309,19,0.849665108620543,0.81705768042886,0.809217686139654,0.606822088186378,0.844481830587831
1289,0.963195897049316,19,0.978914159878573,0.958658967581472,0.921215037708855,0.702649960077434,0.844481830587831
1290,1.00021060036974,19,1.02829875096587,0.996170857048352,0.938623362009409,0.735056438958354,0.844481830587831
1291,1.01434537128479,19,0.995494780386272,1.01067379094901,0.962985484444244,0.744670555854478,0.844481830587831
1292,0.882934712898679,19,0.827606849455534,0.860114749843562,0.83917312354114,0.646710169287461,0.844481830587831
1293,1.01426335118734,19,0.964483145731414,0.98798052854913,0.92073688973181,0.69566899472374,0.844481830587831
1294,1.00191640836236,19,0.91578988295863,0.982431148058882,0.925430404287779,0.708911050559065,0.844481830587831
1295,1.16998944113714,19,1.04601849158365,1.15392774771007,1.06894553083235,0.822440080204526,0.844481830587831
1296,1.22345067701736,19,1.05549180392758,1.20066090048798,1.1580262899935,0.870282429611736,0.844481830587831
1297,1.17876693256904,19,0.966369891253075,1.16693169063021,1.09195652270642,0.841001578652583,0.844481830587831
1298,1.22135883441835,19,0.99811670521083,1.22234077284023,1.15768641787153,0.897410852387529,0.844481830587831
1299,1.09729854249886,19,0.88453090076482,1.08653306081088,1.02725075786462,0.801372396507447,0.844481830587831
1300,1.1137412233176,19,0.863176161750428,1.10821720088498,1.05177728404123,0.833328901867365,0.844481830587831
1301,1.02558191794058,19,0.819258623228425,1.04581722633875,0.973527741503566,0.743153196775776,0.844481830587831
1302,1.56226107303557,19,1.14809698761419,1.50130477578264,1.41797243432308,1.17597266621326,0.844481830587831
1303,1.44464331113718,19,1.04950734927838,1.45921977939047,1.37349592797051,1.10711274397143,0.844481830587831
1304,1.60337183023382,19,1.17971666609365,1.6142950688338,1.48276053953675,1.19355817132424,0.844481830587831
1305,1.50762441898646,19,1.10312240244189,1.50416145776402,1.34717778743795,1.05891100043576,0.844481830587831
1306,1.38950447510884,19,1.00663203295278,1.35129409286008,1.2903181136263,1.03784124837066,0.844481830587831
1307,1.33637901302366,19,0.979250393441504,1.29624748548622,1.2804930807768,1.01076093811703,0.844481830587831
1308,1.34988899097835,19,0.987360046794445,1.3120571352749,1.27714504604092,1.00455728640258,0.844481830587831
1309,1.33016713256052,19,0.998381269682607,1.27466196640397,1.29410177552773,1.01843768946406,0.844481830587831
1310,1.4101157039274,19,1.06161340990419,1.42891067257464,1.31307351584,1.03887492621261,0.844481830587831
1311,0.8754150035507,19,0.684078520143993,0.868963267782568,0.828184218676344,0.640830412876977,0.844481830587831
1312,1.19694353126205,19,0.960434501570091,1.22154261253943,1.16968769228482,0.90068959820078,0.844481830587831
1313,1.13954444639326,19,0.885980904299269,1.14878680751213,1.090990547898,0.853735407022288,0.844481830587831
1314,1.36332017215532,19,1.09535510014705,1.37582615115922,1.26303930018098,1.00472784987704,0.844481830587831
1315,1.3550837067975,19,1.10099482313371,1.35898851650891,1.29405187610954,1.00914437197583,0.844481830587831
1316,1.44017367773049,19,1.18254939577634,1.47548591830516,1.39609535711129,1.07793414197636,0.844481830587831
1317,1.38975695292544,19,1.15148460574191,1.37393615924329,1.33153363370647,1.02057270172699,0.844481830587831
1318,0.951877173919256,19,0.782536548336551,0.940391429012224,0.939449805279813,0.710531464233799,0.844481830587831
1319,0.962907421992418,19,0.874538714032695,1.04045034547487,1.04797035453187,0.780888281655942,0.844481830587831
1320,1.16969327054007,19,1.01685650228613,1.18364320152395,1.16191077770404,0.888188569080795,0.844481830587831
1321,1.01765274860237,19,0.872265716066026,1.01104606775929,1.03325089401014,0.804192417519365,0.844481830587831
1322,0.880165379025888,19,0.751423252398339,0.846987055783688,0.827050147128592,0.659721629413097,0.844481830587831
1323,1.09273867167301,19,0.958714811847072,1.08121319764042,1.09999126185103,0.844891342965097,0.844481830587831
1324,0.985496350252115,19,0.87900047070877,0.982221520232849,0.984362812092765,0.738265747120074,0.844481830587831
1325,0.986000916351747,19,0.899499338097536,1.0005339462958,0.919033097379295,0.661741075316615,0.844481830587831
1326,1.27387931489871,19,1.15268955162018,1.28547139145992,1.24341206074799,0.96529905568239,0.844481830587831
1327,1.03548207449808,19,0.946062149971683,1.03371533214027,1.02358957463371,0.780230425342789,0.844481830587831
1328,1.09683781379528,19,1.01922607875464,1.13602984132939,1.02425767533408,0.819401401027135,0.844481830587831
1329,1.21307291086599,19,1.08782005346847,1.21305071770445,1.04764071446664,0.847411959739327,0.844481830587831
1330,1.05046998409615,19,0.971843719773127,1.05102852737734,1.01128161952307,0.827436599171725,0.844481830587831
1331,1.06617054393987,19,0.980365380727387,1.04719289998386,1.05460242686278,0.843495864500828,0.844481830587831
1332,0.988929528562659,19,0.894474827867362,0.952479967447071,0.969960316976948,0.747877351415715,0.844481830587831
1333,1.20686427814465,19,1.12280676155998,1.18294239575069,1.18867200828191,0.90512870129488,0.844481830587831
1334,1.05032782269088,19,0.983078108403084,1.06361509821687,1.07309594443798,0.816910279394548,0.844481830587831
1335,1.13382939943235,19,1.05974676125146,1.15276627750439,1.12042428761899,0.86056920593504,0.844481830587831
1336,1.11870442477898,19,1.02609231051069,1.10755878176823,1.09296750075011,0.838326519080105,0.844481830587831
1337,1.01029744816138,19,0.961511783131112,1.01371378937832,1.00624578502945,0.752937363661321,0.844481830587831
1338,1.10510978749079,19,1.04884633566314,1.10436845049894,1.08532261476373,0.834123557263886,0.844481830587831
1339,0.975496359921865,19,0.928114033012674,0.966926759798886,0.959623835206673,0.724691959942931,0.844481830587831
1340,0.886288915711529,19,0.855855352391319,0.893744326507342,0.873089690421975,0.659442907567849,0.844481830587831
1341,1.05665736933611,19,0.993500148941731,1.05327944607635,0.980797917943672,0.743927018754608,0.844481830587831
1342,1.15033828538263,19,1.12264651432195,1.1480480039562,1.04300086242878,0.814718525440117,0.844481830587831
1343,0.951214151968851,19,0.923649821237967,0.967028218048695,0.795069730619545,0.622119793896358,0.844481830587831
1344,0.981280363873667,19,0.967281112501635,0.999200389017871,0.868069101464926,0.688937551297523,0.844481830587831
1345,1.11678951927738,19,1.13626155037395,1.12586263661763,1.04634521470141,0.827112572219888,0.844481830587831
1346,0.863822449860101,20,0.895803619252891,0.879040484988077,0.841072526784617,0.647148406665206,0.856017356707146
1347,0.889543216531558,20,0.952590515396177,0.886160585270768,0.837464154410076,0.643294978897038,0.856017356707146
1348,0.975585514837008,20,1.05378097642319,0.9800859609134,0.884104023497051,0.693541784277678,0.856017356707146
1349,0.94846922179931,20,1.01788559951127,0.926832825741019,0.842123677604434,0.665722475129056,0.856017356707146
1350,0.962309877726181,20,1.06733713827047,0.969679756663808,0.886443573303167,0.693239195224901,0.856017356707146
1351,0.988217098324082,20,1.09546578614906,0.9729840076884,0.877524999032705,0.698379500358463,0.856017356707146
1352,0.849631828670649,20,0.941276825534711,0.850860567461718,0.766227558260839,0.58408653210273,0.856017356707146
1353,0.906073283896068,20,1.01264106844698,0.912237401219901,0.815058370370272,0.637289977822778,0.856017356707146
1354,0.955659994637396,20,1.05891629496062,0.96532216744897,0.911622265401212,0.714582495527795,0.856017356707146
1355,0.754296470234124,20,0.836212406706041,0.74222787629857,0.683231697864244,0.527571554985969,0.856017356707146
1356,0.598260371007154,20,0.730958661415569,0.606615770464359,0.577722150835631,0.437571751860334,0.856017356707146
1357,0.768818560607018,20,0.837473174748138,0.767613541060866,0.753564452409203,0.574001456053028,0.856017356707146
1358,0.905658905030362,20,0.99071604979873,0.891263685501931,0.827270471053787,0.646876195257919,0.856017356707146
1359,0.780902442105055,20,0.829206352679671,0.763694052862918,0.748503319524472,0.582628308706297,0.856017356707146
1360,0.784284923459576,20,0.804118151751132,0.762231324836429,0.720794215292914,0.553566923887372,0.856017356707146
1361,0.79235510745055,20,0.829251335725907,0.793961594220495,0.755743308002717,0.574391609882653,0.856017356707146
1362,0.918332955120237,20,0.956734337072611,0.928460020742337,0.900931163296896,0.700226168030854,0.856017356707146
1363,0.978044406952253,20,0.990764030645415,0.979149729138774,0.916958037184626,0.708760689582323,0.856017356707146
1364,0.945400630408706,20,0.932513803192456,0.940867376384804,0.898039902305514,0.686817064133666,0.856017356707146
1365,1.06675632899602,20,1.05586632301631,1.07172920614706,1.02723855992536,0.796243939087466,0.856017356707146
1366,0.977387483247192,21,0.920678413031454,0.982018366752377,0.941584068322807,0.723995761409954,0.858625014004605
1367,1.13402697485389,21,1.03456482345983,1.0899544729675,1.03191613234048,0.775903177448221,0.858625014004605
1368,1.10755258685044,21,1.02299408732008,1.10440004483027,1.01766846824867,0.796093579247065,0.858625014004605
1369,1.24102860347001,21,1.09193590014688,1.21868425334247,1.10481498831674,0.888756136113381,0.858625014004605
1370,1.14206960064529,21,1.0067468134895,1.12984999666657,1.05835554152297,0.812913399466796,0.858625014004605
1371,1.08460098923517,21,0.961846109887589,1.07674842884809,1.02227017808802,0.800805033958228,0.858625014004605
1372,1.15755425160873,21,1.02340906228262,1.1421203394997,1.0770315381402,0.855567538542925,0.858625014004605
1373,1.17472742086972,21,1.0749311967579,1.14992654772986,1.10200376542495,0.85006226880984,0.858625014004605
1374,0.999004588845704,21,0.901834213129857,0.993367344297472,0.984374357768028,0.769941524273538,0.858625014004605
1375,1.16503348119873,21,1.05993080655845,1.16113682315251,1.09979783823788,0.86963841927923,0.858625014004605
1376,1.10082989267632,21,1.00402257643698,1.07411436242424,1.004347265909,0.778102682644434,0.858625014004605
1377,1.18767015315516,21,1.10304929440195,1.14194135046042,1.06848748697379,0.837116948301606,0.858625014004605
1378,1.02775282806526,21,0.949958494824969,1.02045438849848,0.96476122987681,0.748098878978112,0.858625014004605
1379,1.01326813184969,21,0.96612025264851,1.01536596324181,0.942828830405888,0.740490682641325,0.858625014004605
1380,1.13409059074803,21,1.11243194973556,1.09582671518841,1.05788471874996,0.826056124814774,0.858625014004605
1381,0.973038600639167,21,0.996606897428205,0.963621897387381,0.951701257825474,0.735836026232354,0.858625014004605
1382,1.02949349311309,21,1.08110451628913,1.0323434382148,0.994750327995168,0.772528004908986,0.858625014004605
1383,0.925219576320888,21,0.988784902261912,0.910031692044859,0.886022956522449,0.689736922982857,0.858625014004605
1384,0.915471403611022,21,1.02131450251764,0.896616000815009,0.882469934102354,0.685236444330255,0.858625014004605
1385,0.782275882515994,21,0.903775244444262,0.752424470461791,0.763076979855901,0.602312545804748,0.858625014004605
1386,0.587814927630914,21,0.700601844171579,0.587711548277488,0.572923821632863,0.44624955840685,0.858625014004605
1387,0.765052823270869,21,0.914455346478703,0.767951200600115,0.740114732274385,0.57716141451957,0.858625014004605
1388,0.565299800785801,21,0.755292673732965,0.585032533414769,0.582241216288402,0.454911793743921,0.858625014004605
1389,0.659784397265685,21,0.847372668461019,0.656340156287115,0.631457884699157,0.494202235522445,0.858625014004605
1390,0.841396339784231,21,1.13987621659531,0.838126962531565,0.809614525705135,0.613279017472945,0.858625014004605
1391,0.548047195782251,21,0.791144438063915,0.545457950357837,0.532046937012258,0.393287557667159,0.858625014004605
1392,0.708721684969105,21,0.961532912668436,0.710220910009529,0.689831754067426,0.53478853657215,0.858625014004605
1393,0.715694033755334,22,1.01422904133307,0.715353024875538,0.680745365142067,0.525335856042372,0.863272786020741
1394,0.585620072020124,22,0.862106392981169,0.592918113653053,0.587410935431489,0.442790343057778,0.863272786020741
1395,0.683000286506752,22,0.969214300206273,0.68228726729482,0.676175669967086,0.505988617377683,0.863272786020741
1396,0.543079359817444,22,0.721096304649172,0.542779513933044,0.536442849887267,0.406015661280718,0.863272786020741
1397,0.70054286682951,22,0.929280451667437,0.69315817560626,0.671466031542654,0.509517155597721,0.863272786020741
1398,0.662414490635486,22,0.877966062154318,0.664555363939385,0.623600139344565,0.469155963023608,0.863272786020741
1399,0.579275441787953,22,0.798351281807509,0.580256015552364,0.574380170212762,0.441387801838647,0.863272786020741
1400,0.673789647154948,22,0.919119449637584,0.684070538235636,0.659114342271605,0.503884386616989,0.863272786020741
1401,0.807861700616205,22,0.985135454599894,0.80526318837781,0.788765488928552,0.612072925785076,0.863272786020741
1402,0.744962439391165,22,0.902924474568746,0.746055990935643,0.720397365000024,0.559751948285954,0.863272786020741
1403,0.856447633346086,22,1.0166359858027,0.863577992594853,0.865788872540655,0.668561940418028,0.863272786020741
1404,0.828104905352651,22,0.967791302032619,0.830358486221076,0.825696942950501,0.634434416923776,0.863272786020741
1405,0.956674373472949,22,1.09174138922876,0.951527523918652,0.939117317951183,0.73178214409149,0.863272786020741
1406,0.988658474255209,22,1.12093291472178,0.984295950399659,0.977435911712015,0.754848684600376,0.863272786020741
1407,0.956725765454906,22,1.10038522897583,0.979809184701513,0.983435051334704,0.761016264547488,0.863272786020741
1408,1.00752791033106,22,1.08592364621577,1.01451210799788,1.03179134489003,0.796069708670916,0.863272786020741
1409,0.965663303098482,22,1.02313281611041,0.970324722788471,0.97949050941732,0.755457011616191,0.863272786020741
1410,1.09571251579098,22,1.20359641500853,1.12213582080672,1.13311933420516,0.886999055200204,0.863272786020741
1411,1.01727937208072,22,1.0800704075697,1.00694326695064,1.011333341011,0.780402486574842,0.863272786020741
1412,0.806439524328113,22,0.863213133789137,0.801720487169193,0.801220789542482,0.622961658067653,0.863272786020741
1413,0.922320469742541,22,1.02878934123531,0.932451821241623,0.959659928978601,0.739642383769022,0.863272786020741
1414,0.752218942154804,22,0.784290447856194,0.749087044614075,0.759720338105305,0.591362231024569,0.863272786020741
1415,0.891592282160467,22,0.878832747025885,0.888578757044539,0.868123469881789,0.662174549611344,0.863272786020741
1416,0.859246777009749,22,0.897764207120332,0.857222798681353,0.869132846799683,0.668152455916095,0.863272786020741
1417,0.879088278482795,23,0.945217672437082,0.890578092632834,0.917205797198564,0.703843139147689,0.871560183251449
1418,0.924937350201757,23,0.928376854016091,0.909132458790859,0.907837534695002,0.699587749575978,0.871560183251449
1419,0.948788182730446,23,0.962416389628231,0.949952350017877,0.935113818148923,0.710812945519142,0.871560183251449
1420,1.00795365806596,23,0.995596882996153,0.992642028396906,0.981559365433463,0.761019994529608,0.871560183251449
1421,0.939516311731989,23,0.919865083607519,0.925495933773372,0.935943099254012,0.72084004801008,0.871560183251449
1422,1.06131181520384,23,1.04108617170469,1.04961884033212,1.05137969377927,0.805796868380443,0.871560183251449
1423,1.11645634363534,23,1.09949318952988,1.1050190869539,1.08196122349709,0.844909510322027,0.871560183251449
1424,0.857983485328943,23,0.848362738837428,0.849085647884394,0.873185819544268,0.681255456764093,0.871560183251449
1425,1.02647623815324,23,0.982803817926822,1.00711111078762,1.00191274777025,0.763925735972759,0.871560183251449
1426,1.21525824522023,23,1.14096159148715,1.19082720001035,1.16019371896262,0.915897990968838,0.871560183251449
1427,1.18912184101688,23,1.11301796308433,1.16827471176277,1.15600208767848,0.918632297636538,0.871560183251449
1428,1.24436258807666,23,1.18225299546504,1.23414244927773,1.23602425205266,0.979461547589747,0.871560183251449
1429,1.36874138886634,23,1.28664982620437,1.33315375790548,1.28389849884986,0.989317637543448,0.871560183251449
1430,1.21798718651445,23,1.15584468087456,1.19964955879356,1.23318387869459,0.95024318862117,0.871560183251449
1431,0.844471998419083,24,0.793387373948774,0.824682562980679,0.876103250852982,0.670846476274271,0.876619285178472
1432,1.01787385568243,24,0.962340404158681,1.00962373774944,1.07762324293043,0.837516593689269,0.876619285178472
1433,1.15503266676133,24,1.06857201454281,1.14714685802311,1.16579211419061,0.916159803927314,0.876619285178472
1434,1.05973203893573,24,0.997489239252675,1.03237887488203,1.10333770920434,0.871067865042927,0.876619285178472
1435,1.04745030165689,24,0.985417961660402,1.02492472094286,1.09176376674203,0.866798806779988,0.876619285178472
1436,0.843988564924441,24,0.797747706981843,0.836560610498778,0.870390230198756,0.685376989820348,0.876619285178472
1437,0.881501267192515,24,0.832064008151189,0.858232717964587,0.851971190875497,0.6540923317956,0.876619285178472
1438,0.9025488262917,24,0.862557468276491,0.8840144319412,0.944624958828247,0.736747152397124,0.876619285178472
1439,1.02579978179662,24,0.971045767690629,0.99867948752169,1.00310523467147,0.799716799737569,0.876619285178472
1440,1.24240013074544,24,1.21423593288478,1.20198902464745,1.24567559402213,0.990647711246514,0.876619285178472
1441,1.14709770963018,24,1.07720326533866,1.11325460294589,1.11708195145184,0.890342028848688,0.876619285178472
1442,1.27666316963869,24,1.19917311595507,1.24525787014434,1.29218532848432,1.04637570373591,0.876619285178472
1443,1.12127363355798,24,1.07062682966608,1.09079854130481,1.18066185017803,0.921311388001404,0.876619285178472
1444,1.09507447947124,24,1.06235190619391,1.07563438053123,1.18959478902688,0.913519709563451,0.876619285178472
1445,0.949242708894076,24,0.903742839313472,0.943821103265272,0.996128688018769,0.779729757963962,0.876619285178472
1446,0.884866829813248,25,0.844065138402588,0.883867571763899,0.942664408293828,0.732749573368199,0.880671801208297
1447,0.895843240137316,25,0.861528747110748,0.92073910317678,1.00493523237299,0.77429422185888,0.880671801208297
1448,1.07002467759689,25,0.993776276359828,1.05656395390951,1.11495314022591,0.877930308304494,0.880671801208297
1449,1.10383258556201,25,1.04764693874159,1.08991427210394,1.151959426789,0.922560942920742,0.880671801208297
1450,1.12019978348654,25,1.08917271660586,1.11999814564004,1.18418099151507,0.942097053408358,0.880671801208297
1451,1.15642960995172,25,1.11486909596478,1.13537526239297,1.21985525684063,0.966359837240745,0.880671801208297
1452,1.18906003324481,25,1.13335972135655,1.1761455413858,1.25161513253712,0.990509035555694,0.880671801208297
1453,1.01793136556619,25,1.03105274774225,1.02377253715539,1.12800150387599,0.876676230706914,0.880671801208297
1454,0.961409000540622,25,0.972730477832465,0.941209779465162,1.04654116574448,0.817578700295055,0.880671801208297
1455,0.907616683186053,25,0.903932298996843,0.901842504893481,0.990532961121813,0.769034042862932,0.880671801208297
1456,0.801677506397817,25,0.803142369997999,0.787741198865025,0.841899513025705,0.652483044072785,0.880671801208297
1457,0.792723944215481,25,0.776095514388549,0.760735813997775,0.806839647165516,0.623450461689678,0.880671801208297
1458,0.907517180730521,25,0.94290439889646,0.890911205691138,0.950760445589647,0.728722539668276,0.880671801208297
1459,0.887903063212922,26,0.940546868909146,0.887305803147591,0.972334237507497,0.745169599084321,0.885750618779917
1460,1.02769712695042,26,1.12643100995544,1.05808386347395,1.14158122697985,0.855766049967664,0.885750618779917
1461,0.926756171448503,26,0.968349958214888,0.900439894747933,0.97567095551815,0.755263890389373,0.885750618779917
1462,0.91422471182164,26,0.989200331187607,0.916465445369164,0.975778282997425,0.742980119109341,0.885750618779917
1463,0.945872381809774,26,1.01819383702043,0.944190609879671,1.00409335207407,0.752184615885764,0.885750618779917
1464,1.1995795220197,26,1.38922581979411,1.24970112329062,1.31800625607034,1.04413908699285,0.885750618779917
1465,1.25814544668425,26,1.39790564495494,1.22985452488061,1.29318819481282,0.994557965620708,0.885750618779917
1466,1.25371191468435,26,1.40324930350068,1.23290083137082,1.30832341819473,1.02210922090093,0.885750618779917
1467,1.14933597082482,26,1.35523566204228,1.15337460609907,1.22829036313426,0.931116879340037,0.885750618779917
1468,0.337971913635816,26,0.407177213476316,0.329698182601194,0.345054873932648,0.260719346078462,0.885750618779917
1469,0.372889959598268,26,0.43472222675998,0.378155663832745,0.411730989187676,0.309788350365171,0.885750618779917
1470,0.40470000219605,26,0.470843109770926,0.407902083969932,0.42658405089301,0.32394696376879,0.885750618779917
1471,0.642474495864145,26,0.76144775019847,0.644348102988533,0.68686185938514,0.529459580558731,0.885750618779917
1472,0.76482067744428,25,0.852223776899916,0.752429787619737,0.815468863391805,0.633445859834913,0.879716201631183
1473,0.816219039733657,25,0.924452890032923,0.822686796912423,0.861774589943439,0.661601224998649,0.879716201631183
1474,0.990765579410171,25,1.12529463297106,0.980534575823824,1.05003909949496,0.809162936445546,0.879716201631183
1475,0.969853659414714,25,1.07283076041271,0.969462452297012,1.02222303157359,0.78817200966254,0.879716201631183
1476,0.941918615010798,26,1.00600027023776,0.939173098228045,1.00855783574988,0.76329254543388,0.883711611147324
1477,1.0022217011793,26,1.09253432168198,1.00086561707129,1.08381532083748,0.830319078915657,0.883711611147324
1478,1.21460886446062,26,1.29757508421926,1.19181178067559,1.28624341984374,0.994649938385896,0.883711611147324
1479,1.03374126564368,26,1.11591452154687,1.01567184524533,1.11422767785597,0.858645636993601,0.883711611147324
1480,0.864989073046741,26,0.934077786156826,0.834178976732751,0.944166466024577,0.732555917839232,0.883711611147324
1481,0.886338488608913,26,0.969975727404584,0.853881592235242,0.974037237842449,0.761694506170589,0.883711611147324
1482,0.955519991525882,26,1.02809906737275,0.920503685948771,1.03374050928394,0.78556793068781,0.883711611147324
1483,0.794326722032639,26,0.918902444743304,0.765332891522739,0.8619739774896,0.663124721139041,0.883711611147324
1484,0.673503824617393,26,0.756193862272591,0.660875071158626,0.754868573060869,0.570830948713389,0.883711611147324
1485,0.823759279239239,26,0.910701748982059,0.806610831985362,0.891431475805916,0.703932953166976,0.883711611147324
1486,0.781006041208853,26,0.934938794878642,0.789666828146394,0.906627867716606,0.707333324828902,0.883711611147324
1487,0.787857961288167,26,0.917722449251163,0.79028523543329,0.948316757020634,0.732071265547859,0.883711611147324
1488,0.890227958385496,26,0.998467019035508,0.871634237430108,0.962188747956984,0.734323944816522,0.883711611147324
1489,0.849444041308128,26,0.952896173625451,0.850667148840301,0.903887332085236,0.688020500742336,0.883711611147324
1490,0.889769953673297,26,1.00565396096032,0.888425758553184,0.962842360625471,0.745166990929104,0.883711611147324
1491,1.12982256912997,26,1.24613706195536,1.09686464176491,1.18930715027442,0.940284723725044,0.883711611147324
1492,1.08974783387505,26,1.21944051194398,1.06900035418169,1.16900227562204,0.916948634006441,0.883711611147324
1493,0.896848265753663,26,0.982504607864622,0.864969417960531,0.913840020413186,0.708653760105916,0.883711611147324
1494,0.83249246845649,26,0.895657274876311,0.80651541205082,0.829854007074687,0.6632335377598,0.883711611147324
1495,1.06924271420432,26,1.14848580340134,1.02558085940957,1.12234032053499,0.874961205511044,0.883711611147324
1496,0.854907104402648,26,0.933962337762938,0.829827473333946,0.91408898525488,0.713582217148798,0.883711611147324
1497,0.925465056575503,26,1.01156586085996,0.874038651622773,0.923760171802714,0.684281268609625,0.883711611147324
1498,0.998802238589073,26,1.06652447262231,0.965313975777016,1.05880463826398,0.828729857027333,0.883711611147324
1499,0.967696068300035,26,1.0444211836545,0.95118496590162,1.06651305895542,0.828632078293752,0.883711611147324
1500,0.845117277205002,26,0.886282226768391,0.837148260296181,0.917727272809009,0.688260815754465,0.883711611147324
1501,0.879867740409236,26,0.866779663104836,0.849784032573444,0.949091284736928,0.716334468722596,0.883711611147324
1502,0.912341061518747,26,0.921458361241888,0.864316794397296,0.9772601595022,0.745286121577679,0.883711611147324
1503,0.95701467742127,26,0.956171037831039,0.908360597848239,1.05132064777251,0.818474784898921,0.883711611147324
1504,0.946131110927201,26,0.937092361389924,0.898291758274108,1.05013917637006,0.823034814613675,0.883711611147324
1505,1.02464255607683,26,0.989068928071333,0.97161542579125,1.15390832117737,0.898464564875052,0.883711611147324
1506,1.08023310012502,26,1.04242418967881,1.03579228916975,1.23637946914626,0.959706932948394,0.883711611147324
1507,1.06955871527041,27,1.03501939336508,1.04167998479683,1.22772837825119,0.972527411013121,0.887329658097253
1508,1.1266209373385,27,1.05677181919932,1.11051388156754,1.27459047305498,1.01223197236253,0.887329658097253
1509,1.40109775332822,27,1.29648379586202,1.31641174156751,1.52909029133312,1.23035751187507,0.887329658097253
1510,0.953874496176664,27,0.952468913520137,0.934553562778975,1.1207355795311,0.881756696329291,0.887329658097253
1511,1.09271836612754,27,0.97078793356823,1.05912183110344,1.23134406800851,0.980482557156012,0.887329658097253
1512,1.38157746452347,27,1.25487266399357,1.34143814950938,1.54212429838301,1.25552189142618,0.887329658097253
1513,1.25722090705424,27,0.987493611521006,1.20458389854346,1.34197610814832,1.07108889327581,0.887329658097253
1514,1.2648224753225,27,0.978231822292083,1.19015289516636,1.34529306970507,1.08566619645775,0.887329658097253
1515,1.32920527312903,27,1.0293997026861,1.24440927520699,1.40813934123051,1.13969314589567,0.887329658097253
1516,1.32699703786286,27,1.00273168533703,1.25248917592591,1.43630996101094,1.14506060968852,0.887329658097253
1517,1.31752382858784,27,1.0142678589201,1.24562810467194,1.36117342985247,1.04202157719853,0.887329658097253
1518,1.40195972641646,27,1.02763360500513,1.29448816421607,1.43379029791312,1.15774353878299,0.887329658097253
1519,1.40578775497834,27,1.08471070847064,1.2788262016812,1.48245355104038,1.17577782338389,0.887329658097253
1520,1.3378271933684,27,1.08604743793715,1.24099480499296,1.44226577628976,1.14315342882169,0.887329658097253
1521,1.30887280450268,27,0.990785878495463,1.22999746699876,1.30449887732722,1.07524728640983,0.887329658097253
1522,1.24954864433272,27,0.980900242203274,1.17039467232727,1.30114723939003,0.97745630192448,0.887329658097253
1523,1.15226386645116,27,0.90163352154473,1.07911584481554,1.24821214323356,0.94166530119015,0.887329658097253
1524,1.53615258893329,27,1.18584475303868,1.44286205316988,1.633886277024,1.31737714065575,0.887329658097253
1525,1.44573407873893,27,1.13018209832683,1.36774957914882,1.52354703048587,1.2223256629785,0.887329658097253
1526,1.28551982337746,27,1.02862130337706,1.22862546892817,1.39068079972406,1.10873079184597,0.887329658097253
1527,1.14020293745876,27,0.898190555956859,1.07350381761018,1.21524503771016,0.963864320042458,0.887329658097253
1528,1.26495221768099,27,0.996791715334859,1.18892081420124,1.30412808013322,1.05578085115009,0.887329658097253
1529,1.02886292099203,27,0.814370090526202,0.98889438674135,1.12743476923086,0.845844007475069,0.887329658097253
1530,1.1466350708099,27,0.878952295570829,1.09450491159595,1.27454808884799,0.972203309654172,0.887329658097253
1531,1.14018314705515,27,0.867933232324809,1.07946414724225,1.25808311407493,0.953364405442505,0.887329658097253
1532,1.33787104897133,27,1.02308667443252,1.29225976874029,1.49675235778183,1.18591843496892,0.887329658097253
1533,1.51260525035704,27,1.16145007709298,1.42611481442052,1.60929957172858,1.2595044962967,0.887329658097253
1534,1.37975700756884,27,1.07172822333337,1.32665999105115,1.53902882160353,1.19591993336889,0.887329658097253
1535,1.31554991473139,27,1.04280066692878,1.2316631773776,1.41581349175055,1.12459639432998,0.887329658097253
1536,1.42263807418571,27,1.08663233696657,1.3414795975295,1.5379349986928,1.21290336757409,0.887329658097253
1537,1.39734145051929,27,1.14085562029082,1.36199010449935,1.58828665004392,1.26702074528632,0.887329658097253
1538,1.35611268023258,27,1.04602053094371,1.27139016632634,1.47273199865864,1.17239399838557,0.887329658097253
1539,1.19455308443503,27,0.961713546639815,1.14531880690847,1.37420822180206,1.07120953904239,0.887329658097253
1540,1.24150334116146,27,1.01896638851608,1.19911243763488,1.45035804427628,1.15640990926455,0.887329658097253
1541,1.35407047046122,27,1.12952521579698,1.29226289077421,1.57585492393416,1.2479650680883,0.887329658097253
1542,1.25237763985232,27,1.0814394212697,1.24322145959392,1.49361767233275,1.21369584535741,0.887329658097253
1543,1.26924162389711,27,1.04786227860238,1.20517615459562,1.47359405433779,1.20645283799107,0.887329658097253
1544,1.08831778972327,27,0.968401670110596,1.08599175986389,1.2970801329225,1.01831262292011,0.887329658097253
1545,1.1465971531682,27,0.936190775929564,1.04439424467928,1.28596891063127,1.02322399096458,0.887329658097253
1546,1.27067466128688,27,1.01793424754239,1.18455798231995,1.46868514208874,1.18271849059082,0.887329658097253
1547,1.27057273361212,27,1.0584659109439,1.18405114150624,1.42727913374015,1.14506717824735,0.887329658097253
1548,1.27751169388051,27,1.02767669410118,1.17655560083991,1.385082282236,1.11837222455801,0.887329658097253
1549,1.08247549343847,27,0.880380480436824,1.02162997740897,1.22404601773253,0.968887913787877,0.887329658097253
1550,1.20669661147999,27,1.0075140514948,1.12194408347416,1.33455167291292,1.05789042479607,0.887329658097253
1551,1.17349722956616,27,1.00669673443293,1.08921262543852,1.37652752083176,1.11243383683216,0.887329658097253
1552,1.15782150521466,27,1.00306171688422,1.07974150816822,1.32861025304978,1.02595085956511,0.887329658097253
1553,1.08656853321794,27,1.00642255961807,1.00550079944338,1.25701618053787,0.987556872446388,0.887329658097253
1554,1.28372047175964,27,1.15939745057622,1.20273149120039,1.44183926690511,1.18735150209532,0.887329658097253
1555,0.941996730297191,27,0.870374210709297,0.883238439387616,0.997001043277231,0.788080062882023,0.887329658097253
1556,1.12912878801797,27,1.06498088119363,1.07114019551411,1.24635302387793,0.971627647062085,0.887329658097253
1557,1.18502182820625,27,1.10697084630524,1.10218416475495,1.35223348887728,1.09710141988697,0.887329658097253
1558,1.21372725861544,27,1.17252208559162,1.11502046064544,1.35304754704509,1.08106037545583,0.887329658097253
1559,1.12481046389582,27,1.09724808724697,1.05115271669466,1.28058299776169,1.02461156366578,0.887329658097253
1560,1.005221655956,27,1.0352157286439,0.943036535939107,1.13651854544379,0.918156069372142,0.887329658097253
1561,1.2710198720314,27,1.30739099777997,1.19386529627272,1.41692971276076,1.14333264883024,0.887329658097253
1562,1.31599707654552,27,1.40061655845833,1.26391274358818,1.44236877837511,1.15710368054977,0.887329658097253
1563,0.967192953757525,27,1.03277137012978,0.917663158326235,1.13442640463438,0.89524654259329,0.887329658097253
1564,0.670378006704493,27,0.72162013315652,0.634559247079934,0.771477395089778,0.592621466678709,0.887329658097253
1565,0.489850127966312,27,0.530692970103272,0.463055268247935,0.569804132352368,0.428191031516013,0.887329658097253
1566,0.670801454347681,27,0.714998159513516,0.629143655310384,0.788843578413631,0.607853933808772,0.887329658097253
1567,0.747161112012734,27,0.843840540237347,0.704151680476772,0.853531810056465,0.656612845115639,0.887329658097253
1568,0.945997278818786,27,1.06680563512796,0.891710472740338,1.06579814420825,0.836312510048332,0.887329658097253
1569,0.92895576491341,27,1.00161924735181,0.878964492743912,1.09542178624343,0.84549454699646,0.887329658097253
1570,1.17399856669363,27,1.26212088254373,1.09098760090281,1.31397292030452,1.05794527922236,0.887329658097253
1571,0.835040356412485,27,0.889374438288501,0.776829567861331,0.993141653543395,0.773984291578259,0.887329658097253
1572,0.862172905548113,27,0.930186135687271,0.807978008519488,1.03903922669131,0.823193735911643,0.887329658097253
1573,0.863137946789077,27,0.881052629244242,0.804488101212886,0.981732963784141,0.758486712548296,0.887329658097253
1574,0.970887196794437,27,0.964769805125952,0.899940503320993,1.11552649584616,0.885686948656262,0.887329658097253
1575,0.990617770580151,27,0.989694707798494,0.921161601129649,1.11303484481175,0.91159839293063,0.887329658097253
1576,1.00961972581147,27,1.00572726195404,0.964980154685431,1.19059666541935,0.917028065367813,0.887329658097253
1577,1.11679738209098,27,1.11210287105948,1.05557740840577,1.2943737151425,1.02958310325206,0.887329658097253
1578,1.07643375821746,27,1.01769887715969,0.994459876530441,1.21641957693744,0.966703863325955,0.887329658097253
1579,1.06123650579783,27,1.0469052231686,0.997460221152697,1.27122732745066,1.00902936743267,0.887329658097253
1580,1.05941693357958,27,1.0082821207797,0.98424299901759,1.26217248391593,0.999622261434307,0.887329658097253
1581,1.17684281969163,27,1.10927009522601,1.11195143530048,1.32915118513485,1.06346132242685,0.887329658097253
1582,1.19530926631405,27,1.09549601409018,1.13531302830428,1.25924001470739,1.00408607576018,0.887329658097253
1583,1.05510383089715,27,0.949181033160733,0.989587715612782,1.18221903604753,0.940523254877341,0.887329658097253
1584,1.16716358347391,27,1.02573878090708,1.08995041036287,1.31506389002781,1.07128437981507,0.887329658097253
1585,1.25685658325001,27,1.12771497259115,1.18263563025522,1.39531005945043,1.14585117878348,0.887329658097253
1586,1.23420283828471,27,1.09390752902227,1.16280356383471,1.34559309836595,1.09203518759689,0.887329658097253
1587,1.23960206727437,27,1.08280909874854,1.16255523360655,1.34656180347487,1.08729108918101,0.887329658097253
1588,1.3164721539549,27,1.11869885548553,1.24692853634817,1.40932786250654,1.1584470639207,0.887329658097253
1589,1.1198124042474,27,0.959290798517852,1.06090230077569,1.23215156449524,1.00934475739721,0.887329658097253
1590,1.25566118377083,27,1.09569450879999,1.20028836906302,1.37702177809003,1.12927555426882,0.887329658097253
1591,1.09895973785989,27,0.974791002031283,1.03294308322508,1.1988216923965,0.961189646306903,0.887329658097253
1592,1.03179377708847,27,0.915629468665504,0.97883644729772,1.09029214504894,0.84559762885719,0.887329658097253
1593,1.18401758091804,27,1.06925873576082,1.11277007298864,1.31650832734362,1.06392107141453,0.887329658097253
1594,1.1810944044956,27,1.03033729073101,1.11534315372286,1.25971903205741,1.00827095247094,0.887329658097253
1595,1.16214104501333,27,1.03020169929721,1.09641698672947,1.26367445115477,1.01366890876203,0.887329658097253
1596,1.34651100439765,27,1.25161600530398,1.27320576687362,1.44694224818824,1.18992045627625,0.887329658097253
1597,1.0671006236504,27,0.982726880803287,0.997188418318395,1.18256396663541,0.954375296023157,0.887329658097253
1598,1.1370923537245,27,1.05598844979079,1.06063207538321,1.2239444424305,1.00610371662917,0.887329658097253
1599,0.834182416578624,27,0.782942862316744,0.791327444907875,0.947192048632653,0.754477055945509,0.887329658097253
1600,0.951729716778827,27,0.868958443531401,0.883508982599223,1.01636651858648,0.79826028575868,0.887329658097253
1601,1.1255074303414,27,1.06966546789921,1.0567136715905,1.2218356173218,0.987896142876446,0.887329658097253
1602,1.16533977627587,27,1.11208460102604,1.0990709723536,1.2470757733366,1.01204697397271,0.887329658097253
1603,1.14081007067411,27,1.10912114140142,1.06997226219615,1.25437506113164,1.00083449299885,0.887329658097253
1604,0.915742087138097,27,0.858835123603003,0.859042127087717,1.00809109641596,0.793489442667414,0.887329658097253
1605,0.935637258488531,27,0.898816431185052,0.880644576640056,1.0263055929723,0.81652647866775,0.887329658097253
1606,1.05819347980266,27,1.04714829198981,1.00469025870785,1.19199577442136,0.984609587932374,0.887329658097253
1607,0.977004202443094,27,0.91745249524538,0.944382420711442,1.05164234836501,0.850382808309001,0.887329658097253
1608,0.832644371051979,27,0.783636241633902,0.800245585880772,0.967053540718383,0.758046436908231,0.887329658097253
1609,1.26473094046772,27,1.19210701217522,1.19610115133253,1.36263774526623,1.12315596623015,0.887329658097253
1610,1.13853875584138,27,1.06835327535705,1.08406506088259,1.27845381758238,1.03081071421564,0.887329658097253
1611,1.17749373452701,27,1.10096603786354,1.10948351089771,1.26971004191693,1.02021954718339,0.887329658097253
1612,0.861208799534681,27,0.802706932896482,0.816592970463953,0.927492232008024,0.735090499571096,0.887329658097253
1613,1.03055362697282,27,0.957179515510163,0.980482378090212,1.18262206291524,0.943587695968838,0.887329658097253
1614,1.17601436627484,27,1.10073322295239,1.12715072053831,1.3237726379473,1.07544818710875,0.887329658097253
1615,1.13481572197252,27,1.0827890473305,1.08914569160449,1.28160241085761,1.04405956585985,0.887329658097253
1616,1.11055031976271,27,0.983819235847628,1.05071501534285,1.22996666664355,0.994765219737837,0.887329658097253
1617,1.05003786341197,27,0.95522737008627,0.997832675544446,1.17910483543801,0.934425950250817,0.887329658097253
1618,1.22387314325337,27,1.12890000908079,1.17480328096373,1.39602593214789,1.13377053389839,0.887329658097253
1619,1.0609207853145,27,0.95112778099911,0.992618021343348,1.23934412551744,1.0189435020721,0.887329658097253
1620,1.35019791378038,27,1.21244434170707,1.17588104426551,1.44966267541741,1.20130321655046,0.887329658097253
1621,1.20445737747651,27,1.08835964970232,1.11132729961167,1.29297965975466,1.06420577958396,0.887329658097253
1622,1.12394757633449,27,1.0203501194595,1.00160938508217,1.26276610639926,1.03670083303124,0.887329658097253
1623,1.12813193179064,27,1.06693434366974,1.0608494986924,1.28742772993023,1.04066315511782,0.887329658097253
1624,1.27787491112609,27,1.17002007252789,1.20549612636947,1.36466604340093,1.1320643868419,0.887329658097253
1625,1.17914400755406,27,1.12370333574133,1.10751543346377,1.28178306731909,1.03966702380767,0.887329658097253
1626,1.01118960068642,27,0.967967579862082,0.953468325584989,1.07498440590202,0.853811599665335,0.887329658097253
1627,0.953881437788261,27,0.941388036919641,0.918109124833727,1.05251993902589,0.845170319197383,0.887329658097253
1628,0.986643745688358,27,0.989402758640051,0.946228838909487,1.13949054486386,0.913820162758369,0.887329658097253
1629,0.912319104288683,27,0.891100132735856,0.846721111970733,1.01850963113696,0.820149048792476,0.887329658097253
1630,1.0608311110487,27,1.06241472914141,0.997119776099368,1.13144987261313,0.911446056255004,0.887329658097253
1631,0.95294795366811,27,1.01757953582928,0.950416208757111,1.07951545642122,0.85148134869122,0.887329658097253
1632,0.907267322571214,27,0.94262036678685,0.836229198821063,1.01433985868231,0.805470225510883,0.887329658097253
1633,1.09036912315515,27,1.1791238352714,1.03353723441222,1.16645777432892,0.944418738952961,0.887329658097253
1634,0.91362521190251,27,0.941325109543819,0.845707785165329,1.06991332167525,0.857685612992738,0.887329658097253
1635,0.762235646202392,27,0.772883329805968,0.707254030526437,0.898947270741494,0.703606264373993,0.887329658097253
1636,0.85002089237961,27,0.882705287586183,0.803587619571272,0.992227476214288,0.782036749612756,0.887329658097253
1637,0.881886862388147,27,0.914187384351398,0.838245434481084,1.0358285398892,0.821199465361701,0.887329658097253
1638,0.92470600391097,27,0.964646781230694,0.891402838153755,1.06484910916263,0.83315148014616,0.887329658097253
1639,0.91038411264523,27,0.913798652991749,0.863444603579314,1.05765690814024,0.834291617814659,0.887329658097253
1640,0.734602095134174,27,0.734167746618912,0.67877585679432,0.928104191848235,0.718965502955294,0.887329658097253
1641,0.937038324630369,27,0.910335279625898,0.889402794639043,1.04950567025454,0.84988995999988,0.887329658097253
1642,1.00359639733324,27,0.995928248379607,0.95674730766346,1.16226872798365,0.926066190399317,0.887329658097253
1643,1.08091890164517,27,1.0443289337481,1.02812350729836,1.22430423228721,0.996873289568066,0.887329658097253
1644,1.31649495389366,26,1.26266238321224,1.23605420236724,1.4917282593256,1.24051115306804,0.883814215777516
1645,1.33383227147702,26,1.25338187890659,1.26254000946814,1.47848939389534,1.22087224855811,0.883814215777516
1646,1.30737691964465,26,1.15370068072527,1.23797134394779,1.4504582469622,1.20452900199433,0.883814215777516
1647,1.20818557788188,26,1.09045332797237,1.13049227775017,1.32117166499049,1.07331614442086,0.883814215777516
1648,1.36280839890255,26,1.27176909684494,1.27786284696078,1.47103466785057,1.21139467893831,0.883814215777516
1649,1.31559886897268,26,1.23411206106143,1.278857585326,1.48807159893955,1.2438092351256,0.883814215777516
1650,1.17603370521728,26,1.05990838869013,1.11633441478692,1.34612945217096,1.09799794785725,0.883814215777516
1651,1.01930333264598,26,0.903151723470202,0.965157678233433,1.14700710769329,0.911822949288621,0.883814215777516
1652,0.951641031807144,26,0.845647720002585,0.906481147743946,1.10523322825356,0.878272261594067,0.883814215777516
1653,0.767496546808921,26,0.693244144019481,0.730023482252976,0.927935681708517,0.730560407056312,0.883814215777516
1654,1.08505128862673,25,0.974891878416216,1.0159986715358,1.22245119120512,1.00006738751,0.879343762154703
1655,0.93898031753004,25,0.888349046079423,0.894111194517002,0.979348524774777,0.78099121704885,0.879343762154703
1656,1.01374784857354,25,0.965844811727146,0.973630821724664,1.07027389864743,0.862286551662594,0.879343762154703
1657,1.00589750310926,25,0.93898239123085,0.95919055085605,1.08123452279035,0.862230457769773,0.879343762154703
1658,1.18521072299507,25,1.07898145846532,1.11927691411859,1.2796113069988,1.05538918062263,0.879343762154703
1659,1.28844917665649,25,1.15664245164756,1.2236330887339,1.34436641449239,1.12185933039573,0.879343762154703
1660,1.28568172547294,25,1.16747046506767,1.22582936537801,1.35376269474428,1.12631448139354,0.879343762154703
1661,1.28365468607779,25,1.19454438513211,1.20935959291074,1.34838514987643,1.14201531887903,0.879343762154703
1662,1.21430233943415,25,1.10775386179694,1.12591792103639,1.28280321931427,1.05089829673435,0.879343762154703
1663,1.2646752469675,25,1.20763589123625,1.22344013206764,1.4025350055191,1.13181325406413,0.879343762154703
1664,1.12325163334802,25,1.18477034733143,1.11199496073393,1.20171619987965,0.983529371136928,0.879343762154703
1665,0.64453998635634,25,0.674201664575424,0.647251564090082,0.732476757395658,0.538093623353584,0.879343762154703
1666,0.864129125109686,25,0.820655618126836,0.827932963881929,0.914924068147636,0.717721746774471,0.879343762154703
1667,0.998899721384304,25,0.956838450114577,0.946915956456257,1.04580762478569,0.872954143856167,0.879343762154703
1668,0.940311355320597,25,0.906883545455173,0.898551429589623,1.00129516242008,0.806303588735595,0.879343762154703
1669,0.957932490457805,25,0.990098581596515,0.929949399479015,1.04218880748524,0.839142091803754,0.879343762154703
1670,0.881923693215754,25,0.872020291179393,0.856749464941977,0.892441445938951,0.716228204983069,0.879343762154703
1671,1.01026979906515,25,1.0215754945854,0.967322376529631,1.08520435501024,0.865873796725373,0.879343762154703
1672,0.909512094499348,25,0.888318032625468,0.859010210551748,0.99953700665602,0.798002809361865,0.879343762154703
1673,0.999872664689467,25,0.989097695951596,0.962183152622871,1.1126276546966,0.906720468581831,0.879343762154703
1674,0.923318464354602,25,0.952743290283983,0.893613391227546,1.0239555043502,0.813469839466527,0.879343762154703
1675,1.10512137250853,25,1.10674020985697,1.04714096972719,1.21328005821799,0.983612472460902,0.879343762154703
1676,0.828593637465329,25,0.843744707820192,0.801597432694462,0.993498176605578,0.776728968102642,0.879343762154703
1677,0.95367785045456,25,0.947205743541708,0.910633017402782,1.10910252639101,0.889165508420406,0.879343762154703
1678,1.05757713667516,25,1.07381566182507,1.02555460714756,1.21666750245523,0.975204694183783,0.879343762154703
1679,0.795174482727982,25,0.805682869133315,0.761074950276934,0.940087941408727,0.714620580654309,0.879343762154703
1680,0.958409566522092,25,0.954955618386014,0.916853635194628,1.0693018797468,0.835839505343993,0.879343762154703
1681,1.05380058327747,25,1.07476898668178,1.0072330899335,1.12976195191916,0.900019976298611,0.879343762154703
1682,1.04558175181462,25,1.07785924343248,1.00875600701868,1.12513464805839,0.91576715121419,0.879343762154703
1683,1.01810300649195,25,1.04620327104138,0.984626954286359,1.10402784014078,0.892738895046751,0.879343762154703
1684,1.11782245971693,25,1.16870003276023,1.07227802800676,1.23616749594602,0.999870377235705,0.879343762154703
1685,0.992585337997812,25,1.04921207258343,0.976728042639906,0.986112054473594,0.786708338243699,0.879343762154703
1686,1.0250596342118,25,1.10524546886113,0.982971545408879,1.08663881065479,0.883223849623356,0.879343762154703
1687,1.02707602797726,25,1.12875587353581,0.9899317649052,1.0909224496923,0.896927501646733,0.879343762154703
1688,1.01648493143857,25,1.11361011462125,0.989097401842089,1.05495134512184,0.881178683181588,0.879343762154703
1689,0.870138300607096,25,0.949056207053253,0.840305600578051,0.943619608189641,0.756828722984812,0.879343762154703
1690,0.735217197650725,25,0.812156053102722,0.723156767183654,0.833349635087361,0.634291305753113,0.879343762154703
1691,0.904055134738012,25,0.993258562076449,0.870989762716807,0.992917914474409,0.806651915143936,0.879343762154703
1692,0.950907173580892,25,1.09359526842023,0.925895872623753,1.05189008568236,0.855754343503476,0.879343762154703
1693,0.603144539521251,25,0.767414836234907,0.61162602210949,0.618239669742699,0.446106635613401,0.879343762154703
1694,0.982625896810298,25,1.21291576656716,0.963514209509344,0.937510973853196,0.766930228990311,0.879343762154703
1695,0.79599274831955,25,0.988177517029698,0.773986475264997,0.910956232406808,0.709023890334256,0.879343762154703
1696,0.736505849813057,25,0.917833770653044,0.718211884093335,0.860469955890075,0.682028368350536,0.879343762154703
1697,0.796309638129783,25,0.965943033661561,0.771943836914322,0.878514479589781,0.699959198337028,0.879343762154703
1698,0.818639629718234,25,1.01181252979352,0.79509917880736,0.883357242708565,0.721716690415414,0.879343762154703
1699,0.428668723154186,25,0.555768947686183,0.432858020342896,0.3526574529855,0.300608872638376,0.879343762154703
1700,0.638717261027598,25,0.764037528631227,0.621320430252948,0.702243084480102,0.53547597857246,0.879343762154703
1701,0.599329332531765,25,0.753257762976612,0.584912514202772,0.684133170949898,0.531111279583617,0.879343762154703
1702,0.646212893765332,25,0.781033260316183,0.627713978404845,0.638285992177367,0.514397080429914,0.879343762154703
1703,0.710448869611908,25,0.850342023666535,0.690804215320823,0.635026144809343,0.507929491303401,0.879343762154703
1704,0.840596813458515,25,0.959217006824551,0.813899821117473,0.921801748756051,0.709226166086515,0.879343762154703
1705,1.01091471852734,25,1.13400238175337,0.97197921777895,1.00095881641657,0.730615076949899,0.879343762154703
1706,0.93749941298203,25,1.05409321297339,0.912629742123349,0.949446165351135,0.793089770129827,0.879343762154703
1707,0.899089357064045,25,0.975297740669635,0.874799420321639,0.960283776214155,0.790655453189867,0.879343762154703
1708,0.932835038603672,25,1.02149229604029,0.910123832113375,0.970353824382099,0.785750550519882,0.879343762154703
1709,1.13562667142356,25,1.20324388135051,1.07782158327439,1.2145718152596,0.99234924814266,0.879343762154703
1710,1.0421851217768,25,1.04930718476534,1.00397309229543,1.12685566524117,0.929777936025832,0.879343762154703
1711,1.03422000951101,25,1.08129773627431,1.00874958735438,1.0755081257986,0.918892040139009,0.879343762154703
1712,1.03598020620771,25,1.09580327567425,0.991254829417619,1.07918778559219,0.881682593850477,0.879343762154703
1713,0.972730641132643,25,1.08020588534655,0.983678549164317,1.11803092140799,0.879964394162494,0.879343762154703
1714,1.01713319529907,25,1.16523067597378,1.0321909062828,1.16654364473499,0.982438815185826,0.879343762154703
1715,1.06843384301915,25,1.11470381644112,1.04580062936992,1.16078074896235,0.954307570945691,0.879343762154703
1716,1.18516944738201,25,1.2154800151652,1.14127933592476,1.18818890713286,1.04982355749697,0.879343762154703
1717,1.19567380316369,25,1.25908240109189,1.14686214328436,1.21327505769803,1.04147130459805,0.879343762154703
1718,0.572832316722184,24,0.659596417180144,0.576460379927038,0.596747845827954,0.445465211178004,0.881495997342337
1719,0.693701043931943,24,0.715197185740085,0.67559633614666,0.724284629790405,0.566854536451839,0.881495997342337
1720,0.827433958278416,24,0.878517304940909,0.814164760728683,0.906081270822917,0.684728947838395,0.881495997342337
1721,0.91014810560043,24,1.02847190170101,0.911574412192928,1.00690815308639,0.754502448047717,0.881495997342337
1722,0.866458129977968,24,0.936055322887295,0.856079025878409,0.89821003964199,0.726255538933489,0.881495997342337
1723,0.865497550426871,24,0.934580016242777,0.86589093235432,0.865207111059635,0.672954514742688,0.881495997342337
1724,0.590886874604102,24,0.639553440165128,0.56752846465924,0.695437182906823,0.514753399492996,0.881495997342337
1725,0.951559016797021,24,0.975530174546027,0.943282183052827,1.01872746326295,0.825875497979232,0.881495997342337
1726,0.796656512961097,24,0.79265414258691,0.787263549117887,0.916583441774604,0.729877376804865,0.881495997342337
1727,0.952063826889543,24,0.921941644557224,0.941094529931423,1.06779905056997,0.846171431315442,0.881495997342337
1728,1.14326511683225,24,1.0790226151603,1.13189727112771,1.18034868093978,0.958227762471865,0.881495997342337
1729,1.15791687924652,24,1.0814727059794,1.14525797362572,1.23892810985755,1.05372918117817,0.881495997342337
1730,1.36939630422446,24,1.28018027895194,1.34253543806655,1.42589798891465,1.19943747525834,0.881495997342337
1731,1.44106614118898,24,1.25209391618495,1.42434511083775,1.50837360861718,1.30251895734274,0.881495997342337
1732,1.56026831860512,24,1.367367851225,1.51921682470691,1.58356427293425,1.36137335365594,0.881495997342337
1733,1.30955798343645,24,1.16282862304201,1.30210584039011,1.42310881170112,1.16883173432955,0.881495997342337
1734,1.13595833279413,24,0.97413316338965,1.11424076877211,1.2990258006151,1.10015807852096,0.881495997342337
1735,1.3321321807442,24,1.17073660389215,1.3319155354516,1.42010085847673,1.22120904698908,0.881495997342337
1736,1.42943744754559,24,1.27952432825419,1.41683864753267,1.51498558815234,1.30773926170181,0.881495997342337
1737,1.05157099595076,24,0.959049997530361,1.0339831845831,1.16440069000691,0.950514944809428,0.881495997342337
1738,0.776648497079396,24,0.714787365514223,0.766366603153013,0.849794500858005,0.629803131771921,0.881495997342337
1739,0.936435477903525,24,0.868420332509331,0.9135134612308,1.08066313615504,0.883562366052742,0.881495997342337
1740,0.977933846363767,24,0.941726567785088,0.967810339160978,1.14898868873092,0.927148067534209,0.881495997342337
1741,1.02701221126779,24,0.981444909317561,1.01823360652581,1.1429148201943,0.938660084677212,0.881495997342337
1742,1.02778759172381,24,0.961401697357586,1.01858283246084,1.16211623710431,0.945576224973581,0.881495997342337
1743,0.915684157105354,24,0.861652259445005,0.916691855207804,1.05340878396291,0.84182837934515,0.881495997342337
1744,1.06371132054441,24,0.998626828877061,1.07727144155934,1.18166785789674,0.969638696783791,0.881495997342337
1745,0.875931776185022,24,0.894758507133986,0.871569854126416,1.02337526753068,0.821898319607005,0.881495997342337
1746,1.14543773730046,24,1.18260352572874,1.12600623698656,1.27932085926947,1.07659156588938,0.881495997342337
1747,1.00523821257213,24,1.0796318907119,1.02651120731711,1.11657618617618,0.922630451026239,0.881495997342337
1748,0.779436707880525,24,0.856003316359936,0.778192327010003,0.918141964587092,0.732312416058161,0.881495997342337
1749,0.867222502791396,24,0.891385630645625,0.859346159347175,0.990529138765242,0.798800978318031,0.881495997342337
1750,0.946766480680989,24,0.992271806025869,0.9555804769997,1.09059850204302,0.880511616051147,0.881495997342337
1751,0.725545698921555,24,0.758727263188991,0.729289801028236,0.888538332805304,0.699187675420687,0.881495997342337
1752,0.950879620355581,24,0.990280755918077,0.958945627978618,1.06636005935385,0.865677639826,0.881495997342337
1753,0.88498359999937,24,0.920643246507843,0.89962167748778,1.01620268002314,0.790583068941105,0.881495997342337
1754,0.999593886775461,24,1.03390240614178,1.00139514725141,1.13082809421607,0.931757667163319,0.881495997342337
1755,0.813952364415796,24,0.860366361776309,0.817328802824763,0.923184680221356,0.738085795846245,0.881495997342337
1756,0.891038281291527,24,0.937423751609121,0.902300863150426,0.989756936599839,0.810897718716216,0.881495997342337
1757,0.851004512793416,24,0.909433276788615,0.880285886814928,0.985792331997682,0.784876678436722,0.881495997342337
1758,0.959997425813323,24,1.05902648312191,0.978157948363304,1.04728270414974,0.857404565849204,0.881495997342337
1759,1.06005886689857,24,1.12588128982891,1.06778725008204,1.12934086617857,0.926632795852548,0.881495997342337
1760,0.942943918097458,24,1.02491614796475,0.955243175487346,1.02696594617995,0.843207113996042,0.881495997342337
1761,0.963750053317809,24,1.02781767408713,0.971092432055026,1.03691978639483,0.846416580234737,0.881495997342337
1762,0.949117307200124,24,1.05421970848481,0.957394260188383,1.05046286141981,0.849565227499134,0.881495997342337
1763,0.932216135650158,24,1.04989483997602,0.956786775482195,1.08241726697816,0.867872372992725,0.881495997342337
1764,1.06907495044841,24,1.16982568034797,1.07524278327135,1.13899801347675,0.93913246024721,0.881495997342337
1765,0.933974541018119,24,1.1144993142084,0.934043977729741,1.04989923630165,0.840267686461742,0.881495997342337
1766,0.621373509479698,24,0.73084364408792,0.615499979696076,0.74950898478651,0.565461315354407,0.881495997342337
1767,0.847680377522493,24,0.996881167617128,0.853537377017266,0.933785934965908,0.734588718289218,0.881495997342337
1768,0.743827980100272,24,0.896712959939874,0.775229570289538,0.814430339269715,0.63568877539654,0.881495997342337
1769,0.737674364872749,24,0.925512380433944,0.745814819473114,0.782560374566463,0.615133143258835,0.881495997342337
1770,0.608453957838041,24,0.756527809639838,0.615276159625895,0.625359257363115,0.469096594661083,0.881495997342337
1771,0.699238885457436,24,0.858200582366045,0.704385339654171,0.714643399347344,0.561378468153801,0.881495997342337
1772,0.56881939015585,24,0.720513866445256,0.583673185821374,0.643298320724129,0.472128566334865,0.881495997342337
1773,0.654237056906502,24,0.807849519731466,0.668604279424569,0.703141641413257,0.557259740777918,0.881495997342337
1774,0.907009512616265,24,1.14678026527936,0.937944761970908,0.870570853797678,0.69632025337876,0.881495997342337
1775,0.727989767254373,24,0.945634317131996,0.732384189898873,0.744596137102513,0.604563882274711,0.881495997342337
1776,0.588779458978442,24,0.796738909686832,0.615125349290603,0.678410738169032,0.523828176166903,0.881495997342337
1777,0.667111171607894,24,0.877568364083233,0.685102441404046,0.711827910440611,0.552018128319248,0.881495997342337
1778,0.789775825928449,24,1.02478163553722,0.811468789820754,0.859559028409089,0.690240702443121,0.881495997342337
1779,0.747893161569517,24,0.994705355793064,0.767945994138188,0.746375253504058,0.591958786701231,0.881495997342337
1780,0.768455959903064,24,0.986482057259729,0.78318842894558,0.837720688058619,0.660251086929657,0.881495997342337
1781,0.775832884469244,24,0.961321948285521,0.79020325834827,0.803128726920866,0.64088242925703,0.881495997342337
1782,0.757347656770708,24,0.959347951665247,0.783479253704139,0.797783905740609,0.635605962430705,0.881495997342337
1783,0.832865402511943,24,1.00230107548237,0.852682505004333,0.844884479036465,0.678425251512139,0.881495997342337
1784,0.894126576303294,24,1.02475668975692,0.904269438163281,0.974850614674023,0.787028183250857,0.881495997342337
1785,0.787038487529468,24,0.913005704650215,0.802800768398869,0.841502962911918,0.663542410702611,0.881495997342337
1786,0.788076578254937,24,0.949326362581097,0.80241743147722,0.80811285895023,0.636682776686226,0.881495997342337
1787,0.978044693189276,24,1.08364619464003,1.00345611771898,0.976893272986364,0.797079629484535,0.881495997342337
1788,0.972629975189645,24,1.05223381774585,1.00291525722993,0.934750283045412,0.772301325726765,0.881495997342337
1789,0.838735176578423,24,0.940606702479275,0.848296352528402,0.845992508273463,0.689728014309993,0.881495997342337
1790,0.838900233700013,24,0.906549996837443,0.875304355712865,0.868924993736781,0.697140528040424,0.881495997342337
1791,0.966691502251528,24,1.05289732962537,0.999026589864978,0.957848148103046,0.77692551132357,0.881495997342337
1792,0.721238904121475,24,0.786933104292195,0.737960236266702,0.721960056738184,0.543024041236475,0.881495997342337
1793,0.759410900193151,24,0.759406280721354,0.764370687045704,0.743877531277547,0.59257613132031,0.881495997342337
1794,0.920928547322656,24,0.89096624950395,0.932866928739682,0.851278663373151,0.686515464791097,0.881495997342337
1795,0.796618488169369,24,0.746062618939546,0.810452110356484,0.813665190604887,0.649963705295957,0.881495997342337
1796,0.791633173988896,24,0.728025038452233,0.811715567612623,0.820430810495295,0.646384001816555,0.881495997342337
1797,1.07568988915851,24,0.943586930666628,1.10251203062671,1.02106785245905,0.835147636035038,0.881495997342337
1798,1.07649266590492,24,0.951466872193834,1.11463634273864,1.08387367335408,0.883675819298594,0.881495997342337
1799,1.18603117251302,24,1.00114574162318,1.22493392397655,1.20470860124226,0.998308533998378,0.881495997342337
1800,1.36567648214719,24,1.12613207620362,1.39543507527872,1.37455712670082,1.16032925461507,0.881495997342337
1801,1.56433048044411,24,1.29219551419226,1.6118316006244,1.46068577752655,1.26749981056536,0.881495997342337
1802,1.49911326997378,24,1.21318579455973,1.52338040994735,1.42892044215369,1.2605646126317,0.881495997342337
1803,1.50901552184894,24,1.23477252609823,1.53484180529273,1.38176544812507,1.18356252057194,0.881495997342337
1804,1.3169185891565,24,1.08611021462591,1.33040562604481,1.2308524281986,1.04224242711392,0.881495997342337
1805,1.22132345927977,24,1.00026938373891,1.23725102477472,1.15036204139966,0.967143064750472,0.881495997342337
1806,1.326463672201,24,1.17628855510516,1.36855010179054,1.18014473777887,0.984237481348492,0.881495997342337
1807,1.10292444543238,24,0.953787109218693,1.12194671258251,1.10101182375266,0.931157443550794,0.881495997342337
1808,1.00427696118283,24,0.897651408520054,1.03889598006581,1.07022157537304,0.870051244678993,0.881495997342337
1809,1.06564453706549,24,0.956502705300758,1.08206092931699,1.13334043961873,0.898185471137202,0.881495997342337
1810,1.00917478367163,24,0.929776674672888,1.00711271851436,1.00768667666126,0.799628248434242,0.881495997342337
1811,0.829074712233718,23,0.794146889207652,0.841655357772962,0.917156501143612,0.72961454527399,0.876432663186476
1812,0.91824874882555,23,0.945167732597543,0.938740684309345,1.04952735924262,0.847719469357976,0.876432663186476
1813,0.992904649379113,23,1.02345492823741,1.02613082920098,1.10127785555185,0.906980440703361,0.876432663186476
1814,0.918357997443103,23,1.02150421922499,0.915762271380993,1.00424242360899,0.828901533040463,0.876432663186476
1815,0.758106193505817,23,0.865714966366122,0.764636426938979,0.824191613921565,0.638577360432417,0.876432663186476
1816,0.604698413731574,23,0.695530601065682,0.620270000504032,0.624866488143432,0.473420952794817,0.876432663186476
1817,0.945852324042714,23,1.09319255672632,0.961974461390711,0.945709962828438,0.756416011165663,0.876432663186476
1818,0.721800817384743,23,0.848856870161114,0.73653646324928,0.764165106005721,0.608612401997414,0.876432663186476
1819,0.618701472057316,23,0.724006911247244,0.637424624387532,0.663725296622392,0.528850038638954,0.876432663186476
1820,0.703779811511711,23,0.839456977800936,0.719827307354285,0.797104865293094,0.610566973183249,0.876432663186476
1821,0.586009268837028,23,0.726946301644885,0.612785289160706,0.69063706695215,0.529487777757082,0.876432663186476
1822,0.880979539669088,23,1.09824856241,0.89288560343014,0.959452442440364,0.783281229649351,0.876432663186476
1823,0.900336137740232,23,1.11511456703842,0.924661593340575,0.956188095371908,0.783560622402008,0.876432663186476
1824,0.644046234409586,23,0.813093925970883,0.666337088836591,0.736256422893908,0.569954350074867,0.876432663186476
1825,0.69403931206237,23,0.845873044159328,0.746448437894721,0.745439804145265,0.602626457209153,0.876432663186476
1826,0.764577077790676,23,0.928955026189026,0.807653513314593,0.913314042858447,0.711856002895196,0.876432663186476
1827,0.815869984428603,23,0.883823622457948,0.824724201401571,0.898300714576968,0.728862514808279,0.876432663186476
1828,0.986142302691022,23,1.1432583470965,1.09759300310247,1.11739649935389,0.934037972658771,0.876432663186476
1829,1.19456932485638,23,1.28591226898538,1.25027084300982,1.22359969914938,1.06515081880086,0.876432663186476
1830,0.888801400085063,23,0.96876994319395,0.936918429010586,0.964446379247264,0.800497666706385,0.876432663186476
1831,1.04247034230832,23,1.18672490659948,1.08466875224238,1.11384102865321,0.940646816542286,0.876432663186476
1832,1.16796646150368,23,1.32796222512278,1.22298189321716,1.20765817713541,1.03205031358192,0.876432663186476
1833,0.623971293841169,23,0.706555768618707,0.634721530282254,0.656720819887911,0.518383085562994,0.876432663186476
1834,0.700136472645465,22,0.815838359835948,0.71420052776386,0.722250274861881,0.554299790127432,0.871310594888525
1835,0.994807578563301,22,1.0836161436104,1.01100618588496,0.953769361882347,0.781415392268857,0.871310594888525
1836,0.985755679098833,22,1.08023454564935,1.00491044440949,0.96024272222874,0.802869393019867,0.871310594888525
1837,0.91002543786998,22,1.00180414577013,0.919404827642374,0.880824031694967,0.727493862032025,0.871310594888525
1838,0.934896198746732,22,1.05188702298586,0.952957028733606,0.930368603087427,0.73217352695877,0.871310594888525
1839,0.946122843769835,22,1.07177575988607,0.967928926874209,0.900882248991703,0.734979672782654,0.871310594888525
1840,0.74631196467731,22,0.835371906339903,0.764768791999328,0.786935827254196,0.628771636138414,0.871310594888525
1841,0.690018249336447,22,0.799123636661915,0.711403090591286,0.723976031973412,0.560759032623021,0.871310594888525
1842,0.885308621463038,22,1.00297614298171,0.891202889802056,0.871554504162123,0.694269505793981,0.871310594888525
1843,0.577549244629993,22,0.646219974702817,0.585673639319772,0.574448489916614,0.470348890154729,0.871310594888525
1844,0.975862042653517,22,1.08766964880613,1.00391835810466,0.985860452207337,0.796008642262786,0.871310594888525
1845,1.02956772069976,22,1.15132048071093,1.05120132999808,1.04568711695195,0.860200081545814,0.871310594888525
1846,1.04166239483156,22,1.18467061870057,1.05205985414224,1.06022700760482,0.865929486502131,0.871310594888525
1847,0.964653160074044,22,1.10126118997095,0.976479662763969,0.97382258901662,0.783980144419404,0.871310594888525
1848,0.874520480579449,22,1.04379387281105,0.878814188071078,0.931797519723459,0.747964040552462,0.871310594888525
1849,1.11353584109204,22,1.29443318837567,1.13818845393656,1.06200945752935,0.862894382128928,0.871310594888525
1850,0.988246661673877,22,1.15376287365143,0.997561411708894,0.936896834363424,0.74839166011964,0.871310594888525
1851,0.542349904885497,22,0.645669400787268,0.551643130676746,0.567016529617702,0.420766447907808,0.871310594888525
1852,0.617930238086834,22,0.776773545955835,0.630589828364658,0.623199538475956,0.477565477918358,0.871310594888525
1853,0.773535039204791,22,0.934854609834505,0.78154172789145,0.766650876627328,0.59810317563429,0.871310594888525
1854,0.682554563895726,22,0.841204910081713,0.69715650148477,0.69814605737177,0.531400521231537,0.871310594888525
1855,0.675151745859219,22,0.861264682289249,0.703231012839621,0.708491112597014,0.540537526151728,0.871310594888525
1856,0.792454759711295,22,1.01842167360646,0.813001178867579,0.779090129961903,0.622316873696498,0.871310594888525
1857,0.815179450526864,22,1.01333832279485,0.827244894527441,0.774057143622183,0.599888269466073,0.871310594888525
1858,0.896624363255592,22,1.10591755024995,0.910980385612859,0.836462561995398,0.65783529369043,0.871310594888525
1859,0.748331103908931,22,0.895021228261921,0.761665454122205,0.720887839452722,0.564120519976724,0.871310594888525
1860,0.663900769998292,22,0.815806548620174,0.665381306245817,0.637454587865466,0.473077767163279,0.871310594888525
1861,0.925409198701301,22,1.10384168268531,0.932408121492351,0.839767060276583,0.686519716100694,0.871310594888525
1862,0.717522720477072,22,0.850279219116318,0.736077228802889,0.628996566778603,0.432579217346711,0.871310594888525
1863,0.835743393792781,22,0.977368014137403,0.847597177492118,0.7842399767162,0.609450301925295,0.871310594888525
1864,0.948524263334057,22,1.09308387881192,0.955086979652904,0.857518614941123,0.66314150203678,0.871310594888525
1865,0.74410065335305,22,0.834619154347104,0.749864409894553,0.679119951191381,0.518156417654962,0.871310594888525
1866,0.870675642847092,22,0.989238164723741,0.872797778460075,0.80000447612314,0.636955617609947,0.871310594888525
1867,0.723459691466788,22,0.792030016839222,0.731319691856226,0.658605799884862,0.50826447412202,0.871310594888525
1868,1.00219877312486,22,1.10145247437713,1.01284081749208,0.959936045179051,0.800930296006822,0.871310594888525
1869,0.948039567250972,22,0.985762045269904,0.969051282344776,0.855409410338561,0.693155955434937,0.871310594888525
1870,1.03960950579749,22,1.0825145783529,1.06501431646238,0.911092089055048,0.754774478686847,0.871310594888525
1871,0.888432551076966,22,0.922112812708994,0.907320935310744,0.806177384605128,0.635587412846656,0.871310594888525
1872,1.18881859194288,22,1.21903388476009,1.21580341623396,1.01705246140232,0.840073870725505,0.871310594888525
1873,1.19251527880744,22,1.33010712437927,1.2612304339877,1.08827303607251,0.93021535167418,0.871310594888525
1874,1.22724676875782,22,1.24232578325726,1.25501481403706,1.12611016532179,0.95628328740709,0.871310594888525
1875,1.30014551510863,22,1.33042524122436,1.3263635994906,1.19199436624123,1.01794974112602,0.871310594888525
1876,1.23143827073854,22,1.26479411816478,1.26513099123032,1.11576373833452,0.959142675486577,0.871310594888525
1877,0.689193439652736,22,0.690755928883851,0.709996005341863,0.665802381910755,0.509935549451133,0.871310594888525
1878,0.882346649078779,22,0.907198808325704,0.926121237279575,0.886291697711111,0.724475149699948,0.871310594888525
1879,0.760412062508725,22,0.804350007360861,0.797189031468685,0.803616102690304,0.635410535137614,0.871310594888525
1880,1.00701472675575,22,1.02511908855417,1.0429573818618,0.985574658073771,0.80357373937505,0.871310594888525
1881,0.752258072368316,22,0.779466037328982,0.788262054626927,0.806085442343654,0.649287775825219,0.871310594888525
1882,0.807842763539153,22,0.850595341229664,0.833525197049158,0.885367239881676,0.68510104091421,0.871310594888525
1883,0.74227391083496,22,0.785954450045705,0.768931201959546,0.73373194751327,0.562714659238572,0.871310594888525
1884,1.11916547174312,22,1.18882170044415,1.17587228168323,1.07352901773896,0.878313098562219,0.871310594888525
1885,0.93838891144254,22,0.979056615902678,0.961259500853954,0.913382308355836,0.727334011635788,0.871310594888525
1886,1.09959295585917,22,1.11908574982977,1.10444476192419,1.03460637422027,0.835059380821634,0.871310594888525
1887,1.05627775964936,22,1.1147400794181,1.08554276030554,1.0442524968374,0.834237651492746,0.871310594888525
1888,0.736300275473421,22,0.826403265166428,0.809115603764157,0.816273341121267,0.63975940324862,0.871310594888525
1889,0.833511569450299,22,0.882570735250019,0.855211230278539,0.857451747197039,0.682544922172972,0.871310594888525
1890,0.918480245901593,22,0.932340774854463,0.941858979637141,0.89824166255635,0.72486656653938,0.871310594888525
1891,0.843271632905826,22,0.851723007429833,0.868849463183986,0.829915391615142,0.653784282607447,0.871310594888525
1892,0.90441901492064,22,0.892565160177448,0.924182851838752,0.896342412178937,0.724047925710152,0.871310594888525
1893,1.06469700102292,22,1.06936779082995,1.11027733522406,1.01816940178345,0.844354774157976,0.871310594888525
1894,1.21562286203395,22,1.15238138877015,1.24169672611472,1.07526397553628,0.89489829871003,0.871310594888525
1895,1.01476451716782,22,0.987050661217297,1.05347558462707,0.993179948973539,0.82401561330573,0.871310594888525
1896,1.24232951472836,22,1.19438095295264,1.27708520266261,1.1613460115055,0.983993916170725,0.871310594888525
1897,0.95087474601855,22,0.935845359950025,0.998667192646634,0.938389935188493,0.753924056551792,0.871310594888525
1898,1.10673740517174,22,1.07166669947239,1.15758803195725,1.06289435149801,0.883805861175825,0.871310594888525
1899,1.22570642010585,22,1.17373383975801,1.26881771682071,1.17930503729718,1.00062669520265,0.871310594888525
1900,1.22709580265967,22,1.17507155314156,1.25781548561555,1.15086130242535,1.00289950148571,0.871310594888525
1901,1.11362954296498,22,1.08538172744016,1.14562649451599,1.06436407981882,0.878809125368328,0.871310594888525
1902,0.870499595090691,22,0.833253068723573,0.897652368262432,0.860172859034971,0.713806514967381,0.871310594888525
1903,1.02989599192777,22,1.02055312623189,1.04875251845775,0.91867429527056,0.747368801385604,0.871310594888525
1904,0.968317207797113,22,0.953621877844427,0.995663256156253,0.929146231659966,0.780817330737467,0.871310594888525
1905,0.945756056275227,22,0.922140065966377,0.96499249275948,0.940925414565344,0.76992924774406,0.871310594888525
1906,0.785454129420032,22,0.793127575514293,0.807043990905192,0.815288323838251,0.645111436395833,0.871310594888525
1907,1.0373793847312,22,1.04274488709076,1.04833743255211,0.969834447522112,0.794614005068496,0.871310594888525
1908,0.86680398461186,22,0.922481416455494,0.84820680846397,0.840687695231046,0.657667442265129,0.871310594888525
1909,0.976974693664986,22,1.01175093770495,1.00914394744165,0.897662443950576,0.749002431024806,0.871310594888525
1910,1.07146594803071,22,1.11008228215875,1.09125228279246,0.96705421494967,0.789761853005965,0.871310594888525
1911,0.890417152601651,22,1.03275982323481,0.9329228126181,0.861862815634806,0.719342826522915,0.871310594888525
1912,0.81160507041107,21,0.866742720863275,0.836563489012677,0.814937795403328,0.662096084485309,0.866491762006
1913,0.824451549130691,21,0.909112877960653,0.84280607928224,0.826485465095635,0.670652432847367,0.866491762006
1914,0.933919262873684,21,0.984449390820588,0.95649569477356,0.889747402722678,0.743071034808208,0.866491762006
1915,0.890228861765937,21,0.984317193770123,0.908968773676763,0.852040621884397,0.699950108472357,0.866491762006
1916,0.848245695653719,21,0.971948834503855,0.877864652798907,0.832339238372259,0.668470709046462,0.866491762006
1917,0.867690533569754,21,0.949995896384514,0.89119584503808,0.845015721008577,0.682821886288856,0.866491762006
1918,0.913860330694927,21,1.01237473528956,0.954449056163917,0.899800219028515,0.717679078883027,0.866491762006
1919,0.610108967386793,21,0.708776282134481,0.637435952039937,0.613751943504374,0.452916587295521,0.866491762006
1920,0.679415266467374,21,0.781369075505966,0.697489776139269,0.705634201906971,0.5288900028932,0.866491762006
1921,0.82128372524264,21,0.919984996630828,0.855334005178012,0.852322333300661,0.687004155381971,0.866491762006
1922,1.13076786943056,21,1.21655844422627,1.19921336674572,1.07948534867739,0.902092359321288,0.866491762006
1923,0.678368527284984,21,0.771937984883143,0.728239672994248,0.690323488716461,0.532906482413478,0.866491762006
1924,0.910077026433823,21,0.972374826984073,0.955322848442808,0.921165909599319,0.753011999527673,0.866491762006
1925,0.944793490541198,21,0.992216554109726,1.01403205432826,0.948681742680231,0.776729772940266,0.866491762006
1926,1.09985037197586,21,1.1457827329375,1.17133282712897,1.03890375180132,0.868408534383654,0.866491762006
1927,0.835445002239298,21,0.860195061637094,0.873779263109661,0.843853958166835,0.666612773306242,0.866491762006
1928,0.926059177293873,21,0.917470473141541,0.952478451551123,0.89493998586465,0.729771532542906,0.866491762006
1929,1.2120100111735,21,1.18795637731101,1.2640687244548,1.12616798793912,0.9667872178892,0.866491762006
1930,1.05353391436455,21,1.01882105187271,1.0917118387646,1.03906894835358,0.867518539302413,0.866491762006
1931,1.05687212240898,21,0.948069435006837,1.09845028503804,1.03266860417033,0.860485550062474,0.866491762006
1932,1.05327837038585,21,0.975116710171357,1.09000070728885,1.02921914282022,0.878471704394118,0.866491762006
1933,1.16135758141686,21,1.02395293765711,1.17408117783339,1.10426530865873,0.958070612562951,0.866491762006
1934,1.12964783108861,21,1.09015337677655,1.22243273567811,1.07641524753974,0.930178957336069,0.866491762006
1935,1.2298862697681,21,1.14156633123477,1.31365900567232,1.09898247178006,0.960243562742311,0.866491762006
1936,0.975786449279455,21,0.898522173425073,1.03667912291853,0.954830974508179,0.801260077550765,0.866491762006
1937,1.16558968361138,21,1.07215936809298,1.24152296866752,1.08323295271644,0.952893516327781,0.866491762006
1938,1.0578163361096,21,1.03077490255118,1.15728009858575,1.03043808074655,0.913081994771263,0.866491762006
1939,1.33580895495065,21,1.20673467509183,1.43144753972204,1.19334020863312,1.07984058693371,0.866491762006
1940,1.06118523083364,21,0.964342177382913,1.12081395691823,1.02278314321091,0.880269084945154,0.866491762006
1941,1.16772697078276,21,1.05140559148149,1.23590212537626,1.02290523825042,0.910404882792268,0.866491762006
1942,0.984671021520992,21,0.899371134162775,1.04086505693993,0.974637589070045,0.825567896939131,0.866491762006
1943,0.961768983580064,21,0.927431406251213,1.04313409094245,0.915202189465859,0.769181944513306,0.866491762006
1944,0.734792305499384,21,0.64813266285103,0.761396941510673,0.699224884936337,0.541762949809053,0.866491762006
1945,0.826452180791048,21,0.751750789753995,0.883499972060845,0.822729357542062,0.633122925886627,0.866491762006
1946,1.05455471694,21,0.967692786631018,1.08537867335592,0.983241780189727,0.821579528436963,0.866491762006
1947,1.26155831364981,21,1.15547463393418,1.32859843070171,1.13403019435506,0.959312132858821,0.866491762006
1948,1.30008212029306,21,1.18947964096655,1.35325723247807,1.13940836637361,0.986556292790072,0.866491762006
1949,1.19438641352043,21,1.08529682872389,1.24159528369734,1.03735082875043,0.873055216267641,0.866491762006
1950,1.18823561937347,21,1.06544232286036,1.24078497599766,1.08312765787599,0.907476204325859,0.866491762006
1951,1.27652358423554,21,1.18009502451795,1.34558786549548,1.139240126804,0.988575126880854,0.866491762006
1952,1.16052380595283,21,1.09167274773128,1.21339201300799,1.03255360228301,0.886120688944204,0.866491762006
1953,1.1725550797179,21,1.08193851516815,1.21319747953369,1.03210087090401,0.862705619590963,0.866491762006
1954,1.11422827976873,21,1.02010397225159,1.14951412238423,0.971178696789773,0.797564818036368,0.866491762006
1955,0.714036458964291,21,0.678360276496659,0.768404731323277,0.696122474083986,0.517463394709061,0.866491762006
1956,1.06312155502793,21,1.01859964458137,1.09594919204911,0.957232825160273,0.798545826252331,0.866491762006
1957,0.928602694120597,21,0.94186643503347,0.988701732687582,0.921288549503978,0.754011889766496,0.866491762006
1958,1.20801914907241,21,1.18880115310832,1.27167615572462,1.10252560671244,0.956889641635139,0.866491762006
1959,1.05537002645341,21,1.05767776098163,1.13543153711338,0.98957015198792,0.812011662098639,0.866491762006
1960,0.593850710088775,21,0.597291283916149,0.634974248837939,0.559713119651002,0.389689767604863,0.866491762006
1961,0.801169249191979,21,0.815772525460367,0.858439249647089,0.713403410454866,0.542714832687832,0.866491762006
1962,0.894543201143491,21,0.87212870229215,0.958122695150744,0.768654720960176,0.617787439278417,0.866491762006
1963,1.02685854957828,21,0.967562380993242,1.05425928750053,0.872073895842072,0.730303427692356,0.866491762006
1964,1.08893910005534,21,1.06866820578499,1.15491644875197,0.956455061734531,0.783499114020487,0.866491762006
1965,1.01164698183805,21,0.996377353264026,1.09253875820332,0.858206704378195,0.712590195934273,0.866491762006
1966,1.1340764011819,21,1.07884370765787,1.22115202833758,0.993857409174004,0.842207043929666,0.866491762006
1967,1.12983099104053,21,1.04661756263204,1.18874424936918,0.904972578609604,0.739473085265197,0.866491762006
1968,1.14568293449826,21,1.06521781753657,1.22769839863082,0.998239946782391,0.847266344693416,0.866491762006
1969,1.06002195017182,20,0.976137923217188,1.12335441878652,0.897379616422065,0.756452997412462,0.857376362748192
1970,1.1868187594618,20,1.04615053824094,1.26512202540323,0.975145812300559,0.798527798550123,0.857376362748192
1971,1.17801459390115,20,1.01393067954173,1.25369069093642,0.946822934153408,0.7854801243519,0.857376362748192
1972,1.10893231216204,20,0.974343520006196,1.19747437230643,0.955294844427983,0.832102697727873,0.857376362748192
1973,1.01845607487791,20,0.891368257706401,1.10338782637715,0.91102014843425,0.772818246229683,0.857376362748192
1974,1.35792684254296,20,1.166538077848,1.45375722321734,1.13087800824462,0.949184201830894,0.857376362748192
1975,1.04639578767131,20,0.914372548805205,1.14328004297889,0.91031566961779,0.754657218480591,0.857376362748192
1976,1.20481925752823,20,1.01874437877726,1.29029911783231,1.03828081265425,0.910258379691061,0.857376362748192
1977,1.4228015094745,20,1.20525351602189,1.52706415333754,1.22587284966465,1.05869281771873,0.857376362748192
1978,0.917410773508331,20,0.77143562459581,0.971805190248525,0.803658284099656,0.65898148117449,0.857376362748192
1979,0.938130797933238,20,0.828752004392737,1.02700369380402,0.852766173504306,0.69276492212043,0.857376362748192
1980,1.33695134738807,20,1.16049374312689,1.42766637718537,1.15526063129052,1.02290868784356,0.857376362748192
1981,1.20514435609913,20,1.03150758392407,1.28842029397227,1.04813518096954,0.883475678112146,0.857376362748192
1982,1.14288138697977,20,1.02736507785548,1.33041752291209,1.04761196680844,0.888208812546177,0.857376362748192
1983,0.981497558273182,20,0.851759941851879,1.06763110290783,0.925577731470822,0.764713385947169,0.857376362748192
1984,1.13575227489401,20,0.97351715328514,1.23651059939985,0.959149489834261,0.785038110590148,0.857376362748192
1985,1.16968302212551,20,0.981078442801415,1.26745336389916,1.03788182893114,0.864334142140105,0.857376362748192
1986,1.08712368780974,19,0.931912651604618,1.21569478555595,0.911404624539758,0.744353131041711,0.844010753191115
1987,1.16328066275551,19,0.982245048499534,1.26482325680978,0.918637976660233,0.761451127487688,0.844010753191115
1988,1.11475687879832,19,0.923573983498654,1.17854489545733,0.952145347248017,0.802842046600805,0.844010753191115
1989,1.2494663212596,19,1.03922768459797,1.30947651756533,1.06767485644359,0.894541213300497,0.844010753191115
1990,1.06746265965411,19,0.984636918524934,1.25750938960431,0.964766875712356,0.818861888008577,0.844010753191115
1991,1.32521926729867,19,1.0757914793002,1.44186569660275,1.05836040738256,0.937568997022786,0.844010753191115
1992,1.0834931171269,19,0.896484752622011,1.16270419022268,0.845212960127444,0.694845172609759,0.844010753191115
1993,1.32892617715545,19,1.07358979848251,1.40724329142739,1.05049491967244,0.880622537388012,0.844010753191115
