"year","ModNegExp","Spline","AgeDepSpline","RCS","SFRCS","EPS"
200,1.30904990201999,1.06795249768493,1.19979196144858,0.69680455783998,0.454742475200472,NA
201,1.52635183745187,1.27995504640931,1.40484725939511,0.837893121963692,0.516492546898316,NA
202,1.24381598384178,1.07275502841278,1.1496447735439,0.661542276221175,0.416832805144998,NA
203,0.906641426203333,0.804225727981342,0.841551874433226,0.479161528976572,0.305251510103493,NA
204,1.20543436384898,1.09880737079854,1.1236392836118,0.631823745410037,0.429164197481482,NA
205,0.976066075128678,0.912903441195169,0.91368388354073,0.482439926062847,0.323334694737609,NA
206,0.827694508615945,0.792438106090597,0.778055932853859,0.403144940747493,0.2674623995595,NA
207,0.855607656196004,0.83597208259645,0.807654318497871,0.40753959402186,0.270736952658914,NA
208,0.924351726392964,0.918507634905481,0.876153750941114,0.475409836065574,0.308285946109551,NA
209,0.843557367808184,0.849516858504677,0.802839151001316,0.403048643801838,0.271628293149853,NA
210,0.980506277033333,0.997444667119326,0.936938166392267,0.502164502164502,0.323933719854329,NA
211,1.17222678584908,1.20116844279397,1.12458511294247,0.588624026433798,0.368905549130363,NA
212,0.941364786020127,0.969381004270709,0.906630979048075,0.462765957446808,0.293022680647153,NA
213,0.969534427650443,1.00128424278245,0.937342499445373,0.47839219330855,0.297393004435398,NA
214,1.16177012006278,1.20117078695014,1.12742456666371,0.580819981149859,0.360298305462152,NA
215,1.01234781291073,1.04625647609393,0.986049168062033,0.513888888888889,0.319310137658374,NA
216,1.08173837245787,1.11576703562787,1.05745465668548,0.555259331071255,0.34100691935306,NA
217,0.87714743357509,0.901373777849261,0.86050233694173,0.452572543282126,0.29094380441419,NA
218,1.11115714870402,1.13525658699194,1.09386659683921,0.562230732407851,0.385066684295516,NA
219,0.645336948650267,0.6540197202186,0.637462506820662,0.34427885829755,0.231729222946573,NA
220,0.72838855956662,0.730371340950223,0.721906048483768,0.377363123005156,0.247237274494364,NA
221,0.770325389949654,0.762486965897809,0.765970124443701,0.383109223873555,0.254404236041314,NA
222,0.908718619801324,0.886554756539789,0.906479652146573,0.452054794520548,0.303226118280208,NA
223,1.13005353232151,1.08627478713522,1.13081070251973,0.60217776652317,0.418476407456413,NA
224,1.18627030056831,1.1245973934149,1.19071614520498,0.601398601398601,0.4089121663352,NA
225,1.31162359897006,1.22881995370691,1.32050179937147,0.698529411764706,0.45358751306379,NA
226,1.35429249653837,1.25749396863842,1.36747335298768,0.748485646563076,0.479309093536717,NA
227,1.23105527466976,1.13660241984874,1.24661345490639,0.683346571352926,0.45086671248139,NA
228,1.09374519698049,1.00739207380673,1.11068054654452,0.56069505628977,0.386531950595514,NA
229,1.12247319574522,1.03446313476969,1.14297875586154,0.55848787446505,0.384372967854348,NA
230,0.957066942198606,0.884949871709611,0.977155095115704,0.502763819095477,0.338347874350655,NA
231,1.02737166185663,0.955435024979727,1.05166376033238,0.582202930005426,0.391936238285802,NA
232,1.02832547229398,0.964077773507395,1.05530113863016,0.56622691292876,0.382842077172696,NA
233,0.973644241603755,0.922365907574586,1.00163635728362,0.503722084367246,0.350284960709064,NA
234,1.25299266829075,1.20235866936303,1.29207830760839,0.677218474312403,0.449458653608481,NA
235,1.25415919396254,1.22224975454672,1.29625095724716,0.670261941448382,0.456406042249934,NA
236,0.962418051844044,0.95496122737621,0.996921374359605,0.507868020304568,0.346421515948685,NA
237,0.921432433984671,0.932819396325806,0.956499998463379,0.451095922696206,0.311586052368845,NA
238,0.922292682509908,0.954129150736647,0.959350245240829,0.454523866065068,0.314670791735917,NA
239,0.993090488699093,1.05112410935499,1.03501310442568,0.494120470362371,0.346132962864589,NA
240,0.854016643146177,0.925602292580786,0.891728547788556,0.428433034633083,0.301076872317031,NA
241,0.812776051144405,0.902408643814468,0.850171149706079,0.439623627809723,0.310220504008817,NA
242,1.09406794470436,1.24445097248818,1.14632526804821,0.577777777777778,0.400047033252701,NA
243,0.96873713794964,1.12857462970749,1.01661339038059,0.532464076636509,0.381291914723341,NA
244,1.16638654373832,1.39043201601127,1.22584670719892,0.625357235645622,0.454679274131281,NA
245,0.984623916997365,1.1985621194958,1.03625030651863,0.542925916020326,0.405774154739948,NA
246,0.703964341674347,0.871606218249222,0.741825655128565,0.396174863387978,0.30114009642336,NA
247,0.507331534459516,0.634952392695344,0.535248818400876,0.28454619787408,0.206451871858256,NA
248,0.324433938170272,0.407052698959216,0.342655863262902,0.181200760662863,0.129918402274693,NA
249,0.465931264546618,0.580470579358949,0.492580017229726,0.25526807148573,0.185269281145271,NA
250,0.607695787945487,0.744649312594615,0.643011828863165,0.331648936170213,0.230849256266278,NA
251,0.53754102085256,0.642430336571873,0.569215487922652,0.28848167539267,0.213790049167468,NA
252,0.594686305942355,0.68858856657703,0.630144044073364,0.328125,0.233371022047547,NA
253,1.07711794378432,1.2031433000033,1.14197434857188,0.541789577187807,0.388717096361948,NA
254,1.12069689922987,1.2054686129424,1.18871255777728,0.530201342281879,0.403985827301609,NA
255,1.02236359390267,1.05924202924576,1.08478614024769,0.483893395133256,0.377968406781282,NA
256,1.33601989233361,1.33552546010286,1.41793513247666,0.675756073376301,0.516777144288587,NA
257,1.09543945486054,1.05934780619754,1.16276329697123,0.553682122489462,0.420913833844777,NA
258,0.968321426581539,0.908725726374746,1.0278672647722,0.503061224489796,0.389198355021718,NA
259,1.0262578542183,0.937771605012184,1.08929098832163,0.51568288466288,0.404040692053885,NA
260,1.3839152464148,1.23594581103498,1.46866437371496,0.688616891064871,0.548491914816242,NA
261,1.38523562059921,1.21409795621744,1.46966551817999,0.696287128712871,0.542429079927974,NA
262,1.15784783352533,1.00008557984507,1.22796145376594,0.584764749813294,0.455227672645271,NA
263,1.35926777817084,1.16159950097666,1.44089981902825,0.63493892601982,0.526339070748774,NA
264,1.44649899235824,1.2274730022379,1.53249870882237,0.726799007444169,0.581302517176828,NA
265,0.745445415063775,0.630079175500433,0.789240520917746,0.378229245046401,0.28867267700163,NA
266,0.817906201193166,0.69023521066077,0.86530175470657,0.415744466800805,0.316634499581888,NA
267,1.29267007409121,1.09153559341933,1.36641332175698,0.619364024679639,0.513285478904845,NA
268,1.33704207424813,1.13246820385391,1.41198578770547,0.603355704697987,0.522066347804789,NA
269,1.2375932080572,1.05433512602827,1.30561590347966,0.590016560208185,0.481650039597701,NA
270,1.06593059521932,0.915946461910658,1.12326188149829,0.5086513391799,0.408609121645477,NA
271,0.836263893306557,0.726858688069326,0.88018366528124,0.421871081013293,0.333551527939824,NA
272,1.15457961846055,1.01815622897354,1.21365716605165,0.597938144329897,0.467689615286228,NA
273,1.51684830240053,1.36210853943784,1.59228889417052,0.835849574526489,0.616278690673242,NA
274,1.22911107543849,1.12882095442048,1.28838294547207,0.668383947939262,0.477401026748365,NA
275,1.1579290624745,1.09261883596747,1.21193030861835,0.637713029136888,0.46092327311076,NA
276,0.956216139906558,0.931267954483356,0.999223429976236,0.537942664418212,0.382301435918831,NA
277,0.957142595040456,0.966380317557009,0.998537370327492,0.560304449648712,0.401121939422503,NA
278,0.856457272457824,0.900387050465425,0.891961622781082,0.508469539375929,0.369026795889707,NA
279,0.799167417905932,0.878703328854872,0.8308145159957,0.469670200235571,0.334644147108908,NA
280,0.887210584249943,1.02510022828403,0.920647458625556,0.500565930956423,0.36781039600577,NA
281,1.16468659130837,1.42161097633523,1.20629088811211,0.657037666383461,0.499507385075285,NA
282,0.859792634759995,1.1151619183317,0.88877235719662,0.533187909005921,0.385641051608146,NA
283,0.948152288064408,1.31447259899646,0.978155376167559,0.563190917239319,0.389476160660582,NA
284,0.730059387093873,1.08775939174084,0.751625577291406,0.381880431919937,0.286144134321218,NA
285,0.48230968481555,0.775654441575487,0.495524648203128,0.256981740064447,0.190851519370305,NA
286,0.526670284211818,0.916484451780404,0.539955497587451,0.303576621110788,0.220475625382226,NA
287,0.410033209360065,0.772274716852353,0.419472678871961,0.229249011857708,0.171664503966058,NA
288,0.351801223196145,0.715439570711724,0.359116030601005,0.200692041522491,0.154983277877056,NA
289,0.381491591641245,0.833152001345604,0.388565479116248,0.221179231446172,0.171906101544532,NA
290,0.367178773716725,0.853786760501238,0.373155033878665,0.21551724137931,0.153605488654963,NA
291,0.264628379789067,0.647479214023679,0.268332356387567,0.157703927492447,0.111098126325022,NA
292,0.279604583811466,0.709388476881961,0.282878470224226,0.161205383265067,0.112954209188044,NA
293,0.324071291463238,0.838547552614755,0.327122886144616,0.179263838156786,0.127877017828272,NA
294,0.471840777704134,1.22388491383279,0.475201779934928,0.256282794808064,0.195545627289644,NA
295,0.383748663378684,0.981194698089246,0.385603349742962,0.229318734793187,0.164355694739306,NA
296,0.354579176438827,0.879718292462079,0.355483329238803,0.218867924528302,0.153809296779069,NA
297,0.665492828169348,1.57976039079373,0.665677458299335,0.425358539765319,0.300664291185379,NA
298,0.473707377641159,1.06310602542438,0.472769046995543,0.301005514109633,0.2118918324928,NA
299,0.355632253118511,0.746775010194737,0.354131005344223,0.221022546840267,0.160186876524418,NA
300,0.3559846700861,0.693343106327365,0.353691856933993,0.200634188526953,0.147503620665999,NA
301,0.252405931897352,0.452925445673196,0.250226203127134,0.129532317393589,0.0950000221649302,NA
302,0.431002354310023,0.709476825439856,0.426346090816597,0.244547833672579,0.17419736393801,NA
303,0.476061499004902,0.717714495708055,0.469901101748216,0.268985507246377,0.188986450055787,NA
304,0.848828207122898,1.17315111796509,0.836058496974447,0.461602904216699,0.346082729518153,NA
305,0.745327675033511,0.947288115167344,0.732574115052226,0.408105826062482,0.301225120677212,NA
306,0.96989188647899,1.13873202429076,0.951328183042496,0.555719339622642,0.400548519202481,NA
307,1.29945839866258,1.41706096065706,1.27200433239338,0.782811045609681,0.570301541550226,NA
308,1.33065884467151,1.35563467881981,1.29995919018645,0.809344622138601,0.575817048160759,NA
309,0.778240962208706,0.744726281620174,0.758809171935832,0.446682464454976,0.329736916320452,NA
310,0.539321459453238,0.487039781554843,0.524857530541601,0.324626865671642,0.232067635873356,NA
311,0.899769658062903,0.770185871601017,0.874019387372959,0.574447012215253,0.394750698621653,NA
312,0.91568322374002,0.746609004183238,0.887876686201733,0.573977936404932,0.427294800914514,NA
313,1.32231176057577,1.03299753066613,1.27991607272306,0.80479344055503,0.617259319062105,NA
314,2.00050219814079,1.50784711485389,1.93308208610873,1.19300958861738,0.889468810214046,NA
315,2.2584750290174,1.65551799515982,2.17878489932317,1.33846153846154,1.01017057051859,NA
316,1.50716609461576,1.0831475671232,1.45168660930784,0.977312390924956,0.710213413189515,NA
317,1.26729558993188,0.899525605805483,1.2187873335781,0.790854068594486,0.590707525869834,NA
318,1.96326964999958,1.38542433546552,1.88536046155523,1.25777470628887,0.963814104108326,NA
319,1.5268500217536,1.07755205955512,1.46420539942414,0.921172638436482,0.742436623916159,NA
320,1.31653711404109,0.93375800698117,1.26083187804673,0.762202753441802,0.607559685943994,NA
321,1.22698192491031,0.877816584737422,1.17356845341211,0.728089887640449,0.562882837058144,NA
322,1.24338818264731,0.899646934493063,1.18782195065297,0.834909090909091,0.60065976333738,NA
323,1.00179071283749,0.734326441200585,0.955926501484455,0.642112578179291,0.469633368585167,NA
324,1.45862928249765,1.08432139096438,1.39035016219363,0.871878040869283,0.694277827337609,NA
325,1.32322599546015,0.998270302157712,1.2600106515308,0.802107342772473,0.627622632738367,NA
326,1.30934697140492,1.00275996408604,1.24561916958602,0.860922416875224,0.647746565482537,NA
327,1.29543968405352,1.00697469477136,1.23131083136028,0.864825581395349,0.642665405672573,NA
328,1.00689603691657,0.793898659936529,0.956279615119481,0.709132770529547,0.508925778126331,NA
329,0.962108654527122,0.768607819833288,0.91307001785291,0.649006622516556,0.477125306033177,NA
330,1.36055751811936,1.09991750125462,1.29034722311174,0.938253012048193,0.685228816948473,NA
331,1.65270155728075,1.35067500755145,1.56647670312233,1.15944333996024,0.874186703388387,NA
332,1.36334234006106,1.12524505292627,1.2915296266228,1.02824133504493,0.741925326306533,NA
333,0.904714638158211,0.753017726776486,0.856665236049082,0.672719594594595,0.484178041227535,NA
334,0.828893074327691,0.694241299727062,0.784563705768159,0.615969581749049,0.432542499125766,NA
335,0.768281468514138,0.645921417379271,0.726959609030007,0.557700557700558,0.410266844454169,NA
336,1.06131793717968,0.893725447756252,1.00398126828283,0.764705882352941,0.582282030140479,NA
337,1.10860141493887,0.933839082180201,1.0485172234547,0.777731616119651,0.568818134296013,NA
338,1.24846085334229,1.05186214777137,1.18065992645652,0.889733840304183,0.63357869632416,NA
339,1.54289847222608,1.3017160946798,1.45903785103651,1.11856823266219,0.820392673218136,NA
340,1.82249882275543,1.54330574105624,1.72347570912044,1.19594594594595,0.910810165668831,NA
341,1.37601642629611,1.17297552166012,1.3013658773872,0.967829632985954,0.713955950720623,NA
342,1.11433285143383,0.958830873402429,1.05404119496166,0.884339815762538,0.598702185342126,NA
343,0.774643234457906,0.674237627885245,0.732891977190171,0.583373845405931,0.401272245240789,NA
344,1.24071339330903,1.09412904481668,1.1741775363127,0.940254652301665,0.701158477486334,NA
345,1.4593503237091,1.30585119049574,1.38157391294809,1.17745302713987,0.864943694482486,NA
346,1.1500430927453,1.04552693866902,1.08920310082214,0.921161825726141,0.661145722126039,NA
347,1.04233747955057,0.963303116527061,0.987667857714379,0.812942366026289,0.59123092371993,NA
348,0.872113892499203,0.819062760702204,0.826819843354037,0.694573643410853,0.499899173261121,NA
349,0.732715083871852,0.698468156684942,0.695080206304667,0.640909090909091,0.464248353501517,NA
350,1.21726306479912,1.17569055690443,1.15550806961541,1.08963911525029,0.791719378468832,NA
351,0.968577934489403,0.945987345727787,0.920106622878564,0.878394332939788,0.656111668614242,NA
352,1.11033682328449,1.09410954108953,1.05559984310796,0.955692652832305,0.75630287974278,NA
353,0.829709859316388,0.822740184339305,0.789473191461408,0.811224489795918,0.621194869570347,NA
354,0.861921139997807,0.857542075177445,0.820862526700573,0.799031476997579,0.58101376115313,NA
355,0.753010476485772,0.749413172861764,0.717828163107892,0.731893265565438,0.50425909906926,NA
356,1.39767180025491,1.38755236227471,1.33372312544628,1.33167082294264,0.945157241427232,NA
357,1.03756431078972,1.02517970432013,0.991152630013228,1.01343570057582,0.713345777029468,NA
358,1.02291799370248,1.0037616041769,0.97826157199085,0.998080614203455,0.72506211278342,NA
359,0.866456977265243,0.842539805846173,0.829608253438956,0.86899275839368,0.637340624519497,NA
360,1.00930313249548,0.97045528509589,0.967569962970803,0.948733786287832,0.712480736586504,NA
361,1.2155985903803,1.15349273020016,1.16683120806973,1.10196779964222,0.819164258133118,NA
362,1.12206007576701,1.04904053346625,1.07848231503141,1.01670644391408,0.726723902632728,NA
363,1.20234786408813,1.10578637270425,1.15725130851076,1.2071475843812,0.809164616994518,NA
364,0.918552123257543,0.829653681290044,0.885366549319122,0.861386138613861,0.580931954475365,NA
365,1.0146483182906,0.898436047475958,0.979438818595715,0.987781350482315,0.676048232731016,NA
366,1.36487933528596,1.18280066512096,1.3195285231525,1.25318761384335,0.93327082910555,NA
367,1.27100284818901,1.07639295884789,1.2307041212085,1.26232741617357,0.902918435043262,NA
368,1.06559594292452,0.880606361779996,1.03347916480255,1.15186246418338,0.770235292563023,NA
369,1.01896540339583,0.820398889756941,0.98989617097455,1.05133470225873,0.73164325565762,NA
370,0.924420693881382,0.724042569950682,0.899579352990171,0.928,0.655858233042799,NA
371,0.829674423044043,0.631499933695166,0.8087890967295,0.828685258964143,0.580967227797485,NA
372,0.990282796281841,0.732370310967871,0.967079804623926,0.986083499005964,0.655136351428135,NA
373,1.50300034201206,1.08140773439383,1.47046590695207,1.54838709677419,1.05467635755633,NA
374,1.8407433608143,1.2923176336724,1.80425871430647,1.8436873747495,1.3090974594063,NA
375,2.01897350960926,1.389191257529,1.98272439415941,2.05714285714286,1.52724718990991,NA
376,1.82864792647278,1.23964481913715,1.79930193322617,1.8498985801217,1.34593657176711,NA
377,1.41310225161525,0.948967411620482,1.39317414707263,1.43283582089552,1.04095382585984,NA
378,1.68789872398896,1.12890820790965,1.66744423262569,1.6622691292876,1.22946198952955,NA
379,1.40004826876263,0.937514879021038,1.38591278541879,1.25858951175407,0.949958236443149,NA
380,1.54654357752255,1.04220424872784,1.53411339651161,1.43730505302558,1.08120238605782,NA
381,1.85462643042556,1.26422465068402,1.84360642069524,1.92334494773519,1.43160056742279,NA
382,1.67903644626866,1.16357998948218,1.67263827687646,1.58174904942966,1.21279778376215,NA
383,1.64852539144355,1.16682993914429,1.64581487698155,1.42657342657343,1.16161565462299,NA
384,1.14874334666091,0.833652033730959,1.14938284204158,1.01307966706302,0.801225855113883,NA
385,1.02041047577806,0.761393570941189,1.02325888349786,0.994082840236686,0.74826175699608,NA
386,1.1998757775282,0.922305904244464,1.20594642377188,1.22991689750693,0.92204210671155,NA
387,1.07132001534609,0.84944107466776,1.07920489492738,1.03800786369594,0.790100708100169,NA
388,1.07248307326891,0.877927469472437,1.08287816749309,1.03394255874674,0.80486558857428,NA
389,1.08991606316695,0.921708645609169,1.10305669950322,1.12683952347582,0.842593970454792,NA
390,1.40051883651056,1.22431112701396,1.42075833326687,1.33333333333333,1.00963337508303,NA
391,1.30422721013747,1.17937213719891,1.32623813900399,1.21212121212121,0.943563907410708,NA
392,0.848672041555867,0.794149144379651,0.865078195112026,0.779661016949153,0.59159435495784,NA
393,0.784244690300799,0.759266554536522,0.801353591987966,0.714962762356127,0.515502389710875,NA
394,1.01408966047913,1.01520725311548,1.0387611856441,0.847731510254817,0.631072557666782,NA
395,0.998824840130378,1.03335616354688,1.02566325929738,0.850982878883957,0.631549557409488,NA
396,0.754037048873634,0.805747428194859,0.776235202198816,0.661643835616438,0.475839447393564,NA
397,0.738453650784179,0.814639837484716,0.762110414830418,0.704697986577181,0.507104013810706,NA
398,0.837832689335979,0.954107380633239,0.866871121434013,0.868613138686131,0.639228047841196,NA
399,1.03610696778772,1.21883810421986,1.07476309708814,1.08888888888889,0.801918801228432,NA
400,0.921997017388177,1.12225451824528,0.958863305854467,0.93259318001586,0.676568954427391,NA
401,0.93949465688639,1.18612247582815,0.979599218650189,0.94251968503937,0.720671881525854,NA
402,0.775525019136912,1.0186132989671,0.810745528200649,0.807031888798038,0.620480357084694,NA
403,0.925049571451051,1.26830206886951,0.969607354857215,1.02260869565217,0.76775430712405,NA
404,1.00875654922684,1.44898926760081,1.06014860311437,1.14272970561998,0.843028717593934,NA
405,0.529769063820266,0.799948886372188,0.558243441801898,0.540192926045016,0.400894136062182,NA
406,0.447487588361714,0.71204866761115,0.472804621218582,0.456889605157131,0.349882844191681,NA
407,0.365023695588802,0.612954951678544,0.386716183944319,0.412132024977698,0.302417322480212,NA
408,0.448480765379562,0.79540015662713,0.476422702536658,0.458367016976556,0.336744758389977,NA
409,0.565380974241336,1.05987061024043,0.602245841714732,0.54880860876249,0.423100528729964,NA
410,0.599304481093883,1.1888325850261,0.640133712558563,0.617647058823529,0.454122064505721,NA
411,0.483310589464392,1.0160471799723,0.517662279560183,0.516977928692699,0.372755760743594,NA
412,0.417111485402653,0.930836993839513,0.447997722764654,0.473036896877957,0.321993195924652,NA
413,0.334061557954733,0.792770724916609,0.359799014339566,0.396432111000991,0.272032202806685,NA
414,0.367878235541766,0.930279235871305,0.397332138352752,0.472610096670247,0.298263660799355,NA
415,0.435251434799665,1.17605622760103,0.471424603571702,0.488262910798122,0.340357752093451,NA
416,0.385461220508899,1.11704311345944,0.41867926366998,0.421631530705775,0.309006354156926,NA
417,0.285225476760429,0.890700989577816,0.310687729454878,0.334316617502458,0.246830295010676,NA
418,0.369529536285683,1.2507159947105,0.403669832120181,0.409302325581395,0.3020458972443,NA
419,NA,NA,NA,NA,NA,NA
420,NA,NA,NA,NA,NA,NA
421,NA,NA,NA,NA,NA,NA
422,NA,NA,NA,NA,NA,NA
423,NA,NA,NA,NA,NA,NA
424,NA,NA,NA,NA,NA,NA
425,NA,NA,NA,NA,NA,NA
426,NA,NA,NA,NA,NA,NA
427,NA,NA,NA,NA,NA,NA
428,NA,NA,NA,NA,NA,NA
429,NA,NA,NA,NA,NA,NA
430,NA,NA,NA,NA,NA,NA
431,NA,NA,NA,NA,NA,NA
432,NA,NA,NA,NA,NA,NA
433,NA,NA,NA,NA,NA,NA
434,NA,NA,NA,NA,NA,NA
435,NA,NA,NA,NA,NA,NA
436,NA,NA,NA,NA,NA,NA
437,NA,NA,NA,NA,NA,NA
438,NA,NA,NA,NA,NA,NA
439,NA,NA,NA,NA,NA,NA
440,NA,NA,NA,NA,NA,NA
441,NA,NA,NA,NA,NA,NA
442,NA,NA,NA,NA,NA,NA
443,NA,NA,NA,NA,NA,NA
444,NA,NA,NA,NA,NA,NA
445,NA,NA,NA,NA,NA,NA
446,NA,NA,NA,NA,NA,NA
447,NA,NA,NA,NA,NA,NA
448,NA,NA,NA,NA,NA,NA
449,NA,NA,NA,NA,NA,NA
450,NA,NA,NA,NA,NA,NA
451,NA,NA,NA,NA,NA,NA
452,NA,NA,NA,NA,NA,NA
453,NA,NA,NA,NA,NA,NA
454,NA,NA,NA,NA,NA,NA
455,NA,NA,NA,NA,NA,NA
456,NA,NA,NA,NA,NA,NA
457,NA,NA,NA,NA,NA,NA
458,NA,NA,NA,NA,NA,NA
459,NA,NA,NA,NA,NA,NA
460,NA,NA,NA,NA,NA,NA
461,NA,NA,NA,NA,NA,NA
462,NA,NA,NA,NA,NA,NA
463,NA,NA,NA,NA,NA,NA
464,NA,NA,NA,NA,NA,NA
465,NA,NA,NA,NA,NA,NA
466,NA,NA,NA,NA,NA,NA
467,NA,NA,NA,NA,NA,NA
468,NA,NA,NA,NA,NA,NA
469,NA,NA,NA,NA,NA,NA
470,NA,NA,NA,NA,NA,NA
471,NA,NA,NA,NA,NA,NA
472,NA,NA,NA,NA,NA,NA
473,NA,NA,NA,NA,NA,NA
474,NA,NA,NA,NA,NA,NA
475,NA,NA,NA,NA,NA,NA
476,NA,NA,NA,NA,NA,NA
477,NA,NA,NA,NA,NA,NA
478,NA,NA,NA,NA,NA,NA
479,NA,NA,NA,NA,NA,NA
480,NA,NA,NA,NA,NA,NA
481,NA,NA,NA,NA,NA,NA
482,NA,NA,NA,NA,NA,NA
483,NA,NA,NA,NA,NA,NA
484,NA,NA,NA,NA,NA,NA
485,NA,NA,NA,NA,NA,NA
486,NA,NA,NA,NA,NA,NA
487,NA,NA,NA,NA,NA,NA
488,NA,NA,NA,NA,NA,NA
489,NA,NA,NA,NA,NA,NA
490,NA,NA,NA,NA,NA,NA
491,NA,NA,NA,NA,NA,NA
492,NA,NA,NA,NA,NA,NA
493,NA,NA,NA,NA,NA,NA
494,NA,NA,NA,NA,NA,NA
495,NA,NA,NA,NA,NA,NA
496,NA,NA,NA,NA,NA,NA
497,NA,NA,NA,NA,NA,NA
498,NA,NA,NA,NA,NA,NA
499,NA,NA,NA,NA,NA,NA
500,NA,NA,NA,NA,NA,NA
501,NA,NA,NA,NA,NA,NA
502,NA,NA,NA,NA,NA,NA
503,NA,NA,NA,NA,NA,NA
504,NA,NA,NA,NA,NA,NA
505,NA,NA,NA,NA,NA,NA
506,NA,NA,NA,NA,NA,NA
507,NA,NA,NA,NA,NA,NA
508,NA,NA,NA,NA,NA,NA
509,NA,NA,NA,NA,NA,NA
510,NA,NA,NA,NA,NA,NA
511,NA,NA,NA,NA,NA,NA
512,NA,NA,NA,NA,NA,NA
513,NA,NA,NA,NA,NA,NA
514,NA,NA,NA,NA,NA,NA
515,NA,NA,NA,NA,NA,NA
516,NA,NA,NA,NA,NA,NA
517,NA,NA,NA,NA,NA,NA
518,NA,NA,NA,NA,NA,NA
519,NA,NA,NA,NA,NA,NA
520,NA,NA,NA,NA,NA,NA
521,NA,NA,NA,NA,NA,NA
522,NA,NA,NA,NA,NA,NA
523,NA,NA,NA,NA,NA,NA
524,NA,NA,NA,NA,NA,NA
525,NA,NA,NA,NA,NA,NA
526,NA,NA,NA,NA,NA,NA
527,NA,NA,NA,NA,NA,NA
528,NA,NA,NA,NA,NA,NA
529,NA,NA,NA,NA,NA,NA
530,NA,NA,NA,NA,NA,NA
531,NA,NA,NA,NA,NA,NA
532,NA,NA,NA,NA,NA,NA
533,NA,NA,NA,NA,NA,NA
534,NA,NA,NA,NA,NA,NA
535,NA,NA,NA,NA,NA,NA
536,NA,NA,NA,NA,NA,NA
537,NA,NA,NA,NA,NA,NA
538,NA,NA,NA,NA,NA,NA
539,NA,NA,NA,NA,NA,NA
540,NA,NA,NA,NA,NA,NA
541,NA,NA,NA,NA,NA,NA
542,NA,NA,NA,NA,NA,NA
543,NA,NA,NA,NA,NA,NA
544,NA,NA,NA,NA,NA,NA
545,NA,NA,NA,NA,NA,NA
546,NA,NA,NA,NA,NA,NA
547,NA,NA,NA,NA,NA,NA
548,NA,NA,NA,NA,NA,NA
549,NA,NA,NA,NA,NA,NA
550,NA,NA,NA,NA,NA,NA
551,NA,NA,NA,NA,NA,NA
552,NA,NA,NA,NA,NA,NA
553,NA,NA,NA,NA,NA,NA
554,NA,NA,NA,NA,NA,NA
555,0.87263175333341,1.00047983765342,0.949370063764267,0.754272974981422,0.492247009237625,NA
556,0.775425815933848,0.881208899828596,0.839602768749375,0.689593454359499,0.425077936827818,NA
557,0.962000662060444,1.08367773874773,1.0366622293846,0.826927845276469,0.521041006431248,NA
558,0.965162087323639,1.07796700542735,1.03512743688258,0.822441430332922,0.523939159132862,NA
559,0.90098127399153,0.997982666824325,0.961722216530049,0.759608323133415,0.515961450904703,NA
560,0.861720556875512,0.946825458889546,0.915493511025916,0.683456561922366,0.458057484211613,NA
561,0.779817821831743,0.850076651128337,0.82462743964116,0.608021877848678,0.403385914089738,NA
562,0.892973270770347,0.965944222054475,0.939952825551216,0.679232656703101,0.451228254431523,NA
563,1.07514825155011,1.15460728705408,1.12660636215112,0.880906460945034,0.57123572367358,NA
564,1.18149092487694,1.260623134808,1.23256419558046,0.897108271687962,0.604592007333544,NA
565,0.90198430271965,0.956960591302077,0.936909998779162,0.732323232323232,0.47240334145423,NA
566,1.03431832009603,1.0916818047844,1.06984816156519,0.821335850837857,0.514751929019111,NA
567,1.0551180175677,1.10797051186603,1.08690513903172,0.818223866790009,0.518098073028299,NA
568,0.754976927122465,0.78842057116237,0.774647996664561,0.586198884758364,0.364411146279994,NA
569,0.679183711686353,0.704616257142696,0.694222697583001,0.532987747408106,0.330626680306445,NA
570,0.873727370483448,0.899303194019512,0.889798647417248,0.694444444444444,0.431500186024829,NA
571,0.762752356378241,0.778022023745038,0.774050416518598,0.611488124091129,0.375539265616661,NA
572,1.12607614397135,1.13758468760718,1.13891334638551,0.905145086564253,0.58188760882838,NA
573,1.15645229045442,1.15720281475523,1.16588697990158,0.909286740067018,0.62276216842855,NA
574,1.21361467151464,1.20376084370296,1.21978899441326,1.0035362465269,0.675466032844267,NA
575,1.12894562045531,1.11105816883698,1.13141462346435,0.904247483427449,0.592436487939325,NA
576,1.19533163558375,1.16828167803794,1.19468037223555,0.916725642840293,0.608752993384573,NA
577,0.805648747961878,0.782427615306829,0.803143022185459,0.616438356164384,0.413490161291193,NA
578,1.0779768163137,1.04032229229955,1.07203506215481,0.881235755887566,0.612404498716701,NA
579,0.793306783456247,0.760591769681665,0.787155847106414,0.615384615384615,0.418421751598809,NA
580,0.940865551151089,0.895768113493223,0.931608473598124,0.764705882352941,0.496558961669834,NA
581,0.962368226494656,0.909554777973475,0.951038887491362,0.809586515670266,0.51843636647849,NA
582,1.17536239611971,1.10280759116209,1.15942612507627,0.990468625893566,0.653503437192128,NA
583,1.12470698453234,1.04817839899458,1.10760849988429,0.872980910425844,0.601815568648711,NA
584,1.16545569458667,1.07979184040496,1.14598141233885,0.875653827864955,0.602658850833361,NA
585,1.26175777239489,1.16345545372143,1.2389390093256,0.998241206030151,0.671792156319416,NA
586,1.15540557010432,1.06156428000458,1.13306688910121,0.983450895279436,0.662054456563854,NA
587,0.974066157085626,0.892617442308387,0.954134175401587,0.803430079155673,0.543221866258555,NA
588,0.940374775802218,0.860096744531159,0.920178984012149,0.726799007444169,0.505411157594507,NA
589,1.07464160986116,0.98159441532643,1.05059038519539,0.865334717176959,0.574308279610837,NA
590,1.01293504449218,0.924632483952149,0.989453812555504,0.804314329738059,0.547687250699921,NA
591,1.04490956980895,0.95404398209419,1.01995302220456,0.817005076142132,0.557286786526145,NA
592,1.02043012397254,0.933034576569409,0.995435901849074,0.738156964411973,0.509868085694474,NA
593,1.27079075231007,1.16553680474939,1.23900017404692,0.922821182616956,0.638877062009285,NA
594,1.09466897240668,1.00926288900506,1.06680214805925,0.80033597312215,0.560637897597573,NA
595,1.29940828276659,1.20730010327647,1.26585715197131,0.955194962460644,0.671253354674037,NA
596,1.14125190821854,1.07146903551803,1.11145190002512,0.901986408782018,0.636486896156021,NA
597,1.34771030263586,1.28200276811257,1.31221741587455,1.03703703703704,0.718033136607411,NA
598,1.07258475415129,1.03625114327229,1.04416458334724,0.856572645023949,0.613382645424504,NA
599,1.02816034975117,1.01060273086368,1.00081164049997,0.798648999740192,0.580674735637539,NA
600,0.8276115108599,0.828302318633052,0.805557230796611,0.659267183738968,0.49272575932708,NA
601,1.11422108118832,1.13533168429907,1.0845313207916,0.90327868852459,0.68659941984526,NA
602,0.765290648672134,0.793131466938188,0.744935699049188,0.616516762060507,0.447312389026222,NA
603,0.650051004321621,0.68389674293076,0.632820728428243,0.519967400162999,0.37280932826651,NA
604,1.09750025700376,1.16902699829898,1.06855411681362,0.858628967724727,0.623178491125004,NA
605,0.8734719992655,0.939228032191694,0.85058135991628,0.678723404255319,0.472435687242615,NA
606,0.787199175317926,0.851668185553868,0.76672837561492,0.599738219895288,0.444458260111315,NA
607,0.760271948921974,0.824622471302218,0.740678495892484,0.59375,0.422290420847943,NA
608,0.873733779841021,0.946689235957293,0.851444714164397,0.620206489675516,0.444978781361703,NA
609,1.0586694680135,1.14214377245147,1.0319672415494,0.704697986577181,0.536943188185683,NA
610,1.15396842295513,1.23615596985074,1.12522221922768,0.766164542294322,0.598449977403697,NA
611,0.813024940292763,0.862563050186659,0.793043184075103,0.575111551809618,0.439810335564755,NA
612,0.846883474675676,0.887534446183055,0.826369193239356,0.596826183982147,0.45371231440411,NA
613,0.778570198037591,0.803983572522759,0.760000432367806,0.562244897959184,0.434986396788979,NA
614,0.956561148747349,0.971231950042146,0.934118104587628,0.666090392689553,0.521885893902935,NA
615,0.929447682652523,0.926516400118869,0.908016411892872,0.638922888616891,0.508910024056307,NA
616,0.933221425260577,0.912667084599569,0.912093226436203,0.646039603960396,0.503284713335233,NA
617,1.12443112450822,1.07895768793395,1.09945806236038,0.779686333084391,0.606970230193695,NA
618,1.24402811026292,1.17240605303271,1.21694861749814,0.795344549435354,0.659308941253728,NA
619,0.976219745584708,0.905141952064954,0.955411194304022,0.669230769230769,0.53525875344005,NA
620,1.20159533703165,1.0985047612542,1.17653714187554,0.829194883370955,0.632859330349726,NA
621,1.09015123058814,0.985322595831722,1.06792896197061,0.75125754527163,0.572164095735692,NA
622,1.23285248489823,1.10511261178048,1.20830914254347,0.798291409587091,0.661567950588466,NA
623,1.27002189877659,1.1330181291585,1.24535228631919,0.772035794183445,0.668020380524407,NA
624,1.4039584358823,1.25125777666624,1.3773734232957,0.898746155665957,0.733676223108125,NA
625,1.21615170722316,1.08689727311027,1.19372327558715,0.776724342261199,0.623957172242417,NA
626,1.16725873865524,1.04970519409022,1.14631295885927,0.785553047404063,0.621095948577604,NA
627,1.09624240803026,0.994866222730691,1.07712032383169,0.754896907216495,0.590458139298862,NA
628,0.915617747391305,0.840454910368177,0.900107711291304,0.668679659621191,0.493022952538594,NA
629,0.963330234012253,0.895850455016492,0.947499439548893,0.691973969631236,0.494250474751249,NA
630,1.00045945580583,0.943765092469303,0.98452631721631,0.725398570643211,0.524300223163489,NA
631,1.08207610672061,1.03651666955852,1.06539349673604,0.79876335019674,0.567659707879476,NA
632,1.13113294752534,1.10123008904068,1.11426987109374,0.865925058548009,0.61991572456205,NA
633,1.03582494937255,1.02564850240703,1.02091007987076,0.80148588410104,0.58168630538547,NA
634,1.01798882293586,1.02550768989622,1.00384858019302,0.777090694935218,0.553683952489284,NA
635,0.92134440147717,0.944111327582275,0.909014416942474,0.672891907187323,0.494433647089723,NA
636,0.925415861950387,0.963875889913865,0.91350009485583,0.673463608043047,0.511995069702168,NA
637,0.884180857960666,0.934880664265291,0.873242377879895,0.704892489872234,0.509830542803989,NA
638,0.728716251506839,0.780810102486872,0.720067453026265,0.554526441589483,0.383484219727342,NA
639,0.914974680575324,0.991438286000952,0.904573125857862,0.611008691071899,0.457830614913949,NA
640,1.01099982424805,1.1055175890687,1.00000984242044,0.685284640171858,0.508937384987479,NA
641,0.911703467943878,1.0039990958638,0.902243942427296,0.666182029659785,0.483821511255441,NA
642,0.985399680846552,1.0905141238014,0.975659831176732,0.695934500282326,0.52112438703982,NA
643,1.15293443742244,1.27931818610304,1.1421012706172,0.827854671280277,0.639306021242857,NA
644,0.994427896431989,1.10350573795934,0.985565633164055,0.723085948958639,0.562000716587894,NA
645,0.481872675374669,0.53298046594714,0.477809697626326,0.353448275862069,0.25191300139414,NA
646,0.767476468695789,0.84261523089554,0.761370780630385,0.569486404833837,0.401187678395914,NA
647,0.711730396554273,0.772356582612281,0.706403945832037,0.50906963136337,0.356697502699086,NA
648,0.965319777221843,1.03137186169383,0.958546493674286,0.660016858668165,0.470819929276818,NA
649,1.01773917005942,1.06716620350815,1.01106874394667,0.68075117370892,0.519418072488117,NA
650,0.842086158993418,0.864416605288512,0.836952312481305,0.617396593673966,0.442496101221207,NA
651,0.930678702761156,0.933546094565099,0.925425921854295,0.702201257861635,0.493471493832846,NA
652,0.752941144066943,0.737231141957777,0.749028367216807,0.586049543676662,0.414248578966522,NA
653,1.12260578905361,1.07280268659381,1.11726826059457,0.865390853065196,0.609189018416801,NA
654,1.11573451256311,1.04174752565931,1.11091682199254,0.838043823436011,0.607375240155084,NA
655,1.3305563290509,1.21638755051977,1.32538462161188,0.902853848371289,0.663766292996996,NA
656,1.25034834943751,1.12257431799979,1.2460203063643,0.769574356279559,0.564411896391644,NA
657,0.696639387029834,0.616416413405712,0.694520316433198,0.47223029950567,0.336381116569951,NA
658,1.1625820103267,1.01788449632967,1.15952661050621,0.781739130434783,0.54924187047463,NA
659,2.14816589791315,1.87014527296296,2.1433961574685,1.3848087126501,1.03824818855446,NA
660,1.72955286399136,1.50571671208039,1.72640726609668,1.1182099634112,0.825356830655562,NA
661,1.12915993273407,0.988237470258289,1.1275528196712,0.760908018867924,0.548443357061859,NA
662,0.969040530839064,0.856018779526673,0.96803843324721,0.683834936394663,0.498194450089853,NA
663,0.820128769412213,0.733143908694527,0.819594604662069,0.582000627155848,0.414070686317849,NA
664,1.19775965146965,1.08506647299184,1.19743028716276,0.798874407582938,0.589721792650039,NA
665,1.12616411878405,1.03441008314233,1.12627088700688,0.784514925373134,0.560830120027278,NA
666,0.910725157831991,0.847763043575766,0.911142246130835,0.670188180917795,0.460542481725261,NA
667,0.758464780376627,0.714387774139105,0.759082504949906,0.54574951330305,0.406280302508882,NA
668,0.565204225296954,0.537338052699062,0.565862199341624,0.393251340271208,0.301615349087165,NA
669,0.739888018946185,0.70800524798368,0.741003021620733,0.502319826786267,0.374513183248019,NA
670,0.996074630017086,0.957143093640359,0.997910332247864,0.669230769230769,0.505085285259297,NA
671,1.05468337307721,1.01639779236578,1.05697405997688,0.772076788830716,0.561068596419717,NA
672,0.899178827106974,0.869010574524294,0.90142127176434,0.630800268997983,0.471159574205701,NA
673,0.957894925676205,0.929581170726875,0.960585432422301,0.686938493434692,0.526390779936086,NA
674,1.36987604982423,1.3386648938072,1.37414532556418,0.921172638436482,0.742436623916159,NA
675,1.7044432138272,1.68482644550407,1.71026755801438,1.09511889862328,0.872930583252866,NA
676,1.37087396610252,1.37857387774257,1.37596068955798,0.898876404494382,0.694917082787832,NA
677,1.37827236446764,1.41839671976819,1.38378098706911,1.01818181818182,0.732511906509,NA
678,1.15017337332975,1.21780689012996,1.1550911647646,0.807505211952745,0.590599539281346,NA
679,0.947451713529601,1.03622032514521,0.951760116918143,0.617580278949076,0.491780127697473,NA
680,0.700477290539793,0.79289955651015,0.703847801434437,0.460981231478433,0.360702662493315,NA
681,0.591646497852422,0.69280858663706,0.594645442945998,0.420450482659993,0.316341345933332,NA
682,0.368288808276755,0.444837924391971,0.370247584823031,0.26453488372093,0.196580006441022,NA
683,0.498538548034401,0.618010393933592,0.501310952775816,0.376055257099002,0.269884882339721,NA
684,0.658897058364523,0.83301821593943,0.662716187962316,0.473877851361295,0.34837720757978,NA
685,0.792255249461632,1.01452593217496,0.797027911976626,0.579819277108434,0.423456010473775,NA
686,0.709831113973155,0.914325755381128,0.714263857003171,0.526043737574553,0.396621745055842,NA
687,0.568190605219752,0.731195758977065,0.571860084023746,0.450577663671374,0.325113345235447,NA
688,0.644713466473653,0.823666551998602,0.649010073849177,0.501689189189189,0.361081929051043,NA
689,0.943176473568242,1.18991887722045,0.949649844234002,0.730038022813688,0.512642961926834,NA
690,1.08205472919015,1.34272594748213,1.08968887729076,0.814242814242814,0.598989592903086,NA
691,1.13309930217307,1.37894870948229,1.14130293270799,0.84228473998295,0.641354120154731,NA
692,0.854814833043828,1.01766388463817,0.861155589944989,0.615704196094724,0.450314356317677,NA
693,0.874949480468528,1.01626378768842,0.881588941713147,0.63709336713139,0.453673634404954,NA
694,0.713223732013221,0.805864917947154,0.718752740831818,0.52572706935123,0.385584556412524,NA
695,0.977003634524506,1.07050432912235,0.984730742038446,0.648648648648649,0.493998733922078,NA
696,0.706444149285643,0.748348102640219,0.712137379549607,0.500226551880381,0.369010940821895,NA
697,0.448061367190409,0.457556249734694,0.451736469909754,0.356192425793245,0.241143935762801,NA
698,0.699499506121585,0.687063834147947,0.705332461700174,0.525036460865338,0.36114502071671,NA
699,1.31372864928479,1.24007904217193,1.32485414155484,0.987267384916748,0.73621640136065,NA
700,1.18019948901366,1.0715234011401,1.19033969953971,0.939457202505219,0.690114649853047,NA
701,1.15584947978482,1.01150605352996,1.16591548575552,0.908713692946058,0.652211320475687,NA
702,1.06746631992597,0.903185323962697,1.07688044039245,0.812942366026289,0.59123092371993,NA
703,1.39481462043839,1.14552243812065,1.40726075305529,1.07906976744186,0.776629072744955,NA
704,1.274557125482,1.02094377722119,1.28605475366926,1.07727272727273,0.780332338864251,NA
705,1.1365343400417,0.892850044020433,1.14689090851798,0.977881257275902,0.710517390933567,NA
706,1.53596824870636,1.19079676258784,1.55009579643949,1.33175914994097,0.994749949189334,NA
707,1.64453085390876,1.26717880470241,1.65978743153541,1.34604598990466,1.06521532358138,NA
708,1.90346772164599,1.46916260665687,1.92126616364763,1.76020408163265,1.34787566038849,NA
709,1.61600724664552,1.25959686047872,1.63122682368683,1.409200968523,1.02469699694279,NA
710,1.42538725329533,1.13087330563398,1.43889945731321,1.29606099110546,0.892958821268481,NA
711,0.776484654885098,0.631619571631367,0.783888895693673,0.688279301745636,0.488508237142165,NA
712,0.985560102298701,0.827326868035001,0.99500753404881,0.890595009596929,0.626879622238017,NA
713,1.71062345337461,1.49124621819681,1.72709765785958,1.53550863723608,1.11548017351295,NA
714,1.41217026211309,1.28651475828279,1.425825523099,1.2955892034233,0.950216931101795,NA
715,0.988295007750064,0.946197455857219,0.997884874790787,0.8449660284126,0.634553156022355,NA
716,1.01250760604484,1.0230068845684,1.02236117442689,0.83005366726297,0.617032817814556,NA
717,0.492160981600196,0.525997644285017,0.496962001471025,0.400954653937947,0.286595341883329,NA
718,0.460173830967579,0.520270573064574,0.464671073584939,0.412971542025149,0.276819474234967,NA
719,0.534675279297647,0.638235373944259,0.539907479131835,0.445544554455446,0.300482045418292,NA
720,0.664067164179106,0.834024023392194,0.670570738945059,0.571061093247588,0.390840384547619,NA
721,1.06641237471465,1.40284950616358,1.07685936751465,0.859744990892532,0.640267196711947,NA
722,0.855570218780226,1.17252051812841,0.863949976588962,0.741617357001972,0.530464580587916,NA
723,0.531694908420599,0.753937588559914,0.536898880803191,0.498567335243553,0.333385425139219,NA
724,0.664807776231487,0.967002879075566,0.67130690572813,0.591375770020534,0.411549331307411,NA
725,0.558041682978325,0.824262707634731,0.563488025445728,0.48,0.339237017091103,NA
726,0.505922489335413,0.750381293542695,0.510849646621013,0.430278884462151,0.301656060587156,NA
727,0.415280097499747,0.611325538245509,0.419313993163585,0.349900596421471,0.232467737603532,NA
728,0.475423219533252,0.686862036429396,0.480027202934859,0.411805078929307,0.280499031264982,NA
729,0.689745547358891,0.968481401421666,0.696401531150303,0.577154308617234,0.409804422075016,NA
730,0.714263731065689,0.967314659945693,0.721128932412805,0.604081632653061,0.448477349417989,NA
731,0.836412691570816,1.08673621881216,0.844416355554881,0.697768762677485,0.507677829701628,NA
732,0.509619439499726,0.633237478090407,0.514472219270711,0.423337856173677,0.307554539458588,NA
733,0.572818054901455,0.679861808330553,0.57824356734807,0.45910290237467,0.339565692346256,NA
734,0.736533436234349,0.835797501292652,0.74346927681694,0.535262206148282,0.404005226993064,NA
735,1.52476447578646,1.65994292272424,1.53903351583006,1.13786650031192,0.855951888962443,NA
736,1.55705922163934,1.63536466045128,1.57153309055343,1.28780487804878,0.958549945143954,NA
737,1.26374240214378,1.2890982151881,1.27540584513829,0.942965779467681,0.723014063396665,NA
738,1.49992607883104,1.49593218550144,1.51366417888669,1.02097902097902,0.831352380269392,NA
739,1.44995083612668,1.42247874456398,1.46312420759547,0.998810939357907,0.789940983915096,NA
740,1.08591389850845,1.05293223832955,1.0956957733098,0.82051282051282,0.617612878790415,NA
741,0.779039759541712,0.748685103312878,0.785994215369,0.614958448753463,0.461021053355775,NA
742,0.615674645004307,0.586913003187687,0.621118700548723,0.456094364351245,0.347165462650074,NA
743,0.749284416358841,0.707979074133124,0.755843956051856,0.548302872062663,0.426822660607573,NA
744,0.863564043354188,0.807448741847808,0.871045057429547,0.672740014015417,0.50304117639092,NA
745,0.849153311652241,0.784199527014925,0.856428946345265,0.604651162790698,0.457856995677189,NA
746,0.812534357739649,0.739836431005475,0.819416444670999,0.560606060606061,0.436398307177453,NA
747,0.797431034887826,0.715019513799028,0.804104241681583,0.539765319426336,0.40956532266312,NA
748,1.40771415875018,1.24279323023556,1.41934690658726,0.938388625592417,0.676596886495523,NA
749,1.46522334565398,1.27519150470815,1.47717298210749,0.88875077688005,0.661608326586143,NA
750,1.70569791003476,1.46670268626493,1.71941889199141,1.04629042485732,0.776495357470681,NA
751,1.23913731960758,1.05562807889255,1.24896329436243,0.776712328767123,0.558594133896793,NA
752,1.18090711890293,0.999185381438958,1.19013234132395,0.798657718120805,0.5747178823188,NA
753,0.864575409342306,0.728073826091247,0.871224932893038,0.630170316301703,0.463753681767142,NA
754,0.919724406711372,0.772193847419605,0.926683976029628,0.674074074074074,0.496425924569982,NA
755,1.26153108860188,1.05792253407574,1.27091659503381,0.882632831086439,0.640324189011638,NA
756,1.27339948085207,1.06905970185182,1.28270721472604,0.876377952755906,0.670098416155619,NA
757,1.28549330790962,1.08340342863021,1.29471770461042,0.91005723630417,0.699690615435931,NA
758,1.39576766229113,1.1846394324223,1.40559244062481,1.04086956521739,0.781464205465551,NA
759,1.33510767226125,1.14503189108222,1.34431856024856,1.01159678858162,0.746287717214302,NA
760,1.27326168149591,1.10715854698988,1.28186353494564,0.860932475884244,0.638925029349103,NA
761,1.21019456426918,1.07021450720942,1.21819308206964,0.812248186946011,0.622013945229654,NA
762,0.942159608347032,0.849505127063702,0.948245499469697,0.693131132917038,0.508610951443993,NA
763,0.848767364017266,0.781752227546299,0.854120039503252,0.560226354082458,0.411576926921083,NA
764,0.935348081718564,0.881231806087095,0.941100409576224,0.58109146810146,0.447988795125844,NA
765,1.0499575246207,1.0130883649717,1.05624679740341,0.686274509803922,0.504580071673024,NA
766,1.16694739049501,1.15457852842013,1.17374676174021,0.784380305602716,0.565560464576488,NA
767,0.884394925694766,0.898375609992565,0.88940031800689,0.624408703878903,0.425031018620541,NA
768,0.866690048967938,0.904861509157998,0.871447397942956,0.634291377601586,0.435251524490696,NA
769,0.684359370483423,0.735084600433854,0.687996611197662,0.537056928034372,0.338935978181085,NA
770,1.05149711283183,1.16329223538764,1.0568983605352,0.713615023474178,0.497445945367352,NA
771,0.951118592953138,1.08557812597226,0.955831132603279,0.623281393217232,0.456792001797195,NA
772,1.07478780243546,1.26825390843581,1.07991318859798,0.747295968534907,0.551738306494451,NA
773,0.657814766843417,0.804387297903424,0.66082665787438,0.427906976744186,0.31577525620995,NA
774,0.752038808001729,0.955166904819109,0.755335952572578,0.475,0.367032283836116,NA
775,0.760653884271503,1.00590162819808,0.763837630111548,0.473180076628352,0.367724308220275,NA
776,NA,NA,NA,NA,NA,NA
777,NA,NA,NA,NA,NA,NA
778,NA,NA,NA,NA,NA,NA
779,NA,NA,NA,NA,NA,NA
780,NA,NA,NA,NA,NA,NA
781,NA,NA,NA,NA,NA,NA
782,NA,NA,NA,NA,NA,NA
783,NA,NA,NA,NA,NA,NA
784,NA,NA,NA,NA,NA,NA
785,NA,NA,NA,NA,NA,NA
786,NA,NA,NA,NA,NA,NA
787,NA,NA,NA,NA,NA,NA
788,NA,NA,NA,NA,NA,NA
789,NA,NA,NA,NA,NA,NA
790,NA,NA,NA,NA,NA,NA
791,NA,NA,NA,NA,NA,NA
792,NA,NA,NA,NA,NA,NA
793,NA,NA,NA,NA,NA,NA
794,NA,NA,NA,NA,NA,NA
795,NA,NA,NA,NA,NA,NA
796,NA,NA,NA,NA,NA,NA
797,NA,NA,NA,NA,NA,NA
798,NA,NA,NA,NA,NA,NA
799,NA,NA,NA,NA,NA,NA
800,NA,NA,NA,NA,NA,NA
801,NA,NA,NA,NA,NA,NA
802,NA,NA,NA,NA,NA,NA
803,NA,NA,NA,NA,NA,NA
804,NA,NA,NA,NA,NA,NA
805,NA,NA,NA,NA,NA,NA
806,NA,NA,NA,NA,NA,NA
807,NA,NA,NA,NA,NA,NA
808,NA,NA,NA,NA,NA,NA
809,NA,NA,NA,NA,NA,NA
810,NA,NA,NA,NA,NA,NA
811,NA,NA,NA,NA,NA,NA
812,NA,NA,NA,NA,NA,NA
813,NA,NA,NA,NA,NA,NA
814,NA,NA,NA,NA,NA,NA
815,NA,NA,NA,NA,NA,NA
816,NA,NA,NA,NA,NA,NA
817,NA,NA,NA,NA,NA,NA
818,NA,NA,NA,NA,NA,NA
819,NA,NA,NA,NA,NA,NA
820,NA,NA,NA,NA,NA,NA
821,NA,NA,NA,NA,NA,NA
822,NA,NA,NA,NA,NA,NA
823,NA,NA,NA,NA,NA,NA
824,NA,NA,NA,NA,NA,NA
825,NA,NA,NA,NA,NA,NA
826,NA,NA,NA,NA,NA,NA
827,NA,NA,NA,NA,NA,NA
828,NA,NA,NA,NA,NA,NA
829,NA,NA,NA,NA,NA,NA
830,NA,NA,NA,NA,NA,NA
831,NA,NA,NA,NA,NA,NA
832,NA,NA,NA,NA,NA,NA
833,NA,NA,NA,NA,NA,NA
834,NA,NA,NA,NA,NA,NA
835,NA,NA,NA,NA,NA,NA
836,NA,NA,NA,NA,NA,NA
837,NA,NA,NA,NA,NA,NA
838,NA,NA,NA,NA,NA,NA
839,NA,NA,NA,NA,NA,NA
840,NA,NA,NA,NA,NA,NA
841,NA,NA,NA,NA,NA,NA
842,NA,NA,NA,NA,NA,NA
843,NA,NA,NA,NA,NA,NA
844,NA,NA,NA,NA,NA,NA
845,NA,NA,NA,NA,NA,NA
846,NA,NA,NA,NA,NA,NA
847,NA,NA,NA,NA,NA,NA
848,NA,NA,NA,NA,NA,NA
849,NA,NA,NA,NA,NA,NA
850,NA,NA,NA,NA,NA,NA
851,NA,NA,NA,NA,NA,NA
852,NA,NA,NA,NA,NA,NA
853,NA,NA,NA,NA,NA,NA
854,NA,NA,NA,NA,NA,NA
855,NA,NA,NA,NA,NA,NA
856,NA,NA,NA,NA,NA,NA
857,NA,NA,NA,NA,NA,NA
858,NA,NA,NA,NA,NA,NA
859,NA,NA,NA,NA,NA,NA
860,NA,NA,NA,NA,NA,NA
861,NA,NA,NA,NA,NA,NA
862,NA,NA,NA,NA,NA,NA
863,NA,NA,NA,NA,NA,NA
864,NA,NA,NA,NA,NA,NA
865,NA,NA,NA,NA,NA,NA
866,NA,NA,NA,NA,NA,NA
867,NA,NA,NA,NA,NA,NA
868,NA,NA,NA,NA,NA,NA
869,NA,NA,NA,NA,NA,NA
870,NA,NA,NA,NA,NA,NA
871,NA,NA,NA,NA,NA,NA
872,NA,NA,NA,NA,NA,NA
873,NA,NA,NA,NA,NA,NA
874,NA,NA,NA,NA,NA,NA
875,NA,NA,NA,NA,NA,NA
876,NA,NA,NA,NA,NA,NA
877,NA,NA,NA,NA,NA,NA
878,NA,NA,NA,NA,NA,NA
879,NA,NA,NA,NA,NA,NA
880,NA,NA,NA,NA,NA,NA
881,NA,NA,NA,NA,NA,NA
882,NA,NA,NA,NA,NA,NA
883,NA,NA,NA,NA,NA,NA
884,NA,NA,NA,NA,NA,NA
885,NA,NA,NA,NA,NA,NA
886,NA,NA,NA,NA,NA,NA
887,NA,NA,NA,NA,NA,NA
888,NA,NA,NA,NA,NA,NA
889,NA,NA,NA,NA,NA,NA
890,NA,NA,NA,NA,NA,NA
891,NA,NA,NA,NA,NA,NA
892,NA,NA,NA,NA,NA,NA
893,NA,NA,NA,NA,NA,NA
894,NA,NA,NA,NA,NA,NA
895,NA,NA,NA,NA,NA,NA
896,NA,NA,NA,NA,NA,NA
897,NA,NA,NA,NA,NA,NA
898,NA,NA,NA,NA,NA,NA
899,NA,NA,NA,NA,NA,NA
900,NA,NA,NA,NA,NA,NA
901,NA,NA,NA,NA,NA,NA
902,NA,NA,NA,NA,NA,NA
903,NA,NA,NA,NA,NA,NA
904,NA,NA,NA,NA,NA,NA
905,NA,NA,NA,NA,NA,NA
906,NA,NA,NA,NA,NA,NA
907,NA,NA,NA,NA,NA,NA
908,NA,NA,NA,NA,NA,NA
909,NA,NA,NA,NA,NA,NA
910,NA,NA,NA,NA,NA,NA
911,NA,NA,NA,NA,NA,NA
912,NA,NA,NA,NA,NA,NA
913,NA,NA,NA,NA,NA,NA
914,NA,NA,NA,NA,NA,NA
915,NA,NA,NA,NA,NA,NA
916,NA,NA,NA,NA,NA,NA
917,NA,NA,NA,NA,NA,NA
918,NA,NA,NA,NA,NA,NA
919,NA,NA,NA,NA,NA,NA
920,NA,NA,NA,NA,NA,NA
921,NA,NA,NA,NA,NA,NA
922,NA,NA,NA,NA,NA,NA
923,NA,NA,NA,NA,NA,NA
924,NA,NA,NA,NA,NA,NA
925,NA,NA,NA,NA,NA,NA
926,NA,NA,NA,NA,NA,NA
927,NA,NA,NA,NA,NA,NA
928,NA,NA,NA,NA,NA,NA
929,NA,NA,NA,NA,NA,NA
930,NA,NA,NA,NA,NA,NA
931,NA,NA,NA,NA,NA,NA
932,NA,NA,NA,NA,NA,NA
933,NA,NA,NA,NA,NA,NA
934,NA,NA,NA,NA,NA,NA
935,NA,NA,NA,NA,NA,NA
936,NA,NA,NA,NA,NA,NA
937,NA,NA,NA,NA,NA,NA
938,NA,NA,NA,NA,NA,NA
939,NA,NA,NA,NA,NA,NA
940,NA,NA,NA,NA,NA,NA
941,NA,NA,NA,NA,NA,NA
942,NA,NA,NA,NA,NA,NA
943,NA,NA,NA,NA,NA,NA
944,NA,NA,NA,NA,NA,NA
945,NA,NA,NA,NA,NA,NA
946,NA,NA,NA,NA,NA,NA
947,NA,NA,NA,NA,NA,NA
948,NA,NA,NA,NA,NA,NA
949,NA,NA,NA,NA,NA,NA
950,NA,NA,NA,NA,NA,NA
951,NA,NA,NA,NA,NA,NA
952,NA,NA,NA,NA,NA,NA
953,NA,NA,NA,NA,NA,NA
954,NA,NA,NA,NA,NA,NA
955,NA,NA,NA,NA,NA,NA
956,NA,NA,NA,NA,NA,NA
957,NA,NA,NA,NA,NA,NA
958,NA,NA,NA,NA,NA,NA
959,NA,NA,NA,NA,NA,NA
960,NA,NA,NA,NA,NA,NA
961,NA,NA,NA,NA,NA,NA
962,NA,NA,NA,NA,NA,NA
963,NA,NA,NA,NA,NA,NA
964,NA,NA,NA,NA,NA,NA
965,NA,NA,NA,NA,NA,NA
966,NA,NA,NA,NA,NA,NA
967,NA,NA,NA,NA,NA,NA
968,NA,NA,NA,NA,NA,NA
969,NA,NA,NA,NA,NA,NA
970,NA,NA,NA,NA,NA,NA
971,NA,NA,NA,NA,NA,NA
972,NA,NA,NA,NA,NA,NA
973,NA,NA,NA,NA,NA,NA
974,NA,NA,NA,NA,NA,NA
975,NA,NA,NA,NA,NA,NA
976,NA,NA,NA,NA,NA,NA
977,NA,NA,NA,NA,NA,NA
978,NA,NA,NA,NA,NA,NA
979,NA,NA,NA,NA,NA,NA
980,NA,NA,NA,NA,NA,NA
981,NA,NA,NA,NA,NA,NA
982,NA,NA,NA,NA,NA,NA
983,NA,NA,NA,NA,NA,NA
984,NA,NA,NA,NA,NA,NA
985,NA,NA,NA,NA,NA,NA
986,NA,NA,NA,NA,NA,NA
987,NA,NA,NA,NA,NA,NA
988,NA,NA,NA,NA,NA,NA
989,NA,NA,NA,NA,NA,NA
990,NA,NA,NA,NA,NA,NA
991,NA,NA,NA,NA,NA,NA
992,NA,NA,NA,NA,NA,NA
993,NA,NA,NA,NA,NA,NA
994,NA,NA,NA,NA,NA,NA
995,NA,NA,NA,NA,NA,NA
996,NA,NA,NA,NA,NA,NA
997,NA,NA,NA,NA,NA,NA
998,NA,NA,NA,NA,NA,NA
999,NA,NA,NA,NA,NA,NA
1000,NA,NA,NA,NA,NA,NA
1001,NA,NA,NA,NA,NA,NA
1002,NA,NA,NA,NA,NA,NA
1003,NA,NA,NA,NA,NA,NA
1004,NA,NA,NA,NA,NA,NA
1005,NA,NA,NA,NA,NA,NA
1006,NA,NA,NA,NA,NA,NA
1007,NA,NA,NA,NA,NA,NA
1008,NA,NA,NA,NA,NA,NA
1009,NA,NA,NA,NA,NA,NA
1010,NA,NA,NA,NA,NA,NA
1011,NA,NA,NA,NA,NA,NA
1012,NA,NA,NA,NA,NA,NA
1013,NA,NA,NA,NA,NA,NA
1014,NA,NA,NA,NA,NA,NA
1015,NA,NA,NA,NA,NA,NA
1016,NA,NA,NA,NA,NA,NA
1017,NA,NA,NA,NA,NA,NA
1018,NA,NA,NA,NA,NA,NA
1019,NA,NA,NA,NA,NA,NA
1020,NA,NA,NA,NA,NA,NA
1021,NA,NA,NA,NA,NA,NA
1022,NA,NA,NA,NA,NA,NA
1023,NA,NA,NA,NA,NA,NA
1024,NA,NA,NA,NA,NA,NA
1025,NA,NA,NA,NA,NA,NA
1026,NA,NA,NA,NA,NA,NA
1027,NA,NA,NA,NA,NA,NA
1028,NA,NA,NA,NA,NA,NA
1029,NA,NA,NA,NA,NA,NA
1030,NA,NA,NA,NA,NA,NA
1031,NA,NA,NA,NA,NA,NA
1032,NA,NA,NA,NA,NA,NA
1033,NA,NA,NA,NA,NA,NA
1034,NA,NA,NA,NA,NA,NA
1035,NA,NA,NA,NA,NA,NA
1036,NA,NA,NA,NA,NA,NA
1037,NA,NA,NA,NA,NA,NA
1038,NA,NA,NA,NA,NA,NA
1039,NA,NA,NA,NA,NA,NA
1040,NA,NA,NA,NA,NA,NA
1041,NA,NA,NA,NA,NA,NA
1042,NA,NA,NA,NA,NA,NA
1043,NA,NA,NA,NA,NA,NA
1044,NA,NA,NA,NA,NA,NA
1045,NA,NA,NA,NA,NA,NA
1046,NA,NA,NA,NA,NA,NA
1047,NA,NA,NA,NA,NA,NA
1048,NA,NA,NA,NA,NA,NA
1049,NA,NA,NA,NA,NA,NA
1050,NA,NA,NA,NA,NA,NA
1051,NA,NA,NA,NA,NA,NA
1052,NA,NA,NA,NA,NA,NA
1053,NA,NA,NA,NA,NA,NA
1054,NA,NA,NA,NA,NA,NA
1055,NA,NA,NA,NA,NA,NA
1056,NA,NA,NA,NA,NA,NA
1057,NA,NA,NA,NA,NA,NA
1058,NA,NA,NA,NA,NA,NA
1059,NA,NA,NA,NA,NA,NA
1060,NA,NA,NA,NA,NA,NA
1061,NA,NA,NA,NA,NA,NA
1062,NA,NA,NA,NA,NA,NA
1063,NA,NA,NA,NA,NA,NA
1064,NA,NA,NA,NA,NA,NA
1065,NA,NA,NA,NA,NA,NA
1066,NA,NA,NA,NA,NA,NA
1067,NA,NA,NA,NA,NA,NA
1068,NA,NA,NA,NA,NA,NA
1069,NA,NA,NA,NA,NA,NA
1070,NA,NA,NA,NA,NA,NA
1071,NA,NA,NA,NA,NA,NA
1072,NA,NA,NA,NA,NA,NA
1073,NA,NA,NA,NA,NA,NA
1074,NA,NA,NA,NA,NA,NA
1075,NA,NA,NA,NA,NA,NA
1076,NA,NA,NA,NA,NA,NA
1077,NA,NA,NA,NA,NA,NA
1078,NA,NA,NA,NA,NA,NA
1079,NA,NA,NA,NA,NA,NA
1080,NA,NA,NA,NA,NA,NA
1081,NA,NA,NA,NA,NA,NA
1082,NA,NA,NA,NA,NA,NA
1083,NA,NA,NA,NA,NA,NA
1084,NA,NA,NA,NA,NA,NA
1085,NA,NA,NA,NA,NA,NA
1086,NA,NA,NA,NA,NA,NA
1087,NA,NA,NA,NA,NA,NA
1088,NA,NA,NA,NA,NA,NA
1089,NA,NA,NA,NA,NA,NA
1090,NA,NA,NA,NA,NA,NA
1091,NA,NA,NA,NA,NA,NA
1092,NA,NA,NA,NA,NA,NA
1093,NA,NA,NA,NA,NA,NA
1094,NA,NA,NA,NA,NA,NA
1095,NA,NA,NA,NA,NA,NA
1096,NA,NA,NA,NA,NA,NA
1097,NA,NA,NA,NA,NA,NA
1098,NA,NA,NA,NA,NA,NA
1099,NA,NA,NA,NA,NA,NA
1100,NA,NA,NA,NA,NA,NA
1101,NA,NA,NA,NA,NA,NA
1102,NA,NA,NA,NA,NA,NA
1103,NA,NA,NA,NA,NA,NA
1104,NA,NA,NA,NA,NA,NA
1105,NA,NA,NA,NA,NA,NA
1106,NA,NA,NA,NA,NA,NA
1107,NA,NA,NA,NA,NA,NA
1108,NA,NA,NA,NA,NA,NA
1109,NA,NA,NA,NA,NA,NA
1110,NA,NA,NA,NA,NA,NA
1111,NA,NA,NA,NA,NA,NA
1112,NA,NA,NA,NA,NA,NA
1113,NA,NA,NA,NA,NA,NA
1114,NA,NA,NA,NA,NA,NA
1115,NA,NA,NA,NA,NA,NA
1116,NA,NA,NA,NA,NA,NA
1117,NA,NA,NA,NA,NA,NA
1118,NA,NA,NA,NA,NA,NA
1119,NA,NA,NA,NA,NA,NA
1120,NA,NA,NA,NA,NA,NA
1121,NA,NA,NA,NA,NA,NA
1122,NA,NA,NA,NA,NA,NA
1123,NA,NA,NA,NA,NA,NA
1124,NA,NA,NA,NA,NA,NA
1125,NA,NA,NA,NA,NA,NA
1126,NA,NA,NA,NA,NA,NA
1127,NA,NA,NA,NA,NA,NA
1128,NA,NA,NA,NA,NA,NA
1129,NA,NA,NA,NA,NA,NA
1130,NA,NA,NA,NA,NA,NA
1131,NA,NA,NA,NA,NA,NA
1132,NA,NA,NA,NA,NA,NA
1133,NA,NA,NA,NA,NA,NA
1134,NA,NA,NA,NA,NA,NA
1135,NA,NA,NA,NA,NA,NA
1136,NA,NA,NA,NA,NA,NA
1137,NA,NA,NA,NA,NA,NA
1138,NA,NA,NA,NA,NA,NA
1139,NA,NA,NA,NA,NA,NA
1140,NA,NA,NA,NA,NA,NA
1141,NA,NA,NA,NA,NA,NA
1142,NA,NA,NA,NA,NA,NA
1143,NA,NA,NA,NA,NA,NA
1144,NA,NA,NA,NA,NA,NA
1145,NA,NA,NA,NA,NA,NA
1146,NA,NA,NA,NA,NA,NA
1147,NA,NA,NA,NA,NA,NA
1148,NA,NA,NA,NA,NA,NA
1149,NA,NA,NA,NA,NA,NA
1150,NA,NA,NA,NA,NA,NA
1151,NA,NA,NA,NA,NA,NA
1152,NA,NA,NA,NA,NA,NA
1153,NA,NA,NA,NA,NA,NA
1154,NA,NA,NA,NA,NA,NA
1155,NA,NA,NA,NA,NA,NA
1156,NA,NA,NA,NA,NA,NA
1157,NA,NA,NA,NA,NA,NA
1158,NA,NA,NA,NA,NA,NA
1159,NA,NA,NA,NA,NA,NA
1160,NA,NA,NA,NA,NA,NA
1161,NA,NA,NA,NA,NA,NA
1162,NA,NA,NA,NA,NA,NA
1163,NA,NA,NA,NA,NA,NA
1164,NA,NA,NA,NA,NA,NA
1165,NA,NA,NA,NA,NA,NA
1166,NA,NA,NA,NA,NA,NA
1167,NA,NA,NA,NA,NA,NA
1168,NA,NA,NA,NA,NA,NA
1169,NA,NA,NA,NA,NA,NA
1170,NA,NA,NA,NA,NA,NA
1171,NA,NA,NA,NA,NA,NA
1172,NA,NA,NA,NA,NA,NA
1173,NA,NA,NA,NA,NA,NA
1174,NA,NA,NA,NA,NA,NA
1175,NA,NA,NA,NA,NA,NA
1176,NA,NA,NA,NA,NA,NA
1177,NA,NA,NA,NA,NA,NA
1178,NA,NA,NA,NA,NA,NA
1179,NA,NA,NA,NA,NA,NA
1180,NA,NA,NA,NA,NA,NA
1181,NA,NA,NA,NA,NA,NA
1182,NA,NA,NA,NA,NA,NA
1183,NA,NA,NA,NA,NA,NA
1184,NA,NA,NA,NA,NA,NA
1185,NA,NA,NA,NA,NA,NA
1186,NA,NA,NA,NA,NA,NA
1187,NA,NA,NA,NA,NA,NA
1188,NA,NA,NA,NA,NA,NA
1189,NA,NA,NA,NA,NA,NA
1190,NA,NA,NA,NA,NA,NA
1191,NA,NA,NA,NA,NA,NA
1192,NA,NA,NA,NA,NA,NA
1193,NA,NA,NA,NA,NA,NA
1194,NA,NA,NA,NA,NA,NA
1195,NA,NA,NA,NA,NA,NA
1196,NA,NA,NA,NA,NA,NA
1197,NA,NA,NA,NA,NA,NA
1198,NA,NA,NA,NA,NA,NA
1199,NA,NA,NA,NA,NA,NA
1200,NA,NA,NA,NA,NA,NA
1201,NA,NA,NA,NA,NA,NA
1202,NA,NA,NA,NA,NA,NA
1203,NA,NA,NA,NA,NA,NA
1204,NA,NA,NA,NA,NA,NA
1205,NA,NA,NA,NA,NA,NA
1206,NA,NA,NA,NA,NA,NA
1207,NA,NA,NA,NA,NA,NA
1208,NA,NA,NA,NA,NA,NA
1209,NA,NA,NA,NA,NA,NA
1210,NA,NA,NA,NA,NA,NA
1211,NA,NA,NA,NA,NA,NA
1212,NA,NA,NA,NA,NA,NA
1213,NA,NA,NA,NA,NA,NA
1214,NA,NA,NA,NA,NA,NA
1215,NA,NA,NA,NA,NA,NA
1216,NA,NA,NA,NA,NA,NA
1217,NA,NA,NA,NA,NA,NA
1218,NA,NA,NA,NA,NA,NA
1219,NA,NA,NA,NA,NA,NA
1220,NA,NA,NA,NA,NA,NA
1221,NA,NA,NA,NA,NA,NA
1222,NA,NA,NA,NA,NA,NA
1223,NA,NA,NA,NA,NA,NA
1224,NA,NA,NA,NA,NA,NA
1225,NA,NA,NA,NA,NA,NA
1226,NA,NA,NA,NA,NA,NA
1227,NA,NA,NA,NA,NA,NA
1228,NA,NA,NA,NA,NA,NA
1229,NA,NA,NA,NA,NA,NA
1230,NA,NA,NA,NA,NA,NA
1231,NA,NA,NA,NA,NA,NA
1232,NA,NA,NA,NA,NA,NA
1233,NA,NA,NA,NA,NA,NA
1234,NA,NA,NA,NA,NA,NA
1235,NA,NA,NA,NA,NA,NA
1236,NA,NA,NA,NA,NA,NA
1237,NA,NA,NA,NA,NA,NA
1238,NA,NA,NA,NA,NA,NA
1239,NA,NA,NA,NA,NA,NA
1240,NA,NA,NA,NA,NA,NA
1241,NA,NA,NA,NA,NA,NA
1242,NA,NA,NA,NA,NA,NA
1243,NA,NA,NA,NA,NA,NA
1244,NA,NA,NA,NA,NA,NA
1245,NA,NA,NA,NA,NA,NA
1246,NA,NA,NA,NA,NA,NA
1247,NA,NA,NA,NA,NA,NA
1248,NA,NA,NA,NA,NA,NA
1249,NA,NA,NA,NA,NA,NA
1250,NA,NA,NA,NA,NA,NA
1251,NA,NA,NA,NA,NA,NA
1252,NA,NA,NA,NA,NA,NA
1253,NA,NA,NA,NA,NA,NA
1254,NA,NA,NA,NA,NA,NA
1255,NA,NA,NA,NA,NA,NA
1256,NA,NA,NA,NA,NA,NA
1257,NA,NA,NA,NA,NA,NA
1258,NA,NA,NA,NA,NA,NA
1259,NA,NA,NA,NA,NA,NA
1260,NA,NA,NA,NA,NA,NA
1261,NA,NA,NA,NA,NA,NA
1262,NA,NA,NA,NA,NA,NA
1263,NA,NA,NA,NA,NA,NA
1264,NA,NA,NA,NA,NA,NA
1265,NA,NA,NA,NA,NA,NA
1266,NA,NA,NA,NA,NA,NA
1267,NA,NA,NA,NA,NA,NA
1268,NA,NA,NA,NA,NA,NA
1269,NA,NA,NA,NA,NA,NA
1270,NA,NA,NA,NA,NA,NA
1271,NA,NA,NA,NA,NA,NA
1272,NA,NA,NA,NA,NA,NA
1273,NA,NA,NA,NA,NA,NA
1274,NA,NA,NA,NA,NA,NA
1275,NA,NA,NA,NA,NA,NA
1276,NA,NA,NA,NA,NA,NA
1277,NA,NA,NA,NA,NA,NA
1278,NA,NA,NA,NA,NA,NA
1279,NA,NA,NA,NA,NA,NA
1280,NA,NA,NA,NA,NA,NA
1281,NA,NA,NA,NA,NA,NA
1282,NA,NA,NA,NA,NA,NA
1283,NA,NA,NA,NA,NA,NA
1284,NA,NA,NA,NA,NA,NA
1285,NA,NA,NA,NA,NA,NA
1286,NA,NA,NA,NA,NA,NA
1287,NA,NA,NA,NA,NA,NA
1288,NA,NA,NA,NA,NA,NA
1289,NA,NA,NA,NA,NA,NA
1290,NA,NA,NA,NA,NA,NA
1291,NA,NA,NA,NA,NA,NA
1292,NA,NA,NA,NA,NA,NA
1293,NA,NA,NA,NA,NA,NA
1294,NA,NA,NA,NA,NA,NA
1295,NA,NA,NA,NA,NA,NA
1296,NA,NA,NA,NA,NA,NA
1297,NA,NA,NA,NA,NA,NA
1298,NA,NA,NA,NA,NA,NA
1299,NA,NA,NA,NA,NA,NA
1300,NA,NA,NA,NA,NA,NA
1301,NA,NA,NA,NA,NA,NA
1302,NA,NA,NA,NA,NA,NA
1303,NA,NA,NA,NA,NA,NA
1304,NA,NA,NA,NA,NA,NA
1305,NA,NA,NA,NA,NA,NA
1306,NA,NA,NA,NA,NA,NA
1307,NA,NA,NA,NA,NA,NA
1308,NA,NA,NA,NA,NA,NA
1309,NA,NA,NA,NA,NA,NA
1310,NA,NA,NA,NA,NA,NA
1311,NA,NA,NA,NA,NA,NA
1312,NA,NA,NA,NA,NA,NA
1313,NA,NA,NA,NA,NA,NA
1314,NA,NA,NA,NA,NA,NA
1315,NA,NA,NA,NA,NA,NA
1316,NA,NA,NA,NA,NA,NA
1317,NA,NA,NA,NA,NA,NA
1318,NA,NA,NA,NA,NA,NA
1319,NA,NA,NA,NA,NA,NA
1320,NA,NA,NA,NA,NA,NA
1321,NA,NA,NA,NA,NA,NA
1322,NA,NA,NA,NA,NA,NA
1323,NA,NA,NA,NA,NA,NA
1324,NA,NA,NA,NA,NA,NA
1325,NA,NA,NA,NA,NA,NA
1326,NA,NA,NA,NA,NA,NA
1327,NA,NA,NA,NA,NA,NA
1328,NA,NA,NA,NA,NA,NA
1329,NA,NA,NA,NA,NA,NA
1330,NA,NA,NA,NA,NA,NA
1331,NA,NA,NA,NA,NA,NA
1332,NA,NA,NA,NA,NA,NA
1333,NA,NA,NA,NA,NA,NA
1334,NA,NA,NA,NA,NA,NA
1335,NA,NA,NA,NA,NA,NA
1336,NA,NA,NA,NA,NA,NA
1337,NA,NA,NA,NA,NA,NA
1338,NA,NA,NA,NA,NA,NA
1339,NA,NA,NA,NA,NA,NA
1340,NA,NA,NA,NA,NA,NA
1341,NA,NA,NA,NA,NA,NA
1342,NA,NA,NA,NA,NA,NA
1343,NA,NA,NA,NA,NA,NA
1344,NA,NA,NA,NA,NA,NA
1345,NA,NA,NA,NA,NA,NA
1346,NA,NA,NA,NA,NA,NA
1347,NA,NA,NA,NA,NA,NA
1348,NA,NA,NA,NA,NA,NA
1349,NA,NA,NA,NA,NA,NA
1350,NA,NA,NA,NA,NA,NA
1351,NA,NA,NA,NA,NA,NA
1352,NA,NA,NA,NA,NA,NA
1353,NA,NA,NA,NA,NA,NA
1354,NA,NA,NA,NA,NA,NA
1355,NA,NA,NA,NA,NA,NA
1356,NA,NA,NA,NA,NA,NA
1357,NA,NA,NA,NA,NA,NA
1358,NA,NA,NA,NA,NA,NA
1359,NA,NA,NA,NA,NA,NA
1360,NA,NA,NA,NA,NA,NA
1361,NA,NA,NA,NA,NA,NA
1362,NA,NA,NA,NA,NA,NA
1363,NA,NA,NA,NA,NA,NA
1364,NA,NA,NA,NA,NA,NA
1365,NA,NA,NA,NA,NA,NA
1366,NA,NA,NA,NA,NA,NA
1367,NA,NA,NA,NA,NA,NA
1368,NA,NA,NA,NA,NA,NA
1369,NA,NA,NA,NA,NA,NA
1370,NA,NA,NA,NA,NA,NA
1371,NA,NA,NA,NA,NA,NA
1372,NA,NA,NA,NA,NA,NA
1373,NA,NA,NA,NA,NA,NA
1374,NA,NA,NA,NA,NA,NA
1375,NA,NA,NA,NA,NA,NA
1376,NA,NA,NA,NA,NA,NA
1377,NA,NA,NA,NA,NA,NA
1378,NA,NA,NA,NA,NA,NA
1379,NA,NA,NA,NA,NA,NA
1380,NA,NA,NA,NA,NA,NA
1381,NA,NA,NA,NA,NA,NA
1382,NA,NA,NA,NA,NA,NA
1383,NA,NA,NA,NA,NA,NA
1384,NA,NA,NA,NA,NA,NA
1385,NA,NA,NA,NA,NA,NA
1386,NA,NA,NA,NA,NA,NA
1387,NA,NA,NA,NA,NA,NA
1388,NA,NA,NA,NA,NA,NA
1389,NA,NA,NA,NA,NA,NA
1390,NA,NA,NA,NA,NA,NA
1391,NA,NA,NA,NA,NA,NA
1392,NA,NA,NA,NA,NA,NA
1393,NA,NA,NA,NA,NA,NA
1394,NA,NA,NA,NA,NA,NA
1395,NA,NA,NA,NA,NA,NA
1396,NA,NA,NA,NA,NA,NA
1397,NA,NA,NA,NA,NA,NA
1398,NA,NA,NA,NA,NA,NA
1399,NA,NA,NA,NA,NA,NA
1400,NA,NA,NA,NA,NA,NA
1401,NA,NA,NA,NA,NA,NA
1402,NA,NA,NA,NA,NA,NA
1403,NA,NA,NA,NA,NA,NA
1404,NA,NA,NA,NA,NA,NA
1405,NA,NA,NA,NA,NA,NA
1406,NA,NA,NA,NA,NA,NA
1407,NA,NA,NA,NA,NA,NA
1408,NA,NA,NA,NA,NA,NA
1409,NA,NA,NA,NA,NA,NA
1410,NA,NA,NA,NA,NA,NA
1411,NA,NA,NA,NA,NA,NA
1412,NA,NA,NA,NA,NA,NA
1413,NA,NA,NA,NA,NA,NA
1414,NA,NA,NA,NA,NA,NA
1415,NA,NA,NA,NA,NA,NA
1416,NA,NA,NA,NA,NA,NA
1417,NA,NA,NA,NA,NA,NA
1418,NA,NA,NA,NA,NA,NA
1419,NA,NA,NA,NA,NA,NA
1420,NA,NA,NA,NA,NA,NA
1421,NA,NA,NA,NA,NA,NA
1422,NA,NA,NA,NA,NA,NA
1423,NA,NA,NA,NA,NA,NA
1424,NA,NA,NA,NA,NA,NA
1425,NA,NA,NA,NA,NA,NA
1426,NA,NA,NA,NA,NA,NA
1427,NA,NA,NA,NA,NA,NA
1428,NA,NA,NA,NA,NA,NA
1429,NA,NA,NA,NA,NA,NA
1430,NA,NA,NA,NA,NA,NA
1431,NA,NA,NA,NA,NA,NA
1432,NA,NA,NA,NA,NA,NA
1433,NA,NA,NA,NA,NA,NA
1434,NA,NA,NA,NA,NA,NA
1435,NA,NA,NA,NA,NA,NA
1436,NA,NA,NA,NA,NA,NA
1437,NA,NA,NA,NA,NA,NA
1438,NA,NA,NA,NA,NA,NA
1439,NA,NA,NA,NA,NA,NA
1440,NA,NA,NA,NA,NA,NA
1441,NA,NA,NA,NA,NA,NA
1442,NA,NA,NA,NA,NA,NA
1443,NA,NA,NA,NA,NA,NA
1444,1.16868031733474,1.08283953875163,1.15765831460177,1.42234332425068,0.928237217419521,NA
1445,0.925508687494586,0.860703652934917,0.920805434986049,1.15673740731271,0.713033958549888,NA
1446,0.846775840514754,0.790370496111529,0.846242882770871,1.02107612199355,0.643372373158584,NA
1447,0.893078103074988,0.836722639961022,0.896573594749374,1.065598027127,0.678842910528664,NA
1448,1.28323050560518,1.20750090583077,1.29417796145342,1.51211750305998,1.02710083217478,NA
1449,1.15053386686802,1.08882063090112,1.16572230069212,1.27310536044362,0.853244333335358,NA
1450,1.27207189078239,1.21298928076569,1.29484248946596,1.38126709206928,0.916387565703861,NA
1451,1.30917448178894,1.26060916414426,1.33876605544326,1.38434084318537,0.919646156650913,NA
1452,0.922342508041956,0.898747428691327,0.947506861252305,1.04869816779171,0.680042528182833,NA
1453,1.2360811450697,1.22093122537032,1.27552815385214,1.3001569154898,0.876220300483397,NA
1454,0.925588784351053,0.927868049582946,0.959341291219679,1.03920153920154,0.670362836920765,NA
1455,0.711787403468635,0.724498371299175,0.740910861440304,0.780269058295964,0.489014332568155,NA
1456,0.935070043512689,0.966130985265326,0.977370461954714,0.999306197964847,0.632759121977185,NA
1457,0.737997614071668,0.773531216785329,0.774460213832995,0.788336431226766,0.490070162238613,NA
1458,0.982677021812415,1.04402787488087,1.03515510501993,1.05914231856739,0.657014557019218,NA
1459,0.872988368719989,0.93946753398349,0.922927325140007,0.951388888888889,0.591155254854016,NA
1460,1.05676737508197,1.15129317234594,1.12101200955938,1.1597188560349,0.712229641686771,NA
1461,0.856157028124024,0.94391916657056,0.911082865220134,0.940502316508169,0.604617593548239,NA
1462,1.00932604432752,1.12575964203305,1.07722530196678,1.0828147438966,0.741609910495068,NA
1463,0.955934357353401,1.07830917084999,1.02297949824519,1.07678706744127,0.7247701228329,NA
1464,0.738570211154016,0.842194399852718,0.792290834419746,0.804566658482691,0.527128528638927,NA
1465,0.913123455607898,1.05184343268147,0.98166737539152,0.950931823543289,0.631467657316833,NA
1466,0.85173502196839,0.990330757173155,0.91741962737724,0.883561643835617,0.592669231184043,NA
1467,1.01532494860003,1.190526027803,1.09542650601006,1.12357558875665,0.780815735863794,NA
1468,0.873740536743302,1.032045966508,0.94397692279984,0.916083916083916,0.622877834766409,NA
1469,0.817838039975869,0.971623722046177,0.884572855733308,0.897058823529412,0.58250185888192,NA
1470,0.545742154192966,0.650764681553742,0.590784581041287,0.618646299710298,0.39616363853545,NA
1471,0.866774588149949,1.03480123320142,0.938885998236618,0.98279057453005,0.648437519074359,NA
1472,0.925608928116712,1.10361419599092,1.00297744157153,0.965247185511503,0.665422092164429,NA
1473,0.677196880310641,0.804466974289633,0.733888393562345,0.682596291012839,0.469789182933092,NA
1474,0.701244953886774,0.828025020372123,0.759860222800828,0.74321608040201,0.500166422953142,NA
1475,0.849890944514259,0.995478374975706,0.920612234047003,0.967715680954965,0.651461585258833,NA
1476,0.791680848343492,0.9185288300011,0.857072223488405,0.872295514511873,0.589783740509288,NA
1477,0.956206585101735,1.09811670874253,1.03438111097681,0.985856079404467,0.685557708816311,NA
1478,1.03117659138066,1.17217414912627,1.11438460784562,1.10612350804359,0.734115800893852,NA
1479,1.20557722643934,1.35731123414287,1.30132525199722,1.27349768875193,0.867171480274874,NA
1480,0.6164531165463,0.687962852180946,0.664506410016742,0.640355329949239,0.436792346196168,NA
1481,0.861681362787298,0.953807671712843,0.927422608844651,0.82700919160971,0.57124109600955,NA
1482,0.980530426825749,1.07730353865898,1.05354112759395,0.943481358347186,0.653180279815463,NA
1483,1.03581172015598,1.13067482755906,1.11086752454985,1.00215982721382,0.702016150035222,NA
1484,1.3880209307179,1.50694947941202,1.48560740251892,1.34851053523856,0.947651794833934,NA
1485,0.951790072588294,1.02861178942924,1.01651845955272,0.992943021432305,0.70067044870957,NA
1486,0.722900929291555,0.777589921512313,0.770304169942104,0.733333333333333,0.507752003743812,NA
1487,0.711848632204662,0.761221563340864,0.756706645192075,0.748536455561469,0.536019068524116,NA
1488,0.767043872341656,0.813911029866629,0.813330844878992,0.783580150688491,0.569718608550039,NA
1489,0.859833588522137,0.903385943790577,0.909332811761396,0.899705803690826,0.672425742140485,NA
1490,0.86413691592691,0.897131425105419,0.911402363843747,0.919125683060109,0.698645023702194,NA
1491,0.681291088705365,0.697708209270319,0.716540079606474,0.719269555737258,0.521864453863925,NA
1492,1.09099975591467,1.10087469651895,1.14413398709824,1.14235262157023,0.81905079694915,NA
1493,1.04351730369385,1.03728713604712,1.0910978680269,1.06748466257669,0.774762448425681,NA
1494,0.835941232590931,0.819124355807986,0.871408842338416,0.848404255319149,0.590544609053269,NA
1495,1.43582653391952,1.38896569215163,1.49211933696597,1.42722513089005,1.05769813798642,NA
1496,1.13596635368701,1.0874129921289,1.17678837876799,1.15625,0.822355030072309,NA
1497,1.06448862251321,1.01114106829771,1.0992179884946,0.983775811209439,0.705828411815115,NA
1498,1.12405270732829,1.06263086886502,1.15696569046401,0.973154362416107,0.741492974161182,NA
1499,1.20755147629724,1.13965852462164,1.23883644312144,1.04171494785632,0.813681986820816,NA
1500,1.15091992826461,1.08782114362927,1.17683010007266,1.05676747645017,0.808151491600237,NA
1501,1.26679401844902,1.20272498065305,1.29099046608286,1.15769898338706,0.880092561675443,NA
1502,1.17028792103774,1.11905416239535,1.18863435429939,1.09489795918367,0.847078772694328,NA
1503,0.564207370222254,0.544436367870257,0.571116904709566,0.508520622375895,0.398429015775359,NA
1504,0.630892566678622,0.615067383276637,0.636453235698581,0.560832313341493,0.446709910004981,NA
1505,1.34026664834907,1.32148752872642,1.34748244154014,1.19876237623762,0.933872745855377,NA
1506,1.0726827623215,1.07119766501085,1.07478549993555,0.96016928055763,0.747472598294087,NA
1507,1.07798996407632,1.09197402974642,1.07642382698396,0.888914496427748,0.736874699048284,NA
1508,1.01001230790324,1.03932474281438,1.00511206239989,0.892307692307692,0.713678337920066,NA
1509,1.21963993302637,1.27642082355272,1.20959901075391,1.08377225984449,0.827158247562361,NA
1510,0.970657994728924,1.03388894481974,0.959405612988557,0.86066398390342,0.655488964046715,NA
1511,0.619987341736165,0.671970401376829,0.610732185691972,0.516136687233033,0.42773789908737,NA
1512,0.925391229207211,1.0714159866241,1.10076635694689,0.927219805169076,0.682375772251043,0.676924617198197
1513,0.738415982745998,0.880293389474284,0.908533213168615,0.803938918436997,0.542880957544315,0.676924617198197
1514,0.948838560461895,1.13093025902587,1.10033030919446,0.947491414601756,0.670830556619964,0.676924617198197
1515,0.98917956293524,1.19640655232885,1.14116479494125,1.00552458251339,0.712631754231123,0.676924617198197
1516,0.845183308877086,1.03679773304729,0.973339676022566,0.865052555868213,0.629125016568724,0.676924617198197
1517,0.823572149728338,1.0230764231806,0.94854901110934,0.841520123418015,0.591234741234964,0.676924617198197
1518,0.5714480840485,0.714323794497138,0.654066437888611,0.573246128763716,0.394501147494194,0.676924617198197
1519,0.615931993220117,0.774898315028593,0.706773101886085,0.614400691783277,0.425166840705128,0.676924617198197
1520,0.711246215402832,0.88243874605643,0.797236326596692,0.735562436071103,0.500563198524976,0.676924617198197
1521,0.422898774703332,0.519010838544807,0.470162413141742,0.429478063067533,0.299415438318727,0.676924617198197
1522,0.777654688480397,0.937048339707489,0.854725718888399,0.815947881846842,0.563201238439854,0.676924617198197
1523,0.772975677682187,0.919085953477932,0.84994080440636,0.798269034944553,0.53765515960564,0.676924617198197
1524,0.933878117127255,1.07885769962268,1.01025745163307,0.925734977307792,0.640361383220537,0.676924617198197
1525,1.06976311755963,1.21495672024235,1.15645261189562,1.06035674203733,0.7416943044293,0.676924617198197
1526,1.10680694217468,1.25326047609598,1.21354951467446,1.16580502703724,0.785513258371741,0.676924617198197
1527,0.845127499114862,0.937414276751663,0.919845640911139,0.873303829299871,0.573957572467116,0.676924617198197
1528,1.02058292670793,1.10360897430018,1.09563803888725,0.984932200856073,0.671987132782618,0.676924617198197
1529,0.934488869148657,1.10218880692154,1.14335712460021,1.05226689566335,0.710215295282246,0.778473150307416
1530,0.763545054910832,0.951141567482489,1.04830207179225,0.997935604765801,0.624667187279333,0.778473150307416
1531,0.935091462608163,1.04511824941462,1.09417921833649,1.03240651173802,0.703336264168628,0.778473150307416
1532,0.841004549303174,0.953793817992674,0.964661796318342,0.931800899014336,0.63403226681182,0.703684819221954
1533,0.815108010017124,0.939429194359371,0.95234003985979,0.923780265592484,0.638901381434306,0.803562499361353
1534,0.909121092649256,1.11219930834981,1.10227469008825,1.1066263373762,0.73117469090544,0.813486739235928
1535,0.666697565322081,0.860301553463068,0.865577908660239,0.888655214713464,0.576153993078086,0.813486739235928
1536,0.831023649344782,1.11627510745137,1.08892346724108,1.1667346696107,0.755923005408653,0.813486739235928
1537,0.463200770954619,0.557829414608941,0.551746103378171,0.54875063580306,0.360352290739171,0.813486739235928
1538,1.0395812972636,1.17439071588776,1.18547356931973,1.19344440432444,0.831162855314449,0.813486739235928
1539,0.781119831669291,0.908529817343273,0.908716225539165,0.960792637801085,0.645165775820968,0.813486739235928
1540,0.974138158274469,1.09601433012969,1.07383207072523,1.10352503930008,0.739863681531198,0.813486739235928
1541,1.07945036101331,1.26951775459366,1.24932572550741,1.28392739386878,0.859751571842911,0.813486739235928
1542,0.948445437419901,1.17148535706206,1.14894887293777,1.23119825933205,0.814216515377151,0.813486739235928
1543,0.94961611364201,1.07222301989849,1.00457395833039,1.1179314972041,0.747769054530987,0.813486739235928
1544,0.899357194046954,1.08756808399403,1.04017692279164,1.10551904219079,0.721322536255585,0.813486739235928
1545,0.854612707294564,0.95280281163159,0.914078801905003,0.949463858599017,0.615305805754823,0.813486739235928
1546,0.780984460698556,0.774000205245794,0.793304199820324,0.834178916010766,0.541947511686867,0.813486739235928
1547,0.699549436430265,0.728660190823155,0.727605073393267,0.771774248699155,0.502380325784072,0.813486739235928
1548,0.62714902527603,0.639269931054726,0.63768545327348,0.684979778027679,0.448665575956109,0.813486739235928
1549,0.826624717093363,0.877523518963984,0.8483228890895,0.880868170857493,0.587982808942535,0.813486739235928
1550,0.972916650055675,1.02908835764872,1.00499363816918,1.07504523831947,0.719599491399024,0.813486739235928
1551,1.02630867283701,1.05338318945213,1.04512651943699,1.15659192703094,0.788870160777987,0.813486739235928
1552,0.893263923577064,0.923744865319093,0.899140632747782,0.987366962375657,0.675684776728191,0.813486739235928
1553,1.06407468466181,1.08176414587476,1.06184692033697,1.16637275919924,0.804055182202798,0.813486739235928
1554,1.0605488414224,1.06834455084874,1.05742564010959,1.2133243527897,0.836175366593461,0.813486739235928
1555,1.04545556901363,1.03970774418446,1.03249358238566,1.11536800549339,0.789512524329098,0.813486739235928
1556,1.28950910545354,1.22736637196837,1.25976880161871,1.34542131625028,0.983936887153848,0.813486739235928
1557,1.20921481146027,1.17571313463647,1.1769821600784,1.27717261614427,0.874032338968943,0.813486739235928
1558,1.0971865821549,1.06923085567941,1.06616802257043,1.05111562335385,0.73227241429225,0.813486739235928
1559,1.01667548873101,0.982817154089148,0.972734759269371,1.10141106545882,0.77172674737432,0.813486739235928
1560,0.881055914497637,0.838024342780872,0.832185557569288,0.951079790964482,0.655787451477014,0.813486739235928
1561,0.991051533084437,0.960503965894547,0.951315957087219,1.05343790349188,0.747595207413783,0.813486739235928
1562,1.03929545851953,0.958668866942326,0.977509738649612,1.12998729147141,0.795552546055796,0.813486739235928
1563,1.04872693056981,1.00638493475832,0.975750972852431,1.07280858443245,0.787783332975053,0.813486739235928
1564,0.906384461741089,0.876179065134596,0.840043587592305,0.860892781756003,0.623771482744259,0.813486739235928
1565,0.983587153380436,0.969163092880903,0.908646817906074,0.950774729540301,0.667731405449059,0.813486739235928
1566,1.12269468308832,1.10454683799565,1.02146119353838,1.14170589300999,0.800073197020644,0.813486739235928
1567,0.917566547586125,0.881520377587606,0.840243310939785,0.880757180482232,0.601459429917267,0.813486739235928
1568,0.932460576340231,0.954252378992129,0.863317732561107,0.866362620638884,0.651103584369724,0.813486739235928
1569,1.08450232798397,1.01539359226584,0.979962673749402,1.01626470309398,0.745701740216871,0.813486739235928
1570,0.990079728287937,0.973346312199004,0.892743894377274,1.02927913034784,0.740952163165729,0.813486739235928
1571,1.00047247529324,0.982280800458612,0.896793954734958,0.842318490721493,0.609379837061732,0.813486739235928
1572,1.14635313806069,1.18893302610457,1.05874475324958,1.08757494102241,0.821796238642799,0.813486739235928
1573,1.11444307070494,1.12343309686129,0.985317951582841,1.0605304628085,0.784050680879488,0.813486739235928
1574,1.09946536476499,1.03181561020105,0.967868009385061,1.0294456899608,0.75852437465413,0.813486739235928
1575,1.02542038605827,1.03335725668025,0.913642116470446,1.04578674961023,0.785080915465991,0.813486739235928
1576,0.773554098664867,0.701743376089091,0.677853168876543,0.70273101722658,0.491504688616204,0.813486739235928
1577,1.02883909515983,0.984188298377577,0.892467611404012,1.0916950693177,0.799707073638648,0.813486739235928
1578,0.767526255788892,0.730904691273189,0.645430068257478,0.824176099554364,0.603972020041786,0.813486739235928
1579,1.02982247462516,0.955711580121565,0.888923937158089,1.09135303085434,0.82643220271583,0.813486739235928
1580,1.1650655529472,1.06811638298398,1.00696204451654,1.23894362249592,0.969480651999136,0.813486739235928
1581,1.21749191885199,1.08970367362969,1.04970857122341,1.27704919252292,0.939379250531834,0.813486739235928
1582,1.08601588999096,0.94905524851678,0.933087771606313,1.08242978706472,0.789490595940577,0.813486739235928
1583,1.04451243585106,0.935140749747748,0.945756434540543,1.08481635894315,0.800016875803888,0.813486739235928
1584,1.02402440775494,0.81852859725732,0.910288987434496,1.00692373755631,0.767967335222537,0.813486739235928
1585,1.00081043893776,0.762227552399435,0.859898119951306,0.911653869874086,0.685916563084387,0.813486739235928
1586,0.91123663788876,0.650990687383257,0.749291400765623,0.801674385380304,0.587702224441116,0.813486739235928
1587,1.21045769180066,0.9238968849493,1.05886615533483,0.907601151336384,0.677809543168464,0.813486739235928
1588,1.559870924112,1.24479768951837,1.39937197236174,1.44239518389706,1.06713628735013,0.809756484480533
1589,1.56608315338037,1.1547471776906,1.35986871853854,1.51688303582509,1.13094409233897,0.809756484480533
1590,1.56314464140736,1.14307798492648,1.34200142900966,1.55054066250658,1.14196804089722,0.809756484480533
1591,1.5987970027464,1.1104461415509,1.35497796253517,1.52871758654797,1.14358781588633,0.809756484480533
1592,1.54480188217818,1.08300863554845,1.30965772307052,1.59440944458189,1.29345238244331,0.809756484480533
1593,1.24096434360627,0.849464362680376,1.06464013042532,1.20622640054999,0.923261130687462,0.809756484480533
1594,1.21472194136389,0.840977140559174,1.05181188988632,1.19984672430825,0.907596015168198,0.809756484480533
1595,1.46484682233587,0.989890736172603,1.28304576992069,1.39142487190997,1.06962769010009,0.809756484480533
1596,1.7978235018558,1.1820943323503,1.53935305270426,1.63983719293585,1.28559844735396,0.809756484480533
1597,1.30514345515422,0.897584046160569,1.12122763870158,1.20325919776781,0.945153995475906,0.809756484480533
1598,1.1750306581207,0.786898875449965,1.02104507098645,1.11094471165174,0.84749127602294,0.809756484480533
1599,1.35628777553148,0.889735179342671,1.164179120186,1.26232669431031,0.941631287461645,0.809756484480533
1600,1.57657706580217,0.973626208883751,1.3748665783141,1.55343006373286,1.18330912562115,0.809756484480533
1601,1.85383594700515,1.12402038620096,1.59900189336339,1.8149129049318,1.41295664424314,0.809756484480533
1602,1.64373937940455,1.10283894323334,1.41056115758683,1.82253630459761,1.37912811190494,0.809756484480533
1603,1.90869281472262,1.20972446947858,1.62357096838202,1.85457412102725,1.37377500872153,0.809756484480533
1604,1.47661389699864,1.03325196086053,1.28764524993702,1.49663953041911,1.17713464974763,0.809756484480533
1605,1.33721005082198,1.06700410178072,1.18941800796306,1.33250891682719,1.00110724580783,0.824810066851435
1606,1.34245802045163,1.1040736235476,1.20906700924886,1.37277728423267,0.999546811748717,0.824810066851435
1607,1.0364996762651,0.827397165511791,0.941442381513454,0.977362772575662,0.692327711906832,0.824810066851435
1608,0.913403693058638,0.720953752219283,0.818752476781151,0.905148627254972,0.627589752279849,0.824810066851435
1609,0.992272939278571,0.794654897923389,0.892526939493722,0.983969985427938,0.69029924332219,0.824810066851435
1610,1.11959242041219,0.890277171025798,1.00585775089963,1.08059216093434,0.773587114974657,0.824810066851435
1611,0.96635302873662,0.804331090025312,0.876854709781081,0.9700556781719,0.689456098827157,0.824810066851435
1612,0.980902013817437,0.819390535150636,0.878598855942319,0.944366032813661,0.661135508191288,0.824810066851435
1613,1.1760610502464,1.01247322923597,1.08253736254735,1.13927631555651,0.789958535535159,0.824810066851435
1614,1.22019001780031,1.02795173521654,1.10855771522681,1.16195301446859,0.826461837567424,0.824810066851435
1615,1.26716498236545,1.08129551632034,1.16396876498297,1.25744612825987,0.883074660420717,0.824810066851435
1616,1.23028978438625,1.07788140000361,1.13281651956283,1.1892053183665,0.84074405574171,0.824810066851435
1617,1.22962241330771,1.09038598382796,1.11563339249222,1.24818934816008,0.824565329744175,0.824810066851435
1618,1.20635669085333,1.07944502793038,1.10745912482545,1.12520922592855,0.793890405837741,0.824810066851435
1619,1.15862410256895,1.11665210047681,1.10615531311481,1.13486786360159,0.795152852736234,0.824810066851435
1620,1.05233808050923,0.975424261168839,0.961406688862865,1.0267696366287,0.724204962789185,0.824810066851435
1621,1.15710946665771,1.0088783783397,1.05001801003524,1.0846453951536,0.771335787049644,0.824810066851435
1622,1.11193635438515,1.01854418831215,1.02237064661629,1.1456453441911,0.756537597805673,0.824810066851435
1623,1.06358097615547,0.96506655249201,0.991931287950242,1.01299099741603,0.722988496757524,0.824810066851435
1624,0.813162050566695,0.77784650201753,0.759601837528794,0.79025654378314,0.56132209394052,0.824810066851435
1625,0.855774775221663,0.830453037086172,0.804295077196454,0.836341564851238,0.590297780085632,0.824810066851435
1626,1.12140306194586,1.05258714825444,1.08738848779687,1.02438507927247,0.731476910640742,0.824810066851435
1627,0.935446997251075,0.911051339853787,0.877712825267161,0.852862199649256,0.618843999515915,0.824810066851435
1628,1.04899712711155,1.03785443470235,1.00195266658702,1.00994287474423,0.738601133334782,0.824810066851435
1629,0.998522197634912,0.990468448240187,0.942204250520068,0.959071259836741,0.691477264584487,0.824810066851435
1630,1.07339050986093,1.05469717435196,1.0401460614633,1.01682993207284,0.722452740922886,0.824810066851435
1631,1.08610705357269,1.080041762429,1.03778096417654,1.06836546426917,0.760186238081972,0.824810066851435
1632,0.943177940252112,0.949534621294932,0.907304026068755,0.910911610597676,0.657354550095796,0.824810066851435
1633,1.03112949703615,1.03568848094833,0.99036523551605,0.944496860092192,0.696092955477375,0.824810066851435
1634,1.03017074967835,1.03186517789477,0.980337704818323,0.897358471458939,0.656152476705022,0.824810066851435
1635,0.961207082956042,0.983089681710971,0.918789005400042,0.851018658920512,0.617308959356554,0.824810066851435
1636,1.08110925214094,1.10846387129772,1.0493310905296,0.988387250670104,0.716398083330548,0.824810066851435
1637,0.890576301833416,0.90518160114254,0.871786459205299,0.785655774514465,0.564800198737495,0.824810066851435
1638,0.938206793754342,0.947957236488607,0.940299242709601,0.802875652517643,0.585494035075048,0.824810066851435
1639,0.932402282005083,0.963796791103874,0.898628047524366,0.816395309012347,0.590755666587805,0.824810066851435
1640,0.869992749678648,0.897879660041274,0.842488916222872,0.78163378861541,0.55189122789161,0.824810066851435
1641,1.01251752920215,1.04581709190558,0.983957646505759,0.962880351976699,0.693271237351246,0.824810066851435
1642,1.05469635614119,1.13603240341419,1.02938797979859,0.98085072136572,0.70873277305273,0.824810066851435
1643,1.13873327285902,1.1678023660832,1.10362674215045,0.983920092929017,0.722808316332734,0.824810066851435
1644,0.875166573389697,0.91558479473926,0.871091009847946,0.764380889679991,0.558260548612398,0.824810066851435
1645,0.737009995215589,0.893007244698936,0.733815604444308,0.727428815831695,0.521183293658214,0.831092508402139
1646,0.850323809049645,0.860399156650031,0.822046636772733,0.796084365258354,0.575880708979492,0.81577310999131
1647,0.827842593077921,0.903655905598041,0.840931778839769,0.754848049852447,0.540788832005056,0.81577310999131
1648,0.895952520301635,0.996396781826194,0.943911164260939,0.890617238530947,0.650103430373667,0.81577310999131
1649,0.885138093165774,0.918027846747329,0.883074437722975,0.810209532787359,0.590933371554713,0.81577310999131
1650,1.04589298499378,1.10267413875847,1.03119132143446,0.935551353676588,0.690235352616845,0.81577310999131
1651,0.826889703524369,0.859963345596791,0.823363345466776,0.786072682879539,0.57759877079403,0.81577310999131
1652,1.13771114041203,1.17422583381315,1.13573873462035,1.03116582340595,0.765877892907576,0.81577310999131
1653,1.19200163685233,1.15906406548406,1.18760247559383,1.05864208287463,0.76303041255681,0.81577310999131
1654,1.10125489915353,1.19128620564698,1.14937810021418,0.980325222007308,0.7078357152775,0.81387094843616
1655,0.840697087467493,0.904751312395195,0.853651062671293,0.772589474458264,0.54864617835314,0.81387094843616
1656,0.813995559460301,0.886653072384696,0.857049760289445,0.745942034013531,0.530229661118651,0.81387094843616
1657,0.83946051616291,0.924652767017713,0.884780376628748,0.767282008853305,0.549638318593046,0.81387094843616
1658,1.07012246399542,1.19474989146489,1.1177869881602,0.951671556076109,0.686270572624338,0.81387094843616
1659,0.950630351846089,1.06498896439089,0.98661450601373,0.846358701614862,0.618764123280997,0.81387094843616
1660,0.910148614165267,1.05058311279259,0.977516544705691,0.830663284582462,0.590070250485571,0.81387094843616
1661,0.75109706346834,0.859006470617584,0.827515317368068,0.696599537208373,0.486450713099918,0.824629545742922
1662,0.621363462566873,0.728874349484045,0.698388191797789,0.563854656113495,0.39470617176904,0.824629545742922
1663,0.880995984143478,1.02477391133914,0.988470583971897,0.756031509581012,0.516073110825008,0.824629545742922
1664,0.793654360934237,0.984653275035506,0.882496697112905,0.707068895806189,0.521425215941222,0.824629545742922
1665,0.847387622436503,1.05732396523046,0.942329119592499,0.79280070286547,0.572086389391447,0.824629545742922
1666,0.786139233445906,0.972676108881511,0.866344524038433,0.705400713531007,0.501613741274628,0.824629545742922
1667,0.693202672358178,0.843869754235809,0.765217075220277,0.596227448673037,0.422430139224354,0.824629545742922
1668,0.788713154320934,0.96288429862828,0.865051249151533,0.656079323013397,0.47076325504174,0.824629545742922
1669,0.743149593558789,0.965519272369978,0.833666180671276,0.650531537247906,0.464218663951807,0.824629545742922
1670,0.783381134618017,1.01120942253355,0.856490036987602,0.697472328927108,0.497428181272599,0.824629545742922
1671,0.698843515034887,0.934287115388834,0.769421242894501,0.616489869361257,0.428341757185726,0.837661772759107
1672,0.732863355284693,0.977965556182987,0.799422463190879,0.656716705803439,0.470389801899659,0.837661772759107
1673,0.863149087781831,1.08359749085962,0.950320153947977,0.739512238526751,0.535935466596433,0.837661772759107
1674,0.93706350235373,1.21778844001113,1.0265165063635,0.807929958750301,0.56869117322312,0.837661772759107
1675,0.707439961003803,0.88826459303121,0.762308471193948,0.629149059565442,0.447697019390674,0.837661772759107
1676,0.796451801839932,1.04812768168967,0.861279239978636,0.691560388858561,0.508185090945992,0.837661772759107
1677,0.822277816224141,1.0860394042917,0.896497261010804,0.757731375091995,0.532528293939985,0.837661772759107
1678,0.852412455295789,1.22293451214942,0.955487594770019,0.789878356278285,0.558516357497354,0.837661772759107
1679,0.67706982300641,0.984156202751238,0.716104586932908,0.657180208389005,0.47832509004155,0.837661772759107
1680,0.539198233316462,0.793329787656042,0.602262662430796,0.519239077211738,0.360153271484814,0.837661772759107
1681,0.522516462583196,0.753915499340721,0.570430386755072,0.467185405685136,0.327775306267022,0.837661772759107
1682,0.49273630191466,0.700099508342672,0.538700329047901,0.445718865690549,0.314240765265673,0.837661772759107
1683,0.629745443077717,0.919659047873289,0.693047890866822,0.57519108807451,0.399784069440168,0.837661772759107
1684,0.663971009530276,0.980221757162348,0.739329931309556,0.604084071323963,0.420415575042536,0.837661772759107
1685,0.709693863758896,1.00285400052232,0.760973159435962,0.646126509700253,0.451743155397786,0.854518206442735
1686,0.678776181024046,0.899929216453112,0.71845078423784,0.609369654358763,0.428953823457748,0.854518206442735
1687,0.719294660699209,0.999307388917344,0.793077366853834,0.65092874535896,0.462494281883357,0.854518206442735
1688,0.70071835788371,0.97628618381383,0.75090612120508,0.642169898659865,0.446274897300856,0.854518206442735
1689,0.892208002043683,1.12446618879899,0.936094070564597,0.819513583940828,0.576902474780724,0.860851109735553
1690,0.859750914778047,1.02438431187669,0.91028846357803,0.810877017894161,0.573231270034605,0.860851109735553
1691,0.809735680979786,1.04938716137283,0.90743996037651,0.773475506861539,0.542929284712276,0.860851109735553
1692,0.78606146761138,0.95064150635863,0.84379973253175,0.726571304031001,0.527559242534645,0.860851109735553
1693,0.830517586069704,0.986299575580501,0.884708655132075,0.795785172615762,0.563249459346902,0.860851109735553
1694,1.01937050231163,1.13743545033941,1.05937738084646,0.950018228450273,0.687393550648448,0.860851109735553
1695,0.839545311568693,0.984313782291645,0.917085172037983,0.772285276048016,0.562849617378293,0.860851109735553
1696,0.709634895584177,0.766011706834459,0.71249086763284,0.597434540275562,0.42232504295955,0.860851109735553
1697,0.720482859183249,0.780877085562213,0.739902811614806,0.658551670699331,0.458797717674668,0.87371521993184
1698,0.801464876154151,0.887031474184825,0.883922203403332,0.779195465882424,0.547292275267943,0.87371521993184
1699,0.789362630089496,0.823496425039553,0.819542083572813,0.70552207514529,0.499605684057756,0.87371521993184
1700,1.07811855143082,1.0976366397889,1.16212833323674,1.00664953345177,0.715532449445177,0.87371521993184
1701,1.04241122923413,1.05980123449266,1.12432472670528,0.977024462519654,0.694061145735766,0.87371521993184
1702,1.06588547456185,1.11809095815701,1.15986602837115,1.03809320359419,0.727235651443778,0.873432798093833
1703,1.05857030730877,1.08140239734623,1.14770930590218,1.08582515902251,0.766733314101797,0.880314251042958
1704,1.02805810426609,1.02755394144885,1.09012419615959,1.03286682515151,0.732792846820122,0.880314251042958
1705,0.964603636809675,1.03460280470528,1.08205979731386,0.996742476782858,0.709475221033726,0.880314251042958
1706,1.06069901235978,1.09260625060915,1.14669120022991,1.08136522171785,0.764990153130086,0.880314251042958
1707,1.07452692731266,1.04527457260677,1.1096850710179,1.0362187542465,0.742209491242623,0.880314251042958
1708,1.14751788416388,1.11720618200303,1.15091092532887,1.08448241010339,0.779703673970586,0.880314251042958
1709,1.18916045557416,1.11908993064011,1.1702590673858,1.07472296054506,0.755673229853863,0.880314251042958
1710,0.887424672983621,0.867906021938394,0.946721263325529,0.919378452106466,0.650464320306457,0.880314251042958
1711,0.953454678078474,0.937592391911044,0.964464244971511,0.954222527972484,0.679904465431197,0.880314251042958
1712,1.02387573707681,0.98715042238856,0.997280436941657,1.02371363396991,0.735025397694601,0.880314251042958
1713,1.01764184712288,0.985679873167213,1.04341102008561,0.988155361163966,0.708130419192894,0.880314251042958
1714,0.946782934052452,0.923748426034425,0.961945171450397,0.958277106260817,0.677014969440924,0.880314251042958
1715,1.02348809376954,0.972158772201495,1.03320973716213,1.0078957896106,0.724956692837404,0.880314251042958
1716,0.873448597503554,0.85601936077497,0.881412815456304,0.838332663251826,0.600331800815445,0.885135032771933
1717,0.945882596746165,0.951963829377593,0.970368713783955,0.894018407762713,0.65550806312461,0.885135032771933
1718,0.865993590761583,0.901622812628582,0.925781637846899,0.796962034537145,0.594250920694626,0.885135032771933
1719,0.807761146122658,0.834463597838065,0.859714195220484,0.746743665844532,0.545628855968783,0.885135032771933
1720,1.13004817047979,1.15835037291435,1.16998114549882,1.19380514566952,0.853890692763433,0.887688971301896
1721,1.19856860856288,1.17342282543085,1.194018984217,1.20777478375385,0.878602881089805,0.887688971301896
1722,1.02452780694587,1.01182911932051,1.01909823254456,1.01851584964176,0.735107337536786,0.887688971301896
1723,1.06847557177843,1.08737262891791,1.08091959682649,1.06469287554717,0.767228211897409,0.887688971301896
1724,1.03989021396361,1.06703997671971,1.08889375294132,1.06278174649356,0.759477125985429,0.887688971301896
1725,1.05467724143168,1.09585881224255,1.13545746438402,1.06875066156676,0.762812126099937,0.887688971301896
1726,1.00757624782181,1.01316337086337,1.03076504833652,0.966059421152511,0.688151842234147,0.887688971301896
1727,0.885538092779764,0.876916904804214,0.890549595984134,0.859256161986463,0.608465794229473,0.887688971301896
1728,0.853558060961237,0.879727631086568,0.894870507742157,0.845062995391381,0.604188113017596,0.887688971301896
1729,0.866398852300789,0.874744846302889,0.893744193245604,0.835446939071522,0.602879677988196,0.887688971301896
1730,0.939087636470412,0.939619935674193,0.946341694715205,0.940861258432658,0.674392936404712,0.887688971301896
1731,1.0083217907705,0.995573597667039,1.01499167882742,1.00189443865654,0.721135698393768,0.887688971301896
1732,0.961753427592354,0.974285338487824,0.985210486062781,0.992760663257994,0.701743605863657,0.887688971301896
1733,1.01739025205702,1.00910782403761,0.991875742280527,1.01893537508338,0.723695528767245,0.887688971301896
1734,1.01614016362797,1.01023109308681,0.991844981289472,0.980520890331893,0.711393311328301,0.887688971301896
1735,1.02023667072754,0.977242068654005,0.941354062625972,0.997937177842877,0.722704863772566,0.887688971301896
1736,1.08587487177393,1.04855448258277,1.03925090169408,1.09588064061464,0.788660803087257,0.887688971301896
1737,0.832801622135124,0.783258298663259,0.760923133165505,0.889347997334205,0.635209705332233,0.887688971301896
1738,1.14105424734437,1.01996253989526,1.05042915266532,1.14904567963217,0.838775592433486,0.887688971301896
1739,1.16808163903797,1.09858918005081,1.1551983020932,1.16586086196812,0.848895489780873,0.887688971301896
1740,1.21531944582067,1.15156242462151,1.21816186168466,1.19797808375115,0.888201093202049,0.887688971301896
1741,1.13441792850154,1.07463059085353,1.1504556823752,1.14414555536939,0.837388229634797,0.887688971301896
1742,1.16830028390596,1.11965361991415,1.17488617158134,1.13201753069316,0.839232335532124,0.887688971301896
1743,0.791036503683999,0.769317064050093,0.804476346589721,0.779920451108047,0.572795249711164,0.887688971301896
1744,0.809900276804825,0.778288207775749,0.823208067416619,0.820359725226996,0.589333560519454,0.887688971301896
1745,0.977753170126657,0.908771051689143,0.975239058986426,0.973110931699361,0.702872385201545,0.887688971301896
1746,1.02382924915251,0.949133785028145,1.0251696138296,1.03069964411738,0.74039666110775,0.887688971301896
1747,0.98786248463158,0.931221884078301,1.01252871198003,1.02059147493399,0.720375783344854,0.887688971301896
1748,1.17473710895795,1.05071458657826,1.16396769571168,1.11847775957392,0.817810690719411,0.887688971301896
1749,1.48020565829712,1.37583071040141,1.49432360766613,1.46513936696479,1.07419291199309,0.887688971301896
1750,1.24424184548876,1.13774862919128,1.20916438036569,1.21216027584241,0.890541312457068,0.887688971301896
1751,0.925318877485852,0.863383768477402,0.919745399456949,0.944807443999429,0.687447416891225,0.887688971301896
1752,0.955532672554331,0.901784308195852,0.937951197242768,0.940335451284667,0.704794320200054,0.887688971301896
1753,0.989119178508758,0.913471944174837,1.00611489626287,0.992375168707974,0.734989767553124,0.887688971301896
1754,1.00843844607325,0.939038188174433,1.008040024313,0.999444757032356,0.74031451736312,0.887688971301896
1755,1.00695638258743,0.92208356379358,1.00177344687813,0.953203011064834,0.715429840185784,0.887688971301896
1756,1.07015758923969,1.00729626615651,1.07061493217417,1.04728858474314,0.778899605059933,0.887688971301896
1757,1.08126973750365,1.02393991095141,1.08483700344202,1.05078801977411,0.794967053332605,0.887688971301896
1758,1.16349921783125,1.11792398340215,1.13550728160609,1.1285509769068,0.846834588901964,0.887688971301896
1759,1.07575316826402,1.03905479856121,1.06566454350078,1.03603335172825,0.763992018956033,0.887688971301896
1760,1.10330520379441,1.07943404142425,1.1091524240796,1.07163472609575,0.796924987497537,0.887688971301896
1761,1.13517143678609,1.06019929891197,1.11250907343146,1.0877916006363,0.813084507609645,0.887688971301896
1762,1.01120032659248,0.970365246369678,0.998405976065302,0.983899183519139,0.734080293789145,0.887688971301896
1763,0.930721845335856,0.965994843430402,0.955058041413157,0.908156315054731,0.688053157257922,0.890787952252963
1764,0.861293829772518,0.922718921358345,0.894590320224449,0.860138362402445,0.637450311230736,0.890787952252963
1765,1.00008581616076,1.00329922839362,1.00961133566608,0.957789718889302,0.725717620156832,0.890787952252963
1766,0.947258694305838,1.01087915758645,0.961248608123847,0.94828453218127,0.716800099725969,0.890787952252963
1767,0.828230972012694,0.902941832828389,0.851010615823705,0.859516601180259,0.642647739007848,0.890787952252963
1768,0.710975635244066,0.769674844272914,0.72182171470563,0.716868737972193,0.520789265141737,0.890787952252963
1769,0.925785009253777,1.06681799268577,0.962258414571063,0.924254696587236,0.683350191533343,0.890787952252963
1770,0.890386174480594,1.02212816132382,0.92157869800843,0.876288904921084,0.67583724333781,0.890787952252963
1771,0.9580931499336,1.0782418888967,0.972910675636862,0.916585159128467,0.688721813517107,0.890787952252963
1772,0.775083855454965,0.884692008436983,0.774334549367216,0.744237598170722,0.548089114040533,0.890787952252963
1773,0.836887956770902,0.964246831366161,0.842549395709069,0.803198652368766,0.580983980633033,0.890787952252963
1774,0.904639963598335,1.05571028134388,0.932470320770422,0.888233647819648,0.649794885272205,0.890787952252963
1775,0.866437199774725,1.00062566942007,0.893965096147372,0.831901030393377,0.60832391286836,0.890787952252963
1776,0.840447548316073,0.969269006206236,0.860782974113961,0.801554617085866,0.581229007157098,0.890787952252963
1777,0.731289884563044,0.834145207232456,0.749751414121606,0.704473702489744,0.503779139427282,0.890787952252963
1778,0.914001838384875,1.08370551473154,0.959606691698361,0.87470730485737,0.655128088026263,0.890787952252963
1779,0.745720476893255,0.917336959272489,0.799343158237939,0.739114946263422,0.539593854176068,0.895117374170947
1780,0.797411266581143,0.99403613061227,0.865129296734659,0.801308012980621,0.59497063310269,0.895117374170947
1781,0.993804252467684,1.18739323191526,1.05621635185298,0.995289350347663,0.732978787969915,0.895117374170947
1782,0.954180223903662,1.10828373282179,0.980852312325436,0.934797080884528,0.689830459393531,0.895117374170947
1783,0.883579572857429,0.997316800892112,0.873537585719641,0.887068691638045,0.660193285691893,0.895117374170947
1784,1.01498025324271,1.15269082909694,1.01173223233714,1.04631613151781,0.77286980693022,0.895345865582209
1785,0.837621448477056,0.914378955569641,0.838690633473569,0.841338481758687,0.615772588155301,0.895345865582209
1786,0.783743403767035,0.862810711070265,0.789034648071084,0.784981886857263,0.581304852282485,0.895345865582209
1787,0.784672365779324,0.852053655747005,0.796816586999534,0.783178054208705,0.582631310128797,0.895345865582209
1788,0.88318878267553,0.956419305225952,0.889725945133659,0.856179257314864,0.634838528183125,0.895345865582209
1789,0.838183358819887,0.907726852411022,0.850298153494997,0.828348619057007,0.616535865328906,0.895345865582209
1790,1.02284807237196,1.09928497249287,0.991545751377072,0.963339012277233,0.745786565305933,0.895345865582209
1791,0.983102487087603,1.03135826643989,0.983738464651658,0.96992676314375,0.726779418010286,0.895345865582209
1792,0.85522454150582,0.878166274362008,0.875462520490864,0.83745493202332,0.61903613337643,0.895345865582209
1793,0.821093517150487,0.818596674118432,0.815707040397779,0.838230918670446,0.596524226737956,0.895345865582209
1794,0.966645673148095,0.974281697779988,0.976275339812193,0.950460522328844,0.694317009500617,0.895345865582209
1795,0.959083786154927,0.947863203279918,0.966114092632821,0.885726498499963,0.646848926447893,0.895345865582209
1796,1.142043693377,1.14341205405373,1.14998771261218,1.10837145123709,0.81415520274468,0.895345865582209
1797,1.22869432090488,1.17852091181594,1.19756580855912,1.19521439294872,0.904596523516624,0.895345865582209
1798,1.17558441268234,1.11735071914837,1.17878612768022,1.13825173042296,0.855928991201012,0.895345865582209
1799,1.02404516777131,0.997156861164964,1.04091583211739,1.00609204162011,0.744499641057719,0.895345865582209
1800,1.16397884560843,1.13536429700338,1.146068949929,1.04918341119134,0.786240573636862,0.895345865582209
1801,0.911933817279806,0.864846796690989,0.898791497740162,0.887843453844199,0.647481948130956,0.895345865582209
1802,0.953295965643485,0.932763987878797,0.961045328437037,0.969933840725407,0.709912670981328,0.895345865582209
1803,1.06332904920095,1.01276197677547,1.05823339679608,1.06322475276087,0.78535868677649,0.895345865582209
1804,1.15205987892684,1.13400358498651,1.16959980289163,1.18798258007525,0.882892674823514,0.895345865582209
1805,1.01485950729541,0.967236484306318,1.03107874454795,1.04538564856702,0.777594270076431,0.895345865582209
1806,0.927648348109848,0.924516688743177,0.935072653324371,0.964735179233325,0.724242927180097,0.895345865582209
1807,0.848633443205908,0.86811094610184,0.872316803797361,0.891754810703226,0.6707778449046,0.895345865582209
1808,0.917175226118154,0.942696755820031,0.913998621031345,0.95168237795503,0.72385378063816,0.895345865582209
1809,1.12356036576949,1.14193442027041,1.1645637544906,1.12804813261771,0.855244697531841,0.895345865582209
1810,1.12418060891173,1.10773666331492,1.1432944409915,1.13956807608673,0.873504210419099,0.895345865582209
1811,0.977143691607999,0.953705061335787,0.964982397618301,1.01441778441327,0.764169583061629,0.895345865582209
1812,1.06838652766487,1.0266635186625,1.0769229891698,1.07290977142583,0.82076056016991,0.895345865582209
1813,0.870058518691984,0.829285316343059,0.845727640186458,0.884131571971498,0.655475897873803,0.895345865582209
1814,1.02708667710601,0.990088167615408,1.0186781705101,0.987061610079038,0.772338565365523,0.895345865582209
1815,1.13815626338161,1.0960655476998,1.12806610983847,1.15391337990382,0.877517506730363,0.895345865582209
1816,1.11522549673494,1.06083607853243,1.10597934088875,1.1037687606486,0.857796929930364,0.895345865582209
1817,1.05445179599966,1.03040439072084,1.06455287959327,1.07002752385565,0.827038020459302,0.895345865582209
1818,0.923837831547225,0.886079171521221,0.922864363618057,0.92110924159795,0.692098844766165,0.895345865582209
1819,0.834232667428084,0.845433428987468,0.879599373610542,0.786967232943564,0.622858495296927,0.895345865582209
1820,1.0328070405339,0.965281413566967,1.03236263137298,1.1229070797485,0.856353344129352,0.895345865582209
1821,1.05744378173649,0.998487532300571,1.05801780578555,1.11022778541547,0.85503590144464,0.895345865582209
1822,1.10663485593582,0.986133082153679,1.08203983773803,1.09965305675995,0.84202643635529,0.895345865582209
1823,1.05720437201238,0.945111838858261,1.05423808650348,1.06590968832411,0.800607718570138,0.895345865582209
1824,1.08738309846478,0.962083748412816,1.08887627619868,1.03902156618724,0.782955159292234,0.895345865582209
1825,1.03358055562819,0.985229089674981,1.03896629965255,1.05676463770634,0.806614109106468,0.895345865582209
1826,1.02514961646281,0.988242814291684,1.07003422397948,0.991167342833053,0.775851014690944,0.895345865582209
1827,0.91928030044211,0.829402279996899,0.925936617741604,0.895670839178586,0.697085016324235,0.895345865582209
1828,1.24449163666838,1.09791373095245,1.28321311922478,1.10502748480959,0.848527222954162,0.892572391544857
1829,1.23991792486125,1.07066732410396,1.25825416866009,1.20379728749742,0.91652773012478,0.892572391544857
1830,1.12337188573071,1.03010607957402,1.19969837214908,1.08943999324837,0.840431368750651,0.892572391544857
1831,1.19177162111424,1.08263406742404,1.24716203818082,1.12841882296855,0.880732887436701,0.892572391544857
1832,1.1897121163126,1.07449315337099,1.20385766000652,1.14092806592899,0.901942425427692,0.892572391544857
1833,1.12056346133076,0.987244640821707,1.13945055978072,1.10513280026022,0.842734925986801,0.892572391544857
1834,1.14768710685493,1.03505569696516,1.16507656196064,1.10014546271382,0.863684014032517,0.892572391544857
1835,1.02360035804432,0.997306720628017,1.09401824956376,1.02979202236345,0.767777873850891,0.893678238919617
1836,0.893655314028442,0.969434009737556,0.968024553797266,0.970363479369438,0.759445963697423,0.893678238919617
1837,1.11371893282099,1.05950982690789,1.10570169945226,1.07436000687223,0.838624188930947,0.893678238919617
1838,1.13873620444509,1.10519624724102,1.14624369932148,1.09326825003934,0.863587402533076,0.893678238919617
1839,0.829687404326692,0.835590675714063,0.847383086005418,0.780421829307816,0.593486055346936,0.893678238919617
1840,0.928385635828481,0.947094268891903,0.939040515455646,0.919543948836772,0.685733527589777,0.90265415131833
1841,0.839122033181305,0.907018558009012,0.877635081003671,0.840837033053175,0.623708728167023,0.90265415131833
1842,0.849960159838988,0.908156229900093,0.864511421876653,0.885189946214481,0.662065420429424,0.90265415131833
1843,0.904196679414682,1.0225102528766,0.923991471781257,0.926150134442057,0.68097461391673,0.90265415131833
1844,0.884503515724352,0.989885725739973,0.912449834590607,0.922487706574043,0.689669928381253,0.910436023414746
1845,0.829000330834161,1.00152522640117,0.878436204470152,0.867865457420973,0.627798135296052,0.910436023414746
1846,0.857396963918139,1.0305430347055,0.906911090249677,0.838957230125051,0.641606630914628,0.910436023414746
1847,0.751717290840977,0.937224097628039,0.787878775414242,0.791368739862944,0.589303358807198,0.909964128820482
1848,0.6651690144416,0.888012830298921,0.715901310636706,0.757612764548457,0.554801766754297,0.909964128820482
1849,0.82437631275387,1.06480700394178,0.847908187964367,0.880644843277307,0.645056947969556,0.909964128820482
1850,0.786850208685965,1.02835283836277,0.809533417472543,0.807257926263779,0.579338819057996,0.909964128820482
1851,0.793975073883466,1.02620542789918,0.812886129318921,0.816018555015575,0.604573738571236,0.909964128820482
1852,0.794125407545444,1.05914205227777,0.820919356267529,0.849669934423039,0.615426451544618,0.909964128820482
1853,0.633339238714821,0.857001226356565,0.647223140745626,0.674326157687526,0.481561629532578,0.909964128820482
1854,0.650441742454865,0.933715826839883,0.682341155513819,0.706724607430066,0.500526696250721,0.909964128820482
1855,0.724641740568939,1.04218655659505,0.746588870502445,0.756251151947123,0.55557600553813,0.909964128820482
1856,0.701588776063678,1.01993708293176,0.723849925649719,0.720736451156435,0.53320161546566,0.909964128820482
1857,0.656701821471932,0.967858398193487,0.661048680979095,0.66976009098491,0.481075718438079,0.909964128820482
1858,0.671019645724935,0.977059685858049,0.694918186804204,0.640125852527543,0.471627224484036,0.909964128820482
1859,0.608295210195185,0.901768149751728,0.654010123002844,0.627553276454419,0.450625615215497,0.910443526458865
1860,0.593669878159637,0.907727941277764,0.64540751209639,0.598374003118773,0.397851169436184,0.910443526458865
1861,0.55538788597417,0.827097447358752,0.603791270832055,0.531802277787075,0.390665468631993,0.910443526458865
1862,0.680286834200579,0.940121461606048,0.725689349683174,0.71266873344314,0.506060641244134,0.910443526458865
1863,0.835928119136163,1.11869582538106,0.824691593924718,0.802679916517387,0.607246161030682,0.910443526458865
1864,0.886762514726036,1.17784981019162,0.919469376731819,0.871310692523501,0.63283656301294,0.910443526458865
1865,0.864374896334694,1.18040420051081,0.892749460937328,0.937132904684088,0.647627213863747,0.910443526458865
1866,0.816715796860906,1.09970859743696,0.860305434435573,0.913400724698454,0.651582957283055,0.910443526458865
1867,0.684908055649055,0.916542928576795,0.713276674223149,0.780082820723871,0.563216369102142,0.910443526458865
1868,0.847533456078812,1.17285668954851,0.896657451203669,0.911661843120548,0.67082748512486,0.910443526458865
1869,0.765984835487486,1.07006197464199,0.813825551848319,0.886276734652489,0.642436677032488,0.910443526458865
1870,0.711362813571536,0.962145730192549,0.734770677384122,0.774925186110735,0.554956046972162,0.910443526458865
1871,0.610025539577606,0.822147892965175,0.63064558627074,0.624786841156577,0.429831050011837,0.910443526458865
1872,0.754358194869763,1.03547400874178,0.785301430366705,0.80288503059361,0.570997928345434,0.910443526458865
1873,0.701153071113859,0.938374059582367,0.726870461254081,0.764008471328382,0.543498336316108,0.910443526458865
1874,0.702606626276939,0.953174221579803,0.714589289625421,0.765762694687639,0.541874806657192,0.910443526458865
1875,0.536990027579264,0.723564965648673,0.55658376292923,0.616506789012402,0.44284055738976,0.910443526458865
1876,0.836034473309163,1.08047192336586,0.848301270176405,0.905027359749031,0.660367240465038,0.910443526458865
1877,0.695858328739336,0.896026395741464,0.73370921607021,0.770187369730623,0.570012209549186,0.910443526458865
1878,0.759502655476603,1.01261082902727,0.808821336873697,0.843202256506372,0.615481198670766,0.910443526458865
1879,0.691471085444054,0.939225331916855,0.711574333533275,0.772284815663577,0.566774680583762,0.910443526458865
1880,0.913976224854443,1.25808986137777,0.992315088823224,0.973492141016957,0.725796214892879,0.910443526458865
1881,0.860998084278086,1.14641418086362,0.921622374004674,0.917079591299934,0.681721305021071,0.910443526458865
1882,0.835602035618375,1.09852873516246,0.86142565768414,0.828017090512338,0.64302694587096,0.910443526458865
1883,0.804296139635268,1.03017499808537,0.810782301085883,0.881739894456507,0.661262171490653,0.910443526458865
1884,0.857432006819121,1.08454879783984,0.889015070280677,0.87003968074508,0.656897233332522,0.910443526458865
1885,0.721281706529468,0.910758235690809,0.749057686180235,0.722425678779821,0.523034498979118,0.910443526458865
1886,0.8993499463335,1.12994028517731,0.927059797053603,0.871978828701046,0.661157502778927,0.910443526458865
1887,0.910465343642802,1.16849750391015,0.963040389034781,0.951482109215689,0.6759320605033,0.910443526458865
1888,0.702556189346978,0.908162643675188,0.755526267951005,0.713554459451118,0.524442455451588,0.910443526458865
1889,0.700483200590094,0.864025679301649,0.729066045832054,0.693208180563855,0.509615492381826,0.910443526458865
1890,0.715543342141923,0.877181048847271,0.750447369756813,0.739511241280161,0.522987023394334,0.910443526458865
1891,0.725947789912484,0.867852062232166,0.733079671313833,0.799906852241338,0.591490991906109,0.910443526458865
1892,0.763464847634541,0.89983502282707,0.793577592896743,0.853765102619807,0.64398191075605,0.910443526458865
1893,0.667555584917047,0.742066384037541,0.683178825560701,0.723302844764924,0.558826736037392,0.910443526458865
1894,0.835042618742975,0.899987460216529,0.827737873035041,0.863223350404826,0.662491490343408,0.910443526458865
1895,0.873535932424196,0.927922208449654,0.881180205665856,0.938082986344253,0.723115090706274,0.910443526458865
1896,0.913748721420434,0.934286536489082,0.94730782397718,0.954557739737247,0.748276854251735,0.910443526458865
1897,0.716832242897824,0.712771693330655,0.761786060608002,0.737135445615453,0.555119419679773,0.910443526458865
1898,1.05053272425545,1.01979154734378,1.08323536288471,1.10420088520556,0.853890352645109,0.910443526458865
1899,1.0532674174744,1.00378686747674,1.14871138849432,1.12379274220385,0.883462643323595,0.910443526458865
1900,1.07917247163246,1.01559823376884,1.16280463280163,1.18852914578482,0.960433591035856,0.910443526458865
1901,1.13723066639269,1.01286563218982,1.22102330519945,1.21770655939663,0.97512213497122,0.910443526458865
1902,1.2138867997735,1.0824291049075,1.30950451831943,1.33050218925768,1.09222608616752,0.910443526458865
1903,1.80987008571865,1.42081818100062,1.87369787677199,1.70340478812415,1.54983425815895,0.910443526458865
1904,1.83776933034118,1.43822284189734,1.88777708743734,1.63322026912641,1.48671655135191,0.910443526458865
1905,1.37251566380854,1.08559053619234,1.43465874306582,1.32688880703283,1.13358189888508,0.910443526458865
1906,1.16846874393505,0.92290223322714,1.23850351058673,1.1283794425249,0.932059887026997,0.910443526458865
1907,1.24578185429273,0.979505141840546,1.30349902682653,1.19452529614334,0.968950831995962,0.910443526458865
1908,1.11985180557105,0.8758573151158,1.13187483207265,1.07184376076905,0.872632693877803,0.910443526458865
1909,0.990371485461472,0.794768327051629,1.02961250198059,1.00994902362283,0.799146385439984,0.910443526458865
1910,1.38078180657482,1.08175831208437,1.42810965593365,1.33939334006511,1.10842859686572,0.910443526458865
1911,1.23258959112245,0.983463446542348,1.27219263566154,1.19794245126079,0.968959636379615,0.910443526458865
1912,1.12194748774583,0.908767963590722,1.15327632219226,1.12677712633425,0.903516396249297,0.910443526458865
1913,1.05981079687607,0.842473303185457,1.0422256255301,1.09344320901182,0.865476357709237,0.910443526458865
1914,1.21898194266567,0.99738613570725,1.22322816675724,1.24568163841478,0.999609326038203,0.910443526458865
1915,1.24329654237817,1.0107251219583,1.22755092687244,1.25784904893815,1.00772118492298,0.910443526458865
1916,1.18907454853434,1.00824662647529,1.23915311551051,1.23363112374505,1.00282439633057,0.910443526458865
1917,1.08255788654086,0.939111613518982,1.14875143402701,1.18736851651117,0.947946541049434,0.910443526458865
1918,1.22011491763288,1.04757351632092,1.24602243792314,1.25543667478389,1.00397194117941,0.910443526458865
1919,1.10746079900025,0.957364319130449,1.15044241053056,1.18270715172565,0.957992093180703,0.910443526458865
1920,1.03319057621248,0.878859942617926,1.00424458342397,1.07603985412029,0.870521623323433,0.910443526458865
1921,1.08788266383007,0.933274017652144,1.08851738947981,1.1665885237741,0.943929714634639,0.910443526458865
1922,1.14623081151989,0.981407652500977,1.1676073980732,1.20109623148614,0.972887498853214,0.910443526458865
1923,1.16646842521665,0.992843872812627,1.19298107775482,1.1815941148033,0.961317597069127,0.910443526458865
1924,0.976942008585568,0.861605941204362,1.03342437400031,1.01326569119836,0.821656989117009,0.910443526458865
1925,1.21437906044199,1.04937603249509,1.2877302998035,1.21540114303951,0.955472823237018,0.910443526458865
1926,1.22430592068566,1.06646168167074,1.3193786845339,1.23378695707665,0.998700910944995,0.910443526458865
1927,1.05653737274594,0.927958231355131,1.12734301618989,1.11684826095211,0.889189917450492,0.910443526458865
1928,1.20869592002704,1.04933644023442,1.29921858341449,1.25474434774065,1.00024686158937,0.910443526458865
1929,1.3556030651249,1.17928989291346,1.45420720825005,1.34132943460559,1.10411917843294,0.910443526458865
1930,1.14536908195691,0.996376996152321,1.20993707959618,1.18464618673242,0.921486521320566,0.910443526458865
1931,1.34155741482221,1.18845229308878,1.49188434109091,1.38480708807109,1.11459937085753,0.910443526458865
1932,1.14719630507425,1.01036065599045,1.26077857418397,1.22985911062735,0.993396600101775,0.910443526458865
1933,1.28572282079324,1.15876907641529,1.40655925390306,1.36527336295347,1.09658167855351,0.910443526458865
1934,1.13736306716846,1.02883823172425,1.24825677584033,1.2160879930539,0.949979403907744,0.910443526458865
1935,1.03505453162112,0.990109531329186,1.14615559013545,1.13211929210568,0.890254270833156,0.910443526458865
1936,0.935658646781288,0.843911060863457,0.983460802523582,1.02544056431509,0.782123709459517,0.910443526458865
1937,0.824351163947441,0.738532552035671,0.842838140359523,0.882346333049911,0.671454472023146,0.910443526458865
1938,1.09857054766156,0.998129997901769,1.18661580162104,1.17642884148311,0.918741527436624,0.910443526458865
1939,1.07116652883059,0.991615037427844,1.11941324862612,1.08893572996448,0.862309332795123,0.910443526458865
1940,1.12114252046475,1.04872246433299,1.20168168608345,1.10244061713617,0.877528859050156,0.910443526458865
1941,1.11839915174632,1.04352531995922,1.16694258676091,1.1241670373623,0.881890622493684,0.910443526458865
1942,0.965034016725326,0.886136930537585,1.02139874406725,0.917963143614805,0.705671688974239,0.910443526458865
1943,1.00022117494034,0.88060085061465,1.04006605885278,0.954496971452762,0.746922563793533,0.910443526458865
1944,1.10060085067443,1.00833478800534,1.15822715213432,1.02436006313878,0.813889250737764,0.910443526458865
1945,0.898048978099028,0.827043154554737,0.845085229598045,0.897308628167498,0.684239713226673,0.910443526458865
1946,1.15369348054948,1.02082057938263,1.18257059144979,1.06894951560583,0.825957833165594,0.910443526458865
1947,1.04812677672618,0.954240212517664,1.11455444914239,0.964447861234785,0.751227888206695,0.910443526458865
1948,1.21046441301935,1.17279817759834,1.34473156956647,1.11123995452642,0.917787617972686,0.910443526458865
1949,1.09859615278052,0.971093067719132,1.15743655582072,1.0030742472931,0.812812561854704,0.910443526458865
1950,1.18593979544448,1.06585123366452,1.25650753547409,1.09935747252673,0.879434888539143,0.910443526458865
1951,1.25028297781538,1.16161751809373,1.33585396581736,1.12152428563766,0.900232162035963,0.910443526458865
1952,0.973547972871134,0.872569424440023,1.02924240601956,0.852133549866723,0.672964065766012,0.910443526458865
1953,1.21033511196626,1.07594588377633,1.28889174540483,1.15734569230393,0.925144861247659,0.910443526458865
1954,1.13475182474655,1.07636654536703,1.20421980969218,1.03091110663039,0.854219547561336,0.910443526458865
1955,0.891559281399477,0.824079451208998,0.955024260766009,0.768602260296051,0.577364453786006,0.910443526458865
1956,1.20984126411365,1.11570815432987,1.28428242367524,1.01820770867883,0.792030313714125,0.910443526458865
1957,1.09068262437121,0.990867689900984,1.15645853943041,1.04872354242448,0.819984387820998,0.910443526458865
1958,0.980086363160602,0.892167221930529,1.0403563055536,0.978137664130375,0.741880093465513,0.910443526458865
1959,1.03388617700763,0.940390159171611,1.10037331790442,0.881596423651421,0.684624897200911,0.910443526458865
1960,0.935684158760853,0.822907689532922,1.01087198368121,0.928702347963356,0.725706596441442,0.910443526458865
1961,1.2206643318626,1.08441665617193,1.31741290968106,1.10171556696858,0.891089540170898,0.910443526458865
1962,0.859694315235775,0.748136065036786,0.959863155745865,0.823086166161085,0.637707028940762,0.910443526458865
1963,1.26923652788223,1.0989865023486,1.38274273069508,1.16793864434961,0.949788192030165,0.910443526458865
1964,1.49646384636233,1.27366318137746,1.66008964663392,1.27121873256514,1.09539871597301,0.910443526458865
1965,1.28173841057983,1.1044037127383,1.40410825527444,1.18435911781212,0.972300300833964,0.910443526458865
1966,1.15960825955579,0.978174952985097,1.25180017559439,1.07262066164111,0.866349623799249,0.910443526458865
1967,1.13234148945265,0.9644915612413,1.25472904019918,1.05272636762955,0.840127549398874,0.910443526458865
1968,1.20040942213284,0.9897852060536,1.34117249556183,1.10613840797448,0.904950658739985,0.910443526458865
1969,1.30044687961659,1.07796513734386,1.40033343441754,1.19322893603159,0.977966057276857,0.910443526458865
1970,0.896656141152952,0.701460833960203,0.993515052253678,0.823257929965487,0.654764279702739,0.910443526458865
1971,1.38877738642089,1.15124526451778,1.59417002913079,1.32317866225063,1.08247315358487,0.910443526458865
1972,1.12752419488824,0.914547790867585,1.29113211396785,1.07921179110257,0.840474961029786,0.910443526458865
1973,1.19630243075589,0.940370695226408,1.32416786145932,1.09500770504762,0.80564121633014,0.910443526458865
1974,1.44214812594101,1.13638026806783,1.61731497309499,1.2049078389458,0.92385751678661,0.910443526458865
