"year","ModNegExp","samp.depth","Spline","AgeDepSpline","RCS","SFRCS","EPS"
1,0.483346002936257,1,0.834204596323405,0.651393265468214,0.353242806950907,0.165565145652319,NA
2,0.344247935392437,1,0.552279414405985,0.459146135486593,0.255789167716307,0.122139154021352,NA
3,0.282668718844158,1,0.42361816696022,0.373140062965292,0.199741076382467,0.085291659460614,NA
4,0.961382132772917,1,1.3531078667096,1.25611855962113,0.676587484980128,0.310387640620576,NA
5,0.442883623092401,1,0.589157495692294,0.572792650369468,0.295644522657281,0.134876403646762,NA
6,0.77785292506425,1,0.984937824933356,0.995905793094841,0.537280701754386,0.197000271513488,NA
7,0.780677707183795,1,0.948533156604616,0.989581652342542,0.574330924008595,0.22959633540126,NA
8,1.72694394397489,1,2.03193389135717,2.16754833261807,1.15528614726333,0.515495873379329,NA
9,1.44437615433913,1,1.66239197010553,1.79530190114516,1.00194823267465,0.415412346900523,NA
10,1.57852603370947,1,1.79441409325831,1.94327666311698,1.00848983792128,0.51089643915855,NA
11,1.37415922883984,1,1.55544604393186,1.67574030796952,0.884111987518419,0.42862726906076,NA
12,0.567914889568472,1,0.643568875497509,0.686122591052919,0.37567084078712,0.190551016270315,NA
13,0.472296725209273,1,0.53683629918023,0.565385089609717,0.305423907319642,0.14860968210371,NA
14,0.0490393376221474,1,0.0558398187202652,0.0581763586114319,0.0329338578355137,0.0147795412393763,NA
15,0.426587183267605,1,0.48493972591837,0.501582908693266,0.284334275038731,0.128717622763102,NA
16,0.345835526882453,1,0.390889569676152,0.403084869868734,0.22915340547422,0.11897942405006,NA
17,0.776906575112879,1,0.869999421534489,0.897728212505265,0.526807397720904,0.25569635986289,NA
18,0.779819750655311,1,0.863464664223318,0.893459317685119,0.555993690851735,0.274777799221183,NA
19,1.46557927682405,1,1.6044631486168,1.66512792901715,1.03549715630516,0.540992114015607,NA
20,1.20363353845615,1,1.30519644627654,1.35625549563064,0.855954032098276,0.425988622223228,NA
21,1.59413623408454,1,1.71714413783202,1.78168436407631,1.15606936416185,0.549636292327587,NA
22,1.65071798775837,1,1.77169968906301,1.83013665679573,1.22181818181818,0.563272407792572,NA
23,0.169081759391399,1,0.181194326243784,0.185976484305135,0.131449227735787,0.061408492900303,NA
24,0.678909215449536,1,0.72648911371445,0.740913057353652,0.53440213760855,0.259800440922014,NA
25,0.340754579160991,1,0.363741938268077,0.369006159030536,0.239712345185777,0.119725398555996,NA
26,0.667023873120225,1,0.709367959700017,0.716820524119297,0.499413082915377,0.235887421771872,NA
27,0.892791996516923,1,0.945403639579467,0.952217451811277,0.642967542503864,0.301727069412517,NA
28,1.30989310039329,1,1.38219832235606,1.38668321996061,0.933469805527124,0.433128457784686,NA
29,1.22846024928139,1,1.29445050260043,1.29091059868925,1.03611820503466,0.448736547525644,NA
30,1.68484598107317,1,1.7780751862034,1.75762640973599,1.30889463623074,0.582854058633642,NA
31,0.94161462828904,1,0.99826369571811,0.975232786012709,0.695951025668564,0.319063518811102,NA
32,0.647705246815809,1,0.691223263883345,0.666068142962906,0.525133057362507,0.219244593113872,NA
33,1.24777310480449,1,1.34160264646623,1.27415021122274,0.93554408696607,0.47493723793176,NA
34,0.388156530506557,1,0.42045506317187,0.393616840295482,0.282262375708329,0.148436638678647,NA
35,0.921085418931301,1,1.00398184492355,0.927656122571598,0.661717921527041,0.353718693282144,NA
36,0.497934689461876,1,0.54522128077912,0.498102974937344,0.356196332025867,0.177245148994122,NA
37,0.553476662813677,1,0.607641776835462,0.549978752790072,0.430655244269507,0.196789141812811,NA
38,1.41609861627739,1,1.55664050739828,1.39791630576137,1.045203969129,0.543209397482343,NA
39,0.953842398574445,1,1.04943892017726,0.935508511969512,0.724951555910179,0.355213254546685,NA
40,1.13836425022915,1,1.25363829859942,1.10937771420785,0.917141817299527,0.426849494736456,NA
41,1.10666485894141,1,1.22008362803895,1.07173231777825,0.903257650542942,0.419119605027109,NA
42,0.327876323173252,1,0.36183096544974,0.315572120834148,0.26578073089701,0.127134857149111,NA
43,1.17050834498825,1,1.29219132790383,1.11977107379354,0.923965351299326,0.461415512131361,NA
44,1.13854181002345,1,1.25681190750913,1.08272744636165,0.885925220290545,0.444453726536474,NA
45,1.05099514695001,1,1.15950577332068,0.993658337835111,0.889466840052015,0.40426127499164,NA
46,1.72180202572954,1,1.89648888741809,1.6185945623604,1.40518761017376,0.648035583252585,NA
47,0.557701515911209,1,0.61195360750246,0.521349505809065,0.47424581741536,0.212383075163308,NA
48,0.522666714423071,1,0.56884548011292,0.485936514678567,0.406484393902734,0.18533854550781,NA
49,0.393621063294429,1,0.42231387997969,0.364013339760109,0.333201110670369,0.151249145169232,NA
50,0.376432646680822,1,0.395398149993738,0.346312905035017,0.318682777851547,0.152110181131004,NA
51,1.13399948703232,1,1.15864431519598,1.03799723667569,0.911738634924655,0.442824853152587,NA
52,0.797115654383967,1,0.788244587355048,0.726051556367955,0.691956250865291,0.333137053562518,NA
53,0.743281390205557,1,0.708799203469211,0.67378953313709,0.61789375582479,0.286915509007494,NA
54,1.37798333263945,1,1.26465445089969,1.24337785594377,1.15425030311195,0.564996397656073,NA
55,0.672680111059979,1,0.594003639381925,0.604255087619088,0.578151027207107,0.289536424624053,NA
56,0.926439709693338,1,0.788078867584978,0.828603754620485,0.848736998514116,0.392136752893814,NA
57,0.930376857054825,1,0.764637875780809,0.828653641440036,0.798881118881119,0.395107591216082,NA
58,2.16067169149012,1,1.724114549052,1.91670209329102,1.91991279069767,0.952477739834565,NA
59,1.91578370478622,1,1.49447857095025,1.69290301618603,1.65550101068438,0.837071172693054,NA
60,1.23686428547261,1,0.950646228273145,1.08892059702144,1.14420987271034,0.584492025777622,NA
61,1.81399875067071,1,1.38473411725093,1.59136252747248,1.57621906574901,0.831267002365144,NA
62,2.2178973515266,1,1.6953487882331,1.93910594132769,2.05327483547477,1.03445206600026,NA
63,1.17342774818337,1,0.905261706111895,1.02262131374813,1.07506618906712,0.561252719179003,NA
64,1.69789528496318,1,1.330851116894,1.47515825660926,1.69970945137583,0.851829296823751,NA
65,0.16050049022062,1,0.128502250509505,0.13904150335482,0.144377602961592,0.0768003917510665,NA
66,2.29716635270217,1,1.88578809690575,1.98459695300364,2.27068437180797,1.11167609722575,NA
67,0.465504114281453,1,0.392961941815098,0.401131496621319,0.462450592885376,0.222943540004737,NA
68,1.56531387452157,1,1.36042022964875,1.34561166161907,1.55488436313428,0.700251185674571,NA
69,0.67382428059842,1,0.602709763326381,0.577952022965623,0.660225718194254,0.313686536741192,NA
70,0.861412273587435,1,0.791185111009059,0.737317881025536,0.829787234042553,0.408527814461718,NA
71,0.370826205891642,1,0.348369795446633,0.3167994394672,0.374266927314733,0.176580990950079,NA
72,1.13816154149424,1,1.08811485566591,0.970643511622501,1.10533610533611,0.551726246569092,NA
73,0.457313917387734,1,0.442559820944442,0.389388889252859,0.420126203918964,0.209717273840642,NA
74,1.16933126079215,1,1.13949899082031,0.994239930409141,1.11708586296618,0.493286447539324,NA
75,1.00682942994835,1,0.983682262387802,0.854997820172704,0.892950391644909,0.455979188689336,NA
76,0.969270563055695,1,0.946205357556796,0.822205267521038,0.890020366598778,0.435501795239256,NA
77,1.56638637498603,1,1.52418123354787,1.32748790055436,1.40249376558603,0.628626680488374,NA
78,1.27586855347399,1,1.2356786353454,1.08044828288743,1.13853904282116,0.570938025699599,NA
79,2.02942673862406,1,1.95386792937168,1.71754178295946,1.96324067300658,0.932298166492613,NA
80,0.257533515602346,1,0.24603656569125,0.217857549560125,0.245385450597177,0.12027279999363,NA
81,1.09959596323375,1,1.038910473896,0.929919723136488,1.0299314821493,0.519152220585528,NA
82,0.866445360887584,1,0.806156618616276,0.732647320644072,0.805953893628608,0.403634452350095,NA
83,0.674635137233192,1,0.615173532114525,0.570468444023162,0.65730659025788,0.314292601290064,NA
84,1.66170850001079,1,1.47777652609597,1.40537816921162,1.48286166285815,0.704776600128549,NA
85,0.834769960292944,1,0.720742864550895,0.706231406206496,0.751335945849661,0.385895649495118,NA
86,0.110357851386712,1,0.0920922260944948,0.0934094427701098,0.0991071428571429,0.0502577999143163,NA
87,1.53017273359393,1,1.2293181282328,1.29598535966345,1.5020779734811,0.742065695303984,NA
88,1.02498031979452,1,0.790984260717397,0.868782904068436,0.999012833168806,0.463109102617419,NA
89,1.63438792396438,1,1.21068327267828,1.38659687160994,1.69046101550882,0.821006295373404,NA
90,1.50726638062266,1,1.07255459428667,1.28010864205762,1.46388832692697,0.701953722613948,NA
91,1.69538293494075,1,1.16102135482288,1.44161050477494,1.65566329688467,0.724321782282009,NA
92,1.15293744052396,2,0.939899530991437,1.00037375644721,0.807269980030141,0.365918429932179,0.319088014479037
93,1.22583685077854,2,0.967247571252975,1.06754592791005,0.818715449366326,0.405182992102938,0.319088014479037
94,0.946699621077226,2,0.690449263823618,0.822732931515845,0.709622936366047,0.326681778169238,0.319088014479037
95,1.31694926592984,2,0.919667700365098,1.14574069108846,0.94487873233051,0.446024512897565,0.319088014479037
96,1.94595871847309,2,1.39127392895057,1.70918198936218,1.36554622930617,0.679080937334624,0.319088014479037
97,1.92414426879702,2,1.34915335180656,1.69578928385515,1.42140915070482,0.70652281738998,0.319088014479037
98,1.67197642920105,2,1.14016531813127,1.47504217768819,1.34235082259149,0.674128702110009,0.319088014479037
99,2.03709180852271,2,1.45227163763056,1.82207373668621,1.4913743929287,0.709968248048756,0.319088014479037
100,1.12263766048382,2,0.797782168846582,1.0088082817122,0.844162274870504,0.389399818962018,0.319088014479037
101,1.01401140799515,2,0.723064489093947,0.916361251290585,0.750889973642605,0.382268449006997,0.319088014479037
102,0.904462551215873,2,0.648353156005782,0.822190301602692,0.653537319780622,0.327746633835213,0.319088014479037
103,1.11120948534703,2,0.815670606173704,1.02268407495038,0.742630946490422,0.377432314134509,0.319088014479037
104,1.65234024404798,2,1.17562574230674,1.50642294133903,1.18176338272925,0.611763183506574,0.319088014479037
105,1.98756597038615,2,1.46815284050942,1.84677833217088,1.29023589400711,0.638963309285943,0.319088014479037
106,1.50430472904321,2,1.08901697164667,1.37868575523864,1.09212706779593,0.608623226439915,0.319088014479037
107,0.915350475311719,2,0.688750301943059,0.859065939299566,0.624589941092278,0.324733015192576,0.319088014479037
108,1.24238656776349,2,0.951251814304737,1.17964259301713,0.811744485530905,0.410700726445731,0.319088014479037
109,0.418920860522498,2,0.327753677902474,0.406985842114409,0.258198804682452,0.130072897969287,0.319088014479037
110,1.2369851918546,2,0.963120930741283,1.17294011041756,0.942630570978198,0.475293052464896,0.319088014479037
111,0.95868557203591,2,0.761798037363297,0.934737136393793,0.594327599365576,0.305108285903589,0.319088014479037
112,1.30896943631447,2,1.05604216021983,1.29149797773469,0.865063432810963,0.382270297515179,0.319088014479037
113,1.85282725096961,2,1.5349526552205,1.87373625557215,1.08317500179379,0.52744215048787,0.319088014479037
114,2.03734594215648,2,1.72590133282685,2.05217802434754,1.29958410800484,0.648138959986562,0.319088014479037
115,1.49417721846023,2,1.33324801228191,1.53596800400703,0.880669182057937,0.453328895668272,0.319088014479037
116,1.00599871797417,2,0.85993324420427,0.973812563333424,0.764574295078271,0.428384823387235,0.319088014479037
117,0.630997043251565,2,0.58283866726441,0.628039766772237,0.434921722478856,0.236389321895629,0.319088014479037
118,1.10921324144813,2,0.918390773164092,1.04589529489034,0.966817390984802,0.524160914624933,0.319088014479037
119,1.20618902070201,2,1.00839622938983,1.13982510930319,1.03127569660202,0.579897136801024,0.319088014479037
120,1.02705154280912,2,0.883897266350438,0.976234320415712,0.944560806008188,0.51032940438931,0.319088014479037
121,0.799749477566416,2,0.672577964133266,0.756463996994213,0.689782671767465,0.385270868717893,0.319088014479037
122,1.32616740022802,2,1.13812016328941,1.25898345352249,1.1596992168966,0.652667932932079,0.319088014479037
123,0.224698670284221,2,0.297861594298866,0.228136800707291,0.160802389252586,0.0809740455687267,0.319088014479037
124,1.10533489405656,2,1.10624126668676,1.07127419165327,0.935218151922568,0.484518359841743,0.319088014479037
125,0.384388787674135,2,0.587327703055065,0.395337622036564,0.258883167094883,0.136037260267547,0.319088014479037
126,0.767323936792472,2,0.940229353763085,0.763083535804492,0.583798377822456,0.328794313282547,0.319088014479037
127,0.893877056339104,2,1.06115870009469,0.886669237596334,0.690266739018643,0.36693822397224,0.319088014479037
128,0.916537471231951,2,1.15643615145194,0.918368238218993,0.658099978706159,0.367403904272783,0.319088014479037
129,0.901563351727486,2,1.05543398111633,0.898097565318611,0.672723458645149,0.38518784942597,0.319088014479037
130,1.21567675575898,2,1.38762250439947,1.21195031369709,0.8301235876467,0.497440997008254,0.319088014479037
131,0.124015125866534,2,0.250989234401714,0.137120083404286,0.0582312264952081,0.0271015552213623,0.319088014479037
132,0.894322904892187,2,1.09986375693166,0.910016466246524,0.615389782880227,0.363658280906382,0.319088014479037
133,0.842328993067887,2,1.02595226733052,0.861375221823862,0.602171007622015,0.350021904137669,0.319088014479037
134,0.527750954562038,2,0.644368350686871,0.544060816901107,0.343625884035065,0.209050787983629,0.319088014479037
135,0.347098652762513,2,0.462233513043966,0.369252749134213,0.200021152896892,0.109930428525524,0.319088014479037
136,1.17233555922686,2,1.29281534919589,1.19806315497149,0.867673399474839,0.490580859836862,0.319088014479037
137,0.325704423459747,2,0.411273209378191,0.353396347879926,0.168224008602806,0.0801034325168604,0.319088014479037
138,1.15579873252391,2,1.28031450829989,1.20510199705258,0.791940490773031,0.418626732972801,0.319088014479037
139,1.21397519960244,2,1.3258707606195,1.27491453998154,0.727181887026156,0.401356197764248,0.319088014479037
140,1.13435174674991,2,1.21372213154227,1.18314711162683,0.774011185555555,0.445183852077535,0.319088014479037
141,1.08580503836275,2,1.1496520548361,1.13980021694549,0.708927717644785,0.408207114170135,0.319088014479037
142,1.37346251028537,2,1.41109915227422,1.45889989378378,0.770953487971082,0.418491301579101,0.319088014479037
143,1.13070642605183,2,1.1859775914963,1.19051153712769,0.770414877395564,0.344052533283663,0.319088014479037
144,1.31612037629567,2,1.35846538112885,1.39050245321078,0.778250949308867,0.399511986981555,0.319088014479037
145,0.441141891582617,2,0.456670725404815,0.465787044471712,0.263276644723668,0.138059900206057,0.319088014479037
146,1.5562259047166,2,1.7711942533602,1.63476212032652,1.08047553459046,0.621250629441142,0.319088014479037
147,0.583925658936454,2,0.648188122440347,0.614652503443142,0.376363735901179,0.199433565092474,0.319088014479037
148,1.33154348435208,2,1.51640875689247,1.40147864622305,0.86146824039644,0.462241064075515,0.319088014479037
149,0.527143685258119,2,0.600275427207835,0.554245087159746,0.328352321666275,0.182154785157315,0.319088014479037
150,0.226881054848761,2,0.237413625878918,0.237043349479322,0.127919120186583,0.0661336006389545,0.319088014479037
151,0.482860178909323,2,0.584215206049663,0.507665406896447,0.315178916236761,0.170535777495831,0.319088014479037
152,0.679270154262165,2,0.836085832234,0.713850094433578,0.425938618770861,0.248515027534128,0.319088014479037
153,1.07305707255407,2,1.33000453724251,1.12633053768242,0.719324469691619,0.397680919056673,0.319088014479037
154,0.544601383912583,2,0.542529803964592,0.559208306295871,0.305378135582254,0.160430517573638,0.319088014479037
155,1.11621714513466,2,1.41313157068463,1.16987392433523,0.795179122649768,0.443203887252071,0.319088014479037
156,1.20178727229428,2,1.62047927824852,1.26673424447471,0.8233685781088,0.485634702186157,0.319088014479037
157,0.811697191674564,2,1.06226267294286,0.850872775958296,0.529819869673184,0.289619668966872,0.319088014479037
158,0.719443846203394,2,0.720889507158736,0.729584174275417,0.438490124131067,0.21519618065193,0.319088014479037
159,0.9878075063992,2,1.22860708281956,1.02468079984451,0.627128864255856,0.308014465935144,0.319088014479037
160,0.622802342587151,2,0.70866064015495,0.637468363689232,0.385652563233844,0.195638541399103,0.319088014479037
161,0.978710962592036,2,1.46327195582604,1.04021069592153,0.649990052500691,0.369161333827588,0.319088014479037
162,0.288526791676075,2,0.305403548803918,0.291668158009784,0.180291133785363,0.0885085896429207,0.319088014479037
163,0.852672486682448,2,1.29672855426477,0.908656286494992,0.573340475724131,0.327425051106751,0.319088014479037
164,0.702061708800795,2,0.888345989396611,0.726639275495875,0.420914392877269,0.230746845229072,0.319088014479037
165,0.377522932092509,2,0.350092774307679,0.375091446780415,0.222757808996388,0.100094228908429,0.319088014479037
166,0.931906609921716,2,1.02556177560749,0.946951173637939,0.544761076087347,0.280284675145608,0.319088014479037
167,0.74781272699467,2,1.01214899087392,0.785526667589414,0.468459899383951,0.2499905154835,0.319088014479037
168,0.748845053692677,2,0.821844225852628,0.762918984452922,0.428675283062679,0.216190010616448,0.319088014479037
169,0.330947770664045,2,0.277644022743661,0.326122887446179,0.183266668000926,0.0928292113604481,0.319088014479037
170,1.60535035368392,2,2.0314208171839,1.67840203830074,0.987547716970162,0.54662901351847,0.319088014479037
171,1.7311738095746,2,1.893030590524,1.77069546103332,1.07658188370642,0.55926128190963,0.319088014479037
172,0.864681442625426,2,0.740721657300074,0.855664879895992,0.508412833265399,0.265516147169212,0.319088014479037
173,0.876307448012987,2,1.05182298143125,0.910383678760769,0.545506557451443,0.293880947937316,0.319088014479037
174,0.826014465338996,2,0.968924881487108,0.854676806127881,0.515707926957918,0.282606547891562,0.319088014479037
175,0.680432718976876,2,0.630739111749633,0.679034879031728,0.389545299555116,0.195311812666952,0.319088014479037
176,1.08663533641553,2,1.24444001427071,1.11836398698414,0.648930024485365,0.363589814035694,0.319088014479037
177,1.38850788657467,2,1.23872396502156,1.37439561814219,0.790727430755086,0.415901774157112,0.319088014479037
178,0.992648288568268,2,0.805788387502852,0.968069059354666,0.606733962074927,0.30678278911703,0.319088014479037
179,0.997739838579316,2,0.850109915383684,0.976419976964806,0.606992184159806,0.293389149095759,0.319088014479037
180,0.830481882281063,2,0.965927129424101,0.852976708852257,0.549021157714799,0.289235179460346,0.319088014479037
181,0.995529783160323,2,1.04656747315579,1.00127070026259,0.606226260982128,0.313298827531228,0.319088014479037
182,0.856960384419889,2,1.00887472710205,0.879172634676843,0.53374095842721,0.260348430068926,0.319088014479037
183,0.880990984095968,2,1.0678540546167,0.907546194333504,0.543914183652028,0.272410021594138,0.319088014479037
184,0.792014750241012,2,0.984401975862346,0.81860323948546,0.456313266296124,0.246509513870571,0.319088014479037
185,0.762487664215472,2,1.01955557282011,0.801732866048336,0.450427526548691,0.245552278573893,0.319088014479037
186,0.594806763460088,2,0.812410674432277,0.627776301833678,0.33580400907952,0.182560446855751,0.319088014479037
187,0.638939628265308,2,0.907226831908769,0.68127850256816,0.394298210710273,0.227684679095652,0.319088014479037
188,1.10804111708194,3,1.50511430744887,1.23747941662835,0.738210754393759,0.539021857719088,0.569582363340391
189,0.452706554552733,3,0.5001814036354,0.449185685590225,0.461060595151216,0.232471188456779,0.569582363340391
190,0.670808127677021,4,0.827423893116257,0.773509837573969,0.562399868789245,0.261589764227251,0.697784536657729
191,0.790057699792138,4,0.924218542063982,0.877441181253603,0.636942087530392,0.294712038563604,0.697784536657729
192,1.05491813888355,4,1.10365761207918,1.18512116741084,0.873271053808256,0.4208641146519,0.697784536657729
193,1.15098509885827,4,1.39738104427034,1.23463598494006,0.745457236437705,0.398424101321757,0.697784536657729
194,0.768246563082143,4,0.785987640888712,0.750683363724619,0.510483889215972,0.238777263806398,0.697784536657729
195,0.883263069638338,4,1.02056186198974,0.915313745246598,0.496395360376111,0.214614149536108,0.697784536657729
196,0.801058739328306,4,0.939671466522931,0.798457402200372,0.460324777241159,0.183290956915025,0.697784536657729
197,1.03875128158731,5,1.19244536197659,1.22682354269313,0.620022652121814,0.311881590027995,0.773635090095933
198,0.814993971487987,5,0.92453279182104,0.753808254576018,0.331158605319547,0.285772889321417,0.773635090095933
199,0.784269632295651,5,0.895172251790598,0.833908664098371,0.376780095219523,0.242054826956135,0.773635090095933
200,0.573589269635399,5,0.637568839706438,0.574990263335244,0.256685753527089,0.129911472294397,0.773635090095933
201,0.330464312712012,5,0.350291032743085,0.329518639676419,0.245321283483286,0.113905939106238,0.773635090095933
202,0.635296754296235,5,0.663913841318149,0.622537478589196,0.208359638232836,0.126903614894325,0.773635090095933
203,1.32793963556542,5,1.41063729687717,1.34177246200727,0.669337260133687,0.380073913837425,0.773635090095933
204,1.33722114949573,5,1.46260566365443,1.33744141300605,0.538690351665668,0.282854479451307,0.773635090095933
205,0.950970809874903,5,0.94698487358104,0.890031894165337,0.497880178399613,0.216528000895132,0.773635090095933
206,1.45678685731589,5,1.62310696925094,1.1411812837347,0.61302772816755,0.42566645832823,0.773635090095933
207,0.586273240116063,6,0.621312830528145,0.49943221688244,0.323170208022094,0.193128711213763,0.831517059267212
208,1.03897597865619,6,1.04541357869918,1.0657291954428,0.611156219132303,0.341534990934373,0.831517059267212
209,1.03294220759798,6,1.0602719512832,1.03773376466227,0.565145367726702,0.312429793520146,0.831517059267212
210,0.740843681832029,6,0.752529593644706,0.728086806919655,0.388676784385544,0.20788909302472,0.831517059267212
211,0.809661504445362,6,0.758163717293704,0.76534851853387,0.479513830880998,0.237103469201407,0.831517059267212
212,1.35937677041904,6,1.39044899490786,1.37721414181484,0.788041428821193,0.404134496091996,0.831517059267212
213,1.27833934624739,6,1.33758633165692,1.26743001024959,0.698948491842834,0.367184954261723,0.831517059267212
214,0.933833401101846,6,0.919261944941717,0.904013048657686,0.506353750607826,0.262263946990787,0.831517059267212
215,0.823867150004567,6,0.827968256235019,0.818335560571687,0.421420202788556,0.201673969194107,0.831517059267212
216,1.09896188846616,6,1.10272292193127,1.02534065262456,0.582616153792933,0.256538485103333,0.831517059267212
217,0.672013652048356,6,0.634129176662724,0.636976641227203,0.349241346090169,0.171709286646091,0.831517059267212
218,0.865177197671903,6,0.850684788718958,0.806249763507237,0.456635698685625,0.189441143686607,0.831517059267212
219,0.848274193257272,6,0.826341980968895,0.813672890548591,0.464935005659528,0.221394230309358,0.831517059267212
220,1.07449675214665,6,1.04259982662659,1.04820761533767,0.549602876381539,0.281348569587351,0.831517059267212
221,1.16309878640522,6,1.18951196833074,1.14373708661981,0.545871069269987,0.263681871548851,0.831517059267212
222,1.0425846927044,6,0.928170379309132,1.00607618596841,0.477779175933166,0.249310024695034,0.831517059267212
223,0.963458162991191,6,0.981466600630738,0.954628760160422,0.469343085651861,0.240198916206023,0.831517059267212
224,0.989806376111153,6,0.931923204676296,0.942345879600998,0.473789678178278,0.246091489592626,0.831517059267212
225,0.679638180928782,6,0.589906942119822,0.647631935232391,0.315893099687031,0.162230872063133,0.831517059267212
226,1.03539311150474,6,1.05040032048899,1.00488372404629,0.538216036590563,0.240586451779738,0.831517059267212
227,0.998306284922702,6,1.02343880450211,1.01579241743171,0.501146662304346,0.257858157458668,0.831517059267212
228,1.30391470180744,6,1.29664387038991,1.32875142907455,0.609382804360945,0.328356454923241,0.831517059267212
229,0.890600510557119,6,0.892623967927171,0.893186305807393,0.551588994539408,0.250911372075281,0.831517059267212
230,0.955120366376784,6,0.942386978637335,0.978122166163351,0.461989577307344,0.246406627580637,0.831517059267212
231,0.811997043384251,6,0.78769088269512,0.83322398327306,0.388560392736242,0.207842937477496,0.831517059267212
232,1.67351549517408,6,1.41121009730446,1.68517790638326,0.77914362646717,0.340095647716603,0.831517059267212
233,1.71963876873777,6,1.516878398328,1.74832861123421,0.783300630345232,0.362942432852506,0.831517059267212
234,1.38293740165301,6,1.37346486610431,1.42904809377144,0.680740272550873,0.337307092113728,0.831517059267212
235,0.698634727147141,6,0.687637230683866,0.705095900338837,0.348244171990588,0.161376765114929,0.831517059267212
236,0.243803837482705,6,0.248046873422429,0.240855940825969,0.136655063901417,0.0666587157899577,0.831517059267212
237,0.610892955303687,6,0.748078752010292,0.639909403967614,0.382140137449428,0.187648875614142,0.831517059267212
238,0.860503793148937,6,0.938243547312622,0.874054483889849,0.465729045480462,0.218677817687175,0.831517059267212
239,1.11893983581939,7,1.19433378403582,1.15283741665653,0.541942735397233,0.272882344222103,0.854671302023311
240,1.25550392142435,7,1.33226465499305,1.30365312605496,0.580075421078928,0.305865341993048,0.854671302023311
241,1.23037300225167,7,1.37958195429192,1.28566435543134,0.607332889402841,0.309677202424021,0.854671302023311
242,0.831504159173532,7,0.947990406527507,0.879306734017641,0.390529775800616,0.212751968131556,0.854671302023311
243,0.823995806762833,7,1.00136748325464,0.861737862652059,0.415368590012498,0.213872876279316,0.854671302023311
244,0.56842495047867,7,0.748750362417923,0.613896341508541,0.317077294463396,0.155456284726983,0.854671302023311
245,0.297129546810865,7,0.364871818474768,0.308605031827852,0.173413946033516,0.0850178307490805,0.854671302023311
246,0.995506596011186,7,1.21446792811374,1.0465435518042,0.512620545825903,0.269096224319726,0.854671302023311
247,0.641195499510555,7,0.78412171008379,0.666153255086372,0.326144336091708,0.16576647184426,0.854671302023311
248,0.685973782309014,7,0.889717477922086,0.717298644047275,0.373167491747104,0.182336184044857,0.854671302023311
249,0.62129073178458,7,0.889012936996704,0.643035561845922,0.347796932608603,0.18045121935028,0.854671302023311
250,0.951034942437428,7,1.15341640628482,0.985942684114082,0.411772483713811,0.243436482665338,0.854671302023311
251,0.890994151581971,8,1.20186825648507,0.898948846082566,0.505895605137808,0.272042448274239,0.873412122939262
252,0.830192461666507,8,1.03294783308815,0.856991290535612,0.421778924443405,0.227286639470687,0.873412122939262
253,0.293381007998608,8,0.374030800548575,0.298819492313253,0.17089307482312,0.086007001861968,0.873412122939262
254,1.15886135753096,8,1.44308434684252,1.19284554282024,0.56995068800601,0.308726159791673,0.873412122939262
255,1.0995723219585,8,1.59708641502351,1.22156313876993,0.594534605722649,0.330939303372651,0.873412122939262
256,0.923745130914766,8,1.15540959645074,0.948999163899223,0.535111169471854,0.257222149160966,0.873412122939262
257,0.714001647021126,8,0.811190179985335,0.733066613950236,0.405617458366167,0.197983983232036,0.873412122939262
258,0.153725766164074,8,0.174840609365803,0.152934671498,0.097414926429593,0.0481484841129302,0.873412122939262
259,0.863342625470111,8,0.987372124260661,0.890335893505653,0.446183035485798,0.239605823709754,0.873412122939262
260,0.954557898118846,8,0.904514969846184,0.953040721510369,0.449357100088489,0.270604463646033,0.873412122939262
261,0.678214248478135,8,0.716580792438247,0.68284032476109,0.38000723517294,0.202318818678222,0.873412122939262
262,0.620827516770026,8,0.740106435179538,0.66027739059231,0.360762612002135,0.185262219191789,0.873412122939262
263,1.1925780362724,8,1.22451018076086,1.27738565346571,0.647220384340515,0.325597417917234,0.873412122939262
264,0.911680289765063,8,0.875453549841122,0.888601797741355,0.53145054991203,0.263798339248478,0.873412122939262
265,0.463137755243855,8,0.424449226902332,0.467806365734713,0.28821958308167,0.145793739688512,0.873412122939262
266,1.39501870281042,8,1.12342627211709,1.40392184614452,0.573116053657465,0.315802418500026,0.873412122939262
267,1.58171716974608,8,1.28279623894327,1.54488514466511,0.863361707881254,0.442415697784909,0.873412122939262
268,1.77019316008373,8,1.40605691775521,1.74858516762406,0.874510119277357,0.465043792750372,0.873412122939262
269,1.57207129028984,8,1.25291289681199,1.53937112133364,0.784280228747111,0.41866539722676,0.873412122939262
270,0.774576791684434,8,0.676260731076538,0.797853533447499,0.494717293635794,0.241653421753619,0.873412122939262
271,1.94806500139369,8,1.51720114047079,1.93288951559858,0.935364139578156,0.546061097585466,0.873412122939262
272,1.73583046032431,8,1.32413859783095,1.70122440001393,0.941577529893018,0.481576719197888,0.873412122939262
273,1.40794645459958,8,1.0286840503435,1.4746347293876,0.788522357655814,0.392343178519038,0.873412122939262
274,0.627902726314286,9,0.53908969487289,0.638930648027108,0.359983065270288,0.183605692296092,0.895583506749158
275,0.571056848255565,9,0.616064456677433,0.597738077577858,0.342435544780835,0.182860315955844,0.895583506749158
276,1.44948354078388,9,1.1234589881515,1.43172114634054,0.809675498384757,0.398809836840734,0.895583506749158
277,1.8697124036006,9,1.46258184516961,1.82899178005002,1.01896902972463,0.518685785038225,0.895583506749158
278,1.42123247429178,9,1.12172947257678,1.38497833719104,0.900096706786994,0.436879124033763,0.895583506749158
279,0.155697789893863,9,0.133574098764677,0.139828217346226,0.0976506873458741,0.0447670056334307,0.895583506749158
280,0.587886295158599,9,0.468628408129817,0.559618713363495,0.32914855659919,0.155503580119935,0.895583506749158
281,0.917348157454924,9,1.1079733199135,1.22825919895807,0.737690643627515,0.385026011945994,0.895583506749158
282,1.36345463807755,9,1.16458459271201,1.30322229883401,0.774432748909898,0.357322606715024,0.895583506749158
283,1.59149930183805,9,1.40018537320579,1.52985531748739,0.947003713401562,0.474175337101682,0.895583506749158
284,1.54007314863578,9,1.21769379039711,1.4502802453784,0.811867978655425,0.418485870470739,0.895583506749158
285,1.34618108950202,9,1.17361899816155,1.29136644995827,0.783202660413984,0.394465298574563,0.895583506749158
286,0.483142110956326,9,0.505373334157067,0.486445116523126,0.26906315537384,0.147594787787366,0.895583506749158
287,1.27745946420838,9,1.21587012979694,1.22670110858939,0.715388046172363,0.303781898422422,0.895583506749158
288,0.989030136859855,9,1.13489109696927,1.06635212736416,0.570925138639007,0.278443775371848,0.895583506749158
289,1.32228499738221,9,1.49086769665651,1.42098423225033,0.807819741712492,0.408108705449835,0.895583506749158
290,0.446835591594671,9,0.495606210125547,0.445126139720308,0.282579505061896,0.14330068433428,0.895583506749158
291,0.350068275236249,9,0.340464202737921,0.310751225711483,0.156915186011972,0.078080610732796,0.895583506749158
292,0.588942733388295,9,0.686169381670365,0.618639765823676,0.362257373226447,0.200092751986234,0.895583506749158
293,0.727272057613025,9,0.751873683457757,0.705462938962262,0.388110535069224,0.199997524643635,0.895583506749158
294,0.219130671187941,9,0.237008697770451,0.223961008412055,0.121434803725464,0.0715007073762074,0.895583506749158
295,1.19934137904462,9,1.44750402109213,1.34964784792333,0.706127413565394,0.364645688283626,0.895583506749158
296,1.29003452826743,10,1.31599111914377,1.30160769121644,0.773380501661065,0.382122978044125,0.899829119374816
297,0.765449246545703,11,0.827393958512641,0.823585798075284,0.528819167159337,0.261951806774765,0.915046522801265
298,0.891221523196145,11,0.893132289057244,0.872891674039652,0.558561898920027,0.276362010604403,0.915046522801265
299,1.19529580513236,11,1.29874293044311,1.27401148437388,0.821386177057599,0.396971813867047,0.915046522801265
300,0.871466920997588,11,0.949464958399696,0.849985788501853,0.605354397045378,0.302545398126091,0.915046522801265
301,1.12383402222179,11,1.25522672771359,1.2307183478705,0.771963082122159,0.361203959512251,0.915046522801265
302,0.213277364085592,11,0.207151711096289,0.221690099258628,0.145959955087524,0.0735058722700236,0.915046522801265
303,0.909760328413812,11,1.00112152099692,1.01951702041857,0.604082811974938,0.316079886017493,0.915046522801265
304,1.62772672612192,11,1.74299181617535,1.76614295958043,1.15446581912126,0.586595113182961,0.915046522801265
305,1.07831453789449,11,1.16578545196645,1.11741273389833,0.777657519119806,0.395662410745408,0.915046522801265
306,0.954497541710034,10,1.01163321461488,0.956509587311977,0.754465509173663,0.387112445603755,0.904878456281527
307,0.838869067068825,10,0.87373636087428,0.831149050236812,0.613668473444798,0.319199225332502,0.904878456281527
308,0.62391643887651,10,0.670848880474714,0.645354380561219,0.448158306418819,0.222949032968399,0.904878456281527
309,1.00224454290153,10,1.05588769962756,1.03793400827657,0.71244982089782,0.362453179877277,0.904878456281527
310,0.985070855527245,10,0.954713518569532,0.990594368321387,0.627462355305479,0.341522648342696,0.904878456281527
311,1.24322613036111,10,1.28658585482738,1.2900192819575,0.860528995840732,0.455539992371433,0.904878456281527
312,0.931077186796208,10,0.961314806249177,0.968131251441333,0.657577994807228,0.34175117050457,0.904878456281527
313,0.521280338742865,11,0.532053967701789,0.537956449232957,0.348352956201646,0.183210771608134,0.918363456425501
314,1.09137798341858,11,1.13255334922878,1.14296643424849,0.75521591388659,0.388907281619298,0.918363456425501
315,0.96078562077508,11,0.994388303915937,1.0002637924133,0.653567301191523,0.343725215418696,0.918363456425501
316,0.995885114136315,11,1.03778080299647,1.03578616900175,0.690697690838432,0.361558329797499,0.918363456425501
317,1.40222994758723,11,1.4976847156348,1.48347664090838,0.88830641771437,0.476453411134214,0.918363456425501
318,0.932207761032846,11,0.996323393569899,0.961782363002638,0.644693984573025,0.322960748820782,0.918363456425501
319,1.73348512593157,11,1.7719174132794,1.81776792399519,1.10883886921951,0.589602889491846,0.918363456425501
320,0.0029532979626906,11,0.00351731601994364,0.00315570178862214,0,0,0.918363456425501
321,0.832834048424327,11,0.936170199522083,0.868102484305061,0.543437239139037,0.292694490018707,0.918363456425501
322,0.77590110741037,11,0.954867108197046,0.846195086825634,0.542676476115184,0.289496189182585,0.918363456425501
323,0.943656219807052,11,1.09684830188258,0.985082550309021,0.621127692690136,0.335482890444839,0.918363456425501
324,0.457624414417965,11,0.534485865314449,0.478653760858868,0.30664615628534,0.163873583186,0.918363456425501
325,0.643543776099351,11,0.745316695181624,0.656981450363078,0.431753612466645,0.225070801787337,0.918363456425501
326,0.349746395820503,11,0.402251288167849,0.354720368086328,0.228335856952236,0.120656970481633,0.918363456425501
327,0.388337809769727,11,0.443620341347514,0.398673494910757,0.259944795930223,0.134825208083331,0.918363456425501
328,1.00383105766143,10,1.00333366196383,1.03723076849231,0.606235868541201,0.320862762420592,0.911391170769822
329,1.27023150432432,10,1.2290065903452,1.30198586647268,0.77418053757213,0.408234220593868,0.911391170769822
330,1.42946617830106,10,1.27510136402272,1.34403555685625,0.877446867768237,0.45397720715923,0.911391170769822
331,1.45912880026249,10,1.35414939833751,1.46817601247328,0.958392762967982,0.511691060446925,0.911391170769822
332,1.32941739745534,10,1.21790368294191,1.38743356262393,0.891002501065325,0.453978755635736,0.911391170769822
333,0.753846823377865,10,0.71533760411753,0.83417363762666,0.503892692898792,0.258779795012249,0.911391170769822
334,1.47141069343764,10,1.24836753940531,1.57318161616606,1.03058242758688,0.546772326147415,0.911391170769822
335,0.849670235274805,9,0.73162657350987,0.838528226433567,0.513988616781764,0.26710952950073,0.901765168661213
336,1.35610946040209,9,1.1676688373741,1.43402111051999,0.917866263492603,0.487900337614241,0.901765168661213
337,1.2877049535224,10,1.16554208546006,1.32420991366453,0.907159115857262,0.467937735837963,0.9089492001908
338,1.54688499397788,11,1.50724979855382,1.60073550866284,1.10026225735279,0.562770266129693,0.911555172708857
339,1.48875555294232,11,1.30250659253796,1.54165499977668,0.94091407881599,0.504290659725511,0.911555172708857
340,0.896523662743394,11,0.852403289241472,0.912470853708955,0.5684755132237,0.258381966624044,0.911555172708857
341,0.488514851758721,11,0.465477466579317,0.492329855352912,0.272221217281355,0.134816033341886,0.911555172708857
342,0.571830481182227,11,0.55868323721771,0.575494373332192,0.374295257311393,0.172794690325775,0.911555172708857
343,0.689194722976098,11,0.660690985809695,0.726216596928737,0.443042799994652,0.208807722370469,0.911555172708857
344,0.391007089462698,11,0.365075415282092,0.39168115735183,0.24828588294635,0.123562649274757,0.911555172708857
345,0.852512836593484,11,0.782138282548834,0.87479681041805,0.536150184137219,0.245729634777143,0.911555172708857
346,1.32451574154445,11,1.18555754469603,1.28229159727128,0.848901954748603,0.410536344355033,0.911555172708857
347,1.27845602682774,11,1.10360846358408,1.30070028837251,0.77742905251649,0.406287361005202,0.911555172708857
348,1.29762622654637,11,1.15408131737899,1.29770597400202,0.912858794726083,0.487159925801445,0.911555172708857
349,1.35330833072399,11,1.15026269720065,1.38026863653009,0.99910998839709,0.482331325094047,0.911555172708857
350,1.22119964627467,11,0.99787745692459,1.21613517999452,0.820420382256094,0.390492485071109,0.911555172708857
351,1.53664738406447,11,1.26950913076581,1.590074319847,1.0393580642169,0.529548461582313,0.911555172708857
352,1.35670905064957,11,1.11770074702484,1.2716114461903,0.935973574234088,0.461070434420029,0.911555172708857
353,0.928966630628305,11,0.742682040399825,0.954984901447987,0.569812525359283,0.301811955495364,0.911555172708857
354,1.39431337725924,11,1.10441395525185,1.42851025789969,0.903080802944149,0.471515288841206,0.911555172708857
355,1.46994302108696,12,1.19657287182039,1.52067495084946,0.945430050929606,0.495690483816244,0.909742197201212
356,1.4630965503538,12,1.20656350419153,1.50691608936375,1.00018833249888,0.533321001577333,0.909742197201212
357,1.40649050577035,12,1.24732501452035,1.42988652101709,1.00502546134867,0.518476287846897,0.909742197201212
358,1.45985949162111,12,1.29810886706455,1.50697098183813,1.02882816917461,0.543189870315222,0.909742197201212
359,0.964618301808,11,0.904607291377436,0.972628209165275,0.747616205869223,0.385144148901068,0.908808235409976
360,0.95490883971578,11,1.05144096217913,0.987153107571049,0.698782208886846,0.364538882859649,0.908808235409976
361,0.596898663699058,11,0.668904776933828,0.636257290829831,0.48129902234947,0.243664854531835,0.908808235409976
362,0.369837052468953,11,0.3903616532448,0.373830738261195,0.272821852190743,0.12971734318696,0.908808235409976
363,0.675992871458839,11,0.757582903770703,0.708739457376294,0.450334681512984,0.240974729119563,0.908808235409976
364,0.683418126710076,11,0.759887120915167,0.714065095819111,0.48515842376618,0.243895480272787,0.908808235409976
365,0.511586913057562,11,0.594875391272554,0.512844436546853,0.350067398913012,0.180037613571452,0.908808235409976
366,0.898588209411761,10,0.98843395539482,0.93543568061247,0.644877345202962,0.328289501633767,0.903486538726011
367,1.16367089332853,10,1.27484264056087,1.2141463446159,0.789585017209011,0.409404510654827,0.903486538726011
368,1.02922044451188,9,1.13518693189619,0.974352425738476,0.743561085629171,0.365491490777269,0.899497296537826
369,0.461220931446439,9,0.482883235508185,0.469548971273501,0.300285126817172,0.159412696681721,0.899497296537826
370,0.230457142222419,9,0.234099315344066,0.226266314282118,0.158846867063727,0.0794218708345525,0.899497296537826
371,1.34990619359118,9,1.4411622859259,1.28031447101638,0.868166353004152,0.445452823859229,0.899497296537826
372,1.24836738823491,9,1.31924201407296,1.18692736491335,0.901558029156924,0.484520903555757,0.899497296537826
373,1.09381492179608,9,1.10398618993497,1.10607828504072,0.778613496604035,0.398194349649144,0.899497296537826
374,1.49979576126758,9,1.61938740974254,1.46078725615235,1.0970723761587,0.541637806009729,0.899497296537826
375,1.0233614908813,9,1.03014867876545,1.04342837378582,0.715492221966193,0.369696355479127,0.899497296537826
376,1.09112886357111,9,1.12466284301643,1.09289283280088,0.784749136885645,0.406981364171705,0.899497296537826
377,0.926770892013566,9,0.967332091363991,0.88752256405596,0.697828235586663,0.36110580138782,0.899497296537826
378,0.82831736031565,9,0.85246837282386,0.839352325552399,0.581675845370013,0.307203903633578,0.899497296537826
379,1.37761365960344,10,1.45364548929642,1.40741659882923,0.969628955915077,0.547435951821502,0.914272923906283
380,0.908521487379118,11,1.00676349274794,0.944456045009705,0.656258370562555,0.362152220872688,0.910029935913678
381,1.10992047120348,11,1.22619518780697,1.1389882720934,0.846107952238743,0.396971122500747,0.910029935913678
382,0.386091934198307,11,0.404072129714772,0.392478598656649,0.328680318918431,0.157245986881288,0.910029935913678
383,0.692308872509145,11,0.779966361790397,0.662793498918974,0.612842522551282,0.289705145418096,0.910029935913678
384,1.0662088444878,11,1.26086874773274,1.12849058880386,0.816631000553077,0.431292677090413,0.910029935913678
385,0.383732328724192,11,0.445277066464737,0.39483366069128,0.247044621399592,0.158862222703499,0.910029935913678
386,0.896831385258168,11,1.06420268187337,0.919284360020633,0.66216412950639,0.334518780988441,0.910029935913678
387,0.929213443991171,11,1.09343713154314,0.953713612513719,0.666611697715849,0.366056678248993,0.910029935913678
388,1.05196373679343,10,1.19434642008977,1.07716209165226,0.763538415468846,0.38918864512541,0.899766091174304
389,0.921954502504893,10,1.04759350571851,0.945259991790058,0.641003071490824,0.334433561663066,0.899766091174304
390,1.02967329816363,11,1.25100404402314,1.0512043675251,0.737141438515598,0.398496971317103,0.915483325699806
391,0.843513236364621,11,1.00211271313626,0.87101925786543,0.663873228140598,0.341476431805308,0.915483325699806
392,0.501777809086069,11,0.630002647563122,0.513796139271238,0.381604099114239,0.200153771167381,0.915483325699806
393,0.403196103851327,11,0.498144823315003,0.410560852851689,0.275960523608701,0.13402054077006,0.915483325699806
394,1.05648356718437,11,1.23262873372179,1.0336007676246,0.848019795728434,0.428296763071334,0.915483325699806
395,0.594349109521907,11,0.72451512738726,0.621151872121206,0.42622914840695,0.214279173303065,0.915483325699806
396,0.813502047585886,11,0.969537191159164,0.851526509712748,0.629425432497584,0.299841368420156,0.915483325699806
397,1.13865214507692,11,1.38090321141875,1.18424511820217,1.05972222425074,0.546363039691207,0.915483325699806
398,0.683042164790018,11,0.743849152104025,0.701275657048783,0.508884213603165,0.261677863467439,0.915483325699806
399,0.775034225418106,11,0.841896324074912,0.819533558618516,0.615911094185869,0.349447998765831,0.915483325699806
400,0.73138107737344,12,0.774681333357807,0.764300585355275,0.593844957746055,0.308435677769003,0.922134426118895
401,0.947703973405377,12,0.957383087722831,0.97175439063981,0.786428311777257,0.407918232012038,0.922134426118895
402,1.21718506314896,12,1.21463373497736,1.24888527039565,0.915398750495152,0.513174095187743,0.922134426118895
403,0.780883339034187,12,0.767053686005979,0.804144401735843,0.525845047659372,0.297760572418612,0.922134426118895
404,1.15669923592402,12,1.10003127198649,1.16550262306236,0.727106086355292,0.354892563814118,0.922134426118895
405,1.14959391163933,12,1.0584762081277,1.17242697261523,0.881534983131751,0.487477239213494,0.922134426118895
406,1.29613960650021,12,1.12150999072138,1.28900674278118,0.971882066300641,0.49023004464652,0.922134426118895
407,1.17376775392825,12,1.03210398964636,1.20501995567436,0.749588129655508,0.373131154674139,0.922134426118895
408,1.24476343754464,12,1.05792582253363,1.25977680553934,0.957248780023324,0.507536669222471,0.922134426118895
409,1.11492188451175,12,0.953971380166301,1.12370552734812,0.762114019676581,0.38793073775725,0.922134426118895
410,1.00515868761544,12,0.824140478546681,0.988224054301172,0.608925248489487,0.316202941576039,0.922134426118895
411,1.11889018285824,12,0.943804940275801,1.14200995867843,0.771421447520789,0.45346208478223,0.922134426118895
412,1.2899928757821,12,1.11863283474312,1.29364544121209,1.03908012711633,0.564436799974137,0.922134426118895
413,1.17373990354573,12,0.982265117335826,1.21943672219216,0.893559126813199,0.469864510533889,0.922134426118895
414,1.42568691963597,12,1.20140286785939,1.45145825490428,1.10449810112608,0.595457014463242,0.922134426118895
415,1.40003139054529,12,1.18504130002761,1.43089124830119,0.877802440414755,0.53200415042941,0.922134426118895
416,1.1973466296504,12,1.01866986054765,1.19954159463631,0.737644295269974,0.448644206810597,0.922134426118895
417,1.5243445312459,12,1.37307700564504,1.49384723664257,1.27017408893935,0.63027015499593,0.922134426118895
418,0.847482741934675,12,0.767942492781615,0.883610374773366,0.529875428480813,0.32017888878258,0.922134426118895
419,0.786683236613363,12,0.734550097085937,0.800436735429197,0.585514119920225,0.327360162513197,0.922134426118895
420,0.74846733207292,12,0.782579539473328,0.74450507553725,0.474113354207213,0.218664162762713,0.922134426118895
421,1.23878072705994,11,1.31813176030882,1.2688751456621,0.910337235855458,0.497329322706995,0.917549844347571
422,1.409929693556,11,1.50379812817369,1.41769415838636,1.08825655877175,0.49164865770557,0.917549844347571
423,0.236550928045151,11,0.232268654258497,0.232597518055368,0.203399949116446,0.111344088674358,0.917549844347571
424,1.09861618827988,11,1.19893488848002,1.09590766397245,0.653240593033947,0.29694082645854,0.917549844347571
425,0.787480177427281,11,0.894248292458031,0.785568454730045,0.639580106235301,0.323040098175407,0.917549844347571
426,0.455106561602978,11,0.52970498357776,0.455471190716374,0.291003101554318,0.173354230105938,0.917549844347571
427,0.374497460578538,11,0.425872859154651,0.368521960582742,0.322138996284629,0.165670572950612,0.917549844347571
428,0.892118244709209,11,1.02489323766029,0.909992737269616,0.722870501155576,0.33081081991417,0.917549844347571
429,0.58372502549321,11,0.667312046635846,0.564208865719596,0.484153701136554,0.252269346522674,0.917549844347571
430,1.2000433202308,11,1.32844342489435,1.21264038213781,0.947281353620139,0.48070321393394,0.917549844347571
431,0.0803831895765214,11,0.0769954254999199,0.0714795989309595,0.0693123384323193,0.0368810955257188,0.917549844347571
432,0.996756195318787,11,1.13005071282074,0.987006911568738,0.804041335654172,0.390867573462113,0.917549844347571
433,1.29517351439875,11,1.36320515574358,1.29188990916632,0.78530842852584,0.509654905058763,0.917549844347571
434,1.26169303781711,11,1.29444044556285,1.28235635370136,0.999454139348494,0.518239830768995,0.917549844347571
435,1.09913881554694,11,1.07139628797228,1.11766853028933,0.815796065737209,0.387912948441466,0.917549844347571
436,1.44294722783917,11,1.39830587049105,1.45039364184723,1.12410326116704,0.392207176847419,0.917549844347571
437,1.34989141523389,11,1.40095969194664,1.2899590110005,1.12134042032328,0.471953353075637,0.917549844347571
438,0.878652528763386,10,0.819484736974096,0.856779259372744,0.812520312023277,0.408560363410931,0.912044983971737
439,0.621284345510632,10,0.576103280104797,0.628960609968972,0.553663534782279,0.279955081081584,0.912044983971737
440,1.0003212334672,10,0.923409299868063,1.00765270486103,0.825978004601709,0.42649239505412,0.912044983971737
441,1.28677812814749,10,1.17317721441304,1.27294318969266,1.02710999233475,0.5744069071637,0.912044983971737
442,1.12698058136889,10,1.12806367113545,1.15181302316143,0.842854259903504,0.440957078947556,0.912044983971737
443,1.21729792303293,10,1.18082821157937,1.22560413611931,0.95322936085921,0.550989167285034,0.912044983971737
444,1.35356545249675,10,1.3003425538205,1.35942923898689,1.15191016579838,0.589473258809415,0.912044983971737
445,1.4658691905457,10,1.55627374264157,1.50496788798272,0.98477329209236,0.544970053887278,0.912044983971737
446,0.62941620177355,10,0.651431907011507,0.622293845711561,0.531381808829556,0.270448405707243,0.912044983971737
447,0.235757851751243,10,0.286604045102565,0.244031516750707,0.201670664987842,0.112870874409279,0.912044983971737
448,1.03630010670235,10,1.11599413339853,1.0437163267542,0.748903459215282,0.340233988822571,0.912044983971737
449,0.363110613895963,10,0.406092001312234,0.36154884997579,0.306604562704308,0.157086451650554,0.912044983971737
450,1.39097595873992,10,1.60988658921831,1.46660740185802,1.15464863244148,0.640332748999231,0.912044983971737
451,1.11549878157189,10,1.2942035363027,1.12396202934116,0.917884748580133,0.518270782871737,0.912044983971737
452,0.656259850424396,10,0.758797510443836,0.65169538052308,0.528320099108998,0.302630591164212,0.912044983971737
453,0.617077862506857,10,0.778039716755799,0.615903236899935,0.480615658197146,0.292835060291946,0.912044983971737
454,1.03726476281681,10,1.27132107964614,1.04791605499252,0.857432124938443,0.501627700379875,0.912044983971737
455,0.0124041672200341,10,0.0165817998087639,0.0124508991737942,0.0160772045368478,0.00616422516637841,0.912044983971737
456,0.328321320653394,10,0.455535372891859,0.355083475308733,0.229953002912861,0.137233838755154,0.912044983971737
457,0.194868853116433,10,0.243764344376793,0.202359763743944,0.186835966008999,0.0994549063494049,0.912044983971737
458,1.01818161720566,10,1.32222096902461,1.04334994303524,0.809347228844008,0.454436326515665,0.912044983971737
459,1.30034789635818,10,1.60205846189118,1.31108567955299,1.03835181503011,0.57517077826981,0.912044983971737
460,1.05167285268,10,1.34566406381327,1.0648896600203,0.954839591615444,0.535531031321575,0.912044983971737
461,0.501579299226541,10,0.617221760658202,0.516643856771364,0.384674134928652,0.222926770613459,0.912044983971737
462,1.15764772294802,10,1.39617460564538,1.19739670563594,0.944036259662713,0.508985054265204,0.912044983971737
463,0.500949372039503,10,0.566442968941527,0.508662516888662,0.441828602953937,0.242474931603323,0.912044983971737
464,1.22789963678207,10,1.55190481180116,1.29143786954133,0.992880830548142,0.570985563552393,0.912044983971737
465,1.36186317980042,9,1.62344086234728,1.36219863673962,1.15260090703635,0.638205959793204,0.893724963661937
466,0.706085307655588,9,0.798385285601603,0.709141262001548,0.593196943302907,0.31148490721414,0.893724963661937
467,0.723884751966209,9,0.78591627896267,0.728296381265218,0.631998122175882,0.35023470668603,0.893724963661937
468,0.943197448181597,9,1.00531852893991,0.947146887888037,0.688046213098002,0.366045247246136,0.893724963661937
469,0.494583697693602,9,0.494688193053042,0.498375671573479,0.371485151946651,0.218148068368821,0.893724963661937
470,1.20945983549495,8,1.45517373114334,1.23270370028087,0.963990949045398,0.49818507065498,0.885178580371683
471,0.944441048199083,8,1.06963904605279,0.947437527308564,0.667200845845243,0.294888630361342,0.885178580371683
472,0.551295758906384,8,0.570345491487174,0.561549930793523,0.435547217366171,0.225093734754915,0.885178580371683
473,0.596751212520667,8,0.613575388174987,0.604350945507005,0.231964576103471,0.125086280302944,0.885178580371683
474,0.46212831400614,8,0.447500549712632,0.479965329110601,0.350954227867401,0.196149962343583,0.885178580371683
475,1.4413997183499,8,1.56126076565144,1.49161776656354,0.95249919309774,0.501613852984521,0.885178580371683
476,1.00421317982219,8,0.922884595703697,1.01447458178798,0.715608041902873,0.399954526559115,0.885178580371683
477,1.49047996580589,8,1.41983839201712,1.53600348470052,1.08748588256131,0.604146167358208,0.885178580371683
478,1.17357912880214,9,1.18981532913525,1.23344830903359,0.587553160866016,0.298738277021959,0.885742539173734
479,1.01030745487139,9,0.95824723350312,1.03728180178634,0.741862368082948,0.397959675564525,0.885742539173734
480,0.529973173473005,9,0.600637568137061,0.619232443797584,0.335951312569705,0.240677306688082,0.885742539173734
481,0.9672206580119,9,0.838174458623567,1.00040742789148,0.395934180591224,0.202586513992676,0.885742539173734
482,1.41775425582421,9,1.21335892372878,1.4808599637572,0.924905171543878,0.445756323469501,0.885742539173734
483,0.98789461587865,9,0.75959303855044,1.01968181318379,0.351049385575069,0.206920468012915,0.885742539173734
484,1.59199336926143,7,1.32846441806421,1.64314920902033,0.75722212676341,0.425788995314552,0.843865907512475
485,0.931116655766839,9,0.881134203069203,0.93689641043553,0.537194155634393,0.285821517301059,0.883789506047523
486,0.980207854313743,9,0.877100907208969,0.998179946510206,0.529535448208485,0.290055954966806,0.883789506047523
487,1.33677089714706,9,1.15243604296624,1.35872460317414,0.762550451103953,0.399176478251274,0.883789506047523
488,0.950953313238454,10,0.817680439384953,0.973988877384372,0.54729629990021,0.289198469268603,0.876561473269118
489,1.5788591857417,10,1.25181482787236,1.56904302125525,0.83647733475904,0.425756405530555,0.876561473269118
490,1.50456853203799,11,1.23007258691435,1.51649521202908,0.825016143862645,0.391789862092534,0.885853170965067
491,0.73724017386234,11,0.633822646246788,0.74399562469151,0.448399499566729,0.210925184682464,0.885853170965067
492,1.1005756889737,10,0.869177812293142,1.09398399827362,0.596260830214099,0.280730790010004,0.867597728347155
493,0.465838977976308,9,0.393837139492076,0.477045248493535,0.294465483312161,0.165990364923976,0.893145825998042
494,1.48298562921016,9,1.14411356540465,1.46737899498238,0.803493130228042,0.368663822665311,0.893145825998042
495,1.39594029842838,9,1.18765313093686,1.40159808896083,0.919776918479264,0.477110593445741,0.893145825998042
496,1.67235745273298,9,1.32417049127539,1.67509853407413,1.03560105009572,0.521500037581425,0.893145825998042
497,1.519318471705,8,1.11951144664919,1.56073395913669,0.873929322403099,0.459750978072342,0.868645703286288
498,1.61205576352503,8,1.22518050014101,1.67329923807081,0.937859163905052,0.480616276009833,0.868645703286288
499,1.58088053661207,8,1.20709238812659,1.65930158450873,0.917596132782109,0.463811290558095,0.868645703286288
500,0.919564412682118,7,0.787453113995341,0.951880447417595,0.541218643359878,0.267809048867438,0.812376688288943
501,1.12040073979984,7,0.976576706585603,1.17206538186452,0.697426538920523,0.345081447951931,0.812376688288943
502,1.11477160909682,7,0.942589877753041,1.1475455956168,0.665574415895835,0.329962070113213,0.812376688288943
503,1.29703057683132,7,1.09216318007463,1.33646399119875,0.817063841408988,0.420749843366058,0.812376688288943
504,1.39866229040495,6,1.18214995870455,1.46966433835722,0.827790391077805,0.409883844711056,0.804146829978154
505,1.17209753879363,5,1.07311978654219,1.17053789069465,0.691621957254065,0.33059980221301,0.841630500754191
506,1.1639528300595,5,0.970539335238726,1.14342686167737,0.553159719257315,0.254430896747169,0.841630500754191
507,0.699529832897075,5,0.71100383409319,0.855809968081301,0.372556447280339,0.193707818325108,0.841630500754191
508,0.443707137083503,5,0.430411820311576,0.441614575525764,0.278455374782121,0.134340552705713,0.841630500754191
509,1.12790481601599,5,1.19821013463199,1.15955250607398,0.677918303287251,0.322508182146897,0.841630500754191
510,1.51646241386919,5,1.6759108395346,1.51891024747682,0.82718871167727,0.398190566460381,0.841630500754191
511,0.777032676852025,5,0.940801627852865,0.790779903337242,0.465004590519774,0.220380059999233,0.841630500754191
512,0.63787069697959,5,0.764872182439959,0.654203056230424,0.385124187487702,0.183111588686187,0.841630500754191
513,0.456458549808423,5,0.513950571558181,0.46060769922273,0.284158100604375,0.131914438633789,0.841630500754191
514,0.898764556449117,5,1.06736330612378,0.868172483911081,0.520799697072529,0.2648290549413,0.841630500754191
515,0.428994583967396,5,0.514068924970358,0.431381893693283,0.244324271358101,0.118259570013541,0.841630500754191
516,0.435058467685924,5,0.47904891185341,0.408853896327552,0.142630948759159,0.0825113770145394,0.841630500754191
517,0.432526813176864,5,0.562525929877037,0.420934122852927,0.245823924563316,0.118798770547075,0.841630500754191
518,0.794524218538871,5,1.0370680420419,0.869554111126841,0.465574808174305,0.211483791169897,0.841630500754191
519,0.771587696293492,5,0.833389410581081,0.773525166173612,0.361593709634984,0.185714705984251,0.841630500754191
520,0.569606087574163,5,0.538822082333642,0.585959776106816,0.341569903926814,0.164855954030528,0.841630500754191
521,0.623906260561853,5,0.924365346675189,0.624009928985023,0.377241034813632,0.16412727755387,0.841630500754191
522,1.5884939735632,5,1.75641751936602,1.56101775577056,0.872779695781781,0.442974324020854,0.841630500754191
523,1.86894867058732,5,2.11975956876126,1.89072794835799,1.11953064994074,0.557673875805158,0.841630500754191
524,0.917762209721334,5,0.971637948745079,0.900428329470937,0.551799587239456,0.261343323407423,0.841630500754191
525,0.533468378888571,5,0.561872018856571,0.541438784964181,0.336859407262862,0.162969720771439,0.841630500754191
526,0.25078822239987,5,0.263551974109039,0.251914223798395,0.165166299915589,0.0784489808363553,0.841630500754191
527,0.850716087759017,5,0.96893991607055,0.765932734830272,0.560853718673011,0.276437594476046,0.841630500754191
528,1.09001445929739,5,0.967869646555446,1.01318783123245,0.679710733989354,0.333256061909146,0.841630500754191
529,0.924875279989432,5,0.912056885816379,0.918134580099075,0.5511010682207,0.255382762792962,0.841630500754191
530,1.88444840454747,5,1.70021407945821,1.86037157466839,1.16069507680657,0.541490111185898,0.841630500754191
531,0.685343244531028,5,0.704870741108422,0.69888431972303,0.4324692236942,0.20431547982629,0.841630500754191
532,1.27730254124488,6,1.31386728851344,1.29507923137504,0.926598002137508,0.41221996740683,0.862901603681635
533,1.07046973865266,7,1.26129330267259,1.11295502791843,0.692822335376102,0.325043912161225,0.889075900294875
534,1.08521224823613,7,1.2142238780509,1.11095481591071,0.708499998848729,0.328911526533646,0.889075900294875
535,0.647483123830481,7,0.724687726909085,0.65213114686726,0.423118260331436,0.200311478858187,0.889075900294875
536,0.236587489146648,7,0.365018830124386,0.264936303877197,0.158294462142848,0.0730816637596136,0.889075900294875
537,1.2183546636394,7,1.35052257136704,1.22042549989297,0.745862095447419,0.338733007219336,0.889075900294875
538,1.1535620729778,7,1.34503776849486,1.20180101382133,0.772088154591376,0.353772528159152,0.889075900294875
539,1.05713393623828,7,1.13822522404163,1.1564771034001,0.650955490511637,0.30950679517209,0.889075900294875
540,0.667453488187061,7,0.736857738294366,0.685927696908123,0.433501058126495,0.198955030240273,0.889075900294875
541,0.809656001416549,7,0.901323487385949,0.83689282911051,0.473956273820937,0.232855022174505,0.889075900294875
542,0.236559276406072,7,0.2642270097845,0.243750295955244,0.143356581619726,0.0716145020960469,0.889075900294875
543,0.309549416508172,7,0.336631240775818,0.318040122988259,0.167028574705415,0.0873550389369464,0.889075900294875
544,1.00917053200605,7,1.07080068070273,1.00547544012115,0.630969931430413,0.31509043061415,0.889075900294875
545,0.664420871422142,7,0.637852438921215,0.722075759379401,0.384736130899902,0.208852972575334,0.889075900294875
546,1.03123338559903,7,0.954254177220113,1.03192591354848,0.659210074163627,0.319937762446582,0.889075900294875
547,1.74326429512687,7,1.51488500103136,1.72148465215468,0.963943990492549,0.486360102803176,0.889075900294875
548,1.57188976289997,7,1.40612752226481,1.6357753477381,0.75133066612829,0.406046993806883,0.889075900294875
549,1.68493479124936,7,1.54505120216601,1.73817547204418,0.760924081945916,0.389901793105132,0.889075900294875
550,1.19674457945824,7,1.08013625034055,1.20848753638702,0.766665117331642,0.379272429141261,0.889075900294875
551,1.48934179390697,7,1.4037984887124,1.51926028766776,0.828652187997206,0.415246260721431,0.889075900294875
552,1.6144451248887,7,1.45986871011702,1.64011369926313,1.01805615094464,0.489444427048262,0.889075900294875
553,0.788097147159254,7,0.714561339387866,0.798569903748674,0.499056958942538,0.236963174817122,0.889075900294875
554,0.229512315053322,7,0.200953410971512,0.236293837493437,0.150785813934732,0.0720894382600017,0.889075900294875
555,1.33247717241432,7,1.30885157541919,1.32745694178189,0.865217660720608,0.409886598118412,0.889075900294875
556,1.20070762165719,7,1.17677326311232,1.1896787951244,0.745818633753784,0.364054929952698,0.889075900294875
557,0.958166317543439,7,1.07871621387667,0.955904020060183,0.623117497058381,0.302705641121991,0.889075900294875
558,0.583114440842626,6,0.667278511850216,0.565483538635455,0.417548352095555,0.189655898929078,0.863887223955582
559,0.673840007351867,6,0.790310495436662,0.658420879468484,0.428777146356099,0.212234102967112,0.863887223955582
560,0.540905484493235,6,0.591708561514888,0.529640441835947,0.403321245814885,0.188908260378721,0.863887223955582
561,0.399196048698413,6,0.471942619112174,0.355388374743298,0.318513287555404,0.14578720288429,0.863887223955582
562,0.877520246249092,6,1.02774671237766,0.839406734031624,0.585982728360346,0.282131765924332,0.863887223955582
563,0.372306435436258,6,0.3835037771508,0.32577436405156,0.296079085140519,0.129599207672067,0.863887223955582
564,0.685896620998351,6,0.738854713175736,0.651136663620091,0.478897649467253,0.228619868629179,0.863887223955582
565,0.70445922195164,6,0.756791171476031,0.665955364990452,0.449559805404127,0.230699732986111,0.863887223955582
566,1.23443585089317,6,1.23231077636383,1.14022328403737,0.781081325383,0.388938177493606,0.863887223955582
567,1.29060286758565,6,1.29077399695726,1.2385504768856,0.887641323575288,0.438207407751155,0.863887223955582
568,0.411569999839898,6,0.374401317608163,0.393153079521581,0.294685842883239,0.141447968361273,0.863887223955582
569,0.571788946885619,6,0.696255697591346,0.561763197113879,0.364207569025641,0.185118894396825,0.863887223955582
570,1.03554441017657,7,1.1180188006775,1.10840937428476,0.749529681061838,0.357669317125148,0.875238473896349
571,1.51839041034807,7,1.25234193283855,1.43965001245268,1.09809173821487,0.519480494438204,0.875238473896349
572,1.56723227530256,7,1.26727774027975,1.48693219209209,1.13862257213788,0.532645268675014,0.875238473896349
573,1.51489275481763,7,1.28795008565814,1.4820522959098,1.2062191590871,0.57411996644411,0.875238473896349
574,1.77051778764264,6,1.33619809877428,1.65812545245367,1.36655013498363,0.653958043047667,0.837215034949803
575,2.12088893393307,6,1.60194114219994,1.99514569886455,1.61767378710883,0.736713730243072,0.837215034949803
576,1.54944056087549,6,1.14826480447239,1.45874369269916,1.23675301962827,0.575491898406775,0.837215034949803
577,1.02490193149393,6,0.803847475751883,0.945737623456413,0.781670893585131,0.361847138789446,0.837215034949803
578,0.831416910548545,6,0.638736668076773,0.778393108347623,0.641915035645438,0.288751745401574,0.837215034949803
579,1.06696189775326,6,0.828869148955313,1.01512996997019,0.743367324520782,0.332489455899405,0.837215034949803
580,1.05058588908304,6,0.804884849830443,0.968842377918807,0.7808727413898,0.368954587399931,0.837215034949803
581,0.917922341123922,6,0.820134224222399,0.956755622778694,0.806396241369393,0.382785497781093,0.837215034949803
582,1.25835524704681,6,0.974109132722208,1.17638868379175,0.799282914849164,0.383623727253968,0.837215034949803
583,1.19054533872138,6,0.908235375592708,1.12690310703096,0.846260730652624,0.398171699403246,0.837215034949803
584,0.668613285772785,7,0.56558468581456,0.654192633967789,0.650160121613049,0.312219805853246,0.865963301096398
585,1.4080372719568,7,1.13334447082861,1.34198934216018,1.09823465974193,0.537622281262441,0.865963301096398
586,1.66664122780208,7,1.29425442126789,1.56494118256259,1.3698771538029,0.698990910553146,0.865963301096398
587,1.85755166509706,7,1.47298732696071,1.78724968858699,1.59185182393097,0.770855751486591,0.865963301096398
588,0.827881122549453,8,0.695048960176587,0.805192237289442,0.694078133039978,0.338951266443438,0.890990555836227
589,1.84713379239484,8,1.52527528747289,1.79747763484187,1.52820396718283,0.739846164551632,0.890990555836227
590,0.795593962937883,8,0.67394464051185,0.770689746615947,0.592834249800137,0.303623834845524,0.890990555836227
591,0.642441354968266,9,0.544753068215751,0.635325863111846,0.534427189272803,0.260267231493737,0.912038782990253
592,0.99231028306086,9,0.84880593643515,0.967845811185969,0.793645396832887,0.371462395709269,0.912038782990253
593,1.30849654515776,9,1.14584013552702,1.27987467877485,1.10346245939434,0.551624231715782,0.912038782990253
594,1.31442477585927,9,1.15780626382626,1.28387774690561,1.08817928652138,0.534874428798017,0.912038782990253
595,1.5268292048355,10,1.37153425524832,1.49924333642889,1.29723977540854,0.646260890861519,0.926614190752656
596,0.963560246724114,10,0.887768515119469,0.953640017155718,0.816802270403213,0.399112906917729,0.926614190752656
597,0.90502266722215,10,0.855036157390407,0.899887297659469,0.795256270271411,0.38055707016268,0.926614190752656
598,0.921237031347546,10,0.866136356913749,0.913524124410874,0.835348702172935,0.392061530515293,0.926614190752656
599,0.85413243110491,10,0.819158589730421,0.842181249320401,0.763539812495663,0.358924671514024,0.926614190752656
600,1.43598685440857,10,1.3895178185554,1.40540523023416,1.24550019045441,0.58207332517847,0.926614190752656
601,1.51750660729644,10,1.43240759408666,1.45868753515805,1.3134585240468,0.605241098998252,0.926614190752656
602,1.11601918921656,10,1.13247041069725,1.0809389975993,0.964675659168195,0.475414606984926,0.926614190752656
603,0.618966167885064,10,0.671958955564452,0.588382006223529,0.558499921164429,0.274554185394457,0.926614190752656
604,0.538092503145729,10,0.547966791725961,0.521567004239216,0.462533772119313,0.23074883763455,0.926614190752656
605,1.03670894801589,10,1.14856029767136,0.999834877798364,0.837651195465737,0.432111986616249,0.926614190752656
606,0.600278905322408,10,0.640353349807415,0.579122317599043,0.520715388325743,0.264963273061889,0.926614190752656
607,0.729996721203619,10,0.79200945055501,0.701988793312242,0.607402830395508,0.307401262717554,0.926614190752656
608,1.31363386076992,10,1.55053963775679,1.26493647890913,1.0711490890799,0.540426376733624,0.926614190752656
609,1.22448988118933,10,1.51327670801692,1.1810397839877,1.07941580875896,0.504444199288359,0.926614190752656
610,0.765548708988825,10,0.928225131152726,0.723984139704276,0.640939839804935,0.315452441401456,0.926614190752656
611,0.230565568441106,10,0.28525028989868,0.223721583204344,0.192750481064842,0.0935567796169765,0.926614190752656
612,0.890682393299659,10,1.1647266386924,0.854221749155935,0.688440842055066,0.339186477398055,0.926614190752656
613,0.685481461287534,10,0.867865733086488,0.66021109851497,0.545819156387248,0.273466449045281,0.926614190752656
614,0.477913306540237,10,0.643293773475616,0.456597699082607,0.384291059233614,0.190229589375439,0.926614190752656
615,0.184270607512247,10,0.24191145159196,0.177170475667628,0.138722188272994,0.0678461244241441,0.926614190752656
616,0.67007665313703,10,0.857654298320209,0.645871279056306,0.549685314458557,0.255425959674304,0.926614190752656
617,0.700226899553961,10,0.901956950581926,0.675571748965206,0.50583544180213,0.257939657503615,0.926614190752656
618,0.806729005233664,10,1.00406359332421,0.78491869695049,0.583592616566754,0.297752624874852,0.926614190752656
619,0.435760663963438,10,0.526464647686119,0.424185311990182,0.342708453494565,0.169955778689471,0.926614190752656
620,0.182624546451127,10,0.208389320546119,0.176996294441146,0.15319902994294,0.0728987638289092,0.926614190752656
621,1.37841625256894,10,1.54483866016059,1.33516781878156,0.938024095723785,0.49565414896354,0.926614190752656
622,1.68505858608126,10,1.78144343414534,1.63072673518805,1.1925399507404,0.591975834200598,0.926614190752656
623,1.53703641320087,10,1.57753990937625,1.48765412396263,1.11414672478094,0.554805680004867,0.926614190752656
624,1.54525669070635,10,1.60720285123837,1.49892866950961,1.13099432337927,0.560827388846342,0.926614190752656
625,1.19560301480533,10,1.13909504473066,1.14329409182485,0.80568227900758,0.432113599880618,0.926614190752656
626,0.727519533602134,11,0.779595247448392,0.716038728972837,0.540490121754761,0.271403577022835,0.934544272248443
627,0.859070277644188,11,0.846126845714509,0.85235997202274,0.582013297470961,0.281382079058002,0.934544272248443
628,1.20751417949921,11,1.20656230320345,1.19642924486061,0.810964664944851,0.420275101465718,0.934544272248443
629,1.19775068687103,11,1.2042526839006,1.19138643364603,0.819915082586187,0.425694327003758,0.934544272248443
630,0.234703085564607,11,0.228030890903438,0.232352275285533,0.191506728001865,0.0908019636323342,0.934544272248443
631,1.12463821946057,11,1.12098373973782,1.10020588655856,0.721652837386936,0.378871606485469,0.934544272248443
632,0.823192726528821,11,0.853729558921129,0.823062095040129,0.624011889863791,0.291574222030957,0.934544272248443
633,0.566966468910801,11,0.509539923572774,0.562406685424284,0.383194040812258,0.190186290067692,0.934544272248443
634,0.549098648241211,11,0.530535202232325,0.54990680400093,0.384620713429448,0.188183380478717,0.934544272248443
635,0.914717579980664,11,0.908911681912904,0.928333949359134,0.647729360008448,0.322898045052441,0.934544272248443
636,1.72236144957129,11,1.6675646040618,1.73954145319285,1.19702525018428,0.61425210838587,0.934544272248443
637,1.84388316474205,11,1.67362195664117,1.85189344610819,0.892776719137618,0.473140602560532,0.934544272248443
638,1.33634970608997,11,1.21604818523447,1.34194767386288,0.816698180841432,0.423362809306434,0.934544272248443
639,0.662254292530356,11,0.586419361594293,0.659605022584279,0.435358520173663,0.212028602923236,0.934544272248443
640,0.79025220125975,11,0.811783510405946,0.781075540292404,0.608352450729636,0.295892380335594,0.934544272248443
641,1.41149341029508,11,1.4551453423223,1.39944549410423,0.989553121603661,0.521641644559005,0.934544272248443
642,1.15315435027774,11,1.11205260690348,1.15088175723059,0.777331009544162,0.396090549343084,0.934544272248443
643,1.20967341589771,11,1.13305262451807,1.21801645923795,0.792289687767636,0.391754433480173,0.934544272248443
644,1.02228071669349,10,1.02229631008215,1.03606055994602,0.724543625674705,0.376948673818318,0.931794595957714
645,0.321219402819568,10,0.434046120625787,0.346062026035742,0.313256481899843,0.164124246923292,0.931794595957714
646,0.584640492568549,10,0.608750889637146,0.599668835852222,0.401965909986045,0.208807884706238,0.931794595957714
647,0.602553001612006,10,0.715520181400516,0.659474127836659,0.462719914686376,0.242344687001356,0.931794595957714
648,0.769324318530325,10,0.915254563821136,0.834845814874222,0.57447212138801,0.311087458006009,0.931794595957714
649,1.18513163110522,10,1.31846520462719,1.25009314955288,0.862078905171167,0.456232345418683,0.931794595957714
650,0.807077343743298,10,0.899577295102874,0.837295522682305,0.586075531114863,0.301901569455068,0.931794595957714
651,0.33419433825011,10,0.378262604934093,0.348042232103995,0.286798771714664,0.144102278695641,0.931794595957714
652,0.950846376254938,10,1.00522307152238,0.981970908971347,0.620824515014788,0.326110469950949,0.931794595957714
653,0.984820603723044,10,1.09076090488595,1.06653161756275,0.70376807074734,0.366743719555583,0.931794595957714
654,0.952807959232663,10,1.06201808553985,1.02035496585008,0.766115825845444,0.383212656024418,0.931794595957714
655,1.32901269131836,9,1.49048911071786,1.38517080040834,0.957946226191632,0.487020648618722,0.923397278538293
656,1.26286004916017,8,1.42875339346055,1.29973816635131,0.9949292324661,0.497922903584098,0.922178294129523
657,1.306938844771,8,1.33364515992167,1.25557179313488,0.99065414822192,0.493370909701123,0.922178294129523
658,0.91032809042419,7,0.899788346537735,0.861940649289631,0.714859565660553,0.358293204578931,0.913126456763269
659,1.03934002227736,7,1.22914068474829,1.05563263459459,0.934305653345172,0.493560047801643,0.913126456763269
660,0.475431585748503,7,0.497276980351037,0.484275563493791,0.370198761691948,0.189982531251491,0.913126456763269
661,0.59533282104504,7,0.715038199071189,0.608875295801537,0.522723657194006,0.269804730273708,0.913126456763269
662,0.737151931111117,7,0.908344028862257,0.777990520736273,0.658223178423309,0.349554027283586,0.913126456763269
663,0.299487646311947,7,0.317100927565936,0.287254096995722,0.228946553814882,0.116897119372144,0.913126456763269
664,0.322963891035968,7,0.333933640691214,0.310301330512347,0.19649767764377,0.120185061554103,0.913126456763269
665,1.44299077783195,7,1.58824848699205,1.4418054504691,1.29504514107469,0.687492387487664,0.913126456763269
666,1.17845984832184,7,1.19804832875326,1.22520852721271,1.06251621898235,0.561769315154848,0.913126456763269
667,1.56330175869894,7,1.56476322879146,1.5996004112382,1.3989763611918,0.722637487515799,0.913126456763269
668,1.20529738211832,7,1.17553770151961,1.26150126332002,1.05638742763857,0.574980121731096,0.913126456763269
669,0.530924444910067,7,0.490345836188502,0.554045625138387,0.482338500016316,0.275619210218965,0.913126456763269
670,0.929051842660937,7,0.801055177370336,0.982539526238092,0.793307104803735,0.416317445177687,0.913126456763269
671,0.940456553079849,7,0.894466668341646,0.896514686532681,0.896300913359048,0.433109110516045,0.913126456763269
672,1.1551278364454,7,1.01613057933828,1.204085370195,1.05996796782195,0.552663071361427,0.913126456763269
673,1.7631538528337,7,1.53804106248653,1.84028022200743,1.6020919758828,0.816953675841574,0.913126456763269
674,1.45904738928074,7,1.23659382191606,1.49043376096478,1.26206008893876,0.670246475139185,0.913126456763269
675,1.38784858918496,7,1.22230662434544,1.46497582599391,0.962784312402769,0.61986844739758,0.913126456763269
676,1.25222153945463,7,1.04592165810281,1.32782382225187,1.13524612426121,0.615221509199171,0.913126456763269
677,0.409098097553866,6,0.380973565380745,0.418241303887501,0.384492634892921,0.197854458155635,0.904106211669711
678,0.486285141916456,6,0.469863457652438,0.504441671244344,0.424081841557942,0.217102130614005,0.904106211669711
679,0.905324478589709,6,0.967515048055587,0.931198551936624,0.929675984786883,0.480624387935667,0.904106211669711
680,0.83340007977702,7,0.634647204103277,0.846671346115307,0.450388221659332,0.343894861442129,0.910738964330946
681,0.915690975051431,7,0.794381387495878,0.92154406196632,0.811461143494307,0.402757270629199,0.910738964330946
682,1.09923948325065,7,1.00907137898146,1.10531317864142,1.14641429881384,0.558136379212793,0.910738964330946
683,1.24768035625823,7,1.08491413676241,1.29372067487433,1.07150975362309,0.539315935889478,0.910738964330946
684,1.85489834633223,7,1.62548457410524,1.89209858096463,1.5746152428676,0.815387234407718,0.910738964330946
685,1.13719839709246,7,1.07318976008202,1.18176194215163,0.802364271171368,0.490446735366657,0.910738964330946
686,0.407383546186363,7,0.360726587285559,0.412584942079806,0.364718579682462,0.171984291238719,0.910738964330946
687,0.825412939097744,7,0.757990034121351,0.854952830782254,0.718918847817208,0.363791856408439,0.910738964330946
688,1.2037272240986,7,1.11104174805201,1.25053937450517,0.817248706873382,0.497571173403846,0.910738964330946
689,1.63193104925574,7,1.42606675308347,1.69430015326207,1.33646208288388,0.671325931943796,0.910738964330946
690,1.2063732889952,7,1.13056180639186,1.25013700430825,0.980414845829599,0.518037275118525,0.910738964330946
691,1.36157789408576,6,1.34175760265615,1.43234974290671,0.851781269337973,0.441793466869983,0.883198980982873
692,0.593501387651367,6,0.596900229430551,0.619308743021241,0.398721267029765,0.204646948121252,0.883198980982873
693,0.879007359464776,6,0.893751231249571,0.917812003431509,0.400237990253617,0.235840144186213,0.883198980982873
694,0.50958985637703,6,0.530156680947653,0.532305957506215,0.318002395357889,0.162129874346156,0.883198980982873
695,1.30190760933744,6,1.3643501000763,1.36305658239405,0.753581021729277,0.430868709669691,0.883198980982873
696,0.943787234471326,6,0.972742261718424,0.996111990587853,0.655405100663856,0.363021901323462,0.883198980982873
697,0.879102393101634,6,0.989395653677938,0.932381775789636,0.581708345859348,0.280925582655448,0.883198980982873
698,0.84653305820272,6,1.04231759954688,0.907830892717677,0.53204339121557,0.268380999170081,0.883198980982873
699,0.628492764548383,6,0.779309396924738,0.682555225313501,0.403764713878481,0.16818397555176,0.883198980982873
700,0.787156100382664,6,1.03259096183599,0.843365754469688,0.487892004648104,0.255832391436368,0.883198980982873
701,0.981318312644216,5,1.43716364699915,1.03573637252612,0.626913700512824,0.311613223657304,0.849459960980109
702,0.528935125292828,4,0.697394919856935,0.568728230630972,0.395979018997664,0.181991167986654,0.829867595101604
703,0.848294893752027,3,1.014468002784,0.893604038676914,0.245396676100205,0.182454811891326,0.740021928900466
704,0.0859588298200211,3,0.130570230148998,0.0906789099795052,0.042321877529607,0.0244307876713338,0.740021928900466
705,0.30749748415138,3,0.532248418356193,0.322655106378293,0.208738986563965,0.112762571079945,0.740021928900466
706,0.510869414029022,4,0.688791309327367,0.533712985700279,0.142992668562438,0.0768637553671308,0.668006699175861
707,0.47913110225059,4,0.620111715034856,0.536269756549091,0.183856633777105,0.0773630014585738,0.668006699175861
708,1.07024838692331,4,1.47169566239198,1.19016940172633,0.499824838696947,0.233896187468146,0.668006699175861
709,0.754866852700092,4,1.05007122890905,0.856149092962791,0.348758485061982,0.163159294160116,0.668006699175861
710,0.831895296047812,5,1.0084985490975,0.971685075700381,0.358134680281928,0.175818552941415,0.763649791285022
711,0.801461683136476,5,0.999713436262737,0.892747280093145,0.341049645153024,0.142763290322616,0.763649791285022
712,0.441766331553422,5,0.520064730439577,0.42513781713113,0.187581443685545,0.0939425540320598,0.763649791285022
713,0.996971316929006,5,1.22760857178328,1.05538117574449,0.429023528825023,0.208876080586458,0.763649791285022
714,0.930698791342041,5,1.10510070456027,1.0162222006382,0.391698945119753,0.170885412538422,0.763649791285022
715,0.914061700865166,5,1.08473048745097,1.01114037195512,0.305241230126233,0.135573696440964,0.763649791285022
716,0.772160924591102,6,0.975912624963304,0.849977084413514,0.410523539026463,0.17414909758917,0.830108771043621
717,0.51414168340934,6,0.692890794498868,0.579741148990814,0.331590350762625,0.148372700533388,0.830108771043621
718,0.52104888821199,7,0.704394073967384,0.564245333803692,0.327765147167637,0.127541491880916,0.859999514886602
719,0.842763902435865,7,1.09475745214618,0.894719198684498,0.526849165761349,0.261059897324303,0.859999514886602
720,1.0660168453203,7,1.14152302981013,1.09710545753007,0.510785796057262,0.280770793098658,0.859999514886602
721,1.07928863633042,7,1.0741856501681,1.09667795545913,0.57104808635903,0.286792459431432,0.859999514886602
722,0.796238183539498,7,0.84560437811878,0.792297335088615,0.442434499149424,0.206715172035552,0.859999514886602
723,0.533750137690062,7,0.496133897487163,0.526783797365542,0.291759753642824,0.141132987912987,0.859999514886602
724,0.672038289418982,7,0.51133056954015,0.692512071726965,0.342345187697639,0.157281685731833,0.859999514886602
725,1.26446054588145,7,1.11832585516295,1.19834200393134,0.66077163511215,0.332557329934131,0.859999514886602
726,1.32194364937176,7,0.998002994020511,1.25132163348796,0.730349436683689,0.352671596352406,0.859999514886602
727,1.83102374407458,7,1.49564858834914,1.97452441579593,0.947168455812215,0.468273933181011,0.859999514886602
728,1.63329908636367,7,1.26412638213531,1.73202855400999,0.653811865691443,0.313555071370259,0.859999514886602
729,1.10934910702649,7,0.770507380952194,1.07114617818758,0.520213322047922,0.263673554916742,0.859999514886602
730,2.17519234649701,7,1.63874387623522,2.09474605260202,1.09590697242352,0.540539545052839,0.859999514886602
731,2.0140313481078,7,1.3686747582296,2.08113016994675,0.948108732545549,0.480813954512037,0.859999514886602
732,1.33620330509252,7,0.935720427027737,1.36635644743228,0.639212690015949,0.310135814866575,0.859999514886602
733,1.21676642011933,6,0.974775434324544,1.21856907675755,0.719093675134728,0.361916714610963,0.853860874458056
734,1.11828428371647,6,0.992490678343978,1.11426775330052,0.609646866636106,0.302668279283346,0.853860874458056
735,0.769545509452556,6,0.637841177775922,0.775945837598186,0.473402016472281,0.229588141045015,0.853860874458056
736,1.16684811340098,7,1.07663852710291,1.19037234767854,0.653673861434491,0.333559589687531,0.865991487012835
737,1.20854848978874,7,1.1619279813731,1.21584696069629,0.652217087593932,0.308150724817584,0.865991487012835
738,0.120726365064846,7,0.117932605869249,0.122179490970316,0.0735758170582347,0.0348016944349792,0.865991487012835
739,0.935785448629336,7,0.915785646319407,0.953108340067855,0.566761105305598,0.269156513152096,0.865991487012835
740,1.11729253372156,7,1.12078645542472,1.12467861569066,0.671525130086416,0.313905810288255,0.865991487012835
741,0.62288004731359,7,0.639448327975844,0.625500237520324,0.381195492125628,0.172397664921831,0.865991487012835
742,0.633218626004603,7,0.654964572348714,0.637602338497137,0.357032829642504,0.172317265862261,0.865991487012835
743,1.19919656062229,7,1.26135130484284,1.20638560601143,0.741678798335139,0.363806574071304,0.865991487012835
744,0.635320837244636,8,0.674197470258614,0.676518175534651,0.368310561061502,0.178696062758263,0.887411894178788
745,1.29978046825475,8,1.44827362568807,1.43478774586116,0.783797309984828,0.382155583746631,0.887411894178788
746,1.2685707225548,8,1.35697789163604,1.29615133710207,0.760836137459871,0.362024232911329,0.887411894178788
747,1.14178441244582,8,1.24081562909572,1.18431398121485,0.664936748474396,0.325657971949998,0.887411894178788
748,0.909725816468462,8,0.946034459014161,0.961045007455847,0.482839816061378,0.234215539847823,0.887411894178788
749,1.16418980056415,8,1.27189413889513,1.21785374953224,0.646855855572521,0.29530186479857,0.887411894178788
750,0.981915099733159,8,1.07845110299492,1.00729812044013,0.554572946093109,0.266787526521048,0.887411894178788
751,0.463322338199383,8,0.522201885869322,0.476767322473281,0.266001872420494,0.134770000989852,0.887411894178788
752,0.727747212017341,8,0.821940191518111,0.734254842656549,0.40582559383275,0.197493520840521,0.887411894178788
753,0.888725828714772,8,0.99375944646228,0.858999332944346,0.509770435856475,0.263337749746313,0.887411894178788
754,0.704021193247011,8,0.768812030027658,0.708684839416594,0.363093891645203,0.190564239519652,0.887411894178788
755,0.800576281793402,8,0.925849769117628,0.837332772427747,0.477341355611074,0.252947205929844,0.887411894178788
756,0.871826024017853,8,0.993223637425341,0.879649999206224,0.486485835420542,0.234631572611901,0.887411894178788
757,0.580274298947284,8,0.62201597328898,0.578175467804147,0.292899678587774,0.14274977550806,0.887411894178788
758,0.927139772827623,8,0.949723134921368,0.949190540751524,0.510288570834553,0.247069247763805,0.887411894178788
759,1.25065205493567,8,1.31318713647562,1.24601786329751,0.723324396042317,0.368284721091292,0.887411894178788
760,1.13428423787724,8,1.1729105531281,1.13520100447855,0.611524799284279,0.316347604264449,0.887411894178788
761,0.724917828258731,8,0.81199746167349,0.741860785407867,0.502318638898767,0.248567252339084,0.887411894178788
762,0.716387322020923,8,0.766952658737713,0.696001570810253,0.427822159142508,0.205753230267009,0.887411894178788
763,0.808373924347753,8,0.810712795171947,0.794875266342695,0.461161596387287,0.225187840146803,0.887411894178788
764,0.850084189031262,8,0.850368250861911,0.83548664826693,0.498450258914182,0.241655737339353,0.887411894178788
765,1.45922778692426,8,1.42457783565122,1.43540972839018,0.859157387951575,0.432379952470045,0.887411894178788
766,1.66089202126436,8,1.62679302504763,1.6289309884206,0.956885884944913,0.484103603181777,0.887411894178788
767,0.900431762334044,8,0.92862337281079,0.893585813292125,0.576996887498508,0.294642570873473,0.887411894178788
768,1.65974224637354,8,1.6510977934405,1.63608962875227,0.81428023758929,0.38253094577121,0.887411894178788
769,0.831655763954008,8,0.781814655347054,0.806364074692504,0.445641167724791,0.229688301894077,0.887411894178788
770,0.938731044702448,8,0.943668136820958,0.918472789954955,0.551198205824171,0.276089794028581,0.887411894178788
771,0.616351459221497,8,0.615914207604819,0.598401041385409,0.364443263535723,0.176410465272924,0.887411894178788
772,1.37744227193397,8,1.38000412701258,1.33568489050281,0.835442266362144,0.412597411023231,0.887411894178788
773,0.926207369365981,8,0.987526352590901,0.893221717023694,0.57755190920811,0.27707878631497,0.887411894178788
774,0.519001023159108,8,0.525167262782654,0.502700369642092,0.246406694876641,0.146749103187318,0.887411894178788
775,0.791355993982003,8,0.815939253251569,0.769189945902077,0.456924962017503,0.233530890795455,0.887411894178788
776,1.22396690404402,8,1.24709795986918,1.17517026116646,0.720552853727582,0.361838487080102,0.887411894178788
777,0.994086821869532,8,1.04131204280509,0.965586816561759,0.562489036071512,0.282302229873298,0.887411894178788
778,0.297142803392933,8,0.305198862045825,0.285864899697473,0.197958883496335,0.100067311038298,0.887411894178788
779,0.210709975983369,8,0.220558737873729,0.202031960678306,0.136096819040177,0.0685016854823367,0.887411894178788
780,1.29232681736504,8,1.40801431206023,1.24986920366825,0.856054853932766,0.428938291229847,0.887411894178788
781,1.25023475026132,8,1.33769548142576,1.18530489628476,0.75863316395231,0.381277416820534,0.887411894178788
782,0.785182149979893,8,0.690992932892423,0.730811488064544,0.439246690195895,0.214474533417708,0.887411894178788
783,1.29805400054041,8,1.40558971179271,1.29166456508646,0.883984394561916,0.414861612201604,0.887411894178788
784,1.36754914525804,8,1.3357491054845,1.28090697161809,0.826893472233372,0.383465394716315,0.887411894178788
785,1.27991271665666,8,1.13406127044149,1.21704422947872,0.833003983673149,0.40365057743796,0.887411894178788
786,0.951991568905922,8,1.07421048431677,0.922136528043457,0.657654139261576,0.317431890346787,0.887411894178788
787,1.06059743711055,8,1.05353723709307,1.00637563324625,0.744408144875604,0.371221649762855,0.887411894178788
788,0.630210284405251,8,0.548500205678441,0.566807398467851,0.418880644695429,0.180268502888608,0.887411894178788
789,1.1935540926853,8,1.15821509337063,1.14749086273272,0.802924198580436,0.385772948103171,0.887411894178788
790,1.03240044513866,9,1.00659970246125,0.990176293584401,0.625245141226285,0.302049547310971,0.899642320971602
791,0.884413058109087,9,0.839774795090951,0.856092523785815,0.522648318546951,0.244192732620893,0.899642320971602
792,1.17855857680508,9,1.10003218642684,1.12758597529783,0.750224756091634,0.359151644754745,0.899642320971602
793,1.41366429819659,9,1.36826093868666,1.38481771506929,0.849676892437303,0.416305771978268,0.899642320971602
794,0.939011154541134,8,0.898286677031438,0.918763660809702,0.588431406303871,0.285829602873575,0.889434411338072
795,0.345902364131923,8,0.303707127864519,0.341799361522645,0.248929200864011,0.117587292173082,0.889434411338072
796,0.968609764613709,8,0.9126035352828,0.97640645732712,0.613736983912152,0.292807362253443,0.889434411338072
797,0.632560449963831,8,0.56656872213835,0.617542922531452,0.42816420560394,0.203915606991985,0.889434411338072
798,1.20572831008815,8,1.0969691233126,1.18756141444724,0.814201608424789,0.403007349630591,0.889434411338072
799,1.1831639337498,8,0.991974759903764,1.16849744400145,0.822836000088353,0.395418732327743,0.889434411338072
800,2.019745938284,8,1.58208818372351,1.97372679219812,1.4062306935139,0.683518824921897,0.889434411338072
801,1.1081602061995,8,0.95899898782366,1.0874992464269,0.716096724473639,0.349448761056008,0.889434411338072
802,1.2481862236444,8,0.9956593222652,1.1811039303926,0.894619748131578,0.458341052552109,0.889434411338072
803,1.27341596082495,8,1.09912467823572,1.28151376795098,0.775345387758485,0.387948910905208,0.889434411338072
804,1.35340717473133,7,1.3103599901054,1.28758096080726,0.864476417783408,0.421550214129814,0.882939259754628
805,1.45377304625396,7,1.24964329313668,1.36795480076934,0.999197096546035,0.483802222972623,0.882939259754628
806,1.29570650552996,7,1.1487626918386,1.25089842752465,0.9062853466718,0.456326067513807,0.882939259754628
807,0.67288856378662,7,0.556481782170354,0.631532731863463,0.397155613981702,0.202362439587641,0.882939259754628
808,0.777613910160258,7,0.731742978141018,0.774989792847628,0.431489826814453,0.213468799167047,0.882939259754628
809,0.453029941370472,7,0.41302107623787,0.436781792998451,0.326210727016692,0.160113420376149,0.882939259754628
810,1.19550331172454,7,1.13719201397829,1.18227677543383,0.715097226635698,0.362031163622613,0.882939259754628
811,1.16711833549685,7,1.1371891070283,1.18184791844254,0.741349974500505,0.34754075197281,0.882939259754628
812,1.20262883153336,7,1.15373511401389,1.20755910450307,0.764938023020244,0.377343358284804,0.882939259754628
813,1.61341526299606,7,1.54678811771695,1.58165675230285,1.05303261089142,0.534268915163202,0.882939259754628
814,0.967614961557498,7,0.933939755185763,0.998957652211177,0.641392909896523,0.324070407479195,0.882939259754628
815,1.1420290872018,7,1.07487479843448,1.16231128674567,0.738442859569084,0.376971364218927,0.882939259754628
816,0.765983273318672,7,0.748617675114918,0.789514347688549,0.481533477221998,0.241823518249604,0.882939259754628
817,0.0983889716424452,7,0.0881617745678376,0.0928370417043982,0.0946000240976465,0.0438480743817799,0.882939259754628
818,0.629642821640337,7,0.633295987744206,0.656270135376233,0.38997843818036,0.2003373785498,0.882939259754628
819,0.64324281295896,7,0.654862835171136,0.623989675950693,0.567584455572781,0.273209651160772,0.882939259754628
820,2.04950962843321,7,2.0676408543314,2.08510110226145,1.3586475352814,0.692194923156172,0.882939259754628
821,1.62375529833722,7,1.63880909837427,1.67865191894782,1.05747622183742,0.531639813337535,0.882939259754628
822,1.68240599791103,7,1.65340272201182,1.67818978807135,1.01477414284625,0.502315359683173,0.882939259754628
823,0.343236238364106,7,0.351645466610605,0.351153325083374,0.210531290732514,0.110276099807175,0.882939259754628
824,0.667779443426451,7,0.710971603153046,0.687311106135731,0.391723040827825,0.205349284806072,0.882939259754628
825,0.29800701386914,7,0.324355809682181,0.294026675786814,0.217463274549569,0.0980175774922205,0.882939259754628
826,1.08183488778735,7,1.24853391302796,1.13462298908253,0.738634308908829,0.388658631824235,0.882939259754628
827,0.924519805465922,8,1.00805862002265,0.979257575078797,0.695085706630982,0.347798645209438,0.889122269665533
828,1.47198784169425,6,1.32519292043606,1.5080771485381,1.24203621044772,0.632733903886685,0.854089368502044
829,0.241412216064492,3,0.183432429886351,0.249022420911711,0.0789230611724796,0.0388234982374869,0.793082283655389
830,0.543332692317363,3,0.41117887884415,0.431731197945395,0.196893364654134,0.0929851203475019,0.793082283655389
831,1.31816951559712,3,1.56293911183161,1.39149923656746,0.63985424851757,0.300709598083159,0.793082283655389
832,0.577574067618648,4,0.638304686268911,0.597071695838807,0.129936218281979,0.0627403031382867,0.712263262940351
833,0.983164018391327,4,1.24159171254409,1.05718542530051,0.30002856531488,0.146789614114925,0.712263262940351
834,0.722538865129861,4,0.83359286089201,0.769102066298051,0.247212433597583,0.113859839822651,0.712263262940351
835,0.756789792691933,3,0.973740532320341,0.811704031374916,0.184980831347798,0.0850773949478366,0.685718143992339
836,0.926601371935674,4,1.10739481202495,0.996532065115432,1.14107109181012,0.553705620537039,0.788955916113911
837,0.823630821119923,4,0.985796984767338,0.8750610501636,0.876666541781788,0.413094347271544,0.788955916113911
838,0.859864660718996,4,1.00091225767762,0.918036887871869,1.05491234743109,0.488515393615916,0.788955916113911
839,0.876042747472817,4,1.00626410096956,0.927452933618393,0.945125522780723,0.444823938743408,0.788955916113911
840,0.234949693578053,4,0.267261826095365,0.247481556076308,0.189355147178713,0.0822735205475432,0.788955916113911
841,0.990480731915625,4,1.08143725618179,1.01808728582029,1.00189435552027,0.419229844952396,0.788955916113911
842,0.914154264939354,4,1.01563383596632,0.944889792587316,0.853777367877037,0.418761413931098,0.788955916113911
843,1.39660742888577,4,1.62814468124725,1.42947416631512,1.35599799112512,0.642824099956779,0.788955916113911
844,0.931712017995781,4,0.987559164324241,0.948559014738036,1.08049053837351,0.492622237136773,0.788955916113911
845,1.05600688318314,4,1.20718825585354,1.06744238785388,0.992571224982475,0.503529975226025,0.788955916113911
846,0.840145082421884,4,0.970237293593012,0.846748305114285,0.670621493117508,0.334780307230865,0.788955916113911
847,0.32912575507031,5,0.336587370917234,0.322738844768547,0.447941601247871,0.21702263276986,0.835861654100994
848,1.1023661006548,5,1.04709126331222,1.13462196909686,1.08284534577934,0.517523690975865,0.835861654100994
849,0.46730126156971,5,0.440494453997525,0.480233595598682,0.639903699488565,0.286873231637253,0.835861654100994
850,1.19677732980163,5,1.17792411159779,1.2030479608017,1.36121708214554,0.639197957968412,0.835861654100994
851,0.711770214277866,5,0.659462185836158,0.720999293855476,0.797484297377796,0.39388292821575,0.835861654100994
852,1.39007395509304,5,1.35386637516681,1.3921335407026,1.36330230061915,0.608804940821608,0.835861654100994
853,1.43333167941842,5,1.43596236408347,1.42793767595076,1.57895429085194,0.706048797764641,0.835861654100994
854,1.41007137121818,5,1.26277462791948,1.37114449513216,1.31887359685605,0.620430204811889,0.835861654100994
855,1.08614700131949,5,0.884355814265772,1.03930361015627,1.02588722519329,0.462467283159885,0.835861654100994
856,1.3163892336796,5,1.31697917493423,1.32160005406674,0.671299888982403,0.355732306449736,0.835861654100994
857,0.74517394933412,5,0.703866599090396,0.73223179395453,0.257208297008308,0.12083334045635,0.835861654100994
858,1.56979126417985,5,1.3996579247655,1.47010747111587,1.40189722994026,0.648285986688646,0.835861654100994
859,1.13050428619774,5,0.857319320243071,1.01454823345701,0.971091616300226,0.477631904815713,0.835861654100994
860,0.909817684422063,5,0.956602095878107,0.900839800869001,0.826561282015423,0.408699426892912,0.835861654100994
861,1.11300346501259,5,1.10748376504388,1.06031300145987,0.973365443679321,0.462714047184808,0.835861654100994
862,1.08468650383046,5,1.01755948953448,1.04968980237558,0.813390598104193,0.40370384366683,0.835861654100994
863,1.01972689747939,5,1.07081377989666,0.987103776909382,0.692084490497957,0.330311486070119,0.835861654100994
864,1.2994689236777,5,1.29931514274216,1.25535655800528,1.0775157367072,0.522692075894992,0.835861654100994
865,0.384342825642517,5,0.363042819165129,0.365987799664145,0.307864609451048,0.136575661666829,0.835861654100994
866,1.20649762466079,5,1.1313375393764,1.2282505610011,0.599524168817266,0.3374981398811,0.835861654100994
867,0.455985647007153,5,0.442715312394893,0.437706209093543,0.288723995733584,0.130433865963224,0.835861654100994
868,0.44732064661092,5,0.458195964591959,0.431166649541305,0.349902335709411,0.184395104020304,0.835861654100994
869,1.29912725684414,5,1.28627869310677,1.25955593162688,0.851814705111761,0.377433406158665,0.835861654100994
870,0.664599943944091,5,0.800176885704227,0.709346157537753,0.452281947951484,0.25970064468506,0.835861654100994
871,0.921755701366837,5,1.16395894182888,0.917839160163371,0.880066001724682,0.4361288604316,0.835861654100994
872,1.17867041150952,5,1.18359250456771,1.15594548354578,1.09795580648161,0.509020195368748,0.835861654100994
873,1.28608835372005,5,1.33872702412345,1.30725281723151,0.876068612364117,0.422951880034663,0.835861654100994
874,1.18269317436876,5,1.3302138809092,1.16486122552239,0.994617154244528,0.468032716553314,0.835861654100994
875,0.85521588051698,5,1.12283704585435,0.903292478715042,0.990913300387132,0.452274176863639,0.835861654100994
876,1.72430523132453,5,1.82368981696487,1.69756423929101,1.3580956874076,0.631053419143687,0.835861654100994
877,0.343416296787329,5,0.402014681352045,0.332235123556478,0.152284345721615,0.0706235756267279,0.835861654100994
878,0.306392045863757,5,0.370176983666811,0.298942833991184,0.309059026519196,0.141071960615917,0.835861654100994
879,0.597249752928611,5,0.636753958327245,0.584802157821608,0.250962409767918,0.118563529605416,0.835861654100994
880,0.710141193459636,5,0.719664132503831,0.703354330877523,0.412062613432332,0.210069587709982,0.835861654100994
881,1.18527730360337,5,1.31452430787544,1.13871796076223,0.927280298193923,0.41564507887865,0.835861654100994
882,0.809962794619506,5,0.881698798940557,0.818973019885549,0.612726171893682,0.29589383633394,0.835861654100994
883,0.720253872636874,5,0.694733980120117,0.716515788976459,0.44853733107187,0.193126723188211,0.835861654100994
884,0.616324618215016,6,0.642327387894514,0.619126381120878,0.330489570509447,0.158452570899697,0.858264458831226
885,0.976547214252324,6,1.14581802429968,0.95924939250921,0.751814078153716,0.370815242291154,0.858264458831226
886,0.992607682242453,6,1.22595667379899,0.995980889044901,0.953851180349263,0.457362584417376,0.858264458831226
887,1.41298729768917,6,1.46632182379938,1.4165032464327,1.17383180166903,0.56945996656359,0.858264458831226
888,1.10263165765331,6,1.05477697189244,1.11985845391353,0.820354914914795,0.391088813384537,0.858264458831226
889,0.965977598766605,6,0.99685507612098,0.987958422775583,0.804651477451445,0.37461183533148,0.858264458831226
890,0.850788363547482,6,0.7770554484712,0.86530349261184,0.633201381888051,0.30292882274169,0.858264458831226
891,0.736952192058691,6,0.76358554970518,0.771039151436175,0.791478906581107,0.379095131852505,0.88138043323052
892,0.679817296626014,6,0.669567540155644,0.7138221576118,0.653690184424795,0.297736006698005,0.88138043323052
893,1.03642119733198,6,0.999824447394518,1.07129747143757,0.966751426870894,0.477552746206244,0.88138043323052
894,0.627533090247853,6,0.674389757575296,0.678986385720661,0.70016520598941,0.328859895925774,0.88138043323052
895,0.817489807096798,6,0.802735588671761,0.84599309291669,0.836960357522711,0.397282311650835,0.88138043323052
896,1.190571116746,6,1.10430492224753,1.23765299884062,1.16163517347952,0.544955814828832,0.88138043323052
897,1.6041875815563,6,1.51550115328023,1.66254329369605,1.65459302455983,0.768757887139842,0.88138043323052
898,1.66122732217694,6,1.48551932902402,1.71353820969457,1.41565169599666,0.730834920655455,0.88138043323052
899,2.16862917667447,6,2.05006776709188,2.20813057164419,2.05513467018194,0.991832377747363,0.88138043323052
900,1.06100240618217,6,1.03856939055804,1.09526634989862,0.979907248672404,0.434418515980299,0.88138043323052
901,1.00599319239862,6,0.999206515781744,1.0311085184688,0.991803315834549,0.49942969542992,0.88138043323052
902,0.600029838555643,6,0.628766733475288,0.623497023117317,0.63011851238427,0.3143083754564,0.88138043323052
903,0.822774094557684,6,0.8308328956154,0.849849618653114,0.808618100331943,0.396993742730765,0.88138043323052
904,0.419653397324237,6,0.407762924534251,0.427582659872259,0.359490945571997,0.176697616587082,0.88138043323052
905,1.02863279244635,6,1.09235353480107,1.04909373447874,1.04443382702204,0.49659400432162,0.88138043323052
906,0.464642651556288,6,0.54999710263947,0.497712881262528,0.474594228536341,0.232585401453534,0.88138043323052
907,0.25000089202723,7,0.266340587520812,0.262955294767174,0.217555967603437,0.106759077776195,0.893646082559957
908,0.942591373893527,7,1.08372025753108,0.98869267187363,0.879075900355326,0.435947767845481,0.893646082559957
909,0.792303288952418,7,0.848431122013535,0.80892241390263,0.698008204508477,0.335591456393439,0.893646082559957
910,1.00103390765186,7,1.14951467687616,1.03546142628275,0.876592801393142,0.42944448961661,0.893646082559957
911,1.44133227944461,7,1.67612536192654,1.52043433333229,1.50632823723048,0.696455461268613,0.893646082559957
912,0.743744558481017,7,0.850414843695052,0.758148552714588,0.562482264663085,0.255249957441755,0.893646082559957
913,0.931054285191833,6,1.04791933240177,0.940917943311334,0.872680675376473,0.410957054930992,0.893319655659088
914,1.07715610333171,6,1.27061509655031,1.09593336234514,1.0172266515542,0.471578419859163,0.893319655659088
915,0.801475109975543,6,0.967719009534887,0.817198297722483,0.816019983319858,0.383469741161909,0.893319655659088
916,0.336777276218528,6,0.382076294251168,0.34594219614544,0.280349187571326,0.138795762586482,0.893319655659088
917,0.882777510225033,6,1.05836639606948,0.992996704957952,0.792074112521195,0.383315263830468,0.893319655659088
918,1.19821202850017,6,1.26339131075836,1.22427343856207,0.958855069972479,0.535192259023403,0.893319655659088
919,1.45848982593453,6,1.71819175446474,1.4774550228391,1.36260442253517,0.644790513528164,0.893319655659088
920,0.652415244146333,7,0.682485971775631,0.657098536879554,0.556382102203137,0.256007419373131,0.898139480981614
921,1.04701303804183,7,1.31594182211694,1.0593316612896,0.812450982678592,0.407230316892311,0.898139480981614
922,0.625395764184314,7,0.746844738972212,0.650541424038385,0.501874695121568,0.221020974614096,0.898139480981614
923,0.484994615396877,7,0.667162806350073,0.488950549404076,0.35195517018734,0.166284297820337,0.898139480981614
924,0.183880766265366,7,0.199178398831378,0.189785080372621,0.130761251458449,0.0627263738864388,0.898139480981614
925,0.969065918084308,7,1.07065172193499,0.97532843973036,0.825465753139418,0.42497647424764,0.898139480981614
926,0.793739044828234,7,0.842722656202047,0.796572970602864,0.64671313083322,0.293524325601086,0.898139480981614
927,1.03977985047392,7,1.24075211780161,0.942644273985353,0.884555997976637,0.398507800533301,0.898139480981614
928,1.45898758723034,7,1.65002069903101,1.27606059936884,1.1921330531528,0.578002492640531,0.898139480981614
929,1.15873932165108,7,1.31180806118432,1.17596914180091,0.910198476603998,0.413924939826359,0.898139480981614
930,0.446347785099645,7,0.43633700538486,0.442350111897216,0.366322135806614,0.171180958437612,0.898139480981614
931,1.18764628263274,7,1.14530672674932,1.16844507804081,0.912822334284101,0.441627353443514,0.898139480981614
932,1.4439826553001,8,1.31238112117964,1.38764215524315,0.882534564547705,0.387071432034782,0.875168532141068
933,1.04798243227226,8,1.03691945099013,0.970534458402964,0.85059449371587,0.405392622850201,0.875168532141068
934,0.738950579657748,8,0.687840588691263,0.715172239903381,0.477443469593374,0.22853414354606,0.875168532141068
935,0.782459504117766,8,0.698695379752787,0.75145556429191,0.483589347577679,0.223665960337583,0.875168532141068
936,0.845424158133423,8,0.759195089930102,0.827182093981819,0.580716300605471,0.275496126388396,0.875168532141068
937,0.28769879850345,8,0.303132171266363,0.320928832156248,0.191862520420377,0.0767294899253799,0.875168532141068
938,0.896660635112161,8,0.777835827729115,0.887259083470149,0.72896804795871,0.346076420229401,0.875168532141068
939,1.14787579328919,8,0.95918764644047,1.11281107050914,0.816108637238348,0.400658977388705,0.875168532141068
940,1.34780179177827,8,1.1175270751782,1.36220804725743,1.02773411464925,0.507259271997639,0.875168532141068
941,1.58749826839763,8,1.2590856494023,1.55901298205862,1.17818843411044,0.605788491765537,0.875168532141068
942,1.66843508587881,8,1.28707425880948,1.65495998174371,1.19767208599102,0.607625202174213,0.875168532141068
943,1.51377027228894,7,1.10626314734885,1.45525848956417,1.03180609094375,0.516902229626377,0.860047894807557
944,1.43440117575261,8,1.09910004596106,1.4333188492568,0.986088761080683,0.504630382084017,0.859106546466545
945,1.50422035435209,8,1.2225216426317,1.38117497538049,1.17252706638473,0.58933127582561,0.859106546466545
946,1.61380351173301,8,1.22377266767957,1.56883117838224,1.20482497191759,0.583235103542703,0.859106546466545
947,1.31819901256702,8,1.04628562522618,1.30253906684116,1.15045112884825,0.546444298621117,0.859106546466545
948,1.48468132338814,8,1.19391395669918,1.33070322390476,1.21226090476978,0.612965811072021,0.859106546466545
949,1.45644654048596,8,1.19870548432589,1.33163739118407,1.13049480983366,0.521112186207489,0.859106546466545
950,1.3414892920981,8,1.1326997830329,1.32259408532349,1.00501663056874,0.499841283014874,0.859106546466545
951,0.868676164812019,8,0.761083923780456,0.858966056790793,0.603556671591819,0.298065331626787,0.859106546466545
952,1.1800212748578,8,1.11637373228177,1.10841245879769,0.836465131105977,0.408972959851712,0.859106546466545
953,0.61081326755862,8,0.578397478434711,0.598407569257218,0.385283336539609,0.188799483456536,0.859106546466545
954,0.321728310213232,8,0.311875976181934,0.312488795303934,0.189438707256015,0.0886497471217437,0.859106546466545
955,0.537564899603131,8,0.577359388818469,0.528324457017305,0.342715480826963,0.176754405597298,0.859106546466545
956,1.03841071746734,8,1.04664391090819,1.03118238076375,0.584029093374707,0.305441660212842,0.859106546466545
957,0.397988932827415,7,0.43750127813727,0.381365740907366,0.207253614435986,0.099704237359915,0.835650364585377
958,0.760706997166081,7,0.766712555605331,0.753374929589392,0.322505046379267,0.209966075436983,0.835650364585377
959,1.08918454263908,7,1.10743231571182,1.08501373154658,0.743653081236356,0.383446073062611,0.835650364585377
960,1.52204004754469,7,1.52461784440262,1.49384611011777,0.996102153516048,0.502438735069978,0.835650364585377
961,1.15911926074082,7,1.13694922585316,1.12820875082202,0.821439536374592,0.411033166300489,0.835650364585377
962,0.854374798884295,7,0.896865511709465,0.840846921533404,0.473986644369414,0.283919689151829,0.835650364585377
963,1.42341428119046,7,1.43503421652825,1.40852978272835,0.957702018964838,0.483166369394352,0.835650364585377
964,0.892774141602742,8,0.947804816507309,0.936824529682652,0.58389447659331,0.288632966325778,0.866411228064219
965,1.13793920485491,8,1.20699119898713,1.1706050360114,0.703945950742353,0.355964129369691,0.866411228064219
966,1.08084756740965,8,1.19122915641274,1.12366046204575,0.588074461122333,0.269970949092744,0.866411228064219
967,0.897824209910579,8,0.969056398317489,0.904513506828608,0.513607380220968,0.257037107124006,0.866411228064219
968,1.01470839664339,8,1.13869352752593,1.03827657117384,0.559990920427519,0.283203325492725,0.866411228064219
969,0.587852271704017,8,0.692719887304873,0.599287476420471,0.309219973980538,0.139731516395896,0.866411228064219
970,0.735941513137034,8,0.858184555056217,0.750116183707579,0.473994226521741,0.238644976401741,0.866411228064219
971,0.832433694694602,8,0.969856165709813,0.849157782934332,0.448818002661349,0.228295363456087,0.866411228064219
972,0.113843299367773,8,0.115284638357609,0.106259392066398,0.0715922472235773,0.0339754542204092,0.866411228064219
973,1.39254596139076,8,1.7197601565856,1.39269651042499,0.725128174527516,0.35283657063193,0.866411228064219
974,1.09200555799409,8,1.22016727601551,1.08035258355445,0.605174902743258,0.288889682138012,0.866411228064219
975,0.836745850849649,9,0.93777672428635,0.806116520792208,0.433639452523304,0.216438586527141,0.876677060270943
976,0.589767860466242,9,0.666188326970231,0.577617076010757,0.356856985137733,0.182967854502893,0.876677060270943
977,1.26716872386626,9,1.48006975083681,1.24729898635484,0.70057454465155,0.339629701880227,0.876677060270943
978,0.443908624394589,9,0.454479593141209,0.432567647067498,0.189320060503427,0.0877322212685866,0.876677060270943
979,0.764637585055387,9,0.919066285451481,0.649227096266825,0.392944407356346,0.197328287301715,0.876677060270943
980,0.210823243642207,9,0.204451958203143,0.208579136643341,0.106092775611928,0.0448429349780144,0.876677060270943
981,0.278286704448978,9,0.336656014841366,0.252369116884495,0.133192957630045,0.0625415192330256,0.876677060270943
982,0.852461176902295,9,0.895550092071842,0.850841544484921,0.483013839618151,0.242490560616435,0.876677060270943
983,1.15556039272226,10,1.14659195886467,1.15444345516506,0.712060640781,0.348195025832588,0.890643034542991
984,0.797640114093165,10,0.769360537806448,0.783008919974715,0.403871699901435,0.225952912540599,0.890643034542991
985,1.36178167889547,10,1.41825315805876,1.36025081486809,0.793782751111444,0.392814351354254,0.890643034542991
986,1.40300698395371,10,1.38534273131729,1.3548574958508,0.770130898271891,0.395083311701849,0.890643034542991
987,1.44990174943065,10,1.32573058980528,1.44838197223461,0.790019317078436,0.405841162675109,0.890643034542991
988,1.97695979758154,10,1.93137041759467,2.00052477960679,1.12908536023881,0.55178278441969,0.890643034542991
989,1.79167781382953,10,1.7460599598014,1.79927570928598,1.03951849970896,0.517228637344556,0.890643034542991
990,0.920549831654079,11,0.945405686712225,0.94856083062818,0.414396375570694,0.228643130224877,0.900737208210241
991,0.419757930270589,11,0.433434887713354,0.432855355040256,0.19523106439465,0.0909561037915092,0.900737208210241
992,0.805014279184672,11,0.833982901764968,0.83358589070632,0.339406813487734,0.167873273131803,0.900737208210241
993,0.471439142222029,11,0.497597147318975,0.491031478219276,0.22545647518742,0.111715906703336,0.900737208210241
994,0.943810394579979,11,1.02929997653016,0.998375377929897,0.448771288758616,0.229134341397282,0.900737208210241
995,0.590026815615982,11,0.675237048234231,0.623126102156017,0.283277635487493,0.130722436667336,0.900737208210241
996,1.37146041775867,11,1.53304608349029,1.47014667088939,0.681068073115859,0.351221842743146,0.900737208210241
997,0.72309663840111,11,0.814918154656148,0.745086125730298,0.338474833566095,0.166204944809401,0.900737208210241
998,0.859660476378746,11,1.02969021294037,0.89134056948689,0.461591297698052,0.226035585222767,0.900737208210241
999,0.602899297300208,11,0.708282680548513,0.633850853060239,0.251103876958834,0.128585057753899,0.900737208210241
1000,1.04458491937704,11,1.26353352995075,1.1045818400451,0.533207898170566,0.269557474617997,0.900737208210241
1001,0.546516321175351,11,0.64512287420354,0.562759275484913,0.248376550787092,0.136517518740479,0.900737208210241
1002,0.608125696418856,11,0.739063849424239,0.637557929819822,0.304995020861382,0.1529310347415,0.900737208210241
1003,0.77454916458945,11,0.86746154402653,0.812407554815789,0.356610533101836,0.182859563579368,0.900737208210241
1004,0.981585127120189,11,1.25671453585346,1.01366627008839,0.531373667163535,0.272150421313292,0.900737208210241
1005,0.00445814836328528,11,0.00481000948473284,0.00464604241650076,0,0,0.900737208210241
1006,1.03629534247584,11,1.21060325384874,1.10972134140034,0.490155227038302,0.246383436090883,0.900737208210241
1007,1.2063582530703,11,1.44444019135759,1.25478491628324,0.541423461061979,0.284824995472728,0.900737208210241
1008,1.16080646023375,11,1.28561798144251,1.22682206745957,0.617365471376853,0.318399955337818,0.900737208210241
1009,0.670803979042345,11,0.757083272774706,0.726479988396729,0.358550097640481,0.191941659365147,0.900737208210241
1010,0.849300207038515,10,0.844965043875203,0.872185170978788,0.336057683171778,0.144494384056518,0.88433109491592
1011,0.904461465126023,10,0.90047908493724,0.934750219383509,0.483105776075238,0.227868613970126,0.88433109491592
1012,1.20294351016761,9,1.35371697427056,1.33605600709539,0.465369259510704,0.242667723251634,0.878942547240953
1013,1.06776145836983,9,1.12342610788415,1.16006704222982,0.52387456097504,0.220913440557295,0.878942547240953
1014,0.622318027095835,9,0.598265987008937,0.645731312689498,0.206572152883529,0.101221827642008,0.878942547240953
1015,1.0850883066672,9,1.13812779870308,1.18697238712264,0.550588694817264,0.243775508056253,0.878942547240953
1016,1.33554477801555,9,1.31355998734791,1.28735344204694,0.627958401543203,0.291393983724247,0.878942547240953
1017,1.33483167538196,9,1.20017707671946,1.39710435956315,0.632252374239118,0.316407799814261,0.878942547240953
1018,0.984596351426125,9,0.848079636743898,1.05213613044817,0.476057506226857,0.220203808386064,0.878942547240953
1019,0.308736917550125,9,0.282812549589193,0.307036326205566,0.0857803109674508,0.0417365309424105,0.878942547240953
1020,1.67888924583245,9,1.3741374503437,1.65153236873499,0.87157560620128,0.440162202997643,0.878942547240953
1021,1.30471966049279,9,1.13060820861081,1.37630320397703,0.663828842338562,0.329803246188198,0.878942547240953
1022,0.77267711425467,9,0.66992992870867,0.824032428689065,0.349057947658301,0.174731373466347,0.878942547240953
1023,1.29297975496955,9,1.05700065028846,1.34509590352211,0.531743370180874,0.275658900392176,0.878942547240953
1024,1.51376568651936,8,1.2235994719924,1.48800060487565,0.62188652472873,0.322824426344229,0.861571645178819
1025,1.00258443622618,8,0.760136449848772,0.989529919888758,0.418752421996263,0.222322945310587,0.861571645178819
1026,1.34956100185011,7,1.15558334740693,1.4869594756443,0.808171893436498,0.409810413170004,0.836783382818649
1027,1.36467711317979,7,1.18054035441838,1.35179215760884,0.890721299266964,0.451706677498121,0.836783382818649
1028,1.11530329519154,7,0.945475207841782,1.10479945366452,0.630068629608924,0.320169813831117,0.836783382818649
1029,1.55393153461711,7,1.33019187705376,1.52548666590306,0.89598791149077,0.464520047468284,0.836783382818649
1030,0.918830501304254,7,0.970798319834848,0.930900626469292,0.617872440218371,0.227983745148765,0.836783382818649
1031,0.789340429966488,7,0.723142429413874,0.822898327400154,0.470713085026759,0.229715365815317,0.836783382818649
1032,1.3050180262771,7,1.20115508602181,1.28768953430313,0.719797401341622,0.38644529557395,0.836783382818649
1033,0.887505524613574,7,0.870065749782484,0.912783739551539,0.541230160234485,0.27118205187712,0.836783382818649
1034,1.19289336929759,7,1.31713654623474,1.19391082232416,0.815558422674707,0.400801270663226,0.836783382818649
1035,0.649294229527727,7,0.6106979609952,0.696340765841449,0.342394238977101,0.16830784255841,0.836783382818649
1036,0.654550083349634,7,0.766589412230349,0.649138313546038,0.450760142545997,0.21812908170528,0.836783382818649
1037,0.941495425890229,7,1.00522965267297,0.932088601734535,0.537460766944295,0.265038101414011,0.836783382818649
1038,0.992970711660261,7,1.11282064695879,0.970200130584113,0.574016592316835,0.289860374242807,0.836783382818649
1039,0.969038281946019,7,1.0691693405819,0.940285012756898,0.442012336638405,0.215696669270183,0.836783382818649
1040,0.564287636010071,9,0.667044256352464,0.562755925931974,0.318857199568635,0.158779936708499,0.862087844875255
1041,0.295863659447335,9,0.336564588084495,0.298654683726812,0.141671137587015,0.070844048485275,0.862087844875255
1042,1.00265266598439,10,1.0551768671284,0.95102219841127,0.494104453099686,0.249348023862498,0.887609774908118
1043,1.08305488181283,10,1.20169602045397,1.05797815359812,0.435078473165426,0.238151726930249,0.887609774908118
1044,0.731758208879965,10,0.865113851312428,0.754375280845238,0.331408132163923,0.164406705034308,0.887609774908118
1045,1.01150822084956,10,1.0735933004061,0.976895463707159,0.443348424814441,0.239736329792856,0.887609774908118
1046,0.690012830863179,10,0.705354615433191,0.683291510262483,0.321534318965373,0.163784651001085,0.887609774908118
1047,1.58503928828734,10,1.50836289693757,1.51778696941334,0.628631693849089,0.33403246321178,0.887609774908118
1048,0.440561114388063,10,0.424083258595239,0.417298066801788,0.143339101413605,0.0749886950772131,0.887609774908118
1049,1.2914048898988,10,1.15690756533203,1.22927144353235,0.593867295047759,0.318194419748176,0.887609774908118
1050,1.23888910478888,10,1.12342718490518,1.13490775793771,0.604722287769914,0.320280500590261,0.887609774908118
1051,1.04636933341618,10,0.940965179478274,0.955764228624936,0.5136187056985,0.239802232551179,0.887609774908118
1052,1.75898584558263,10,1.46820621820365,1.68661252599267,0.793409267227984,0.435958355534295,0.887609774908118
1053,1.02306105073368,10,0.832157687762143,0.979053697543847,0.452033278373202,0.239075226316986,0.887609774908118
1054,1.54374133520463,9,1.27051712279729,1.47547133161031,0.604418546747243,0.335862138010832,0.866080991231164
1055,0.804927322197255,9,0.727428190209029,0.77266319011914,0.311672167731125,0.15914624659454,0.866080991231164
1056,1.32432800189935,9,1.12194818535771,1.27088123504614,0.614639482450991,0.312902179763489,0.866080991231164
1057,1.14840122974828,9,0.93777756975965,1.08748395433774,0.577545396342738,0.296597191200004,0.866080991231164
1058,1.17854099723578,9,0.942974898577666,1.11367274902004,0.582229137695279,0.304033707557049,0.866080991231164
1059,0.789516005031626,8,0.628669879238292,0.737410397250532,0.291261444166281,0.150029107784356,0.843176107976267
1060,1.10008779027918,8,0.924637730499732,1.07601883019471,0.502086640851035,0.226870246733486,0.843176107976267
1061,1.56221188346172,7,1.33129814202753,1.49645417170844,0.647835083796795,0.288510999442895,0.824960968009983
1062,1.07637395854369,7,0.849983843603281,1.0422406117119,0.455438962082642,0.236760063303904,0.824960968009983
1063,1.43488317881312,7,1.24471464478896,1.38855446256583,0.530800518394393,0.24259673477274,0.824960968009983
1064,1.46088565392819,7,1.2624536224458,1.42393042679694,0.51770348672126,0.259318223618215,0.824960968009983
1065,1.88359161250867,7,1.72671388279835,1.85537753748833,0.721944902663404,0.372059139481065,0.824960968009983
1066,1.51371021654591,7,1.3792663511983,1.46355498940494,0.596412041741608,0.252144169151263,0.824960968009983
1067,0.228199336843903,7,0.215756597120439,0.222936699947847,0.102800283318496,0.0515660721134782,0.824960968009983
1068,0.622795394355067,7,0.590694304353142,0.609833866565604,0.231578187098401,0.117637855607967,0.824960968009983
1069,0.620954847523666,7,0.578294590481587,0.628502770005237,0.235247423022304,0.133178878126581,0.824960968009983
1070,1.08028750696431,7,1.04833224831211,1.06458469703491,0.351615525554366,0.188841589100916,0.824960968009983
1071,0.851059839194242,7,0.820163490443383,0.832583532930643,0.425218610543185,0.196627509768495,0.824960968009983
1072,1.05464873833484,7,1.036494048325,1.04961426094619,0.454468621036852,0.214188093815757,0.824960968009983
1073,0.97802675400643,7,0.999403659401928,0.966974584185964,0.362717331203637,0.126661674709107,0.824960968009983
1074,0.758183300672629,7,0.824467194898212,0.734512839086936,0.306094872909298,0.158931870853212,0.824960968009983
1075,1.42215617407545,6,1.07719894685688,1.23960784405195,0.415783773872606,0.212765963850162,0.787324359991889
1076,0.791084128063928,5,0.956244580582727,0.806089419306388,0.236043121668319,0.121982633822609,0.790424774567866
1077,1.1238019262961,5,1.22093886326546,1.13905852438311,0.298794434166737,0.159597876686777,0.790424774567866
1078,0.553217313034867,5,0.661718651398021,0.569161707502537,0.172828851244179,0.0876429923737415,0.790424774567866
1079,1.34488942772093,5,1.58549579332714,1.37625977726686,0.555304230388908,0.282114717386179,0.790424774567866
1080,1.55263772917003,5,1.61998375649231,1.57760384365996,0.642663830261936,0.305988594738919,0.790424774567866
1081,0.493301723769684,5,0.505806951614462,0.497089211742825,0.21951542362129,0.103045720332619,0.790424774567866
1082,0.747751486212876,5,0.872209277373001,0.759710107810745,0.207372581389571,0.11391156746973,0.790424774567866
1083,0.871622260030022,5,1.01397556872088,0.894487902636849,0.304459709318186,0.129880429910288,0.790424774567866
1084,0.915547749299498,5,1.329718542912,1.05981748386447,0.294597775998093,0.150756500279336,0.790424774567866
1085,0.291187819192601,5,0.345812898267184,0.289503800273515,0.161567300433646,0.0697336372992734,0.790424774567866
1086,0.421009978753107,5,0.51928113145309,0.433095577703136,0.128367300207349,0.0572990993451343,0.790424774567866
1087,1.37137273512523,5,1.60543226800029,1.39361125242652,0.331944580021024,0.218896556122019,0.790424774567866
1088,1.27372354137276,5,1.54598611865956,1.28466008901216,0.439684819273918,0.144529435011055,0.790424774567866
1089,0.925813452294868,5,1.16796095697308,0.931170659243536,0.344850334070747,0.113473206241786,0.790424774567866
1090,0.562951734289428,4,0.549516502028473,0.510915342767424,0.194127468275777,0.0960583742763332,0.744158802246093
1091,0.225916284754672,4,0.24581531049206,0.218577523677197,0.113109683898684,0.0545737105609596,0.744158802246093
1092,1.09444659879822,4,1.24827620901646,1.11338269001226,0.466994912833364,0.224308271995209,0.744158802246093
1093,0.77528651916261,4,0.869472474113483,0.76173268034298,0.305995067012636,0.152251065813641,0.744158802246093
1094,0.756808696838296,4,0.969665150913376,0.754400637889374,0.278150970915479,0.13993776147891,0.744158802246093
1095,0.999484844176422,4,1.26905911034644,0.935561004644935,0.407796200169136,0.183283018751169,0.744158802246093
1096,0.658978844040239,4,0.86901571349377,0.671348897508846,0.292973163346652,0.144676502420288,0.744158802246093
1097,0.368590296275378,4,0.518746743062083,0.38795028606412,0.126004309681593,0.055242275418868,0.744158802246093
1098,0.988781542414284,4,1.32003942016143,1.01126674598715,0.302786564381381,0.151949955294549,0.744158802246093
1099,0.635733685433891,4,0.728283022375674,0.637236934554776,0.293729208503076,0.149408140066622,0.744158802246093
1100,1.04332779038323,4,1.36654733534168,0.981812641324946,0.470877409789595,0.245629171725099,0.744158802246093
1101,0.39447981698911,4,0.442618536739742,0.398252611550579,0.129801647818336,0.0653948620011821,0.744158802246093
1102,1.02228990447889,4,1.14172733941423,1.02697668825382,0.475376236224556,0.2475690687014,0.744158802246093
1103,1.27453387467493,4,1.53362523636158,1.29088356856793,0.610381958142805,0.310931256511707,0.744158802246093
1104,1.0266117865851,4,1.29897749689016,1.0392626624293,0.505186192668738,0.271415795592851,0.744158802246093
1105,1.06419065923492,5,1.24198668336689,1.08167345735302,0.694802398298681,0.353964468520264,0.780686740755035
1106,0.6806452498068,5,0.815169885104538,0.721519549430535,0.366087357916174,0.197235414849661,0.780686740755035
1107,0.334605853494627,5,0.321984239790153,0.309010911240628,0.205613069352602,0.0975521767628942,0.780686740755035
1108,0.630168585304035,5,0.54971779501688,0.640374324212984,0.34110886616897,0.171699182334565,0.780686740755035
1109,0.976727353913624,5,0.896254198786141,0.947127150349047,0.499392819153331,0.246950929263085,0.780686740755035
1110,1.21794641088667,5,1.23763564084178,1.24493544651221,0.757236623531971,0.325842423773941,0.780686740755035
1111,1.12932775317717,5,1.12467794898526,1.13843771460659,0.614404039648499,0.298854842460834,0.780686740755035
1112,1.32740371905307,5,1.25349763510848,1.33977198344692,0.696277965464477,0.343249267801288,0.780686740755035
1113,0.964677565515024,5,0.905511524301873,0.983115286156901,0.555213646024887,0.257591052488692,0.780686740755035
1114,0.980308736658167,5,0.863840158325588,0.861616138606425,0.47129113781634,0.244592331696592,0.780686740755035
1115,1.33467872396065,5,1.1930494883495,1.33663902488659,0.714663807047913,0.359392071285665,0.780686740755035
1116,1.40340310113727,5,1.2360959374134,1.43550950012448,0.657417149486469,0.343642026537531,0.780686740755035
1117,1.14194268777275,5,0.997238632540454,1.15549378928477,0.572073551962078,0.28868006414351,0.780686740755035
1118,1.41805218139815,5,1.2761553081681,1.48507412720931,0.694979242824377,0.383780146478774,0.780686740755035
1119,1.37080128967702,5,1.19955527402075,1.38042064204865,0.680520115612937,0.35029441377018,0.780686740755035
1120,1.0461210022443,5,0.901362934468382,1.06043291438184,0.539598107190027,0.271514273796883,0.780686740755035
1121,0.613023846924458,5,0.522533821614558,0.623007720338841,0.316364044206288,0.166417876775805,0.780686740755035
1122,1.20065431384152,5,0.99939561515375,1.19168809465423,0.883585738170487,0.371458347923374,0.780686740755035
1123,0.576804608083265,5,0.485162085895414,0.586899844001259,0.370226654443844,0.216940045020867,0.780686740755035
1124,1.25654380514898,5,0.994396483001386,1.29979711638133,0.679260037404031,0.33357420610705,0.780686740755035
1125,1.2176718871546,5,0.985086120276167,1.20965445775752,0.613282122479635,0.323636297703492,0.780686740755035
1126,0.860536001481794,5,0.804770537111358,0.867993024756389,0.49953412337507,0.253615173394655,0.780686740755035
1127,1.17300485335147,5,1.00737088932458,1.17789913030822,0.754490730972682,0.371211759751899,0.780686740755035
1128,1.45979990708674,5,1.29329968871529,1.43890825079213,0.899174733423159,0.466108854124749,0.780686740755035
1129,1.39002262530336,5,1.23329824140658,1.35258429035599,0.828765997255248,0.42405467036122,0.780686740755035
1130,1.58856634923513,6,1.50520725975468,1.60437280433506,0.938746220669976,0.465399158668929,0.787696343146054
1131,0.862795703794025,6,0.811835734721352,0.889728449376923,0.522421810714003,0.247547413623984,0.787696343146054
1132,1.13838012086474,6,1.07159872250956,1.16398087282476,0.748765738774707,0.351169844053355,0.787696343146054
1133,1.19307612893749,6,1.13694474192328,1.21699450093491,0.707779280355235,0.344609475896769,0.787696343146054
1134,0.382171565661374,6,0.365124126805835,0.386692083195088,0.178557226087379,0.0966951575937648,0.787696343146054
1135,0.917834727893505,6,0.899699035601122,0.925276111747745,0.648787129984561,0.306606700527457,0.787696343146054
1136,1.03229179902321,6,1.01785648277037,1.04582089507718,0.628360590567856,0.302325319544406,0.787696343146054
1137,1.20978237627578,6,1.07455131459211,1.29323368145492,0.630087828986986,0.327964927890556,0.787696343146054
1138,0.712488332867586,5,0.705998832391212,0.716585924898953,0.481174242807672,0.246372889831685,0.79532251227801
1139,1.32605796563431,5,1.31338312693791,1.33670621296689,0.914819503803889,0.488026504194588,0.79532251227801
1140,0.798907698780117,5,0.813440395291687,0.809453693739876,0.431315965633894,0.226829983239881,0.79532251227801
1141,1.34208570766371,5,1.36416620842739,1.32357559740227,0.885889272829515,0.476650477661832,0.79532251227801
1142,1.1857013124538,5,1.32000982549804,1.19443502039064,0.873665630451322,0.46299327418941,0.79532251227801
1143,1.23361425598784,5,1.24639811508509,1.23621495934508,0.848622142284435,0.44197960016019,0.79532251227801
1144,0.857788728205942,6,0.875579988525616,0.858565747223858,0.738427259914472,0.393150726370606,0.805234940541246
1145,1.1668467405756,6,1.32076247943166,1.20483799497518,1.19489857539608,0.621601299243688,0.805234940541246
1146,0.589316034855577,6,0.642848849582217,0.593178205977587,0.386579013257605,0.192703158492403,0.805234940541246
1147,0.886710318951613,7,0.937537519959364,0.903760475780587,0.918848837331812,0.464985120705944,0.864549786206371
1148,0.859239849244901,7,0.963845629310643,0.876483853287896,0.619832904201948,0.328491641473832,0.864549786206371
1149,1.0689681219178,7,1.19953314087707,1.08721117008099,0.938617904767617,0.446434760637432,0.864549786206371
1150,0.449927445113019,6,0.468838525371141,0.46145042242698,0.422993357035714,0.216168420957617,0.874873086877298
1151,0.674684881942693,6,0.753142554977109,0.692567773131705,0.53067117185686,0.264542080450541,0.874873086877298
1152,1.17966939724012,6,1.3461767055097,1.20450447582605,1.14035969184402,0.480108779611848,0.874873086877298
1153,0.606346053670892,6,0.693410112245477,0.61849499703475,0.611507972661802,0.282574475829926,0.874873086877298
1154,0.73306767903348,6,0.781004398444942,0.730788369939521,0.788344327112543,0.379291584668796,0.874873086877298
1155,1.3211476417363,6,1.50040183350278,1.36356118973868,1.30818136993089,0.622389093518465,0.874873086877298
1156,0.677667682484846,6,0.780920285925786,0.691519476560528,0.506212930176647,0.2700561871385,0.874873086877298
1157,0.866202945119323,6,1.11726725573669,0.880798221885994,0.736264943887628,0.401578625292834,0.874873086877298
1158,0.32037006684657,6,0.362137711749464,0.3274914200962,0.339561459968521,0.172186516339586,0.874873086877298
1159,1.27026082724258,6,1.2473318883382,1.29716005443113,1.2055051371216,0.599980601939749,0.874873086877298
1160,1.12275428602824,6,1.22387065059435,1.14542650950203,1.13264038263998,0.563494817597213,0.874873086877298
1161,0.31163430999095,6,0.296705301947518,0.338352279216377,0.291911839983236,0.135337348296642,0.874873086877298
1162,1.31160618117862,6,1.42238994506427,1.34269681970106,1.35436921172946,0.71544650412505,0.874873086877298
1163,1.34399375169624,6,1.42898745896373,1.35888369453236,1.37265925604393,0.702677350921761,0.874873086877298
1164,0.64951040166261,6,0.703051392241217,0.657513281532475,0.546305804912157,0.270421878806651,0.874873086877298
1165,1.52362647772345,6,1.62064809337746,1.53981737739344,1.52101388255793,0.779258034130829,0.874873086877298
1166,0.92231301206136,6,0.988055364703833,0.923606034160254,0.770000279346903,0.420541986722326,0.874873086877298
1167,1.54631758691416,6,1.65393811345568,1.55186870581457,1.51512706412734,0.796968053844659,0.874873086877298
1168,1.01509949732013,6,1.10277816606472,1.0210249791216,0.997758519353549,0.490178814986756,0.874873086877298
1169,0.285423020037103,6,0.318320240778548,0.286483192178417,0.309512659585811,0.155440438642743,0.874873086877298
1170,0.854484141097325,6,0.96076316216408,0.861608034700275,0.913316084210263,0.476544650657909,0.874873086877298
1171,0.735508558242772,6,0.873594824330091,0.735638617369309,0.595240074145881,0.371702933350798,0.874873086877298
1172,0.803109979647499,6,0.92848079114204,0.821242851412175,0.700003901849601,0.351751580522264,0.874873086877298
1173,0.896621310303755,6,1.08279371949664,0.906815430730617,0.818077532894935,0.423258447437043,0.874873086877298
1174,0.978805269011221,6,1.18081015409631,0.967920993303973,0.908713229975972,0.471073214481553,0.874873086877298
1175,0.151176835384176,6,0.190570253645975,0.149852656034561,0.0940882090101997,0.0425547642237563,0.874873086877298
1176,0.970235987315142,6,1.19252458570294,0.959856928362251,0.901896133860799,0.521230548817907,0.874873086877298
1177,0.513081735894198,7,0.612159784875588,0.535196457811316,0.365298549969163,0.186208356314277,0.901446991794832
1178,0.946047303061823,7,1.18164432194408,0.943984606362826,0.76480343379069,0.370671132271275,0.901446991794832
1179,0.840550474729525,7,1.06046290474529,0.85594403949309,0.758319342320434,0.387878565754019,0.901446991794832
1180,1.13823338294453,7,1.45565656045305,1.21598083341557,1.19909767897017,0.608068905638296,0.901446991794832
1181,0.926611415793214,7,1.1350813638308,0.938937229979658,0.853684806200024,0.447298014453954,0.901446991794832
1182,0.581460742666723,7,0.745130318418454,0.583916752502159,0.546496467794936,0.24824399453747,0.901446991794832
1183,0.860392742874572,7,1.01725355881809,0.858342285600669,0.80429616088235,0.382508906571249,0.901446991794832
1184,1.41578487540282,7,1.66594143330883,1.4220927122581,1.50666565786628,0.732826333120697,0.901446991794832
1185,0.763719937761812,7,0.861932215906179,0.764569932898755,0.629148376010515,0.320672738024806,0.901446991794832
1186,0.402165973466833,7,0.420486319197448,0.393488557633039,0.40962413176608,0.208757810911184,0.901446991794832
1187,0.651379458421681,7,0.712166320840497,0.625551728084225,0.557886735377957,0.290547078958546,0.901446991794832
1188,0.678583334826128,7,0.701760737414363,0.670976438843779,0.545366398837153,0.27992438921515,0.901446991794832
1189,0.77898150439243,7,0.820821450814964,0.796106241529944,0.733951576899291,0.396897997509784,0.901446991794832
1190,1.26786092974625,7,1.15946037055122,1.25054470115389,1.21158376698626,0.660935657212898,0.901446991794832
1191,0.32574444715652,7,0.269033839880837,0.28654768973261,0.279673057738427,0.111602212949888,0.901446991794832
1192,1.25763062327343,7,1.0949077583633,1.23329470879167,1.16038580747327,0.625207449093049,0.901446991794832
1193,0.954711636283402,8,0.827084952474707,0.933029813769232,1.0965361592559,0.527842248604859,0.911258878115845
1194,1.6179616871463,8,1.35067959794931,1.57411241990905,1.73977283362212,0.85972383810711,0.911258878115845
1195,1.69003169366101,9,1.37192455303477,1.71051465072457,1.83894042832423,0.869569040868331,0.916200094016406
1196,1.3722285488939,9,1.12782917298374,1.37215693188187,1.54022902704339,0.755235496264403,0.916200094016406
1197,1.68207435826547,9,1.3467152792511,1.66172461720643,1.84123700366955,0.897077664357487,0.916200094016406
1198,1.05361133079749,9,0.868958084968018,1.0494443491134,1.10994400221215,0.500828189836643,0.916200094016406
1199,1.03965689544169,9,0.832463140571836,1.03060362603655,0.955421859742306,0.471952890200408,0.916200094016406
1200,1.31992694404876,9,1.13782900621517,1.31010521530951,1.43412771282173,0.651203675871179,0.916200094016406
1201,1.58281792383565,9,1.30541084585166,1.54536481873901,1.7173598199886,0.854053009482028,0.916200094016406
1202,1.25563540286022,9,1.00428506621397,1.21443081630414,1.29264884143651,0.654977327596932,0.916200094016406
1203,1.11274068451963,9,0.994878090315265,1.11468534512421,1.2118579539522,0.588585200426945,0.916200094016406
1204,1.25449629209082,9,1.00993985318569,1.19990815331598,1.28557699890432,0.660828289282268,0.916200094016406
1205,0.817100466352672,9,0.685369629149123,0.779783202495611,0.792900567862289,0.405610846362081,0.916200094016406
1206,0.685729440943972,9,0.620097842181244,0.644430505701087,0.696359155841902,0.365089090585734,0.916200094016406
1207,0.998614692540812,9,0.847953749144745,0.944464360219137,1.02716396502134,0.505480117273022,0.916200094016406
1208,0.861438108789828,9,0.757307944135564,0.866936650215369,0.72291890071309,0.473819405827886,0.916200094016406
1209,1.26961727430696,9,1.14104681750241,1.2057904582555,1.32303522990227,0.707085439089854,0.916200094016406
1210,1.39060658752442,9,1.24509319697351,1.32026949788884,1.47203659700404,0.776751980771316,0.916200094016406
1211,1.4918018989662,9,1.36543042820677,1.42292579853908,1.53921676724882,0.821320476671171,0.916200094016406
1212,1.26253759255828,9,1.22726932735233,1.23595114420857,1.3409634202089,0.686077552885038,0.916200094016406
1213,1.1268433849906,9,1.07569663979088,1.07974372230967,1.16621836462494,0.589360876499308,0.916200094016406
1214,0.881196237517034,9,0.840196258331964,0.79388215523521,0.701095616061669,0.391367123338814,0.916200094016406
1215,0.778256556779428,9,0.781239455638875,0.731138018587992,0.820172622908545,0.421133836446774,0.916200094016406
1216,0.535616921337641,9,0.51006650432834,0.512092820134624,0.564540189855406,0.297816667044752,0.916200094016406
1217,0.230165497200508,9,0.222650250672371,0.200560981528045,0.203080983650977,0.100501769059374,0.916200094016406
1218,0.985323305477016,9,0.974820256253233,0.930081426034359,0.990532570491867,0.530033732600741,0.916200094016406
1219,1.25526085110079,10,1.24321271717812,1.26003932657507,1.53314091066358,0.780472692223128,0.914549025003417
1220,1.36300745878061,9,1.29325595334079,1.3035671554109,1.52034225268872,0.741170517676223,0.898012833632067
1221,0.967485457980777,9,0.970047611356127,0.939405667242435,1.05953584070959,0.522568179799567,0.898012833632067
1222,0.967603448626165,9,0.94233458976374,0.893808659631074,1.08804365959389,0.535525480227209,0.898012833632067
1223,1.39724407056598,9,1.34135529807719,1.33594700559371,1.48587289321013,0.716595093279799,0.898012833632067
1224,1.09023748510504,9,1.05212059223753,1.0615378127504,1.19594594671147,0.566230263004598,0.898012833632067
1225,0.685121633673909,10,0.68002145631409,0.673319945634623,0.724128042052125,0.371758497718462,0.911479782378396
1226,1.13028223523276,10,1.08231158502054,1.10099407682859,1.13655625795863,0.597737344570978,0.911479782378396
1227,0.251771143615326,10,0.24563631672943,0.254484073986282,0.204683016993084,0.0998485571051153,0.911479782378396
1228,1.3826576279764,10,1.32858745779063,1.35555342550171,1.35245619064327,0.731849770600254,0.911479782378396
1229,1.36630899105239,9,1.30972599706541,1.32539204899081,1.52832196729189,0.748978625623151,0.900923713578636
1230,1.40827783651817,9,1.36208861247075,1.36450955864422,1.54738690947536,0.725263280697574,0.900923713578636
1231,0.708971525269001,9,0.670494356966277,0.700705447512581,0.613142834582658,0.288516093365082,0.900923713578636
1232,1.3708154612383,9,1.27782914814064,1.34187725396627,1.55861705070918,0.733042326208788,0.900923713578636
1233,1.00677635708376,9,0.940924374704909,1.00375135977203,0.967179096878198,0.445306600976796,0.900923713578636
1234,0.725732380204667,10,0.683364309044933,0.716767068987078,0.744353580140105,0.38015510771869,0.915054925411581
1235,1.18085931476499,10,1.12204409546848,1.15968787814544,1.33132966746475,0.660239970891311,0.915054925411581
1236,0.992268107749467,10,0.945782431339569,0.988475930874727,1.09729379802223,0.523306570888396,0.915054925411581
1237,0.745169652810536,10,0.72822971182004,0.724124165940591,0.837610115624272,0.410141794339817,0.915054925411581
1238,1.41677443080051,10,1.36461347975825,1.37788478748549,1.5681857342167,0.748013177585469,0.915054925411581
1239,1.23648015721036,10,1.16770918823522,1.25279859100791,1.11667635256403,0.530657212537574,0.915054925411581
1240,0.50445850394767,10,0.48463486144457,0.508540755671318,0.524968327188155,0.255186358856275,0.915054925411581
1241,1.15074112649692,10,1.16637116639508,1.15195856300189,1.10565624827887,0.533445826749738,0.915054925411581
1242,1.3434496328127,10,1.3452778159582,1.34906818056045,1.34167604607884,0.654884503750205,0.915054925411581
1243,1.25360937443946,10,1.26295663687614,1.25008291935948,1.22603121692105,0.620871013787549,0.915054925411581
1244,0.829053822986783,10,0.826778652966662,0.830953133626932,0.849724975361442,0.4281398176931,0.915054925411581
1245,0.883522210718312,9,0.885335768160025,0.879027342938299,0.837525523225946,0.421548759245561,0.925676606175411
1246,0.422688363040191,9,0.410127702330227,0.41757306331832,0.242635210984931,0.123226857535075,0.925676606175411
1247,0.731685189457014,9,0.73520924067267,0.728601766215194,0.755739265443737,0.368811651310247,0.925676606175411
1248,1.31756866541169,9,1.36792077997782,1.30982085496847,1.26870589488144,0.615741099697875,0.925676606175411
1249,1.61461355045598,9,1.69950990869984,1.61353722334286,1.50707539131982,0.766517138257329,0.925676606175411
1250,1.12064484331143,9,1.15054353602986,1.08066755048809,0.999142233840593,0.48025144761441,0.925676606175411
1251,0.356055041268982,9,0.412947546467794,0.369216141611074,0.343068739480223,0.182161917303856,0.925676606175411
1252,0.684347754940986,9,0.765088738495263,0.685775015619279,0.656940518709455,0.341078035001311,0.925676606175411
1253,1.10663559382109,8,1.16503057069721,1.11907813627366,1.04123938779733,0.517744731771148,0.912419718943124
1254,0.0829682652683428,8,0.0680863033060309,0.0799764996564381,0.0190068964834824,0.0298697107255863,0.912419718943124
1255,1.23021154844779,8,1.28709617200134,1.25946337953093,1.16384231209538,0.593152516563726,0.912419718943124
1256,1.28759901666059,8,1.35238196693251,1.3059004425104,1.2251892827426,0.612212015786594,0.912419718943124
1257,1.03663736387345,8,1.1023127125887,1.05822203677871,0.99660728269606,0.529464757509566,0.912419718943124
1258,0.203850236502978,8,0.211946922082648,0.199876977951433,0.192091238062724,0.0956382525403438,0.912419718943124
1259,1.59027812131076,8,1.66039662118383,1.64090205842531,1.32841048809203,0.691685445298973,0.912419718943124
1260,1.17825723202441,8,1.24836233837711,1.25577067535906,0.848078440438441,0.424432865425108,0.912419718943124
1261,0.837815968848717,8,0.857857855243171,0.862691570360842,0.708416301673704,0.394119238615318,0.912419718943124
1262,1.16234297496686,8,1.22611968968294,1.23373025239884,1.05524684488143,0.549945517071676,0.912419718943124
1263,0.488007375979438,8,0.491905969802503,0.487767024112179,0.462714409475722,0.238618105403375,0.912419718943124
1264,0.764904667417732,8,0.775717916863971,0.791977960984139,0.671396690601468,0.343702767476935,0.912419718943124
1265,1.03199234901942,8,1.08762240199573,1.12148516373802,0.940746303067475,0.446284774261363,0.912419718943124
1266,1.06831229742129,8,1.08249818261727,1.09550742027818,0.903524905080594,0.454623699465685,0.912419718943124
1267,1.21340356643342,8,1.13875785787783,1.37717854054035,1.00049188971022,0.505787756790423,0.912419718943124
1268,0.885088763110637,8,0.921456391247285,0.956132518727326,0.716946035387712,0.366670430580478,0.912419718943124
1269,1.3075365596872,8,1.36422454638601,1.36407111202904,1.0651821424619,0.535801460280949,0.912419718943124
1270,0.563475045581847,7,0.556225555693217,0.597195723192193,0.463067726980183,0.230810455327546,0.903262763664653
1271,1.26210019699048,6,1.22081477274523,1.36801643786151,0.982838647481016,0.469179514837549,0.884827253457577
1272,1.2059171675576,5,1.10524334016506,1.21594466278473,0.997438975120371,0.484526788788915,0.865244299879101
1273,0.79877664054557,5,0.76468422221706,0.873109684627643,0.697802003893555,0.33647643678194,0.865244299879101
1274,0.95900563222055,5,0.924027244167938,1.09642794630337,0.81549550508615,0.393409063454206,0.865244299879101
1275,1.44449937036495,5,1.38249906428991,1.59907053569052,1.34279230238776,0.639570458779901,0.865244299879101
1276,0.871549830578035,5,0.779011434152295,0.914266228730156,0.723521305261966,0.382763151282066,0.865244299879101
1277,0.914921973075481,4,1.07674311091741,0.841358483829497,0.85183086683212,0.405620335126636,0.859467004154452
1278,0.33770210057084,3,0.385889448370988,0.344151363927493,0.262983533936222,0.12356936817239,0.859889660718166
1279,0.819805660780065,3,1.18307581981307,0.951304730542319,0.737813374230173,0.365409900995407,0.859889660718166
1280,0.255324332800952,3,0.328582743806835,0.263270802953065,0.21683496559335,0.0997505621488327,0.859889660718166
1281,0.634202869715709,3,0.788296364286316,0.672996920407339,0.574244584298297,0.251111018584101,0.859889660718166
1282,1.12876927928311,3,1.26400829436596,1.1460920942158,0.726223230182058,0.332808913221924,0.859889660718166
1283,0.591936099866988,2,0.720583402978677,0.602207629678344,0.480037571212277,0.23067521018984,0.806775999250247
1284,1.05685610781427,2,1.34846080208258,1.07904958125068,0.88471679591307,0.428552884564524,0.806775999250247
1285,0.64472562427296,1,0.757081152411714,0.655797220080584,0.375283680627192,0.164179603983922,NA
1286,0.606800669780079,1,0.715552296256359,0.618164128988797,0.356377390208027,0.159222836568225,NA
1287,0.948126155934269,1,1.1171853335102,0.967378178406613,0.503993914035755,0.253154050710376,NA
1288,0.227550299781739,1,0.26696642039263,0.232535273812914,0.126984126984127,0.0593868839181725,NA
1289,1.8583276036894,1,2.16663319845098,1.9020564345219,0.950291847109772,0.450957954730233,NA
1290,1.64155280692834,2,2.1872073659297,1.79747180298274,1.84471750837779,0.887862562689294,0.732903318649016
1291,0.788363412826986,2,1.05933775885029,0.86807178103874,0.996012276553948,0.489047607228577,0.732903318649016
1292,0.3514603066137,2,0.505556106965115,0.39988291934698,0.584210604665621,0.255939476115513,0.732903318649016
1293,0.596940465081866,2,0.79079431826487,0.65531040853927,0.811247654220269,0.376898254283681,0.732903318649016
1294,0.586142383159172,2,0.785587388389251,0.647839996996037,0.884684931446539,0.405945991020592,0.732903318649016
1295,0.498822467206554,3,0.738718646912007,0.602730145468895,1.02112712627411,0.438552842361566,0.852135612881085
1296,0.571653194415457,3,0.658470958398494,0.649408965017329,0.857267600707073,0.382370658080281,0.852135612881085
1297,0.446591094132185,3,0.527547257642339,0.475429707973144,0.746250253357634,0.333247954876209,0.852135612881085
1298,1.08613765848829,3,1.18122260165269,1.1419505793638,1.4984817536951,0.677034871068804,0.852135612881085
1299,0.507138509459082,3,0.643158053692796,0.529675545571309,0.958649034550862,0.460034225147293,0.852135612881085
1300,0.870813530418538,3,0.872170461496407,0.905934921086565,1.09519680627367,0.494936175709395,0.852135612881085
1301,1.26151359641,3,1.2291924630604,1.30815658312362,1.67644477486367,0.778285028228567,0.852135612881085
1302,1.81395283691124,3,1.66618824884602,1.76316746533783,2.60305787388979,1.14154281444098,0.852135612881085
1303,1.73466022231445,3,1.59919236132971,1.76819147762354,2.55070422128027,1.12012775349497,0.852135612881085
1304,1.04967859252807,3,0.954032889207219,1.06118849206306,1.66858958814901,0.939102234126634,0.852135612881085
1305,1.66889053111791,3,1.42204611755799,1.59686860220975,2.20911979540818,1.08482399954847,0.852135612881085
1306,0.821881130347375,3,0.745784086522372,0.832264457651595,1.1795096032821,0.57261050418459,0.852135612881085
1307,0.874247474790587,3,0.841537009928989,0.916767949129377,1.38904573794488,0.674686925895587,0.852135612881085
1308,0.815653785166183,3,0.85665525725077,0.82919523923041,1.36793468292217,0.641494427080739,0.852135612881085
1309,1.19740039941221,3,1.05867303338123,1.16771851414877,1.87379662226469,0.898425277973117,0.852135612881085
1310,1.19750623857324,3,1.17993081764224,1.27800558420332,1.83630016284403,0.937976971106397,0.852135612881085
1311,1.0315860021486,3,0.857410161068626,1.06609008135937,1.68560069722755,0.920179615186311,0.852135612881085
1312,1.34392026600651,3,0.993108766118169,1.21405698135494,1.72891991230476,0.848853799433776,0.852135612881085
1313,1.66189241717176,3,1.59336584209289,1.61597747832016,2.50561734087633,1.30497972190426,0.852135612881085
1314,1.28899129216954,3,1.21530610844601,1.23030574597965,1.94897356869842,0.97854711292364,0.852135612881085
1315,0.857790356761796,3,0.823480147656799,0.81567868988747,1.32316673478312,0.635324133512378,0.852135612881085
1316,0.494668940291327,3,0.498087826233793,0.472090858912627,0.738820939426648,0.350640338783724,0.852135612881085
1317,0.625878039721204,2,0.553526276055586,0.571820514675369,1.06105224635899,0.493741808614113,0.779889786502874
1318,0.84403498444523,2,0.746066448091485,0.768480373101108,1.5728843068601,0.712396216816764,0.779889786502874
1319,0.916301705286826,2,0.818349810731871,0.837866129534828,1.53181862637431,0.716846553197294,0.779889786502874
1320,0.828352311707025,2,0.736166621000243,0.758376348736567,1.36844416378547,0.636254749517719,0.779889786502874
1321,0.997511222430472,2,0.879004314304063,0.915907546589545,1.67930776353035,0.741763532549767,0.779889786502874
1322,0.853718250534236,2,0.729724083082362,0.781091607662166,1.35816004852578,0.662400846928199,0.779889786502874
1323,0.899781143508762,2,0.74576053613665,0.822103541805959,1.50764534713747,0.723785522677156,0.779889786502874
1324,0.894303606410159,2,0.732309350516449,0.823323239334642,1.42449951997943,0.692819421506952,0.779889786502874
1325,1.72148303493332,2,1.35736895204459,1.58146363102036,2.63131180052688,1.25763876831559,0.779889786502874
1326,1.72193615558665,2,1.29777861485721,1.57435555545108,2.8331160609626,1.24448903782935,0.779889786502874
1327,1.33345252788246,2,0.996361378745951,1.22832311910757,2.03996247479888,1.04796807416393,0.779889786502874
1328,1.79173204150392,2,1.28711153407976,1.643698460505,2.71446359220429,1.3712619071829,0.779889786502874
1329,1.29725297784631,2,0.915891137611845,1.1923478081178,2.00271575908297,0.987513377917041,0.779889786502874
1330,1.32507573197445,2,0.92922117655035,1.22221606108047,2.03473889578593,0.971703543243334,0.779889786502874
1331,2.42823131253741,2,1.64825636005725,2.22862198845563,3.81037336975673,1.79533205533202,0.779889786502874
1332,1.56373345851762,2,1.08132050598654,1.44516475024695,2.34036947153622,1.18609699664161,0.779889786502874
1333,2.59494592819198,2,1.80017041087907,2.40072020174897,3.85004875559028,1.91629961934823,0.779889786502874
1334,1.76881505791449,2,1.26997118503011,1.64759945968653,2.79850358116048,1.28295822348946,0.779889786502874
1335,0.748182823493009,2,0.567913875409459,0.70418770610599,1.15271242172085,0.53309103737016,0.779889786502874
1336,0.972843793036799,2,0.778985524872718,0.92373803048196,1.51027481544342,0.70000376652137,0.779889786502874
1337,1.10990074237123,2,0.911871973657981,1.05418967613355,1.60732287625108,0.764844512317843,0.779889786502874
1338,0.647257890171465,2,0.562783694070104,0.619795008611308,0.962620347735842,0.45981976200724,0.779889786502874
1339,0.726752184302983,2,0.665745987826558,0.700641293425436,1.11798083310267,0.519206300560947,0.779889786502874
1340,1.30493264590335,2,1.257117911023,1.26625777512846,1.90789230532223,0.897567452674056,0.779889786502874
1341,0.746957134249082,2,0.754489352189759,0.727174493525264,1.1420569379133,0.527785708263869,0.779889786502874
1342,0.805971252917414,2,0.857545489523722,0.788133373575496,1.13915535382367,0.523723309536096,0.779889786502874
1343,0.908415789673241,2,1.01681519606655,0.893039914769933,1.33848088824987,0.627243282728153,0.779889786502874
1344,0.685935729360387,2,0.812005635273763,0.677606580928523,1.01166415167484,0.493352241931802,0.779889786502874
1345,0.933982262537597,2,1.16176738837963,0.927489056307816,1.36345727993834,0.647573345726352,0.779889786502874
1346,0.778621353429604,2,1.02656344247728,0.777446677899694,1.14191560758223,0.556433581017527,0.779889786502874
1347,0.523938517988369,2,0.702951676269551,0.52516961026761,0.752047075142504,0.357998326322875,0.779889786502874
1348,0.815453350494674,2,1.15964664534706,0.822198875637438,1.15389778606418,0.572320825064475,0.779889786502874
1349,0.668081895733943,2,0.985806874584106,0.677021427023803,0.977716379582146,0.49364475108608,0.779889786502874
1350,0.219398072684823,2,0.328763961778083,0.223161516032114,0.323547553186883,0.15676500904273,0.779889786502874
1351,0.536090286401991,2,0.846824284895122,0.549468115525418,0.771039549607397,0.384383540876778,0.779889786502874
1352,0.572877968515088,2,0.906136252078881,0.589213808554352,0.829122657577064,0.419609240065243,0.779889786502874
1353,0.843416877926746,3,1.44720485623555,0.990455374678773,1.42856873193826,0.684977624940698,0.794558072679803
1354,0.546243819534558,3,1.15490824404473,0.812247057401939,1.26064329161496,0.591784873797724,0.794558072679803
1355,0.542145150124783,3,0.659436661847825,0.554340662921399,0.790650227995421,0.375421079861917,0.794558072679803
1356,0.481186906359131,3,0.994834801291907,0.696061624047939,1.02593036750108,0.486770633230688,0.794558072679803
1357,0.689379400850637,3,1.12798902986395,0.747397535481937,1.07097633630494,0.560312902423452,0.794558072679803
1358,0.84469472067389,3,1.41541831049206,1.09653835610634,1.73048381305205,0.661923996809964,0.794558072679803
1359,0.802815350452073,3,1.44767314552814,0.826834154600194,1.01796179903923,0.451816417053088,0.794558072679803
1360,0.479320889383376,3,1.05104578522411,0.511753654350909,0.760110327461154,0.336237862326833,0.794558072679803
1361,0.484791027682902,3,0.944183782960249,0.633260644817423,0.978246273264556,0.445936034482798,0.794558072679803
1362,0.441493654486512,3,0.841009812419529,0.491827975773747,0.768000744328492,0.378148332407237,0.794558072679803
1363,0.583228631708919,3,0.876755922235628,0.693527168826717,1.16278830710383,0.558138279586631,0.794558072679803
1364,0.474842999234693,3,0.777543204703707,0.540546559146257,0.784046053107456,0.397673556254992,0.794558072679803
1365,0.520743856875213,3,0.632634100713944,0.577863726712754,0.858275638509657,0.413065050905298,0.794558072679803
1366,0.718452940838903,3,1.00487886943882,0.823138888202702,1.18232878447235,0.673074699619486,0.794558072679803
1367,0.527382292955177,3,0.63938313923845,0.634145341110635,0.757933903236352,0.367465128861457,0.794558072679803
1368,0.718085672323395,3,0.979252875142996,0.791112418182165,1.17298599795689,0.5459963336515,0.794558072679803
1369,0.891242683403872,3,0.890528279293276,0.936241833143288,1.13931236421793,0.56432133820939,0.794558072679803
1370,1.00153397025848,3,1.29986349648111,1.08160120824215,1.6115548539357,0.793467564467927,0.794558072679803
1371,0.907132825217275,3,0.960196694323248,0.963699509793169,1.43524327750749,0.692908319671362,0.794558072679803
1372,1.09255150912517,3,1.11268776746104,1.11049134583593,1.57572545835432,0.782631486674578,0.794558072679803
1373,1.3248865407221,3,1.34451860309924,1.39820538411579,2.03073309119059,0.965018599923034,0.794558072679803
1374,1.48589958496284,3,1.43183238265098,1.50396796561782,2.31153388196553,1.11350141581447,0.794558072679803
1375,0.785981384716973,3,0.783684735760921,0.830518615977759,1.2844487316679,0.623651482081017,0.794558072679803
1376,0.89591796895402,3,0.881969116976685,0.929286461505876,1.40284364572252,0.701994223815455,0.794558072679803
1377,0.912547857211271,3,0.986917728552954,0.841038744726073,0.859904035333064,0.400108677051193,0.794558072679803
1378,1.37130873422106,3,1.23091410099125,1.40755745932472,1.86492886134642,0.886024773940775,0.794558072679803
1379,0.823973327419869,3,0.754129371359498,0.84843036642151,1.2750107602907,0.627779164410655,0.794558072679803
1380,1.47381827001126,3,1.16706232114118,1.22081827944964,1.79663639754795,0.859742544785775,0.794558072679803
1381,0.47370873522114,3,0.6616601450978,0.622765633817039,0.949893625032862,0.502343426269357,0.794558072679803
1382,0.849004153819931,3,0.917881809780268,0.830400830587669,1.31810583235039,0.607760552415629,0.794558072679803
1383,1.28031359919293,3,1.35687623742797,1.19268899067108,2.5398057618955,1.19840211484272,0.794558072679803
1384,0.788204307520563,3,0.641123714424482,0.663823156024159,1.04174931065402,0.465142005703817,0.794558072679803
1385,1.06418752426718,3,0.913723843075797,0.907424038448087,1.36715961158997,0.653660675631181,0.794558072679803
1386,1.05399019867745,3,1.11513508801215,1.028288515513,1.52437201501895,0.752473567595829,0.794558072679803
1387,0.865468146155934,3,0.916797796701154,0.943048124537194,1.23823899172744,0.630396909581538,0.794558072679803
1388,0.997298912339952,3,1.11518101972315,1.01104533970606,1.16887787686776,0.481815915215254,0.794558072679803
1389,0.937371342838575,3,1.00014788847371,0.933664583938112,1.28002881937994,0.603444770260495,0.794558072679803
1390,0.826299771645201,3,0.902358694065883,0.834674822976693,1.07071174239969,0.538269887236236,0.794558072679803
1391,0.97948150133531,3,1.10547380675846,0.988198964804949,1.12135727401256,0.652917385088533,0.794558072679803
1392,1.21682260470216,4,1.29507021328033,1.24781585774427,2.3670659249359,1.13347519243041,0.824117647377486
1393,0.84818825697109,5,0.904855383488793,0.865883349144108,1.62345773145854,0.770179446742058,0.847968775449116
1394,1.08937647521351,5,1.24168638058648,1.05236764036818,1.96415110445725,0.914373891257773,0.847968775449116
1395,0.921530494791623,5,1.00484554615585,0.930078323886687,1.62447477337054,0.772409053513562,0.847968775449116
1396,0.9919795026107,5,1.09234995938948,0.993982752607549,1.75454791417805,0.840824946087875,0.847968775449116
1397,0.785506232306787,6,0.90934987916088,0.792895327259926,1.33408299661885,0.595450268193495,0.887974798188824
1398,0.657870916735207,6,0.742108978989816,0.653881329676026,1.1512182961101,0.507097168749011,0.887974798188824
1399,0.665268411902144,6,0.770093106222216,0.661180227025753,1.14159291943863,0.491156707869098,0.887974798188824
1400,0.817662308369607,6,0.946713602561656,0.823152307542046,1.31325839808079,0.607444252845431,0.887974798188824
1401,0.781782323988931,6,0.917449481803912,0.794577989980637,1.28544874488834,0.591968772753135,0.887974798188824
1402,0.758225514879585,6,0.835382789972065,0.76387390954095,1.21217180905056,0.56235003898038,0.887974798188824
1403,0.84194621370042,6,0.983636291329522,0.856960582767676,1.35588814730589,0.646051517145104,0.887974798188824
1404,1.06852878308786,6,1.10134603579517,1.07401236937478,1.6981056832821,0.830148359887993,0.887974798188824
1405,0.836650258503383,6,0.980557519041463,0.843201863418312,1.32676191728714,0.611297764594034,0.887974798188824
1406,1.07814899027306,6,1.32628969559821,1.19074572661272,1.78447345913323,0.788580254574595,0.887974798188824
1407,1.10638325131041,6,1.1969320520207,1.11336302917835,1.69681736393937,0.813267739529347,0.887974798188824
1408,0.897276830005552,6,0.932552026569509,0.894670485691561,1.43894405066715,0.719840174480098,0.887974798188824
1409,1.19614129173171,6,1.17099473176402,1.1349508775411,1.80081796305708,0.899317411588109,0.887974798188824
1410,0.940902956642558,6,0.990983143288354,0.917054599686822,1.53891523526208,0.775795914262214,0.887974798188824
1411,1.0935729271979,6,1.0622505042385,0.969615027454804,1.83605898984645,0.929266150910438,0.887974798188824
1412,1.09266453291453,6,1.06465794417115,1.0138485588354,1.82511499287837,0.921889410542646,0.887974798188824
1413,0.567242115844537,6,0.568339881627401,0.568443533565933,0.918013315130519,0.434836964506821,0.887974798188824
1414,1.31091857708957,6,1.29931875875513,1.29061881190724,2.14789132348667,1.04828052572332,0.887974798188824
1415,0.542603915235287,6,0.53617615336993,0.564859802705506,0.864902791892398,0.396414131184606,0.887974798188824
1416,0.874160715553782,6,0.868217448861928,0.88825701999755,1.42344362518412,0.703971962079595,0.887974798188824
1417,1.21007623934714,6,1.13522891384192,1.18206372895077,1.79791299992982,0.845120002206656,0.887974798188824
1418,0.815455324449627,6,0.752180514728992,0.807990964181209,1.25627524960288,0.574614138581941,0.887974798188824
1419,0.851040656976139,6,0.835806240490761,0.881927169789706,1.30490756230283,0.593218132725551,0.887974798188824
1420,1.127394336733,6,1.06838028367146,1.14121418770154,1.91412711404261,0.886898914710406,0.887974798188824
1421,0.864698068601524,6,0.729412781271397,0.852435033851736,1.30409596014371,0.543096444398696,0.887974798188824
1422,1.31504059005056,6,1.06419879474087,1.30577278045506,1.96363414404105,0.933095719615623,0.887974798188824
1423,1.0504731195475,6,0.819661911959498,1.0123236608001,1.18910503808417,0.676683582454866,0.887974798188824
1424,1.17962922110219,6,0.926641673263679,1.17283180788083,1.56255977535903,0.72571675095893,0.887974798188824
1425,1.15446035553519,6,0.862230015002781,1.11411598897754,1.41158937103975,0.731220658140727,0.887974798188824
1426,1.60103412274614,6,1.16322773653713,1.5701567966649,2.13028646391467,1.01045435426594,0.887974798188824
1427,1.53547176602773,6,1.10068140139318,1.51650510967398,2.09599298435992,1.01718839843252,0.887974798188824
1428,2.36656345450492,6,1.68783613011323,2.26377859224262,3.0936185575158,1.55268084423793,0.887974798188824
1429,2.04795859198866,6,1.45230174145591,1.9719187145087,2.57044452427712,1.4515658200729,0.887974798188824
1430,1.51103495131174,6,1.07630098561705,1.45332839345556,1.95718052281598,1.09286987420924,0.887974798188824
1431,1.161015458242,6,0.893159406207949,1.14074047333009,1.69863405913462,0.862966005532603,0.887974798188824
1432,1.28044445429435,6,1.03507173569902,1.2588848124739,1.89972448399456,0.9186120446443,0.887974798188824
1433,1.15627178231146,6,0.936104863152357,1.13563751293603,1.72472628449128,0.791433564578824,0.887974798188824
1434,1.32013422571088,6,1.19886235768325,1.30710870157922,2.00594524401566,0.924920817580345,0.887974798188824
1435,1.07141332153706,7,0.929279410416275,1.0673972886879,1.50325473599157,0.764238725668119,0.902907251263379
1436,0.789276956608348,7,0.683700307242923,0.784017439599764,1.05755471324398,0.561952056001831,0.902907251263379
1437,0.776339860102775,7,0.767706708610578,0.779958180623303,1.11264658708215,0.523885728230091,0.902907251263379
1438,0.758770158050718,7,0.69902669689023,0.758821666287348,1.06779750932659,0.535474018338711,0.902907251263379
1439,0.746215857498703,7,0.730090285547684,0.752168978615912,1.05393851141454,0.510372438277061,0.902907251263379
1440,1.19451806081901,7,1.14699466176262,1.18583880625875,1.61852878666901,0.718763650005925,0.902907251263379
1441,1.1423266792043,7,1.17851786655702,1.17301736262245,1.56731877311424,0.816199741227503,0.902907251263379
1442,0.936563944955548,7,0.96065598833843,0.927428629459108,1.35142067833582,0.615931984425131,0.902907251263379
1443,1.07166446189034,8,1.10043196137806,1.05676121977533,1.61902608333634,0.790189695819905,0.916472226136957
1444,1.12658373792556,8,1.17942472149682,1.12603713137779,1.7182721525497,0.893508864122155,0.916472226136957
1445,0.820798438992707,8,0.857525759437475,0.826216814175615,1.14738807311228,0.584002215301216,0.916472226136957
1446,0.994644523380245,8,1.05722098411425,0.981544302898044,1.47454218460467,0.741184092741687,0.916472226136957
1447,1.34765565144903,8,1.44161734457625,1.33709139799867,1.96580116247678,0.989619520970034,0.916472226136957
1448,0.516416024002368,8,0.550267408226249,0.510099920323503,0.73296636773439,0.358518133930343,0.916472226136957
1449,0.771639256129713,8,0.846797729920903,0.763187644950166,1.14393432336127,0.561491088249546,0.916472226136957
1450,0.598317545615362,8,0.64838215358197,0.588423667154974,0.859546694732091,0.460871747655974,0.916472226136957
1451,1.22146261514693,8,1.34768138212211,1.20877209292943,1.85767883477878,0.929845932150875,0.916472226136957
1452,1.03649514411484,8,1.16498732102308,1.02203259360081,1.64254344500695,0.83434642103819,0.916472226136957
1453,1.26484511244984,8,1.42565914245234,1.23752857833273,2.03482246976508,1.02299538375918,0.916472226136957
1454,1.11780959701911,8,1.17268641850404,1.09167371841203,1.70680704663268,0.876553121327951,0.916472226136957
1455,0.359905274666198,8,0.392014560032751,0.341576930245367,0.537176822194161,0.26886064254225,0.916472226136957
1456,1.19216782604404,8,1.30547708189949,1.16665409105901,2.11588295125742,1.00155478725918,0.916472226136957
1457,0.669271425242388,8,0.742366930383744,0.65551351001276,1.01485025239389,0.515363056086885,0.916472226136957
1458,0.931314615810067,8,1.01377712523675,0.915538090328209,1.48264362668603,0.734188486831714,0.916472226136957
1459,0.760660185824517,8,0.813373896064949,0.743621686312624,1.28106948437584,0.650236006661478,0.916472226136957
1460,0.495503422679884,8,0.520470570263411,0.493503461739542,0.772651743777828,0.400292226757042,0.916472226136957
1461,0.875913831783923,8,0.995052428381084,0.84783720355401,1.50455991618329,0.754701312223635,0.916472226136957
1462,1.01835480342385,8,1.13346032155232,1.01654864458264,1.68660206183857,0.823169511122745,0.916472226136957
1463,0.88846437569573,8,0.914592358325664,0.819873052489481,1.38431260997511,0.685363838917087,0.916472226136957
1464,0.480076913712993,8,0.498395569543019,0.463715395575242,0.693053796365718,0.339514936837479,0.916472226136957
1465,1.19356991191107,8,1.12524989799738,1.16070157501739,1.80886826929086,0.883137062906179,0.916472226136957
1466,1.32538542238221,8,1.25619696026502,1.28422172143729,2.04348595049775,0.995258854840801,0.916472226136957
1467,1.65925686801949,8,1.5494608608482,1.64936519313582,2.48012740968939,1.27564431430935,0.916472226136957
1468,1.52712505698909,8,1.58519294881336,1.57625248919861,2.65722478444586,1.37426975363807,0.916472226136957
1469,1.53974218161329,8,1.4184741520136,1.50224031217457,2.34559741104842,1.16014510384375,0.916472226136957
1470,1.32877357589508,8,1.2744561858735,1.30303086610845,1.87830360977216,0.956458453211829,0.916472226136957
1471,0.429420124007902,8,0.446971056113042,0.436156783065527,0.647365908005564,0.32887283001782,0.916472226136957
1472,0.56235941442486,8,0.549421636784339,0.537405663259126,0.752315171971229,0.368192911864403,0.916472226136957
1473,0.807308671699769,8,0.792487200040016,0.792286135741651,1.08266452957288,0.554519156584872,0.916472226136957
1474,1.0167360646033,8,1.02813456445873,0.989413577193357,1.4706730691687,0.735942736561713,0.916472226136957
1475,0.65909662201528,8,0.669528861549379,0.641450972319012,0.961409083319712,0.481883583264504,0.916472226136957
1476,0.921769409217918,8,0.964382351447778,0.911195784352985,1.30686309527282,0.676982181213819,0.916472226136957
1477,1.21230832200736,8,1.26537442322633,1.21577824420794,1.9101622540628,0.923178481174607,0.916472226136957
1478,0.927403277396378,8,0.99937897552318,0.914441862123535,1.27852177714232,0.666867981301122,0.916472226136957
1479,0.955174804500924,8,1.01070133587112,0.919306593180746,1.25194134318951,0.622854795215092,0.916472226136957
1480,0.689994326550275,8,0.70600198360843,0.670653164115432,0.85734127130789,0.467626727345187,0.916472226136957
1481,0.903124199524538,8,0.86556139257883,0.851094256177668,1.08618799609761,0.559387288580107,0.916472226136957
1482,0.741147250227265,8,0.741850628324127,0.712942155595,0.953761712226337,0.453974244940284,0.916472226136957
1483,0.910694533368461,9,0.856162127088729,0.848121861992955,1.11641332978606,0.548834233965509,0.924270184317137
1484,1.28948760791958,9,1.24198960532097,1.26388026407425,1.50755009107466,0.807514953824158,0.924270184317137
1485,1.23232523835661,9,1.22656139581436,1.23290086236819,1.57744373161189,0.828046239045206,0.924270184317137
1486,1.38396376804595,9,1.38285734788741,1.35915794512337,1.75840615504364,0.93514044694016,0.924270184317137
1487,1.15565868823276,10,1.15025339346688,1.16281783090578,1.65133888685774,0.8306257790565,0.928308515762077
1488,0.838018810498931,10,0.850831277773532,0.846345039159511,1.21040046327909,0.619978434090358,0.928308515762077
1489,1.00722674167169,10,0.995665384740465,0.998477566310468,1.31604068797786,0.701104172670597,0.928308515762077
1490,0.83246582176436,10,0.832517316929323,0.825331458174422,1.15521035429856,0.560848244747971,0.928308515762077
1491,1.14802974545941,10,1.13337095785816,1.12592957888342,1.41699157557227,0.739914107296042,0.928308515762077
1492,1.22589846637065,10,1.24123531754291,1.20770865184774,1.63108558228195,0.84501731984503,0.928308515762077
1493,1.0334374758159,10,1.07101788849149,1.03123580821339,1.48392423958726,0.768074382071381,0.928308515762077
1494,1.19348833724974,10,1.18205331933561,1.18559899259091,1.68938423241544,0.894358341959391,0.928308515762077
1495,0.319158724771468,10,0.319961848297379,0.320382861384349,0.418646587969587,0.21533048603046,0.928308515762077
1496,0.736682879445794,10,0.761892379142262,0.741009053484713,1.01996738516866,0.536038131990186,0.928308515762077
1497,0.865925313604307,10,0.854958913061687,0.84879701677779,1.12949662834693,0.61248127544021,0.928308515762077
1498,1.18492950932005,10,1.2179461944547,1.1773690667432,1.5293634274889,0.841616516798567,0.928308515762077
1499,1.20674090516072,10,1.19326416138269,1.17303182975146,1.39436698873641,0.811017424515173,0.928308515762077
1500,0.996887322695609,10,0.985584874279486,0.973179780490895,1.17620405838231,0.669419751270066,0.928308515762077
1501,0.754480694756885,10,0.737650890240075,0.732973668765059,0.978873432562134,0.535514514766581,0.928308515762077
1502,0.946902769661326,10,0.910254268762246,0.923693256588263,1.2767172800437,0.619456202733732,0.928308515762077
1503,0.886149903357988,10,0.818362415535307,0.856194053301171,1.09104643744932,0.556024705859983,0.928308515762077
1504,1.0801160426453,10,1.0079061866543,1.0510962244052,1.44144471132954,0.748209975956224,0.928308515762077
1505,0.961207825930752,10,0.921577589577325,0.97142172566854,1.25871917785211,0.680632657053786,0.928308515762077
1506,0.698671731791715,10,0.643742902832308,0.687720294534426,0.999838782826882,0.536809216760294,0.928308515762077
1507,1.2601598291998,10,1.16307219483269,1.26304818999049,1.63959004360247,0.90303067692994,0.928308515762077
1508,1.1667482160105,10,1.0935064147504,1.22335866978392,1.71394015581579,0.911341493065321,0.928308515762077
1509,1.51620789389746,10,1.35608538045388,1.49535209771172,1.96450230128525,1.08693161520354,0.928308515762077
1510,1.12535245139308,10,0.990236621867634,1.08563702035673,1.53536839822929,0.830298235053989,0.928308515762077
1511,1.72728107096358,10,1.50075755832075,1.69236050171422,2.27362560086797,1.22401502417053,0.928308515762077
1512,1.40330444707882,10,1.24550890385907,1.36946150386636,1.89873967520308,1.03971525213811,0.928308515762077
1513,1.22667526450015,10,1.07894932292695,1.20688281231192,1.63724619830931,0.900899108211146,0.928308515762077
1514,1.44803837516259,10,1.21196839670876,1.41217712686736,1.89712753061889,1.02945937137309,0.928308515762077
1515,1.13407737607823,10,1.02154541126561,1.08081906025432,1.439939448761,0.785694549591581,0.928308515762077
1516,0.638817160133406,10,0.598588144274615,0.603283715309679,0.643682622801435,0.361329833564141,0.928308515762077
1517,0.65633407668867,11,0.682872257004579,0.652655890251379,0.677234589637579,0.366389883679612,0.933339415092965
1518,0.594112125432329,11,0.715897832915027,0.711083378020126,0.796700170569093,0.448264553540734,0.933339415092965
1519,1.03323755514359,11,1.052448030493,1.05214243117878,1.25734257797795,0.663106260708614,0.933339415092965
1520,0.798729215094473,11,0.857974368842368,0.838486055811383,0.974206435816625,0.556441528527015,0.933339415092965
1521,0.775717381914493,11,0.79108412103213,0.768189013553047,0.923353107347834,0.515721424755508,0.933339415092965
1522,0.562484699174162,11,0.589795244948846,0.540257234469353,0.692471789676743,0.388032847780728,0.933339415092965
1523,0.914872977738815,11,0.929281570857759,0.919535585511835,1.03521693986775,0.587384225308693,0.933339415092965
1524,0.910377733234008,11,0.907251960995294,0.884072767889748,1.05110149138871,0.588212057770836,0.933339415092965
1525,0.821567576940632,11,0.789679143551513,0.749292970714104,0.973413643041658,0.527288193405589,0.933339415092965
1526,1.5956400994798,11,1.58784764918565,1.59409491383373,1.8112382761498,1.02912084585922,0.933339415092965
1527,1.03305477673996,11,1.03664384503832,1.07595217340205,1.29266122700663,0.704815686256414,0.933339415092965
1528,0.989405012464445,11,0.891506809127432,0.954134069218292,1.14631860496179,0.61713422235183,0.933339415092965
1529,1.24052470586095,11,1.18485548891875,1.2456523687079,1.47349632859603,0.788270474559945,0.933339415092965
1530,1.40329640776841,11,1.31232061164463,1.37730763153905,1.59124260054986,0.873343703953704,0.933339415092965
1531,1.15080600737212,11,1.06942770783437,1.14573545955901,1.32883858091022,0.741476292160167,0.933339415092965
1532,0.537845517656239,11,0.490310188868432,0.527815440646918,0.656213421420096,0.363828635450671,0.933339415092965
1533,1.08146053549047,11,1.02444179578129,1.07136066085098,1.27637225169603,0.681559044721127,0.933339415092965
1534,1.04436918098909,11,0.941107657356977,1.01796627706084,1.22375053093244,0.632507991795167,0.933339415092965
1535,1.21746054494628,11,1.11045490556049,1.19238881319184,1.37704529488428,0.74215213374983,0.933339415092965
1536,1.38538109517732,11,1.26822657716553,1.28314072748284,1.59877569963641,0.853900608825663,0.933339415092965
1537,1.40733696137556,11,1.33177541376636,1.4070635803839,1.63210068100459,0.898891712430578,0.933339415092965
1538,0.645384061157397,11,0.605194921124946,0.628615537615498,0.722151913803626,0.384076780789494,0.933339415092965
1539,1.38302782727982,11,1.24222938547252,1.3513134153804,1.61550037973256,0.868445363919243,0.933339415092965
1540,1.49221409132751,11,1.41537831892144,1.44393615374598,1.53052675732302,0.809245169530601,0.933339415092965
1541,1.09414547860357,11,1.09404964531283,1.10706189219205,1.31337953864099,0.718834091346454,0.933339415092965
1542,0.613241656922844,11,0.584363949048013,0.597955496554002,0.678303031605369,0.373573221325986,0.933339415092965
1543,0.991006879977628,12,1.02275731904994,0.9981013728343,1.08982054685502,0.621419410161879,0.941799776291481
1544,0.646329245402983,12,0.683990320368171,0.627677219501642,0.74234427142701,0.382291570565747,0.941799776291481
1545,0.69131053461312,12,0.719346490361037,0.681108797061403,0.707350198853048,0.421114751314771,0.941799776291481
1546,0.650363158414412,12,0.672389189589123,0.65608518168077,0.79436178587073,0.435248391233718,0.941799776291481
1547,0.524352650381279,12,0.531197045042088,0.515312519537034,0.588138912468542,0.324740524775105,0.941799776291481
1548,0.86563046842392,12,0.877532577518641,0.855282822321948,0.96216333146055,0.536070847404662,0.941799776291481
1549,1.02631041367106,12,1.04078190783525,1.02687829654294,1.14594313769867,0.665617545403236,0.941799776291481
1550,1.13789111734135,12,1.10579102429022,1.11864974965376,1.2504906628348,0.676900368944257,0.941799776291481
1551,1.04622576218538,12,1.0194816091977,1.03873705782716,1.1296719764477,0.634784442113517,0.941799776291481
1552,1.27875332493303,12,1.23359561755497,1.27093083160095,1.43842285261722,0.822734191864518,0.941799776291481
1553,1.28019982411459,12,1.21247153470644,1.29097943959037,1.42363865599093,0.746671194121632,0.941799776291481
1554,1.04951109813357,12,0.958229517889239,1.04362507399152,1.06203542071876,0.609783352777248,0.941799776291481
1555,1.7225919076929,11,1.54931201286656,1.74740294913688,1.91761064795794,1.04623018850433,0.935914514212886
1556,1.76067581519125,11,1.55539337147488,1.73933143103373,1.87030412005571,1.00003535566751,0.935914514212886
1557,0.924377008948041,11,0.812843381223935,0.925940343826698,0.983912222595916,0.521511867962726,0.935914514212886
1558,0.961054384291951,11,0.900744177872386,0.999189973665489,1.0830901417137,0.583000895018108,0.935914514212886
1559,0.85497573931056,11,0.75819724752107,0.858968825509109,0.908107598698195,0.500902471141691,0.935914514212886
1560,0.880827806487747,11,0.827733460843411,0.917716866354028,0.95088863043971,0.534200504956012,0.935914514212886
1561,0.695746230818064,11,0.619328986477585,0.694103144802521,0.732208432130524,0.411823996649282,0.935914514212886
1562,0.705055844504133,12,0.644579078551596,0.693693897787354,0.784014099833093,0.42269495434064,0.938785455654277
1563,1.13450590063634,12,1.03224505470075,1.16272451980221,1.22548422563836,0.671460629515671,0.938785455654277
1564,1.19648390644321,12,1.07655167232373,1.2172375837857,1.21315489141311,0.623105813581744,0.938785455654277
1565,1.45228747532714,12,1.3040467335915,1.47158005994551,1.57623258131603,0.867616561692959,0.938785455654277
1566,1.1209416823812,12,0.996427599861689,1.12714763149664,1.14986022570589,0.640689366023352,0.938785455654277
1567,1.10208740223105,12,0.991315705252298,1.11419552209745,1.03344240907061,0.619010985612679,0.938785455654277
1568,1.29443672232395,12,1.11487464768186,1.28025106639122,1.3331845096327,0.647960259340131,0.938785455654277
1569,1.22464930680232,12,1.13234610963337,1.20466143283223,1.25432257884009,0.647736120631449,0.938785455654277
1570,1.34629394631895,12,1.28510163857138,1.35952523249153,1.31321412344974,0.710346416522031,0.938785455654277
1571,0.741859471416186,12,0.744382039414329,0.760191378030862,0.780383229940078,0.427675181084932,0.938785455654277
1572,1.25774783245827,12,1.30973885911217,1.2754603946852,1.29469703093088,0.692539352704672,0.938785455654277
1573,0.640550663168006,12,0.68909495825581,0.650193672411023,0.666320737416406,0.352296407242305,0.938785455654277
1574,1.13032978700091,12,1.25182213730354,1.15379659112171,1.07500096504582,0.605265404828579,0.938785455654277
1575,0.788164672025266,12,0.904514559195584,0.811414255323091,0.818109120355444,0.432030992888237,0.938785455654277
1576,0.877176949525658,12,1.03226996120805,0.894926972440918,0.865955366909191,0.506565203590652,0.938785455654277
1577,0.842520313643171,12,1.10161308601747,0.834435853552427,0.829808255721006,0.480485452322727,0.938785455654277
1578,0.959255180692009,12,1.33569570643206,0.989504124028716,0.933270949053733,0.574553407929929,0.938785455654277
1579,0.473244059783652,14,0.56464341191367,0.476189540431396,0.440527244607714,0.237203993578553,0.946411170322634
1580,0.527493953444045,14,0.747953711423774,0.555255965776536,0.506563452634439,0.293955836252206,0.946411170322634
1581,0.760817683371913,14,1.14307774110592,0.789124564669131,0.720354992987472,0.406506241295776,0.946411170322634
1582,0.616435600823103,14,0.965858037171992,0.63774152888818,0.560079705536091,0.326156133919571,0.946411170322634
1583,0.65117693860662,14,1.03696239883394,0.660054663534411,0.590283318974627,0.339761150469001,0.946411170322634
1584,0.0870906751212406,14,0.147014224715832,0.0903898173168643,0.09045288271643,0.0436078413212706,0.946411170322634
1585,0.285471659563364,14,0.422138665532987,0.298781171356718,0.25444554492363,0.157294017429949,0.946411170322634
1586,0.640576890846182,14,1.07725037504484,0.669882487742055,0.590798605637823,0.315608066335243,0.946411170322634
1587,0.417410076446311,14,0.743429544610651,0.431405907461144,0.367174617146867,0.200173781576149,0.946411170322634
1588,0.81363860897588,14,1.30687565970017,0.85132028041323,0.624859172954246,0.417999629415875,0.946411170322634
1589,0.556026266526317,14,0.872983318983698,0.574363608492237,0.459571808482196,0.269790290831101,0.946411170322634
1590,0.396543359788797,14,0.588366259282268,0.410666720179675,0.370252421300219,0.22068847739234,0.946411170322634
1591,0.838598215947928,15,1.1968904357286,0.887457972758831,0.777372054607152,0.505208532487493,0.950217913628378
1592,0.481421585332879,15,0.631533364374468,0.515458034299661,0.418747449561215,0.265532628666112,0.950217913628378
1593,0.620047906201805,15,0.851279191192106,0.630378436460421,0.621368743927106,0.336912037944202,0.950217913628378
1594,1.30759943384553,15,1.74369038057722,1.38753741480543,1.2740565493937,0.79195473419153,0.950217913628378
1595,1.05343789673884,15,1.32035103723015,1.0968307364997,0.867546730370061,0.617753242039561,0.950217913628378
1596,1.00946725564094,15,1.25466346405242,1.06096671501765,0.964671948155941,0.515895130745148,0.950217913628378
1597,1.041433438172,15,1.30386980717793,1.12075629997297,1.11981742560728,0.635575058775622,0.950217913628378
1598,0.796215924568223,15,0.945981905103306,0.82625724401858,0.685249487182638,0.417780658279156,0.950217913628378
1599,0.854678852325224,15,1.04454117264141,0.910025597993844,0.9043832635491,0.508705891999034,0.950217913628378
1600,0.654524597129281,15,0.75869465065329,0.66982334620822,0.680623857021324,0.400343532663961,0.950217913628378
1601,0.662703246315747,15,0.73592439991912,0.688526603918756,0.676755452418452,0.398376661721492,0.950217913628378
1602,0.902701746908057,15,0.988063495374836,0.932652692141269,0.883000382748678,0.559817720384283,0.950217913628378
1603,0.820661380375544,15,0.901847219356034,0.861105124467609,0.880428860979271,0.479501977067157,0.950217913628378
1604,0.8423384215242,15,0.894166389661931,0.879203353597029,0.832812811308507,0.490746083949968,0.950217913628378
1605,0.997478967945695,15,1.05557597092448,1.03438648368553,1.08558018547163,0.597220780054735,0.950217913628378
1606,0.989749927225095,15,1.01940524947795,1.02637651543404,1.01041285034298,0.559671014669731,0.950217913628378
1607,0.68464128688155,15,0.754325586480495,0.75972078792305,0.74930541988172,0.410304446837267,0.950217913628378
1608,1.02027296281385,15,1.04215200545509,1.01809650968008,1.06121887189081,0.623053064259786,0.950217913628378
1609,1.00499341660435,15,1.02573578044962,1.06782516901438,1.01897649944598,0.58941239014492,0.950217913628378
1610,1.146412507644,15,1.15732454196648,1.19829287888311,1.17397422978544,0.637531172583161,0.950217913628378
1611,0.973926822236596,15,0.958450237983463,1.0294787294595,1.02715589096767,0.546151687147378,0.950217913628378
1612,0.90700481377944,15,0.870356214381996,0.930866888700689,0.931287799461415,0.548555364547691,0.950217913628378
1613,0.86100548763381,15,0.830638766719286,0.915932834297609,0.957592460112621,0.506939941118595,0.950217913628378
1614,0.938809867508985,16,0.871346611295974,0.998617908337095,1.04285597191015,0.582679498631679,0.949417297704022
1615,1.14437964111995,16,1.07298897162792,1.19460333949173,1.27276127587712,0.674192922722783,0.949417297704022
1616,1.02779301773264,17,0.97439833232639,1.08045889988022,1.09674968922406,0.589981450663857,0.950199640685947
1617,1.0813191344548,17,1.02132901665306,1.13354691119418,1.13937369834742,0.64728453102607,0.950199640685947
1618,1.52378816159192,19,1.48722810451522,1.61070405372859,1.73057354497034,0.903335113143333,0.954428876851654
1619,0.963907567938322,19,0.951438240875039,1.02036132387723,1.05043969985744,0.531293299836008,0.954428876851654
1620,1.42247333278927,20,1.41758396124873,1.51153876711122,1.6189108559994,0.853034957537245,0.953440276071118
1621,1.40211341542326,21,1.45401208670924,1.4749833351874,1.59408639780469,0.780649106696831,0.954294324153261
1622,1.11869385294071,21,1.2077275923053,1.19033236314963,1.27998407837244,0.679137220872154,0.954294324153261
1623,0.651084034887305,22,0.710829973014869,0.695215204063023,0.670082341902379,0.311266170594673,0.954423362528122
1624,0.500539921494401,22,0.542998166745602,0.530896115902976,0.557272819377346,0.30526427256799,0.954423362528122
1625,0.716676724542592,22,0.800728988771211,0.757346318052356,0.756459046070106,0.388386355936017,0.954423362528122
1626,0.439824052258277,22,0.509264544515658,0.466600781282807,0.457170136911102,0.261000254247782,0.954423362528122
1627,0.789148348598356,22,0.858505689925707,0.802536574447381,0.822203431155629,0.451543989238462,0.954423362528122
1628,0.767321399882687,22,0.865576492590125,0.798814670563153,0.798282016136175,0.373454088373709,0.954423362528122
1629,0.98853622227122,23,1.10965613115801,1.03114601437427,0.96917892618715,0.517708157545084,0.955742499935661
1630,1.05535718576835,23,1.17693927271125,1.08342744140433,1.13132942441237,0.602451250508762,0.955742499935661
1631,0.795550519935009,25,0.88408946904621,0.83064745992989,0.885381466567362,0.460789032923227,0.955701994352709
1632,0.929030993279792,25,1.0161505908845,0.961853030420834,1.06700347153615,0.548802089992229,0.955701994352709
1633,0.884409591417007,25,0.947266010722939,0.911456578528767,0.936070581360655,0.452376176479245,0.955701994352709
1634,1.12827199934611,25,1.1748169813381,1.13681488062783,1.24633557469461,0.639470371473541,0.955701994352709
1635,1.08222373759899,25,1.09577271089219,1.08566355075875,1.16453723029992,0.614853383276703,0.955701994352709
1636,0.864347974343785,26,0.863589273935059,0.877368113266466,1.04931512549616,0.530754871008471,0.957265534409465
1637,0.815007104109872,27,0.815755525737395,0.818252632509203,0.96555694319673,0.504584028318839,0.957705932092266
1638,1.00747345793704,27,1.00059841262213,1.00378810944731,1.17595999493215,0.622597486651355,0.957705932092266
1639,0.998150505132276,27,0.951606386842637,0.995462814938458,1.18224454298073,0.611570788052853,0.957705932092266
1640,1.19171850516398,28,1.11932370722379,1.18957924278782,1.42303956338319,0.78078428964613,0.959019132082069
1641,1.09164199462317,30,1.02996998005676,1.10062558193218,1.34719988478974,0.695943514641584,0.961069151641933
1642,1.18766604344151,30,1.08466222687755,1.18587488081408,1.4828654851843,0.778758946424929,0.961069151641933
1643,0.967750615078941,32,0.868995337333505,0.964876732148837,1.13795463145981,0.582079661990546,0.963612768745199
1644,1.22019973981405,32,1.05243603754666,1.20021430339413,1.47477039337778,0.764823777258573,0.963612768745199
1645,1.22405813528936,33,1.06799901267214,1.21790712381963,1.42280425093866,0.726319564838763,0.964862069112476
1646,1.09579233972992,34,0.960367563193033,1.09245758436105,1.30470389295579,0.676385718143736,0.966445330240674
1647,1.13163649607196,35,0.974135951113523,1.12227756617142,1.29068886969645,0.671855873890486,0.967873556313045
1648,0.843814146750135,36,0.733624313940866,0.839138119457888,0.876455181790273,0.475527568834393,0.96861788859529
1649,1.26973363632362,37,1.07154446038118,1.2367675028988,1.35065352529775,0.742196185500695,0.969658699579393
1650,1.35591114187143,37,1.15371041323088,1.3285856253569,1.49378444436525,0.802920920182029,0.969658699579393
1651,1.58204659076569,37,1.3670267117052,1.56663242384303,1.76916221125677,0.953400310390939,0.969658699579393
1652,1.26746872402559,37,1.12553697269778,1.24461239777209,1.32649678738805,0.7072264263686,0.969658699579393
1653,1.18104856024046,38,1.03567467236885,1.15504361444738,1.31092989707786,0.687379392807822,0.970940741393006
1654,0.58035200395881,39,0.513198794964753,0.573578993441736,0.599554326030688,0.339900568024506,0.971713513905729
1655,1.25617746945643,39,1.14941449993098,1.21437155266998,1.31925257347312,0.713168270036093,0.971713513905729
1656,1.24473190452237,39,1.15873935853182,1.21896744850963,1.26120269128657,0.666692421950241,0.971713513905729
1657,0.823688795559315,39,0.774232972403959,0.80651758812113,0.888359208371439,0.463054956962847,0.971713513905729
1658,0.852054247650815,39,0.806091215565229,0.833940261902521,0.887487180463903,0.486469195966683,0.971713513905729
1659,1.08452742793306,39,1.03177433460817,1.05803032564329,1.16956577503573,0.590212624863396,0.971713513905729
1660,1.10227019455498,39,1.06877742054418,1.07204881851438,1.18354210981021,0.607597310879408,0.971713513905729
1661,1.1339665014205,39,1.11095338459716,1.09792223052838,1.17762585875839,0.621924165926699,0.971713513905729
1662,0.922435071281936,39,0.921736071765912,0.898935830788165,0.883094795724024,0.463298017442513,0.971713513905729
1663,1.20258859125088,39,1.23095127285799,1.1701098350242,1.25821857516637,0.704721112955047,0.971713513905729
1664,0.712141082007551,40,0.735247212349677,0.698790099530212,0.735178693200722,0.393060631321118,0.972764531729097
1665,1.37134881578432,40,1.41753028013959,1.31768388168173,1.37456626681119,0.738416637585945,0.972764531729097
1666,1.00985534116247,41,1.05671331024425,0.978192837890472,1.00060541899226,0.517466874578489,0.973745548491885
1667,0.948412535751754,41,0.998000529613536,0.914069504898167,1.02144022902602,0.523885468810581,0.973745548491885
1668,0.543017651502282,41,0.583722090564456,0.526327627327717,0.53052420617477,0.24881563662087,0.973745548491885
1669,0.717385289082007,41,0.760527567729446,0.695129744806589,0.716701871307288,0.389751216082343,0.973745548491885
1670,0.340830340878055,41,0.361247875939796,0.337324046003911,0.363505318751147,0.197822356703616,0.973745548491885
1671,0.773897660944787,41,0.781618316221534,0.748716612186354,0.809719205953175,0.414672962588085,0.973745548491885
1672,1.04275026622349,41,1.02976746107101,1.00453024666919,1.10386835405919,0.556915501858685,0.973745548491885
1673,1.33460292504193,41,1.2975221740721,1.29429160252082,1.40941314977857,0.69908980071537,0.973745548491885
1674,1.49722009308789,41,1.41240413121709,1.44691023015217,1.52034977207062,0.783097783465591,0.973745548491885
1675,1.18135564441115,41,1.12981317150811,1.14689047039874,1.19395019927564,0.649241321700004,0.973745548491885
1676,0.825896713348904,41,0.792790576977745,0.807429957870348,0.846853226096532,0.459927843467875,0.973745548491885
1677,1.11423043949652,41,1.02475452830247,1.08286482029071,1.20804532641944,0.616378677570461,0.973745548491885
1678,1.40696210350719,41,1.27834704343419,1.35813520982144,1.46661596433998,0.760392729835499,0.973745548491885
1679,0.570866230451722,41,0.545463708924964,0.563331460424149,0.600957617258585,0.324960588954878,0.973745548491885
1680,1.29974054653124,41,1.17153402615657,1.25998774137092,1.21237150843603,0.731629223273895,0.973745548491885
1681,1.40975803297376,41,1.27074982113703,1.3873374985272,1.45343221453792,0.77355445551855,0.973745548491885
1682,1.24411952640464,41,1.10246920617826,1.22347601944083,1.26265206201084,0.66029014217881,0.973745548491885
1683,1.46818298335087,41,1.30087938747027,1.45102369002179,1.58716650559055,0.82338307840052,0.973745548491885
1684,0.81989173638328,41,0.731856036365169,0.795086479169369,0.864941976644391,0.461632255785675,0.973745548491885
1685,0.259201568155342,41,0.229700298827588,0.253099122923975,0.218859262137299,0.11796830849093,0.973745548491885
1686,1.03629901806882,41,0.929683567217255,1.02052706457285,1.1106985951566,0.592207107645559,0.973745548491885
1687,1.05609940861579,41,0.938343694351857,1.03329272906875,1.16317065104211,0.600289311429783,0.973745548491885
1688,1.2316902580321,41,1.08728234463539,1.22073532858775,1.30119229898574,0.646730460085951,0.973745548491885
1689,1.29993080004031,41,1.12912981577427,1.2899690905609,1.45620924532521,0.72776928002083,0.973745548491885
1690,1.3700973889859,41,1.22648542465736,1.36783415662837,1.51089142827369,0.781015160949888,0.973745548491885
1691,1.33858924328728,41,1.18367754865263,1.32935968962209,1.40306819954596,0.729967543777604,0.973745548491885
1692,1.37239204550307,41,1.24223902898265,1.36585866361498,1.49700706548437,0.773158321049217,0.973745548491885
1693,1.58229890846746,41,1.47262191025377,1.57808021719952,1.63614659863293,0.87592680304922,0.973745548491885
1694,0.952860219858092,41,0.916207749011259,0.947396965062142,1.00141965152117,0.531379215030709,0.973745548491885
1695,1.07100064127022,41,1.05936361709512,1.07374148092916,1.14984491124638,0.605776888064187,0.973745548491885
1696,0.613334942690181,41,0.641450733680389,0.62332570342836,0.647301196284283,0.356875345544527,0.973745548491885
1697,0.689368731946722,41,0.73257611665093,0.706202791733176,0.712384738568579,0.380900508171109,0.973745548491885
1698,0.985667017247483,41,1.0811521396461,1.00064528433117,1.06339235175001,0.576212244038651,0.973745548491885
1699,0.905509440985105,42,1.02880951772912,0.920473867764534,0.96423670722774,0.539744851167187,0.974531627235914
1700,0.308816248339125,42,0.353844712498513,0.308778342777124,0.364960084934126,0.214729210392875,0.974531627235914
1701,0.988460389721167,42,1.18695772577359,1.02050136148779,1.0141418170852,0.538969612192713,0.974531627235914
1702,0.628586450851912,42,0.757487386173511,0.64623074098525,0.674623516518166,0.38819503952928,0.974531627235914
1703,0.895157643320285,42,1.12966708290848,0.906821875430756,0.985027088002394,0.540769649420094,0.974531627235914
1704,0.652542390868571,42,0.820096034385824,0.672684583865227,0.731398238582395,0.388436610262112,0.974531627235914
1705,0.887664793586496,42,1.14184047172972,0.905078016028011,0.942488666406986,0.521122098607266,0.974531627235914
1706,0.933032864462539,42,1.20277678999302,0.955031472071894,0.928223866342051,0.518610348227056,0.974531627235914
1707,0.567986012937297,42,0.734812127467884,0.588435314053488,0.644193345223428,0.347519240964912,0.974531627235914
1708,0.729460930263417,43,0.942182917503035,0.745287060466039,0.755751226777133,0.41648936254492,0.975460982998081
1709,0.644725469241066,43,0.842394718644338,0.666393346562831,0.660997306606859,0.369693532530443,0.975460982998081
1710,0.929050981615386,44,1.23825469202553,0.984767721792385,0.921183913960302,0.512597626070949,0.976288565197129
1711,0.76447414544029,45,0.977636279175354,0.805465118832543,0.770337462068814,0.431392049712095,0.976781491527111
1712,0.907068315707973,45,1.11873601280295,0.954629541634201,0.94224638056212,0.546870704216806,0.976781491527111
1713,0.484276211150989,45,0.598316513235415,0.515842779575266,0.492906314281753,0.28309401675775,0.976781491527111
1714,0.921389697272909,45,1.10296502671136,0.981553695413902,1.00951307711509,0.560467058933832,0.976781491527111
1715,0.802271509163541,45,0.943249159173883,0.844243624859865,0.891900662572755,0.494223936223399,0.976781491527111
1716,0.454341663638504,45,0.485974431308395,0.47232780906137,0.508445550838786,0.285607544310614,0.976781491527111
1717,0.58019863638024,45,0.639914760910629,0.613341175014564,0.655217277574914,0.362701709581228,0.976781491527111
1718,0.928253166091855,45,1.04458876427781,0.976511920763887,0.982397310221131,0.557343471665015,0.976781491527111
1719,1.05230129447808,45,1.13333552035163,1.10277284720945,1.14414571598455,0.64157765193405,0.976781491527111
1720,1.33272542620479,45,1.44857506859196,1.41821414881966,1.29319748490961,0.758040390943617,0.976781491527111
1721,1.27903744986447,45,1.33017716208541,1.34799874833272,1.3296258495521,0.740570473700916,0.976781491527111
1722,1.11621106131966,45,1.11021940708446,1.17348136022006,1.14251668556162,0.6413869533789,0.976781491527111
1723,1.34898938734806,45,1.40877904935595,1.41985942224613,1.47229328430248,0.835443137015437,0.976781491527111
1724,0.866984671319009,45,0.904815214229553,0.916034757840662,0.87169549544151,0.484174787342325,0.976781491527111
1725,1.19821657398658,45,1.25580154387821,1.21963726085178,1.22165805376722,0.650266215783048,0.976781491527111
1726,1.4097310655303,45,1.52475294903611,1.46621701720636,1.40497810236652,0.767785469538305,0.976781491527111
1727,1.17144473507882,45,1.3082765595078,1.21773466416131,1.30117316684854,0.732280054636986,0.976781491527111
1728,0.470391528672179,45,0.533867080419481,0.490720441519012,0.517391197490381,0.290033705890082,0.976781491527111
1729,0.186054483109972,45,0.215487706320507,0.191951744289224,0.195047749681249,0.107376499210148,0.976781491527111
1730,0.591646730692257,45,0.725909137692254,0.627091800308223,0.677604235045908,0.367041785767802,0.976781491527111
1731,0.760689619476241,45,0.956068991847295,0.801140022436805,0.881904557715295,0.47431582868717,0.976781491527111
1732,0.972711294967377,45,1.24431692952712,1.02440821175694,1.12088500817336,0.60251582732556,0.976781491527111
1733,0.87762438965722,46,1.13779615573966,0.911235197760295,1.00208417918246,0.544428734021378,0.977527922702733
1734,0.690876923898266,47,0.917026437590962,0.72333751571371,0.744871565452854,0.411041291618428,0.978171932766067
1735,0.307924326949575,47,0.424379791277082,0.319466125812574,0.376710989394834,0.214372400606688,0.978171932766067
1736,0.695380217818059,47,0.92752431734369,0.733555539150119,0.789812397336375,0.449043716425683,0.978171932766067
1737,0.584276114593834,47,0.748786073423236,0.616010780983476,0.663624178286937,0.363730562406892,0.978171932766067
1738,0.7933286807728,47,0.981763222789761,0.833709386741407,0.872376385397525,0.464859281199975,0.978171932766067
1739,0.534114262065687,47,0.679618547136597,0.553139122902025,0.549651137036371,0.325305689258986,0.978171932766067
1740,0.473846038262066,47,0.576672850292123,0.491897881811045,0.540033591053818,0.295095421642386,0.978171932766067
1741,0.812954058659713,47,0.960632205325745,0.847517507493739,0.918802488749722,0.507275301496501,0.978171932766067
1742,0.661484286551384,47,0.755038992127977,0.686304741510434,0.756399496417375,0.409870918562194,0.978171932766067
1743,1.29003043131452,47,1.38608156522131,1.31257597377805,1.37703781518941,0.763636557013652,0.978171932766067
1744,0.983609115611891,47,1.07485187880405,1.01139271650187,1.08203116800573,0.61186790479935,0.978171932766067
1745,1.38324549357683,47,1.5032432009103,1.45048786261242,1.47862259972624,0.832518352005124,0.978171932766067
1746,1.55043109599332,47,1.66207424524582,1.59687225984789,1.65910930050134,0.957673292097252,0.978171932766067
1747,1.51733868956389,47,1.61249601805889,1.55836815811653,1.5818646538593,0.914143187073012,0.978171932766067
1748,0.564323534665099,47,0.584556110786403,0.575745559398651,0.629477227576879,0.360991113650784,0.978171932766067
1749,1.35055312750333,47,1.44417350122708,1.40244022169724,1.4132879790363,0.811505376639886,0.978171932766067
1750,0.908600460292935,47,0.988940138532453,0.939947475630071,0.974650066684769,0.574941190597574,0.978171932766067
1751,0.743839870064388,47,0.806513411288467,0.762093637535272,0.834104380318192,0.485867945721401,0.978171932766067
1752,0.598142222192478,48,0.658861882315087,0.629163561122682,0.647717254715893,0.382035307770051,0.978729264469814
1753,0.328034886435208,48,0.364060672076189,0.340382904266479,0.377178679581336,0.21467911291108,0.978729264469814
1754,0.717227753767795,48,0.794974951547018,0.750393854075525,0.809723665932423,0.456576060532188,0.978729264469814
1755,0.392429857631704,48,0.43042552470319,0.405930114721921,0.431095012797809,0.251068767314359,0.978729264469814
1756,0.752293093804859,48,0.76158191153565,0.770910167994818,0.789310023485251,0.440607531580257,0.978729264469814
1757,0.901625146102483,48,0.927355234428508,0.938070114705154,0.970013914468453,0.547765475105856,0.978729264469814
1758,1.03356351018737,48,1.0894565978534,1.09257816896454,1.11700275913301,0.644111479968768,0.978729264469814
1759,1.29192174373122,48,1.28534681510363,1.34683004916776,1.36092506426202,0.771970459423289,0.978729264469814
1760,1.36702595830811,48,1.33344531480869,1.41965985382621,1.44669259115708,0.815743860448335,0.978729264469814
1761,1.05325319521373,48,0.989961098984821,1.06267479717676,1.10666367409086,0.639277104435396,0.978729264469814
1762,1.05879812878628,48,1.00827178675295,1.07148069109652,1.14477449327932,0.656881297398981,0.978729264469814
1763,0.816199012132879,48,0.753388096123808,0.823656027743252,0.87925963609091,0.495835630510609,0.978729264469814
1764,1.21970851106657,49,1.15027684060868,1.25490340799325,1.35733096881002,0.766839470818801,0.979416099286983
1765,0.821814175106936,49,0.799280901017668,0.830378973555396,0.907238095740188,0.521573053827102,0.979416099286983
1766,1.47802082433783,49,1.37121714405135,1.50314271346393,1.59093650543753,0.915688501934035,0.979416099286983
1767,1.10881377505673,49,1.05737254630734,1.15404680591125,1.2552671423934,0.705390645097931,0.979416099286983
1768,1.33921560794588,49,1.21563805271541,1.36302804027311,1.40486257242171,0.797838801402846,0.979416099286983
1769,1.19665347561,49,1.15973104318929,1.21398517137804,1.27311927763314,0.747345871033351,0.979416099286983
1770,0.933821895176425,49,0.956195581221874,0.969973901565101,1.08358084228516,0.624318259517219,0.979416099286983
1771,1.19554581196499,49,1.20465268490186,1.22120807227897,1.30065833850497,0.767211709040003,0.979416099286983
1772,1.35026067438825,49,1.30370020087423,1.34357100673633,1.44281783772326,0.82912438100777,0.979416099286983
1773,0.63203514671806,49,0.614289798809004,0.628229149716108,0.657085357089458,0.37624521280597,0.979416099286983
1774,1.01334065010517,49,1.07173528428209,1.04361685032825,1.12609326698391,0.664301166907399,0.979416099286983
1775,0.834045071328702,49,0.879613539941412,0.844116075776756,0.923243966025401,0.541425956606259,0.979416099286983
1776,0.821393202028475,49,0.871248211206807,0.828293777571772,0.877312058460296,0.518036278089918,0.979416099286983
1777,0.632764674873617,49,0.675780019591971,0.639739636477812,0.678008917235243,0.395972028287412,0.979416099286983
1778,0.564379038156661,49,0.593957789371959,0.558732265650893,0.606999051229986,0.346200622516137,0.979416099286983
1779,0.849615711196251,49,0.903883248688396,0.852845696676651,0.912048597277915,0.523413157550269,0.979416099286983
1780,0.550989125272604,49,0.571466013333134,0.552798914752308,0.58606014983467,0.347514733542401,0.979416099286983
1781,0.914136670426492,50,0.947203321528314,0.910493550505169,0.960576373234664,0.559911801008027,0.980135056336385
1782,0.82658586772727,51,0.83777685508974,0.824671148724031,0.772352052500771,0.462616251764873,0.98065873193719
1783,1.10231888452428,52,1.1257107724617,1.11233175338563,1.06477022654873,0.638944814676719,0.981048999330402
1784,1.47804920300341,52,1.49068209002883,1.48422855258357,1.46308747611779,0.851949437302984,0.981048999330402
1785,1.13488829622491,52,1.06902274181771,1.13156531123466,1.17093206019876,0.707994724523606,0.981048999330402
1786,1.10722572780631,52,1.03672384522285,1.09514261848872,1.10810024431877,0.675432404226019,0.981048999330402
1787,1.52706707324272,52,1.42512769380834,1.54230800671683,1.53225521625887,0.940989933659384,0.981048999330402
1788,0.629502875665151,52,0.580136077574007,0.636541766295215,0.677000822108453,0.407717820750889,0.981048999330402
1789,0.763406042482149,52,0.691822322442361,0.76080713318087,0.82401679600765,0.479513803507707,0.981048999330402
1790,0.605730049085978,52,0.508265817228582,0.604949433358303,0.695883648220828,0.402494093245498,0.981048999330402
1791,1.30124158881981,52,1.15007517897226,1.31733187900736,1.32654328149298,0.828254007050377,0.981048999330402
1792,1.34798283410329,52,1.19476238659576,1.37212332135434,1.40356032427422,0.846624217519026,0.981048999330402
1793,1.58870092558862,52,1.37584523340217,1.585533065336,1.64916153236334,0.997652810590979,0.981048999330402
1794,1.31431917994038,52,1.1068986048438,1.29986992746175,1.31965921905015,0.821233162195255,0.981048999330402
1795,0.942568266148156,52,0.76079625342742,0.924072490079094,1.02970795140744,0.614814515675765,0.981048999330402
1796,1.31603397486646,52,1.12378133782373,1.31104639683315,1.40465297063994,0.842525010686737,0.981048999330402
1797,1.41942855665158,52,1.18375883462637,1.40295125683703,1.51032864428078,0.916650905436447,0.981048999330402
1798,1.15958749679893,52,0.969276930362525,1.13073947843951,1.22370900177759,0.742331256717593,0.981048999330402
1799,1.33320054595064,52,1.18801924008902,1.31515730033301,1.41428469758764,0.833395790419969,0.981048999330402
1800,1.26773518928052,52,1.15439645040669,1.23935369373955,1.40601635062565,0.8431888391689,0.981048999330402
1801,0.750345728827768,52,0.660907910860036,0.737787109577225,0.802054900373903,0.472901165964272,0.981048999330402
1802,1.27219607609961,52,1.17685209316992,1.26622187003046,1.30386811569787,0.78778977823498,0.981048999330402
1803,1.03074088804894,52,0.944837819039471,1.01685107970394,1.08223563176188,0.641273922204204,0.981048999330402
1804,1.2303569859538,52,1.18695925495961,1.22024419446206,1.25975972659369,0.773608551445264,0.981048999330402
1805,0.806817599890617,52,0.784367435723013,0.787595966569465,0.878694178595594,0.519491455783772,0.981048999330402
1806,0.622576558479321,52,0.588568167656947,0.606530709930192,0.699317195195717,0.41492359359887,0.981048999330402
1807,1.13945089685161,52,1.21243390231184,1.12635705559519,1.22744199914853,0.722263732380915,0.981048999330402
1808,0.785272160814266,52,0.827956928694441,0.773963282479806,0.856385146605514,0.499302095727136,0.981048999330402
1809,0.961072573581041,52,1.04385806020556,0.952576542480605,1.0372806426819,0.605391543395777,0.981048999330402
1810,0.709398174526909,52,0.76925019302693,0.702039613560478,0.747002497494548,0.437070555419991,0.981048999330402
1811,0.88896348643154,52,0.991606655049681,0.877880092385308,0.918041818106478,0.535432089050041,0.981048999330402
1812,1.03470290413424,52,1.18072152020063,0.999479976081581,1.0866234801958,0.64861512880558,0.981048999330402
1813,0.508884139355569,52,0.55578554857477,0.497635547034802,0.574694755099138,0.341040339062701,0.981048999330402
1814,1.01971044876541,52,1.18618175325372,1.00833712983855,1.03583561020974,0.627623659157658,0.981048999330402
1815,1.11620847905008,52,1.30344730758338,1.09982751861468,1.1386074258649,0.694209596367035,0.981048999330402
1816,1.39451683653627,52,1.64618872584184,1.38274736501335,1.34399557433481,0.849034222546735,0.981048999330402
1817,1.23089476721919,52,1.3739296347136,1.21932699793337,1.2451848651069,0.771538387434451,0.981048999330402
1818,0.461820357101566,52,0.551461204982968,0.457870571608196,0.494617956351321,0.299785072327922,0.981048999330402
1819,0.379208897352851,52,0.451102948200585,0.377548950582405,0.430494871327845,0.255228687965142,0.981048999330402
1820,0.302780338013802,52,0.338276125076402,0.295823348498005,0.357791653905571,0.214620952181409,0.981048999330402
1821,1.12636827137704,52,1.35791474219464,1.11364922826828,1.16490083766947,0.707839528051533,0.981048999330402
1822,0.277499700192026,52,0.307847133247909,0.272707021805305,0.31465974020072,0.187997919336835,0.981048999330402
1823,0.607991047527872,52,0.672765982089493,0.602727675976432,0.655447570320955,0.398907237098946,0.981048999330402
1824,0.841815195404743,52,0.942863445139613,0.820542004103285,0.880881040474785,0.540012952456806,0.981048999330402
1825,1.15878690300254,52,1.26228838278114,1.11667805047859,1.21036429075336,0.738113842427957,0.981048999330402
1826,1.27860197007269,52,1.38058097705371,1.27035523089572,1.32350406093081,0.83179212473881,0.981048999330402
1827,1.06897786206102,52,1.10226303154976,1.06913365740085,1.02277519011477,0.629559828791619,0.981048999330402
1828,1.47153989708052,52,1.44856818086164,1.44248454146158,1.49207377283335,0.910302063071227,0.981048999330402
1829,0.677999009193459,52,0.658992188362799,0.653259253534743,0.724926414386408,0.453561075673555,0.981048999330402
1830,1.13355818873549,52,1.06937148302586,1.12550724411129,1.16656049971388,0.717906917425916,0.981048999330402
1831,0.942075936206498,52,0.874865802156722,0.923029310721,0.935483750135244,0.575862381491037,0.981048999330402
1832,0.576184009409053,52,0.527093196054524,0.557014246579334,0.658694624477003,0.393704854966363,0.981048999330402
1833,1.34019736914783,52,1.17104832535176,1.3226494672991,1.35028078695383,0.816659771725167,0.981048999330402
1834,0.900089238287704,52,0.775443798364449,0.870456260698409,0.945209787760965,0.58068073845121,0.981048999330402
1835,1.37273468263709,52,1.19383445120399,1.36536206657396,1.4604076815761,0.893669617909659,0.981048999330402
1836,1.11222056489463,52,0.974755246097416,1.10603393062836,1.22574909400491,0.743746674060395,0.981048999330402
1837,1.61359287807153,52,1.35460539613276,1.60589989296547,1.62554334782676,1.00549230057495,0.981048999330402
1838,1.52222326345777,52,1.24570171697044,1.4849266289168,1.54122946544195,0.951798164993094,0.981048999330402
1839,1.74038274427371,52,1.44597356543746,1.71414421384218,1.7518064798775,1.11712529054763,0.981048999330402
1840,1.35171547298928,52,1.12033657525254,1.30466137110688,1.37908366675087,0.85569452437991,0.981048999330402
1841,1.00801798121726,52,0.863869585523445,0.98210625684139,1.01389745636288,0.629392651104084,0.981048999330402
1842,0.654389732303039,52,0.562444743606115,0.63819408139206,0.698519797861577,0.427041629496915,0.981048999330402
1843,0.931801165144619,52,0.815753479617538,0.894087493593172,0.992104030782655,0.616877525848805,0.981048999330402
1844,1.3345254278787,52,1.20423021455732,1.3022388389803,1.37199701920785,0.856999515601623,0.981048999330402
1845,0.910199159078181,52,0.808285062945631,0.869715056533044,0.949227950505048,0.582684110235499,0.981048999330402
1846,0.960210185355247,52,0.853898175488369,0.947764453431555,0.97489092420925,0.614664337205133,0.981048999330402
1847,0.407561757557835,52,0.36798577986668,0.397210087394314,0.458684712879205,0.285168557052146,0.981048999330402
1848,1.02659549635071,52,0.91854935037506,1.00915383319481,1.08573648627942,0.672930730824727,0.981048999330402
1849,1.63067591764995,52,1.44166187486606,1.5735867371702,1.6123096528075,1.02939054145233,0.981048999330402
1850,1.5710564827238,52,1.39899032059266,1.57023463597599,1.58840768371117,0.992786144535475,0.981048999330402
1851,0.540616703966368,52,0.492679905042533,0.532323212760755,0.596560391129226,0.366322279524148,0.981048999330402
1852,1.44049508141642,52,1.2986509013459,1.41771216425128,1.5236249672821,0.907797492009322,0.981048999330402
1853,1.34219670581039,52,1.21507356520281,1.32129245803842,1.34947738198588,0.835195230932035,0.981048999330402
1854,0.75593812352636,52,0.679550617785904,0.741084419389052,0.847353373526727,0.531547976876721,0.981048999330402
1855,1.42979022920526,52,1.29119794996917,1.4000955431305,1.44201761873089,0.899990813930249,0.981048999330402
1856,1.27066930123741,52,1.135587331833,1.262499094709,1.27501304104971,0.799559383753304,0.981048999330402
1857,0.79423990411163,52,0.71634597204778,0.783434751662966,0.850436483234736,0.520723370185362,0.981048999330402
1858,1.61141478109082,52,1.42564790574715,1.57678914783883,1.60146887298257,0.959459232926535,0.981048999330402
1859,1.06411297071271,52,0.947679576333585,1.04704605083407,1.11837740603904,0.68989764897821,0.981048999330402
1860,0.762134813133963,52,0.69014273496271,0.743070136571874,0.859459578285116,0.529175892382467,0.981048999330402
1861,0.303442528498902,52,0.277316921387074,0.3003351061134,0.372294006342359,0.216554177926778,0.981048999330402
1862,1.04553236454496,52,0.911738660335682,1.02636363735009,1.07971632644293,0.679958245675091,0.981048999330402
1863,0.822299423670368,52,0.71610521892241,0.801106920138725,0.901669287750526,0.548201664437564,0.981048999330402
1864,0.789455535852946,52,0.682137480751871,0.777944076620738,0.860633751779936,0.528282429631888,0.981048999330402
1865,1.30233831728092,52,1.09368681584427,1.29174170435045,1.31796607892665,0.830380587128952,0.981048999330402
1866,1.59868285210419,52,1.33295648252441,1.59332362679061,1.58633814440003,1.02813396168284,0.981048999330402
1867,1.83264650445397,52,1.52786038814417,1.81642968557873,1.81686321218016,1.19664579124358,0.981048999330402
1868,1.95693756797738,52,1.65812114184573,1.94233465097977,1.91887134735194,1.24570963525181,0.981048999330402
1869,1.75648931785806,52,1.47071800926698,1.74673065710681,1.66615597706425,1.06373932197985,0.981048999330402
1870,1.19031627360324,52,1.0252741389382,1.19251928007838,1.15076757569703,0.757420930287104,0.981048999330402
1871,1.08445093609504,52,0.927864884927765,1.06720595778731,1.05846199133336,0.655911565633396,0.981048999330402
1872,0.498214762023782,52,0.418029127077877,0.485497813684388,0.568134068187312,0.336262183006667,0.981048999330402
1873,0.687541857081011,52,0.596931473850782,0.673022686097288,0.75715085709609,0.46774960865413,0.981048999330402
1874,1.11318341294421,52,1.00446676471395,1.11715744391591,1.07433841888247,0.674750656444088,0.981048999330402
1875,0.728071074750394,52,0.67564941037622,0.721708040167305,0.7487131423351,0.467185168579126,0.981048999330402
1876,0.970636628732641,52,0.912753120628066,0.957671240935653,0.916393737449429,0.586154119662919,0.981048999330402
1877,1.16274507849857,52,1.11864265922498,1.15563542113638,1.09456220586021,0.687147863127222,0.981048999330402
1878,1.21864690846425,52,1.20026759475195,1.20404273517876,1.13497185099879,0.737985027663393,0.981048999330402
1879,1.23181937713691,52,1.22349314442603,1.23538109529751,1.1519676090722,0.761739142385078,0.981048999330402
1880,0.946584827507003,52,0.922928796573475,0.945056614893841,0.959591533856371,0.61932419365625,0.981048999330402
1881,0.823377433472321,52,0.830588803638528,0.814701367302007,0.837836399733085,0.540308509032843,0.981048999330402
1882,0.904975295260227,52,0.918197258115948,0.904644945132215,0.910914442473306,0.563997075014727,0.981048999330402
1883,0.786746648815302,52,0.810161432551764,0.774688848805962,0.833859256845504,0.54894924232483,0.981048999330402
1884,0.984640130128832,52,1.05059116984041,0.977465021479208,0.979692590563176,0.616786551022658,0.981048999330402
1885,1.09004987467569,52,1.19698750430059,1.08086542863393,1.05868338151047,0.674626293880059,0.981048999330402
1886,0.788804704615693,52,0.851749432611468,0.781263945062321,0.834166984533108,0.527083950615534,0.981048999330402
1887,0.604367837305879,52,0.672615522575778,0.598156598968219,0.665680670173916,0.427682780802479,0.981048999330402
1888,1.08444573866519,52,1.25536487987539,1.08176384423868,1.07172118975779,0.675685779896814,0.981048999330402
1889,0.890674729603752,52,1.02969031277765,0.886654435874038,0.910926153278796,0.590470180622585,0.981048999330402
1890,1.02879738405439,51,1.23468148319192,1.03655491640827,1.01852582903503,0.654366067860002,0.980799691177309
1891,1.21590352451623,51,1.52786336946733,1.23496567283426,1.14945338312664,0.753901204548783,0.980799691177309
1892,1.27142408191081,51,1.60891592448382,1.29014087863116,1.25471088305853,0.797117145904851,0.980799691177309
1893,0.613262366878631,51,0.760795985638893,0.613080498292238,0.676052537544949,0.410800554813369,0.980799691177309
1894,0.504808214747188,51,0.626725329489074,0.508781124632184,0.577874690922168,0.351886220562699,0.980799691177309
1895,0.904880409274871,51,1.17367921558997,0.91050804947928,0.879232692868144,0.559532811340257,0.980799691177309
1896,0.382226115970459,51,0.472390322279888,0.384686014834432,0.462197394920837,0.283358192039986,0.980799691177309
1897,0.863450030023401,51,1.17838655280638,0.86562232015448,0.9105109397963,0.573038005634235,0.980799691177309
1898,0.740410100123168,51,1.00698161563596,0.757900822140651,0.788028428976356,0.483564887246798,0.980799691177309
1899,0.441545705844244,51,0.578865181075519,0.443823135684256,0.519337518019862,0.309002914603388,0.980799691177309
1900,0.561662110256379,50,0.711102783762044,0.567072300390633,0.654261436842646,0.407661309962692,0.980227270837341
1901,0.737807681662893,50,0.951563312341123,0.756717378311085,0.806868522055409,0.456165531349642,0.980227270837341
1902,0.193689891525545,50,0.232268559301736,0.193575466323516,0.219124633800486,0.139381416681643,0.980227270837341
1903,0.95002058981263,50,1.17153590946676,0.983850235845814,1.00665030327271,0.628981991107038,0.980227270837341
1904,0.431775912572216,50,0.493437553592473,0.428479353430109,0.502592030287797,0.30453171563371,0.980227270837341
1905,1.24033994121656,50,1.39235733457894,1.27991034918993,1.29922506970177,0.841331587254304,0.980227270837341
1906,1.11512108758874,50,1.20467483920809,1.14534334748163,1.16206129773117,0.757874321311807,0.980227270837341
1907,1.30438756966058,50,1.34974170888268,1.3444121946202,1.36058108303846,0.884171328480801,0.980227270837341
1908,1.03878600845936,50,1.04041601446764,1.05951966865532,1.11304913052394,0.71614672424316,0.980227270837341
1909,1.03604936829399,50,1.01435580677274,1.06245575263159,1.10460260387875,0.704997873341924,0.980227270837341
1910,0.920443726279463,50,0.870877366204136,0.951126891806711,0.937794787308541,0.637229306868453,0.980227270837341
1911,1.18968250210261,50,1.0763524867376,1.22044741540465,1.20694325564101,0.789834843056656,0.980227270837341
1912,1.06240592396377,50,0.976906855082342,1.10016125013109,1.1156210359883,0.734542382804297,0.980227270837341
1913,0.824913283621564,50,0.724988374043814,0.863373428358772,0.823198516738848,0.545871680442935,0.980227270837341
1914,1.22258766717611,50,1.03489230430165,1.26528234944311,1.23826303529362,0.831294009410405,0.980227270837341
1915,1.5197798920528,50,1.27153309006734,1.55834750364309,1.47280754355571,0.984004238397453,0.980227270837341
1916,1.32358229966363,50,1.08520756329748,1.37797394651474,1.32558386045743,0.870608228699714,0.980227270837341
1917,1.21023887659171,50,1.01256036555205,1.26103910012802,1.20730024330719,0.80982887488318,0.980227270837341
1918,1.00957259569232,50,0.802777176814741,1.04767866573443,1.00615941001466,0.678393311547049,0.980227270837341
1919,1.43181441760996,50,1.189135849494,1.49370389427651,1.43874330083972,0.966714212421736,0.980227270837341
1920,1.57229649406617,50,1.30204676177128,1.63899118799193,1.5336875992328,1.03814751518578,0.980227270837341
1921,1.18447011523463,50,1.00230216006038,1.23658738606925,1.20584979651753,0.809780770695484,0.980227270837341
1922,1.34314759676413,50,1.16178068613782,1.37589463374637,1.37492095741722,0.906960930024478,0.980227270837341
1923,0.939756920966134,50,0.831795343634256,0.981165613974023,0.947125951259066,0.627222733153502,0.980227270837341
1924,1.30753005520252,50,1.17097075950757,1.35434208237184,1.31721123536767,0.874853093086837,0.980227270837341
1925,0.794118884203276,50,0.738244457892942,0.836998470246061,0.842134053013203,0.542816099046477,0.980227270837341
1926,1.1549400682744,50,1.09089931566236,1.18042647258775,1.18850257410343,0.787457924507721,0.980227270837341
1927,0.920160473691952,50,0.894418890344804,0.940086861186568,0.917723033667749,0.624440029096761,0.980227270837341
1928,0.728951194388159,50,0.725579223928443,0.765390311284306,0.825318615042042,0.528385851531401,0.980227270837341
1929,0.840659214375507,50,0.878325813523134,0.866144782574338,0.927560085141663,0.608511415796336,0.980227270837341
1930,0.897111106441397,50,0.902854357176563,0.930457019259534,0.941506403286455,0.633948950963362,0.980227270837341
1931,0.931474668460508,50,0.948218320796758,0.986775895979477,0.931548400134225,0.62455426395756,0.980227270837341
1932,1.01394368977786,50,1.12099274557637,1.06114286229352,1.03644027169573,0.692318190212857,0.980227270837341
1933,0.594549524923019,50,0.630167410289677,0.615890254251667,0.622616317597508,0.393526969323743,0.980227270837341
1934,0.80119806857196,50,0.822614349349196,0.824541676842142,0.859907078049211,0.553770221926927,0.980227270837341
1935,0.965745405467269,50,1.03016259279271,0.987350913637232,0.945094652495372,0.640195003403009,0.980227270837341
1936,0.677314752526596,50,0.725020363525418,0.708232534171757,0.705961826944177,0.464020297159329,0.980227270837341
1937,1.28542987930649,50,1.4117823821651,1.35921094921072,1.15903176596495,0.774396597550172,0.980227270837341
1938,1.02088637387512,50,1.08716977427203,1.06236095215152,1.02676812422681,0.64708468846688,0.980227270837341
1939,0.792236147676819,50,0.848104465901902,0.819524899811323,0.811526547943093,0.513813737700341,0.980227270837341
1940,0.891363598736914,50,0.970957477225153,0.914794191849934,0.939992947040401,0.621766784434137,0.980227270837341
1941,1.16908609766606,50,1.28728573433704,1.19628328745381,1.15700090511286,0.734817309456549,0.980227270837341
1942,1.13880673834527,50,1.2357092611581,1.19895251892088,1.12482785824452,0.716323103083698,0.980227270837341
1943,0.816769687449823,50,0.869912056457746,0.862064320891574,0.830441095896918,0.535618421491307,0.980227270837341
1944,1.09416555436816,50,1.27849236903738,1.15591903933987,1.17968616827328,0.752962826418048,0.980227270837341
1945,0.974594584947275,50,1.08721252887507,1.02460097344496,1.01714580369858,0.640213193699655,0.980227270837341
1946,0.607478137389478,50,0.690424047244579,0.641558383825903,0.660360807707488,0.400481925257279,0.980227270837341
1947,0.773378339962533,50,0.90389185953767,0.826588142724752,0.764052274695944,0.463154220597444,0.980227270837341
1948,1.15044631547433,50,1.40902298642217,1.19165426282201,1.09170351757163,0.753032872141511,0.980227270837341
1949,1.19929868700217,50,1.44877352034871,1.25658087696133,1.17913469309823,0.766127986692627,0.980227270837341
1950,0.53067981616341,50,0.643931745034802,0.56096820367633,0.632023035066999,0.387674217218511,0.980227270837341
1951,0.260460759591269,50,0.308682564225244,0.271258929990771,0.338925257277164,0.189749831288139,0.980227270837341
1952,1.13352236053915,50,1.5299570620638,1.18014928206764,1.1750032419921,0.768365047880022,0.980227270837341
1953,0.644017291102801,50,0.81284111859015,0.690393487823109,0.714780818970615,0.46694367538213,0.980227270837341
1954,0.407252396717039,50,0.514545052771863,0.430553094380744,0.493391651133862,0.288776054853877,0.980227270837341
1955,0.793667796135442,50,1.05564399416531,0.814397533592244,0.844161850247732,0.524084779020133,0.980227270837341
1956,0.610378079583967,50,0.79863410560983,0.655917002548954,0.66145368846754,0.408171984210964,0.980227270837341
1957,0.840780401651917,50,1.15895621171269,0.857624104177605,0.866017967159613,0.566337958141009,0.980227270837341
1958,0.78318554237252,50,1.01989711144627,0.841190336473041,0.829887032199227,0.531857449995282,0.980227270837341
1959,0.297233048716499,50,0.360921382375896,0.312200646002591,0.358781834620395,0.206472405721648,0.980227270837341
1960,0.94265975555542,50,1.25564455269831,0.997213783928917,0.978232769337043,0.648735354727503,0.980227270837341
1961,0.763110909216941,50,0.951382076083428,0.831484243034441,0.805380092169778,0.523701559974359,0.980227270837341
1962,0.946252929608416,50,1.17936569722124,1.0107796180092,0.952268947068483,0.607105956354335,0.980227270837341
1963,1.07293305133569,50,1.32429666344342,1.1525732880601,1.05125642856855,0.676080621512988,0.980227270837341
1964,0.739630906551134,50,0.872436574015739,0.790898529599466,0.777939883485626,0.479953496386045,0.980227270837341
1965,1.30417465243321,50,1.64489654692223,1.35637555082363,1.33528879425461,0.910015793250357,0.980227270837341
1966,0.963190501901612,50,1.09314035824745,1.04168787616867,0.976801553943243,0.633344887702654,0.980227270837341
1967,0.514616867149507,50,0.568971244119667,0.553017363614946,0.613242782127182,0.379105845839347,0.980227270837341
1968,0.929377967999591,50,1.02798380740235,1.00998564245288,0.951793087375277,0.625447721870439,0.980227270837341
1969,0.965058025978867,50,1.05480649362725,1.04830640447144,0.906938848546137,0.593732781484729,0.980227270837341
1970,0.891342796536389,50,0.97518410672688,0.971884547667493,0.919017327219552,0.606707120456399,0.980227270837341
1971,0.710294072684412,50,0.746778040182583,0.769518861797026,0.763906797828193,0.486184317449412,0.980227270837341
1972,0.767124380342063,50,0.800871468558275,0.817482755543461,0.776089807476501,0.494332851991743,0.980227270837341
1973,1.28182861540218,50,1.31357153557523,1.38308368349981,1.26199967947413,0.847683488839573,0.980227270837341
1974,0.821011038951983,50,0.819217891295588,0.884319557795409,0.870162452488071,0.563129741484968,0.980227270837341
1975,1.30304735067266,50,1.2578967096561,1.39449373846897,1.25302975439888,0.848041052575421,0.980227270837341
1976,0.791386158232677,50,0.75013323832607,0.868398178633397,0.849915923310736,0.523996375147393,0.980227270837341
1977,0.556270372373008,49,0.508349461477613,0.60466069547803,0.589310769471731,0.362452276943104,0.979995640706216
1978,1.10410947845844,49,0.989717480675138,1.20472847095289,1.08667890197975,0.725450602566873,0.979995640706216
1979,1.4089294030881,49,1.17221833484284,1.55247006964073,1.34754461948271,0.92605697688657,0.979995640706216
1980,1.36960618732149,49,1.09254006761375,1.53381354197635,1.29183299825407,0.897059395297115,0.979995640706216
1981,0.955078919069439,49,0.781870804880138,0.990674631101108,0.98794927130958,0.630166207227992,0.979995640706216
1982,1.37271738963033,49,1.07935070360602,1.49219736352324,1.33367285616318,0.922316165033361,0.979995640706216
1983,1.68662787743008,49,1.29968116800604,1.85141581833496,1.60336757644901,1.12690210521781,0.979995640706216
1984,1.3021252817558,49,0.979721919381301,1.43945456316378,1.24423368138082,0.86347513543423,0.979995640706216
1985,1.78333443830866,49,1.30164893646708,1.94185380820617,1.62404796070783,1.16026232469895,0.979995640706216
1986,1.37398670327688,49,0.981902557582551,1.50868152090549,1.30753636314165,0.892100163873654,0.979995640706216
1987,1.48435079135582,49,1.06926051783443,1.64742061947999,1.38806742332425,1.00003660318743,0.979995640706216
1988,1.51148714124123,49,1.0632359378174,1.68623371575027,1.37450549387059,0.959287368279781,0.979995640706216
1989,0.873078318763978,48,0.637583222593695,0.952283482251831,0.882707370549022,0.584336994781574,0.979429607082689
1990,0.935768734838108,6,0.816395323498189,0.996504301093749,1.05177853155757,0.899903025448597,0.883522422672444
