"year","ModNegExp","samp.depth","Spline","AgeDepSpline","RCS","SFRCS","EPS"
500,0.938098996504679,1,0.752906451474795,0.861397024633598,0.496982187546003,0.23547410119474,NA
501,1.02604577742699,1,0.83657225132975,0.946249968417674,0.573414084944483,0.25608424835518,NA
502,1.40714849475702,1,1.16645221628978,1.30337070877448,0.874989200863931,0.397499253518632,NA
503,1.46577968203856,1,1.23725386488846,1.36359254956291,0.878434637801832,0.417616160757548,NA
504,1.05536137106776,1,0.909020752983198,0.986045986762325,0.609044259140475,0.308176293341193,NA
505,1.43646408839779,1,1.26558118656321,1.34789286356002,0.877227218734091,0.398242264055994,NA
506,0.996730183786222,1,0.900641647758547,0.939246596135134,0.596045197740113,0.279903045658904,NA
507,1.14330815199008,1,1.0623780848482,1.08187227033795,0.755369928400955,0.334756874240021,NA
508,0.644943060096967,1,0.617961561811101,0.612783408058253,0.407693658879325,0.189292653838437,NA
509,1.7296200248055,1,1.71379361135915,1.64992930750645,1.07764889196676,0.485208266349127,NA
510,2.19866952305784,1,2.26030512867821,2.10549609580356,1.26924927815207,0.513198424263652,NA
511,1.08467696470854,1,1.15986357151017,1.04260890335244,0.614724409448819,0.314740283167382,NA
512,0.23452474912617,1,0.260743573614067,0.226245446050813,0.140222628343579,0.0636272633421434,NA
513,0.00293155936407712,1,0.0033743097329807,0.00283793022864603,0,0,NA
514,1.14330815199008,1,1.35243964508342,1.11050122430119,0.705443634804972,0.315429786567681,NA
515,0.762205434660052,1,0.918186212906721,0.742713902449704,0.467649816724917,0.215290840681476,NA
516,0.439733904611568,1,0.533613652973152,0.429808879643431,0.280634864337649,0.130439684871147,NA
517,0.0293155936407712,1,0.0354004565348621,0.0287384988091739,0.0201259061426936,0.00938320294161979,NA
518,0.46904949825234,1,0.556807385032661,0.461116415521093,0.336623791006082,0.142022134623275,NA
519,0.556996279174653,1,0.643356209064937,0.549060654770644,0.373834390152928,0.182148093261465,NA
520,0.00293155936407712,1,0.00327083594724599,0.00289731575273765,0,0,NA
521,1.11399255834931,1,1.19637794957141,1.10373573420435,0.791197947503454,0.383502431164766,NA
522,1.87619799300936,1,1.94141746128886,1.86340563121583,1.29808709026242,0.613094500955808,NA
523,2.28661630398016,1,2.29036963539441,2.2763122386978,1.59291521486643,0.753004942892883,NA
524,1.7296200248055,1,1.68755821683113,1.7257044799639,1.21075666212799,0.564068740297408,NA
525,1.26057052655316,1,1.204916927569,1.26046485134395,0.893715524034673,0.402985996093759,NA
526,0.263840342766941,1,0.248056129097627,0.264378657774242,0.184691694222914,0.0816408428253556,NA
527,0.938098996504679,1,0.869434619549689,0.94195888346212,0.694007606126015,0.308923956560669,NA
528,0.879467809223137,1,0.804679445813091,0.884871546621302,0.657799023173646,0.317569606174595,NA
529,0.967414590145451,1,0.874899277347103,0.975283693182933,0.731561252363942,0.340664231646927,NA
530,1.78825121208704,1,1.60060641580675,1.80629107222197,1.44992677706432,0.62840857327706,NA
531,0.46904949825234,1,0.416107648737099,0.474682327325422,0.363793103448276,0.163818948623713,NA
532,1.49509527567933,1,1.31591675778697,1.51587679927987,1.10938144329897,0.489287474993529,NA
533,1.23125493291239,1,1.07632872247044,1.25066218691486,0.90948275862069,0.4038031669294,NA
534,0.908783402863908,1,0.78973050469437,0.924775648898911,0.704166218107439,0.285984392692209,NA
535,1.05536137106776,1,0.912203276534761,1.07584199217268,0.802874960363598,0.321144053270273,NA
536,0.263840342766941,1,0.226955688450671,0.269430833394943,0.193066287108581,0.0936670328360321,NA
537,1.58304205660165,1,1.35647461448696,1.619365209035,1.1409973963549,0.506847580441556,NA
538,1.49509527567933,1,1.27902368834232,1.53198585861237,1.1432062041857,0.504828065153681,NA
539,1.61235765024242,1,1.38154408783177,1.65488476983514,1.20772192735977,0.519258819373657,NA
540,1.17262374563085,1,1.01005491478839,1.205513492155,0.920392584514722,0.380279960334358,NA
541,1.43646408839779,1,1.24825439478764,1.47911245932321,1.04035017106058,0.463116540166519,NA
542,1.17262374563085,1,1.03132951797251,1.20932656046199,0.867152984691257,0.420347058400541,NA
543,0.293155936407712,1,0.26164066314398,0.302793775545103,0.226249195796697,0.105680267622697,NA
544,0.762205434660052,1,0.69176151061151,0.788438617568111,0.597733711048159,0.228420871532077,NA
545,1.14330815199008,1,1.05794595625476,1.1843781895452,0.920366849345711,0.402675025945302,NA
546,1.43646408839779,1,1.36044515499243,1.49017137719723,1.02834692659638,0.527451408841161,NA
547,1.61235765024242,1,1.57094252684838,1.67494183878033,1.23918846769888,0.569659568952013,NA
548,1.31920171383471,1,1.33011470042535,1.37223517361371,1.04963519787751,0.448847389462776,NA
549,1.43646408839779,1,1.50761387085589,1.49614189257233,1.16482649842271,0.572355416352717,NA
550,0.23452474912617,1,0.257495773572844,0.24457310801703,0.187638950644731,0.0914867871485395,NA
551,0.967414590145451,1,1.11498041701173,1.01007995334012,0.763068493150685,0.376472783164032,NA
552,1.02604577742699,1,1.24427683039862,1.07254090055198,0.827516325151993,0.395744868024512,NA
553,0.556996279174653,1,0.71147925068597,0.582886833958638,0.455442137859846,0.227702603648787,NA
554,0.293155936407712,1,0.394109470381627,0.30711164680259,0.234042553191489,0.114257842754601,NA
555,0.850152215582366,1,1.19979948959642,0.891539974722859,0.718213058419244,0.340455075795063,NA
556,0.703574247378509,1,1.03846089080429,0.738552976785598,0.603828096785843,0.25192420723293,NA
557,0.762205434660052,1,1.17056282442044,0.800852679073374,0.666830285924653,0.302818538861341,NA
558,0.586311872815425,1,0.930558848313814,0.616594633675868,0.489404051047887,0.234198106929939,NA
559,0.967414590145451,1,1.5729953345741,1.01825392893383,0.80223135642983,0.387167998583314,NA
560,0.322471530048484,1,0.53140751558137,0.339695359889079,0.280926871807649,0.131132111473985,NA
561,0.527680685533882,1,0.869791339944108,0.55629740612001,0.468511934992382,0.219773897822923,NA
562,0.439733904611568,1,0.714475392181756,0.46392386145193,0.386656557998484,0.178398915616858,NA
563,0.00293155936407712,1,0.00462504839876416,0.00309499689583058,0,0,NA
564,0.410418310970797,1,0.61995440272768,0.433588153481329,0.358473824312334,0.170604419440709,NA
565,0.850152215582366,1,1.21584870972159,0.898713924579126,0.725359088657751,0.355121718304797,NA
566,0.879467809223137,1,1.1816760718075,0.930259986988573,0.751674522451005,0.371377221959079,NA
567,0.322471530048484,1,0.405098024640858,0.341288354871058,0.275344180225282,0.128951690941919,NA
568,0.0879467809223137,1,0.103034837946315,0.0931284542377108,0.0753424657534247,0.036370335653504,NA
569,0.820836621941594,1,0.897052470225569,0.869638487848382,0.682506463129386,0.331545522851276,NA
570,1.20193933927162,1,1.22962655261433,1.27400739371326,0.999253916936086,0.442364410071153,NA
571,1.11399255834931,1,1.07358851911952,1.18131958674956,0.84512209102373,0.451794195056193,NA
572,1.23125493291239,1,1.12699916910845,1.3062241428073,0.982752382101073,0.49723894972129,NA
573,1.64167324388319,1,1.44090845684095,1.74233025004946,1.2725774166961,0.691659739807778,NA
574,2.63840342766941,1,2.24410793876314,2.80123110501115,2.098388671875,1.15030191830234,NA
575,1.28988612019393,1,1.07457320005017,1.36997784088415,1.05883835202217,0.549015995200126,NA
576,1.31920171383471,1,1.08651900059552,1.40158281017906,1.03429405326523,0.58474258140579,NA
577,1.14330815199008,1,0.938299903223567,1.21508780584761,0.913986537023186,0.480073187731343,NA
578,1.14330815199008,1,0.941033284627574,1.21544792004846,0.955206286836935,0.506092436716578,NA
579,1.28988612019393,1,1.07042221439022,1.37165675635686,1.06618030224075,0.559294377610926,NA
580,1.201093956862,2,1.01452217273157,1.25043254862945,1.09235953494708,0.519475312535368,0.65445494274289
581,1.17075745752964,2,1.01069932531398,1.21961718074616,1.0948206075589,0.515539681588786,0.65445494274289
582,1.51439635476983,2,1.34138684878127,1.57325160894227,1.50193264559913,0.731274366973847,0.65445494274289
583,0.945561737534362,2,0.860693868894145,0.980209873390791,0.933622915764808,0.46019528255005,0.65445494274289
584,0.581920290552836,2,0.546421918318328,0.600642860548167,0.570641990575329,0.284509004922909,0.65445494274289
585,0.80543127240987,2,0.76673816832422,0.836942395508607,0.762223680017218,0.362182064535353,0.65445494274289
586,1.26674299006919,2,1.22288481520947,1.3205654030788,1.17560378369893,0.592470555148729,0.65445494274289
587,1.05862627030877,2,1.04584094395043,1.1010615574001,1.07695620680829,0.497683590951984,0.65445494274289
588,0.372409053832376,2,0.400079999355598,0.377890585199454,0.426225188828386,0.197896865376547,0.65445494274289
589,1.58380256609287,2,1.57228681330461,1.65875210853951,1.43755405674509,0.708767816027111,0.65445494274289
590,0.489537668884436,2,0.483391172264439,0.51443659731871,0.428380923153347,0.215341932831725,0.65445494274289
591,0.595465408244749,2,0.606066642746435,0.621565484405717,0.543499961379611,0.285864161923982,0.65445494274289
592,1.14488755357182,2,1.16783811839847,1.19536360324052,1.0821929667821,0.512395524866649,0.65445494274289
593,0.992924310776681,2,1.03191885836156,1.03240280178345,0.995464369044382,0.470712483381998,0.65445494274289
594,1.31552486275878,2,1.36836874049596,1.36824971190895,1.24372161311229,0.593201587556098,0.65445494274289
595,1.34106276405055,2,1.38863243280391,1.39758707355643,1.20167705486124,0.628978957393219,0.65445494274289
596,0.938428073227215,2,1.0125380935766,0.967935368925828,0.922851246997372,0.46549942671154,0.65445494274289
597,1.2924836691486,2,1.34882879869882,1.34828848639976,1.25390285653098,0.635971197323199,0.65445494274289
598,0.779299404851908,2,0.818416049414278,0.813330594930554,0.796912239648054,0.362180144109921,0.65445494274289
599,0.228112231970905,2,0.262658981951199,0.23034460542109,0.262033581608774,0.128297731878644,0.65445494274289
600,1.36982098129723,2,1.49538998619351,1.41571735869907,1.40965197379581,0.676177014812092,0.65445494274289
601,1.06604999839303,2,1.1854921129893,1.09334865859659,1.15377540434616,0.534950297496988,0.65445494274289
602,1.1142988233919,2,1.22268991444871,1.15488764426882,1.13138784590678,0.563503681746214,0.65445494274289
603,0.471053523948359,2,0.510382864845637,0.497217033754539,0.432355010276167,0.21684318740957,0.65445494274289
604,0.813697132307351,3,0.878226664321491,0.821871551913895,0.971380842545925,0.451025800556549,0.635105768030255
605,1.12024430908529,3,1.24431632203725,1.12768085441163,1.36732039687693,0.583242625767456,0.635105768030255
606,0.535143128077331,3,0.525674292915324,0.654348104945233,0.771169129400485,0.321885268475059,0.635105768030255
607,0.933717857089173,3,0.980568033565737,0.998178697705889,0.984334582210141,0.39331619147847,0.635105768030255
608,1.22071301309661,3,1.30112460489666,1.15646248119686,1.49851010826747,0.753578231595081,0.635105768030255
609,1.25131763322085,3,1.41705500054397,1.37961763859542,1.09298367790015,0.510354703885989,0.635105768030255
610,1.23712333523482,3,1.2096425496146,1.20949090746096,1.35354515306809,0.637607634023107,0.635105768030255
611,0.574866082557185,3,0.608371219046784,0.599922548479037,0.666975474123289,0.282437135476072,0.635105768030255
612,1.02986970401014,3,1.04315976004297,1.05533600494755,1.2047089376504,0.565190407658776,0.635105768030255
613,0.986769996272968,3,1.03970760105091,1.01163721160456,1.15704177845827,0.531536308025709,0.635105768030255
614,1.35007926783268,3,1.1216441956003,1.34546642090405,1.36148811025465,0.577709569029086,0.635105768030255
615,0.638015031658129,4,0.67467336240789,0.679481860981634,0.619152585757305,0.287490502763333,0.786864261872428
616,0.907071716710654,4,1.07754142039958,0.988716492618743,0.667606249923663,0.37018411646763,0.786864261872428
617,0.726463810159658,4,0.878633735860517,0.830695633558536,0.567968966920346,0.346751587874065,0.786864261872428
618,1.03673679946588,4,1.12763212644773,1.05539526635293,1.03013896730708,0.489282819416341,0.786864261872428
619,0.57142465044889,4,0.57839729118017,0.600499252476494,0.370196218137252,0.24736267214173,0.786864261872428
620,0.0451328254488099,4,0.112402889988481,0.0427070018428346,0.0436543122303009,0.0202906176466228,0.786864261872428
621,1.6604805524226,4,1.60961132427582,1.71270535105193,1.09361940141283,0.569878216535142,0.786864261872428
622,1.66225972736357,4,1.63353619617817,1.72594232519436,1.19327793679429,0.555277927123792,0.786864261872428
623,1.63072973431088,4,1.43290273287533,1.63135286586041,1.26215845025242,0.66244923592738,0.786864261872428
624,1.01664314233349,5,1.12105177702675,1.04220217181094,0.976576903989091,0.432671962071679,0.82391637694083
625,0.659841547010859,5,0.633174610126704,0.675651163615939,0.563966359233823,0.227754517144486,0.82391637694083
626,0.886866243729359,5,0.872726415433543,0.872536100357407,0.767996935848092,0.445133719071307,0.82391637694083
627,1.18791186513004,5,1.17585674961766,1.26591814660653,1.10337688589979,0.541361666695197,0.82391637694083
628,1.42699273895157,5,1.2849300234459,1.34856530554343,1.27742228297091,0.619886113897746,0.82391637694083
629,0.84503901915731,5,0.790576059427099,0.84409543442826,0.820184987542243,0.385793343780092,0.82391637694083
630,0.188589318584093,5,0.218469067022211,0.19061993881184,0.144557714061706,0.0666896671102263,0.848471565847759
631,0.725706411132585,5,0.792022839105703,0.721227935673358,0.659760865735878,0.305563362695824,0.848471565847759
632,0.909163769528039,5,0.963183979419799,0.854249035695602,0.830767606535616,0.411069488231111,0.848471565847759
633,0.791724312119733,6,0.784865756695069,0.694147904133169,0.816463279087206,0.38263449687264,0.875300375012492
634,0.625052179721954,6,0.607909374734602,0.611619097628844,0.582778340037742,0.263536857659374,0.875300375012492
635,1.16007425642495,6,1.12624166856103,1.134830527511,1.10555262752384,0.512786469263108,0.875300375012492
636,2.12144479250328,6,1.96409375318919,2.08074594727601,1.92426207955779,0.893467979544819,0.875300375012492
637,1.31782523874021,6,1.18203408075731,1.28412624161521,1.27902767080778,0.600234497861156,0.875300375012492
638,1.32856649653439,6,1.1803796575639,1.29608672711425,1.21470331359439,0.556349115797093,0.875300375012492
639,1.00738288281223,7,0.899098390779683,0.985813015652714,1.00163246292713,0.425889371185414,0.889126508410317
640,0.810769359891069,7,0.839341413825594,0.695186481726114,0.879742971646891,0.394034401998508,0.889126508410317
641,1.85607238786721,7,1.59676208166783,1.81068868818448,1.66506827504982,0.788513803179212,0.889126508410317
642,0.942927187105265,7,0.821904857376201,0.917501162012621,0.883709274390196,0.397967922015082,0.889126508410317
643,1.58356050338016,7,1.49971376842972,1.55356387424649,1.41909567064668,0.663947326277705,0.889126508410317
644,0.834293139939434,7,0.78732706603707,0.813515975783781,0.74075425139342,0.352503555973473,0.889126508410317
645,0.335601259386166,7,0.313108860384241,0.325392022061438,0.288307204953299,0.13139086583395,0.889126508410317
646,0.673377087716786,7,0.646985665949583,0.656089244108586,0.615261047663469,0.284279014053907,0.889126508410317
647,0.913237510356516,7,0.88045553070506,0.890738622000679,0.829904749161444,0.380803830038498,0.889126508410317
648,0.775856776267187,7,0.780104156948347,0.758686798837312,0.666103746511891,0.286954738512543,0.889126508410317
649,1.40743273924931,7,1.40183831250795,1.37191632173385,1.28440406855683,0.600324573046987,0.889126508410317
650,1.05227750248191,7,1.03198481191583,1.06225712193785,0.853992922968402,0.396312817614641,0.889126508410317
651,0.811131246002768,8,0.894147797127737,0.832740171427439,0.72366452076746,0.337075966651012,0.871716526738906
652,0.80815186909847,8,0.866472461228969,0.817825592674214,0.707749562881432,0.327778155700344,0.871716526738906
653,1.26870688039107,8,1.34348665502162,1.25407144452385,1.07447403910626,0.495411926955278,0.871716526738906
654,0.791578903055158,8,0.865492944348357,0.779036499655753,0.710544414341908,0.33046096577384,0.871716526738906
655,1.04387671044933,9,1.07565918502342,1.0617460542356,0.825136151719227,0.370328319113463,0.883668382778837
656,1.45210912454168,9,1.5050650459104,1.44216312415302,1.14959912974074,0.532133087962317,0.883668382778837
657,1.05457436944229,9,1.17063090715235,1.07123851744083,1.02482455305237,0.465971922252078,0.883668382778837
658,0.519022105375506,9,0.530502888281814,0.521697589596532,0.468839897756172,0.206538026584393,0.883668382778837
659,1.02176792816873,8,1.08691044653834,1.01698637025869,0.837223999588314,0.379442016862233,0.881730177528535
660,0.434042516198209,8,0.470701136389073,0.430242731813967,0.305203373435241,0.138378332944625,0.881730177528535
661,0.918414206040471,8,0.983819646542898,0.920117632782168,0.704006976763407,0.318096573867859,0.881730177528535
662,1.00569951903093,8,1.0902540948004,1.00099726456612,0.817348394698757,0.374004029921233,0.881730177528535
663,0.33426840717413,8,0.348362003466653,0.33062130975808,0.264198598206912,0.114562468546692,0.881730177528535
664,0.621236391586679,8,0.60500418618322,0.625595500504799,0.49624005485017,0.215861657270095,0.881730177528535
665,1.25752320481084,8,1.42070224693827,1.25529954736796,1.05288898324616,0.465256187644937,0.881730177528535
666,1.37279602833143,8,1.33353443946554,1.34657988491873,1.07392971330799,0.502736863370664,0.881730177528535
667,1.3656585297542,8,1.45217447133974,1.38913593349796,1.17908631009159,0.537068546204114,0.881730177528535
668,0.97001123255049,8,1.00259151916857,0.969255158813691,0.785469637195501,0.352678124379808,0.881730177528535
669,1.1553333084263,8,1.14198817325212,1.1543731010932,0.953476915350598,0.431209844695383,0.881730177528535
670,1.09372328354626,9,1.1015751015046,1.1088467737798,0.857097029601008,0.397412743389834,0.886783894244458
671,1.00801661874086,9,0.990188377446234,0.926667023450294,0.830868114635978,0.357145779787467,0.886783894244458
672,0.900393954056146,10,0.967770040342746,0.938831797599396,0.759601122994529,0.346892744095489,0.895090273586026
673,1.4106541908735,11,1.41951472638465,1.43681769491467,0.926115136145323,0.43322999501612,0.895054020894827
674,0.713022086768072,11,0.722810676868459,0.718061389772037,0.546133730373138,0.247454436491982,0.895054020894827
675,0.919019034170326,11,0.897958202181654,0.955874364453441,0.714731502330834,0.341153099582334,0.895054020894827
676,0.982918648127625,11,1.02399155774818,1.02146349658572,0.738524277786742,0.357908581043989,0.895054020894827
677,0.36985419544879,11,0.349480158548314,0.38708219376387,0.280942626085268,0.130805708634009,0.895054020894827
678,0.785417555334697,10,0.795537830968827,0.789741558744091,0.608602293561814,0.276585084531055,0.886313435572624
679,0.927313595373674,10,0.925379290250303,0.93155601565441,0.761381659889124,0.354052488567321,0.886313435572624
680,0.806503565628651,10,0.7871707202576,0.80741365559859,0.6174140698555,0.276391848534506,0.886313435572624
681,0.684565347148979,11,0.677903287951355,0.674696832015629,0.52808054916444,0.240755462348932,0.899983628732862
682,1.11711757521564,11,1.05962211687856,1.1176440944069,0.83716465395444,0.386995073519796,0.899983628732862
683,1.29859799413479,11,1.2338110600869,1.3153819386641,0.898995353883097,0.413441270435213,0.899983628732862
684,1.73385066322355,12,1.63097271966301,1.82893389879161,1.3586950952366,0.636035681787341,0.907271938118004
685,1.46632932663603,12,1.31002617251868,1.47874651987809,1.09674831121574,0.48824410449289,0.907271938118004
686,0.439639456741282,12,0.40225695926993,0.487415280559754,0.317322127289011,0.150819272294564,0.907271938118004
687,0.9252682841175,12,0.846760701645274,0.969917054666552,0.692757178914375,0.324160517606384,0.907271938118004
688,1.16080313893671,12,1.00914227092569,1.18253566639983,0.764789816408962,0.35770926645568,0.907271938118004
689,1.65803292143378,12,1.46323298788879,1.66497047207435,1.17144487683085,0.542544178369568,0.907271938118004
690,1.08122041600416,13,0.93907515162013,1.08570832885967,0.722046551390253,0.327289883091501,0.918910402327116
691,1.38899472846556,12,1.10899874966965,1.35770618602358,0.967401286249466,0.4303972627042,0.909267576710203
692,1.23690856978093,12,1.06183488605313,1.24430956149998,0.804352097764966,0.380535333789338,0.909267576710203
693,1.20459635454866,12,0.979451218901507,1.18391016429629,0.809700759092675,0.385642352267165,0.909267576710203
694,1.0945376634687,12,0.982107134260327,1.08527114013005,0.722407568966859,0.333835621330127,0.909267576710203
695,1.5208896605981,12,1.37176895790678,1.49341797018378,1.01840894474206,0.460880574631094,0.909267576710203
696,0.623555571980756,12,0.576386756166404,0.632638935118427,0.3393789486182,0.155100266253244,0.909267576710203
697,0.888853986118756,12,0.881072372492428,0.887567863120958,0.575760137011716,0.266856184275945,0.909267576710203
698,0.954310686263796,12,0.956736209114242,0.953375490080134,0.599521460849797,0.285299788023527,0.909267576710203
699,0.715039477827348,12,0.690726332848531,0.70443655580671,0.447218541510887,0.201880669460831,0.909267576710203
700,0.897718593386601,12,0.990492641715459,0.899105030386696,0.514030113715551,0.244881415079231,0.909267576710203
701,1.10027484343156,11,1.2603055675041,1.0919950599054,0.672564567462824,0.326520385290936,0.901014023989898
702,0.833662602448915,11,0.979920045121971,0.842125976053297,0.510641227088706,0.244758203556265,0.901014023989898
703,0.78888217904449,11,0.999171513163337,0.794590128788199,0.49325052086595,0.225686845440617,0.901014023989898
704,0.360903066105775,11,0.458919101908184,0.361884236379448,0.217272610103526,0.0998171640524508,0.901014023989898
705,0.755125344632333,11,0.995635568121709,0.761650284083641,0.419024190894304,0.205549857438134,0.901014023989898
706,0.514856155641694,10,0.676631763433344,0.527512032926589,0.26375646579564,0.121948822225389,0.899150573511283
707,0.670774897582937,10,0.875197793389188,0.688325895816203,0.374480738933091,0.168129680082271,0.899150573511283
708,1.25371884811367,10,1.66322267582961,1.26641919181441,0.614634682777246,0.273572678794363,0.899150573511283
709,0.527625710719175,10,0.805979778229005,0.582428751205454,0.304862126232272,0.145639770528472,0.899150573511283
710,0.852014534851746,10,1.10649864391617,0.86031654080312,0.484481806770583,0.208967264994774,0.899150573511283
711,0.465198224399927,10,0.59361129913,0.462321905839796,0.279255363015271,0.124620177397144,0.899150573511283
712,0.270479794248204,10,0.31610329792169,0.270776657751901,0.163623249812118,0.0756578641603407,0.899150573511283
713,0.712834935165194,10,0.902427227733587,0.717584792946098,0.409270521376465,0.186730265508262,0.899150573511283
714,1.06492733064512,10,1.30863831913308,1.07530714081103,0.571097680593309,0.278419642269477,0.899150573511283
715,0.85273504207513,10,1.01179746203821,0.861095654391098,0.496180011399646,0.236488843045451,0.899150573511283
716,1.073431614408,10,1.23715380277315,1.09995769917762,0.590766841466251,0.26358717785513,0.899150573511283
717,0.887880112872886,10,0.952878819455961,0.917632837884117,0.488326822677639,0.225412499121944,0.899150573511283
718,0.791963330388724,10,0.82334320021429,0.802261205000521,0.429983901984871,0.198153746220311,0.899150573511283
719,1.38546223378339,10,1.39261306867713,1.4282460351549,0.793249901804852,0.357369775893285,0.899150573511283
720,1.57681710545405,9,1.60231339191196,1.58592409129514,0.91751140476794,0.420998924736324,0.891296905958941
721,0.788086412101587,11,0.864852249922887,0.803144712854113,0.491068199863698,0.219982716067626,0.914486500555866
722,0.865461421991393,11,0.839629223426758,0.874888258797762,0.530532906590696,0.263211366708157,0.914486500555866
723,0.710785688727194,11,0.669236789526346,0.721373176615495,0.468667169251307,0.222729063936637,0.914486500555866
724,0.380557700671322,11,0.356063769654553,0.384563895776622,0.21949197960909,0.101948830804796,0.914486500555866
725,1.22534905095986,10,1.14257522771352,1.24025401531388,0.837569581034273,0.378534874137066,0.903781297014143
726,0.88700533775602,10,0.814514326782158,0.907657026266032,0.578545567417038,0.281932292615275,0.903781297014143
727,1.26265058272158,10,1.09906038491724,1.2676926251725,0.859662326767897,0.413820538827319,0.903781297014143
728,1.66770482546863,10,1.41300331669513,1.69063616880021,1.23992530456123,0.550753925070769,0.903781297014143
729,1.37224642435322,10,1.20878076404036,1.41496343235681,1.02266348869443,0.442417406198307,0.903781297014143
730,1.74757164966823,11,1.5168385711295,1.78608208581906,1.24118290476651,0.586347872413323,0.904695872258094
731,1.64598860523335,11,1.41633389260283,1.67549672426423,1.04956750790325,0.502973452277293,0.904695872258094
732,0.916750263849033,11,0.8016965803388,0.939487526670418,0.582835424904518,0.271881961497141,0.904695872258094
733,1.19153836911845,11,1.05738482725102,1.22817197405036,0.626677183265564,0.337913045726766,0.904695872258094
734,1.17361921808681,11,1.08032483758835,1.20770155217064,0.661458477548429,0.303798339719152,0.904695872258094
735,0.992522911329859,11,0.89862402746304,0.999415105586243,0.627358439417129,0.293154610281589,0.904695872258094
736,1.22611789657694,11,1.1441323038622,1.2379766274624,0.571231718684268,0.278443859345522,0.904695872258094
737,1.18019919591343,11,1.20013077421665,1.21709521855564,0.560861171596338,0.272549222382616,0.904695872258094
738,0.00480981506694491,11,0.00546301576782824,0.00483351938930233,0,0,0.904695872258094
739,0.821709979720179,11,0.78275233864218,0.810723615932031,0.497654719325465,0.242900189321445,0.904695872258094
740,0.981290300798091,11,1.04613196230712,0.982016412685826,0.598126877984226,0.236614565406561,0.904695872258094
741,0.499590747816919,11,0.537053187494711,0.503855707214927,0.370571108369389,0.186791079140045,0.904695872258094
742,0.140546026237811,11,0.187176234207947,0.140055277107931,0.0798861976939828,0.0442296735839884,0.904695872258094
743,1.06738296601473,11,1.1776115490299,1.06490912432486,0.652980506641417,0.29331173778161,0.904695872258094
744,0.655070942591273,11,0.764125486874694,0.613406945081834,0.416339218310454,0.205085083139903,0.904695872258094
745,0.91012567767205,11,1.05670142731461,0.910487349282779,0.416845100386149,0.216340373742389,0.904695872258094
746,1.10190774246984,11,1.31703584296711,1.10311604201093,0.551706253750671,0.32787115974458,0.904695872258094
747,1.07643093561951,11,1.27996449249843,1.09306098093671,0.726434231607148,0.355700351712097,0.904695872258094
748,0.423298532377511,11,0.573755967477613,0.421179238610505,0.32644520105357,0.157382343856951,0.904695872258094
749,1.31339970776637,11,1.56050680113586,1.31228338894632,0.752515234324436,0.406093615331047,0.904695872258094
750,1.21136717167532,11,1.39546824657779,1.21015458679738,0.780139242802471,0.382025867304423,0.904695872258094
751,0.452985130227521,11,0.550409128672122,0.461489069402872,0.327665751301595,0.159683424474757,0.904695872258094
752,0.894217844275182,11,0.978829661792255,0.891519508759792,0.506901256221184,0.239170615841569,0.904695872258094
753,1.05455974938523,11,1.23356363367287,1.05637308155419,0.5364579960773,0.269628842013601,0.904695872258094
754,0.852517690454565,11,0.959214241958289,0.850082078571139,0.442180093243117,0.215146889636155,0.904695872258094
755,1.1920231516504,11,1.3303717897481,1.17956756041617,0.573488192434657,0.312209045863495,0.904695872258094
756,0.906208221547381,11,1.02294767470284,0.905053124067993,0.627350073780444,0.299058675518364,0.904695872258094
757,0.451169770701957,11,0.51171029770867,0.461445604258924,0.318005820344564,0.155682224765418,0.904695872258094
758,0.949377176631621,11,1.06217079224378,0.956519583058347,0.409089593416663,0.214641479197988,0.904695872258094
759,1.32958815092926,11,1.45921888670778,1.34384430641708,0.748096465792534,0.393160569804973,0.904695872258094
760,1.11187083893541,11,1.09881944939023,1.09672941629715,0.561216677126164,0.278786856274099,0.904695872258094
761,0.345456702011059,11,0.389030633772991,0.347430779772685,0.234191365976775,0.113229180529069,0.904695872258094
762,0.585050828830866,11,0.621433485729674,0.596452150715268,0.283014682303366,0.145067178193626,0.904695872258094
763,0.687732291412482,11,0.67918499747009,0.688007653555631,0.343088125238327,0.17634148725937,0.904695872258094
764,0.957592077667432,11,0.938861010527764,1.00920976483473,0.380655353317458,0.213125654644136,0.904695872258094
765,1.3247343383361,11,1.38806316754955,1.36981251995848,0.823324111925655,0.388186132406511,0.904695872258094
766,1.20703129660566,11,1.32742152858844,1.236700368533,0.794504526208778,0.399205716095819,0.914356661037327
767,0.819683686096732,11,0.841131549696267,0.828092153966384,0.516791618586765,0.266597826578224,0.914356661037327
768,1.4468069071556,11,1.53330392965186,1.48530395546248,0.923865268175173,0.458341749255908,0.914356661037327
769,0.89224044497473,11,0.951995967430641,0.919065325312323,0.598340709784206,0.293815868851671,0.914356661037327
770,0.840824145532279,11,0.853932087923717,0.836628982041052,0.527264108397011,0.259458661034586,0.914356661037327
771,0.708924464636223,11,0.729857123686791,0.719723446612658,0.464948900929029,0.222168271128008,0.914356661037327
772,1.44722155647299,11,1.56334246344237,1.49010655378963,0.973360896176643,0.492722279801418,0.914356661037327
773,0.85926644195617,11,0.911048999854929,0.89163702714393,0.614559253823934,0.297326286814772,0.914356661037327
774,0.389252578326533,10,0.38016316097744,0.41406522568975,0.303692895996594,0.14756819068858,0.902708910455957
775,0.922115749837215,10,0.933991819592955,0.924616924905517,0.719663342012736,0.332499456089943,0.902708910455957
776,1.07693307332188,10,1.04217439347792,1.05405987920794,0.661442611735741,0.328909244212266,0.902708910455957
777,1.01093104298699,10,1.04403133657576,1.05466034131751,0.697685860795888,0.347590724400255,0.902708910455957
778,0.588225137819555,10,0.593576414566578,0.585513624927982,0.406385530051733,0.196383437681237,0.902708910455957
779,0.503247451568956,10,0.484328769846852,0.498487969885643,0.259174739385255,0.134185302214307,0.902708910455957
780,1.18538921073962,10,1.08801566156082,1.14566535473346,0.665895524451956,0.340240933391378,0.902708910455957
781,1.57307953716419,10,1.3500829728438,1.54648225109746,0.915827730356339,0.460516772031456,0.902708910455957
782,0.633626594134875,10,0.579870128737097,0.615151151606223,0.368057005692781,0.188847460586699,0.902708910455957
783,1.59639853303619,10,1.42636385826046,1.59767955439697,1.0319333316054,0.52744234824148,0.902708910455957
784,1.53173554591884,10,1.38664173407778,1.54413779388064,1.01979993462445,0.508103710375941,0.902708910455957
785,1.54603684250859,10,1.35917740368964,1.53892788180208,1.00328875348091,0.502161638384368,0.902708910455957
786,0.79090351594634,10,0.695574183054114,0.786338125949876,0.578929452562506,0.290128779915174,0.902708910455957
787,1.11972963849381,10,0.964530989631103,1.08980363079986,0.772154671175042,0.391770685696162,0.902708910455957
788,1.17564500194952,10,0.913149727950111,1.14851756691174,0.724208775578996,0.364804981182398,0.902708910455957
789,1.06215683903475,10,0.920984205871222,1.05979077486217,0.753800574491872,0.392471847787316,0.902708910455957
790,1.38159359888224,10,1.20495683426445,1.37548245581345,0.893022379137138,0.437168840445176,0.902708910455957
791,0.722864744767229,10,0.607882206277826,0.718461823620327,0.504525499630801,0.255814156753138,0.902708910455957
792,1.47116648463865,10,1.20861309637262,1.42653193298884,0.78402968934846,0.426083756646636,0.902708910455957
793,1.70956258085106,10,1.50183768318321,1.65058127240063,1.06679812838354,0.552614609338559,0.902708910455957
794,1.48829356814847,10,1.23517415893782,1.44071076051169,0.92047523283191,0.476772161492724,0.902708910455957
795,0.227283573944499,10,0.199038434124126,0.248514031499943,0.172979297492752,0.0898497581549848,0.902708910455957
796,0.835646244523086,10,0.696395802625305,0.848250078133051,0.499277677802709,0.255772667631663,0.902708910455957
797,0.541888919185822,10,0.439826566887262,0.540633804235901,0.330001427997761,0.171700229645536,0.902708910455957
798,1.39714596084853,9,1.1910112698519,1.40617078271867,0.949674264671411,0.487307831781292,0.894644089166191
799,0.787579052341711,9,0.626670455385787,0.802810665043639,0.568953502823217,0.295207207858666,0.894644089166191
800,1.55471500084731,8,1.17849571452264,1.48629121056874,1.0891195524933,0.550469007859671,0.89093861291944
801,1.4602146877993,8,1.11365013928319,1.49138691442763,0.986411987707035,0.475891380638625,0.89093861291944
802,1.55863851690725,8,1.19233870816046,1.59690503344569,1.1062975042441,0.557718789871483,0.89093861291944
803,2.39155336482407,7,1.72702185797424,2.40748096796714,1.58116219420766,0.814320414531712,0.906360326480275
804,2.03568483030547,7,1.47229759607392,2.08976066630464,1.27893172931123,0.659118583388077,0.906360326480275
805,1.66488949965755,7,1.30348611919122,1.47677080749648,1.10684055756388,0.453632966679083,0.906360326480275
806,1.49051728078246,7,1.10523842946323,1.45828089936488,0.952131527334944,0.465454411463528,0.906360326480275
807,0.924867395450562,7,0.714045147996697,0.931523160643037,0.622542691200445,0.297284876971171,0.906360326480275
808,0.52983806825554,7,0.43380115829379,0.553209781029565,0.347508021046188,0.167775227664122,0.906360326480275
809,0.00369837613463048,7,0.00323396676452812,0.00380618249343985,0,0,0.906360326480275
810,1.25263216218708,7,1.14116050683726,1.31696030383824,0.866201819630213,0.422280745406241,0.906360326480275
811,1.1537289936777,7,1.06793254542971,1.20693136669751,0.78861124290229,0.356381758918191,0.906360326480275
812,1.09804676684417,7,1.00014473867306,1.14686802916201,0.741294844627506,0.376295271706588,0.906360326480275
813,1.41799765023137,7,1.34920877488209,1.48482377447186,0.933674077585476,0.482215580977584,0.906360326480275
814,1.40929012164867,7,1.48224094500273,1.44884246937376,0.960518949644452,0.499700402947876,0.906360326480275
815,1.02019700397673,7,1.02364195019681,1.08511417211664,0.672783458604242,0.356832657010547,0.906360326480275
816,0.614256898782333,7,0.684236578313141,0.649570794251688,0.405278590285745,0.21223833819531,0.906360326480275
817,0.399330042649992,7,0.454501234169531,0.424915768772369,0.253764414442753,0.126832900536863,0.906360326480275
818,0.535923968384565,7,0.612739499015374,0.566994042220903,0.358640129308412,0.181986842707326,0.906360326480275
819,0.502095197119559,7,0.671037861605861,0.606135672273049,0.352857007509551,0.17508302142567,0.906360326480275
820,1.81620090198898,7,2.21662611165643,1.93549965780561,1.19343795384963,0.625903833445126,0.906360326480275
821,1.59254623660135,7,2.01318291293826,1.7051847511021,1.0117656396395,0.540829805325936,0.906360326480275
822,1.21236848553486,8,1.56348908974497,1.36231670807784,0.716504193841157,0.380689232376457,0.90656738100545
823,0.0597858515407505,8,0.0541397946978276,0.0460491229399464,0.0410112947468794,0.0199454019268217,0.90656738100545
824,0.412325937755433,8,0.531512320449726,0.443944165485007,0.249415324196307,0.127596668266223,0.90656738100545
825,0.356416295008504,8,0.484277096293956,0.387999636263948,0.212907213789758,0.111849351411371,0.90656738100545
826,0.919537694555575,8,1.30436713293448,1.00593399097989,0.536503182041826,0.305779622427315,0.90656738100545
827,0.44822620233992,8,0.627750057584074,0.487004448241196,0.276758107884644,0.142952717645929,0.90656738100545
828,0.681688223745182,8,0.938242075510091,0.755373752471341,0.402584140854356,0.208747183309724,0.90656738100545
829,0.395107757123605,8,0.550854269715226,0.449065496242457,0.225421600985705,0.113030263317503,0.90656738100545
830,0.148646306250548,8,0.204231270509651,0.168576033654417,0.0844352682173014,0.0440452111735242,0.90656738100545
831,1.31317217116618,8,1.94368738595368,1.45519247902013,0.797443715181364,0.412018238344814,0.90656738100545
832,0.861050930781595,8,1.1579406728968,0.990321171169519,0.505226362232514,0.259237121913844,0.90656738100545
833,1.09061995323052,8,1.53531244039477,1.23058577256369,0.693098868865645,0.353687203690541,0.90656738100545
834,0.501166362488765,8,0.664214414105293,0.573733967537676,0.303116795054308,0.158958666874381,0.90656738100545
835,0.36132915364961,8,0.46042962907877,0.409291130245218,0.21813160513398,0.100453051952435,0.90656738100545
836,0.949091471078936,8,1.20072987336377,1.08204958909369,0.539281996888984,0.285322006135099,0.90656738100545
837,0.649904331363486,8,0.812886827821985,0.736865586991545,0.399468973982475,0.208239883223424,0.90656738100545
838,1.09896530582768,8,1.35671678337891,1.2497545483841,0.670554992202392,0.363087533378367,0.90656738100545
839,0.933968461725952,8,1.01621858456952,1.02467533313328,0.522895348262271,0.279682490875823,0.90656738100545
840,0.299519350741228,9,0.349353944193375,0.348285440620442,0.184512111025846,0.0803071923014692,0.922960354234
841,0.892472356474991,9,0.969129630300514,0.997308316245527,0.620595208254349,0.332379874044401,0.922960354234
842,1.01113891078232,9,1.09743236696029,1.06058619201877,0.670125655878862,0.350762204985997,0.922960354234
843,1.32762691982444,9,1.55912451382316,1.50593116096326,0.919745081194822,0.439270715869192,0.922960354234
844,0.980298180162338,9,1.00837938765653,1.05265662982166,0.694343236830454,0.364282760815499,0.922960354234
845,0.976045379814379,9,1.07219864425296,1.14401037192448,0.594503339270182,0.2785597734963,0.922960354234
846,1.46268852659694,8,1.53612852469592,1.4744539354859,0.934256612490301,0.473236967443356,0.911729258828232
847,0.47038340530401,8,0.485953596642577,0.53347504693139,0.352019610963277,0.171151409066822,0.911729258828232
848,0.807116999405045,7,0.722872423735711,0.743188756430744,0.469396617108027,0.233569970281932,0.899572031271015
849,0.815509557920558,7,0.65524864062749,0.921875628419954,0.473747515129268,0.294152253862891,0.899572031271015
850,1.23779583163836,7,1.1913579232568,1.37993671574229,0.790488354212441,0.39784852977274,0.899572031271015
851,0.489569545018014,6,0.418974071334352,0.563778952648994,0.368059730763087,0.18420734786548,0.87979835250647
852,1.03728862114358,6,1.01815948457294,1.04657792713583,0.871199289180487,0.410986882258725,0.87979835250647
853,1.35744822400842,6,1.17179939202334,1.46889764578622,1.01248040559687,0.482767106738295,0.87979835250647
854,1.47579920529289,6,1.61339450400594,1.58893835586309,1.00153720168488,0.488205279137264,0.87979835250647
855,0.752342507525742,6,0.688520777136554,0.704960405400058,0.55264186800522,0.263350802734391,0.87979835250647
856,1.16222072441401,6,1.284593705195,1.1725065321511,0.722620469087947,0.377430421838086,0.87979835250647
857,0.763469318504236,6,0.709246656697384,0.64588171968666,0.582291149481827,0.230196875707051,0.87979835250647
858,1.2553996133787,6,1.22570907552141,1.4122043942866,0.953915352107267,0.454439347987913,0.87979835250647
859,1.00453065776206,6,0.903651182961601,1.05801521113222,0.722488128307367,0.340384471509093,0.87979835250647
860,1.06312933258515,6,1.01664800183576,1.11803892073197,0.768231675832893,0.368524203316741,0.87979835250647
861,1.10265392764129,6,1.07153312894805,1.18056339650811,0.763425618122161,0.393006494849221,0.87979835250647
862,1.1434674615874,6,1.08727851472802,1.2126690450424,0.82799605349492,0.412699754573895,0.87979835250647
863,1.10067762319986,5,1.00760690674182,1.16622543732627,0.780990260476223,0.338560364132447,0.8476240633012
864,1.18214789867135,5,1.13657792284477,1.06116411131969,0.784218149649122,0.360054858745323,0.8476240633012
865,0.703810718753799,5,0.8425857733851,0.713667996402773,0.48599908141414,0.233003988382132,0.8476240633012
866,1.09267650210732,5,1.15185189775868,1.13770847996283,0.838195183581134,0.401692705657267,0.8476240633012
867,0.616408754979318,5,0.702226754985009,0.640749025916389,0.495792447308179,0.238911030621551,0.8476240633012
868,0.681502436364902,5,0.633327253634813,0.786096395704256,0.544937259376337,0.287153717249209,0.8476240633012
869,1.32789175732157,5,1.39720558739384,1.44942353580203,0.961811667094418,0.499237047629133,0.8476240633012
870,0.356972744261041,7,0.421421178199035,0.392267295970384,0.298274029732661,0.151992685534498,0.875252812971844
871,0.967361158313037,7,1.05701971520669,1.03307676392565,0.73661059050611,0.363648183197432,0.875252812971844
872,0.571822977090031,7,0.76498754144979,0.621742322002387,0.496033638251147,0.243244709424666,0.875252812971844
873,1.43955236947075,7,1.56882443293944,1.54009158469344,1.09551373874344,0.547597963661987,0.875252812971844
874,0.908484346896843,7,1.02628833501354,0.966629808614108,0.528865272288085,0.34244110752978,0.875252812971844
875,0.775681200108289,7,0.854485768559443,0.780231953507299,0.616502472311425,0.288778741398925,0.875252812971844
876,1.24366379976779,7,1.36575209269063,1.32541457508708,0.923257830588063,0.467863198259931,0.875252812971844
877,0.579188085063751,7,0.667606217208237,0.586179225555229,0.461702903937758,0.217583342857654,0.875252812971844
878,0.678035770197688,7,0.703086267170832,0.666931977260373,0.609281089825964,0.272652740289682,0.875252812971844
879,0.74470126609055,7,0.781181970901197,0.778288319127827,0.626681735592802,0.300545026670408,0.875252812971844
880,1.01388175280779,7,1.1024021860149,1.10548203505411,0.790177526664459,0.3690868271612,0.875252812971844
881,1.414395376952,7,1.32309479965866,1.33043757660465,0.93976493795312,0.475747323303043,0.875252812971844
882,1.06904069158713,6,1.04931095769651,1.06834979536319,0.795963246057898,0.382971407883973,0.867827922976645
883,0.660979887657882,6,0.606533397390481,0.64157215122308,0.557291757047553,0.253609624592135,0.867827922976645
884,0.807061223204936,6,0.755309593140989,0.795031662555117,0.628152342376709,0.280754649545144,0.867827922976645
885,1.3905408276123,6,1.1879153252565,1.35958598757904,1.11763630737927,0.528259129069106,0.867827922976645
886,1.43979637705386,6,1.29640950279809,1.40387316354946,1.12336695427073,0.560776334975467,0.867827922976645
887,1.43610976022404,6,1.44229687457339,1.55954566709961,1.21546678065774,0.575528181999043,0.867827922976645
888,1.05126590002007,6,1.00772135009507,1.07833057672993,0.927578603917249,0.387330033953053,0.867827922976645
889,0.779315624178996,6,0.715741483322889,0.773959443450083,0.579062156904448,0.287796105604257,0.867827922976645
890,1.05883749840368,6,0.963520891814037,1.04303436482232,0.812608773847584,0.390943098346765,0.867827922976645
891,1.12986581375387,6,1.02393785406691,1.12210220358913,0.843713343212182,0.418403859794592,0.867827922976645
892,0.672493902399581,6,0.559568793193753,0.634132316673004,0.536499520876825,0.25425644408398,0.867827922976645
893,1.44758475704071,5,1.24120726024358,1.30678931751301,1.09557130386342,0.578548324511135,0.823757709517341
894,1.46395338884158,5,1.18518111109863,1.33631561333621,1.09941962546272,0.549369869031602,0.823757709517341
895,1.54378895719002,5,1.16089364446645,1.40252370351697,1.08662896312983,0.528495731540798,0.823757709517341
896,0.932002486725924,5,0.810569667392594,0.863001899054493,0.680642289804875,0.342108447035125,0.823757709517341
897,1.40426697187828,5,1.28928644920873,1.25714407880231,1.10182099145462,0.546747835138286,0.823757709517341
898,1.70987873403469,5,1.57503907326466,1.59374747834077,1.31259167531653,0.675442692226851,0.823757709517341
899,1.65634712566755,5,1.56833535878649,1.5437320055326,1.30797120170364,0.649494524383945,0.823757709517341
900,0.90721948197464,6,0.932878026997847,0.95980438311236,0.72645231904773,0.338996052578826,0.854179458775692
901,0.723569770097017,6,0.771433613205655,0.780950769553164,0.539747246705867,0.25049748549932,0.854179458775692
902,0.731406548911479,6,0.741797993356731,0.635833151376365,0.561589924131533,0.259814429190386,0.854179458775692
903,0.495439759912314,6,0.545582175532574,0.50304200661144,0.384551239762004,0.178339685473212,0.854179458775692
904,0.32098385038906,6,0.358995131484272,0.329687441350161,0.233156232703685,0.106645411919813,0.854179458775692
905,0.795193228542995,6,0.900793837623152,0.818069982019452,0.612999275670276,0.288591562027398,0.854179458775692
906,0.710668016758918,6,0.774246143898009,0.702080486336915,0.535767731937344,0.261314291824654,0.854179458775692
907,0.483163292246066,6,0.521049087096322,0.473725873451253,0.373052472331358,0.167336016663154,0.854179458775692
908,0.893293372523472,6,0.999987785653198,0.888626744632539,0.654409743708686,0.320468006317852,0.854179458775692
909,1.36964925288882,6,1.33597240936379,1.20514084206729,1.00709568081067,0.476248343276888,0.854179458775692
910,1.17878336735815,6,1.23726048062394,1.12998687945098,0.864438489458305,0.40415217403075,0.854179458775692
911,1.33617730633643,7,1.42125807306948,1.39129174397352,1.03551442142976,0.517239404539836,0.855325899912357
912,1.16782247338622,7,1.03879045710908,1.10795554067809,0.850442668866682,0.429173170538892,0.855325899912357
913,1.11862837888728,7,1.10149310269474,1.12030872788199,0.906991821590637,0.441959733781787,0.855325899912357
914,1.13660874223463,7,1.09548923156128,1.05340283164251,0.887304621514224,0.398537384275992,0.855325899912357
915,1.24260277818219,7,1.16346254316809,1.13630102541441,0.933797556468717,0.45619943443839,0.855325899912357
916,0.688946957082298,7,0.65489068623454,0.671642157157726,0.510145632362344,0.246640529057121,0.855325899912357
917,1.21206284156378,7,1.18581465182851,1.19793151951643,0.86447859456471,0.432022614074805,0.855325899912357
918,1.23715510951263,7,1.18303552284448,1.17585965806663,0.877964118941889,0.41697354662723,0.855325899912357
919,1.2497057917353,7,1.17498664702226,1.19061848189121,0.859196873292173,0.428569462110084,0.855325899912357
920,0.346949404797012,7,0.300040055211106,0.322695510457529,0.248114983359881,0.125657008140566,0.855325899912357
921,1.06785319655152,7,0.977954987665033,0.969362970121441,0.722039341015226,0.35625395098345,0.855325899912357
922,1.23109840919952,7,1.04184091410518,1.06468594886141,0.74531805830957,0.381629412716214,0.855325899912357
923,0.587496679557466,7,0.561728198551433,0.561129508015423,0.354429455620453,0.171783776804902,0.855325899912357
924,0.280755008627803,7,0.251621784697194,0.253226877287959,0.189897829477954,0.0789007074330887,0.855325899912357
925,1.30429390283028,7,1.26964576301385,1.14393884738137,0.752952023416368,0.399046638498572,0.855325899912357
926,1.90930816689807,7,1.75760436694247,1.85039250941771,1.30996658710885,0.626916918450199,0.855325899912357
927,1.5983812753666,7,1.39782270519106,1.50607754224782,1.10259739427389,0.531023027933091,0.855325899912357
928,1.82841940881663,7,1.66502870933744,1.73673676758253,1.2242673414705,0.601121725094449,0.855325899912357
929,1.29534214048919,7,1.19646362857362,1.33206439827696,0.964164728303355,0.470129940859268,0.855325899912357
930,0.566208010810867,8,0.528130093236302,0.516310034749117,0.402241453060763,0.19424248056518,0.873674871702091
931,1.14418055133153,8,1.02786084047428,1.01252802379997,0.79279770802045,0.373810542476786,0.873674871702091
932,0.970069839976062,8,1.02434215857014,0.930383697677234,0.740886036102542,0.353932438458823,0.873674871702091
933,0.930563712974716,9,0.924062226957915,0.846322425558394,0.677788680426425,0.332912087550698,0.880181531377163
934,0.730309850563834,9,0.702221111261237,0.686476439074126,0.56230691685202,0.275653185180612,0.880181531377163
935,0.80926427146091,9,0.82022796520993,0.810247438503158,0.660076668528656,0.332554319813708,0.880181531377163
936,0.926781915343169,9,0.945240580374769,0.895474599876741,0.701500036963721,0.350281747871676,0.880181531377163
937,0.650165241502591,9,0.621669174649467,0.60648893349007,0.478651923952718,0.212161681757177,0.880181531377163
938,1.20348095847484,9,1.1894159156905,1.15699665430594,0.888878995291617,0.409451371957308,0.880181531377163
939,1.07939975419194,9,1.05351681789733,1.05059892219898,0.782017037992577,0.378856895719594,0.880181531377163
940,1.14066966510534,9,1.00824798630645,1.06945618390228,0.868965365491715,0.406632271114509,0.880181531377163
941,1.22809241808047,9,1.13673440897288,1.18873537952915,0.838009632756628,0.396915069836575,0.880181531377163
942,0.955979430122437,9,0.860316195804059,0.918983455121877,0.671316510417599,0.28080344281574,0.880181531377163
943,0.717808967023622,9,0.652016331236265,0.699566660987362,0.511664751508599,0.244372126055626,0.880181531377163
944,0.96992728817655,9,0.862247566044029,0.944297580884122,0.666040829716038,0.333091419251879,0.880181531377163
945,1.3126340251366,9,1.1513760181113,1.27049937999621,0.938151369541331,0.451668345547981,0.880181531377163
946,1.23966470520547,9,1.06619407674058,1.11938043956445,0.760060916338395,0.405231952601186,0.880181531377163
947,1.30300611382016,10,1.14419686816515,1.27749031421827,1.01173880815036,0.494569216642359,0.899476557683797
948,1.55623133900046,10,1.37093518571823,1.57230224864075,1.10724637415407,0.550881330567684,0.899476557683797
949,1.51481845028568,9,1.28633972628143,1.41449608643561,1.19571230887345,0.562179408655575,0.878946099697998
950,1.31904402808969,9,1.16791661587281,1.25409072390742,0.967587265350227,0.467839105183219,0.878946099697998
951,0.673241784030515,9,0.580265666650439,0.631963755507329,0.542038120958242,0.258855115488409,0.878946099697998
952,1.17141036816794,9,1.05568873781777,1.12113563880198,0.882283130970481,0.441439381308346,0.878946099697998
953,1.27828033220119,9,1.18741578450472,1.22861514568345,0.92540456694321,0.480675266345871,0.878946099697998
954,0.593808435379115,9,0.556875062139986,0.567887507375427,0.448346795434737,0.227921633182609,0.878946099697998
955,0.933766518390782,9,0.880136940204248,0.809224899679506,0.671987046676133,0.314050918373423,0.878946099697998
956,1.09642011867666,9,0.973670823550958,1.04238688236606,0.833250327309667,0.388914721116211,0.878946099697998
957,0.427986111610645,9,0.424316999145529,0.419888545605159,0.333518684180686,0.153595076147636,0.878946099697998
958,0.73526564917324,9,0.696119265465514,0.727728358276289,0.609906850084264,0.266247381585372,0.878946099697998
959,1.09009946795598,9,1.0903043167916,1.01847981472867,0.747244552190015,0.370004142075871,0.878946099697998
960,1.38029390400098,9,1.38268398510685,1.31952018232495,1.08215201875013,0.512290491093445,0.878946099697998
961,1.02022381831933,9,0.931735139134703,0.959218986152382,0.880711032720319,0.360641785435186,0.878946099697998
962,1.08010359239693,9,1.17714526069694,1.07576026326722,0.801840826618903,0.415972067736972,0.878946099697998
963,1.07070685837695,10,1.11235771346985,1.1127392718669,0.898537685503385,0.446482171996018,0.90287043075842
964,0.761469327459996,10,0.80103747811389,0.794203038509189,0.658938140854663,0.32438817424,0.90287043075842
965,1.14689837885211,10,1.17738371131683,1.16532814617357,0.916849259748144,0.439315483763732,0.90287043075842
966,1.45529008045446,9,1.49399270268887,1.47779065419522,1.06280825218896,0.52901266116514,0.895026527285492
967,1.23826292484274,9,1.21398557408535,1.23054973390025,0.862974113920212,0.406929770181506,0.895026527285492
968,0.693348002973892,9,0.721088228523418,0.693044315421251,0.528375600265968,0.240229356814898,0.895026527285492
969,0.548801358358872,9,0.603461069041142,0.554795745009158,0.357207381434677,0.150072003649103,0.895026527285492
970,1.11832614497731,9,1.16349156243193,1.11851303196772,0.774369220297603,0.367141372597938,0.895026527285492
971,0.873559320619717,9,0.940573615936773,0.827858322400265,0.533617292923353,0.245605381505525,0.895026527285492
972,0.326781419947007,9,0.380943651012626,0.334345855425148,0.229792041220512,0.113613401062646,0.895026527285492
973,1.32559360417188,9,1.45158967862127,1.35184733077279,0.87156162729419,0.401143400157206,0.895026527285492
974,0.692797412852622,9,0.808280286445522,0.631076215859333,0.480445820209465,0.209816771447532,0.895026527285492
975,0.556136873330949,9,0.687901475383265,0.634034241088046,0.371932740639794,0.183401904636981,0.895026527285492
976,0.880716254742083,9,1.02555995367533,0.961853643961992,0.560793024018643,0.248999500612705,0.910582578075255
977,1.38838493933741,8,1.54844729138597,1.33256827846571,0.958569245029281,0.407261060396368,0.921946033071884
978,1.10126011000683,8,1.12836247293831,1.00769137415136,0.698771759016999,0.329252196718824,0.921946033071884
979,1.21996989189908,8,1.25334498006329,1.11512346223379,0.753714373972571,0.367656069924289,0.921946033071884
980,0.175856181372132,8,0.170169000652521,0.162880335855854,0.102440234470852,0.0488994212395835,0.921946033071884
981,0.187505771782051,8,0.18043270666047,0.171487759130296,0.117121535108361,0.0504658858685308,0.921946033071884
982,1.11414076241553,8,0.956531715805825,0.987524844104114,0.561885900890432,0.308663027328189,0.921946033071884
983,1.16098850177772,8,1.03917562301694,1.07313618993987,0.662228654216148,0.307101184787078,0.921946033071884
984,0.349418730914841,8,0.297941893905626,0.323026569168687,0.205682538342878,0.0993933876938653,0.921946033071884
985,1.33877496242896,8,1.14489388098834,1.24115871066401,0.772908455885656,0.387526698765306,0.921946033071884
986,1.81415945117477,8,1.25119333281472,1.49359642599451,0.802359882328057,0.397229583780041,0.921946033071884
987,1.81894259948094,8,1.51432024647768,1.7091592001031,1.00674817281936,0.490289225956549,0.921946033071884
988,2.19641419284952,9,1.89177543709331,2.1103347299238,1.30371058461332,0.641081787269142,0.927725980494636
989,2.2787445768157,9,2.0285421787692,2.22950000870665,1.37520688970983,0.672577043928529,0.927725980494636
990,1.01151969722896,9,0.913840315256772,1.03221606477447,0.657655421434032,0.320506832464713,0.927725980494636
991,0.29923477670014,9,0.280049639585547,0.306806488165428,0.195581890446558,0.0918004429640615,0.927725980494636
992,0.807085415979992,9,0.729539977921238,0.800024122497399,0.403913446527153,0.188510486372698,0.927725980494636
993,0.674007316855858,9,0.658250434080477,0.682397391299796,0.431454545231812,0.211451455315422,0.927725980494636
994,1.01674968785006,9,0.989247170778249,1.02191924682703,0.652174776855774,0.320425774997294,0.927725980494636
995,0.386584710638593,9,0.377570131339226,0.387224479716596,0.243556606767741,0.112470327608274,0.927725980494636
996,1.56683725321589,9,1.7557480216152,1.63726942238612,0.862392444151228,0.478638352875856,0.927725980494636
997,0.713090834700291,9,0.759233905244089,0.729930232563803,0.445409503810356,0.212402202823679,0.927725980494636
998,1.30571477577659,9,1.45057626667051,1.34020084333484,0.699556090310167,0.328362457197727,0.927725980494636
999,0.539080114787026,9,0.6033967918764,0.561000263706758,0.303879572764633,0.142186064865252,0.927725980494636
1000,1.09674285488439,9,1.28079956917846,1.1131720205698,0.647740903777988,0.310419416997923,0.927725980494636
1001,0.371823022309635,10,0.466904400745122,0.409291638949714,0.193629627859343,0.0966112941474655,0.928296639499605
1002,0.642104612594344,10,0.812976052354926,0.684693743605958,0.417646439433123,0.203081004807768,0.928296639499605
1003,0.83262465751631,10,1.04265954910778,0.913601630351937,0.523256112226843,0.243363977658039,0.928296639499605
1004,0.885047026882493,10,1.10958601408429,0.965996945801538,0.595675944624125,0.293823820427265,0.928296639499605
1005,0.00462687269563125,10,0.00582626081472028,0.00484145189338022,0,0,0.928296639499605
1006,0.868154523932925,10,1.05309528177809,0.933208993796843,0.513976437693025,0.283048007543326,0.928296639499605
1007,1.19529082776835,10,1.49932546054185,1.32955140372599,0.817611123727241,0.409420805562445,0.928296639499605
1008,1.19794537831306,10,1.3867270520721,1.29886700038953,0.840677170318032,0.404549124442047,0.928296639499605
1009,0.513361039268378,10,0.583626802225632,0.563116452140857,0.305229918145335,0.166625083664002,0.928296639499605
1010,0.751233632273642,11,0.890995581174637,0.824536399855658,0.501578403681505,0.24285648307221,0.933022894991615
1011,0.759991559055412,11,0.886636439997994,0.837712113636534,0.432011641014385,0.215017326547429,0.933022894991615
1012,1.10371425092403,11,1.22228805282205,1.20401613413863,0.731536025817258,0.355553272540886,0.933022894991615
1013,0.723711855880353,11,0.82877373105326,0.808814659607298,0.519167289917229,0.251224082020476,0.933022894991615
1014,0.666857935197331,11,0.711837770006765,0.723529187962433,0.473386721083802,0.225548791258736,0.933022894991615
1015,1.41602206112992,11,1.55153990626297,1.53049028694736,0.956316362780096,0.464915989494641,0.933022894991615
1016,1.30898016601811,11,1.35593506751025,1.44270097655166,0.858479914381174,0.436787279684315,0.933022894991615
1017,1.33543135120327,11,1.36430410818493,1.46235154327541,0.921260299897543,0.437853697103949,0.933022894991615
1018,0.685641996090255,11,0.694660419460895,0.744791286247208,0.486251450143296,0.241135729059061,0.933022894991615
1019,0.199994566465147,11,0.19686721217876,0.22722538318319,0.138247296067105,0.064290863455157,0.933022894991615
1020,1.11503133905914,11,1.1528490526253,1.25270528460713,0.724732811801125,0.387622678546413,0.933022894991615
1021,1.18396692851966,10,1.2949622837502,1.35452373652063,0.892130141480932,0.449518996463491,0.923586011881752
1022,0.920670190111587,10,0.886409663088187,0.978678117436483,0.673813031927709,0.32525596571174,0.923586011881752
1023,0.968427637953449,10,1.00275886004536,1.09010416286442,0.718750749771583,0.349801485318538,0.923586011881752
1024,1.32342597098395,10,1.38475294954842,1.4987274147689,0.949329402177039,0.471320453941568,0.923586011881752
1025,0.701189351274151,9,0.739675028564728,0.759500331152172,0.473537456509793,0.24899742432982,0.908324959990141
1026,0.797982356709444,9,0.875211246403321,0.940979924291639,0.449791537431932,0.25007539867436,0.908324959990141
1027,1.05368153512319,8,1.35882601511763,1.27466864001302,0.764505572826925,0.395686575950045,0.884343541406311
1028,0.782859470620359,8,0.970053236451151,0.93384459872512,0.628650706523082,0.300080842041101,0.884343541406311
1029,0.974819893783026,8,1.17656021707156,1.09900263909611,0.720549994207682,0.361277567295919,0.884343541406311
1030,0.648893980863546,8,0.818070335607445,0.727914840402682,0.49187970375994,0.239621625624787,0.884343541406311
1031,0.775904587191152,8,0.951194372465129,0.842962234340538,0.536798038479392,0.272159614538854,0.884343541406311
1032,0.70342061487011,7,0.872070016039299,0.796226014225564,0.581194650782183,0.266390313047618,0.876339843842737
1033,0.62379616472765,7,0.782093688307492,0.661565449925086,0.561655729936591,0.258723560665853,0.876339843842737
1034,1.32499380767143,7,1.60542916804757,1.25038884627632,0.922029870775572,0.461234874442408,0.876339843842737
1035,0.220745121548357,7,0.262688793347255,0.218565917835992,0.198592743475242,0.0906290126822023,0.876339843842737
1036,0.193626083879086,7,0.277624052560089,0.239310957089674,0.116963800086887,0.0567372490875382,0.876339843842737
1037,1.2131726896385,7,1.46495862745288,1.3162207434081,0.899361003501217,0.447909502027136,0.876339843842737
1038,1.07214616403262,7,1.4779163828829,1.26403859985253,0.894700078470771,0.443304546618954,0.876339843842737
1039,0.3732633395288,7,0.447417310870312,0.358679248582764,0.29728419325286,0.130264931271549,0.876339843842737
1040,0.790928628848515,7,0.949704299437725,0.81804238128711,0.637619125813045,0.296512214979388,0.876339843842737
1041,0.591321890077272,7,0.569391291703827,0.562609121245335,0.439814394355036,0.205006314052296,0.876339843842737
1042,0.932845788943602,7,1.20096275101055,1.11199110282386,0.776568722004842,0.403331885849148,0.876339843842737
1043,0.976281250175429,6,0.960232547770075,1.0047848969015,0.884740091269706,0.418289004231251,0.847886415132831
1044,0.635711112990141,6,0.589160004724673,0.664840982911421,0.576253362732729,0.268089826288791,0.847886415132831
1045,1.04805495058434,6,1.10239460473626,1.07088139081912,1.00803983113853,0.471762510029005,0.847886415132831
1046,0.575630762827072,6,0.579261545365269,0.54070450772035,0.635936998651411,0.284474651836399,0.847886415132831
1047,1.75185815867522,6,1.41923254034383,1.76159275996041,1.28678372107106,0.579693106005182,0.847886415132831
1048,1.24077873862735,6,0.942093797245776,1.2878835683422,0.984709714153864,0.478384829516076,0.847886415132831
1049,1.37882789877387,5,1.06238796651105,1.21511003436462,1.3913847059063,0.649890822088563,0.832248195576286
1050,1.26648794057279,5,1.18431574044044,1.40848166727608,1.52678383407251,0.671062308865473,0.832248195576286
1051,1.17456029602288,6,0.992602302325795,1.14261424734507,1.57826952091677,0.760631336843665,0.859638303837222
1052,1.68373176803658,6,1.28694882261256,1.59245907573249,1.94442690780162,0.948246526246628,0.859638303837222
1053,1.10331816729077,6,0.809772540961468,1.09995628108598,1.41443995569013,0.686599009417626,0.859638303837222
1054,1.92512315860631,5,1.31352760761058,1.71110037097659,2.20964139136996,1.04442947898203,0.791552986064611
1055,0.77124188736976,5,0.542595960091934,0.697331208053116,1.27060213652619,0.651737178154541,0.791552986064611
1056,1.25122816088922,5,0.950864530948641,1.19478271181131,1.81054121775791,0.864337339182792,0.791552986064611
1057,1.68595239910682,5,1.25318590535202,1.54924059084929,2.20913206243036,1.03080249640564,0.791552986064611
1058,1.43034266701819,5,1.00880180173972,1.31508410526696,2.05219717596868,0.923235774041177,0.791552986064611
1059,1.20196738071621,5,0.908356072952169,1.10701658040972,1.57629217862658,0.769910431020919,0.791552986064611
1060,1.46318853218633,5,1.03799894109771,1.34016722889074,1.94639422056256,0.937123148997339,0.791552986064611
1061,1.52113836211512,5,1.00966981414181,1.37838163640537,1.84805664228937,0.875124467536133,0.791552986064611
1062,1.48554631556833,5,1.00834434820664,1.4040934539589,1.88600096652434,0.991872068923915,0.791552986064611
1063,1.98238295553942,5,1.1742791934226,1.72879195857488,2.05666995376398,1.00090983896327,0.791552986064611
1064,2.02923522486647,5,1.46139556781382,1.83635332974087,2.3947027350218,1.18009910465549,0.791552986064611
1065,1.87919345486391,5,1.43398935927901,1.74086930314345,2.3136447905105,1.0979433053673,0.791552986064611
1066,1.33747927256512,5,1.02459983358068,1.22071251513589,1.52042965683642,0.724168273182098,0.791552986064611
1067,0.31266268543923,5,0.235716823503142,0.285882275324265,0.381807056020732,0.185750118329829,0.791552986064611
1068,0.887198395369326,5,0.683292780642723,0.812380766470847,1.20926877689631,0.567616249247829,0.791552986064611
1069,0.670274612261794,5,0.508187481930289,0.600479999752497,0.975733762556357,0.454593393723132,0.791552986064611
1070,1.33617943935785,5,1.07459931208377,1.21083642953119,1.58499433057691,0.793118016021402,0.791552986064611
1071,1.27490166472259,5,0.924849663147643,1.19878715226426,1.44813898394274,0.700576767243212,0.791552986064611
1072,1.38455609754144,5,1.1835658778588,1.2777993137989,1.67358232158961,0.828735022685485,0.791552986064611
1073,1.05016221551172,5,0.867046287175233,0.881373833597253,1.28997477491878,0.651005472206264,0.791552986064611
1074,1.22959829480882,4,1.08067025263247,1.0877769370603,1.44535877954615,0.745855823562213,0.841020349033433
1075,1.41542098416835,4,1.29782990652323,1.26381968497241,1.44058583571016,0.709044834892299,0.841020349033433
1076,1.21337524994961,4,1.11273075868314,1.10084078413524,1.04713793775485,0.52433204022232,0.841020349033433
1077,1.39282274400117,4,1.36933911586242,1.25435564676769,1.37154054396502,0.724054723680237,0.841020349033433
1078,0.671971280933352,4,0.677084554039012,0.614042103008906,0.633045686266501,0.320517787481731,0.841020349033433
1079,1.15014772000638,4,1.17784595872291,1.05280959242787,0.992108807771997,0.515296180590464,0.841020349033433
1080,0.864964153005157,4,1.03231891621736,0.814267297104848,0.913410786713923,0.473885624297518,0.841020349033433
1081,0.448701188344413,4,0.495446007591462,0.414556488002831,0.3917265544476,0.193999590964922,0.841020349033433
1082,0.758500606025077,4,0.880615644996058,0.705085548490688,0.676118478338989,0.336389092576513,0.841020349033433
1083,0.762284742340953,4,0.941274823771143,0.701823654548424,0.710744229687702,0.365709873220232,0.841020349033433
1084,0.900948359245645,4,1.00946709480527,0.832914169409962,0.838680251444439,0.436220081464749,0.841020349033433
1085,0.1425096832618,4,0.195099764668042,0.131730722587086,0.149649850217165,0.0689329972918155,0.841020349033433
1086,0.390799604420889,4,0.43948441953223,0.381493541099076,0.307500201421366,0.149119702754042,0.841020349033433
1087,1.16261976562868,4,1.4102908178441,1.11228006590431,0.818811657429439,0.462580291801931,0.841020349033433
1088,0.994038969231591,4,1.33889378380803,0.942710641119378,0.94270616604812,0.452873053766235,0.841020349033433
1089,1.11467909970062,4,1.6895092056723,1.05283115969437,1.18621041618105,0.530065150873511,0.841020349033433
1090,0.180076122198025,3,0.233572832265734,0.188075994401951,0.201475523011693,0.111831087232277,0.827089733003604
1091,0.501725095228378,3,0.672854756078969,0.485804741795148,0.546249822418224,0.276290266771865,0.827089733003604
1092,1.06345053916478,3,1.37639743974974,0.969223336258935,1.06304225170569,0.537119168072417,0.827089733003604
1093,0.67695328274644,3,0.970311878280575,0.675577440566637,0.671371597689124,0.372767445701263,0.827089733003604
1094,0.952291195143782,3,1.40409434452781,1.0447979161022,1.01837653280244,0.586426568482226,0.827089733003604
1095,1.3455609479366,3,1.80519231150384,1.321058733697,1.39169874988465,0.545895279167417,0.827089733003604
1096,0.993184070010883,3,1.29722466022419,0.902918845741572,1.01420936393605,0.525466072401194,0.827089733003604
1097,0.671534501914743,3,0.887982040974985,0.69428055291959,0.646264732930963,0.363831220778442,0.827089733003604
1098,0.862652867498704,3,1.0931561454096,0.887404563854312,0.878840893053337,0.463069527836814,0.827089733003604
1099,0.369306859607333,3,0.479106971169611,0.383773264514013,0.355880263380277,0.187475445375504,0.827089733003604
1100,0.748598993743399,3,0.93882267641716,0.774692487417339,0.762931741985171,0.389811693928644,0.827089733003604
1101,0.535663402854727,3,0.685755205997109,0.549198859096386,0.571175266186337,0.259575590503001,0.827089733003604
1102,0.90859383443992,3,1.1819298108374,0.82080301609018,0.805148514283679,0.440398316070354,0.827089733003604
1103,1.04181027139235,3,1.29294319764438,1.1101810767944,1.05276707661374,0.632016382224681,0.827089733003604
1104,0.740876590719776,3,0.894003531394877,0.791771119400859,0.748725372328524,0.395548091989151,0.827089733003604
1105,0.90776563982246,3,1.08237428379417,0.979055195162006,0.865351821873973,0.463238045948419,0.827089733003604
1106,0.959510029098231,3,1.13874028721835,1.04633178330298,0.950110627662372,0.494754927350734,0.827089733003604
1107,0.336714296250429,3,0.491352052728879,0.38835207648782,0.321360439344306,0.159752881840873,0.827089733003604
1108,0.317131117293537,3,0.349993562368246,0.349638388436226,0.31065070436316,0.163376024977812,0.827089733003604
1109,0.958162123943349,3,1.15925306440157,1.10503887266085,0.917374570883536,0.487886559626717,0.827089733003604
1110,0.750019498403293,3,1.21528105772971,1.04669488723028,0.926133877647784,0.483641931871802,0.827089733003604
1111,0.920587129978997,3,1.0368334087642,1.09902196108931,0.908826071217761,0.53095073461801,0.827089733003604
1112,1.07998034059482,2,1.14525905672934,1.35510262567894,1.01771412641281,0.490188127694587,0.70284618458289
1113,0.992825935782841,2,1.04311497424612,1.28722991188836,0.913852097251041,0.4495636070188,0.70284618458289
1114,1.04329084210434,2,0.986452395525433,1.3580945117846,0.945893358901785,0.483116364297123,0.70284618458289
1115,0.855495307757278,2,0.777378507454925,1.14181523292621,0.769661006091029,0.379723515275709,0.70284618458289
1116,0.898508567617846,3,1.30818376718156,1.9898880172973,1.45739651269611,0.723478278398265,0.0904854215033251
1117,1.22000302473607,3,1.08323067197255,1.86620013494462,1.6416950850446,0.64932195632191,0.0904854215033251
1118,1.0049769338091,3,1.26360459382042,1.47120255035202,1.53825501083854,0.722105760287883,0.0904854215033251
1119,0.991250873884405,2,1.30781253693515,1.61479797835974,0.955648272594119,0.477901737945724,0.711302819505524
1120,0.553109418380449,2,0.656665621224085,0.814672880998199,0.47790495268988,0.251175317780606,0.711302819505524
1121,0.501585019839196,2,0.633196250113849,0.769995103917475,0.39855154255603,0.19922678347931,0.711302819505524
1122,0.72267612467478,2,0.905919014006966,1.09676609235938,0.525097808526698,0.264899398057124,0.711302819505524
1123,0.759635916118979,2,0.80819762438643,0.944779907280394,0.537876319332872,0.249683436595407,0.711302819505524
1124,1.22902803516757,1,1.01105398817888,1.04158309446786,0.72272966801335,0.335564249986319,NA
1125,0.942178633767919,1,0.772612671197697,0.750748785869361,0.49316135734072,0.222044460871634,NA
1126,0.841537698467907,1,0.694484976072878,0.637253315592542,0.372313121591274,0.150538204450671,NA
1127,1.32852055069144,1,1.11287674812908,0.966080306442156,0.531653543307087,0.272207812469087,NA
1128,1.44382838189678,2,1.44627271605564,1.33067059507714,0.752134269009807,0.351095937130091,0.536409708959933
1129,0.96739896745668,2,0.949471131290058,0.821054542424672,0.484609607186469,0.213522753587348,0.536409708959933
1130,1.05559012355999,2,1.05390532422926,0.874903345683203,0.517626152702469,0.233405750536462,0.536409708959933
1131,0.884866027039336,2,0.904367679355446,0.72460215477209,0.408676158609904,0.191312465023975,0.536409708959933
1132,0.648105132489743,2,0.667981617202812,0.502050363226813,0.269888295126001,0.129626526479553,0.536409708959933
1133,0.718797841699499,2,0.78997200304444,0.637754833533006,0.38034308321625,0.174146418237717,0.536409708959933
1134,0.746698928309615,2,0.832436336519718,0.663768912722786,0.389195038277331,0.176744938274421,0.536409708959933
1135,0.658454709603756,2,0.757519671972176,0.692310259090536,0.47452726271342,0.210295985099501,0.536409708959933
1136,0.779835834760856,2,0.880833054191938,0.637294248209059,0.340377898645009,0.157917443600869,0.536409708959933
1137,1.32737074951543,2,1.50969693547945,1.21035232616066,0.698815580364392,0.321097852963409,0.536409708959933
1138,0.977324705035454,2,1.12047775479052,0.835763806906054,0.414367654212182,0.181329086484954,0.536409708959933
1139,1.23183047381645,2,1.40338252244552,1.12827898890783,0.580634158535061,0.290467337377921,0.536409708959933
1140,0.767982328591463,2,0.886222967561324,0.677393738316122,0.329188030615235,0.151237732605316,0.536409708959933
1141,1.02868322495772,2,1.18063233064803,0.937594090438892,0.491960838614765,0.216639539578019,0.536409708959933
1142,0.923044525307443,2,1.05148621467304,0.861441734499569,0.440889517409315,0.196457866099951,0.536409708959933
1143,0.825126771767185,2,0.941066304730252,0.775492159463842,0.390931131629831,0.177989287619795,0.536409708959933
1144,0.767101850795722,2,0.867611845950139,0.731346155340503,0.380913539388668,0.179019963071208,0.536409708959933
1145,1.5161516236617,2,1.7057937907348,1.4593731665207,0.794252244727735,0.37018289138715,0.536409708959933
1146,0.604134291562313,2,0.728550781092393,0.583410717653402,0.261060481211449,0.112056184591311,0.536409708959933
1147,0.878749448063905,2,1.02796055957339,0.863719313468976,0.398326988128465,0.187363633568494,0.536409708959933
1148,0.539836031648038,2,0.624008017228837,0.537260564294777,0.250269843003142,0.113823795536574,0.536409708959933
1149,0.770555241327031,2,0.830430354493045,0.763419395637405,0.409342884169858,0.194886067707727,0.536409708959933
1150,0.54819329886526,2,0.629785585996953,0.559710201016573,0.254337257712175,0.113360875286079,0.536409708959933
1151,0.63703734965384,3,0.75682098592901,0.681075763278711,0.201316206111372,0.0880691773992451,0.804481006700943
1152,1.29340844002947,3,2.0053182659565,1.98168459404712,0.540424201711228,0.227275242925353,0.804481006700943
1153,0.844724219243683,3,0.968749769291498,1.00026177726949,0.424693096690225,0.191769294784994,0.804481006700943
1154,0.83250754950676,3,0.943102608483262,1.04323990665216,0.318844655457363,0.122232033209462,0.804481006700943
1155,0.796812839334563,3,1.11571161276326,0.992892470909703,0.321937053812062,0.21985702628528,0.804481006700943
1156,0.380296323754786,3,0.457790822692606,0.45333019519774,0.199788917436861,0.0926353710271018,0.804481006700943
1157,0.815253459557475,3,0.989228470958245,0.988261662147584,0.431016218020067,0.203240656733603,0.804481006700943
1158,0.337623238364692,3,0.366770533454474,0.423383213309731,0.11235098791813,0.0520286923661381,0.804481006700943
1159,0.937996502405925,3,1.00689974222093,1.04090439658036,0.256394448122048,0.119428459611097,0.804481006700943
1160,1.01070637251986,3,1.31209724582729,1.17972339113449,0.48317538967531,0.209340880823978,0.804481006700943
1161,0.457823757638158,3,0.473827537300502,0.400121248299438,0.20285739846686,0.0878511147771456,0.804481006700943
1162,1.41220516849188,3,1.44007266410771,1.53505120754737,0.661594845076917,0.302711997331752,0.804481006700943
1163,1.3735257410079,3,1.26046924118145,1.54321904903955,0.510645915667984,0.241148362421763,0.804481006700943
1164,0.803930588479801,3,0.735928465844979,0.783598054073941,0.321460505030697,0.140484776202613,0.804481006700943
1165,1.11601496357138,3,1.44471559891773,1.62507909637475,0.594738759767956,0.232365540225688,0.804481006700943
1166,1.08218708667679,3,1.27459255459392,1.44611965561558,0.578399229103714,0.264103254611327,0.804481006700943
1167,1.83748973793861,3,1.79766608910665,1.9586201932667,0.857211394980465,0.387871679451883,0.804481006700943
1168,0.443025040576555,3,0.454977130856561,0.495515859083371,0.215109483260025,0.0955753236266077,0.804481006700943
1169,0.265294623692181,3,0.255294585018743,0.279365521669247,0.128501991524243,0.0564937068877804,0.804481006700943
1170,0.983148469962841,3,0.969196315367741,1.03720450989188,0.46000800244295,0.223910300653029,0.804481006700943
1171,0.81645232059139,3,0.932895374854857,1.00431406181253,0.421808917689758,0.196256964686646,0.804481006700943
1172,1.35446819947635,3,1.33641418206464,1.42129727844863,0.649437538546687,0.337776886322153,0.804481006700943
1173,1.28244379485837,3,1.24003539418946,1.46071238317566,0.614630748977038,0.273750210750207,0.804481006700943
1174,0.641938295013462,3,0.699895048234792,0.869874206192762,0.210991936855612,0.101186844846621,0.804481006700943
1175,0.378969533868886,3,0.408305209201418,0.413345035934371,0.168875451298904,0.0790316182082611,0.804481006700943
1176,0.792553025963349,4,0.869703316414329,0.811397613903048,0.440114324903337,0.20363872084871,0.819308554618916
1177,0.6546739320466,4,0.740358938491956,0.743863026934111,0.256688767198478,0.119323044840242,0.819308554618916
1178,1.14854360387955,4,1.29460692666562,1.27047494557569,0.692807350434842,0.315930601816691,0.819308554618916
1179,0.854342451479559,4,0.952258923554371,0.933861022744066,0.504342027709402,0.243814122108623,0.819308554618916
1180,1.2453003833215,4,1.44172593615547,1.28044752483226,0.754472573012283,0.36434585086865,0.819308554618916
1181,1.10437638936957,4,1.22895221958794,1.12489237715288,0.635477139132757,0.288647603310864,0.819308554618916
1182,0.58433075765596,4,0.649343627808991,0.669598231866254,0.363299370364559,0.167195835619632,0.819308554618916
1183,1.00566949561041,4,1.17700641332036,0.953484334961045,0.522475870561745,0.229227305865577,0.819308554618916
1184,1.57229377963033,4,1.90957324185386,1.71285681601115,0.852923660658598,0.377615130689545,0.819308554618916
1185,0.523403532010544,4,0.584371412207886,0.533957974529429,0.31183686286128,0.140089818059164,0.819308554618916
1186,0.427666028051568,4,0.454778416558773,0.433891419885596,0.142557034362379,0.0630467315721835,0.819308554618916
1187,0.680937278192984,4,0.77737980518853,0.776536154709134,0.300993008725491,0.134114515421771,0.819308554618916
1188,0.549276216525241,4,0.627988381445957,0.605731853654102,0.223948598647748,0.101170699537793,0.819308554618916
1189,0.873124752492962,4,0.965704497932964,0.950673312292387,0.369489885272914,0.169443343888061,0.819308554618916
1190,1.38410247614058,5,1.53424556512879,1.46387063446184,0.824557088763954,0.37710973520994,0.820361618684043
1191,0.636110071694943,6,0.698046520711322,0.689447938996295,0.435693133402109,0.205539544784929,0.874722964801328
1192,0.668242003278478,6,0.804917961752421,0.685354608927929,0.497890112078129,0.234318375761934,0.874722964801328
1193,0.763315996180735,6,0.816235576217923,0.869829290053688,0.47697898469787,0.220540661344469,0.874722964801328
1194,1.09524341261613,6,1.11449965848089,1.18952519876105,0.839083454767057,0.423023145193998,0.874722964801328
1195,1.27419454622247,7,1.19222637140292,1.22548174899953,0.845922126551072,0.39521453738534,0.901018277443013
1196,1.07764052810705,8,0.973712337318406,1.15979923241678,0.90353797801361,0.415495866685599,0.911678967777202
1197,1.15651719943101,8,1.10267460605769,1.3090705881123,1.01498216493055,0.469390964387114,0.911678967777202
1198,0.887765668655646,8,0.839414430612018,1.03497203984756,0.803737676430923,0.373564361599349,0.911678967777202
1199,0.961770640314709,8,0.827794263436488,0.908159511508761,0.779967085239191,0.371222562938543,0.911678967777202
1200,1.18245570930185,9,0.936023284098516,1.19371374256571,0.930938218059252,0.432008102298181,0.91251796436368
1201,1.29479854814324,11,1.12201945126451,1.45142826694751,1.02979261343,0.475813738264419,0.921470697512202
1202,1.17471997947935,11,1.04423320827955,1.39829965013554,1.00747264157187,0.473868120373574,0.921470697512202
1203,1.11590767149165,12,0.932485193571849,1.25833486415387,0.919894312003478,0.423245102277255,0.927329669506094
1204,1.34872962571788,11,1.20600140751486,1.56273151563346,1.26220659680758,0.593804483035996,0.9243927718839
1205,1.41135113186537,11,1.11609900900089,1.29057546710128,0.969108367830261,0.484787637296667,0.9243927718839
1206,0.870897577984412,11,0.694656868556139,0.835986258843088,0.655462091878826,0.308361656721055,0.9243927718839
1207,1.19377061458215,11,0.974987297367898,1.16351853519755,0.91836019847151,0.445452971866948,0.9243927718839
1208,1.04570335215642,11,0.846127925366304,1.04582487099318,0.791965537158097,0.359491329026048,0.9243927718839
1209,1.77449872382848,11,1.43824399751249,1.79812922364721,1.36795417143023,0.612608868455137,0.9243927718839
1210,1.8266470863333,10,1.61839673242486,1.76873564527373,1.51811708026225,0.693489354195664,0.937555801378083
1211,1.30345442465491,10,1.21701159663959,1.24623259329597,1.01045095431084,0.44301907514817,0.937555801378083
1212,0.998946969639043,10,0.938310367882332,0.972570005623961,0.731186395077352,0.352459967902704,0.937555801378083
1213,0.955685348855196,10,0.954729146156354,0.919558770556155,0.684159117687645,0.307174735394504,0.937555801378083
1214,0.761391120185571,10,0.78806018847358,0.728237583043728,0.54433158307364,0.249348383646019,0.937555801378083
1215,0.656673546581904,10,0.713213136153613,0.632222235312618,0.45970467673365,0.211399481667276,0.937555801378083
1216,0.109287465237607,10,0.123114572021968,0.101996294574622,0.0782683088265711,0.0350540916313021,0.937555801378083
1217,0.237094666309947,10,0.276181549369754,0.225453931424762,0.148238604681572,0.0699199188343077,0.937555801378083
1218,0.692755858057099,10,0.829186721238457,0.662170505802264,0.448992518035402,0.207230272697548,0.937555801378083
1219,1.33910066873716,10,1.64102714270654,1.28128284301879,0.894214571118401,0.398817757613394,0.937555801378083
1220,0.735910848492241,10,0.912543471648889,0.666252506852873,0.459240806565612,0.207515001010895,0.937555801378083
1221,0.367101083561341,10,0.461810014773512,0.355928388790314,0.261175158472049,0.115846640622076,0.937555801378083
1222,0.708774562115737,10,0.877341895692655,0.67250276222983,0.460542789193176,0.214512853546213,0.937555801378083
1223,0.732771221610563,10,0.867064697725989,0.66471643788909,0.49196883297136,0.227917663645533,0.937555801378083
1224,0.814472283946964,10,0.990631865741887,0.793402265759522,0.547127665669341,0.254350658186151,0.937555801378083
1225,0.865985701623418,10,0.983493359668754,0.798112510101485,0.56958180009783,0.265132258779952,0.937555801378083
1226,1.23172083116686,10,1.41059638307525,1.19564328874974,0.792024577931974,0.356610279309867,0.937555801378083
1227,0.223606526830544,10,0.230290626056767,0.198556823371869,0.111506540288059,0.0513815083961846,0.937555801378083
1228,1.59300993232382,10,1.66575404021719,1.5267251597402,0.938309791471281,0.445335612138864,0.937555801378083
1229,1.41232895679068,10,1.44793158075397,1.32737487273486,0.903166588905299,0.431624034879925,0.937555801378083
1230,1.16659219760371,10,1.2492314047763,1.1034398099647,0.744511851439612,0.335454670776751,0.937555801378083
1231,0.905489716328797,10,0.95650841162219,0.85871945309098,0.538588675745191,0.246475582882945,0.937555801378083
1232,1.57476376046398,10,1.63643824583538,1.55235765103482,0.972344284153208,0.440201217212486,0.937555801378083
1233,0.993872710934597,9,1.01163823489598,0.938584193228617,0.588989780980619,0.265231436457333,0.928501162316249
1234,0.63706316180377,9,0.628181316204959,0.591272564352714,0.366816118190663,0.161306988206592,0.928501162316249
1235,1.30576357714313,9,1.29926232533614,1.24954636575817,0.781262135379222,0.315748132433422,0.928501162316249
1236,0.784178820442589,9,0.777949951679081,0.750362332740749,0.44655080037275,0.194459322483151,0.928501162316249
1237,0.688665985445494,9,0.702736947793293,0.646223126739556,0.341448535762839,0.160518211643888,0.928501162316249
1238,1.12866627205823,9,1.23626739883094,1.10164248903995,0.630110403435504,0.287990063570248,0.928501162316249
1239,0.856800274552848,9,0.923749013311578,0.845894471959071,0.481350243624409,0.207494152101493,0.928501162316249
1240,0.463817071594313,9,0.562786712756975,0.496238147992486,0.240731101901512,0.10237373035031,0.928501162316249
1241,0.714079505497521,9,0.763208284567746,0.670907565499163,0.323314774260704,0.141767117830553,0.928501162316249
1242,0.775124551034822,9,0.859504988954938,0.752950367533946,0.277822751681042,0.143050881263807,0.928501162316249
1243,1.15018740350888,9,1.2746996870634,1.13351703762156,0.506625478828387,0.248577956455716,0.928501162316249
1244,0.715141085400684,9,0.884616719977441,0.768847607713342,0.337667893608538,0.160409693857174,0.928501162316249
1245,0.948406375508397,9,1.09197837252803,0.947747877445154,0.465521134661646,0.220778896991642,0.928501162316249
1246,0.359176302467954,9,0.441996325750586,0.349748985531005,0.159753078010326,0.0771696925002305,0.928501162316249
1247,0.652201659747756,9,0.736767265752295,0.590794764336829,0.305783426084994,0.133652067716189,0.928501162316249
1248,1.40124617926364,9,1.42695300584025,1.40608321957311,0.699592742448008,0.338777469992873,0.928501162316249
1249,1.52406297458182,9,1.43686069939087,1.57394148764481,0.863103261858239,0.415091751981661,0.928501162316249
1250,1.24622137740712,9,1.2815400848972,1.24599600560033,0.6021590246634,0.294523197162311,0.928501162316249
1251,0.209997519332688,9,0.199881373108621,0.202147509212329,0.094853448424315,0.0455856038190686,0.928501162316249
1252,0.619977292203347,9,0.609237230993441,0.621649150577393,0.301767965711764,0.145749966120475,0.928501162316249
1253,1.11193760982474,8,1.13500413938301,1.10001464846416,0.588537166654397,0.276462511613692,0.924930895369119
1254,0.203777472255132,8,0.223256688602601,0.214776513408789,0.1032916272588,0.0501665199434471,0.924930895369119
1255,1.22576715957279,8,1.41216347675007,1.31321055624509,0.721782546916282,0.347266615941336,0.924930895369119
1256,1.12343918967898,8,1.10002552965822,1.13815590975393,0.607009519122029,0.283563172313462,0.924930895369119
1257,1.06834614809861,8,0.990839379729373,1.07118456330615,0.539590306317849,0.244784137340989,0.924930895369119
1258,0.144732883758719,8,0.132436643040676,0.14816159412458,0.0824987201390021,0.0384586107665377,0.924930895369119
1259,2.32177497964538,8,2.14238922303716,2.34881037381399,1.09896155822617,0.523750661248851,0.924930895369119
1260,1.63067573155155,8,1.4804068456726,1.67040743402549,0.763713974506313,0.359866800187684,0.924930895369119
1261,1.74067441968248,8,1.58036257266126,1.78943529965117,0.79388557729729,0.372907503159911,0.924930895369119
1262,1.5576746431125,8,1.40993567705903,1.60215433252318,0.673815879982329,0.333064955186659,0.924930895369119
1263,0.0366882811497426,8,0.0216738220828604,0.0313105835800794,0.016806869985138,0.0077508315766275,0.924930895369119
1264,0.267393444667256,8,0.229368587687901,0.278245780041362,0.127377558384691,0.0613778101287042,0.924930895369119
1265,0.825026668670237,8,0.708563972156145,0.850002999017122,0.36694816868532,0.17506484444621,0.924930895369119
1266,0.640201547458496,8,0.579656173165003,0.680321199392533,0.310972649924828,0.155047227268974,0.924930895369119
1267,1.04698012374599,8,0.875705100159783,1.09875432522826,0.456342270417685,0.229134742205613,0.924930895369119
1268,1.92195648946165,8,1.60496734174472,1.9975436436888,0.845438332724329,0.422024154784225,0.924930895369119
1269,1.66449399520492,8,1.53709786019582,1.78972982197098,0.816517976717619,0.413629090620558,0.924930895369119
1270,0.782213843768399,8,0.595316034376265,0.773044719098622,0.328100703338366,0.160002895967075,0.924930895369119
1271,1.73063198200434,8,1.38449415217668,1.81618717910421,0.679919273214036,0.318360354277757,0.924930895369119
1272,1.84255907402788,6,1.33950590709492,1.85217912357898,0.662308376741233,0.343131367895263,0.923799280786963
1273,1.05170903764032,6,0.796342631071728,1.07407669623128,0.379839100862483,0.198418282459148,0.923799280786963
1274,1.25129523345118,6,1.05694945887119,1.3205241155539,0.425046308385492,0.227482875412234,0.923799280786963
1275,2.48024548057855,6,2.02716466669165,2.57188019049486,0.888975216835728,0.455639989780104,0.923799280786963
1276,0.686038990770902,6,0.762753719648762,0.728309400771643,0.249174079100233,0.129624067054219,0.923799280786963
1277,0.88253966234983,5,0.697431282978963,0.786337723395693,0.326419737352,0.160663748887121,0.916986620589194
1278,0.241853684160565,5,0.228571606956162,0.26245724544065,0.0694281450282408,0.036478693211152,0.916986620589194
1279,1.23831666290092,5,1.18181653418779,1.39946860830689,0.454057282820085,0.233991968345289,0.916986620589194
1280,0.292499008326906,5,0.285311984485494,0.269012966063097,0.107498068982947,0.0624126559175542,0.674954653589557
1281,0.971940960427062,5,1.10712856101386,1.0488090358791,0.417951039992025,0.202736946613911,0.674954653589557
1282,1.23176727240329,5,1.3573257639638,1.04660091122198,0.473698801668384,0.23771611101918,0.674954653589557
1283,0.220496429976659,3,0.308875819562868,0.237592213040638,0.0664808888460476,0.0421476480500351,0.79456045678401
1284,0.825546374314645,3,1.20971944851921,0.931374839301613,0.464794476398382,0.221870911428182,0.79456045678401
1285,1.00194366977717,4,1.64417148560319,1.13095266064705,0.460886461773843,0.233364375124685,0.847703454798245
1286,0.146895081277591,4,0.306710618148842,0.15287132219797,0.0502744584841023,0.0217454792227771,0.847703454798245
1287,0.6788816885619,4,1.17321313110443,0.743298221306953,0.421537262999115,0.198333192641126,0.847703454798245
1288,0.160341336706924,4,0.263065210930285,0.187168119677467,0.11392099842781,0.0543529647672251,0.847703454798245
1289,0.554406363131932,4,0.840252879183097,0.531183665381176,0.294322484149977,0.144640417159139,0.847703454798245
1290,1.2853467973437,4,2.23660255101423,1.3312163821503,0.696147182501001,0.32991621495479,0.847703454798245
1291,0.575209217740159,4,0.824461536908638,0.64179879781968,0.435187593000798,0.212512981987523,0.847703454798245
1292,0.331441934163102,4,0.457426838562753,0.362341240899891,0.266550059895513,0.119295971992914,0.847703454798245
1293,0.900662317843958,4,1.4211843379636,0.93682686105461,0.552097434614878,0.259739939363202,0.847703454798245
1294,0.130879427743109,4,0.230832130280318,0.144446888337766,0.120775448063243,0.0548308627239648,0.847703454798245
1295,0.0171694385359266,4,0.027437708196706,0.0177491536567694,0.0119910209416645,0.0055202779661917,0.847703454798245
1296,1.00933000743548,4,1.24909474796329,0.984406221634793,0.468345753949207,0.245192027713729,0.847703454798245
1297,0.356691137067973,4,0.422274024946004,0.357618554760967,0.272810597433365,0.126604672317077,0.847703454798245
1298,1.25532663413428,4,1.51550156387169,1.24665674014761,0.742121662208565,0.338731948543049,0.847703454798245
1299,0.06995206648387,4,0.149052429570568,0.0695342389563739,0.0262983296325641,0.0129291122945183,0.847703454798245
1300,0.926226177971675,4,0.961614731498327,0.913560316022826,0.47080035253532,0.222013379536137,0.847703454798245
1301,1.82148126621712,4,1.52127097161801,1.81375934359424,0.654064539083507,0.321386645638444,0.847703454798245
1302,1.32512060528066,4,1.35629918001661,1.30822821813085,0.878646050360399,0.416588065647726,0.847703454798245
1303,1.33029026336111,4,1.2531930706585,1.33056713629412,0.846983067033677,0.394955629237121,0.847703454798245
1304,1.1120231271257,4,1.18243327825995,1.0879532404077,0.842341121326765,0.410657234910971,0.847703454798245
1305,1.82544629486534,4,1.59720893249408,1.78616716040996,1.01230963785958,0.495334538226068,0.847703454798245
1306,1.23933884610552,5,1.07770584848164,1.21960891551851,0.767791881599847,0.372145992844818,0.872553779542332
1307,0.64056579193796,5,0.56987455016632,0.678453026935336,0.451486512390305,0.212227327029343,0.872553779542332
1308,0.792959404531905,5,0.692543254670562,0.825527676196037,0.535505882236494,0.248264460478243,0.872553779542332
1309,1.0463551129642,6,0.930699397326431,1.030183636949,0.835889025064422,0.39988891658754,0.892753751344773
1310,1.09488223324983,6,0.918942056833574,0.992709908822568,0.856883845769362,0.401270156015248,0.892753751344773
1311,0.845577691044347,8,0.853749975891075,0.86850564329854,0.880804608523394,0.411891130497208,0.920824389036687
1312,1.28455901133785,8,1.11623524033178,1.2943934214011,1.28144933846171,0.593253178235063,0.920824389036687
1313,1.30290756397156,9,1.2542722582635,1.41382503947674,1.54259313511605,0.721419004892838,0.918835050557356
1314,1.24223104889991,9,1.20977747914344,1.31892100638671,1.41315221343699,0.650797882881672,0.918835050557356
1315,1.02648752721136,9,0.987900171174055,1.07831050109933,1.23721686260903,0.577046221958895,0.918835050557356
1316,0.473169914681723,9,0.440606209180092,0.459093969713241,0.557769589635398,0.254426510663253,0.918835050557356
1317,0.731949158502005,9,0.677930850385507,0.741541055259443,0.841134374833514,0.399283811566826,0.918835050557356
1318,1.19856770602058,9,1.09806131514601,1.23022456178896,1.2849039768939,0.583345767083502,0.918835050557356
1319,1.26743009738551,10,1.23911014122853,1.41901682059571,1.49339629115632,0.675120137984365,0.929047175027247
1320,1.12356930134651,10,1.11228267339647,1.2415953099701,1.43680903663626,0.649885527782225,0.929047175027247
1321,1.36765794403904,10,1.34903185163774,1.46522496649511,1.60848584870956,0.715732253932524,0.929047175027247
1322,0.86590904571253,11,0.842446961809379,0.947420674762067,1.04868528601227,0.498327708893258,0.937865711366237
1323,0.78910446890814,11,0.712389376602629,0.834729072694193,0.929486773327422,0.419818423213304,0.937865711366237
1324,0.970023883922266,11,0.889441023693242,0.985874756787276,0.990330869740035,0.442367866646597,0.937865711366237
1325,1.41531991388618,11,1.30037822713525,1.43549941641999,1.43967153335412,0.66188394853956,0.937865711366237
1326,1.48905151746289,10,1.35548350621059,1.48862214161758,1.62355212861179,0.751973882961238,0.930244864784478
1327,0.85384978455645,11,0.804713113264538,0.851383650565281,0.915911946987255,0.420405976631308,0.937271321221172
1328,0.774315116644106,11,0.711510505599542,0.750228414028779,0.839425679119714,0.379508977162799,0.937271321221172
1329,0.86841356496203,11,0.808921972880529,0.846651383725197,0.887093800374413,0.400039621456981,0.937271321221172
1330,1.09724735575501,11,1.06901452732172,1.04144849603325,1.04195204760986,0.501279656456171,0.937271321221172
1331,0.986386011269087,10,0.943610920661169,0.935675736840041,0.967821466630798,0.454868331885454,0.935543466016263
1332,1.17509439820848,10,1.09153905789125,1.1163873051385,1.11505223913972,0.520088805853629,0.935543466016263
1333,1.11732317678804,10,1.10269598542979,1.06501673390542,1.06869628388075,0.501808741647475,0.935543466016263
1334,1.09192877114037,10,1.08807177965529,1.0164832163958,1.07002096267755,0.501320010187159,0.935543466016263
1335,0.817483944304358,10,0.826556786210112,0.768677617865014,0.79747276740543,0.368792741743387,0.935543466016263
1336,1.04460164627465,10,1.06324395053603,0.957985270017755,1.00677365054772,0.449552378333884,0.935543466016263
1337,1.28117253290327,10,1.35346857976355,1.20800684108027,1.21869184406086,0.54265267888538,0.935543466016263
1338,0.861702107412431,11,0.90834929581599,0.755346969237026,0.725690555455459,0.337486550856661,0.935946120191821
1339,1.07369814872374,11,1.12433485930065,1.01705343696045,0.955099824831394,0.434979477289585,0.935946120191821
1340,0.864894926029373,11,0.901242140727593,0.824672668028049,0.750598581128849,0.337467281125377,0.935946120191821
1341,0.477809449480539,11,0.521620587796369,0.447847330663237,0.437253446379207,0.203783503389507,0.935946120191821
1342,0.690853764139424,11,0.728333481379137,0.63517315284414,0.448006101571558,0.200789306151054,0.935946120191821
1343,0.882378569697779,11,0.934597816350868,0.819875552218353,0.695484634264023,0.317008380552599,0.935946120191821
1344,1.03752474806911,11,1.1460588358643,0.98148850815941,0.837156469970748,0.381286225920065,0.935946120191821
1345,0.874191321644785,11,1.10048588475291,0.850487233916515,0.738597442265396,0.339661383072371,0.935946120191821
1346,1.01917981486355,11,1.09962952090635,0.925387942359378,0.751964602477762,0.350036199065576,0.935946120191821
1347,0.75201640596014,11,0.810610832827322,0.68416078840312,0.56238072649401,0.261445811335281,0.935946120191821
1348,0.913945747037345,11,0.980883651922793,0.843461596488977,0.665945877530997,0.301692356845942,0.935946120191821
1349,1.46653390914412,11,1.52789315613357,1.3297207185799,1.08748880956282,0.48954623973333,0.935946120191821
1350,0.401540555178266,11,0.446204652129134,0.388766654661604,0.288686048197622,0.12827066310181,0.935946120191821
1351,0.476993366107968,11,0.526928168866799,0.466917919389554,0.332263974239806,0.152977962232128,0.935946120191821
1352,0.679475815494875,11,0.714523385962986,0.642615637433176,0.455564402095868,0.215819061235494,0.935946120191821
1353,1.42505586223088,11,1.43451242391038,1.33692599679544,0.993002275400631,0.444964872267168,0.935946120191821
1354,1.32243693257703,12,1.42810901004083,1.18297290600378,0.96013385255709,0.440311926285847,0.935895358902046
1355,0.33781405499117,12,0.337622973955214,0.327465366801751,0.247663601236286,0.112136853889281,0.935895358902046
1356,1.27470319434257,12,1.32634448670441,1.2417090524932,0.855832926915833,0.40195190870962,0.935895358902046
1357,1.68500072351045,12,1.70406070681029,1.65485720459517,1.05514111218288,0.529218100797921,0.935895358902046
1358,1.73594413167085,12,1.76196052327391,1.71511008658056,1.15510359425318,0.544585524642485,0.935895358902046
1359,1.63418784121544,12,1.67439330920736,1.61903705755816,1.05187202669212,0.491620816490413,0.935895358902046
1360,0.529297465985987,12,0.557050787686648,0.51403949760502,0.337630209583674,0.16258212054508,0.935895358902046
1361,0.202657219369843,12,0.212533915896159,0.200063140614382,0.127133103015113,0.0612455288101397,0.935895358902046
1362,0.536220831543341,12,0.599728832831664,0.546441008294002,0.350381116142205,0.164912219785355,0.935895358902046
1363,0.545428595654423,12,0.616740701453979,0.548474195175808,0.337268943766358,0.157836754070427,0.935895358902046
1364,0.890177063720116,12,1.02560452819777,0.893492539621094,0.535185158042363,0.25558651565113,0.935895358902046
1365,0.852233193027398,11,0.941715943309267,0.883284199578448,0.51855095557464,0.241459340887476,0.929914376904482
1366,1.10877774860054,11,1.22001416623287,1.13585318924033,0.699226723734533,0.311456919376017,0.929914376904482
1367,0.721521959415824,11,0.788263087090747,0.750560834597139,0.441862587222688,0.199745430021692,0.929914376904482
1368,1.17405686177246,11,1.3233983618333,1.27126661850833,0.702360717219095,0.34351246966576,0.929914376904482
1369,0.622118933318801,11,0.730986636194415,0.658357645844247,0.372346692355446,0.190571143583348,0.929914376904482
1370,1.39625084577132,11,1.55081875278059,1.52860686904998,0.827882343327998,0.399793591492619,0.929914376904482
1371,0.433115547631452,10,0.465350690615051,0.462109085421175,0.232542559665158,0.110427040309478,0.917455379033916
1372,0.817466193925965,11,0.911520081466152,0.92808744975778,0.530334111250481,0.239994048007405,0.916992767730896
1373,1.18728462040923,12,1.2962254453692,1.29505420853101,0.786372898392979,0.374685993310351,0.922157936525204
1374,1.13565958006706,12,1.24498647989947,1.21133484183585,0.736690958433154,0.36329776698246,0.922157936525204
1375,0.630632198648356,12,0.627756398973067,0.695508701029539,0.452349129786278,0.210251080957406,0.922157936525204
1376,0.681586365434247,12,0.683292545930049,0.768867873578851,0.43612563650302,0.212496958793016,0.922157936525204
1377,0.985628848053316,12,0.977722304842438,1.02388369009701,0.668531946797921,0.310659564002897,0.922157936525204
1378,0.807104094800679,12,0.827353470108754,0.841010844480634,0.52565923889896,0.246023926950584,0.922157936525204
1379,0.335528465912879,12,0.318757151923315,0.364745905263053,0.231001240436832,0.10811786216468,0.922157936525204
1380,1.39926035354571,14,1.34674638563441,1.57142295879631,0.930807130621468,0.45621729176263,0.902549877009134
1381,1.28991399121937,13,1.21592347997383,1.37619571577527,0.793755308963897,0.387473306699668,0.890440175654662
1382,1.35805315293151,13,1.23750195186339,1.37702855643475,0.908831736373205,0.436165386044395,0.877589553123408
1383,0.925288248266988,12,0.906831492941047,0.912895854348678,0.711810714952716,0.332147124926917,0.86651687632602
1384,1.10242015158469,12,1.01995312119015,1.12196004610796,0.796723315181377,0.388067207128167,0.86651687632602
1385,0.979996623328797,12,0.949222382784013,1.08241735433495,0.786099026213637,0.374272737081955,0.86651687632602
1386,1.07136029240067,11,1.09939769901287,1.18529664789104,0.917530820852621,0.446839668951447,0.875047270571654
1387,1.2203811365683,12,1.1967906978065,1.31563748757426,1.0233286604914,0.493707014057781,0.885112668154585
1388,1.18345716629289,12,1.21884100640682,1.30368791127142,0.966869149848595,0.441405533824197,0.885112668154585
1389,0.887607129985751,12,0.933125553045697,0.894564660349687,0.896415503809816,0.410909790326655,0.885112668154585
1390,0.680478087354502,13,0.725179019044472,0.729141051040788,0.582205344572846,0.255867123777174,0.893726806226698
1391,0.762371184549752,13,0.867558243667663,0.813203447883662,0.613021858865016,0.305290798080189,0.893726806226698
1392,1.3362850139816,13,1.47365741712096,1.4050084988314,1.12211620760053,0.515641214453424,0.893726806226698
1393,0.831893925744789,13,1.03265233107369,0.923487750470572,0.837968193863924,0.397377421859671,0.893726806226698
1394,1.15755582855693,13,1.33166414788365,1.21429128555077,1.02461157820362,0.46703168765436,0.893726806226698
1395,0.864340612371654,13,1.02503800064473,0.93869166154288,0.757072518465433,0.353397929743657,0.905091319735132
1396,0.505528350743999,13,0.602601900319,0.569813483832423,0.418728441920325,0.197219764779244,0.905091319735132
1397,0.763958639421237,13,0.884433977379825,0.832842667872058,0.591335525896388,0.282090493372253,0.905091319735132
1398,0.701035747433358,13,0.801190844036626,0.764456777263412,0.607449748187501,0.281245127539778,0.905091319735132
1399,0.469715973082809,13,0.560923531628375,0.513789421093667,0.411095971153904,0.192509982703965,0.905091319735132
1400,0.618593325475436,14,0.725325750960079,0.686444673616355,0.495790392045348,0.232410347962204,0.922448000999881
1401,0.821718390431862,14,0.937603831795456,0.890418857229782,0.691676179724675,0.329241057921185,0.922448000999881
1402,0.535896123107194,14,0.667677048963971,0.644393504877824,0.483504124781387,0.226880643708504,0.922448000999881
1403,0.613071290654556,14,0.706133765397755,0.677703436139661,0.600178809917635,0.27872282256779,0.922448000999881
1404,1.40636887371372,14,1.42966173386275,1.41267930839036,1.19351573610612,0.568855577018092,0.922448000999881
1405,1.13103354848627,15,1.2298516061126,1.26083608788877,1.04387006267464,0.475938605416303,0.928080803323423
1406,1.55674635431856,15,1.63787257326184,1.59982060763486,1.50490111202153,0.665585878331047,0.928080803323423
1407,1.03222528712274,15,1.11524566804802,1.15630813500773,1.00159677773751,0.451539420141979,0.928080803323423
1408,1.13097903627675,19,1.12628895272624,1.17298815756003,0.98294478173878,0.455090315004689,0.950638658955039
1409,1.21175998386697,19,1.23981149680761,1.26476764809422,0.974568252614798,0.453303316642999,0.950638658955039
1410,0.488829751069434,20,0.51650221390452,0.510726160701463,0.459443258165266,0.209012527388092,0.954287625781948
1411,0.787510449218348,20,0.821242447810708,0.83505283004724,0.663405322056101,0.309293474774246,0.954287625781948
1412,1.08100033982559,21,1.13285631334146,1.13836956264924,0.917545490311513,0.422851175686601,0.956533808729015
1413,0.446820652758937,21,0.453941283168296,0.468604326461032,0.404845166508431,0.181527403416117,0.956533808729015
1414,1.35736236728107,21,1.38273997297796,1.40420841384116,1.16018893672056,0.537893178279224,0.955048726043943
1415,1.06273476228853,20,1.04005661126507,1.07531211158157,0.866520469986702,0.38507627355928,0.952580345106511
1416,1.00694533539858,20,0.998166123872556,1.03324338090596,0.850157263509306,0.392931847857903,0.952580345106511
1417,1.20065231632413,22,1.1765267330634,1.22503002114024,1.07098573176756,0.487717892042713,0.957519028231971
1418,1.05461478861793,22,1.02415138112692,1.05957480120505,0.970306948431354,0.424095376974456,0.957519028231971
1419,0.996133297943518,22,0.97769404868449,1.00295207768774,0.913771912991795,0.422618322948998,0.957519028231971
1420,1.20836199340592,23,1.22045960427702,1.23744257014649,1.12252943978315,0.502311562488441,0.95866834878932
1421,0.500895828552334,23,0.505371169578983,0.517578029496085,0.480116612913341,0.217242497861638,0.95866834878932
1422,0.88835581436477,23,0.863483239440956,0.910059038900589,0.812896218499152,0.36999490815728,0.95866834878932
1423,0.448252551428454,23,0.421661485571602,0.455049409743746,0.353106309213572,0.16682924292538,0.95866834878932
1424,0.988525245652647,23,0.955119288318535,0.987782280110338,0.956028851016396,0.412170118600646,0.95866834878932
1425,0.840124894814396,21,0.827525901640499,0.87879064333338,0.811850572875503,0.381848336104393,0.95928412475225
1426,1.2149716613098,22,1.19771534551566,1.25062125148726,1.21508863429046,0.548429205334512,0.960842877116562
1427,1.40460351488352,21,1.37181272557178,1.47274212806682,1.44220144675118,0.651257520174674,0.961287921710251
1428,1.56509781768337,21,1.46975187592035,1.60357761031623,1.62397467030507,0.74647668796312,0.961287921710251
1429,1.23644748235888,21,1.11918423523312,1.243781757008,1.21787106851443,0.571241273673875,0.961287921710251
1430,1.14383368043277,22,1.08705973276682,1.18698317118205,1.08616650965222,0.476591400210139,0.962938659735875
1431,1.17248415250541,22,1.08424843613961,1.20218751086274,1.11798297482219,0.518999965432226,0.962938659735875
1432,0.859165538683509,22,0.805444898864661,0.868309414430167,0.814533618845369,0.374805591810649,0.962938659735875
1433,1.34608493024188,22,1.3093243054739,1.3640894205524,1.25240550771982,0.588904962787955,0.962938659735875
1434,1.18395173728172,22,1.13364462029282,1.21329247772775,1.04073925384415,0.464851327306438,0.962938659735875
1435,0.51583936661457,22,0.48747241942174,0.497195019024977,0.47563283003824,0.216990504199341,0.962938659735875
1436,0.41692919925421,23,0.416509884141155,0.409936521421492,0.354851451367747,0.163413825279755,0.964866969707297
1437,0.578476022868273,23,0.598538050771089,0.575860594005715,0.536865483717964,0.248672252135549,0.964866969707297
1438,0.49263077952385,23,0.496939382830352,0.502308466742971,0.449527228778771,0.205553730149139,0.964866969707297
1439,0.834692827274911,23,0.89499990634379,0.862309874877988,0.782639988976353,0.352814443669692,0.964866969707297
1440,1.07100535179041,23,1.25798102133045,1.14252301709286,1.07708776937382,0.493034455711263,0.964866969707297
1441,1.71583760838164,23,1.85791125676413,1.71866268403074,1.66143277622368,0.773961507575249,0.964866969707297
1442,1.01245664299687,23,1.10972257515072,0.99585397308878,0.996951674291735,0.451069224112442,0.964866969707297
1443,1.14805115637265,23,1.25902233282304,1.15330503188808,1.08268746330663,0.485949780355596,0.964866969707297
1444,0.723418276644423,23,0.821836366065084,0.703833435109332,0.711823424809602,0.321219702907905,0.964866969707297
1445,0.778757150863601,23,0.927751614935642,0.777365902247443,0.776660849185998,0.359176299953179,0.964866969707297
1446,1.01760110477259,24,1.22196720476109,1.05193395819558,0.958983923272683,0.445952679196464,0.965933685245725
1447,0.906381814531183,24,1.07694951423916,0.94133385163075,0.851964147401405,0.383940934555421,0.965933685245725
1448,0.280646006974187,24,0.345028484373735,0.298432064315038,0.262062678569904,0.117597065132705,0.965933685245725
1449,0.441535385303518,24,0.558175342255301,0.466714949622676,0.403819265486756,0.184236482650474,0.965933685245725
1450,0.463606810728063,24,0.59741881113982,0.479187087369121,0.457590930697939,0.211114769465168,0.965933685245725
1451,1.17326780469361,24,1.49699638143046,1.22197118270194,1.12353915774773,0.526140691520332,0.965933685245725
1452,1.18816723859747,24,1.48192246694495,1.23289087180708,1.09876423842884,0.494529487332318,0.965933685245725
1453,1.36205216473208,24,1.71058893451878,1.39889738390466,1.23093175428436,0.564873623913558,0.965933685245725
1454,0.937365455150027,24,1.12698684374472,0.971913579739735,0.832328006811321,0.384444957747716,0.965933685245725
1455,0.277702911278838,27,0.332080653942422,0.291043976185858,0.248974130192506,0.116310285158691,0.969687960207734
1456,0.553561621514205,27,0.688089978092375,0.60124305321472,0.513478277926488,0.222797384280153,0.969687960207734
1457,0.600940395109505,28,0.753176076947233,0.616583378262463,0.569981386274168,0.27144171633475,0.971299079134957
1458,1.05638257295833,29,1.27602246372293,1.06996387933847,0.953889074638765,0.461328315405825,0.971521101723759
1459,0.829351875522705,29,0.974630670606678,0.860413342118206,0.764187663443747,0.370137169951493,0.971521101723759
1460,0.344748850000031,29,0.379699671139722,0.34219852420836,0.306147768593713,0.141396635234442,0.971521101723759
1461,0.662141457088837,29,0.773157388716225,0.670899980331194,0.636911482116198,0.299966427244495,0.971521101723759
1462,1.34519971146594,30,1.52405863075113,1.39212713447801,1.26069261382023,0.594663924878397,0.972105244365586
1463,1.16881585533245,32,1.28195400849826,1.21647345687952,1.08244246198009,0.52591938872589,0.974163539886669
1464,0.00759609613533828,32,0.0161761218818944,0.00839929076413742,0.0231395300807067,0.010185049518781,0.974163539886669
1465,0.639073974376492,32,0.699115049242265,0.673853570076919,0.596715423998157,0.266197960824031,0.974163539886669
1466,1.41297642443544,32,1.48703967931671,1.4548657815393,1.30397090374,0.630757575360554,0.974163539886669
1467,1.74615968915701,32,1.84169636789717,1.81101800306104,1.58097597584756,0.756322806442877,0.974163539886669
1468,1.18081584340835,32,1.22169099689778,1.20859719679823,1.12106597524816,0.521304281662801,0.974163539886669
1469,1.29297297806964,32,1.34993216196579,1.35883795397213,1.17933225846896,0.571670879759229,0.974163539886669
1470,0.887970041974372,34,0.924033772240492,0.918102148867732,0.842651437560172,0.397604579457147,0.974230156037907
1471,0.48998465808206,35,0.506241817604836,0.506778535569143,0.446944453394984,0.213881780776041,0.974561826581709
1472,0.594733389443255,35,0.629374839640305,0.625571387200515,0.538495167039417,0.256885120247665,0.974561826581709
1473,0.651000190863893,35,0.651881897332441,0.68071621543321,0.607764360454038,0.291028396335396,0.974561826581709
1474,1.03433932128683,35,0.990591414357062,1.05625817945182,0.970863241737895,0.473359541819839,0.974561826581709
1475,0.991051266782029,36,0.960287180510558,1.02096996545316,0.944195282475029,0.446433930478633,0.975062229073684
1476,1.37473362176643,36,1.28599089227182,1.41304089062932,1.28866754601556,0.636679579552936,0.975062229073684
1477,1.39580947678093,36,1.29692826038219,1.43309373490763,1.34350034484968,0.663599862869337,0.975062229073684
1478,1.15452260942179,36,1.0537343864725,1.18959280882074,1.14314027101048,0.556962740738993,0.975062229073684
1479,0.878980569484156,37,0.790535179814448,0.917394703622416,0.882335114985265,0.434839284120011,0.976118464055779
1480,0.6362080561233,37,0.562086673260407,0.648318088303799,0.630089036953195,0.307332609372615,0.976118464055779
1481,1.03799100993144,37,0.917539869490902,1.07287266822766,0.991644796409287,0.487099904027855,0.976118464055779
1482,1.36575171722461,37,1.19718263167717,1.41735925713718,1.30898520819595,0.643899788192194,0.976118464055779
1483,0.998385756490493,37,0.847287491298531,1.00996418590005,0.978378252804526,0.489510945645006,0.976118464055779
1484,1.52513799370349,37,1.36304543776767,1.58461920845307,1.50888255396463,0.751109260939009,0.976118464055779
1485,1.161580969111,38,1.01370799838156,1.15712052926724,1.16279643476429,0.568751832859204,0.97624737163229
1486,1.48663794964594,37,1.35489349559185,1.56106141864875,1.52772864832327,0.744438869717161,0.97599358688901
1487,0.563567532704155,37,0.496805185131345,0.582050249831859,0.524205003606998,0.253407972591563,0.97599358688901
1488,0.965159166909542,37,0.875599231204872,1.00669863186171,0.947875353088439,0.445352031363321,0.97599358688901
1489,1.17471251549494,37,1.05771608024566,1.19395220346726,1.17102818458366,0.556695553964112,0.97599358688901
1490,1.31735648553841,38,1.25168133179054,1.3780988940946,1.33842049191853,0.660732034246668,0.975325782993918
1491,1.50692031393638,38,1.43679887545525,1.57309043668692,1.52264349465767,0.758768266639373,0.975325782993918
1492,0.901521815673977,38,0.863658433477484,0.935069048339639,0.923322098965312,0.43994517247709,0.975325782993918
1493,1.05292327628467,38,1.01510535170796,1.09016635022775,1.05562381971576,0.519821000265957,0.975325782993918
1494,1.08246343015915,38,1.06442457111944,1.12700351552224,1.06416038907739,0.542400866687271,0.975325782993918
1495,0.223037035604306,38,0.209357225320529,0.22057445023069,0.236262539629529,0.113068253422942,0.975325782993918
1496,1.1466979660299,39,1.16613707769073,1.19405787451994,1.13921025363089,0.549342100675884,0.975480758963647
1497,1.03018103874407,39,1.06990551521262,1.06630766764305,1.05740092944614,0.510415609058335,0.975480758963647
1498,1.28281195606739,39,1.34635144525223,1.31932750697535,1.34264941385653,0.654730812777626,0.975480758963647
1499,1.03968395374181,39,1.09351381089407,1.05800013420505,1.01027412052111,0.501625575554079,0.975480758963647
1500,0.340493508882741,40,0.361784707443473,0.349631615719797,0.293447015584928,0.159064597182348,0.975870481768372
1501,0.688953834365759,40,0.751543953629319,0.720878245455368,0.675743045437413,0.33782203681513,0.975870481768372
1502,0.662779169062806,41,0.733205192781095,0.698340876732454,0.613981313958251,0.299613706371506,0.976533965773713
1503,0.876801934395728,41,0.957037551633793,0.912720205779482,0.883297153997477,0.423723596545571,0.976533965773713
1504,1.14200878221591,42,1.23534386174004,1.17795054907869,1.18734577277322,0.594025302087054,0.97659599586203
1505,0.704486878884523,42,0.762633704873963,0.736646776385569,0.724277958973615,0.352302539275013,0.97659599586203
1506,0.595024089635869,42,0.629449248066665,0.617189485481156,0.512615235864934,0.260242759517108,0.97659599586203
1507,1.10465305863779,42,1.20670239177624,1.17847974399668,1.1124252041079,0.559282419540394,0.97659599586203
1508,1.02838831607503,42,1.12540598661451,1.09738840056419,1.03346232006313,0.519328603126923,0.97659599586203
1509,1.42705669230191,44,1.60055174250926,1.5669454494445,1.38798737367916,0.665207419982276,0.978113537402849
1510,0.812089421955508,46,0.849821716732905,0.861019226431198,0.861519299261213,0.417921300108165,0.978587632469657
1511,1.12961687535079,46,1.21028417181646,1.20559751451331,1.13213142715329,0.545461301459338,0.978587632469657
1512,1.13234338048439,46,1.25069356389646,1.21706660459074,1.09607523948641,0.549259585781337,0.978587632469657
1513,1.33952657354393,46,1.49933410680524,1.43240857600026,1.28116076727907,0.635836666772049,0.978587632469657
1514,1.00183122036193,46,1.11331990528138,1.04785557576102,0.977390016080781,0.471797831728092,0.978587632469657
1515,0.719817382955005,47,0.777854911288397,0.729219384209283,0.70168054960745,0.337751070891751,0.979129591249303
1516,0.528844174471841,47,0.609852907689953,0.548738904983684,0.495073353359276,0.245304806899363,0.979129591249303
1517,0.259115465716662,47,0.289003175683213,0.268960964024099,0.242829404675016,0.11685038386606,0.979129591249303
1518,0.671950120728332,47,0.772504416234504,0.712860806068058,0.615788554915607,0.295484698266354,0.979129591249303
1519,1.06435334412871,47,1.28180550599061,1.14814812375483,1.01528586075695,0.479553472479698,0.979129591249303
1520,0.975353434173254,47,1.20326028639862,1.04226732533167,0.944955664637375,0.470969497244415,0.979106046082472
1521,0.763125312368184,47,0.88586768212863,0.778096974567908,0.697238736995754,0.353210532400413,0.979106046082472
1522,0.199700929612899,47,0.205109763301126,0.199487282038851,0.182723489890598,0.0887737483115563,0.979106046082472
1523,0.671392036573643,48,0.794199251094941,0.712335964306566,0.618030311392081,0.29984188345107,0.979564848432639
1524,0.873492566503785,49,1.03676052583239,0.952135387776719,0.805586102419298,0.407183821436227,0.979772952672069
1525,1.16152582053824,49,1.31846797390397,1.22869248326712,1.07150664226528,0.51674924598461,0.979772952672069
1526,1.37810118821987,49,1.52153740488239,1.44715610557856,1.26167353096474,0.612258993453929,0.979772952672069
1527,0.728073580756253,50,0.780022326752839,0.765323342937149,0.681076187451183,0.344089141676797,0.97982105130962
1528,0.924080590022628,50,1.0171929383516,0.989395843731032,0.837565158171574,0.430777096774184,0.97982105130962
1529,0.891828354242715,50,0.916362642377512,0.924212494865108,0.840613965068158,0.420000114147103,0.97982105130962
1530,1.14902785036269,50,1.22482443131621,1.21389892891882,1.08396793485585,0.546551746459608,0.97982105130962
1531,1.31748076456125,50,1.43511850859651,1.40945716797565,1.25766928349937,0.631054961504671,0.97982105130962
1532,0.426290671612282,49,0.432972177304604,0.454126178642172,0.430084060317873,0.213517211458576,0.979392573000959
1533,0.817104626277144,49,0.866148589652665,0.872315318567648,0.785771416735269,0.394046764820981,0.979392573000959
1534,0.963240299865849,49,1.00675674956496,1.01876460813204,0.918257734920226,0.467489637935736,0.979392573000959
1535,0.992550698506831,49,1.05294637432319,1.0704806002013,0.952873889319881,0.477329810188103,0.979392573000959
1536,1.24731035450025,50,1.3274221761955,1.34518474253823,1.2011638242073,0.620085455422858,0.979512901499811
1537,1.42419770683284,50,1.47316756130969,1.51144426356323,1.33349785995316,0.679679322190224,0.979512901499811
1538,0.481307856342734,51,0.505706147705748,0.516873776718994,0.465584942282747,0.238127178921985,0.980061201802906
1539,1.04816713628482,51,1.09988987059525,1.12409665415117,0.959818422750549,0.484000895171793,0.980061201802906
1540,1.0389297263777,54,1.10416229425103,1.1046675232999,0.972511424772903,0.490902319268564,0.981518339987571
1541,1.13509899487151,54,1.23656821872978,1.22692567749919,1.01234007704793,0.502375600381738,0.981518339987571
1542,0.247738362816178,54,0.267669381589297,0.271155851624161,0.220072400799891,0.113993296724675,0.981518339987571
1543,1.01873630223795,54,1.1025086018406,1.10272293933357,0.937674666121038,0.490714976579787,0.981518339987571
1544,0.654757582718147,54,0.707780760512048,0.707683719523145,0.615095292945137,0.31264139972227,0.981518339987571
1545,0.677812559312619,57,0.734632236124283,0.743222507890056,0.645603216221639,0.316815742717131,0.982419100472445
1546,1.15183358551643,57,1.27839188573964,1.28371303312013,1.0618076954538,0.54191831964351,0.982419100472445
1547,0.672487227244567,57,0.717884676579569,0.758556075266997,0.634487905869197,0.306906838013934,0.982419100472445
1548,0.832749695503822,57,0.847756578125242,0.910525501213521,0.779246958750111,0.418380702000596,0.982419100472445
1549,1.32029905960754,57,1.3129317271846,1.42160200560355,1.24482581088275,0.646033431538831,0.982419100472445
1550,1.26047748382975,57,1.26671241128884,1.39770213904085,1.22444363280988,0.60570347259939,0.982419100472445
1551,1.07025110985951,58,1.05540881892474,1.16412729506597,1.05661080968381,0.544786775953049,0.982880316029759
1552,1.11974123592599,58,1.06479278834308,1.20779804607706,1.06751426530275,0.539837820693379,0.982880316029759
1553,1.01430816661171,58,0.958357342766326,1.09027148140974,0.978447789094608,0.48749439421069,0.982880316029759
1554,0.824388337271255,58,0.76586529381401,0.862865577977346,0.807292938157796,0.398189021545113,0.982880316029759
1555,1.07132638217609,58,1.01421490016779,1.14188695396497,1.052713086086,0.53286195401771,0.982880316029759
1556,1.16586773491865,58,1.0919394804083,1.24765243052562,1.12675969261372,0.564576382446562,0.982880316029759
1557,1.1149436286614,58,1.02566369253359,1.18167980054026,1.07721278944117,0.55822122741702,0.982880316029759
1558,1.03755663624241,58,0.959850948423457,1.10057772047874,0.976070298784387,0.510699074385842,0.982880316029759
1559,0.874565633765784,58,0.806558853752366,0.930064619354551,0.806345388513702,0.41853495945885,0.982880316029759
1560,1.01306664762921,59,0.959239967366443,1.11219421356105,0.961400171895357,0.507738787742619,0.983225928971225
1561,0.60967881852022,59,0.570316344436964,0.655445213490228,0.560006155321086,0.291959826098949,0.983225928971225
1562,0.964015488506036,59,0.924552768931042,1.04850758044525,0.891145693697222,0.480559012304505,0.983225928971225
1563,0.989981738769976,59,0.956896193094777,1.08117195352606,0.950405052501335,0.491147973707993,0.983225928971225
1564,1.46539961184117,58,1.43602796054178,1.60930557997799,1.36428847701484,0.686419132157598,0.98322714748414
1565,1.64452165784557,58,1.59887302160967,1.77139303201259,1.54365143130627,0.798809993951535,0.98322714748414
1566,1.11562620990487,58,1.08253195114867,1.21007680217914,1.09330714947291,0.557767374833169,0.98322714748414
1567,0.917031731710909,60,0.92973592920212,1.00773881471723,0.896431143762593,0.467389391435587,0.984033907681647
1568,1.09211575368958,61,1.13176441098224,1.1870380248059,1.05619176221306,0.542415298986145,0.984425818147252
1569,1.02537045325958,61,1.07748335997639,1.10955840712228,1.01623003305556,0.522443579313647,0.984425818147252
1570,1.11057148640288,61,1.20845596573312,1.21092507000884,1.10178185054032,0.568603866266699,0.984425818147252
1571,0.75176516709207,61,0.845819813374323,0.811454488588607,0.724144965456661,0.374756354628,0.984425818147252
1572,0.739589756725257,61,0.862499955562985,0.788456637896744,0.731535214682178,0.376374261326595,0.984425818147252
1573,0.494851018989252,62,0.608337006048492,0.540708925114629,0.487075398993628,0.267213907090347,0.984641045817776
1574,0.26328352702889,62,0.344807821246163,0.296649352401873,0.251737345758312,0.131124202809355,0.984641045817776
1575,0.847146013760753,62,1.09754062993936,0.915498292697851,0.791353026488451,0.409207973281973,0.984641045817776
1576,0.727600685204764,62,0.928007146898058,0.771030922575847,0.700762062392915,0.362699451154527,0.984641045817776
1577,1.10613177612031,63,1.46183292116236,1.18615394198282,1.03594414668008,0.542124785825562,0.98497407525486
1578,0.920930886398257,64,1.22469943035345,0.987599268594447,0.847456636980334,0.45157460202508,0.985303063804366
1579,0.500335318321835,64,0.662895355915117,0.537132478322183,0.457903802320524,0.232825516391951,0.985303063804366
1580,0.688353264474633,64,0.97781084734683,0.748992959724595,0.644701242284243,0.324971597696181,0.985303063804366
1581,0.977788580665923,64,1.38221958002978,1.05789390732933,0.912144825653441,0.474450570835017,0.985303063804366
1582,0.775261476154077,64,1.10715501108394,0.834082678919732,0.733293779446821,0.386981366984915,0.985303063804366
1583,0.443888505082166,64,0.642252998000397,0.483774747072054,0.418857979651439,0.21770591270898,0.985303063804366
1584,0.243936745925824,64,0.319350444559567,0.261254066401423,0.225893524933174,0.113322818077448,0.985303063804366
1585,0.00274672642627931,64,0.00413106262262217,0.00294261622201654,0,0,0.985303063804366
1586,1.0950107502636,64,1.54318035496771,1.16931507272347,1.02732791805813,0.534896832849493,0.985303063804366
1587,1.10733525418298,64,1.52056420289607,1.17634458051347,1.00672621309043,0.550906086013228,0.985303063804366
1588,1.19376674013479,65,1.60543060894576,1.27732120621871,1.11082219931065,0.598796426607509,0.985673072850393
1589,1.07206537817089,65,1.406387775441,1.16195131191115,1.05308237203944,0.559883688598845,0.985673072850393
1590,0.302419270117988,65,0.362272604821319,0.317519952643134,0.306241084173614,0.158900027539487,0.985673072850393
1591,0.503770959758189,65,0.654160262504088,0.551201355873703,0.495310491784054,0.258894552148004,0.985673072850393
1592,0.341010446997747,65,0.431024928619846,0.367009821479277,0.334064753151868,0.170969007724486,0.985673072850393
1593,0.624879098344325,66,0.731562450756235,0.68602887492374,0.616633153006661,0.321299857392612,0.985849311505887
1594,1.33801382560198,66,1.6063713425329,1.41852507977073,1.29056096484347,0.659115085314386,0.985849311505887
1595,1.06979262516847,67,1.2688948353039,1.1642529225872,1.06312919709635,0.545097843287448,0.986165731732271
1596,1.09286002383962,67,1.28685254483097,1.17875045508491,1.09492643151744,0.580701503118621,0.986165731732271
1597,0.80890189539122,67,0.923326552647141,0.8699661790942,0.803669583323924,0.427474787275944,0.986165731732271
1598,0.741534730551584,68,0.850876502447527,0.807705371632916,0.733112367097178,0.389942630425738,0.986384529088564
1599,1.32577327299375,68,1.50390812704812,1.44515373281175,1.33421242103106,0.703920746254328,0.986384529088564
1600,0.275780671501999,69,0.279610495265327,0.295263664566364,0.280062145395936,0.139665394397861,0.986641766121878
1601,0.34346031524186,69,0.344825950084363,0.365268225611277,0.324821084211085,0.162738870580258,0.986641766121878
1602,1.01053334505068,69,1.03398858968761,1.08427903017731,0.992456133413876,0.520136527098121,0.986641766121878
1603,0.921016426720854,69,0.95314917406707,1.00928533386683,0.916836491480485,0.487397751154641,0.986641766121878
1604,1.34467093271409,69,1.36050219604354,1.45074184218812,1.3138115686011,0.697110068058785,0.986641766121878
1605,1.30319234355298,71,1.2702004897886,1.37449169615066,1.29170506077007,0.687956686031992,0.987043856203636
1606,1.26665227643264,73,1.22363112489586,1.34460663165361,1.24634895921414,0.666519884407333,0.987502595525759
1607,0.973534909107387,74,0.918849169714116,1.01176995206773,0.95917384710912,0.498878077806871,0.987598801623437
1608,1.00742870503636,74,0.966670877461044,1.05950840618997,0.997649292069118,0.502087226216153,0.987598801623437
1609,1.33859892145536,74,1.29087331410497,1.42125462178468,1.32225696889232,0.689871143556519,0.987598801623437
1610,1.40512189474329,75,1.35261860720136,1.48935095657311,1.39774235299385,0.732224560968506,0.987773059385982
1611,1.24088942663875,75,1.23476771535144,1.31843640343078,1.21560581301481,0.646343461058833,0.987773059385982
1612,0.648328352071544,75,0.636938227792383,0.691406476503694,0.635319571492891,0.33814053238742,0.987773059385982
1613,0.438374623956164,75,0.426505128243313,0.466337484616489,0.427500102444278,0.228080638694554,0.987773059385982
1614,0.863610780892761,76,0.898370591819393,0.903252863136367,0.872777979135531,0.468175592766961,0.987893199254641
1615,0.835154885009957,76,0.867502312127337,0.894778515903926,0.851729085279341,0.448111129017406,0.987893199254641
1616,0.774088847247687,76,0.830874102080195,0.830502775611022,0.777237933576152,0.415192655678796,0.987893199254641
1617,1.03650630803985,76,1.1070846697957,1.09223074708801,1.0336503287076,0.548359496045286,0.987893199254641
1618,0.964510593745393,77,1.06722093449972,1.0068269701919,0.951579606317149,0.505854361493984,0.988041769077316
1619,0.738367057300109,79,0.823346971490972,0.787002178190714,0.761543152485095,0.407078963571457,0.988369506015826
1620,1.12017997060755,79,1.23086569190533,1.17352738125083,1.12229485265373,0.594314012688437,0.988369506015826
1621,1.55245353666012,78,1.75313713380819,1.61346251240595,1.55781145771441,0.83918298725656,0.988446228675876
1622,1.04989970548076,78,1.18500218587174,1.12450504721957,1.05686104665111,0.553509606337248,0.988446228675876
1623,0.356864137883619,78,0.365680427039347,0.357529060274976,0.367032267342225,0.187824145369467,0.988446228675876
1624,0.569694984412518,78,0.65543685799803,0.609852843682463,0.561594688824749,0.30068090300798,0.988446228675876
1625,0.980983533432979,79,1.14566667103446,1.03105748319253,0.947999239169799,0.512208049489306,0.988652952143618
1626,0.342619753009405,79,0.374708325469371,0.342482132252346,0.347889600941038,0.183597180737629,0.988652952143618
1627,1.20321452025535,79,1.34674007952315,1.24527350538475,1.15493187050679,0.639095313092781,0.988652952143618
1628,0.768217551227794,80,0.86507465732331,0.803476378438912,0.775022020299425,0.418681513722432,0.988766524451995
1629,1.02541008927487,80,1.16023167134794,1.07421151179176,0.988204156072449,0.542012217247415,0.988766524451995
1630,0.986333386675028,82,1.09401986367606,1.01884103128059,0.981707665051751,0.530853634403438,0.989098928081543
1631,0.921489055970128,82,0.971087416283878,0.972139351187358,0.91527865176719,0.499886089907887,0.989098928081543
1632,0.445098313222619,82,0.452936744260226,0.453070044124804,0.442187639429561,0.232137530528379,0.989098928081543
1633,1.06239812872157,82,1.10516484665077,1.09233193281654,1.05050049847305,0.563026128201863,0.989098928081543
1634,1.03684590889039,82,1.03776748086009,1.06223369442446,1.02935328323737,0.547407465684271,0.989098928081543
1635,1.28444227230073,83,1.2862032069562,1.32958074154253,1.28250334014143,0.684827436289689,0.989267429480773
1636,1.16457188205656,83,1.13674603196341,1.20372701132953,1.1678909474937,0.630266995319532,0.989267429480773
1637,0.564873826333653,83,0.533734703543382,0.587188262212591,0.570083378630828,0.307311921857346,0.989267429480773
1638,0.592642939933467,83,0.552468608263357,0.619611530606287,0.610622793475492,0.32364475087731,0.989267429480773
1639,0.995521735788001,83,0.932722519361365,1.03530269335026,0.981948609595796,0.531030348272,0.989267429480773
1640,1.29836742291211,84,1.18358569795765,1.34378832620526,1.26417224900021,0.685175669507341,0.989445432975624
1641,1.44268913749804,88,1.3112681357127,1.49783137572668,1.44807447427169,0.765778722897593,0.989787362157851
1642,1.42028451225182,88,1.28395736147135,1.48695987308275,1.45901328729089,0.794263333764018,0.989787362157851
1643,1.20262972595948,88,1.07466862511868,1.23833557654549,1.2269833365499,0.649707724330952,0.989787362157851
1644,1.23202350265358,88,1.09463202606817,1.24259134179533,1.24739905525462,0.658813389502643,0.989787362157851
1645,1.12629730157634,88,0.991074216729307,1.15023511599514,1.14820893871497,0.606795509250062,0.989787362157851
1646,0.932793303649485,88,0.828216390559007,0.941236681032692,0.945736729465069,0.502837214570735,0.989787362157851
1647,1.20366342985524,89,1.07947832559997,1.21968224192078,1.23068353934828,0.658392984049379,0.989824973447388
1648,0.603210721602009,89,0.531895150977223,0.608327159957156,0.635947077172086,0.328386539148755,0.989824973447388
1649,0.962480849510546,90,0.890528284578401,0.985880097778652,1.01616276569379,0.533920151514982,0.989980290627968
1650,1.3673147419055,91,1.30196717265449,1.39027818795695,1.42573048213752,0.766378888223502,0.990135802034596
1651,1.43281259178428,91,1.35749225331657,1.46841438981495,1.48049386255597,0.794795649159709,0.990135740032757
1652,1.1387070044592,91,1.11095385171419,1.181436496577,1.13703380976914,0.644346376800762,0.990135740032757
1653,1.07142706727282,91,1.07116687247884,1.10118645891879,1.1269414403316,0.604107014618562,0.990135740032757
1654,0.208953733238436,91,0.212831978358785,0.212647388933644,0.214869650000005,0.118342654316757,0.990135740032757
1655,0.986750728426492,91,1.05275983075095,1.02013055220602,1.00153607093602,0.558715190853459,0.990135740032757
1656,1.06925588355003,90,1.15964078670963,1.09866467176606,1.11168789498545,0.602826023526364,0.990135603337773
1657,0.791122185991572,90,0.878056643100057,0.821123524065417,0.830700239762075,0.44950516930208,0.990135603337773
1658,0.673255749271869,90,0.758677858584033,0.691845998134809,0.718892881193701,0.384490272437915,0.990135603337773
1659,0.908703260537966,90,1.06663992105591,0.939714913191588,0.930523983494548,0.496043151470905,0.990135603337773
1660,1.28452916473409,90,1.50931681802809,1.30198812794994,1.34135035745787,0.710308768319299,0.990236576859797
1661,1.26897969389199,90,1.56871968096206,1.28384222508333,1.27797385892422,0.690066156334085,0.990236576859797
1662,0.773486183390887,90,0.976473926155284,0.780020015275647,0.808965255365352,0.426668398129454,0.990236576859797
1663,0.798858977586587,90,1.04287695286391,0.812293212402385,0.84457859710221,0.449214022047893,0.990236576859797
1664,0.771724427084389,90,1.05704089849981,0.779790335629076,0.779482736368926,0.425591198960411,0.990236576859797
1665,0.843718665580371,90,1.16666677027642,0.856834016449475,0.852731008851743,0.466629567991709,0.990236576859797
1666,0.537466929591477,90,0.736678789449716,0.551941392826665,0.544543363562218,0.295788115147266,0.990236576859797
1667,0.280356869564447,92,0.376427258820827,0.284936948948064,0.304543616725687,0.160985368155427,0.990470341773836
1668,0.219147741993228,92,0.300848605253233,0.230942529210965,0.240209430405669,0.128415598808158,0.990470341773836
1669,0.468112575342798,92,0.686350915740378,0.482977452740551,0.494861384119021,0.266985253516317,0.990470341773836
1670,0.00262257634201386,93,0.00406633099995349,0.00270536052777535,0,0,0.990755730752154
1671,0.657721283677837,94,0.877761179151283,0.684143164235123,0.669802900210511,0.371818965628602,0.990884115897581
1672,0.958992652197261,95,1.22756822789807,0.988642795398204,0.976617938214348,0.534831280786901,0.991058637608683
1673,1.05432414204157,97,1.29005873840119,1.10168266845009,1.07617649555962,0.589053060924431,0.991272391601227
1674,1.05048137983486,101,1.19054045411275,1.09967887604408,1.08317243882431,0.576840316973125,0.99158016424083
1675,0.743455740082235,101,0.796201556216702,0.779901548061457,0.800779428611523,0.424550137962001,0.99158016424083
1676,0.585150095632475,101,0.575894737636425,0.606117081879461,0.623754897289382,0.333888784796889,0.99158016424083
1677,1.18762587910147,101,1.17034476391079,1.23066425342856,1.25796161851849,0.69123034838124,0.99158016424083
1678,1.12498253535787,101,1.05582526394457,1.15717040804189,1.18074942326903,0.643057033068218,0.99158016424083
1679,0.567098791080239,102,0.506124226893502,0.594116490806976,0.620116403670904,0.330347586161027,0.991645331373425
1680,1.52397324842901,103,1.34839498997488,1.58505809839625,1.59058313413384,0.858024612106525,0.991708692569507
1681,1.7528899851754,104,1.50403836195104,1.80960040322984,1.83160849682152,0.998823342367504,0.991765306549784
1682,1.58010226715845,104,1.32042222622867,1.63212169679164,1.6466194368425,0.896537697481401,0.991765306549784
1683,1.81940185594195,105,1.52171045143013,1.90038836387604,1.88142709860999,1.03517283249106,0.991856211735875
1684,1.17533765532259,108,0.96837097903904,1.22429497229832,1.23650559512292,0.662731635929121,0.992148705344287
1685,0.459281300173738,109,0.368651808334004,0.476459412176793,0.483109558530721,0.259453262403382,0.992218336540813
1686,0.702845510121024,109,0.577898127907844,0.736005974697699,0.730210152321618,0.398125302115323,0.992218336540813
1687,1.31756920353135,109,1.07757910213021,1.37301338823771,1.34359085424751,0.734298517652341,0.992218336540813
1688,0.99083360613767,109,0.831870249915647,1.03512161693968,1.06840526681106,0.585493893771703,0.992218336540813
1689,1.46259075814519,110,1.24768630535877,1.52042830668459,1.56245246342382,0.83867794968519,0.99225390203859
1690,1.33394925585744,111,1.10301629912436,1.3728362517403,1.40977814588989,0.76905775580679,0.992269700719863
1691,1.39486722941325,112,1.18146248574773,1.45810624986872,1.49138155181868,0.798639111383208,0.992268750491855
1692,1.34386068494314,112,1.14299642796523,1.40729495842412,1.4203450898324,0.781488858448642,0.992268750491855
1693,1.41040686449711,112,1.19706007931921,1.48096461513364,1.47922041856848,0.806423241885369,0.992268750491855
1694,0.69141581341842,113,0.578714805150566,0.705804424447331,0.722999891261158,0.397416293518838,0.992312743879354
1695,1.39504952831208,114,1.24862804559603,1.45776096695048,1.43685430393291,0.79102675068022,0.992384770606914
1696,0.947587815652119,115,0.866637363378896,0.990903084736525,0.997086759902493,0.549904378286501,0.992436033151659
1697,0.968247495960055,115,0.909580073013043,1.01425653607175,1.04782155292857,0.568346228221641,0.992436033151659
1698,1.19152275064002,115,1.15577314373826,1.2617603559029,1.24744832924635,0.692233357883768,0.992436033151659
1699,1.09196115958385,115,1.07293603030975,1.15091432128028,1.15277291861233,0.60227707624872,0.992436033151659
1700,0.564948400490163,113,0.555678342165782,0.592950745595668,0.6011188008211,0.331632952019007,0.992467321784018
1701,1.25115369972444,112,1.30141157755992,1.3224425370255,1.30596386870129,0.711087966807279,0.992493876489652
1702,0.78513830232626,112,0.819505435809408,0.829677599729783,0.849925741381102,0.454536262876854,0.992493876489652
1703,0.634452584187639,112,0.667208417330171,0.668578915556271,0.693557869006811,0.373617482875527,0.992493876489652
1704,0.59541820896461,112,0.638831732819948,0.633397865662698,0.62623107952143,0.341776324080222,0.992493876489652
1705,1.11957308673852,112,1.19675789713643,1.16941761731481,1.16290522866946,0.634887195145924,0.992493876489652
1706,1.16083777031243,112,1.23315268003178,1.21109039890032,1.2236193653582,0.657098005181627,0.992493876489652
1707,0.857917706905445,113,0.912682028078986,0.886073534201561,0.912614604224539,0.479633337864033,0.992609851332644
1708,0.838172117554127,113,0.90670765576478,0.886400773365742,0.902472249845537,0.489024319017913,0.992609851332644
1709,0.940396941432224,113,1.01282487807255,0.998992394879404,0.97987007883386,0.534772427622059,0.992609851332644
1710,1.10504103791449,114,1.15974466286416,1.15881036701898,1.15808764757009,0.641897852537209,0.992661969921885
1711,0.838209517541957,114,0.88996535373495,0.884639886410067,0.8874034806344,0.481350495678948,0.992661969921885
1712,0.892450383898848,114,0.928231437059847,0.936302922757314,0.971427191606231,0.529703632436133,0.992661969921885
1713,0.851741889858051,114,0.907403754769493,0.905496939321797,0.935687253082165,0.500097075559121,0.992661969921885
1714,0.861751464645459,115,0.876848661097899,0.901745303837318,0.945886147128032,0.508729387528823,0.992778351080794
1715,0.686454199443047,115,0.679677255483443,0.720359320420035,0.744996464502428,0.403831930953881,0.992778351080794
1716,0.739135852791674,115,0.716077349783958,0.775159882256099,0.81190242583462,0.445420502986712,0.992778351080794
1717,0.867078385732988,115,0.844637508504601,0.919619908507068,0.936039262491182,0.504565257608148,0.992778351080794
1718,1.32010353918549,116,1.29136659000815,1.40923419033233,1.42084478859331,0.767415495512966,0.992809035813509
1719,1.29314640910578,116,1.26948018487833,1.36204186136803,1.37094123034702,0.757643491391237,0.992809035813509
1720,1.69229879485485,117,1.6547049427028,1.79429159637243,1.7967214910332,0.990373670594054,0.992895964770492
1721,1.08672524099427,120,1.04392166313468,1.15570905376892,1.1679560190681,0.642850454524473,0.993145386795432
1722,0.845587175747588,122,0.812634165180304,0.912211538356874,0.931900413630932,0.502216345171569,0.993285542036556
1723,1.21407621628045,122,1.21725200946504,1.29044457378602,1.32628663262705,0.716773927477014,0.993285542036556
1724,1.03671408592307,122,1.05535470277257,1.08908944272422,1.13090384623944,0.611880672401683,0.993285542036556
1725,1.40646001334709,122,1.52064085701202,1.4984252906214,1.48338065432498,0.816902266602573,0.993285542036556
1726,1.49833712058317,122,1.70773117320745,1.59146443365672,1.55555263727277,0.854047199888389,0.993285542036556
1727,1.07990155052227,122,1.26116028827566,1.13863854679471,1.13873688024674,0.623026548732962,0.993285542036556
1728,0.0994674999803439,122,0.101872575059569,0.0989099705335416,0.0996237852672291,0.0472501278569333,0.993285542036556
1729,0.00279730035964639,122,0.00483127400241354,0.00310619187060237,0,0,0.993285542036556
1730,0.664175538774127,121,0.886252904878125,0.704237096566258,0.727718188684573,0.393498576792991,0.993244425019398
1731,0.691897272937848,121,0.968086390889537,0.733681453044717,0.759411113508856,0.410640946482286,0.993244425019398
1732,0.949763152909341,121,1.38061110072078,1.00518041716902,1.03426368456115,0.564799260293564,0.993244425019398
1733,0.344413999052908,121,0.480826073030466,0.351357823980927,0.386782981459318,0.213568931899899,0.993244425019398
1734,0.720205063411801,122,1.08665595898324,0.771268594860591,0.771030787471608,0.428089512081183,0.993287081908278
1735,0.00260690704420548,122,0.0042698695947634,0.00281583205493181,0,0,0.993287081908278
1736,0.604162922009096,122,0.877113855706052,0.637567048357794,0.638248035974726,0.351960455643777,0.993287081908278
1737,0.293012741758262,122,0.385252290358206,0.303644124410085,0.319925716462975,0.17661473025966,0.993287081908278
1738,0.628560001259283,122,0.857139411214316,0.676899842398796,0.667524478973231,0.377475021157344,0.993287081908278
1739,0.609193046625886,122,0.7864133169989,0.644953649602765,0.642870996317452,0.34893617468387,0.993287081908278
1740,0.488071546151298,124,0.585771763437764,0.515090831521536,0.53666878988308,0.295294101435079,0.993410939519045
1741,0.921733388050445,126,1.06526894193214,0.976869819473746,0.992980161793252,0.536201964672124,0.993477834406472
1742,0.763593683515929,126,0.81845126138485,0.795738688206014,0.800485156446359,0.440974710652437,0.993477834406472
1743,1.27324617512296,127,1.28781674138029,1.33577955584122,1.33087780935153,0.73063606482785,0.993564730912311
1744,1.05107057990918,127,1.02835098760981,1.11017810110571,1.10168673988733,0.606323154026263,0.993564730912311
1745,1.87520360791922,128,1.77344425350015,1.95291781064194,1.95549590573802,1.08472387366416,0.993610715948259
1746,1.67994656907556,128,1.55572607503643,1.74512105440039,1.77595554695848,0.985355575131505,0.993610715948259
1747,1.67714372566645,128,1.52884585881583,1.76173278490461,1.75124971848908,0.990897359897074,0.993610715948259
1748,0.794159718962194,129,0.716262892601256,0.830537487262174,0.817320501493938,0.457755591050392,0.993680081568847
1749,1.743138997661,130,1.55685922822174,1.83192536867429,1.88307248504635,1.03552080107001,0.993744724853118
1750,0.795774751858235,130,0.702825822628963,0.834398673907244,0.841709857747616,0.458936224651322,0.993744724853118
1751,0.993593044175296,130,0.860537716846405,1.03026483283332,1.04563660810697,0.567810802959895,0.993744724853118
1752,0.718776708842076,130,0.641209063006602,0.756053086072125,0.770188729425809,0.413434859781028,0.993744724853118
1753,0.689928653779624,131,0.620473795979287,0.728246151446404,0.738001309363654,0.405287691319935,0.993781059545645
1754,0.923725460750294,131,0.838245244345088,0.968975132293038,0.98562874772099,0.550438301536268,0.993781059545645
1755,0.81614293459352,131,0.735383035575533,0.851810076981298,0.848959317604853,0.481710291889187,0.993781059545645
1756,1.18683728599929,131,1.07773355978692,1.2353588989068,1.24067116183709,0.690570007060489,0.993781059545645
1757,1.00703236119052,131,0.894895523221957,1.0402038437035,1.03405331460103,0.58226395351578,0.993781059545645
1758,1.25776374631815,131,1.12535951056755,1.30461884423146,1.2817203304744,0.736101335345711,0.993781059545645
1759,1.29226190283401,131,1.1585751575052,1.33912816755138,1.36144520859553,0.755795877625286,0.993781059545645
1760,1.35823987512167,131,1.20889158852013,1.4243171810945,1.42044314483726,0.81979351066723,0.993781059545645
1761,1.04610173043405,131,0.937436769231528,1.10096240915621,1.09506818504626,0.622514394466687,0.993781059545645
1762,1.07132123427045,131,0.963818871860474,1.12885390375408,1.1383741946366,0.646492631954324,0.993781059545645
1763,0.737503444054481,131,0.670364311013437,0.77281854480152,0.780383982750246,0.439062130678789,0.993781059545645
1764,1.51380473960455,131,1.42596851573541,1.59769143956858,1.55453440698016,0.871940631006226,0.993781059545645
1765,0.526139846852699,131,0.487792466269317,0.554818063137483,0.564474798544331,0.314207183553391,0.993781059545645
1766,1.4303213112382,131,1.35909199607563,1.49100474755063,1.47655961128447,0.830174260000474,0.993781059545645
1767,1.10083294123163,131,1.06440583505301,1.13789842623932,1.1448539537035,0.665866382760965,0.993781059545645
1768,1.22345002130192,131,1.1727972895419,1.27977451577774,1.27849927293793,0.721740387333736,0.993781059545645
1769,0.942852925388369,131,0.936804470850911,0.995801507383174,0.980322850415975,0.545124314753745,0.993781059545645
1770,1.091250450389,131,1.1098498077828,1.16442665413784,1.13775237701426,0.657978263857258,0.993781059545645
1771,1.11763910039059,130,1.17032503561405,1.19189676191526,1.18081684164214,0.673187407036704,0.993785285935648
1772,1.04311780041716,130,1.13559066187065,1.097794730901,1.09230063304621,0.623361118793366,0.993785285935648
1773,0.405207752745128,130,0.426656053671554,0.420233366998712,0.453007194346629,0.256859099161102,0.993785285935648
1774,0.978329651728857,130,1.14277497152662,1.03585401807748,1.02962457560873,0.582831290555126,0.993785285935648
1775,1.11537944859627,130,1.33203842750042,1.17528783306516,1.15698028654094,0.653047777825398,0.993785285935648
1776,0.991310213124403,130,1.20671713632747,1.0432929438765,1.05163386097987,0.581620437200784,0.993785285935648
1777,0.90586276680455,130,1.13574093697889,0.955408674631896,0.951285696336001,0.545937821823536,0.993785285935648
1778,0.209048986100661,131,0.265898266835314,0.222285208409864,0.225568200946159,0.124745181932884,0.993853129342686
1779,0.535024729653571,131,0.706130451177973,0.576650072624237,0.550234820888256,0.311186836694937,0.993853129342686
1780,0.469870516951415,132,0.589033814770592,0.49925701623647,0.487415096402462,0.27894552543402,0.993920043869991
1781,0.721266532405187,132,0.938793599236207,0.772785857068822,0.75563790214525,0.426595500437077,0.993920043869991
1782,0.556552613484541,132,0.731583969622969,0.594459315915041,0.577255001899148,0.328287876461193,0.993920043869991
1783,0.527266278480424,132,0.659678765505798,0.563492202654569,0.549028004817824,0.3187743219175,0.993920043869991
1784,1.1725696163811,133,1.45845014555613,1.26428631829284,1.18919864604748,0.685499205570519,0.993971868248241
1785,0.455765450919051,133,0.538922107800665,0.47993621240343,0.480804802305462,0.269183190374476,0.993971868248241
1786,0.823756124272222,133,0.960276888850182,0.876725192548571,0.873621936275854,0.497714381521864,0.993971868248241
1787,1.30395892113621,133,1.45594869484424,1.38764869018753,1.31823247493068,0.764312768992139,0.993971868248241
1788,0.748131733519127,133,0.829683777825937,0.802511450996462,0.759122662939954,0.443433398180595,0.993971868248241
1789,0.92048018921921,133,0.960557169899987,0.983138630418013,0.952929370706816,0.553193887440687,0.993971868248241
1790,0.451107364001742,133,0.455674020938185,0.494365974185798,0.45323270775422,0.265545975143005,0.993971868248241
1791,1.29193112551882,134,1.30186658840739,1.35585555375109,1.29806470247783,0.766088739236494,0.994036429879475
1792,1.20169479491765,134,1.17546512127465,1.27400721496373,1.22521150619812,0.716820747589337,0.994036429879475
1793,1.49936454730104,134,1.44089007523245,1.59898151943106,1.51412864683197,0.89690105340305,0.994036429879475
1794,1.06024681136691,134,0.992601807555622,1.1341629755856,1.07905571286988,0.616447859232429,0.994036429879475
1795,1.31972627381388,134,1.26029230936048,1.40307078775501,1.3455889967358,0.797410040496315,0.994036429879475
1796,1.20423415125659,134,1.14734337400279,1.28134294377538,1.25599369768669,0.718728992246096,0.994036429879475
1797,0.882925186073589,134,0.856111592351342,0.954116956932406,0.922048262561329,0.523820019281305,0.994036429879475
1798,0.866628705048397,134,0.844561288369032,0.927730021805028,0.880969039724129,0.506977871673249,0.994036429879475
1799,1.27066948702107,134,1.25934808034506,1.3566204919038,1.28759407273245,0.745266493875383,0.994036429879475
1800,1.00130480147792,134,0.99173988043705,1.05491783692597,1.03171044322575,0.600274928367265,0.994036429879475
1801,0.760256992518482,134,0.758011293812022,0.812056113046383,0.776048372317537,0.456797333444886,0.994036429879475
1802,0.903169935977801,134,0.932906089556259,0.971356204018183,0.923954316473144,0.545599351401098,0.994036429879475
1803,0.837565322316418,134,0.859251783300873,0.903967818992442,0.872306811755869,0.499807591413031,0.994036429879475
1804,1.13436239843077,134,1.22493607784037,1.2113293256233,1.16619425481611,0.673576197313494,0.994036429879475
1805,0.45478590276637,134,0.487852288274254,0.480808012535175,0.475749650470297,0.274548067620058,0.994036429879475
1806,0.894811930459246,134,1.0119188783942,0.960862432634415,0.919721877673073,0.521758673680562,0.994036429879475
1807,1.16010481486363,134,1.35830384108611,1.23893723934674,1.16648250698967,0.677139159960835,0.994036429879475
1808,0.730544083828506,134,0.850033109585972,0.766597144342131,0.765065223074517,0.447572544911713,0.994036429879475
1809,1.00120817236097,134,1.24313941494119,1.05201214870843,0.995662680858903,0.573791926317162,0.994036429879475
1810,0.67552153664484,134,0.820459443776859,0.70528283265039,0.710489439478142,0.403055195949241,0.994036429879475
1811,1.05618017326573,134,1.39207872079712,1.12527839993124,1.07023112114405,0.630576158264488,0.994036429879475
1812,0.906094255254967,134,1.20546940838149,0.957959362167433,0.940118248835377,0.547374869974134,0.994036429879475
1813,0.00273121378995093,134,0.00470597383959849,0.00311517869554247,0,0,0.994036429879475
1814,0.840855897264779,134,1.22751621620935,0.914590370584502,0.864621757599891,0.506585757058284,0.994036429879475
1815,0.812038669208648,134,1.20380801316802,0.86970684274172,0.819504125957301,0.504101022127617,0.994036429879475
1816,1.30682683822983,134,2.07220737087558,1.40356501533995,1.31671113330018,0.777204838528757,0.994036429879475
1817,1.00186101091685,134,1.62204834445011,1.07811047968416,1.02578775828922,0.615189182120341,0.994036429879475
1818,0.196241655375649,134,0.311417106088645,0.203045637178445,0.191622734492235,0.11461057880331,0.994036429879475
1819,0.0132448184997638,134,0.0354325569913337,0.0168196995560958,0.0156558407475684,0.00940945991998001,0.994036429879475
1820,0.00264770378252669,133,0.00465559646218498,0.00287973254236569,0,0,0.9940511293792
1821,0.744299265285642,133,1.22013980786935,0.799918468170073,0.754826259339116,0.44985877884248,0.9940511293792
1822,0.00263590965442762,133,0.00462750860175285,0.00288406765484362,0,0,0.9940511293792
1823,0.319252743954505,133,0.449753467340405,0.344320686596026,0.331773564930526,0.194557756021531,0.9940511293792
1824,0.748109056784728,133,1.04555066138417,0.793808345312281,0.734793296333283,0.432975811522276,0.9940511293792
1825,0.979956093186825,133,1.29464812569442,1.03082600869594,0.990424459542981,0.593975716711503,0.9940511293792
1826,1.01203790859469,133,1.25657421117691,1.07288694409895,1.01132950881897,0.601187598051632,0.9940511293792
1827,0.827921373701765,133,0.962222252325494,0.872529803762288,0.80882004046507,0.482525957009241,0.9940511293792
1828,1.3580162291733,133,1.48634381204153,1.43678987854555,1.34868478389234,0.813828247372731,0.9940511293792
1829,0.258363609982642,133,0.259001259713342,0.2629823838324,0.26581716074124,0.148440587428671,0.9940511293792
1830,1.05403314993149,133,1.02567614311303,1.13484002288102,1.01208516397888,0.619182195492131,0.9940511293792
1831,1.17299439875798,133,1.09930949338714,1.26766272185618,1.17676274555143,0.71714658641001,0.9940511293792
1832,0.746014632283618,133,0.656195446603266,0.790945079261144,0.7547817360109,0.44681117188621,0.9940511293792
1833,1.54331001875424,133,1.32774670411706,1.63658310167305,1.55253669553395,0.934010869557194,0.9940511293792
1834,1.17779003140822,133,0.963900082766162,1.26427992551424,1.16491706326521,0.706137298645411,0.9940511293792
1835,1.39557077682398,133,1.12866972270584,1.50105102460089,1.39331302286515,0.835947139907296,0.9940511293792
1836,1.1364535427947,133,0.888905963332434,1.22671554285189,1.13401441983999,0.69080225452673,0.9940511293792
1837,1.54023659816,133,1.18286750706418,1.64648026488328,1.53545367058487,0.944931192703409,0.9940511293792
1838,1.97364017018982,133,1.48213550035815,2.11125136682386,1.96199648837755,1.19505406607006,0.9940511293792
1839,1.9356956428941,133,1.46115404645644,2.0803997701393,1.93323868678028,1.17159964029988,0.9940511293792
1840,1.71755098265563,133,1.29435280515683,1.84135685021235,1.69788547691816,1.02868698235459,0.9940511293792
1841,1.13890829979471,133,0.854914666246181,1.21838983899182,1.11776374117209,0.69008393480283,0.9940511293792
1842,0.949212659850375,133,0.71642847115719,1.01395737594304,0.907633688785283,0.558376415210127,0.9940511293792
1843,0.943424081090532,133,0.729166787076541,0.997226976795518,0.941746329766603,0.56916714442966,0.9940511293792
1844,1.50311933203455,133,1.18018969146518,1.58590372245744,1.46986290972247,0.890741374222578,0.9940511293792
1845,0.533828987518126,133,0.404890729218077,0.568297831405994,0.552014141551513,0.33637004827062,0.9940511293792
1846,1.35682669502103,133,1.09803462260911,1.41977437724107,1.32449170171481,0.797585659670807,0.9940511293792
1847,0.00284121964140821,133,0.00250896103391396,0.00317006455457802,0,0,0.9940511293792
1848,1.15037384715082,133,0.931593961684745,1.20559847943972,1.1326588347089,0.694727249951332,0.9940511293792
1849,1.96579162883199,133,1.6423597194846,2.10792459731523,1.95395019761826,1.20777876475779,0.9940511293792
1850,1.7262003060366,133,1.43135583934505,1.83706151383247,1.72318570895943,1.06840375984884,0.9940511293792
1851,0.793723311118122,133,0.659839784867196,0.850371951977643,0.774018853223186,0.470183703551936,0.9940511293792
1852,1.62902549858274,133,1.3740967540853,1.71897254000853,1.56490261202328,0.954556465582818,0.9940511293792
1853,1.26321322167128,133,1.07567599751047,1.33336226572293,1.23150597260832,0.754503246756105,0.9940511293792
1854,0.992428677465418,133,0.846090110256014,1.04857004227185,1.00585948719736,0.607262327682652,0.9940511293792
1855,1.28878611570018,133,1.14004022433695,1.33557286001548,1.28874650667441,0.796905383023341,0.9940511293792
1856,1.48893977999455,133,1.32039055898355,1.57938319977139,1.49412874756049,0.910976556866929,0.9940511293792
1857,0.852422146949294,133,0.740730016295334,0.899099969241032,0.845929687575006,0.519818593194645,0.9940511293792
1858,1.22919787422049,133,1.12603802232186,1.29900580307076,1.22019809743938,0.75305856225516,0.9940511293792
1859,0.834447102576642,133,0.760158205064491,0.879581235342496,0.842832822729078,0.511368861342725,0.9940511293792
1860,0.513548268473007,133,0.45063751263813,0.529526072779653,0.496425605953887,0.307365289791732,0.9940511293792
1861,0.00280524094349666,133,0.00309824935335234,0.00308624204052891,0,0,0.9940511293792
1862,1.54896542095198,133,1.46490603153129,1.6187493196492,1.49740908654193,0.933804906409945,0.9940511293792
1863,0.818010811016849,133,0.756252556692002,0.852070114817309,0.834615851156943,0.515860134344796,0.9940511293792
1864,0.246343135968037,133,0.212797488408708,0.257347451935039,0.250195262581621,0.152489496060186,0.9940511293792
1865,1.21717573668811,133,1.12960246765901,1.2867025450968,1.20259286423934,0.744664018494345,0.9940511293792
1866,1.76917961843704,133,1.65727137955208,1.86590885947676,1.77510670206637,1.10275886867609,0.9940511293792
1867,1.77753581606687,133,1.68095695873772,1.8680809793828,1.76961286225935,1.07956231897378,0.9940511293792
1868,1.96397295358392,133,1.86617878122658,2.0840622267233,1.95512882827888,1.22212541854979,0.9940511293792
1869,1.60964749621838,133,1.52190508415503,1.68692037455484,1.59257077691963,0.997085790181341,0.9940511293792
1870,1.05417890766376,133,1.02523617504011,1.11959960684526,1.03494349861361,0.651168984809848,0.9940511293792
1871,0.447597075822667,133,0.425471332617429,0.479449489246782,0.465065328330955,0.287177891976883,0.9940511293792
1872,0.476265017691193,133,0.466723013993679,0.500170584273854,0.49202581192294,0.301593837423345,0.9940511293792
1873,0.502331569211688,133,0.521956583859289,0.53032610295446,0.506953413875191,0.305566227741409,0.9940511293792
1874,1.15628129379069,133,1.26958907637545,1.20608104250838,1.15995525688538,0.724145478011334,0.9940511293792
1875,0.903437168979277,133,1.00665806962031,0.942046758383901,0.910190137126442,0.573033471647477,0.9940511293792
1876,0.684410813878225,133,0.761350137749276,0.724038842320183,0.692207479730567,0.427758898537464,0.9940511293792
1877,1.00308793461398,133,1.16275327111771,1.02313095828797,0.993229363941366,0.61237590518474,0.9940511293792
1878,1.08615815653205,133,1.27233594592095,1.14396726459608,1.06895508380889,0.663868338687003,0.9940511293792
1879,0.673839110467958,133,0.768575467842331,0.712512905676826,0.677376116223155,0.404871883372324,0.9940511293792
1880,0.545953451616059,133,0.647971322902195,0.576698936479797,0.532309439014606,0.334697016584363,0.9940511293792
1881,0.357967649696384,133,0.402498867458854,0.385140157855649,0.364285698559053,0.224749948157359,0.9940511293792
1882,0.535679050071106,133,0.628048445638426,0.563243783979704,0.538058120164663,0.332602741758928,0.9940511293792
1883,0.492385180705392,133,0.550084381611183,0.515917384468147,0.486432153247714,0.30209226034555,0.9940511293792
1884,1.09519725845403,133,1.24890934190655,1.12673752347304,1.08313581894936,0.649202419706421,0.9940511293792
1885,1.28085432501283,133,1.42264406142033,1.3311924184352,1.26226081537761,0.786683995278783,0.9940511293792
1886,1.0922560694678,133,1.18440968759154,1.1628244738333,1.07987298522048,0.651321024670335,0.9940511293792
1887,0.438181787052279,133,0.440282658413453,0.461243212214734,0.450041416803294,0.273545930264528,0.9940511293792
1888,1.29619512679858,133,1.37772816051959,1.3788215833354,1.26861538055542,0.797226377706035,0.9940511293792
1889,1.20832801284681,133,1.29272221049235,1.24601108908519,1.19111411826356,0.730865455095499,0.9940511293792
1890,1.56509439409498,133,1.65752826211619,1.62169652219682,1.53747766367247,0.958602004682631,0.9940511293792
1891,1.25758121908391,133,1.33584264597344,1.28806476495713,1.22061769143804,0.762064526477241,0.9940511293792
1892,1.34739799812919,133,1.46286486935827,1.38486106131349,1.29133149860163,0.812709153117972,0.9940511293792
1893,0.952976685992234,133,1.05263959511163,0.96777982568717,0.933675550784213,0.579670047908057,0.9940511293792
1894,0.436689158965667,133,0.465738378338911,0.459059426892465,0.4517513544155,0.281475395290141,0.9940511293792
1895,1.31412528323208,133,1.47057980472731,1.39558477779981,1.24562856281464,0.788968318852435,0.9940511293792
1896,0.177215669750926,133,0.205883785905628,0.198423602320363,0.160859758967844,0.104200902693269,0.9940511293792
1897,1.15847533621999,133,1.35043241450616,1.23141325347375,1.11686861806778,0.702717326237285,0.9940511293792
1898,1.04382970751559,133,1.23578656851492,1.10029039253946,1.01881067798751,0.632543012424616,0.9940511293792
1899,0.00286789869687377,133,0.00365352355317067,0.00306473452580681,0,0,0.9940511293792
1900,0.678132298045076,132,0.78183176533991,0.700999973220838,0.644382878419462,0.414918343706689,0.993995702508925
1901,0.680931892577559,132,0.774755008166618,0.712643707234587,0.642450568802908,0.39872284726289,0.993995702508925
1902,0.00283793783565563,132,0.00336891948376781,0.00309105797595705,0,0,0.993995702508925
1903,1.08017697649174,132,1.12816294847322,1.14552730444083,1.04134451996167,0.658961946494506,0.993995702508925
1904,0.256803866937788,132,0.234855324547296,0.253366994773021,0.268282384212624,0.160019854167021,0.993995702508925
1905,1.29458333126491,132,1.21958483521785,1.37135940728154,1.21681624240701,0.787971919537139,0.993995702508925
1906,1.5052347630601,132,1.36152868495456,1.58817480347995,1.41690366612426,0.920725665170343,0.993995702508925
1907,1.59025648045975,132,1.37602522121939,1.72282518868753,1.51718805822345,0.970710506839579,0.993995702508925
1908,1.19196021385899,132,0.978221502028436,1.27407252019585,1.12853442808949,0.72775988200869,0.993995702508925
1909,1.36048628323494,132,1.06266478368381,1.45538751872166,1.3004105897528,0.807752428045451,0.993995702508925
1910,1.26035191052575,132,0.942847735648016,1.36887846444386,1.19515285136775,0.776086399650932,0.993995702508925
1911,1.52419272842102,132,1.14348730991199,1.60159005721447,1.44857670963279,0.938550710352028,0.993995702508925
1912,1.25351830068955,132,0.902175950480928,1.33416944719063,1.18366436184336,0.759500965035628,0.993995702508925
1913,1.3430240012907,132,0.965243780763539,1.44258865777487,1.26536555316133,0.813816277580607,0.993995702508925
1914,1.49362078517458,132,1.03504612918597,1.60435174419483,1.40945518815667,0.891545859169659,0.993995702508925
1915,1.68279126787947,132,1.16362087521796,1.81311707743597,1.57341744472015,1.02692928085384,0.993995702508925
1916,1.95356981326761,132,1.34115885003186,2.124563476011,1.82080833781848,1.20173627920901,0.993995702508925
1917,1.58595526031588,132,1.08009968740978,1.72013650729644,1.50268189674555,0.976759588554438,0.993995702508925
1918,1.055736681836,132,0.724120463838895,1.09078475609929,1.04004116798395,0.674452045797563,0.993995702508925
1919,1.556382379222,132,1.05996724580759,1.652422879832,1.43736479713189,0.920767788980143,0.993995702508925
1920,1.81744961909003,132,1.27659156756921,1.89607676046227,1.72673676619015,1.12073565155401,0.993995702508925
1921,1.10440102431352,132,0.778152126681746,1.15937400129618,1.08162128286498,0.692787491196668,0.993995702508925
1922,1.26439134663435,132,0.913303718736725,1.34554922640296,1.20357126153689,0.782837359313338,0.993995702508925
1923,1.42774885189219,132,1.03939971636004,1.53110004186333,1.39083251995063,0.885583006927062,0.993995702508925
1924,1.44578033810664,132,1.07842966013434,1.54277604172358,1.40545789284303,0.900378618374164,0.993995702508925
1925,1.26589014112371,132,0.969288435502822,1.34556737921032,1.21367192608616,0.776196774494538,0.993995702508925
1926,1.30962211821545,132,1.04015370503071,1.39726432268251,1.25766068966926,0.794230344778555,0.993995702508925
1927,1.66868460171692,132,1.33474193792443,1.76837517392745,1.5737084486425,1.03735502137442,0.993995702508925
1928,0.904098369120963,132,0.733810765638899,0.977559587659162,0.888891574269212,0.568874550117083,0.993995702508925
1929,0.758925325342891,132,0.625461339580194,0.809244154536239,0.737056741570622,0.453734846700067,0.993995702508925
1930,0.77789507779927,132,0.650949904337162,0.835351848190954,0.752502546693554,0.483892986682973,0.993995702508925
1931,0.82840036635131,132,0.704641647156864,0.875448429354183,0.789274646281434,0.502020917394456,0.993995702508925
1932,1.49111611376975,132,1.29541217738062,1.5990242669607,1.41380879932881,0.923673925086848,0.993995702508925
1933,1.23699517136204,132,1.07967157420631,1.32124113925998,1.20633783229852,0.773428876850897,0.993995702508925
1934,1.01242344009947,132,0.884796806459485,1.07411080287423,0.989918088479758,0.624752543231118,0.993995702508925
1935,1.08008111038877,132,0.93293558265306,1.17066467762068,1.02937250084596,0.682676911517867,0.993995702508925
1936,0.621355512424524,132,0.549534625257458,0.647589705148705,0.59085784684606,0.383014133645484,0.993995702508925
1937,1.57836166718358,132,1.41455904132661,1.67691578473785,1.50331722830536,0.978919206946111,0.993995702508925
1938,1.30028695408837,132,1.14606491317691,1.36342286666388,1.26670824351497,0.832183708467883,0.993995702508925
1939,0.899232497345104,132,0.794649131191287,0.951621130871302,0.892146148948441,0.559923965633021,0.993995702508925
1940,0.764535358301229,131,0.673520438396224,0.793781190625108,0.757682353699456,0.489324337012032,0.993966193243822
1941,1.6668855937122,131,1.46949991447534,1.78594915090367,1.59259662430487,1.03653669398865,0.993966193243822
1942,1.33633466678719,131,1.21981868479012,1.46500535181649,1.30896675523254,0.851521616713854,0.993966193243822
1943,1.33005311669788,131,1.22137160030289,1.39890626327967,1.2923617753802,0.857423806909729,0.993966193243822
1944,1.24651774174699,131,1.15603840670193,1.31509319617241,1.20614532652518,0.776802927220015,0.993966193243822
1945,1.26283366593408,131,1.19838073237801,1.35325746238208,1.21433878381887,0.796392120250093,0.993966193243822
1946,0.743016204231819,131,0.711767718565623,0.786188786214076,0.731118043794421,0.465950344793359,0.993966193243822
1947,0.511478057785857,131,0.480329272592072,0.555314871291576,0.511454829473669,0.318198358280488,0.993966193243822
1948,1.10636299757637,131,1.13739301917544,1.20099596597365,1.06793253697853,0.696220756173132,0.993966193243822
1949,1.47331329807397,131,1.54086425914386,1.61502896364951,1.39884599292924,0.880331394198482,0.993966193243822
1950,1.04956242744375,131,1.08592613496869,1.14445508843386,1.00876320654201,0.637940528015063,0.993966193243822
1951,0.454530800850241,131,0.470674388072979,0.478287253318468,0.459982956021303,0.287372373971715,0.993966193243822
1952,1.44799646415336,131,1.64635386070093,1.55923317228018,1.36574907950924,0.898078136886229,0.993966193243822
1953,0.529242698562668,131,0.605511260869249,0.576786967640823,0.506897601760962,0.323334268865398,0.993966193243822
1954,0.552467846438061,131,0.629041464945152,0.588060332113909,0.541716433129534,0.347277029878968,0.993966193243822
1955,1.14024235648259,131,1.38284851031724,1.21977136590695,1.1014058735719,0.718663283059884,0.993966193243822
1956,0.234593020032603,131,0.266746910460521,0.254525938609624,0.249180602629689,0.154623765869245,0.993966193243822
1957,1.13476651000163,131,1.40399664615307,1.25054798141755,1.06186786978215,0.695968623914819,0.993966193243822
1958,0.840251485686373,131,1.02512513918388,0.928211964834187,0.802238350251192,0.528115487995496,0.993966193243822
1959,0.21577871832609,131,0.275819955267431,0.222980637891699,0.213425926739784,0.142786930761498,0.993966193243822
1960,0.962993741405977,131,1.18803432045732,1.09957737934217,0.899891546383212,0.593578917067996,0.993966193243822
1961,0.748922247720582,131,0.918036367072902,0.825328245024593,0.699353760070761,0.46139358257168,0.993966193243822
1962,0.923023792932114,131,1.10743242236445,1.01915979862994,0.879935739341356,0.556952698295478,0.993966193243822
1963,0.853756339242979,131,1.01653064858664,0.932602192756879,0.837419271993463,0.537962719594177,0.993966193243822
1964,0.689742670379197,131,0.786700487396882,0.771169817078471,0.689808416884417,0.442415912562682,0.993966193243822
1965,1.35097986369172,131,1.52486640899194,1.50098239125854,1.29540636087138,0.878653286133184,0.993966193243822
1966,1.04492560022643,130,1.1599345221381,1.19930359637138,1.01050752099287,0.651139842151092,0.993907864585345
1967,0.735237599259331,128,0.799547220797356,0.819653046918197,0.727204102606044,0.462936350552827,0.993818864434859
1968,0.797004356204669,87,0.893391122830005,0.887264065786658,0.784759263304276,0.51528210362749,0.992211054700159
1969,1.01108146953449,87,1.10156763137633,1.13307404098534,0.980912755549485,0.635758252133051,0.992211054700159
1970,0.762089312165388,87,0.789606136614392,0.855761319463368,0.749612698192528,0.486225200485335,0.992211054700159
1971,0.923878563546167,87,0.945005776783031,1.04111876153284,0.904672758435153,0.590193742129215,0.992211054700159
1972,0.745574917965402,55,0.685172893288175,0.829108326536001,0.746386800352141,0.473218147693758,0.989912072950972
1973,1.43902073455057,55,1.29378445412869,1.60245668027721,1.35634314039208,0.933965734950431,0.989912072950972
1974,1.29207632322712,55,1.08793805502788,1.45234011319375,1.23395619607658,0.824794932496773,0.989912072950972
1975,1.36793718620344,55,1.11614234997505,1.48715375020955,1.31960221149054,0.867264562666817,0.989912072950972
1976,1.21317560578811,55,0.941655427654007,1.33983059617328,1.1803395449905,0.780184284523202,0.989912072950972
1977,0.488134019237396,55,0.335476234577353,0.552004222816735,0.49631620015394,0.316056913357757,0.989912072950972
1978,1.43242629282393,55,1.02135159706426,1.59183629049696,1.36087020734113,0.929850793645367,0.989912072950972
1979,1.97379115589633,55,1.3379241797122,2.21863976658219,1.82074095531814,1.22901753792728,0.989912072950972
1980,1.90389851657968,55,1.22224926973953,2.13232033498497,1.76970210777204,1.19882316449876,0.989912072950972
1981,1.83356957171837,28,1.00073898495219,2.14286160163566,1.91160083896099,1.27366171958482,0.981722428193629
1982,2.02465612434871,28,1.07284843241243,2.25535396296594,2.02452551760134,1.42088192994009,0.981722428193629
1983,1.70510278161525,21,0.890421815257235,1.97418212769644,1.65685553254564,1.15750447529442,0.977106304903059
