"year","ModNegExp","samp.depth","Spline","AgeDepSpline","RCS","SFRCS","EPS"
-42,0.13962836349479,1,2.9169852302841,1.4219532372381,0.233586731167934,0.169104458486942,NA
-41,0.118365241016353,1,1.94663628582972,0.850114771273332,0.205607476635514,0.149391931595083,NA
-40,0.129364595368573,1,1.74849526383251,0.717108592148379,0.229411764705882,0.172690056179874,NA
-39,0.129604358733742,1,1.47780852127684,0.584748132229859,0.213114754098361,0.16742899739078,NA
-38,0.183947101042233,1,1.79737294519354,0.699661308395823,0.319364161849711,0.245428832574269,NA
-37,0.119246014834609,1,1.00708170729277,0.392086410623398,0.188529993408042,0.158427653857234,NA
-36,0.0543037546466933,1,0.397787305803286,0.15729479109568,0.0907821229050279,0.0768745617380301,NA
-35,0.0652861830434868,1,0.415076006546564,0.169074206996408,0.103448275862069,0.0851123320420797,NA
-34,0.152619403444517,1,0.842181321334648,0.357623570241086,0.238532110091743,0.223428701196654,NA
-33,0.152905448012616,1,0.732821129040976,0.327411141126936,0.22979797979798,0.214280924863217,NA
-32,0.186019545428361,1,0.775564792545802,0.367035160214927,0.302739726027397,0.249851327250886,NA
-31,0.427553562260349,1,1.55487718234551,0.782939663983855,0.646271510516252,0.612127561162182,NA
-30,0.120819326154977,1,0.384582610409691,0.206618105124325,0.179197994987469,0.147516180334487,NA
-29,0.242094960751531,1,0.676923822584671,0.388770150326069,0.368082368082368,0.284957836733649,NA
-28,0.253578132006064,1,0.625446863871666,0.384246828858827,0.356589147286822,0.355713792294217,NA
-27,0.397657255696065,1,0.869588403833055,0.571077928711782,0.651810584958217,0.583214307019081,NA
-26,0.586551687214154,1,1.14401676312635,0.801480546947994,0.894805194805195,0.755959545403398,NA
-25,0.510051260704219,1,0.893130075555028,0.66551253619993,0.857962697274032,0.745203477785472,NA
-24,0.699880172842123,1,1.10767267768221,0.874867995475105,1.05134788189987,0.842530078604409,NA
-23,0.845912531795725,1,1.21817101838566,1.01607181070569,1.4134477825465,1.10248072548395,NA
-22,1.13747627844985,1,1.50004653805869,1.31650510503095,1.69240587109126,1.4545515860431,NA
-21,0.837983255274992,1,1.01777733709355,0.93693049058817,1.44017725258493,1.00484137860511,NA
-20,0.582117851712078,1,0.654092530001859,0.630238237633813,1.03363914373089,0.73820934067181,NA
-19,0.908505776506549,1,0.947760750001371,0.954555211082681,1.43362831858407,1.15401339293852,NA
-18,0.741691528183689,1,0.720622585738665,0.757824773381029,1.37610264635124,0.999991444926827,NA
-17,0.5791412696858,2,0.709956874892356,0.595549447017567,1.22533735860037,0.950031061170464,0.681828533346469
-16,0.814868147546345,2,0.942417172601117,0.825857880969703,1.9956997878562,1.38271851255203,0.681828533346469
-15,0.763058641964076,2,0.92121265351459,0.778972031503683,2.04800778762796,1.52978661685807,0.681828533346469
-14,1.16596483430517,2,1.22511203329826,1.15853602884341,2.75277229960146,2.20123090866702,0.681828533346469
-13,0.829113480110605,2,0.746762611452385,0.795766049961995,1.940547515576,1.47664615186105,0.681828533346469
-12,1.17931135224715,2,1.02599120606068,1.12371652859904,2.59212104090153,2.11763043294384,0.681828533346469
-11,1.09289259622187,3,1.1671746142051,1.09479920098728,3.47623898314896,2.9807623586299,0.652052343512602
-10,1.10397944510139,3,1.09347692790481,1.12035870215471,3.36406215676987,2.96155928462839,0.652052343512602
-9,0.665397362843321,3,0.714154369165552,0.724123804430563,2.52954481315205,2.21673907152401,0.652052343512602
-8,1.12431713117892,3,1.09213915700318,1.05513217538002,3.91667021371816,3.24934160146672,0.652052343512602
-7,0.781478984837616,3,0.851029056244346,0.918073885668618,2.86602901168397,2.21964809361565,0.652052343512602
-6,1.34239877668657,3,1.19887090086127,1.44337829456191,4.80319394002924,4.2135779952737,0.652052343512602
-5,1.21044051528834,3,1.07985976882597,1.22473733580769,4.17782695930953,3.47395017696272,0.652052343512602
-4,1.46948636622956,3,1.06843257620767,1.3797351494501,4.43158985200122,3.49616442914891,0.652052343512602
-3,1.6524933229641,3,1.18655195808029,1.52715168396214,4.66347259714939,4.31477015040766,0.652052343512602
-2,1.58436399840144,3,1.19139834993934,1.45641419207861,4.63428171495967,4.65520315156604,0.652052343512602
-1,1.66339239423113,3,1.18237133886647,1.58786179183011,4.97096101209962,4.41017080074447,0.652052343512602
0,1.699217973787,3,1.1982289800469,1.59060640567619,5.1955875298219,4.49838604500001,0.652052343512602
1,1.61032507477127,3,1.15189313227847,1.45923042501972,4.60397366514589,3.61924091626345,0.652052343512602
2,1.36956934145192,3,0.986455395582676,1.21833849428806,4.00000985225948,3.07917390756955,0.652052343512602
3,1.46858240739306,3,1.093285421101,1.33118079240436,4.01885656838073,3.52697199875854,0.652052343512602
4,0.95022694875138,3,0.815422218370736,0.910894600708671,3.39751330041662,2.46862334620842,0.652052343512602
5,0.88266447808816,3,0.633428107996053,0.789734113913536,2.68099026464761,2.04950484601619,0.652052343512602
6,1.16829007922726,3,0.936221489783764,1.05541717027643,4.31869176781975,3.61087574868262,0.652052343512602
7,1.15632087704876,3,0.973002011955888,0.966528792225065,3.35051090116438,2.60489121249636,0.652052343512602
8,1.10704288561532,3,0.931025141734608,0.97757139885014,3.87730304975522,3.06419238141221,0.652052343512602
9,0.958380857469074,3,0.840294001594693,0.863939106770391,3.69238606526935,2.24882179063452,0.652052343512602
10,1.02674158228384,3,0.921682737982134,0.922763240858357,3.84348551188136,2.86411990371688,0.652052343512602
11,1.1487871725869,3,1.07384313759891,1.11371303367939,3.65846958128043,3.1604035392781,0.652052343512602
12,0.877989316891883,3,0.813682515284562,0.866122449405271,2.93567310448318,2.2018539796768,0.652052343512602
13,1.25574147070707,3,1.20700632330805,1.10744719453487,4.2813642241273,3.04388801996192,0.652052343512602
14,1.41103760529109,3,1.3659237108584,1.14261170121982,3.70436856083219,2.94119672629583,0.652052343512602
15,0.912750059610207,3,0.926370155424837,0.792295390525515,2.1573132330322,1.53956659613384,0.652052343512602
16,0.867193595627638,3,0.853436536714646,0.760215106802989,2.1621271567287,1.56418768291816,0.652052343512602
17,0.793282064334123,3,0.782875912111021,0.735398593152197,2.20504975990363,1.8249267055537,0.652052343512602
18,0.825952012871168,3,0.862058175578567,0.676773109217907,2.15667664434151,1.60887648321337,0.652052343512602
19,0.806769873050095,3,0.799912452226865,0.620084724832989,2.04755286847404,1.59884891028107,0.652052343512602
20,0.55162225056414,3,0.572468020907278,0.496835359357679,1.47070729925221,1.31517113717515,0.652052343512602
21,0.777602351419867,3,0.776370204600953,0.685867918687797,2.05394689296023,1.43739145435396,0.652052343512602
22,0.643295777422944,3,0.656870985949082,0.591097507232688,1.87501051384856,1.14691786519318,0.652052343512602
23,0.738612512743308,3,0.74282695565473,0.673576416454657,1.94471946194977,1.40325468541288,0.652052343512602
24,0.911017892294431,3,0.867107881423893,0.878147912093996,2.1593507122934,1.65101699544122,0.652052343512602
25,1.25213574946881,3,1.10030123177886,1.0637203747472,2.6300889447691,1.96974641581952,0.652052343512602
26,1.41647901521093,4,1.20384038503029,1.20613671238376,2.88332535271984,2.06284148388378,0.673985104050416
27,1.54259980651432,4,1.26577443987242,1.32966093004427,3.14298813420224,2.25979241225576,0.673985104050416
28,1.56345356737861,4,1.21357069121782,1.30774667397366,3.04009207504865,2.3387763360363,0.673985104050416
29,1.24192834342229,4,0.924312490714401,1.03859786778547,2.53770613768159,1.94189748614381,0.673985104050416
30,1.55054489849951,4,1.29972643848923,1.40444439760346,2.74244065411667,2.16290557604553,0.673985104050416
31,1.29841870998703,4,1.07169272341476,1.17790130665574,2.33611067264849,1.84053894510451,0.673985104050416
32,1.17273669217149,4,0.958184341550324,1.02440997919002,2.35573598890538,1.68333775713336,0.673985104050416
33,1.14449662686658,4,0.961704336469998,0.999210152980241,2.34390195814977,1.5459217362079,0.673985104050416
34,1.43234698605658,4,1.21782632543978,1.26592713105473,2.65048785447099,1.97659721519459,0.673985104050416
35,1.13114203417541,4,0.947573018071519,1.00090155654534,2.2547840550607,1.67673732197272,0.673985104050416
36,1.17415325198466,4,1.00579877396812,1.04518180897362,2.33918788419697,1.59515934559042,0.673985104050416
37,0.90790783750218,4,0.871197213479299,0.911975793636395,2.10885420632346,1.46570310927705,0.673985104050416
38,1.03259275819986,4,1.03556026263403,1.05480513205994,2.41245366299563,1.69628873288684,0.673985104050416
39,0.945186694836207,4,0.909619631056043,0.896772771800315,1.94418664168927,1.35668331519996,0.673985104050416
40,1.11861413201207,4,1.07025427152016,1.02109223175594,2.11288120638168,1.6123218106118,0.673985104050416
41,1.01882405723791,4,1.01515838825085,0.938694107902824,1.98857580654353,1.45799863395125,0.673985104050416
42,0.701203315193932,4,0.707407242064875,0.64358135206816,1.32766551944972,0.921045506821263,0.673985104050416
43,0.721405360767759,4,0.774426310546566,0.683719767485101,1.30787538426961,0.908496936807593,0.673985104050416
44,0.626187079230734,4,0.675498510652265,0.562161110045493,1.05226008025507,0.732946867137923,0.673985104050416
45,0.90616277141978,4,0.914776911192907,0.840366334169796,1.981999778817,1.1835549363414,0.673985104050416
46,0.557805117117718,4,0.809373435112623,0.515077917873699,1.30775048200781,0.884015637597782,0.673985104050416
47,0.733464153768749,4,0.877449923726043,0.611655108091429,1.5513743307222,0.978914412257648,0.673985104050416
48,0.584618635394373,4,0.633853946835749,0.547457382901121,1.23480603956214,0.743314274764415,0.673985104050416
49,1.13348916853705,4,1.19384646098995,1.20528878009999,2.13448512795874,1.50695757358047,0.673985104050416
50,0.85780936379471,4,1.35042002099954,0.96228413369644,1.97599021643739,1.32840846860296,0.673985104050416
51,0.698603408869396,4,1.08420691693093,0.726228104843604,1.62808114615266,1.10067683079659,0.673985104050416
52,0.621315364042289,4,0.94785139921558,0.63870571424568,1.50082523167238,0.95456609619142,0.673985104050416
53,0.822869709125064,4,0.981236724060033,0.818564374902305,1.65836490503847,1.0986425141206,0.673985104050416
54,1.04136143867254,4,1.50507177735583,1.21394150984226,2.24580584526663,1.63946275332406,0.673985104050416
55,0.803878103746391,4,0.977070870855552,0.829408061445278,1.56635565243301,1.07454357327149,0.673985104050416
56,0.802858783331158,4,0.927997840402535,0.78610364171001,1.39542411877425,0.884943883651884,0.673985104050416
57,0.85771236563618,4,1.0515428996085,0.846144864565407,1.47619421184026,1.05164500137994,0.673985104050416
58,0.919598106253178,5,1.08100724449028,0.930040708958375,1.41485211657121,0.929235119746977,0.620214975463432
59,0.850989624526343,5,0.9415675659371,0.869771030548806,1.38619345490663,0.860728097408986,0.620214975463432
60,0.811891271865395,5,0.978280112761613,0.835593582408878,1.23761279411738,0.865812819180024,0.620214975463432
61,0.950834594055314,5,1.13690914238807,0.963259830442668,1.35645967043667,0.903945669741822,0.620214975463432
62,0.881459414883976,5,1.00920046091129,0.9789850509062,1.18768615111489,0.800654709370662,0.620214975463432
63,1.05842723845218,5,1.04066011792534,0.93844651500093,1.24777589589907,0.855890880355696,0.620214975463432
64,0.743656048392738,5,0.824232995128062,0.760701159867588,0.968054149540342,0.653907786960313,0.620214975463432
65,0.661793528411772,5,0.646821696633689,0.69068110457924,0.861046165691923,0.612588918198797,0.620214975463432
66,0.796206812679408,5,0.766907791975348,0.805609190058451,1.06690142082851,0.775769463379443,0.620214975463432
67,0.835145506675847,5,0.957841644919603,0.878206316054696,1.14166052100487,0.80394954972559,0.620214975463432
68,1.0410110687558,6,1.05987816009489,1.02286008352973,1.15635352906785,0.806325519985201,0.697058213936131
69,0.761919820543457,6,0.767953392769744,0.732655476350027,0.929591496883002,0.605874691312656,0.697058213936131
70,0.87234513357132,6,0.956368695200401,0.875726903748182,1.07116349850898,0.766660213557692,0.697058213936131
71,0.987358346802718,6,0.928424809490241,0.906449987767607,0.905930258731864,0.764920273726519,0.697058213936131
72,1.01408250236733,6,0.969861061704811,0.936367018309246,1.2074358304732,0.854562605338016,0.697058213936131
73,1.17998221536397,6,1.04246971471214,1.13435297488084,1.30881252787532,0.927757800111723,0.697058213936131
74,1.0196746889785,6,0.926759499139228,0.985898484750482,1.19349344443425,0.827169765701335,0.697058213936131
75,0.910440343374477,6,0.809027589925262,0.869394789798755,1.08468251928513,0.773015580542774,0.697058213936131
76,1.34470137056322,6,1.15283584093734,1.28893848577329,1.48186737490693,1.0517918633056,0.697058213936131
77,1.51271742423319,6,1.27251291655837,1.46407530889574,1.37973815518607,0.932501294731236,0.697058213936131
78,1.39623494623937,6,1.13976811047349,1.33857709506648,0.999799214120785,0.895460097993465,0.697058213936131
79,1.34330044459122,6,1.15023665118628,1.33195088979959,1.58907010231148,1.10209157973182,0.697058213936131
80,1.32664910291378,6,1.17654661783226,1.34902178606887,1.62348462494335,1.10637618713197,0.697058213936131
81,1.39157629349118,6,1.17105256235808,1.36117733209561,1.49459001415304,0.996726589360286,0.697058213936131
82,1.38408545702834,6,1.16774453099609,1.37118355678927,1.50220341384753,1.12652384974116,0.697058213936131
83,1.22151131416059,6,1.054355310711,1.20620988174266,1.33269950186201,0.991402892347292,0.697058213936131
84,1.13915226812935,6,0.979029620565613,1.10923534528047,0.99520768812183,0.789458854826245,0.697058213936131
85,0.829536454072548,6,0.709832129722215,0.843850916415541,0.921195054194226,0.639854580152942,0.697058213936131
86,0.860549099222196,6,0.777717342137146,0.76040443040197,0.978901113615135,0.65056957253064,0.697058213936131
87,0.77123523404232,6,0.737449339691918,0.832863668428293,0.855808605343289,0.571302253180146,0.697058213936131
88,0.973540378131011,6,0.918506709723211,1.02165449787908,1.06406888753489,0.719426529221399,0.697058213936131
89,1.14733416846062,6,1.14602793269819,1.20760953837227,1.21445637148906,0.800497499319862,0.697058213936131
90,0.85666922969106,7,0.863361131536044,0.915745552880311,0.995548051935057,0.647052072996252,0.775913030583991
91,0.888385539373308,7,0.910305524294,0.93926149265369,0.937296707749619,0.626616238786849,0.775913030583991
92,1.00300047680589,7,0.983695116827118,1.06295245750109,0.788670721964833,0.581596746615873,0.775913030583991
93,0.866953101241036,7,0.875608470669453,0.830173014913384,0.86894692197957,0.649564150476234,0.775913030583991
94,0.92600114106984,7,0.881373522367818,0.975194112787649,0.964363260320743,0.628898069156513,0.775913030583991
95,0.811774244932859,7,0.821962299081165,0.940215736168121,0.592890928205257,0.595389675940013,0.775913030583991
96,1.19234434870862,7,1.20406282324531,1.23054157246166,1.3187469932583,0.964916729979729,0.775913030583991
97,1.33054234664317,7,1.27280254116265,1.36640595370742,1.31806208097064,0.965826584580023,0.775913030583991
98,1.2658836767142,7,1.21659584973111,1.29793164473444,1.30783484698708,0.955332693536281,0.775913030583991
99,1.47721924838187,7,1.35812907805885,1.54943744007935,1.50221705946334,0.985305062658085,0.775913030583991
100,0.862714365898951,7,0.806880598943733,0.817962866328796,0.925983739313475,0.604792841398479,0.775913030583991
101,0.950631015807515,7,1.04598896385544,1.01879268596034,1.08852909262836,0.738554483214748,0.775913030583991
102,1.15448869008654,7,1.06838818284466,1.3123924186469,1.17437889307435,0.786048372281367,0.775913030583991
103,0.858377932034514,7,0.967138576514482,0.974255992391527,0.947829306184236,0.671979489642044,0.775913030583991
104,0.910908793338626,7,1.01204315673182,0.978332885849767,0.948385450885133,0.714223824862294,0.775913030583991
105,0.917785725865225,7,0.853648819937944,0.955108171270771,0.802867396287051,0.58702430935467,0.775913030583991
106,1.03006108530058,7,0.989737172855297,1.09813827265212,0.972970643153218,0.666011383360779,0.775913030583991
107,1.02396632535551,6,1.14712374850367,1.05917115721232,1.16210561183966,0.840605586203189,0.783670909965822
108,0.672291518249613,6,0.775294698668884,0.723299673329819,0.745857741174812,0.521136204490844,0.783670909965822
109,0.359859239415916,6,0.442515542626613,0.407548441172891,0.41096632776062,0.295058971374002,0.783670909965822
110,0.938871543002375,6,1.07002651922654,0.98947359421527,1.03204903694525,0.731494008513298,0.783670909965822
111,0.888524610664795,6,0.982888805786397,0.898272227046654,0.944134630547359,0.606190169516357,0.783670909965822
112,0.963824966120503,6,0.989352104347918,0.941018207567371,0.954041385671652,0.646716764115579,0.783670909965822
113,1.110654844206,6,1.24584806146485,1.17093392334033,1.14822557167686,0.826210088264733,0.783670909965822
114,0.923139316418531,6,0.997825790267521,0.930566815542426,0.965492388742981,0.664510747653867,0.783670909965822
115,0.990575789517893,6,1.09098360479136,1.01622594419999,1.01505724756625,0.672809570701906,0.783670909965822
116,0.823387913865044,6,1.09148625719239,1.01590572857582,1.03026209281541,0.673926719238968,0.783670909965822
117,0.969400513416902,6,1.07765351743328,1.03271368909698,1.01893039202475,0.725232550931495,0.783670909965822
118,0.98853163140981,6,1.07428694443934,0.996332157677206,0.983116363951231,0.667424636084418,0.783670909965822
119,0.864567737268977,6,0.982223694033089,0.929156359445561,0.952206912996253,0.643264723536407,0.783670909965822
120,0.562890851333447,6,0.69305484000368,0.635780213922775,0.669878296977876,0.456757322340566,0.783670909965822
121,1.16687538123295,6,1.27499305317627,1.21143647833061,1.10207201530029,0.760265149154779,0.783670909965822
122,0.886355982256428,6,0.956388582189758,0.903514098560504,0.896608798643679,0.579223081597714,0.783670909965822
123,0.47627768273279,5,0.541568853084152,0.523816017791462,0.607409929692674,0.366433381830393,0.752295778889512
124,0.886091378066522,5,1.03796512573161,0.979600926703682,1.05685053164297,0.703869613140039,0.752295778889512
125,1.11296211175471,5,1.19730091707951,1.14202418837261,1.18692412550114,0.874276248231194,0.752295778889512
126,1.04368353256854,5,1.15538048365035,1.13667585820808,1.08052233903516,0.773339044866472,0.752295778889512
127,1.05353821774077,5,1.1158787623597,1.07656848600262,1.12667264638935,0.811258418902398,0.752295778889512
128,0.825257304186855,5,0.937247309401389,0.914307787910945,0.980564409961457,0.663514230784982,0.752295778889512
129,0.777171697567871,5,0.883040798445262,0.884510666811085,0.925714391355533,0.651711514718937,0.752295778889512
130,0.970425207122089,5,1.13382048243493,1.06210221273952,1.12139167596954,0.76552157937625,0.752295778889512
131,0.663905609142668,5,0.912423071107714,0.850562843253624,0.663309499402092,0.381538180743923,0.752295778889512
132,1.03691433979215,5,1.17355615779313,1.14993809220177,1.22290973451766,0.837634381204044,0.752295778889512
133,0.673113663288921,5,0.892738328299297,0.930342875062126,1.01126575489774,0.622230596345686,0.752295778889512
134,0.785030655538172,5,1.07899365154994,0.982633555394997,1.02259703742829,0.701784008442336,0.752295778889512
135,0.808978944630871,5,1.00385440875888,1.00411709532275,1.0267079480749,0.731421696903529,0.752295778889512
136,1.097928958983,5,1.21645403986341,1.15666370231825,1.28088325080679,0.852383701922076,0.752295778889512
137,0.768860785507189,5,0.91764082242112,0.856137891022706,0.93967088506732,0.605473126959971,0.752295778889512
138,0.854516298522814,5,1.01182481539452,1.04519518848181,0.993079723035127,0.680257574733143,0.752295778889512
139,0.836574304045448,5,1.04516044894871,0.944494291189431,0.975409985238382,0.676482297627787,0.752295778889512
140,0.83604542389971,5,1.00881239213493,1.01310321617649,1.00785022317079,0.6094860594737,0.752295778889512
141,0.804127219410283,5,0.958564025759125,0.81798133805733,0.936377516696662,0.602148709292766,0.752295778889512
142,0.74023674059937,5,1.04989228440735,0.919430670838695,0.72813360523569,0.59340824267007,0.752295778889512
143,0.291643602636911,5,0.4762716455775,0.339380514890851,0.487394064341677,0.292119076702334,0.752295778889512
144,0.802986744942682,5,1.04553805289463,0.996230726144906,0.971054293854969,0.610161222635636,0.752295778889512
145,0.902821878401936,5,1.09515141192383,1.00591134566722,1.02464731202238,0.692303718634515,0.752295778889512
146,0.828473367104693,5,1.07473659740511,0.982107330012859,0.972538588464722,0.644741007365775,0.752295778889512
147,0.652469341282678,5,0.773567948558785,0.777935244473103,0.745853932948822,0.469404982934123,0.752295778889512
148,0.760040161453186,5,0.918276472290684,0.863730182955824,0.796249076690186,0.579942985227457,0.752295778889512
149,0.836878055843321,5,0.988049765609996,0.918506561582929,0.974072736804764,0.65055293689243,0.752295778889512
150,0.6834260350451,5,0.913933435451675,0.838339283279042,0.660355686940035,0.510855896643104,0.752295778889512
151,1.05670855729824,5,1.24223105651814,1.19633971344913,1.28464976898517,0.864307304690852,0.752295778889512
152,0.947071365019858,5,1.08334968694903,1.06736245266833,1.19470865086275,0.752507430532237,0.752295778889512
153,0.773343981943211,5,1.1034121018035,1.09333433882489,1.16686269316326,0.729301369015725,0.752295778889512
154,0.861808022806974,5,0.975196073800624,0.98978274181056,1.0486212749039,0.585370807722114,0.752295778889512
155,1.07696130086107,5,1.04833271552649,1.16857848368242,1.38845910769046,0.89126308337172,0.752295778889512
156,1.16974221661235,5,1.2487366658038,1.26810973784445,1.41166105367356,0.883694057709599,0.752295778889512
157,1.1772742999535,5,1.21131665782122,1.27721403389373,1.26810526220867,0.848823537728739,0.752295778889512
158,0.765880119812243,5,0.812281232144265,0.795443449523973,0.978383294814946,0.615180496625051,0.752295778889512
159,0.488419288434012,5,0.522348929534384,0.555289043745563,0.661031619283226,0.416613216863846,0.752295778889512
160,0.881272318175653,5,0.960723657714816,1.32522597858607,1.27441045121655,0.82320188110049,0.752295778889512
161,0.819249969552793,5,0.887226398120921,0.921629663076162,1.06450822643708,0.69324588535145,0.752295778889512
162,1.02391738982453,5,1.33851280199398,1.14242445596716,0.861656821389156,0.617836829740963,0.752295778889512
163,1.12567625247322,5,1.19472310090799,1.23951594036286,1.31167353230112,0.742140660769644,0.752295778889512
164,0.928103812179056,5,0.945968243024574,1.03019804085152,1.04447087979281,0.691927936608127,0.752295778889512
165,0.792067776508536,5,0.85887605098461,1.09974659184301,0.767016474883327,0.527421407361085,0.752295778889512
166,0.949621665911602,5,1.05528989270341,1.21341029949841,1.3160268673446,0.823566873127974,0.752295778889512
167,1.15898801318051,5,1.14200708304628,1.27653808481944,1.31578993702268,0.844868268644145,0.752295778889512
168,0.961448718244008,5,1.10199114640135,1.15605393864419,1.18955464247088,0.721371547907017,0.752295778889512
169,1.02950220142962,5,1.02380048124152,1.16901714964058,0.880296943752374,0.533955826981501,0.752295778889512
170,1.11867556420462,5,1.2117709740479,1.22320227611092,1.28863224440937,0.86202771438939,0.752295778889512
171,1.20431643494819,5,1.33355216793846,1.24546743175456,1.32692428963156,0.880270573123938,0.752295778889512
172,1.01764394204369,5,1.11945661680821,1.09665884868705,1.15471703859194,0.794521574829091,0.752295778889512
173,0.771825022474991,5,0.911519713602471,0.866703279742897,0.90034129728434,0.609995147693823,0.752295778889512
174,0.386449410442358,5,0.488665686263295,0.489330278064879,0.460698443305904,0.282050398756259,0.752295778889512
175,0.789107397809524,5,0.900108106212944,0.851429077329076,0.930798074407912,0.607186397974706,0.752295778889512
176,0.229353513760704,5,0.289452753830848,0.269573164178168,0.34308099098223,0.193496706271293,0.752295778889512
177,0.89882594207215,5,1.11497467300352,1.06538273886202,1.07055779960273,0.724308680410521,0.752295778889512
178,0.825942239476637,5,0.905771365150236,0.897770557305527,0.862509838243292,0.554808958595155,0.752295778889512
179,0.886003590731022,5,0.925153619817194,0.937304218562022,0.812703461307543,0.602969625208768,0.752295778889512
180,0.777781887891995,5,0.872969117451083,0.877976368495963,0.997177306373386,0.629018063296889,0.752295778889512
181,0.988974170348805,5,1.0452666434513,1.06462830321354,1.3011441586419,0.895315605500327,0.752295778889512
182,0.823749614434575,5,0.82627603256186,0.90651310529134,0.719530822612467,0.529699101873318,0.752295778889512
183,1.09708848791991,5,1.07495787970489,1.19607693058544,1.25444320696256,0.859910452914998,0.752295778889512
184,1.19656177471625,5,1.12423773376855,1.30094757730202,1.23888805466304,0.8507013681372,0.752295778889512
185,1.07420912108035,5,0.99377474951907,1.18368287329444,1.26317072024555,0.847117489003868,0.752295778889512
186,1.36415669713922,5,1.14226223080661,1.45063388053779,1.14179223546184,0.781142850957176,0.752295778889512
187,1.36456428962129,5,1.06940003982777,1.48682258531039,1.19913295245765,0.836882434137979,0.752295778889512
188,1.19283076437173,5,0.988511963817622,1.3091958150562,1.34232922074801,0.878735573712615,0.752295778889512
189,1.31269373171298,5,1.06563785435214,1.47254570493717,1.30612189710835,0.943120935959408,0.752295778889512
190,1.04656038872833,5,0.890157040922507,1.16055807722586,1.04087448080655,0.842838474236388,0.752295778889512
191,1.33264135097327,5,1.07576939046859,1.47287943656467,1.51328753015379,0.98370321168181,0.752295778889512
192,1.44368598861968,5,1.11998712868945,1.58716984971464,1.50596630735991,0.935861100943558,0.752295778889512
193,1.28375886129576,5,1.03060553771435,1.41744504831872,1.41717295243366,0.842397654040658,0.752295778889512
194,1.10930355034404,5,0.903903680057765,1.22730714782839,1.2395854431816,0.783542791233841,0.752295778889512
195,1.18600729136121,5,0.964409584058613,1.30190599739626,1.32697146841786,0.798011895625592,0.752295778889512
196,1.26074513810641,5,1.01454674225235,1.36042236719584,1.40880422471149,0.958490370301872,0.752295778889512
197,1.80648528407471,5,1.41998952221347,1.83462632188934,1.85143195696744,1.35804409268459,0.752295778889512
198,0.805312165729281,5,0.787996035577853,1.07178577262281,1.20462267217811,0.840331747659033,0.752295778889512
199,1.25736025546568,5,1.04887160156496,1.46662852046443,1.40927824762034,0.966895954579204,0.752295778889512
200,1.02544488007862,5,0.762935986498668,1.0444701557482,0.923836221466481,0.534570924956969,0.752295778889512
201,1.07195896208296,5,0.876724418129351,1.19848756190874,1.31699184933027,0.72264003451133,0.752295778889512
202,1.05947464775266,5,0.926357515958571,1.20637601791862,1.26267844370513,0.804917722838629,0.752295778889512
203,1.31564057355452,5,1.11614274844306,1.49081913985961,1.51857040296548,0.95404067753179,0.752295778889512
204,1.29575109881922,5,1.0800005288098,1.43534499563397,1.31520077208697,0.794624425655637,0.752295778889512
205,1.17473421090658,5,1.01121742173367,1.3626276782909,1.35722486835687,0.841797676287027,0.752295778889512
206,1.24500900303439,5,1.09325170689084,1.42048063822645,1.25422300479082,0.95052082897003,0.752295778889512
207,1.07735419684145,5,0.937063884876075,1.2076762162334,0.995291633866168,0.662645895795346,0.752295778889512
208,1.173049505591,5,0.945217876067054,1.21322600827977,0.946401017783419,0.623710549203268,0.752295778889512
209,1.15416373092403,5,1.05638028383898,1.26787769475804,0.980049494694472,0.789376708603013,0.752295778889512
210,0.958922006551177,5,0.932664852510371,1.13157669882102,1.10525785047483,0.758664514443874,0.752295778889512
211,1.26105389490397,5,1.06201221330566,1.18731656057499,1.49418022044497,0.830263605208232,0.752295778889512
212,1.10802083702198,5,0.980706053711991,1.15735042391723,1.30118028195921,0.879307491156966,0.752295778889512
213,0.999835165502305,5,0.962407904987147,1.11342255730747,1.15371578792725,0.770599718733553,0.752295778889512
214,0.864846394014057,5,0.839824841867238,0.960335454596468,0.936539452406523,0.615929009998631,0.752295778889512
215,0.708941574322442,5,0.582326009021927,0.542951889027045,0.642016468229268,0.549925346459626,0.752295778889512
216,0.939505850906967,5,0.96389941504648,0.782335686000761,0.836817996852765,0.593279662291796,0.752295778889512
217,0.984123339185275,5,1.03835273745107,0.994066541942644,0.961791322803674,0.611760950998025,0.752295778889512
218,0.959808640312389,5,1.01273002751437,0.942316352024426,1.11669052284338,0.654045097429281,0.752295778889512
219,0.969230221713376,5,1.07523496176693,1.08372676368849,0.863301183077537,0.654628190421117,0.752295778889512
220,0.969071644801391,5,0.978528497878908,1.06251140959502,0.933287859322297,0.638423630302745,0.752295778889512
221,0.881220289935551,5,1.04668172665755,0.835596692792562,0.786191999779279,0.522877328158865,0.752295778889512
222,0.726368238194724,5,0.798679438430478,0.802048516446157,0.885220073320647,0.564494055655762,0.752295778889512
223,0.829711415878785,5,0.977077040530823,0.917875996506466,0.902943305639443,0.548857719514597,0.752295778889512
224,0.873924796947276,5,1.05512336585752,0.98166660266721,1.04769741873398,0.678940699986848,0.752295778889512
225,0.909812047914833,5,1.06737113432371,0.94997373915555,1.06780753786879,0.627549359152566,0.752295778889512
226,0.767748594664342,5,0.919484994862915,0.83768355006508,0.756149284787941,0.524507461420846,0.752295778889512
227,0.8873805443159,5,1.16823462232665,0.944512259889529,0.875814120466132,0.615952643545546,0.752295778889512
228,0.895451093914263,5,1.1938940909794,0.978908998898746,0.740171678008361,0.502358203751634,0.752295778889512
229,0.494637461839433,6,0.72720449478957,0.533345565213262,0.473670386714577,0.281443586246105,0.754316583360337
230,0.612283464245791,6,0.889661196177703,0.709513845546057,0.675957716037802,0.445429408778991,0.754316583360337
231,0.336396430529079,6,0.511194421657189,0.339657475050144,0.266349881095468,0.171030732231775,0.754316583360337
232,0.944404903199687,6,1.3740984072547,1.1168943961822,0.965209615061501,0.597319362413627,0.754316583360337
233,0.666768139187196,6,0.966124092522028,0.695147233733636,0.550983031062636,0.365329001890922,0.754316583360337
234,0.920467554133194,6,1.28679532082558,0.968860064873368,0.837694392798876,0.48701203531433,0.754316583360337
235,0.215317136951588,6,0.300182848611258,0.264847948864542,0.142688445090445,0.12921704750568,0.754316583360337
236,0.678022601888215,6,0.986655509245063,0.792239775521199,0.76081445334214,0.504089181396879,0.754316583360337
237,0.980374224401168,6,1.40113940758447,1.17388919908832,1.06348051430128,0.746428298464614,0.754316583360337
238,0.765403161537782,6,1.00961447660884,0.884429531918531,0.792799169469896,0.454721735515791,0.754316583360337
239,0.896916373999782,6,1.16651121098705,1.01139930587514,0.966232908925903,0.612182150105946,0.754316583360337
240,0.87005536054328,6,1.20175876922588,1.04066934215938,0.874273997040558,0.505735446775157,0.754316583360337
241,0.612366407232767,6,0.830961095215654,0.699827548954446,0.636618716708367,0.353638841612743,0.754316583360337
242,0.711636736673777,6,0.971208320974218,0.824168168296957,0.711492606849006,0.469383472939891,0.754316583360337
243,0.589983857390061,6,0.754413947098955,0.655331016089304,0.617981850428764,0.419554158308941,0.754316583360337
244,0.749544383800104,6,0.941294837981775,0.82768341070307,0.765405067158153,0.538383240768798,0.754316583360337
245,0.500505309025169,6,0.630961845621776,0.551886908221508,0.556701325260461,0.380875665143419,0.754316583360337
246,0.979334667778182,6,1.2164734044691,1.06009503299314,0.933255354688695,0.647305580552202,0.754316583360337
247,0.938805149807448,6,1.1591655504176,1.02677402641869,0.882007802349312,0.612461617905,0.754316583360337
248,0.901403789732176,6,1.0732757610704,0.988805005002081,0.879186935567324,0.629271885041759,0.754316583360337
249,1.01814129881699,6,1.23360906049762,1.10226516196989,1.00336318712241,0.682747778418015,0.754316583360337
250,0.823125538566357,6,1.03269942898322,0.889844975826486,0.845061357844587,0.548781841461901,0.754316583360337
251,0.784542655070226,6,0.927750509337876,0.831364879535945,0.844356965008558,0.589018360764276,0.754316583360337
252,0.992003559404843,6,1.16264737497535,1.12028866360624,1.03387697531945,0.704237197842233,0.754316583360337
253,0.808170588684344,6,0.969136257625853,0.82888996457645,0.803128663377245,0.48161485077499,0.754316583360337
254,0.986973776242576,6,1.38542363589544,1.15490637849863,1.22504417437503,0.682223972296663,0.754316583360337
255,0.822507455174831,6,0.982276026239455,0.887691362587592,0.854885902290309,0.547543483221037,0.754316583360337
256,0.668790521049088,6,0.833110142163393,0.743723149740506,0.603566641439452,0.391896806294592,0.754316583360337
257,0.761503044422844,6,0.877704000914958,0.824059789714663,0.788268766063611,0.512421168073182,0.754316583360337
258,0.525994168377676,6,0.748605789208795,0.621433040934186,0.67466322167063,0.452962774953538,0.754316583360337
259,0.838146494134998,6,1.0380753271612,0.929870621261666,0.798517901775902,0.580653034574801,0.754316583360337
260,1.0132331256422,6,1.25219233837972,1.04942165346992,1.10387394531324,0.781957069704022,0.754316583360337
261,0.760905143263534,6,0.87691826052504,0.803813028152724,0.826338194722839,0.58071129348169,0.754316583360337
262,0.40553077613,6,0.549898812931747,0.496845762975048,0.490266237093599,0.302707171654971,0.754316583360337
263,0.822365656512533,6,0.984552712713672,0.878313661685461,0.938406832664743,0.598372334032998,0.754316583360337
264,0.945368477220899,6,1.12062425886746,1.04198608057085,0.938069902436501,0.638781775827462,0.754316583360337
265,0.906390405988411,6,0.966231830462947,0.981880428058371,0.917700287229667,0.626645316584992,0.754316583360337
266,0.847418755876438,6,0.928538546323795,0.970680514366795,0.802102858498239,0.562676808920358,0.754316583360337
267,0.962851097854044,6,0.95977058265848,1.01875506768269,0.79662369035984,0.557254776373793,0.754316583360337
268,1.07168565856497,6,1.1008751377084,1.18937043959862,0.888272528631124,0.649901531917171,0.754316583360337
269,0.958927506080664,6,0.910632517222894,0.971505575057826,0.729989826933675,0.559556543538777,0.754316583360337
270,1.23657937043973,6,1.16093197913002,1.36089710787297,1.08122807148306,0.78603588228327,0.754316583360337
271,1.10644215327289,6,1.05998344470382,1.22159767294192,0.963308897057855,0.65499368480042,0.754316583360337
272,1.23212029053014,6,1.12809293788152,1.34569678842345,1.23575206191673,0.70402791204566,0.754316583360337
273,1.26328603249196,6,1.15183664330743,1.39163922816176,1.17612576025868,0.777909409976825,0.754316583360337
274,0.862292947015672,6,0.749758959748871,0.943594485293624,0.764925981726451,0.585615329659832,0.754316583360337
275,1.26305254130155,6,1.14648090612698,1.27396841419722,1.13481753041896,0.76920302067706,0.754316583360337
276,1.50617001281544,6,1.32504845573347,1.60207034542472,1.26338036450501,0.775985473605531,0.754316583360337
277,1.04114287230268,6,0.917745848573017,0.992926183907061,0.865265809935548,0.541752433461567,0.754316583360337
278,1.09793938905039,6,1.06994295090921,1.13089113955955,1.19838105321012,0.852324419608218,0.754316583360337
279,0.297316117551388,6,0.246369360454898,0.267510306573064,0.168228738994581,0.116148129727237,0.754316583360337
280,1.31614231444457,6,1.27666247700496,1.53039281164964,1.24269874203393,0.803577150340783,0.754316583360337
281,0.987048108072162,6,0.919780410924593,1.14356883272426,0.79923486039538,0.551661367910601,0.754316583360337
282,0.914891177987172,6,0.85354464711733,1.03497309669546,0.74066624619463,0.505098651432903,0.754316583360337
283,1.08426727712785,6,1.02068725125956,1.09768992865614,0.911555156900102,0.603200241002292,0.754316583360337
284,0.97238106727395,6,1.00587438225603,1.05865070496303,0.861649087051623,0.552882532567511,0.754316583360337
285,0.965022773228642,6,0.903915541590124,1.05534680333894,0.79226956562369,0.548423948003975,0.754316583360337
286,1.08798773418831,6,1.16453659579307,1.13812378141159,0.929495097393236,0.613463967850921,0.754316583360337
287,1.07196679665333,6,1.15308955292385,1.15299887085748,0.909969326622491,0.608299135390273,0.754316583360337
288,1.25825628828972,6,1.25169077605824,1.25596721607293,0.994804819692333,0.665275592646499,0.754316583360337
289,1.19341078136982,6,1.19929486180147,1.14462973499236,0.916852628578192,0.646031655985009,0.754316583360337
290,0.961105129791672,6,1.00274645175342,0.91584413293939,0.836223556426958,0.533191256820311,0.754316583360337
291,0.781978681323649,6,0.765980082727909,0.697483833829692,0.64615644592069,0.385364055365011,0.754316583360337
292,0.989769305092355,6,0.987165068474102,1.00199392620207,0.87827539952161,0.502278463703589,0.754316583360337
293,0.633859054563543,6,0.686437611543914,0.618124714841033,0.546055540694018,0.35327427668742,0.754316583360337
294,0.00361315115617959,6,0.00507496602695465,0.00432685539270373,0,0,0.754316583360337
295,1.28154814933382,6,1.43298548292284,1.42984747767875,1.06927614596621,0.679205077721102,0.754316583360337
296,1.08613359499281,6,1.14792972185131,1.04046646527962,0.795019476030601,0.567899143191172,0.754316583360337
297,1.02094591874234,6,1.02910878407261,0.978588594177291,0.843555341375486,0.539364524681345,0.754316583360337
298,1.08285958458665,6,1.02862073055408,0.988181591464747,0.829541535044184,0.553154333639412,0.754316583360337
299,0.887513904542449,6,0.9982312622718,0.876127809689778,0.747986023898802,0.472871342780735,0.754316583360337
300,0.937398478222598,6,0.964322834884868,0.969238496027105,0.738180564594565,0.529002965175699,0.754316583360337
301,1.0662033102196,6,1.10610762351816,1.11482728621794,0.768102459856684,0.531542999638854,0.754316583360337
302,0.409270070914164,6,0.434190993171046,0.380327320332423,0.34023765663314,0.207247815439546,0.754316583360337
303,0.859921717289434,6,0.934243425869716,0.826813074707376,0.741497984695553,0.480707694170948,0.754316583360337
304,1.17159875996458,6,1.20208435034678,1.19768208319705,0.893259542045168,0.563813800695361,0.754316583360337
305,1.29835144619387,6,1.2940043646134,1.24067384913155,1.02955470893093,0.667572998882877,0.754316583360337
306,0.663084518858652,6,0.8233993872065,0.678777882700866,0.582037938194553,0.380918971978901,0.754316583360337
307,0.52354560536191,6,0.645842345393113,0.558612083691916,0.4691462950886,0.328414301802136,0.754316583360337
308,0.890268531510093,6,1.11304114044655,0.961503284880096,0.765144281714813,0.519869979399647,0.754316583360337
309,0.95444908705296,6,1.11082199238406,0.971923716032092,0.739582433318479,0.499279780763709,0.754316583360337
310,1.02981071436721,6,1.05782281451771,1.24470488602741,0.774042670786426,0.503204402402916,0.754316583360337
311,1.25370094412426,6,1.32422630661629,1.35172730354261,1.06163609832108,0.672725396844169,0.754316583360337
312,0.799754620439527,6,0.857255429809283,0.81729871070018,0.625472828554825,0.37980186231936,0.754316583360337
313,1.04148726616998,6,1.11563818084342,1.1174082209306,1.04209882634534,0.622614014850411,0.754316583360337
314,1.06136342330961,6,1.06978500594641,1.12134803172703,0.815043470483264,0.511101288400983,0.754316583360337
315,0.755674195892822,6,0.76923233195549,0.711832227180867,0.6064836933369,0.398496891625451,0.754316583360337
316,0.826072297257845,6,0.791714950624645,0.920292340792242,0.778563631532936,0.500961517455483,0.754316583360337
317,1.15108535224581,6,1.20162968859361,1.37247159239649,0.911450015815451,0.636441195168766,0.754316583360337
318,1.04681703115402,6,1.02780834845182,1.10229200955559,0.8908285218549,0.557815821241236,0.754316583360337
319,0.930760488348404,6,0.899099007395351,0.941551035793779,0.757192399686497,0.478515518121006,0.754316583360337
320,1.07075613120406,6,1.02575297994825,1.17579105452289,1.00669668831838,0.771761353409791,0.754316583360337
321,0.60596313159027,6,0.582337444075869,0.696915617027261,0.414431061796317,0.237700770151795,0.754316583360337
322,1.30205939152553,6,1.2851245389854,1.41677434566625,0.920421572846109,0.751067232799657,0.754316583360337
323,0.811096981255028,6,0.792752307438905,0.795415470983036,0.617652328536618,0.450687971263341,0.754316583360337
324,0.850154887187743,6,0.751570516162764,0.784295799335325,0.623299003505046,0.441492879474627,0.754316583360337
325,1.28354983205455,6,1.00101845252283,1.3911781002102,1.13643214267712,0.744486782954882,0.754316583360337
326,1.19892843992392,6,1.04210530378795,1.39219673389793,0.904456726212205,0.611803074027464,0.754316583360337
327,1.31348682633299,6,1.13224535010642,1.29518187603238,0.897556353564727,0.613595092552292,0.754316583360337
328,1.10671056735902,6,0.969274041759747,1.10068299369764,0.781335685438065,0.564305481156393,0.754316583360337
329,1.24867027240602,6,1.05017099012746,1.27197058737338,0.922804682464126,0.648945254050266,0.754316583360337
330,1.45954643570551,6,1.23138173673435,1.70167085389561,1.13453612521685,0.871896178528305,0.754316583360337
331,1.22272808106538,6,1.01298476057446,1.3053769314077,0.835875779830397,0.586462979171979,0.754316583360337
332,1.29090251741625,6,1.06538778300412,1.27459552879721,0.98249847989328,0.599841184866389,0.754316583360337
333,1.19076468482981,6,0.955867032193338,1.12391888353484,0.902238147201143,0.538467782000114,0.754316583360337
334,1.07212730804145,6,0.949375119668969,1.15191960758306,0.809072582260054,0.517128757035848,0.754316583360337
335,1.70780008754667,6,1.17609586526061,1.83472570413559,1.59711486018594,0.996607472931918,0.754316583360337
336,1.21250124937449,6,1.05548705995189,1.30229437651299,0.859475813534807,0.765220980566637,0.754316583360337
337,1.21108854337184,6,0.985013456771582,1.35747855633326,1.12448735393045,0.745341339489535,0.754316583360337
338,1.14642245013107,6,0.940343646970013,1.28755358535257,0.953592508749276,0.647369245089605,0.754316583360337
339,1.13737560898042,6,0.941346247765062,1.29513518026969,1.10570652593051,0.725862865609149,0.754316583360337
340,0.634271285265467,6,0.519062462109971,0.676370030570405,0.59782156831438,0.356142994249667,0.754316583360337
341,1.21452995868609,6,1.071883106068,1.44452345781038,1.29638625472701,0.799896251870105,0.754316583360337
342,1.17183064111854,6,0.98646560447375,1.34156527734966,1.07695391835343,0.739719384576742,0.754316583360337
343,1.48718616739209,6,1.26974114169596,1.5006360078829,1.3619460459307,0.864737563229215,0.754316583360337
344,0.801086640435651,5,0.923970412552753,1.17117019597931,0.774204213689243,0.504113975669151,0.769527578534121
345,1.14740796558965,5,0.993077619255832,1.27623984324223,0.984002410299878,0.586372502185221,0.769527578534121
346,0.917105560022461,5,0.861067094904809,1.0790513296092,0.787746394661862,0.472542076368531,0.769527578534121
347,1.08922717051564,5,0.938052057649681,1.13732910675801,0.913576177695459,0.502186517672471,0.769527578534121
348,0.963482382495725,5,0.835445667496605,1.01904860022219,0.677195041945929,0.452517744553227,0.769527578534121
349,1.2637510030198,5,1.15017416600919,1.37272092220395,0.816767494857171,0.527179223474072,0.769527578534121
350,1.26546081539977,5,1.29815273136833,1.50374515307948,0.998336219685667,0.610772899103807,0.769527578534121
351,1.22392436126105,5,1.07626388157022,1.2535487703261,0.947068104877078,0.512938682147383,0.769527578534121
352,1.0856294278433,5,0.927796972970577,1.13366824778251,0.801975116536267,0.522368040070312,0.769527578534121
353,1.21710078257572,5,1.12078345419647,1.307396849003,0.814802714000485,0.555014179388381,0.769527578534121
354,1.00772566299026,5,0.935426065986942,1.06861309325706,0.793824659074206,0.483268862766722,0.769527578534121
355,1.34668583417337,5,1.36757291978428,1.53091418371674,1.13020607507801,0.705971343892325,0.769527578534121
356,1.08728975737391,5,1.05004080122563,1.12051461322634,0.874892684636746,0.546460249113577,0.769527578534121
357,0.792009585274506,5,0.805589221342228,0.838116859547039,0.642960180456991,0.389671436922618,0.769527578534121
358,0.997120971493828,5,1.11518600591167,1.1412619296208,0.68843159746765,0.558556900742035,0.769527578534121
359,0.959711143821429,5,1.143844756637,1.18059508675784,0.745493661388142,0.532593545769668,0.769527578534121
360,0.752084275385355,5,0.838293439203381,0.78336462877439,0.453666030692734,0.30419428009238,0.769527578534121
361,0.617450787922416,5,0.660691480638308,0.619421577736069,0.541289713506744,0.328378955980902,0.769527578534121
362,0.924864918303367,5,1.11830297477667,1.01578174405582,0.667735090143081,0.433667217972414,0.769527578534121
363,0.807784469744517,5,0.996166171249495,0.817678699377532,0.659691782755723,0.394227186931918,0.769527578534121
364,0.701880303683026,5,0.865113783370839,0.7151705727796,0.582255681253414,0.346502606227146,0.769527578534121
365,0.720656712338313,4,0.977290270145367,0.778333330741252,0.548423849761817,0.326519034817359,0.706520852457177
366,0.691237059415854,4,0.974539381893127,0.836579021076688,0.613195546626317,0.305277859308679,0.706520852457177
367,0.735255095320399,4,1.00740977072379,0.841453398182004,0.551024708426344,0.324489016851322,0.706520852457177
368,0.574979796537475,4,0.944516914123488,0.706296180339965,0.450961317604345,0.268272090621585,0.706520852457177
369,0.486486213026235,4,0.689944881406953,0.608145284620032,0.356029754975419,0.224689334329427,0.706520852457177
370,0.721264535773758,4,0.974332883200431,0.859499832060176,0.592574945123357,0.31255081874487,0.706520852457177
371,0.856816995415595,4,1.20151077066183,1.05265798541478,0.659312127194119,0.375390336816407,0.706520852457177
372,0.95130055026118,4,1.32491315832864,1.13377792230944,0.706472153512393,0.440241545000576,0.706520852457177
373,0.723667668896588,4,0.87517563888782,0.815918083771876,0.562813699229543,0.338897340425343,0.706520852457177
374,0.869484028486618,4,1.02002282234704,0.906266851714552,0.689957966356352,0.41009127604399,0.706520852457177
375,0.579761931104392,4,0.69123472584815,0.622290987496902,0.45927553955614,0.292652268369753,0.706520852457177
376,0.670835341612924,4,0.779793403476092,0.728446440923966,0.514650600579487,0.327234903329846,0.706520852457177
377,0.807848133534808,4,0.916684924642874,0.888242239300527,0.63134775915072,0.414900246345881,0.706520852457177
378,0.805259178724206,4,1.02442006014353,1.02110405923827,0.590354619149076,0.415606760711184,0.706520852457177
379,0.708083655322329,4,1.07021301546372,0.988736855498398,0.664438307230918,0.379927223726995,0.706520852457177
380,1.09808251435319,4,1.30271323170604,1.26967614649083,0.843094373684628,0.596365435416072,0.706520852457177
381,0.797334232953583,4,0.997915488687435,0.972800846975081,0.61935233145678,0.419052096015901,0.706520852457177
382,0.885715207833462,4,1.04188323489436,1.00918880057262,0.69021136939521,0.439761759930414,0.706520852457177
383,0.917313457011326,4,1.08530078571884,1.07510434815199,0.698188040194162,0.475693675615534,0.706520852457177
384,0.745343603562902,4,0.861160343661964,0.816722481485611,0.584091067744691,0.391019870237164,0.706520852457177
385,0.768384551906987,4,0.877286523015922,0.833404474850851,0.588719469233028,0.365829140947041,0.706520852457177
386,0.749028224264263,4,0.90926349920734,0.907885970136105,0.57282943478985,0.378889937994471,0.706520852457177
387,0.97458688683363,4,1.0187703612689,1.02199067736817,0.805184407927874,0.460048980870482,0.706520852457177
388,0.995436946446864,4,1.17470230451247,1.20679733473759,0.886571305249515,0.518968491427706,0.706520852457177
389,1.00933988904115,4,1.17339852427018,1.14019778725021,0.916123422287012,0.539293956512376,0.706520852457177
390,0.781175053090018,4,0.941532882355762,0.882407575455427,0.61776619454844,0.401584200580539,0.706520852457177
391,0.905493566350372,4,1.09576906244064,1.0854166624797,0.751858725183177,0.49288501575217,0.706520852457177
392,0.778053919160205,4,0.9272693340869,0.893591104737125,0.627087150853189,0.394653397471782,0.706520852457177
393,0.869693241046031,4,1.05801600275638,1.03036102344126,0.686632660143931,0.44465315978121,0.706520852457177
394,0.812334976895514,4,0.988368051628056,0.975647351928123,0.648643727231709,0.411428971249782,0.706520852457177
395,0.754030542546013,4,0.969662120292153,0.889776594753588,0.568088888227012,0.378902323532677,0.706520852457177
396,0.675408714123342,4,0.963964852730964,0.898988270927161,0.426503342184392,0.298655275014803,0.706520852457177
397,0.858737762474399,4,1.16262635035658,1.00772814121312,0.659009494297951,0.428989396519094,0.706520852457177
398,0.618476331364212,4,0.858834503399052,0.692864083644651,0.488962426535478,0.305358868877245,0.706520852457177
399,0.916790359439919,4,1.30027946053181,1.12071396384644,0.661338994508342,0.46990450153515,0.706520852457177
400,0.697016605121695,4,0.99642644101145,0.823505113151016,0.475766301258698,0.350139302798974,0.706520852457177
401,0.747886237268271,4,1.12293346894587,0.922879319058396,0.584055897390375,0.396071346872556,0.706520852457177
402,0.270426493339453,4,0.449289041271147,0.376212737123262,0.242654603661714,0.154807544882973,0.706520852457177
403,0.547155270310066,4,0.836519062421084,0.562150896848819,0.401221581130964,0.267184035720035,0.706520852457177
404,0.545498460513829,4,0.829268025985533,0.643005868700293,0.452333643271905,0.274229136395153,0.706520852457177
405,0.591800126932526,4,0.930151182882348,0.71779400682368,0.449981198097892,0.3049087272522,0.706520852457177
406,0.841799035760881,4,1.34439388807171,0.88930504955037,0.646119636961626,0.423376450728289,0.706520852457177
407,0.682699509431499,4,1.07235964151199,0.747048665882755,0.530821834681297,0.364516746280113,0.706520852457177
408,0.733843936173813,4,1.18936730429594,0.891766976024094,0.587050977781964,0.430105108325236,0.706520852457177
409,0.713232705417348,4,1.13450350212262,0.840755432920984,0.557740560074114,0.372513602561007,0.706520852457177
410,0.676107569808518,4,1.05043598965815,0.875915501335994,0.527027890974441,0.370248993615378,0.706520852457177
411,0.671838841837061,4,1.03883591344823,0.77658296468731,0.516340274888483,0.352430533965815,0.706520852457177
412,0.18368571065475,4,0.2721819770579,0.240964311156738,0.147442030911829,0.0801988675530796,0.706520852457177
413,0.825288959111522,4,1.27374995171304,1.09184226248965,0.690752299721239,0.461765239700636,0.706520852457177
414,0.702250589800801,4,1.00208551851064,0.775124792168793,0.50799787885604,0.30115023048666,0.706520852457177
415,0.578401643560153,4,0.849430329613175,0.684634118798773,0.43309173805239,0.282797727901401,0.706520852457177
416,0.54843770900164,4,0.811381478115036,0.663399003051628,0.4289784244603,0.248563094459674,0.706520852457177
417,1.03404366150826,4,1.47179653840668,1.18695429893625,0.876317840079641,0.559284810125023,0.706520852457177
418,0.515753312774117,4,0.786669202661713,0.61434478288339,0.429620977874443,0.25317740938084,0.706520852457177
419,0.636177035595538,4,0.877796534166712,0.754515158737853,0.537482074369592,0.320734896250626,0.706520852457177
420,0.875451197022345,4,1.19125179635455,0.988233509719048,0.678605609255693,0.467507500564265,0.706520852457177
421,0.640331696376455,4,0.939760325382649,0.762166179953159,0.492409208367743,0.341868073762169,0.706520852457177
422,0.981565623889655,4,1.16352343912445,1.00614058895354,0.742758527487108,0.52892582198853,0.706520852457177
423,1.03001304435733,4,1.32305083341019,1.11072245186939,0.963512477149937,0.611477274078742,0.706520852457177
424,0.851614604557498,4,1.08699959618296,0.992953553146783,0.734538953368841,0.428271603250318,0.706520852457177
425,0.81231232036038,4,1.07735731770536,0.995709467833343,0.617994527233735,0.390268322163337,0.706520852457177
426,0.471840064424907,4,0.592607297341405,0.549953380285289,0.382539531914198,0.244668069898691,0.706520852457177
427,0.758042788660472,4,0.978255150685438,0.903970776726649,0.583441857158027,0.376595472224683,0.706520852457177
428,0.723105535198154,4,0.894612411602918,0.837550249280986,0.499164790202598,0.36385281916973,0.706520852457177
429,0.918135593235423,4,1.11634438629214,0.998706434875457,0.784857285246283,0.51847735329753,0.706520852457177
430,0.824346678678965,4,0.987340862700367,0.944540828474152,0.669436973827148,0.445553903546187,0.706520852457177
431,0.760735423661368,4,1.0114660873142,0.916485390415785,0.630378092406798,0.390002961355741,0.706520852457177
432,0.974180977778015,4,1.3228633731394,1.30600079115868,0.806433520249702,0.562787652188268,0.706520852457177
433,1.02107455370493,4,1.39026158593654,1.37205218344393,0.784081988216231,0.580928976208441,0.706520852457177
434,0.801584725471555,4,0.923524508639674,0.887537805567197,0.744194844753115,0.408372659063038,0.706520852457177
435,0.816940289010388,4,0.98634275587409,0.915866127916456,0.673292308881594,0.448883592088355,0.706520852457177
436,0.865566165595977,4,1.04181473623062,1.04559193616061,0.749561822411638,0.462470106791225,0.706520852457177
437,0.409336853391087,4,0.484398210489011,0.481495823396065,0.318827256796154,0.202750670502193,0.706520852457177
438,0.993545163891588,4,1.26325798872324,1.10188713830383,0.989748917680775,0.506148232348678,0.706520852457177
439,0.890405087895698,4,1.1083862414865,1.05993497570411,0.84245736562615,0.499162662989181,0.706520852457177
440,0.750006665843588,4,0.999571937389922,0.938323367753228,0.665823529004433,0.413879887594216,0.706520852457177
441,0.823176058436823,4,0.966593056004225,0.892200905004328,0.779731104265247,0.484994835170489,0.706520852457177
442,0.421750152322674,4,0.478676492072232,0.404573615723753,0.349924211440384,0.222938746836437,0.706520852457177
443,0.894290468289881,4,1.18279972343749,1.12836855935661,0.682664069238957,0.412685861958776,0.706520852457177
444,0.977492585651258,4,1.23213728863617,1.13508158283761,0.769969866827677,0.428292990708915,0.706520852457177
445,1.00530849126061,4,1.36813578541159,1.08992644407009,0.962427447805999,0.622191748383855,0.706520852457177
446,0.87754843603876,4,1.1023253144467,1.02343714115914,0.812643196910089,0.481987487525839,0.706520852457177
447,0.497109624233033,4,0.606847911187614,0.536143562370163,0.359046477550711,0.221829737255529,0.706520852457177
448,0.764025341906326,4,1.0666827215752,0.958148631211989,0.637729158953519,0.400819606277852,0.706520852457177
449,0.470284811178327,4,0.617952214033644,0.54959798779573,0.418160343259921,0.238404180328863,0.706520852457177
450,0.926427357090786,4,1.17990500644461,1.05371804590236,0.7632201359898,0.477134849139048,0.706520852457177
451,0.403505438025395,4,0.555947859127456,0.547804561866445,0.437815653262592,0.24883201956279,0.706520852457177
452,0.796461425362882,4,0.997673013506878,0.790505533494675,0.670028341582382,0.431975948251591,0.706520852457177
453,0.963520056330452,4,1.17956627712248,1.11747574156636,0.835676168064305,0.516184593775962,0.706520852457177
454,0.934757471867811,4,1.22662073536838,1.09581636711959,0.803920600753295,0.564005616799497,0.706520852457177
455,0.724044655814731,4,0.895771316979385,0.824565412738828,0.646847549363953,0.428614588288286,0.706520852457177
456,0.80747370003239,4,0.999880653703343,0.878951018548059,0.719504440642117,0.433413219705984,0.706520852457177
457,0.785433084498326,4,0.932960175297127,0.82920128019249,0.746904430551751,0.503349365118357,0.706520852457177
458,0.743457902733568,4,0.881522371095037,0.817616706156787,0.64015448113616,0.409761000811773,0.706520852457177
459,0.852323527136903,4,1.01927151582665,0.938966101507825,0.736543078294617,0.464601027264617,0.706520852457177
460,0.908139277594673,4,1.05503725342759,0.979583767801844,0.83518405963148,0.517180328097613,0.706520852457177
461,1.12964085287117,4,1.22836722299863,1.16096861148163,0.922568030537984,0.588037558261248,0.706520852457177
462,0.997010030669474,4,1.19911114545562,1.11966631965529,0.875075789203498,0.550984940402448,0.706520852457177
463,0.555941028698318,4,0.677036972379345,0.601529060628592,0.492581213979462,0.281687707781438,0.706520852457177
464,0.826816930890941,4,0.985877895113325,0.966656550452785,0.726759211394049,0.363886446896607,0.706520852457177
465,0.879893186904102,5,1.06905787092109,1.01526089834531,0.774564006332604,0.442316494864284,0.565210461480065
466,1.03049174464566,5,1.15312321666909,1.11468828760848,0.748862528072393,0.445290535095134,0.565210461480065
467,0.811680038630804,5,0.948504001004537,0.873611026984251,0.653143984063671,0.401210725378136,0.565210461480065
468,0.872191088899469,5,1.04761687350047,1.01452072208716,0.658511049963727,0.445418124481121,0.565210461480065
469,0.983614348268361,5,1.1827167005058,1.14353260408092,0.752029402422164,0.393915106980538,0.565210461480065
470,1.04150644181612,5,1.16802944469801,1.11076217723713,0.748781744995235,0.492583052086355,0.565210461480065
471,0.770425367888676,5,0.849378940717488,0.87000763035211,0.564985965647522,0.354713050887634,0.565210461480065
472,0.671920718613302,5,0.737218935838397,0.741080027277649,0.464073237443131,0.313852251261771,0.565210461480065
473,0.844139439473133,5,0.960503417483487,0.933499879206023,0.625246715390388,0.386276634550203,0.565210461480065
474,0.672235133884324,5,0.739527953574212,0.77489582889095,0.337265090048251,0.303306387723694,0.565210461480065
475,0.787861504768525,5,0.866849328876832,0.89226266828846,0.556370862691629,0.36144994239561,0.565210461480065
476,0.920079549527734,5,1.09143381165867,1.03509201931871,0.833354783810381,0.457860009469536,0.565210461480065
477,1.08522646831549,5,1.20802280140684,1.21806024798856,0.818448843175392,0.541264398301363,0.565210461480065
478,0.950334298578499,5,1.01193289914354,1.07132106135479,0.722633012062802,0.444922064421897,0.565210461480065
479,1.21992049687723,5,1.2474941202464,1.2966088715454,0.858032343536334,0.563400779515942,0.565210461480065
480,1.21274167721095,5,1.15455451127408,1.19509436261668,0.846775702999565,0.664822338434614,0.565210461480065
481,0.886547581934957,5,0.900255302093692,0.934738807467067,0.624186767331367,0.385216028644233,0.565210461480065
482,0.935156880887214,5,0.935745002931772,0.96097499848091,0.67492665171297,0.414328959010774,0.565210461480065
483,0.975332288220743,5,0.958454318722389,1.04895191776831,0.745487163375824,0.436842238536081,0.565210461480065
484,1.12194680447774,5,1.15771649010061,1.21067827423007,0.81321348624688,0.368554451637832,0.565210461480065
485,1.13924106942937,5,1.13601467734234,1.19114158401492,0.828429303453401,0.503246086611487,0.565210461480065
486,0.770479053507525,5,0.86187575333902,0.847150699058563,0.503290709850008,0.280972000238615,0.565210461480065
487,0.971243829540147,5,0.89732187496995,0.893025143067499,0.638904714169785,0.350896528136387,0.565210461480065
488,0.855818633521781,5,0.820618303411834,0.894536910241744,0.613812825611332,0.362633719188346,0.565210461480065
489,1.04500250136402,5,1.1425450259836,1.32648551052789,0.92307596031087,0.501237137723434,0.565210461480065
490,1.04769703726138,5,0.8980506774219,1.06651588548653,0.624031102203037,0.433446059785945,0.565210461480065
491,0.984730026370733,5,0.829449317854205,0.746580529365792,0.777245073618362,0.449584031384599,0.565210461480065
492,1.18131164282393,5,0.961181058554173,1.16724652741071,0.914729300663249,0.623024559860622,0.565210461480065
493,0.927913428218233,5,0.782720541586857,0.945192242398507,0.820472734262788,0.421226765943443,0.565210461480065
494,1.34670011406268,5,1.10700243112226,1.33685586079295,0.975348720463665,0.602238301651148,0.565210461480065
495,1.37027972320448,5,1.12345294426917,1.41423845903229,1.02062423679935,0.629337164869315,0.565210461480065
496,1.28800615773093,5,1.04473404463132,1.33230409711445,1.00548093049864,0.576024429039601,0.565210461480065
497,1.14746600753716,5,0.988627174831563,1.16520157299238,0.868849146647887,0.572714147729826,0.565210461480065
498,1.25233717468581,5,1.0669980518174,1.31168086480095,0.956750030280692,0.56029161495231,0.565210461480065
499,1.27192841717303,5,1.05261415024532,1.30041048322428,1.01555451673954,0.5885464538098,0.565210461480065
500,1.48594485085661,5,1.10661640658059,1.4431174785823,1.07269279692365,0.77590607222497,0.565210461480065
501,1.26269829039321,5,1.01270441969875,1.26202931875894,0.885505239269797,0.560477936699038,0.565210461480065
502,1.42886291574018,5,1.03238578129703,1.42450321181623,1.04179348858831,0.637982764547115,0.565210461480065
503,1.45952960380953,5,1.13412427791401,1.49999831079302,1.10148816509113,0.671464640265417,0.565210461480065
504,1.63319379521736,5,1.37391871885441,1.73995730682989,1.29443076362488,0.772882391032402,0.565210461480065
505,1.13964747921606,5,0.879874430542825,1.10343570855046,0.868130034881152,0.483231418566724,0.565210461480065
506,0.90105350754087,5,0.751006341459059,0.891086652389215,0.709659010744703,0.377718714754894,0.565210461480065
507,0.922795338407293,4,0.706934875648894,0.855097720454183,0.662658669013596,0.411811724576141,0.301691021795996
508,1.18888869347871,4,1.10435829189192,1.2007168729589,0.773944608797238,0.466353263276361,0.301691021795996
509,1.21883542318225,4,1.14184072463087,1.20262298857661,0.866146826149487,0.495128111204289,0.301691021795996
510,1.02321522168232,4,1.0106659586973,1.04023028074151,0.74315132214447,0.416626357415436,0.301691021795996
511,1.12319153231738,4,1.05267696257229,1.05029086191899,0.766946138599918,0.476373470245642,0.301691021795996
512,0.367681150786444,4,0.466028565137283,0.468159028498144,0.336167971804771,0.161350781788337,0.301691021795996
513,0.478250751967389,4,0.776876951367616,0.733981398249521,0.543166989057244,0.298437497811267,0.301691021795996
514,1.07811769381686,4,1.08608611651015,1.03000468826513,0.789425546139574,0.55608888328754,0.301691021795996
515,1.04814287703861,4,1.17210896945744,1.07840552331075,0.793765243059416,0.432557645421917,0.301691021795996
516,0.842204493092262,4,0.8909593662628,0.867794880358782,0.537001461958568,0.344760862201617,0.301691021795996
517,0.849735372605269,4,0.916070753161237,0.871296806168478,0.570823819464028,0.374671481298505,0.301691021795996
518,0.520923857331819,4,0.522464006115479,0.528226125375923,0.351128549704855,0.209973870255305,0.301691021795996
519,0.787307726949272,4,0.866688957607429,0.802589771824816,0.575975218041988,0.34659731365317,0.301691021795996
520,0.785735542878724,4,0.858127930230885,0.857986399645869,0.53547304591094,0.327177048218342,0.301691021795996
521,1.16124601099484,4,1.30608283278002,1.15307850023426,0.797893684571092,0.472038268905352,0.301691021795996
522,1.31504305896751,4,1.37559318119081,1.08183018186662,0.941286645008587,0.596474405366632,0.301691021795996
523,1.21181113457393,4,1.18620248930359,1.15843596154332,0.809181368438268,0.555652580273616,0.301691021795996
524,1.09343013328278,4,1.07582579776355,1.0526414557852,0.696224092041414,0.426065840163566,0.301691021795996
525,0.807617483183782,4,0.916872820039329,0.874069884848922,0.648628052896187,0.3805105015097,0.301691021795996
526,0.796151689246291,4,0.839987261503006,0.838169550221503,0.588913406896757,0.331620221909472,0.301691021795996
527,0.523470375884061,4,0.626254143653606,0.609617019042632,0.402350711378302,0.215979702830375,0.301691021795996
528,1.14416923071157,4,1.0244631024052,1.04677353296986,0.875340121104358,0.489514181449093,0.301691021795996
529,1.0273864741911,4,1.04533406087762,1.04617033978576,0.877688057055866,0.448598563263627,0.301691021795996
530,1.16968229320522,4,1.19301720763116,1.1762642085721,0.87945622958261,0.486794220510574,0.301691021795996
531,0.946443073795825,4,0.846537319265876,0.879211718044591,0.677203614936815,0.380175768265431,0.301691021795996
532,1.25834426837099,4,1.30004124356359,1.30713580723407,0.94966033947718,0.560019319371276,0.301691021795996
533,1.00230200530646,4,0.917739908174827,0.924443992711108,0.771739198140393,0.419987077738441,0.301691021795996
534,1.15730564856009,4,1.00905566024695,1.03576620500336,0.770646278345074,0.425973662856611,0.301691021795996
535,0.992208874745452,4,0.874497126151589,0.883251000206592,0.720874094421049,0.411424815558911,0.301691021795996
536,0.891379188141407,4,0.878025943170574,0.910045077461706,0.688633648961155,0.416045805211848,0.301691021795996
537,1.29045929766456,4,1.21538362533093,1.22661970973764,0.907506535709705,0.534986114233175,0.301691021795996
538,1.06704780279662,4,1.1122089819581,1.06496703197748,0.815414373010801,0.442386798086949,0.301691021795996
539,1.23103750012494,4,1.13847518425948,1.14431946141558,0.849681453437396,0.533777985656948,0.301691021795996
540,1.21473046131674,4,1.22224485150735,1.22211369815746,0.821337325364646,0.486849811413799,0.301691021795996
541,1.0826672328884,4,1.07020493307876,1.08876204956521,0.744245683433288,0.444266908350236,0.301691021795996
542,0.985963575445096,4,0.985844771743823,0.958805927283274,0.686514564010348,0.429131027802267,0.301691021795996
543,0.668155824979753,4,0.729349778584417,0.758494598852667,0.517763590201844,0.315427408932413,0.301691021795996
544,0.50424355656547,4,0.709710428654367,0.715952532670785,0.548621936120003,0.287258791371149,0.301691021795996
545,0.486859242059849,4,0.598914553352559,0.640303213246144,0.455665795507963,0.280234523091024,0.301691021795996
546,1.0580514046685,4,0.970454035708961,1.01102674194171,0.751737345992009,0.474081318301133,0.301691021795996
547,1.08410214533057,4,1.05516679529302,1.05338551469054,0.757509822325691,0.511266343045532,0.301691021795996
548,1.18088261307991,4,1.06652398796946,1.10241173128554,0.795314947007585,0.493006156566648,0.301691021795996
549,1.22554080355694,4,1.14238344486869,1.1142266071482,0.832209240767238,0.619885199815914,0.301691021795996
550,0.987505305325015,4,0.944437772283859,0.92476279527881,0.715936950846352,0.418919331890346,0.301691021795996
551,1.08836390173992,4,0.983476844656716,1.08579684243501,0.76521019804645,0.458919083282805,0.301691021795996
552,1.10009232277977,4,1.04508873361651,1.17662196403553,0.781069008817208,0.488144262824641,0.301691021795996
553,1.25393404211228,4,1.16056204447873,1.28891675869692,0.853659173486346,0.525767679776342,0.301691021795996
554,0.932950482495664,4,0.859120580852883,0.966502308284233,0.611161847651304,0.376341667402324,0.301691021795996
555,1.29369648169794,4,1.07165851415601,1.30433127196936,0.730052933744045,0.531817553858706,0.301691021795996
556,1.05062256824097,4,0.953953110367147,1.05745073844692,0.732449599121002,0.523823761808436,0.301691021795996
557,1.25799594148163,4,1.10935231700458,1.22604389174012,0.926637229440494,0.551959836557235,0.301691021795996
558,1.20841933071155,4,1.06376062293213,1.17579072593307,0.871976155283846,0.513199695800865,0.301691021795996
559,0.885827206423654,4,0.841323681892254,0.955570016369639,0.643868388282852,0.380036257702805,0.301691021795996
560,1.44521341480775,4,1.29367098311406,1.43005764919219,0.971992530144461,0.729664168019973,0.301691021795996
561,1.42548655902616,4,1.27629166552496,1.45406684053954,0.926144037408907,0.608181221868183,0.301691021795996
562,1.06995033396807,4,0.986164349329134,1.12753590640815,0.646441321060144,0.446752471366946,0.301691021795996
563,0.314567742255937,4,0.415299617222654,0.345943598512704,0.415905397029051,0.209249760721171,0.301691021795996
564,1.17454334305238,4,1.10064334355589,1.14831705364846,0.916600564665861,0.544093177855243,0.301691021795996
565,0.665068857906953,4,0.765387211120989,0.889261577091791,0.613169660900322,0.353151040474199,0.301691021795996
566,1.13239924280523,4,1.04816554190334,1.15219503716773,0.775196396430571,0.485013615048653,0.301691021795996
567,1.01962224104019,4,0.918689777503114,1.07336382841608,0.748692708908803,0.439128895052082,0.301691021795996
568,1.12762853245301,4,0.985778245884791,1.15747012400962,0.859669316618571,0.504787030605895,0.301691021795996
569,1.06561469299804,4,0.926296755133807,1.08686447668365,0.860481156554576,0.465725430493243,0.301691021795996
570,0.764663965748485,4,0.817205082057786,0.911662040933272,0.560912242540962,0.368503072686352,0.301691021795996
571,1.13423261722339,4,1.01866611535837,1.14646559565764,0.751071610162099,0.494446211666675,0.301691021795996
572,1.12790815279905,4,1.10536265026097,1.28939719704073,0.892980498203091,0.532526083169512,0.301691021795996
573,1.29000141962404,4,1.24530066779436,1.49262846312575,1.03567344148822,0.637227759305965,0.301691021795996
574,1.11327245992203,4,0.949083419656346,1.08431208373256,0.810349313305373,0.511896133682083,0.301691021795996
575,1.26705097187439,4,1.09111004368143,1.21039329245772,0.802337005041899,0.507218806195104,0.301691021795996
576,1.07808446305945,4,0.888332344302522,1.10484011593118,0.772906249454121,0.440389433644501,0.301691021795996
577,1.01835076479704,4,0.832260868419418,1.08221701059175,0.703634531424915,0.415223566045889,0.301691021795996
578,1.12697631065106,4,0.952809784628223,1.0754464341577,0.845366628076702,0.486626105907168,0.301691021795996
579,1.25863982159337,4,1.07453521799944,1.34646389977067,0.884367731155828,0.490718632854081,0.301691021795996
580,1.36131279114559,4,1.12626050884319,1.25747347061089,0.988856828023855,0.558907440524717,0.301691021795996
581,1.33155509102705,4,1.10017773396177,1.40100647740512,1.01423616363277,0.55905348749458,0.301691021795996
582,1.32959140090836,4,1.0943261660738,1.45684017109297,0.990654255739239,0.577652315619853,0.301691021795996
583,1.3690360007358,4,1.22289534773648,1.60680184563846,1.13369740807488,0.61746911323803,0.301691021795996
584,1.28691818693119,4,1.06996998753555,1.38068402468586,0.882740997110174,0.528195450318576,0.301691021795996
585,1.38588736195976,4,1.1181188198513,1.5601886098919,0.776716359174203,0.492356836411489,0.301691021795996
586,1.29041168956903,4,1.10521458362344,1.44971114735652,0.856621451600408,0.497049680710731,0.301691021795996
587,0.916363439607184,4,0.810730257730778,1.12158421166221,0.511988330643238,0.312744670500109,0.301691021795996
588,1.06696615136522,4,0.924900124900644,1.16195169491032,0.62819871709593,0.374757164578991,0.301691021795996
589,1.08883779259015,4,0.929923632380382,1.2185079918555,0.768848083629319,0.440347982498979,0.301691021795996
590,0.999880017628948,4,0.769552595378442,0.976310114451,0.663171815160939,0.388165703578628,0.301691021795996
591,0.924577612016658,4,0.705081684297537,0.928567983372529,0.599440021771278,0.356897527370281,0.301691021795996
592,1.22288724313548,4,1.06751119319348,1.38362515231525,0.724080169231512,0.377241616740281,0.301691021795996
593,1.13814644504418,4,0.98226672628136,1.19674313997996,0.862982652544535,0.484090776116729,0.301691021795996
594,0.959214887227068,4,0.832373038817343,1.03712424793043,0.670999003815867,0.40941307713036,0.301691021795996
595,1.2245958898511,4,1.06221043715298,1.32239243649807,0.859800715195701,0.502859076458823,0.301691021795996
596,1.13729454533619,4,0.837450255635258,1.2325414394262,0.792768788535192,0.481628611147108,0.301691021795996
597,1.43091218552801,4,1.19743421752908,1.42616824174936,0.967765603353277,0.601936577008687,0.301691021795996
598,1.25399600317323,4,1.05294997312918,1.42513571110719,0.87990662961455,0.518059114201713,0.301691021795996
599,1.15200357533666,4,0.991544985837733,1.31145726522963,0.728831645828131,0.476785798085487,0.301691021795996
600,1.54058891624517,4,1.29175453086711,1.7675763466352,1.04362125251998,0.653734991057472,0.301691021795996
601,1.20565116859107,4,1.01010619196864,1.36676213637486,0.842518244488141,0.500865718414271,0.301691021795996
602,1.07601953952696,4,0.967009979031026,1.25874452691847,0.772820031999449,0.458532207935171,0.301691021795996
603,1.08063976470981,4,0.981769081021784,1.23772286382194,0.611430141808073,0.372429045075636,0.301691021795996
604,1.34548049377213,4,1.24012656823603,1.34195572925543,0.898025561999739,0.551490236053988,0.301691021795996
605,1.25823559095545,4,1.15260468812366,1.45850316153014,0.983367628055806,0.543769650522027,0.301691021795996
606,1.09420623605551,4,0.973314888113478,1.12776069386613,0.832275373651938,0.517081079838937,0.301691021795996
607,0.940561000122129,4,0.886278042668798,1.06905608120641,0.683537532227894,0.364825609410148,0.301691021795996
608,1.17292285514522,4,1.1223011542756,1.32109611777872,0.872550648866523,0.492999676538203,0.301691021795996
609,1.06642660480318,4,1.04363059774121,1.15349184590212,0.723211903623632,0.413857199024249,0.301691021795996
610,1.00531929256791,4,1.00743406646192,0.902105437734447,0.800351829917309,0.427299156359562,0.301691021795996
611,0.616594933837904,4,0.581642923415573,0.687743194877593,0.453342570161136,0.268590971472393,0.301691021795996
612,0.969045609029536,4,0.961552842235753,1.04776486679678,0.783501683532068,0.455564157141236,0.301691021795996
613,1.10102591147245,4,0.837645434540808,1.04391738903643,0.750594978295967,0.457356897434983,0.301691021795996
614,1.02305553627133,4,1.05836724134308,0.863430018322661,0.862470610082275,0.515831472505908,0.301691021795996
615,0.894728603305444,4,0.907957411969861,1.01624352226705,0.651042158693282,0.380837094649764,0.301691021795996
616,1.16617343828053,4,1.04358871589104,1.33504662072192,0.81779854177847,0.511434280192297,0.301691021795996
617,0.828098034626,4,0.823081661340721,0.757407718040618,0.589550946716084,0.347716448383492,0.301691021795996
618,1.03520589807765,4,1.03956936555774,1.18771472573193,0.727797554904765,0.444946740758741,0.301691021795996
619,0.964190787364676,4,0.931152363153242,1.0988446926954,0.688161972089724,0.406068589871776,0.301691021795996
620,0.812797008404042,4,0.756612206881091,0.934457224362867,0.587913184827406,0.338284658671716,0.301691021795996
621,1.14575238721776,4,1.13271363198091,1.3278691607347,0.686451621651718,0.486177327987848,0.301691021795996
622,1.1515303872645,4,1.08134201381207,1.18352116313203,0.853608328037361,0.498230817354029,0.301691021795996
623,1.15109616210033,4,1.09835799147926,1.32631435720048,0.917131948667511,0.498050089419622,0.301691021795996
624,1.12243013882987,4,0.999190525293725,1.29557919878894,0.810650847159102,0.455428864402819,0.301691021795996
625,1.14893963369083,4,1.0818862041658,1.3060061621646,0.888034451047618,0.495456153285279,0.301691021795996
626,1.30746897190592,4,1.13555386551515,1.43432549559816,0.965734053484436,0.563966282786563,0.301691021795996
627,1.02508352334834,4,0.874146347009552,1.04961948729114,0.695780153542611,0.403217283289665,0.301691021795996
628,1.02169416220399,4,0.88204928035431,1.13453328190708,0.772784344607151,0.438637599854034,0.301691021795996
629,0.9587196080638,4,0.901484893036014,1.13343669569379,0.72994017198401,0.441114400414678,0.301691021795996
630,0.819381310670762,4,0.780985643695556,0.971941083621361,0.666224936814304,0.377942486238796,0.301691021795996
631,1.16655923452868,4,0.985294641410905,1.18984365373403,0.872866106429937,0.561940731868584,0.301691021795996
632,1.17151824112455,4,0.927411144169342,1.30254416950449,0.824293794423325,0.515697230373531,0.301691021795996
633,1.41932603113069,4,1.18410096143333,1.64626170808989,0.991138007940219,0.640647561048835,0.301691021795996
634,1.5260991785432,4,1.27717667589139,1.75095487057017,0.997305280826256,0.626571961151247,0.301691021795996
635,1.603927367975,4,1.1574888643244,1.69227545905385,1.10584856575039,0.634577490962331,0.301691021795996
636,1.51998415008525,4,1.25662476167912,1.76714017155189,1.03544589076637,0.652838332513779,0.301691021795996
637,1.1013007154506,4,0.947602863436741,1.26984604519477,0.775894209580418,0.46355419628878,0.301691021795996
638,1.13825044845171,4,1.0222186021138,1.28308147170741,0.793437868591597,0.455280878280118,0.301691021795996
639,1.09714904616683,4,1.00273263598171,1.31549923094186,0.500503571780619,0.406237016205495,0.301691021795996
640,0.766234334031964,4,0.844702606790261,0.90795379373726,0.563388903265436,0.329562530023167,0.301691021795996
641,1.36882152486268,4,1.26038486187295,1.51269830439208,0.893213019045093,0.50608938474699,0.301691021795996
642,1.2136079364349,4,1.18452231019754,1.37706343762844,0.7008415219003,0.421382009434263,0.301691021795996
643,1.03389333947434,4,1.03044140646288,0.963129700243473,0.66790345346912,0.407752746419503,0.301691021795996
644,0.50405487279849,4,0.415285895796505,0.589869479648576,0.411812571016712,0.243935370980643,0.301691021795996
645,0.825652919505024,4,0.841007641561597,0.747514694361163,0.598258006898561,0.313923081478552,0.301691021795996
646,0.874257751383513,4,0.891731261299959,0.779352874682052,0.656483894201773,0.395758055780915,0.301691021795996
647,0.938939469981657,4,0.994799871778101,1.10401566142319,0.700900855364978,0.353151882559684,0.301691021795996
648,0.897122042005396,4,0.940062201415517,0.83568657816076,0.671500769947384,0.3879645987815,0.301691021795996
649,1.11365533914257,4,1.07012389686705,1.06953200641841,0.778422886309499,0.484109334887685,0.301691021795996
650,0.803780384060014,4,0.902611037779729,0.847732730067027,0.644030514501118,0.370238742962972,0.301691021795996
651,0.506145901288417,4,0.539545883743698,0.561314976065865,0.385290468294043,0.215014273554674,0.301691021795996
652,1.1364488359194,4,1.06150585884956,1.3128331320153,0.778421927407312,0.500959259865594,0.301691021795996
653,1.07010338841132,4,0.985657047573173,1.22627470200684,0.758042052575317,0.482998984271703,0.301691021795996
654,0.93560687216335,4,0.875530635707558,1.1294061066789,0.633276854630465,0.380819058628066,0.301691021795996
655,1.24706105457371,4,1.10704640721007,1.33845012222496,0.811972018949359,0.493815774851661,0.301691021795996
656,1.17584220415231,4,0.999316724944492,1.29056516412281,0.844955273089125,0.54884458369325,0.301691021795996
657,1.41883399202388,4,1.21258565495206,1.45183174283027,0.970748967495087,0.606583661113948,0.301691021795996
658,1.42445691494914,4,1.21511849231004,1.60303000583746,0.97152022611988,0.579976765042034,0.301691021795996
659,1.30906470445943,4,1.02646660950495,1.51157249938689,0.855778474858606,0.516187632813275,0.301691021795996
660,1.027800856178,4,0.883187984503201,1.27291657245355,0.650289223758725,0.396604900223912,0.301691021795996
661,1.19523847768799,4,0.981578671252291,1.35166085545067,0.775817065325356,0.487191271127536,0.301691021795996
662,1.47224786258839,4,1.12134285375257,1.56413844916428,1.00738191637664,0.630825473731145,0.301691021795996
663,1.44089619541763,4,1.0936268756056,1.66267220907503,0.953284221627516,0.611551734677728,0.301691021795996
664,1.31274771738786,4,1.05546329213527,1.45972583563468,0.867343459268876,0.527942357420834,0.301691021795996
665,1.24481089479833,4,0.997637099603581,1.49966182403006,0.830047953391996,0.474232053845955,0.301691021795996
666,1.36766196739283,4,1.06514751923157,1.62127991005214,0.866649283449633,0.524262830881748,0.301691021795996
667,1.21321814340819,4,0.931413593096076,1.46360568520925,0.83334323233509,0.476672206254738,0.301691021795996
668,1.08155669887485,5,1.00535972629196,1.40391359149085,0.725013644608139,0.468064407086321,0.257050909640259
669,1.17757348521823,5,1.1125632261416,1.48934364537233,0.665217548157856,0.441221050437025,0.257050909640259
670,1.09031329132224,5,0.99191344240271,1.30396040373418,0.584742996292626,0.350534113665774,0.257050909640259
671,1.30073405621958,5,1.12401376251475,1.47140476349331,0.79459436367916,0.472371847051818,0.257050909640259
672,0.973844348146353,5,0.832190290284305,1.13071884868068,0.648239624037771,0.388598933845832,0.257050909640259
673,1.05278724319171,5,0.986990933219129,1.22079027499265,0.6545199627433,0.305662258589735,0.257050909640259
674,1.00271566333055,5,0.901894549487641,0.963198461031637,0.641884214411474,0.403717222441364,0.257050909640259
675,1.08424043283575,5,1.03237702501864,1.2305345623248,0.671080837983823,0.387178595204638,0.257050909640259
676,0.895043941112264,5,0.859124764055625,0.783363395637851,0.361048983386807,0.386307409221451,0.257050909640259
677,0.490024457602624,5,0.680813131169793,0.402741692074614,0.477311036915056,0.17834640139274,0.257050909640259
678,1.08718938517731,5,1.01378629634931,1.20574471992236,0.627657496707663,0.428217170145355,0.257050909640259
679,1.02246833006155,5,1.16696541977938,0.935395100648736,0.459488160386384,0.404086849787904,0.257050909640259
680,1.18097990711092,5,1.16493481007807,1.24138758325154,0.637105970673494,0.464076640717549,0.257050909640259
681,0.912928992669458,5,0.928122558082682,0.877502175326855,0.481839620863101,0.356880417312742,0.257050909640259
682,0.979574192776941,5,0.983666189960643,0.898240755136671,0.527009996513626,0.418994718227804,0.257050909640259
683,1.11611829210922,5,1.10628464318772,1.28090274247724,0.524517899853649,0.45587407668049,0.257050909640259
684,0.894844299919114,5,0.970486066762481,0.869363784187966,0.438922190199965,0.356840075919845,0.257050909640259
685,0.85182426275443,5,0.830349254392505,0.75946433301158,0.41276791835957,0.32322162704866,0.257050909640259
686,0.893403308839382,5,0.90637258034591,1.06752050739417,0.5676293605688,0.36568549870293,0.257050909640259
687,0.860515687503579,5,0.864497861271505,0.863097185373289,0.543086692080262,0.33529120996363,0.257050909640259
688,1.05611567345547,5,0.860709169438288,1.2069548463679,0.642684627055747,0.468986683062892,0.257050909640259
689,1.12640715220077,5,1.0966577782662,1.26230746668566,0.667930230404708,0.451552112911804,0.257050909640259
690,0.807757780937588,5,0.955544500210256,1.07140222109234,0.500787636098036,0.357728890540564,0.257050909640259
691,1.00858396572532,5,1.13484344151678,1.06472236545234,0.689539397598333,0.401903847930124,0.257050909640259
692,0.92422125682162,5,0.997309990722032,0.993740926348128,0.535913381292797,0.327098279814132,0.257050909640259
693,1.09789845823624,5,1.05242060905436,1.22290994899099,0.800137097265744,0.412573883658653,0.257050909640259
694,0.882529410039369,5,0.828051673936719,1.02147674195463,0.560432485821585,0.371707482545966,0.257050909640259
695,1.18486096803989,5,1.21578327475654,1.36571777027999,0.729326692047889,0.460814330206028,0.257050909640259
696,0.999382923855771,5,1.0879902911864,1.16568130007701,0.587461729981305,0.420373107383677,0.257050909640259
697,1.15127585367893,5,1.20143115457236,1.32758632558261,0.722987560741034,0.465550056453899,0.257050909640259
698,0.860946568767296,5,0.985526783017529,1.06949749343512,0.58787784278996,0.317177128905774,0.257050909640259
699,0.684316720954909,5,0.71683874109564,0.864323122034348,0.423271012778759,0.298088758703851,0.257050909640259
700,1.19150520467748,5,1.21317932725467,1.40556028839085,0.766711854020907,0.47488109848394,0.257050909640259
701,0.881061481802902,5,0.899182217075882,0.962954786900902,0.5923714003872,0.351508143468573,0.257050909640259
702,0.87373567666849,5,0.987697985156094,1.02506495600538,0.628824699833166,0.340653167798687,0.257050909640259
703,0.881004214235855,5,0.91710934670477,1.02338896763966,0.619984648122334,0.367028471776815,0.257050909640259
704,0.850726418216116,5,0.850732845120009,1.02053123243652,0.465432530186702,0.339497640250911,0.257050909640259
705,1.15574903960705,5,1.26705960431145,1.37195631316789,0.73734347318096,0.464115348010735,0.257050909640259
706,0.780699522769227,5,0.875391376763249,0.967628270500847,0.496098986187488,0.361284454578533,0.257050909640259
707,0.944989571653482,5,1.10868111135415,1.22189850182222,0.675805192938062,0.407747211638727,0.257050909640259
708,1.03551668299489,5,0.98286286752242,1.02133693402997,0.594096387863483,0.378564290849826,0.257050909640259
709,0.667009312318819,5,0.733373479501914,0.77658375345747,0.448655685018978,0.269515884298074,0.257050909640259
710,0.936440232307908,5,0.983110733297252,1.09443007871021,0.588643421059017,0.360990783401183,0.257050909640259
711,0.949616703988982,5,0.940892928516533,1.08111122792887,0.574686118737063,0.341975767297566,0.257050909640259
712,0.952201736606706,5,1.01973433745374,1.11693708641636,0.586903567858966,0.375184139801198,0.257050909640259
713,1.1264840297635,5,1.11130450914485,1.20942531022117,0.667370894264702,0.411685143477243,0.257050909640259
714,1.04744579864912,5,1.04850418144793,1.243848398246,0.707921097431683,0.438237114844128,0.257050909640259
715,1.04619432363518,5,1.10640004214224,1.25449669292914,0.660624012819132,0.377352708665801,0.257050909640259
716,1.22783073952248,5,1.25198652058127,1.50660692133692,0.835942337659634,0.480470487858545,0.257050909640259
717,0.996454236233272,5,1.06420857362724,1.19633427812328,0.539055573067328,0.360033979371027,0.257050909640259
718,0.923623312988133,5,0.946352115056333,0.845207351600146,0.692922467350733,0.341435380537361,0.257050909640259
719,1.01602652747712,5,1.16967391066133,1.27682933792316,0.696175132357594,0.391831506735269,0.257050909640259
720,0.812490142087096,5,0.901373938292178,0.958406200989876,0.475412792199037,0.330728744667158,0.257050909640259
721,0.937953671653417,5,0.935331864309487,1.14247235181302,0.620041281960148,0.358168507963292,0.257050909640259
722,0.914050132172892,5,0.937923735760506,0.962873517062055,0.524835452319177,0.358550081792735,0.257050909640259
723,1.09050508579521,5,1.08039264324117,1.33793200742663,0.706136129762235,0.416278544623563,0.257050909640259
724,0.929677650836832,5,0.969908048160378,1.14790595298498,0.547313165739852,0.328440371820147,0.257050909640259
725,0.89381792121851,5,0.872883038884273,1.09879363395242,0.550659977706015,0.332402185909194,0.257050909640259
726,0.873899702135866,5,0.879527541452986,0.892325854609023,0.545495214613263,0.34125831117878,0.257050909640259
727,0.879475765615201,5,0.849693934728969,1.07583907290847,0.585847181029126,0.342823268330508,0.257050909640259
728,1.00624159459871,5,0.954384281945886,1.24660126554508,0.707596467715976,0.402015928710709,0.257050909640259
729,0.935734090968999,4,0.988812170993815,1.0460057551395,0.533362238205007,0.327735737257662,0.226919154333854
730,1.10795267040398,4,1.21561547943045,1.22855558366795,0.681233921265571,0.416425532935937,0.226919154333854
731,1.1202977657271,4,1.1435142044589,1.42576530046144,0.630534863060934,0.383999077094272,0.226919154333854
732,0.991217258015788,4,1.03320730504791,1.18305143792601,0.601257951514883,0.348822336160373,0.226919154333854
733,0.939648838649227,4,0.932442815575523,1.15744083352083,0.576025110355279,0.388932896415381,0.226919154333854
734,0.830227587169832,4,0.84610086481679,0.896770868068486,0.560000084345506,0.34297864876084,0.226919154333854
735,0.979339058768344,4,0.947131673329215,1.22565738248997,0.560446431793529,0.374868865902913,0.226919154333854
736,1.16265435130037,4,1.17121047614601,1.4688790798522,0.685116572796978,0.443060435304985,0.226919154333854
737,1.45782831678659,4,1.44796332154112,1.88175191209763,0.876204055218295,0.59836136566564,0.226919154333854
738,0.785284891566625,4,0.911682736778293,1.17304849477273,0.596684557538522,0.363476074119392,0.226919154333854
739,0.896866880356141,4,0.753549136794145,0.991356162973034,0.481000224415561,0.320722247843989,0.226919154333854
740,0.930612145616399,4,1.05137854146878,1.39942746462609,0.672201855113843,0.428047761906906,0.226919154333854
741,0.900551609960877,4,0.83735099999707,1.04819367436955,0.568461398114276,0.326486247917226,0.226919154333854
742,1.14775147478755,4,1.06187586289653,1.54408229750897,0.930380215779169,0.509774845244336,0.226919154333854
743,0.714625845413406,4,0.838310466310992,1.10614016412138,0.558738292629181,0.346475783044593,0.226919154333854
744,1.05633715581847,4,1.05917969440693,1.72927076459315,0.678666785414219,0.409253354990782,0.226919154333854
745,1.04341567936141,4,1.05860152708288,1.41628526170178,0.764328871616615,0.446725919590314,0.226919154333854
746,0.969177482275058,4,0.976870900549319,1.31526854267967,0.734466076670658,0.409416107487004,0.226919154333854
747,1.14779914726958,4,1.26134364323487,1.7647014736229,0.731412525211598,0.456878201607329,0.226919154333854
748,1.00363548685368,4,1.07957742894224,1.46962064599713,0.638295918844969,0.387572962349238,0.226919154333854
749,1.0375075347313,4,1.1197142279974,1.38304110643051,0.714328780262422,0.423227703503237,0.226919154333854
750,0.961648353713426,4,0.987822174433014,1.16937928485501,0.594658911379622,0.396116111662992,0.226919154333854
751,0.541281800327202,4,0.531498018354764,0.681912701285407,0.408942326954112,0.240391117821749,0.226919154333854
752,0.697216928572018,4,0.71047638510893,0.88921506919579,0.448523174276963,0.301522581584898,0.226919154333854
753,0.985526371997874,4,1.21930208314636,1.19452343602837,0.613902409719408,0.407681653571141,0.226919154333854
754,0.762125651074549,4,1.04351211310283,0.961106468558,0.645755334205549,0.406096719390344,0.226919154333854
755,0.885549784112378,4,0.972947333037649,0.865001404243481,0.617932314001869,0.401942161749677,0.226919154333854
756,0.864107221415967,4,0.993004030194054,1.01742492806128,0.593555573038945,0.397164538717706,0.226919154333854
757,0.904232456252758,4,0.936310472769927,1.1094745856153,0.625605713515524,0.397094369497635,0.226919154333854
758,0.982524621995183,4,1.03179692750739,0.873515359565158,0.63973595925305,0.426324145682029,0.226919154333854
759,0.818139344425936,4,0.895245818516387,0.797844918114221,0.581370889999854,0.370793944100865,0.226919154333854
760,0.792342947056704,4,0.867503447718142,0.807261251111364,0.589358391538488,0.359518135561079,0.226919154333854
761,1.10308755686822,4,1.34561527489155,1.53108049954787,0.711440542239164,0.454072853555052,0.226919154333854
762,0.964747032855127,4,1.03000633456537,1.19012608214311,0.703553647547151,0.438313559876298,0.226919154333854
763,0.979431046499697,4,1.09213035081315,1.24981827899703,0.719403991251843,0.422021174653057,0.226919154333854
764,0.948571694583064,4,1.0559347428491,0.944405641866952,0.678043537585927,0.405275546641069,0.226919154333854
765,0.729561553009468,4,0.703603876312531,0.910160408629113,0.540353460853395,0.335697921198193,0.226919154333854
766,0.786356622015919,4,1.08962068989111,1.28818723442408,0.600838918277775,0.370468873337831,0.226919154333854
767,1.00314241725249,4,1.21694168279652,1.36856415734202,0.692747048741576,0.445956441086833,0.226919154333854
768,0.76039924658711,4,0.82551390099659,0.917348427012887,0.487435652113853,0.318696088842422,0.226919154333854
769,0.947290260760354,4,1.17933562793453,1.48877692066795,0.641757479480836,0.424830947765737,0.226919154333854
770,0.632130553793758,4,0.703109908369066,0.576650127415559,0.467689692762737,0.28167540669063,0.226919154333854
771,0.89068161758059,4,1.05390591358944,1.02745008209972,0.57368639317437,0.371134717368486,0.226919154333854
772,0.610856448486405,4,0.727245710287758,0.878810642222714,0.421247059955209,0.289942242065554,0.226919154333854
773,0.906661507963482,4,1.07977303674908,1.19235656787927,0.636361311778251,0.386615338142907,0.226919154333854
774,0.905194764069978,4,0.984140189942064,1.37416241838221,0.588154465188691,0.367512927566672,0.226919154333854
775,0.8894940323437,4,1.0930834237618,1.00237824393892,0.648969118294384,0.418979410620004,0.226919154333854
776,0.815510438593387,4,0.944395709034025,1.17900711109469,0.560747713238012,0.408876346653986,0.226919154333854
777,0.861921696765797,4,1.05393521248764,0.980721269046377,0.583435510370448,0.395103860641753,0.226919154333854
778,0.845030814282247,4,0.94042996807295,1.16367395147002,0.458970867103464,0.306934147024555,0.226919154333854
779,0.65266478604561,4,0.802644664381315,0.962663249062515,0.417470475651747,0.286243937186776,0.226919154333854
780,0.742215214608243,4,1.02008020924691,1.18108264159829,0.514350712331796,0.333685746959385,0.226919154333854
781,0.740177264693621,4,0.940213183350188,0.779037866863745,0.522669898185838,0.326396794107195,0.226919154333854
782,0.548434133184268,4,0.664973884259541,0.949548690541931,0.296470378740894,0.196266701187574,0.226919154333854
783,0.961256896298146,4,1.19409804338397,1.00331103367192,0.635722543679241,0.430803082324496,0.226919154333854
784,0.745775842177183,4,1.12485384298018,1.30491166224374,0.547359262082808,0.364683649972655,0.226919154333854
785,0.954440985502448,4,1.13320154639147,1.01420521654873,0.585768293402965,0.404205798439895,0.226919154333854
786,0.83516963849765,4,0.95766535046394,0.770932809534638,0.5470659598488,0.367660089837426,0.226919154333854
787,0.977736674679972,4,1.08349701398366,1.02533675572095,0.635210186397426,0.418523734074583,0.226919154333854
788,0.787970977021661,4,0.906970295023196,0.853119350266327,0.549102390361649,0.366581768009274,0.226919154333854
789,0.888155428894362,4,1.14031988467965,1.27200406325396,0.639372263501934,0.427215696782962,0.226919154333854
790,0.891412418902157,4,1.12414908087835,1.34756984453029,0.543894441502463,0.362419393441137,0.226919154333854
791,0.820439216887304,4,1.02766139322201,1.12523075982881,0.50926800977314,0.348378033680592,0.226919154333854
792,0.587177377905721,4,0.732560442405469,0.874659482806916,0.349072584348818,0.24729678257932,0.226919154333854
793,0.562294485670903,4,0.617111344331234,0.598884075174921,0.392751262912813,0.25036403270865,0.226919154333854
794,0.824322457060837,4,1.04307832876711,1.39647879306686,0.621655361101138,0.409204884093689,0.226919154333854
795,0.78960408596312,4,1.06586221181084,0.99776596132613,0.528560599215188,0.359774015271279,0.226919154333854
796,0.827973713770392,4,1.08393849439458,1.261933463019,0.496158136979843,0.337493475096783,0.226919154333854
797,0.851356288260816,4,1.05825159865699,1.08237529964658,0.587377749300971,0.410142183950679,0.226919154333854
798,0.969217558163811,4,1.27180207416022,1.37618750592922,0.647712703232601,0.485066164905231,0.226919154333854
799,0.588437785004618,4,0.720086874687656,0.84818920807973,0.395143839912615,0.248627639847251,0.226919154333854
800,0.852441316767949,4,1.13617330492879,1.02272807223719,0.5810713029979,0.402808244935326,0.226919154333854
801,0.765142975307698,4,1.06783803323927,1.12463580799656,0.546829557304176,0.346712954584662,0.226919154333854
802,0.726867227230117,4,0.943650074727584,0.918453579213222,0.477873964021263,0.29436045051632,0.226919154333854
803,0.781146324725139,4,0.98613392243324,0.759978167469666,0.511902912310286,0.334121602527025,0.226919154333854
804,0.644953567378048,4,0.805364487965185,0.777657710727062,0.454663526842115,0.278141594135806,0.226919154333854
805,0.717383823875159,4,1.04333921675268,0.816593309503494,0.514642432101853,0.319133581857292,0.226919154333854
806,0.571215661292516,5,0.921719248351054,0.945064925345052,0.27957927610571,0.215966174261215,0.417593535957196
807,0.803843806551251,5,1.0936461504491,1.06441773191094,0.537938457303526,0.352412894811868,0.417593535957196
808,0.781973011505544,5,1.03732042400506,0.875834196678348,0.507358724352312,0.343262974489797,0.417593535957196
809,0.414929336125062,5,0.702307861661309,0.683615295622019,0.252345344986993,0.169910533192495,0.417593535957196
810,0.839375512171201,5,1.25817884463868,1.06510246988982,0.622180196271636,0.426845106783218,0.417593535957196
811,0.917845096362567,5,1.17974258988566,1.03062695025995,0.528115336285886,0.389774327091429,0.417593535957196
812,0.85031848458565,5,1.20486493361129,0.933237787694794,0.534722419140997,0.348447676740287,0.417593535957196
813,0.556340614338338,5,0.630010438881477,0.522098882651984,0.369205946679917,0.228747979244361,0.417593535957196
814,0.739608593372495,5,0.951291944147841,0.786802359601289,0.450493388812553,0.333772471802935,0.417593535957196
815,0.948979120466111,5,1.15568964005806,1.10511355849246,0.578659269354499,0.530980055664869,0.417593535957196
816,0.919559747466854,5,1.0840335897928,1.08466960658561,0.605433749036812,0.387130421038022,0.417593535957196
817,0.668371869840795,5,0.730269897400224,0.840684736757669,0.449031725574813,0.309544336687807,0.417593535957196
818,0.885271959831682,5,0.972742769017398,1.11554033574874,0.535399805138301,0.379709900074283,0.417593535957196
819,0.852445511097194,5,0.987505044887728,1.14272970111523,0.534011515209674,0.432099974917022,0.417593535957196
820,0.956845768755043,4,1.05397648866113,1.02429657040914,0.541049566310214,0.427781502078903,0.358233034845251
821,0.942213327495592,4,1.03933441454674,1.11357828822492,0.556516282390968,0.393393387976315,0.358233034845251
822,0.813316640799539,4,0.904292943047527,1.00051107503887,0.490370373880267,0.353561951007234,0.358233034845251
823,0.695669439653275,4,0.86696128746997,0.94329536908403,0.428257424281887,0.303952038220435,0.358233034845251
824,0.812140501162946,4,0.965610300132563,1.13769227991703,0.508831582723979,0.33847862920729,0.358233034845251
825,1.00839612669979,4,1.15065660893114,1.10409134361496,0.618657102278294,0.409178551066019,0.358233034845251
826,1.02492373668473,4,1.23806775833118,1.1549832588748,0.660477592930291,0.446613775383046,0.358233034845251
827,0.847874896279865,4,0.943309407545634,0.944765492907694,0.528935595197176,0.360971460438918,0.358233034845251
828,0.917723062502698,4,0.949076499501189,0.937827170632327,0.582572699744941,0.389296839582898,0.358233034845251
829,0.98498981328133,4,1.09758034579441,1.10284944633475,0.583543992168344,0.42198753545805,0.358233034845251
830,0.761531039895794,4,0.7917248257359,0.743492403590293,0.524289694432355,0.332384017083102,0.358233034845251
831,1.1092091289801,4,1.45844719794849,1.57109578637459,0.744891051147569,0.521243197464235,0.358233034845251
832,1.04459905653025,4,1.11559146602074,1.01761151943594,0.719603451822399,0.491196218188915,0.358233034845251
833,0.799576842592124,4,0.85546970353434,1.08398330285361,0.526012913390318,0.351706093062073,0.358233034845251
834,0.579066955172711,4,0.709605199958446,0.61721434721238,0.380064091191252,0.268667843098131,0.358233034845251
835,0.728484210723825,4,0.905250308688338,1.15927674027377,0.474026529314253,0.330846409328928,0.358233034845251
836,0.84456738006589,4,0.946014745458916,0.904497937799484,0.584775690377727,0.377875857592886,0.358233034845251
837,0.977798181782265,4,1.12071019268572,1.30965779035824,0.646174274499286,0.44821932017267,0.358233034845251
838,0.979170333261842,4,1.12395758774504,1.07736463518177,0.732608453250453,0.461548135293107,0.358233034845251
839,0.741161359971248,4,1.06855320993372,1.00384033878815,0.546054888712812,0.340607362808229,0.358233034845251
840,1.00895076944597,4,1.21241735915512,1.20066489793777,0.730828966994161,0.461285323735966,0.358233034845251
841,0.800802110405584,4,1.17598088196881,1.25444062921253,0.663667424005972,0.409056767063505,0.358233034845251
842,0.957317342307193,4,1.08021014642706,1.17784487733823,0.647529239262635,0.455810764190326,0.358233034845251
843,0.786792165093459,4,1.22211382470791,0.981297250028698,0.502551988411985,0.405590558726258,0.358233034845251
844,0.721298735650102,4,1.01267113441091,0.929958213845582,0.50088691685087,0.303177913976465,0.358233034845251
845,0.731353451587626,4,0.633497187896421,0.739120993701154,0.43818106508796,0.331610961450245,0.358233034845251
846,0.717250302169414,4,0.869292756439761,0.885053493177752,0.466411397323051,0.29642593206537,0.358233034845251
847,0.761452569882415,4,0.889310140309048,0.817588901662859,0.524189258234898,0.326661701925003,0.358233034845251
848,0.667978375325394,4,0.818625412105497,0.762103734229325,0.433974910940678,0.287578147129223,0.358233034845251
849,0.600675952792224,4,0.714867430778505,0.745262278300725,0.387950076309191,0.24691873008358,0.358233034845251
850,0.823410723138787,4,0.905926724071316,1.10970752392134,0.501835037319295,0.322304491296274,0.358233034845251
851,1.08376304331478,4,1.24405423191046,1.03692851667758,0.660425915844002,0.46924332253013,0.358233034845251
852,0.853926165992194,4,1.03025773953818,0.818170201296886,0.578444934420097,0.407151298914844,0.358233034845251
853,0.899141005373298,4,0.984278851754456,0.950205365638911,0.568606567152679,0.352873271231991,0.358233034845251
854,1.07853088279677,4,1.23594144163378,1.02147065602898,0.676371377720397,0.426566752070515,0.358233034845251
855,0.73446367405594,4,0.813601494415946,0.671301944762458,0.465345886716701,0.323264172548205,0.358233034845251
856,0.734416065879738,4,0.903212921418502,0.779433074548453,0.5222748433523,0.293364939956992,0.358233034845251
857,1.02083191385388,4,1.05474694831291,0.983727697545927,0.661435923846989,0.415264327314552,0.358233034845251
858,1.04125660613211,4,1.06181981396526,1.22547183726802,0.70244594600685,0.441309119717966,0.358233034845251
859,0.93819546649698,4,0.96817648945182,0.97934116820274,0.744902837906504,0.409569205531771,0.358233034845251
860,1.00823994444635,4,1.0440551709497,1.25993625022439,0.723907591388037,0.431143106644361,0.358233034845251
861,0.855381461848367,4,0.861234435895137,0.785875929378143,0.664408623771029,0.387929457091721,0.358233034845251
862,1.24600922187468,4,1.20484791921972,1.2392866967272,0.853076859108662,0.569920349978174,0.358233034845251
863,1.18836116425562,4,1.1383662475091,1.19937118389302,0.79792002169919,0.512081727735843,0.358233034845251
864,1.10155446131458,4,1.18401874603727,1.20906704902512,0.773530629848258,0.487434819608093,0.358233034845251
865,0.996574779239272,4,0.927621231544344,1.03321413031695,0.708443013576632,0.443947485307474,0.358233034845251
866,1.10269971420314,4,1.01459282180399,1.12066557689966,0.801995078085113,0.480076157516171,0.358233034845251
867,0.798098333802109,4,0.831720799521655,0.931807861458506,0.563925856284429,0.363361488082056,0.358233034845251
868,1.0076025554133,4,0.962871514376021,1.04783853242812,0.761019093401898,0.441798191864588,0.358233034845251
869,1.25964770817106,4,1.18284476236352,1.29296396824417,0.927826093010588,0.591610176327606,0.358233034845251
870,0.901196290033423,4,0.849948883875593,0.843595677251907,0.641499430506057,0.385305012000035,0.358233034845251
871,0.9255442846964,4,0.879395739594858,0.98194194085821,0.622635767036287,0.383764483625165,0.358233034845251
872,1.06320318477453,4,1.04768193436014,1.12020520934217,0.728491072147672,0.469788218115902,0.358233034845251
873,1.04625070550188,4,0.990469591436246,0.990014068070398,0.719432025756731,0.425992204694762,0.358233034845251
874,1.15844868242275,4,1.1872526585395,1.49228515517846,0.748472942916479,0.504408779313814,0.358233034845251
875,1.28504671531205,4,1.25761918151426,1.21958391256017,0.892370637484902,0.568902445470603,0.358233034845251
876,0.720635577348366,4,0.941155892583231,0.814271455349586,0.586139345101436,0.338070346142033,0.358233034845251
877,0.966336713205408,4,0.938908298953899,0.901148356619212,0.692642575273757,0.442083916741869,0.358233034845251
878,0.933927156369204,4,0.897922142365721,0.763289119772126,0.663878544104681,0.407809286004738,0.358233034845251
879,1.03938720470542,4,1.02926141728047,1.04896238685321,0.76008216631219,0.443808816975432,0.358233034845251
880,1.07961114921411,4,1.12536723810675,1.03198931756368,0.799973231743794,0.481285257229285,0.358233034845251
881,1.06662782280358,4,1.15579801187496,1.08462021101288,0.811428417296805,0.458207535256007,0.358233034845251
882,0.992150853821085,4,1.06169155015357,0.911674101858505,0.699385289109272,0.419813899626013,0.358233034845251
883,0.631456908630766,4,0.637252466709389,0.608926658750546,0.521154589370818,0.274946751294149,0.358233034845251
884,0.746394466992595,4,0.795530192431846,0.68005843129254,0.586666492134416,0.33673048652317,0.358233034845251
885,1.15158559590247,4,1.20716621782293,1.01555793008302,0.905552641869662,0.52991245763771,0.358233034845251
886,0.77770106255332,4,0.882280845001035,0.729887130934013,0.575563960479328,0.348518330134318,0.358233034845251
887,0.647172676832207,4,0.667661969151064,0.599649731161139,0.547453663125723,0.280340071364614,0.358233034845251
888,0.922913708644785,4,1.02633350595199,0.850382564928881,0.715093595700432,0.442681198818589,0.358233034845251
889,1.08777758511774,4,1.25061474522441,1.03882534265507,0.892490908466054,0.543157232933362,0.358233034845251
890,0.793854730484851,4,0.91308782477323,0.700293639681032,0.508863085650937,0.351221384742543,0.358233034845251
891,1.14773616129447,4,1.2946649722922,1.0061290401469,0.798309367199372,0.465060308902487,0.358233034845251
892,1.02406986763951,4,1.08980327527166,0.914799348496571,0.757349340613972,0.453342274925925,0.358233034845251
893,0.674298460633979,4,0.885569133015751,0.649284141012042,0.543081743711128,0.30651358185045,0.358233034845251
894,0.888846560935794,4,0.896348242028911,0.701955414971737,0.672861193670038,0.421644644643364,0.358233034845251
895,0.78798646707832,4,0.802289001100345,0.713712443538231,0.58847551009099,0.351547061407406,0.358233034845251
896,0.285575379121474,4,0.420039042003585,0.220875369620003,0.268183017974595,0.158134717963939,0.358233034845251
897,1.11139863006144,4,1.09788080419659,0.918551616176433,0.822480190574076,0.576820237939559,0.358233034845251
898,1.1088445625726,4,1.04137802593659,0.958139696212396,0.769421033631126,0.522562314433502,0.358233034845251
899,1.25588825698815,4,1.15186617277351,1.17421499767955,0.874297255755897,0.593925614677926,0.358233034845251
900,1.16163543348374,4,1.15961742746834,1.34355230179275,0.855716834206016,0.570622953149295,0.358233034845251
901,1.19879334131506,4,0.993155826698691,0.927715855044922,0.81652966817417,0.563124198110048,0.358233034845251
902,0.918722799452938,4,0.812608689271082,1.0016363687391,0.729390146117033,0.469956616156239,0.358233034845251
903,1.18849892831541,4,1.03015726100803,1.00603774054747,0.891153269432961,0.597507008605516,0.358233034845251
904,1.28299498855178,4,0.997540170997131,1.42349588628609,0.940636227090502,0.588387439870379,0.358233034845251
905,1.4214404725074,4,1.25568812271923,1.43274207126696,1.01066926839461,0.665438974079955,0.358233034845251
906,1.34766193716374,4,1.17486914415145,1.22164637162707,0.978368428872955,0.68393653839436,0.358233034845251
907,1.14475181136109,4,0.979845658807154,1.00147138416717,0.81832707042875,0.559165172258553,0.358233034845251
908,1.27209238873946,4,1.06291134389125,1.22716335426216,0.942757918385692,0.624322226188587,0.358233034845251
909,1.10805046818358,4,0.948575098353459,1.09504098127194,0.750172360852945,0.45505509309783,0.358233034845251
910,1.07844801301772,4,0.887751707557217,0.978436689792799,0.848267015703768,0.502570162838081,0.358233034845251
911,1.21482299615315,4,1.09454218653254,1.2118787056572,0.97502301081803,0.548897655439507,0.358233034845251
912,1.23094230211466,4,1.15889093330971,1.02624572827359,0.830909829337104,0.534294300499722,0.358233034845251
913,1.12870283697106,4,1.0192107501075,1.15826584505392,0.913165011642073,0.504241630402385,0.358233034845251
914,1.05267511818875,4,1.00268472212377,0.978264601047214,0.795919540315274,0.503345699470678,0.358233034845251
915,0.782878036022043,4,0.708125105907578,0.585736827904665,0.561616755614423,0.356038137198838,0.358233034845251
916,0.99612271537962,4,0.898022027296181,0.901594928340815,0.677632411968721,0.404926269723189,0.358233034845251
917,1.07035118000229,4,0.929854423744439,0.811382151871429,0.760667576495477,0.470478009878787,0.358233034845251
918,1.17158750522127,4,1.14658343254187,1.05881668433377,0.80464009617829,0.513590735613407,0.358233034845251
919,0.58222543565014,4,0.597750678870282,0.547890815322408,0.532990603755852,0.296093769230605,0.358233034845251
920,0.879517147330048,4,0.923956320466274,0.982339559914338,0.596250035225175,0.387701084697657,0.358233034845251
921,1.07290509179686,4,1.05275537345685,1.18287549382102,0.773446206949256,0.428370099309769,0.358233034845251
922,0.810727355047113,4,0.687668266743575,0.803861122595451,0.640288424609919,0.337900766356155,0.358233034845251
923,0.895015369142444,4,1.02297806551811,1.07380991853734,0.637752929203458,0.38196562723496,0.358233034845251
924,0.759750220620648,4,0.818270590207329,0.775845605796914,0.520968731474737,0.327027141504732,0.358233034845251
925,1.33970166301844,4,1.27355790766954,1.3899631397571,0.950204146334339,0.553394795212398,0.358233034845251
926,1.03854532036501,4,1.15800393481597,1.33339309530556,0.67292188661041,0.46077397220954,0.358233034845251
927,1.35955177621552,4,1.38867148834215,1.58064844827603,0.940728749342453,0.602390454159559,0.358233034845251
928,1.00802567646997,4,1.09885705786938,1.12230839556552,0.827928363656146,0.460244602059755,0.358233034845251
929,1.01878587103095,4,1.01610581044175,1.15832957963984,0.750749821977373,0.460466223631993,0.358233034845251
930,1.06409429220713,4,0.998293532996019,1.23048171668641,0.702793588188042,0.426671710921747,0.358233034845251
931,1.17335970917072,4,1.14692930189052,1.30797118540227,0.992149721231102,0.525989998766705,0.358233034845251
932,0.732322546223003,4,0.739585148967541,0.835177637223789,0.543211627343352,0.314119202408014,0.358233034845251
933,0.845791431906704,4,0.835270487173496,0.72644247510258,0.696564294504362,0.39879070449976,0.358233034845251
934,1.01124667784926,4,0.942205332610838,1.15680667769347,0.76278739889023,0.448902666037661,0.358233034845251
935,1.0088544241272,4,0.960708796884904,1.04403767966522,0.843759346950848,0.491295113926043,0.358233034845251
936,0.834796558517893,4,1.03759182474157,0.825456711465404,0.571819579538663,0.383451916268585,0.358233034845251
937,0.957201891999722,4,1.17073968428698,0.952813769448204,0.765818247763017,0.44845852840801,0.358233034845251
938,1.0223616240013,4,0.954044381019458,1.12316276269309,0.874674022263652,0.453735305560404,0.358233034845251
939,1.12787130865364,4,1.09684592544417,1.00252601394463,0.865901987804128,0.54746291177162,0.358233034845251
940,1.12047588961286,4,1.04577141754053,1.15656948295013,0.971904228461809,0.517617611664882,0.358233034845251
941,0.820311392166561,4,1.01516231082867,0.810817959297122,0.720359186612767,0.3831704747212,0.358233034845251
942,1.04572146434455,4,0.982962644372973,0.908515001192585,0.883648672334219,0.460040404347954,0.358233034845251
943,1.08907629822931,4,1.00024935099736,1.23837050144075,0.890845364556297,0.531734764417552,0.358233034845251
944,0.98714779327462,4,0.908292804294298,0.879412960780857,0.765257994795926,0.431664861558344,0.358233034845251
945,0.911408579683358,4,0.72543029992835,0.724933969812368,0.774063267747443,0.412060863668983,0.358233034845251
946,1.10284057020573,4,0.955109463874521,1.16317924227796,0.885085163083155,0.519127593241174,0.358233034845251
947,1.14589262923897,4,1.01225240579037,1.28908081271665,0.823867984140399,0.507996976761629,0.358233034845251
948,1.09322173111946,4,0.999437471777628,1.23619079575532,0.869017397343159,0.512518490279225,0.358233034845251
949,1.1381995135643,4,1.03359708584468,1.28708692518406,0.938582893047316,0.544430562177288,0.358233034845251
950,1.24335072373255,4,1.11741081381811,1.30731290233536,0.909706892401124,0.543757547579427,0.358233034845251
951,1.44076020046131,4,1.05227649292114,1.46588405581856,1.10691997514934,0.582764730268399,0.358233034845251
952,1.31933756443236,4,1.12238412232527,1.50646909677654,0.972683822116358,0.59577334505131,0.358233034845251
953,1.23669746694102,4,1.06335813605879,1.13124779491756,0.923565034455014,0.574378682945133,0.358233034845251
954,1.12067276666573,4,1.09519982633001,1.1859500593168,0.866894966273277,0.49012333618875,0.358233034845251
955,1.66648009646116,4,1.36073547806762,1.86196217655041,1.30903989206147,0.836251458671641,0.358233034845251
956,1.1953648693687,4,1.03813864338262,1.35128976648933,1.00732147654811,0.571313248165968,0.358233034845251
957,1.00786632453771,4,0.74893609612568,1.03400307324047,0.716870762840694,0.435046979472081,0.358233034845251
958,1.26553727578492,4,1.03940879314565,1.44966208737069,0.975039075781712,0.640797454436345,0.358233034845251
959,1.27523889540182,4,1.02488988718392,1.37220468120708,0.969128699518037,0.577634132836464,0.358233034845251
960,1.07997599602499,4,0.917163863385208,1.20589718918468,0.785800185350918,0.514338267698779,0.358233034845251
961,1.24464283050994,4,1.12198131216089,1.47016106731303,0.810851963260986,0.52281626317537,0.358233034845251
962,0.501701696699888,4,0.46104860383867,0.489663192239867,0.384053976665343,0.265825256657269,0.358233034845251
963,1.01781457056569,4,0.873709422670701,1.15934237531041,0.799216264725522,0.46463202370506,0.358233034845251
964,1.1343759182455,4,0.984675977466182,1.19128819341387,0.875422021847102,0.545195825931628,0.358233034845251
965,1.05825894863769,4,0.877459631289429,0.890436267124185,0.84463153828023,0.515625150666969,0.358233034845251
966,1.20548051513955,4,0.990701285650981,1.08432540859683,0.892326079063534,0.538219001584018,0.358233034845251
967,1.20023974502827,4,1.05624657850481,1.28475034425815,0.977696221658789,0.568748682837142,0.358233034845251
968,0.949942104542088,4,0.823219997630384,0.945886235352724,0.719681530089901,0.452106626424969,0.358233034845251
969,1.27790292750389,4,1.09907889509893,1.40587155822986,0.87170565463277,0.546081246792246,0.358233034845251
970,1.05178249095535,4,0.915123951683866,0.98976274565304,0.836364718843592,0.46588185972874,0.358233034845251
971,1.36223212050068,4,1.12931203882799,1.51824265126048,0.992350424509325,0.610779153384968,0.358233034845251
972,1.19441156275829,4,1.01404534178717,1.35817857861326,0.924986337005824,0.575059917701594,0.358233034845251
973,1.33598861710497,4,1.13231174585401,1.30736643475039,0.912816371244182,0.571118959207409,0.358233034845251
974,1.14739650009404,4,0.904794037833746,1.21756033338139,0.804508483955539,0.499310309879572,0.358233034845251
975,1.13330262887064,4,0.945742588318372,1.29175748638009,0.864019318245347,0.63605393492779,0.358233034845251
976,1.33622352052456,4,1.08428337785508,1.52271663073268,0.907012175803379,0.577965152841985,0.358233034845251
977,1.32601300510653,4,0.890827303298525,1.29200599787826,0.879514868138625,0.590564474290833,0.358233034845251
978,1.1769982694336,4,0.996075232898075,1.36999809631699,0.875717116079866,0.605906808516745,0.358233034845251
979,1.03607941883396,4,0.880200344211854,1.05193369020371,0.830902586603308,0.491993027364861,0.358233034845251
980,1.00002348042954,4,0.953310349153466,1.02350691530684,0.761406851170673,0.48137102766824,0.358233034845251
981,0.946548892386663,4,0.935178271045304,0.875991376920626,0.737294257911026,0.491562841662339,0.358233034845251
982,1.32839034024614,4,1.02460877568318,1.53859427157779,0.973282765886415,0.655154798341266,0.358233034845251
983,1.15908070874325,4,1.05192197784936,1.4805931089279,0.818677416772893,0.561228455978699,0.358233034845251
984,1.15629474381575,4,1.21526631347981,1.64149179187845,0.97731960657262,0.703936914749689,0.358233034845251
985,1.25237580379416,4,1.22344621807459,1.67534561690319,1.05484743368089,0.724802537059356,0.358233034845251
986,1.02049810390259,4,1.12979280091281,1.47057099008158,0.807641090576309,0.534186544269284,0.358233034845251
987,1.04645803859799,4,0.82477847197313,1.20474669357337,0.829840545505074,0.509866495579857,0.358233034845251
988,1.34023433776487,4,1.14310213052772,1.58797628147802,1.04745861340809,0.618233436305612,0.358233034845251
989,0.992143512554665,3,0.844620458185149,0.983408809780614,0.822951319804934,0.520075540822243,0.573792568291154
990,0.870699271920773,3,0.669346510680596,0.854192253576831,0.706715504259974,0.477648241664806,0.573792568291154
991,1.29432168399234,3,1.22675155536928,1.19020400459907,1.03306388887837,0.642000777732297,0.573792568291154
992,0.776594592170598,3,0.872118929655757,0.810083967610318,0.729534441723322,0.470023795501732,0.573792568291154
993,0.861192199418308,3,0.94777621720032,0.993931750978142,0.795592901099353,0.533667312064048,0.573792568291154
994,0.793005066265882,3,0.962174397394203,0.843424044431965,0.788642681014644,0.491887112786227,0.573792568291154
995,1.06075165228232,3,1.01770384983448,1.04285101784163,0.76438043879538,0.439092615112022,0.573792568291154
996,0.679614005295439,3,0.834469779458505,0.75763024567546,0.631464099072875,0.381966661486236,0.573792568291154
997,1.1410536412045,3,1.06019443791899,1.1468209386402,0.872996600473123,0.568402613812345,0.573792568291154
998,1.17064450783789,3,1.34213880006861,1.15782593436321,0.782672534477986,0.396646312982056,0.573792568291154
999,0.958887445615066,3,0.995057988987085,0.980838434444591,0.684307599205744,0.473402555454598,0.573792568291154
1000,0.615333850766572,3,0.862153087579844,0.783490049380438,0.633164779236963,0.419641100709448,0.573792568291154
1001,1.26015740345428,3,1.37860900045423,1.32564981305947,1.03245575517836,0.650333505930621,0.573792568291154
1002,0.787682692115932,3,0.846157182091602,0.770798721590567,0.442140723025213,0.258297651215003,0.573792568291154
1003,0.617868416451514,3,0.459026086882092,0.593569721616092,0.461632258661615,0.319220397631981,0.573792568291154
1004,0.743584162357352,3,0.956931596676471,0.857640130706743,0.656609638865176,0.409435903680097,0.573792568291154
1005,0.924005987960198,3,1.01618693501661,0.971861853614993,0.67629936151235,0.46576660525296,0.573792568291154
1006,0.997002060337194,3,1.06656199994884,1.00164654135048,0.725106802096907,0.481104115055361,0.573792568291154
1007,0.791973202057167,3,0.967897759650055,0.963213952777889,0.743645479707366,0.479587816122796,0.573792568291154
1008,0.816256712664187,3,0.842149596244899,0.835958261623655,0.63401104516249,0.41840979963452,0.573792568291154
1009,0.760718985411111,3,0.792905521511222,0.761523557559898,0.560918205706728,0.360510414025416,0.573792568291154
1010,0.946389640784093,3,0.946653266420806,1.14033560867399,0.849289553701308,0.602828325228117,0.573792568291154
1011,0.861062820522359,3,0.9427933618023,0.889181302716655,0.641632259010579,0.39762149111429,0.573792568291154
1012,1.08372011685437,3,1.14618007796605,1.09137609017072,0.875033063219498,0.542717763132214,0.573792568291154
1013,1.08715396500115,3,1.20379675288631,1.11126185663589,0.902441066427097,0.547302151391726,0.573792568291154
1014,0.939054939098678,3,0.998427264761194,1.05675552964105,0.768287745033813,0.476074335831337,0.573792568291154
1015,0.787072358769475,3,0.938716986119736,0.912125943955837,0.717176793608988,0.397895427864579,0.573792568291154
1016,0.779307752110383,3,0.832751004804141,0.785648408931673,0.696635569630246,0.407031979593592,0.573792568291154
1017,0.895119180565464,3,0.864108356789849,1.06606594083783,0.766852492661343,0.466842895264215,0.573792568291154
1018,0.846082069827882,3,1.10751896741909,1.07775712383273,0.861468411643572,0.524811927896939,0.573792568291154
1019,0.982783528910925,3,1.27667724770399,1.32859999722981,1.04441979239777,0.674699121343887,0.573792568291154
1020,0.899145662862472,3,1.1258759876581,1.11817717878048,0.718025049158307,0.519993041698729,0.573792568291154
1021,0.815963094479255,3,0.85570927659825,0.904619887264171,0.707905059396095,0.435615453204929,0.573792568291154
1022,0.670620779666106,3,0.716477710334244,0.658950905387087,0.520643122032566,0.305481471065725,0.573792568291154
1023,0.621644885376414,3,0.696073994385519,0.640701864887511,0.529790490368284,0.338518085596584,0.573792568291154
1024,0.8970033284972,3,0.926111138001304,0.940452951138577,1.00493406699651,0.550500701717369,0.573792568291154
1025,0.778338819802354,3,0.86424550292479,0.805863928230583,0.608548670262611,0.403403595932383,0.573792568291154
1026,0.818117111679155,3,1.12076098100571,1.0688956473219,0.837132362866772,0.52830984291488,0.573792568291154
1027,0.720995794949649,3,0.922158019729216,0.781076452611817,0.597424001010203,0.443123488556996,0.573792568291154
1028,0.929486199205304,3,1.06932481817493,0.820256655492966,0.82037442213317,0.414537236367466,0.573792568291154
1029,1.1931194897546,3,1.25406952897983,1.14095869608933,0.887618274378621,0.455736077855164,0.573792568291154
1030,1.07606116927104,3,1.15409700764376,1.2100899661964,0.932094890246109,0.611060367812262,0.573792568291154
1031,0.936316764183474,3,0.944162188757771,0.869798625453981,0.74823282632604,0.499147032414412,0.573792568291154
1032,1.06935038079168,3,1.09365601212224,1.12255803429157,0.924634221318335,0.63846684759068,0.573792568291154
1033,1.19020099339855,3,1.13996048453456,1.20007464529748,0.947256419340149,0.612460429447031,0.573792568291154
1034,0.858969400970327,3,1.16331328654636,1.15561743570469,0.86427795596613,0.600167641459091,0.573792568291154
1035,0.874967949429347,3,1.10667765592532,1.10061298785742,0.882401436932903,0.599419160628338,0.573792568291154
1036,1.00265696992077,3,0.927878310857444,1.04792530634805,0.927220359074791,0.692554435885614,0.573792568291154
1037,0.00406285578162336,3,0.00518504375465051,0.00453608807360668,0,0,0.573792568291154
1038,1.01611278747772,3,1.03749756943315,1.21289562868724,0.802312887742567,0.599205513185961,0.573792568291154
1039,0.933377365080944,3,0.935636235517673,0.939664065224728,0.917424522768221,0.506020218462462,0.573792568291154
1040,0.85764691449924,3,0.944590795287687,0.984269697034414,0.771017296709551,0.536321725053056,0.573792568291154
1041,1.00288031576958,3,0.77847349728376,0.831570780095728,0.540023809917297,0.441133549561884,0.573792568291154
1042,0.834696521627887,3,1.09055173390899,1.16762645314799,0.942178174818606,0.59560334394374,0.573792568291154
1043,0.859242220127764,3,0.968993041756734,1.02647165942339,0.74869810803924,0.498484942819982,0.573792568291154
1044,0.67850208875504,3,0.695768592368469,0.84584455535632,0.621087312399082,0.413745213472438,0.573792568291154
1045,0.76205054268425,3,0.836407915459031,1.01534182313665,0.657355286920435,0.478777984444463,0.573792568291154
1046,1.21271653818704,3,1.10993908716535,1.03389612932896,0.584322269064155,0.549293529963687,0.573792568291154
1047,1.06922080771735,3,1.09678124810301,1.35994222103003,0.771161967140928,0.593947209533546,0.573792568291154
1048,1.64951318977798,3,1.47610932961229,1.62921244743968,0.947291923042753,0.509681215752359,0.573792568291154
1049,1.25817902927655,3,1.12900271236909,1.08491817673573,0.941997372540483,0.446346204815894,0.573792568291154
1050,1.27877729875629,3,1.16793499387417,1.17912654493912,0.677259915712064,0.448202826855741,0.573792568291154
1051,1.01538122323162,3,0.95037510534594,1.11527689805301,0.745094014067381,0.541588014446526,0.573792568291154
1052,0.981360022693348,3,0.966585105290385,1.00699819286815,0.575331215734687,0.438053555250186,0.573792568291154
1053,0.818890205451557,3,0.924721428518401,1.01568535745488,0.739708760082378,0.491614586485275,0.573792568291154
1054,1.36942756910827,3,1.40623683339266,1.43323953674092,0.804622634495191,0.66655564644848,0.573792568291154
1055,1.08016113687428,3,1.04026678001814,0.992596169673275,0.765661594110251,0.513484113133457,0.573792568291154
1056,1.1655979207278,3,1.18221558636073,1.18889780727127,0.611663181570461,0.43775233669883,0.573792568291154
1057,0.903175141610169,3,0.904380348347052,0.879880788952598,0.60125022667532,0.305309750591047,0.573792568291154
1058,0.970218037577979,3,1.04717256044768,1.01927781867737,0.712046274534277,0.503163318717566,0.573792568291154
1059,0.656441675260252,3,0.781077338691331,0.699900017284439,0.419559426828872,0.28817297759103,0.573792568291154
1060,0.646031675698588,3,0.795522826369306,0.750539529245687,0.458227095694798,0.306079905984859,0.573792568291154
1061,0.499132556546692,3,0.720491441158279,0.657690693314375,0.447884259067586,0.261738097178927,0.573792568291154
1062,0.696858722780808,3,0.838639038307918,0.746962417246483,0.533393160397309,0.31027604604636,0.573792568291154
1063,0.675064699060853,3,0.766892670156327,0.61326202872392,0.465390769286567,0.297136625582602,0.573792568291154
1064,0.775006911750978,3,0.863735388343583,0.781183755854578,0.460736110562731,0.306557713628904,0.573792568291154
1065,0.531386209511864,3,0.587642774637871,0.575577604518946,0.375630266898137,0.23091582976875,0.573792568291154
1066,0.76495118710017,3,0.866042266391577,0.699586227961174,0.574049855668441,0.334732137273159,0.573792568291154
1067,0.872913395293579,3,0.913006889790842,0.886586126364015,0.536162747058564,0.331132956690415,0.573792568291154
1068,0.973300073331882,3,1.19199126470976,0.96503510144759,0.765682340483499,0.492500736411616,0.573792568291154
1069,1.13139621002093,3,1.26609508337809,1.19045797872652,0.726379779762146,0.441600101812265,0.573792568291154
1070,1.16313925331897,3,1.2723919199294,1.22086728901901,0.679926927416891,0.417896113035587,0.573792568291154
1071,1.21929259240558,3,1.3384245821304,1.39664217992847,0.849350593035075,0.50656363227486,0.573792568291154
1072,1.12139776315837,3,1.18448430815348,1.18031308671187,0.734936787491726,0.522262849239521,0.573792568291154
1073,1.08958925242745,3,1.17698614577453,1.15193118462392,0.788106963294309,0.473097705261378,0.573792568291154
1074,0.832456910134336,3,0.91762909788966,0.920816905786313,0.643660573483948,0.361369970522995,0.573792568291154
1075,1.07144225178068,3,1.11338311349435,1.08885012821772,0.657950088858314,0.496933888120076,0.573792568291154
1076,1.0334218056878,3,1.03787749558525,0.992521233033371,0.719486456756383,0.425577384980992,0.573792568291154
1077,0.922505063063501,3,1.23103590173746,1.14979535742773,0.78419745471557,0.461149931092789,0.573792568291154
1078,0.744364741963043,3,0.747106391475756,0.863747847586082,0.596473173463039,0.357803639904425,0.573792568291154
1079,0.593412542790374,3,0.650057981427138,0.741972004857747,0.489730660862384,0.284372098639393,0.573792568291154
1080,0.683903145039591,3,0.70399867719121,0.752213487409553,0.520088937838227,0.329006764064841,0.573792568291154
1081,1.00005026584379,3,1.068897788733,1.00759703797358,0.793909972795786,0.437447016354824,0.573792568291154
1082,0.687814030198101,3,0.744834234535294,0.788397068051647,0.590501409184216,0.306758396028955,0.573792568291154
1083,0.879575884083147,3,1.01407690321215,0.842420842275043,0.824029813343807,0.430960289756672,0.573792568291154
1084,0.675998816251735,3,0.738424621312798,0.653166737544878,0.541080711072524,0.317140359327348,0.573792568291154
1085,0.93151135849537,3,1.03680822200629,0.88399005426035,0.714542236100775,0.411277701915691,0.573792568291154
1086,1.07184208584145,3,0.875288705543331,0.896784799216484,0.760420623186801,0.402328293817303,0.573792568291154
1087,1.13669781472177,3,1.10506773847935,1.2520464250271,0.819651832309106,0.540967522686465,0.573792568291154
1088,1.07772066596094,3,1.07538294791934,1.13446610114074,0.881220279218878,0.502238539585726,0.573792568291154
1089,1.12774548711831,3,0.991704791284655,1.12582629278844,0.925666717647343,0.493267018143145,0.573792568291154
1090,1.32167870084664,3,1.26888919993397,1.37925393967586,1.07373377635649,0.651406896490702,0.573792568291154
1091,1.24998941600192,3,1.1052439690877,1.30825430849643,1.17038001075265,0.573609133787182,0.573792568291154
1092,0.935150648468901,3,0.972578249283136,1.1784819673843,0.887139815101284,0.42034787109731,0.573792568291154
1093,1.0656959157538,3,0.969616277405294,1.14666052426236,0.893259906685579,0.462305194009797,0.573792568291154
1094,1.33589161483701,3,1.19767325473329,1.42601603810112,1.01901354052577,0.598202611636293,0.573792568291154
1095,1.225219911806,3,1.08175138251936,1.27862745774416,1.14289864179839,0.604480352809374,0.573792568291154
1096,1.14416424868513,3,0.96148961116894,1.16720461983704,0.992848973744788,0.529999983632747,0.573792568291154
1097,1.04757663937108,3,0.773069867898303,0.916237561754731,0.749647263457259,0.449743410338923,0.573792568291154
1098,1.08788576137596,4,1.06382622616624,1.2949129267829,0.798590828266539,0.4896550405823,0.639310672813111
1099,0.929794491777305,4,0.847534227726969,1.04769710796774,0.747287952229929,0.426542136507978,0.639310672813111
1100,1.14169692025762,4,1.08585666141539,1.32852307044667,0.913996996345196,0.574322124729852,0.639310672813111
1101,0.964134034899626,4,0.924665406743693,1.13678626083857,0.769047913656276,0.474752750831887,0.639310672813111
1102,1.2623186925218,4,1.26143035018253,1.49167212630504,0.954437005594572,0.629961392246256,0.639310672813111
1103,0.855637113617332,4,0.857277846566797,1.02058972897292,0.675130863811253,0.44617790532726,0.639310672813111
1104,0.940683192619333,4,0.908751791297406,1.05300242919817,0.769474534776165,0.463317151387266,0.639310672813111
1105,0.972548915174623,4,0.884435845458902,1.03690641430661,0.796364673783666,0.470074769164337,0.639310672813111
1106,1.05243951309282,4,1.03927657580959,1.19093849394184,0.877490885590324,0.541916840499752,0.639310672813111
1107,1.21087916968391,4,1.17536276179478,1.34114162353067,0.918354995632737,0.571777490138032,0.639310672813111
1108,0.998796591951636,4,0.936292096338315,1.08943317215407,0.720887744095004,0.427622517226575,0.639310672813111
1109,0.610306786878856,4,0.602611410548453,0.67516717157292,0.487829611025853,0.311964928934205,0.639310672813111
1110,1.02745462024411,4,1.02304721087888,1.17960447521446,0.781368270145097,0.488600079902614,0.639310672813111
1111,1.09448672063706,4,1.16536475449616,1.27112286693767,0.872717793058679,0.55039954228862,0.639310672813111
1112,1.12587184123407,4,1.21219530116644,1.31234051944531,0.712472294579753,0.481994761349399,0.639310672813111
1113,0.747390117748304,4,0.771506487288674,0.895348184393296,0.588936868591473,0.374323232848915,0.639310672813111
1114,0.660139820791999,4,0.715205071551408,0.691876568975023,0.538716213032147,0.327441998450481,0.639310672813111
1115,0.866124072776871,4,0.947264383299158,0.951034044857196,0.667140998616127,0.373078953838017,0.639310672813111
1116,0.836828927826951,4,0.881202485234763,0.921827711911547,0.618192318806677,0.385121236148233,0.639310672813111
1117,1.14985128604466,4,1.17785743243613,1.40123134797482,0.920246610837576,0.58557905737537,0.639310672813111
1118,1.20693280352908,4,1.25560386358598,1.33906088596819,0.868289207949349,0.547274516876655,0.639310672813111
1119,1.08464170251938,4,1.12910733387876,1.2200708714603,0.889368266823557,0.550327360700104,0.639310672813111
1120,1.00915615765969,4,1.07056832844032,1.06516974611283,0.756715559998482,0.469386527712188,0.639310672813111
1121,1.06115917501612,4,1.09375463155767,1.07832304086964,0.743718313084657,0.465183005526553,0.639310672813111
1122,0.855447398917376,4,0.901951383334001,0.912815236353187,0.465183106336035,0.35105906693459,0.639310672813111
1123,1.07362341399034,4,1.25265246684146,1.148139173536,0.653564953248549,0.472152766512541,0.639310672813111
1124,0.833123100824772,4,0.967169710540606,0.959134995873457,0.610835673947315,0.397884630447961,0.639310672813111
1125,0.80529302660569,4,0.840741155072041,0.876668910326944,0.613549330539954,0.402631221997438,0.639310672813111
1126,0.936331551195826,4,1.10371636746141,1.04216390596664,0.759337430172834,0.484775160954017,0.639310672813111
1127,0.778239537630935,4,0.980693506041564,0.875741033169987,0.599379452094957,0.414938887913799,0.639310672813111
1128,0.74979215116749,4,0.925604980279956,0.818140907796874,0.512447110004856,0.360870326161215,0.639310672813111
1129,0.859550250614078,4,1.02308623481645,0.9796275556859,0.705639758608465,0.464988950743045,0.639310672813111
1130,0.546781241313683,4,0.738427790673465,0.615019125044825,0.424674191398553,0.288471280893799,0.639310672813111
1131,0.625531624757624,4,0.840845187239172,0.699770770903187,0.510581583025353,0.303495861030511,0.639310672813111
1132,0.756182861847196,4,0.968534602902988,0.844138151460314,0.597196603967825,0.381282435930376,0.639310672813111
1133,0.774764442604914,4,1.0463338299087,0.83282470409117,0.526031541170541,0.366351077992044,0.639310672813111
1134,0.562596861113012,4,0.967727442350591,0.737152764662126,0.440234314481073,0.28589235558431,0.639310672813111
1135,0.614142514578494,4,0.863675008947571,0.656979614102128,0.506977783523046,0.296436355127975,0.639310672813111
1136,0.619381380535061,4,0.866675362997744,0.682127298886495,0.453659690455316,0.287834429525004,0.639310672813111
1137,0.776563576566343,4,1.2877305336133,0.978411972964465,0.549120239850893,0.444163708272248,0.639310672813111
1138,0.859055223458742,4,1.12380955456168,0.898892555065909,0.675064473087363,0.447548423059197,0.639310672813111
1139,0.636395175986571,4,0.903269574257731,0.696787434851719,0.464819997416523,0.293154027054277,0.639310672813111
1140,0.602107344169564,4,0.748807575159782,0.624188286667667,0.488371323562487,0.297595447345248,0.639310672813111
1141,0.480011616486825,4,0.543325622126615,0.426744928024304,0.445958716105819,0.20605038993169,0.639310672813111
1142,0.682110759377868,4,0.99386160348498,0.748973135393942,0.573632278549115,0.357244279944983,0.639310672813111
1143,0.733458974367944,4,1.0208682714966,0.773790835737196,0.530732972927899,0.36222032401266,0.639310672813111
1144,0.717656699370894,4,0.922208955203733,0.723351005323588,0.477009492879831,0.366323327549011,0.639310672813111
1145,0.6724836439311,4,0.901625090619083,0.730841619420184,0.445462462798633,0.300002024538941,0.639310672813111
1146,0.850609099747069,4,1.03717690456381,0.867094918120604,0.506242258401681,0.366408036661841,0.639310672813111
1147,0.921422960067317,4,1.17595610098659,0.993208072722114,0.602322799197771,0.421416912382191,0.639310672813111
1148,0.661835070095074,4,0.992790520407019,0.813384067106032,0.536853155237457,0.343686516081671,0.639310672813111
1149,1.04157267188012,4,1.18706621477937,1.07223065123743,0.839226279437646,0.528988059918429,0.639310672813111
1150,0.735487429364282,4,1.06837013209124,0.966808679091795,0.643946916825019,0.414138415702104,0.639310672813111
1151,0.86263189699676,4,0.938565211461281,0.901106723237781,0.744174101534407,0.469825863478837,0.639310672813111
1152,0.994200490244956,4,0.980862834231058,0.945722667487233,0.783259344707519,0.462224426116296,0.639310672813111
1153,0.961639631273483,5,1.11451180356637,1.11487415914251,0.849373322036946,0.524461231877273,0.68394813757993
1154,0.850866944415275,5,0.884228102391446,0.895654414813391,0.881003185314972,0.414261646271644,0.68394813757993
1155,0.933083954580167,5,1.00825709242514,1.03274798753763,0.834948247769572,0.577995061246204,0.68394813757993
1156,0.60393204123014,5,0.610325208207446,0.7301583943468,0.543075567636095,0.318422216251987,0.68394813757993
1157,1.05644095569918,5,1.05266517442909,1.0812057707983,0.857308228351609,0.517242287128308,0.68394813757993
1158,0.861160909110674,5,0.781117931551627,0.817748517863254,0.746870856405782,0.396380066125856,0.68394813757993
1159,1.19039738142467,5,1.08748533200736,0.92354903515456,1.0440945432824,0.764063599497464,0.68394813757993
1160,0.924372382583458,5,0.867239099151095,0.876110571569023,0.905919156102782,0.415689642393359,0.68394813757993
1161,1.13221630154762,5,1.09214653176073,1.20010803818195,1.09984280177918,0.592711927927761,0.68394813757993
1162,0.847811171355478,5,0.889944720414895,1.03233081000857,0.909976193977335,0.472201547311983,0.68394813757993
1163,1.20229574028918,5,1.1463886312111,1.27275846331459,1.10237141600895,0.805907406650994,0.68394813757993
1164,1.06306944903338,5,1.06209147391023,1.06385047016478,0.802692479514402,0.527514346659613,0.68394813757993
1165,1.1801426459814,5,1.1354143899799,1.28041301383114,0.924441549049804,0.565874434074787,0.68394813757993
1166,1.23926752598673,5,1.2418158206051,1.31102347631605,1.0541434101007,0.631406945624364,0.68394813757993
1167,1.14836657838835,5,1.19304602094094,1.23782888577169,1.11380161376686,0.784277885136087,0.68394813757993
1168,0.965632763527438,5,0.88724195134415,1.00129632402102,0.970680740279231,0.637932091898955,0.68394813757993
1169,0.952164907730646,5,0.990530281637465,1.02585769791602,0.99511163874619,0.71097172229872,0.68394813757993
1170,0.737663883837422,5,0.753750196632962,0.778424116644329,0.665109736503492,0.456611836046185,0.68394813757993
1171,0.892728896268031,5,0.961788155042681,0.939593231831573,0.741387445292771,0.42862744602056,0.68394813757993
1172,0.971350556949948,5,1.08217642112352,1.01414681839098,0.970320222523479,0.602909974397554,0.68394813757993
1173,0.964645982480991,5,1.02250637774105,0.929236368854985,0.928629138940226,0.450056937476381,0.68394813757993
1174,0.805526504640793,5,0.925743792084766,0.850889778372181,0.688273605736979,0.423654734369822,0.68394813757993
1175,0.773422269326057,5,0.882468709376321,0.77990238659162,0.713657190628199,0.484018526232411,0.68394813757993
1176,0.928605135378027,5,1.02728450357551,0.899943024538081,0.856377322919898,0.480945948868122,0.68394813757993
1177,0.94083705531339,5,1.0668348296391,0.936689450443098,0.800105282067137,0.467588050852546,0.68394813757993
1178,0.750241515721794,5,0.899976070674905,0.770563150397474,0.697756540989612,0.468946890366996,0.68394813757993
1179,0.481331175061752,5,0.532761805977904,0.475577604095034,0.586320264268623,0.313448557613002,0.68394813757993
1180,0.855739899192005,5,1.09126711926696,0.911892374862881,0.810341469156066,0.488502054188738,0.68394813757993
1181,0.927212794630237,5,1.08266902583483,0.888417423415139,0.876272888573621,0.563725516193129,0.68394813757993
1182,0.747668314157771,5,0.84393859388929,0.720815017896544,0.751235508481622,0.458117824885473,0.68394813757993
1183,0.909426799891155,5,0.955812334127221,0.808458183961696,0.772440351011896,0.435281589651665,0.68394813757993
1184,1.07991827656742,5,1.21125174811157,1.18281832010361,1.04472617509656,0.631836217633785,0.68394813757993
1185,0.943723297112644,5,0.966848969501702,0.87634796477133,0.859330983071143,0.553947514333156,0.68394813757993
1186,0.856504656315328,5,0.865060676694941,0.828022037014169,0.621980343350704,0.393998642655291,0.68394813757993
1187,0.90767024940006,5,0.978940288053858,0.901728026839698,0.91545052875718,0.583848442919916,0.68394813757993
1188,0.813141033498276,5,0.853734245564749,0.799423462276712,0.783012464711423,0.475943362684949,0.68394813757993
1189,1.00678012114281,5,1.05551329527889,0.856283059667737,0.964010558835336,0.539670929891241,0.68394813757993
1190,0.972080551766524,5,1.00100887139554,0.978014507429704,0.864728079137091,0.539210719590227,0.68394813757993
1191,1.05109590531853,5,1.03109321290886,1.03155322149034,0.976340944820619,0.508073766122408,0.68394813757993
1192,1.00306417026127,5,0.937580484829009,1.02437135320487,0.896610627853383,0.551819117054375,0.68394813757993
1193,0.996552260184903,5,0.985115610489131,1.01880204917113,0.805823370281942,0.606056988648786,0.68394813757993
1194,1.13190880473301,5,1.10925587226384,1.14068351192699,0.888401304025009,0.55087281365646,0.68394813757993
1195,1.18267570634092,5,1.10421696912087,1.18182521187724,0.928567412372305,0.572304412771154,0.68394813757993
1196,1.04424591728705,5,0.927147801514018,0.958925918425737,0.770271516483777,0.466624716349715,0.68394813757993
1197,1.10049943577175,5,0.990575799309669,1.11053555073786,0.903258423558296,0.553757484230746,0.68394813757993
1198,1.41153128457444,5,1.14912499782518,1.29547020983672,1.10108061946577,0.605191832201388,0.68394813757993
1199,1.07704020901062,5,0.959751162234326,1.09690303508962,0.969559061698345,0.674214529563674,0.68394813757993
1200,0.865424197615957,5,0.805427739675123,0.924009195816476,0.835671300584782,0.456343011825042,0.68394813757993
1201,1.12314740118904,5,1.03861295184511,1.0793375703499,0.906640229049449,0.496559170738604,0.68394813757993
1202,1.22446879036561,5,1.09253434110599,1.20835041841121,0.994142663496222,0.542115283716775,0.68394813757993
1203,1.16837490118539,5,0.98071857167494,1.14157461540462,0.863564324277547,0.489236011875199,0.68394813757993
1204,1.36856837863145,5,1.15737390845601,1.30906904932286,1.1652062208957,0.601979533206707,0.68394813757993
1205,1.50116493766046,5,1.16784188229721,1.36134556927657,1.29870287754775,0.802527580814797,0.68394813757993
1206,1.11944257716874,5,0.942846113537029,1.07998102391819,1.01874680807115,0.72238207075655,0.68394813757993
1207,1.22069491962631,5,1.07295799474,1.21146121965973,0.963368446806359,0.664026410409183,0.68394813757993
1208,1.13787124619021,5,1.03776117108414,1.17337265724896,1.10956076207112,0.654611647351439,0.68394813757993
1209,1.04965586219392,5,0.940051356954245,1.02985108524984,0.962977123517866,0.521800011759203,0.68394813757993
1210,1.22158530362505,5,1.10448136954871,1.24577841309393,0.910891066186562,0.589889865153164,0.68394813757993
1211,1.23758080520385,5,1.12760207976176,1.20881981189002,0.942310868176911,0.619870178320373,0.68394813757993
1212,1.16830874013216,5,1.07795844683256,1.16557301087009,0.83773287778926,0.494873962748417,0.68394813757993
1213,0.973766183993518,5,0.927413596058539,0.954721743330898,0.754778315645149,0.455761933978352,0.68394813757993
1214,0.770598415413134,5,0.8520434073445,0.845848323075529,0.765575250113391,0.398214528036394,0.68394813757993
1215,0.845604460171703,5,0.844771508395267,0.807080269985448,0.68603446248133,0.408625609058152,0.68394813757993
1216,1.0121762782771,5,1.03691128992721,0.999135678678033,0.819824070855711,0.576261528079897,0.68394813757993
1217,0.830076010842228,5,0.86651073936745,0.843756635173325,0.627525541252563,0.379838799035098,0.68394813757993
1218,0.679112300010281,5,0.718134681751694,0.667433504484135,0.553321688972973,0.322939839818629,0.68394813757993
1219,0.8390097526433,5,0.883396014326949,0.81126949462794,0.629736414826883,0.369586277675804,0.68394813757993
1220,1.108482324411,5,1.21807495394182,1.09273582113884,0.95125586987522,0.53109171874972,0.68394813757993
1221,0.987527112082432,5,1.05719894801873,0.953443735828102,0.738983720275173,0.424478585985337,0.68394813757993
1222,0.99993470478865,5,1.10792837201478,0.984740481155435,0.781055669082773,0.471719155829526,0.68394813757993
1223,0.961968153705148,5,1.04045433626889,0.916723877138729,0.740379803658045,0.466040594712176,0.68394813757993
1224,0.978212052067817,5,1.06525008067134,0.945395166579792,0.800990290609195,0.496307217384632,0.68394813757993
1225,0.920157135759798,5,1.10511802621167,0.924339614545486,0.759804872620174,0.46460711245186,0.68394813757993
1226,0.637027089545437,5,0.716471923073597,0.577839808797506,0.476493896429183,0.291802270367846,0.68394813757993
1227,0.529300042514269,5,0.551439631854009,0.524898376389593,0.380243197606534,0.255311198827075,0.68394813757993
1228,0.794950880631778,5,0.971268086302323,0.926568808205059,0.710077160177721,0.423155124686186,0.68394813757993
1229,1.07976109030077,5,1.23911295976018,1.05527896030822,0.829129741660326,0.505531501739544,0.68394813757993
1230,0.850678610755773,6,0.965462825905426,0.834491131329471,0.800225947045064,0.56371145116378,0.690250204813822
1231,0.968708396882343,6,1.06626509786894,1.00144576486196,1.00004346883364,0.510439886371321,0.690250204813822
1232,1.15351736177595,6,1.28442348001938,1.13710135775278,1.04007011102929,0.729661492371864,0.690250204813822
1233,0.806591587315706,6,0.918715719779217,0.809433477238786,0.734532520451416,0.491379434909413,0.690250204813822
1234,0.962348932462618,6,1.05292413041534,0.948826012662493,0.862450483103411,0.536739371245379,0.690250204813822
1235,0.736477286468411,6,0.879835807847457,0.712043216376821,0.716651485702167,0.449997335739643,0.690250204813822
1236,0.610245620340654,6,0.687222057331862,0.593576649049877,0.509295654835633,0.383891637081371,0.690250204813822
1237,0.747888641334146,6,0.813613533438825,0.730354702855467,0.680617182075345,0.365731917300874,0.690250204813822
1238,0.956385930035986,6,1.05237183292572,0.939696403197971,0.762595686392578,0.640382035830044,0.690250204813822
1239,1.1460882623679,6,1.28174245820997,1.21851001123286,0.912318298879928,0.620472774052466,0.690250204813822
1240,0.974089025434672,6,1.10139210274217,0.983528381006,0.847805807076834,0.601651454250659,0.690250204813822
1241,1.03111001251831,6,1.1372699661843,1.01050704927392,0.986501033456283,0.610403149589152,0.690250204813822
1242,0.993982895382444,6,1.07830043406396,0.955568425436681,0.814816903687697,0.481086457154913,0.690250204813822
1243,1.04521183877983,6,1.18815709650648,1.02018365799484,0.991814128898445,0.598420825291016,0.690250204813822
1244,0.779546818256032,6,0.925603423059133,0.764811197996403,0.730934561165039,0.565427571010011,0.690250204813822
1245,0.826883886362271,6,0.983346994764386,0.816313360736717,0.778165901646997,0.603451575417618,0.690250204813822
1246,0.795880421808236,6,0.906985490750803,0.770684865530405,0.786216967669796,0.530216909966435,0.690250204813822
1247,0.680733957012686,6,0.800208566256022,0.670942826323954,0.71822346619687,0.520777900155856,0.690250204813822
1248,1.01753037435611,6,1.17318933934674,0.979657803019252,1.03805703855362,0.685163907894033,0.690250204813822
1249,0.991601272292453,6,1.17445933186106,0.971765065575569,0.988510176278583,0.675406422728745,0.690250204813822
1250,0.772314368134887,6,0.910056406115975,0.747434860372377,0.756698945811374,0.523361184880715,0.690250204813822
1251,0.450892626587084,6,0.544245992373606,0.441325705832792,0.49317275615502,0.289417329659107,0.690250204813822
1252,0.866306154658426,6,1.02795689294042,0.843414078183345,0.963152827209169,0.621769541258855,0.690250204813822
1253,0.853273760355953,6,1.02154913241062,0.834099088630963,0.786506456861392,0.538929322463761,0.690250204813822
1254,0.63083293036495,6,0.770625831781605,0.638989964509735,0.723138065960545,0.433948809010739,0.690250204813822
1255,0.61679084133641,6,0.704581051302553,0.629738640100046,0.611840349618579,0.430511950498138,0.690250204813822
1256,0.874117774394591,6,0.987968258035066,0.85159989469708,0.897633030728695,0.557701274013282,0.690250204813822
1257,0.85429665879478,6,0.949403843608608,0.858960055745437,0.836695943975217,0.558906812755529,0.690250204813822
1258,0.793831319155071,6,0.859572428012406,0.773987607822177,0.695118368588791,0.545852814448915,0.690250204813822
1259,1.02552910617714,6,1.08348156501359,1.00067996169301,0.978403589633925,0.653212700592275,0.690250204813822
1260,1.21859792945156,6,1.34308900954872,1.18735081753016,1.11661551115293,0.807222305973568,0.690250204813822
1261,1.35500646374835,6,1.338133793731,1.29785328937995,1.31648321111302,0.927034197590543,0.690250204813822
1262,1.26774497418507,6,1.27079222745557,1.22841518487196,1.28274003600673,0.865410346101406,0.690250204813822
1263,0.929659014965757,6,0.92652457843699,0.897497598430638,1.02085583521221,0.599432553276076,0.690250204813822
1264,0.818295362820747,6,0.86813590938237,0.795353538161781,0.718203629153896,0.494704271787236,0.690250204813822
1265,0.843199874648973,6,0.855679078301705,0.797889029008045,0.813007028363676,0.561961413703953,0.690250204813822
1266,0.768161810170304,6,0.807695437281765,0.746805937290844,0.698430260767018,0.503633809869674,0.690250204813822
1267,0.888693291007146,6,0.944357931953835,0.863385544563932,0.84739696534677,0.581417944114762,0.690250204813822
1268,0.981056131234927,6,1.0158307458491,0.945668639660792,0.908024923535593,0.606648092507509,0.690250204813822
1269,0.937232717167836,6,0.98028592129418,0.905985238029316,0.917204050876592,0.631359795566012,0.690250204813822
1270,0.967323404672922,6,1.03380323730232,0.927784356166186,0.925102721198671,0.641674178971538,0.690250204813822
1271,1.17607580115793,6,1.22965081168136,1.12922882781717,1.10900239822108,0.722722215153248,0.690250204813822
1272,0.943288302630381,6,0.999032484519245,0.909292624818517,0.941317351063526,0.622365712439972,0.690250204813822
1273,0.989194025014073,6,1.06176482152729,0.949999050750689,0.970643923781468,0.635612419864824,0.690250204813822
1274,0.857442415944974,6,0.95375272217279,0.822926813823666,0.833681339726768,0.581061775460648,0.690250204813822
1275,1.04308558492909,7,1.13457052959778,1.04132067623354,1.16692811648353,0.753281766363563,0.73015542264521
1276,0.621288626799864,7,0.580256592884311,0.593106530666921,0.677277856281361,0.446333014776783,0.73015542264521
1277,0.786206946684454,7,0.922523449770276,0.818142424516194,0.914482703048698,0.610844273086568,0.73015542264521
1278,1.01448421625921,7,1.17384897004172,1.06182937824998,1.17895310482434,0.829203539368544,0.73015542264521
1279,0.894635597721008,7,1.01070991823933,0.937557369371963,1.11563217103876,0.72901142843364,0.73015542264521
1280,0.791939167748601,7,0.920074631153686,0.796537882666889,0.964360549269502,0.601635897887093,0.73015542264521
1281,0.917964513207689,7,1.10334659512585,0.956852017351394,1.07495608151818,0.710136754328651,0.73015542264521
1282,1.15032395868983,7,1.39721680377097,1.20736001757914,1.33015044003786,0.95275559437243,0.73015542264521
1283,1.0591629852778,7,1.36985470150166,1.07428438691075,1.29787346677209,0.859907657533166,0.73015542264521
1284,0.679032986400467,7,0.849852968596454,0.683102677708139,0.81008907134211,0.541312756657121,0.73015542264521
1285,0.388330512370515,7,0.522486698129525,0.416167637638723,0.49146296933028,0.322342249316174,0.73015542264521
1286,0.610629198606186,7,0.911327784399704,0.672702279984183,0.80165039380049,0.540568895660216,0.73015542264521
1287,0.460946785786405,7,0.761419409748624,0.488734391371061,0.536052635851121,0.342892401445855,0.73015542264521
1288,0.536616131341217,7,0.797672741440278,0.55754846279019,0.66695954424501,0.413895369276551,0.73015542264521
1289,0.731049802270266,7,1.0376654313754,0.810345752703578,0.832252544000114,0.587439664306655,0.73015542264521
1290,0.896339569790984,7,1.07057095133396,0.969012803971388,0.867737174008875,0.556252972451462,0.73015542264521
1291,0.767628841892116,7,1.11818806769746,0.791101620720147,0.986184296009179,0.626507325092155,0.73015542264521
1292,0.670598001385562,7,0.972061982739469,0.667743661520869,0.826625984537734,0.517435558506292,0.73015542264521
1293,0.737061421804939,7,1.12734080331114,0.750374351448302,0.894781568605863,0.555297675618549,0.73015542264521
1294,0.932922876994976,7,1.18528863417946,0.913387960128614,1.03049347545528,0.642540743641354,0.73015542264521
1295,0.812048628980493,7,1.14064448010027,0.819732308198378,1.01020581105611,0.641683185239793,0.73015542264521
1296,0.336142792458644,7,0.55276632155893,0.409073501097928,0.396675637874921,0.232717880200164,0.73015542264521
1297,0.726598160666939,7,0.900362852905206,0.739904382064577,0.815283916689614,0.512836338098676,0.73015542264521
1298,0.793774697232234,7,1.00768118831904,0.785156565994563,0.933583272533565,0.620016207885229,0.73015542264521
1299,0.563241147036337,7,0.7019147331423,0.560839382685085,0.676154678704959,0.451368683917339,0.73015542264521
1300,0.917878263246127,7,1.1571228369066,0.925854952742511,1.07475540527147,0.723031617209376,0.73015542264521
1301,0.73837498642161,7,0.950795098350716,0.73744701745838,0.919242776161916,0.575543664492983,0.73015542264521
1302,0.866981065564796,7,1.0385552757716,0.861214754168741,1.08386154533759,0.711161587550933,0.73015542264521
1303,0.888418481389567,7,1.03883658413185,0.90627445968929,1.09832525330122,0.618514691834858,0.73015542264521
1304,0.987609076903316,7,1.13209219360361,0.975251860090542,1.16275192626345,0.79916081496654,0.73015542264521
1305,1.16937248389867,7,1.23517686977087,1.11276707895129,1.30680300467623,0.851987933347779,0.73015542264521
1306,0.927547050902542,7,0.999929561055327,0.892242202102001,1.0626049823398,0.684755831133951,0.73015542264521
1307,0.855602346360293,7,0.925107331171379,0.842009050161371,1.08570426900337,0.712165332508376,0.73015542264521
1308,0.817005482877016,7,0.836802153276717,0.800115656670296,1.05286947691703,0.642335564493825,0.73015542264521
1309,0.920168810874154,7,0.96590965498258,0.918980548091461,1.18387869011539,0.770874921176439,0.73015542264521
1310,1.02879897309655,7,0.933643050598775,0.978224786110893,1.20396892508868,0.829422638003089,0.73015542264521
1311,0.855108657184837,7,0.886914888028732,0.839156166654747,0.969778767822196,0.681297499034773,0.73015542264521
1312,1.25710527809485,7,1.21736269033685,1.23775326620748,1.46703729304075,1.01316339528262,0.73015542264521
1313,1.21440480868904,7,1.24330518232404,1.1826406806678,1.42903336844462,0.970985218752747,0.73015542264521
1314,1.13985599824922,7,1.07041087540316,1.13171438111998,1.31092638366363,0.867325660185197,0.73015542264521
1315,0.922991584215108,7,0.887111947823554,0.900593707013879,1.15315028011374,0.786075059316877,0.73015542264521
1316,0.975677335754728,7,0.989265997011427,0.964761479674626,1.20019336449532,0.754168042111309,0.73015542264521
1317,0.97513691384216,7,0.994088859860038,0.939361280513481,1.11717316438933,0.73174029493773,0.73015542264521
1318,0.926203097664843,7,0.92328907223056,0.897127404769874,1.15894773906593,0.721107392484926,0.73015542264521
1319,1.17163075283033,7,1.05960582282948,1.1860731120731,1.26557381807141,0.858543812969502,0.73015542264521
1320,1.04827719553714,7,0.97825574424776,1.01988735734716,1.34641880390257,0.918570089458955,0.73015542264521
1321,1.14751806135811,7,1.10730750610237,1.10100271251154,1.41686070462798,0.950482312903454,0.73015542264521
1322,0.971392227703746,7,0.996544378497801,0.953008261838339,1.17896625764239,0.754566427799161,0.73015542264521
1323,0.830427347557881,7,0.848500325149948,0.791532246676579,0.981917354214333,0.66421024035704,0.73015542264521
1324,0.968413788516252,7,0.904892400318037,0.930601363372302,1.13544725883842,0.795370483436863,0.73015542264521
1325,0.801372921868671,7,0.810343991293313,0.792027025287183,1.02601693734986,0.678267634735742,0.73015542264521
1326,0.866513840923199,7,0.865947733707273,0.828322264287614,1.03522402414739,0.623448246933725,0.73015542264521
1327,1.10912622269512,7,1.06812312685932,1.06012555324966,1.38364043342196,0.936091804136044,0.73015542264521
1328,0.968369462808617,7,0.959804404618037,0.941572568761099,1.17652620400804,0.756537950185801,0.73015542264521
1329,0.756261188075247,7,0.754489397881936,0.71189684855084,0.933508015199667,0.605407615962323,0.73015542264521
1330,0.889785110515651,7,0.866665674750185,0.841833679555976,1.03154751194681,0.731790251258208,0.73015542264521
1331,1.28312912570928,7,1.27270314920227,1.2177461252395,1.49994499867042,1.07366283845994,0.73015542264521
1332,1.2084035769035,7,1.26807115742391,1.17160743872418,1.46512355153041,1.02317389209546,0.73015542264521
1333,1.36218598804649,7,1.40117668788178,1.29155037092914,1.50592729718206,1.04957075177716,0.73015542264521
1334,1.31359424325942,7,1.31344116194189,1.23872664664709,1.39081825895074,0.972421365623126,0.73015542264521
1335,0.914477248630803,7,0.92052652652492,0.859210058077164,1.00097965382311,0.544659579167825,0.73015542264521
1336,0.841221997377165,7,0.869900261886751,0.781716799946775,1.02996146743884,0.675452966428738,0.73015542264521
1337,0.967267986941544,7,0.993912547484257,0.907856898607941,1.14765244054906,0.759461420269844,0.73015542264521
1338,0.517104788522168,7,0.555335965520482,0.47540949022797,0.648093950510305,0.416606526373827,0.73015542264521
1339,0.667659496589638,7,0.649658740596642,0.617597629132248,0.743707716243731,0.469147338973595,0.73015542264521
1340,0.792054213943602,7,0.852199300055039,0.736587825663295,0.997784499870097,0.593602975626913,0.73015542264521
1341,0.795397338750764,7,0.814065067639346,0.719675012138534,0.857669071813261,0.512584117875273,0.73015542264521
1342,0.842583124787173,7,0.902846700131785,0.774859339592973,0.923537927313967,0.521145629389643,0.73015542264521
1343,1.13773149559242,7,1.16919184652197,1.05227142525503,1.2539258739451,0.876549989976338,0.73015542264521
1344,1.21084918101882,7,1.235724363109,1.12956824642915,1.19480939351726,0.821884944044022,0.73015542264521
1345,1.13811177431191,7,1.14416761038118,1.05868225146953,1.11236478700981,0.803449581566218,0.73015542264521
1346,1.2019744924726,7,1.2305020268122,1.13319718621777,1.20030843740005,0.815175220957379,0.73015542264521
1347,0.95166786770646,7,0.951776270162137,0.876910400566437,1.07760937536716,0.713689629662634,0.73015542264521
1348,0.956304670104418,7,0.935737771691311,0.880811027668328,0.810850477028596,0.528285256516535,0.73015542264521
1349,1.20008366741546,7,1.21678665856157,1.1197315224052,1.1259840012577,0.741550245941414,0.73015542264521
1350,0.945301751886643,7,0.923244733708044,0.881157903641851,1.05756358541548,0.74341050642635,0.73015542264521
1351,0.638257641815104,7,0.770835799198684,0.633075903417606,0.83963727466548,0.468280952996556,0.73015542264521
1352,1.01715470604631,7,0.991660964878711,0.953169784923539,1.1243358905585,0.799586145359064,0.73015542264521
1353,0.950928546792529,7,0.967756039749899,0.879456979944972,1.0723597817331,0.747708348037446,0.73015542264521
1354,1.03957397545536,7,0.991482515962057,0.945575667350551,1.15004823443193,0.755831924264518,0.73015542264521
1355,0.911895059305194,7,0.940623076330619,0.841119307347052,1.15660811721265,0.738096652803766,0.73015542264521
1356,1.18719395330426,7,1.05670274254345,1.07600093516072,1.38182552875131,0.919538965217652,0.73015542264521
1357,1.1376247622747,7,1.02490325895942,1.0595722595922,1.32011061526696,0.884795395236156,0.73015542264521
1358,0.739779353541002,7,0.683865903869926,0.671228665961716,0.85228380016019,0.501700722773022,0.73015542264521
1359,1.28824596411668,7,1.08911698254611,1.19770549818308,1.23269061522151,0.804886819954879,0.73015542264521
1360,1.04776421004981,7,0.88851739835086,0.953072919235878,1.02008042777074,0.667926270864372,0.73015542264521
1361,0.946393653554552,7,0.836170911552816,0.912267174922804,1.11884020160204,0.687447073322696,0.73015542264521
1362,1.17134544686606,7,0.880382502085458,1.05203817744668,1.27046129795434,0.732313050190629,0.73015542264521
1363,1.46343115868908,7,1.18841532440191,1.34299338909464,1.80328363964848,1.13048911278045,0.73015542264521
1364,1.1771814259997,7,0.93313533667891,1.01125678413324,1.0428877570157,0.745576962511099,0.73015542264521
1365,1.14645567564731,7,0.924551242573955,0.967814165007771,1.26701330361884,0.774990582317938,0.73015542264521
1366,1.42188883111425,7,1.10994393887259,1.38243179542014,1.75583533049087,1.22393463098117,0.73015542264521
1367,1.29210139383711,7,0.960961470216184,1.18802874558962,1.42803121259058,0.942102422828859,0.73015542264521
1368,1.54580226120324,7,1.1325769560877,1.4155940831558,1.63978275857732,1.10306417946699,0.73015542264521
1369,1.64091044182928,7,1.22391034517905,1.53814673490579,1.77293078891707,1.08662929540496,0.73015542264521
1370,1.28822239467818,7,1.06515187640711,1.29797498647615,1.68100508412715,1.14249041973854,0.73015542264521
1371,1.15774265586124,7,0.894156825504923,1.07572575585045,1.38375902785245,0.886675917394256,0.73015542264521
1372,1.40424583167095,7,1.11982555150887,1.33251009816143,1.67383821133384,0.965029757712249,0.73015542264521
1373,1.44116789809557,7,1.11179569770936,1.40888307196251,1.45173552541589,0.966154744043523,0.73015542264521
1374,1.31459324456225,7,0.882793075386982,1.21615147740524,1.3849394622299,0.758975816053755,0.73015542264521
1375,1.33033498316872,7,1.07531445975693,1.20199105766388,1.84047501391186,0.973323589318823,0.73015542264521
1376,1.23575265436428,7,0.962280327660651,1.13663936255565,1.61796130264467,1.01608774555217,0.73015542264521
1377,1.25072988766647,7,0.869258423892134,1.14553387729268,1.19615026350664,0.791838381504039,0.73015542264521
1378,1.42923721391867,7,0.947827166816869,1.2537225699051,1.30226223351975,0.801543839262744,0.73015542264521
1379,0.814238352316023,7,0.551678125565351,0.722583359952314,1.00409748407315,0.606295840581399,0.73015542264521
1380,1.61615513155713,7,1.0304333452637,1.42867294910874,1.34461824496991,0.804587573110817,0.73015542264521
1381,1.76142961072727,7,1.1837408805759,1.60585077418034,1.83295828893914,1.20663642891558,0.73015542264521
1382,1.5507125466577,7,1.02602734806881,1.39576379035019,1.82026928971626,1.18236296296884,0.73015542264521
1383,1.4450085788997,7,1.02234380932978,1.26247341535022,1.78639882194831,1.14444042149506,0.73015542264521
1384,1.31666531786654,7,0.867190631779004,1.18641894958972,1.57520233490578,1.02322630429445,0.73015542264521
1385,1.38867755764933,7,0.91167274662919,1.11551005784869,1.15687548885275,0.910140876142013,0.73015542264521
1386,1.33004998715483,7,0.806871584135246,1.17501159482445,1.14716740847481,0.81627861457348,0.73015542264521
1387,1.60911509983733,7,1.02498932161517,1.53470799432159,1.5948283343062,1.16499989935563,0.73015542264521
1388,1.85221223154257,7,1.06611109064097,1.65258568428667,1.5653203806384,1.17459147941626,0.73015542264521
1389,2.16673844910756,7,1.13394674313917,1.93974719349038,1.56876532735991,0.991194585254949,0.73015542264521
1390,1.95731675919768,7,1.09935163078341,1.61633225268735,1.43052558965645,0.945155852427304,0.73015542264521
1391,1.61134479894871,7,0.905845560861358,1.28830422559433,1.25188873322265,0.883487212126218,0.73015542264521
1392,1.84587085225069,7,1.04988282491232,1.63684317324028,1.23031947082581,1.06862408660667,0.73015542264521
1393,1.84367041459912,7,1.3150624522997,1.59598107315416,1.93349147920017,1.07596561970038,0.73015542264521
1394,1.84217564342242,7,1.11632702127895,1.53902293747299,1.89638273019088,1.20357422119261,0.73015542264521
1395,1.66626378926104,7,0.990640546538969,1.44729542088585,1.62985793689586,0.892941445846069,0.73015542264521
1396,1.27537962674742,7,0.797857078490865,1.04134678606643,1.34047505002447,0.803374266226721,0.73015542264521
1397,1.33962267932841,7,0.899677321358602,1.13217066092134,1.41537897893317,0.918089820598437,0.73015542264521
1398,1.31606235187268,7,0.843208474268681,1.16566647957252,1.34940767300668,0.867616748743471,0.73015542264521
1399,1.4798669063506,7,1.05505571430875,1.46129141593126,1.65475528680141,1.10597268402989,0.73015542264521
1400,1.47082740599984,7,1.04752419757046,1.51558298081764,1.73959351572748,1.18481346636705,0.73015542264521
1401,1.42007706813281,7,1.02436416879969,1.26557635812318,1.25501302736314,0.990786846337614,0.73015542264521
1402,1.26794909006449,7,0.946841217095388,0.913648071372772,1.35040801913945,0.938678612702213,0.73015542264521
1403,1.32359111889701,7,1.07622644656695,1.34351820385288,1.36512533417942,0.976809033229196,0.73015542264521
1404,1.40978446906085,7,1.07927496830295,1.25919678659626,1.20268632648682,0.801948326718224,0.73015542264521
1405,1.21925872581968,7,1.0286269773657,1.13271916622987,1.4203705148892,1.04473056342955,0.73015542264521
1406,1.4928954352664,7,1.09973472493825,1.35927724124644,1.36878001595886,1.06949395137522,0.73015542264521
1407,0.76399175608457,7,0.529706467255939,0.659945369993169,0.718298568125533,0.463702812716944,0.73015542264521
1408,1.42159437141172,7,1.14175420168778,1.29396876141836,1.10775186711601,0.782658224935283,0.73015542264521
1409,1.25473973538008,7,1.17100907461667,1.17559714550275,1.4883879753986,1.04084650657985,0.73015542264521
1410,1.12832342865327,7,0.957640497568088,1.04064924223214,1.20644684146204,0.856046851129356,0.73015542264521
1411,1.36355446374048,7,1.0879444359356,1.20057313824653,1.30590000485111,0.887489193507214,0.73015542264521
1412,1.12577062373958,7,0.95774167680259,1.04834559333113,1.32935940545561,0.736026587960847,0.73015542264521
1413,0.840715132811136,7,0.653416903645954,0.725401327672469,0.833104839364993,0.505681315396723,0.73015542264521
1414,1.12418592490653,7,1.06260072566638,1.15740520176021,1.21096248570837,0.80180967779749,0.73015542264521
1415,1.14148397233322,7,0.960406852132284,1.02738342275874,1.23122556606531,0.754876687606143,0.73015542264521
1416,1.2975829599377,7,1.09781612088949,1.17277730815855,1.22745416344056,0.78371725139031,0.73015542264521
1417,1.29769582409914,7,1.04372466590954,1.17720685490945,1.17478520501278,0.774638467082157,0.73015542264521
1418,1.26302101264033,7,1.09719891314653,1.17235607585708,1.24731306862153,0.768080842768161,0.73015542264521
1419,1.08868781780885,7,0.924832386546768,0.985610104012551,1.08258797699026,0.709022859605347,0.73015542264521
1420,1.3796302735519,7,1.2094929236119,1.29069134888054,1.58040371191013,0.994078463417221,0.73015542264521
1421,1.18155740943441,7,0.890699001093257,0.991326788160961,1.30746893057269,0.831369686704829,0.73015542264521
1422,1.00492164811622,7,0.815938029109624,0.904507820584714,1.14145460462698,0.766255484415086,0.73015542264521
1423,1.27532932818322,7,1.08542508298128,1.17065183902493,1.41047429678696,0.863007509091006,0.73015542264521
1424,1.07578198299107,7,0.989748998508926,0.951594022700559,1.2825346558672,0.833117694105465,0.73015542264521
1425,0.900345207686742,7,0.772028621052617,0.683376525242484,1.01929675359261,0.635437686808615,0.73015542264521
1426,0.949097149046391,7,0.91323486175319,0.866377373331678,1.21381908181549,0.796105449290244,0.73015542264521
1427,1.17817892162161,7,1.0385507391505,0.980627432619144,1.41405341066751,0.944699057334303,0.73015542264521
1428,1.41933398044739,7,1.16583916859601,1.28174135191414,1.51312741988236,0.998688581577659,0.73015542264521
1429,1.47339754323833,7,1.23317369341653,1.32405178614923,1.5637784700309,1.08392253279916,0.73015542264521
1430,1.16726499066776,7,0.90960472509258,1.01411086565248,1.3449528337733,0.902801964336927,0.73015542264521
1431,1.27524735246226,7,1.04913767849168,1.16644641126298,1.39387231533667,0.925762581809354,0.73015542264521
1432,1.01410155988534,7,0.873059741717807,0.797883198277736,0.978286539877483,0.66239377149834,0.73015542264521
1433,1.25526109899793,7,1.28611296050342,1.14861925299186,1.60163652906016,0.989574928681802,0.73015542264521
1434,1.06285890726515,7,0.871382208011347,0.978260229528422,1.06579458764664,0.713281813816764,0.73015542264521
1435,1.16408150747324,7,1.00714957473097,1.02641909193965,1.12678456115885,0.697581080917481,0.73015542264521
1436,1.1895040472283,7,0.97668755435185,1.07574204717842,1.27073067713076,0.838451687419187,0.73015542264521
1437,0.988573890252778,7,0.970489963370351,0.854689502065372,1.12620726158958,0.689056163527102,0.73015542264521
1438,0.932921450583401,7,0.862766811022374,0.821601856879469,0.971976664663699,0.674700026063119,0.73015542264521
1439,0.870077887147548,7,0.833566476994773,0.769210919037883,0.985194947932671,0.615769901461648,0.73015542264521
1440,0.940524464517962,7,0.825194851020175,0.848920085194866,1.0993283239043,0.692563158527618,0.73015542264521
1441,1.09405839279957,7,1.21574982808948,0.997250212612307,1.39258333982011,0.921781483862125,0.73015542264521
1442,0.925735407926521,7,1.09363219611041,0.896100071683471,1.25208921242188,0.810996913651853,0.73015542264521
1443,1.02010461196985,7,1.06786795866625,0.914799161566525,1.25478614980531,0.83108642335225,0.73015542264521
1444,0.950037055717104,7,0.919163162255951,0.811079600725016,1.03868091942044,0.672809470575286,0.73015542264521
1445,1.21661889264186,7,1.26122757514694,1.12422621822446,1.38395126372603,0.837594220188857,0.73015542264521
1446,0.883639576716616,7,0.92568269964336,0.788938929148471,1.04752411567177,0.648097041012931,0.73015542264521
1447,0.978020775528929,7,1.03409178470708,0.880957785830475,1.2747850735739,0.79831109726688,0.73015542264521
1448,0.759264796866433,7,0.833673837472488,0.699704334020861,0.940730536907612,0.548621152454372,0.73015542264521
1449,0.852335316847146,7,0.960085321499074,0.792159545373706,1.07605613103295,0.653593905426657,0.73015542264521
1450,0.677054080181914,7,0.713364683026975,0.620728859270296,0.826678428299951,0.535353340279939,0.73015542264521
1451,0.837483234469845,7,0.932361019470192,0.792765234288995,0.955404348246899,0.645715149119492,0.73015542264521
1452,0.687124011461715,7,0.714730145402093,0.65143254516585,0.992512324390644,0.562551500647625,0.73015542264521
1453,0.955805891646008,7,1.12718430058872,0.901171244825364,1.16584660036737,0.656098174047049,0.73015542264521
1454,0.967896578791568,7,1.01974561075323,0.899603829218769,1.15263779620734,0.692970513188879,0.73015542264521
1455,0.949690577508457,7,1.00352344597204,0.887322762433183,1.1707447043148,0.762108854457523,0.73015542264521
1456,0.945490536894664,7,1.00422306910938,0.868639673218875,1.15720403025673,0.730140135244911,0.73015542264521
1457,0.856754379005883,7,0.892478626472732,0.799841835580745,1.07050125759256,0.634767824485849,0.73015542264521
1458,1.108788115561,7,1.13675719847531,1.04926279473932,1.37423106522465,0.859477343404706,0.73015542264521
1459,1.1062861176515,7,1.09625077676111,1.03240568549958,1.3112722200318,0.824476596061043,0.73015542264521
1460,0.882819182641984,7,0.864913149317783,0.826599602340724,1.14853937581319,0.717361503275833,0.73015542264521
1461,1.19173042659237,7,1.15447814535271,1.12215466116395,1.40687244644059,0.921602496961241,0.73015542264521
1462,1.20199104608209,7,1.14151280128992,1.12579529528895,1.39065475119636,0.994643404091412,0.73015542264521
1463,1.27426485610716,7,1.20644516732773,1.24292797037262,1.49726145707699,1.02742402714255,0.73015542264521
1464,0.83801318112964,7,0.767885281660114,0.813844517526487,1.01678662954415,0.670033124782408,0.73015542264521
1465,0.821494011155585,7,0.751167638063015,0.750229234949018,1.0311513262819,0.687061262978402,0.73015542264521
1466,1.25745360741016,7,1.09569499360885,1.20838162686952,1.51102859817085,0.955438065953478,0.73015542264521
1467,1.23418269595211,7,1.05413483787937,1.14697100991035,1.40972743867321,0.908445049506416,0.73015542264521
1468,1.09008113092507,7,0.941052324754536,0.992034797814419,1.29882170974583,0.869392995695338,0.73015542264521
1469,1.17434602033936,7,1.02212456215451,1.12564551061123,1.45044005407768,0.956003823957881,0.73015542264521
1470,1.31865263218839,7,1.13529457196316,1.23341650992361,1.58340682142615,1.06355337480307,0.73015542264521
1471,1.14747941803274,7,0.900310901564924,1.00243450233246,1.36524891932374,0.812325191022032,0.73015542264521
1472,1.11631452983513,7,1.00486943664939,1.14733565380346,1.55993372618206,1.01840045130699,0.73015542264521
1473,1.08692211026988,7,0.884541221759852,1.00857098158654,1.33300019963431,0.809513564321371,0.73015542264521
1474,1.29451936941685,7,1.13925458131869,1.34350865527785,1.63808812999533,1.18718052922645,0.73015542264521
1475,1.03791603273524,7,0.843570216936778,0.947587735899243,1.28085156162997,0.879712887105202,0.73015542264521
1476,1.04733662786751,7,0.911348582664327,1.09517815711602,1.39506087920173,0.904150523184282,0.73015542264521
1477,1.41052512034727,7,1.10457510901234,1.37169121272658,1.65587189848164,1.17926480631317,0.73015542264521
1478,1.486698353653,7,1.18739005435072,1.46960535584443,1.64957055762507,1.13076938470658,0.73015542264521
1479,0.937095188650472,7,0.760477877115478,0.930852080177397,1.08981932571209,0.730831127200797,0.73015542264521
1480,1.16792589675232,7,0.974661895636275,1.1567746445638,1.35639566900257,0.857908161313049,0.73015542264521
1481,1.48491628298034,7,1.16257081634709,1.41386395242922,1.64674899340954,1.08931325984372,0.73015542264521
1482,1.57473852163324,7,0.99919899716917,1.26164731566562,1.5059027209411,1.0020536615462,0.73015542264521
1483,1.18212463720193,7,0.925602122363254,1.13027682108236,1.29515281031656,0.824146688790827,0.73015542264521
1484,1.45079560118792,7,1.15751675902469,1.41478856862257,1.5447547154791,1.04888044947094,0.73015542264521
1485,1.23928038991664,7,0.975854600947514,1.16296064743563,1.33338531577681,0.939921903993629,0.73015542264521
1486,1.21146140392468,7,1.00880409720798,1.17140395055063,1.40829597217862,0.892851774937792,0.73015542264521
1487,1.14685332941627,7,0.968814921685342,1.08508133100482,1.44739626431734,0.870777516527764,0.73015542264521
1488,1.34553020102026,7,1.14499658336737,1.30761247734021,1.54546125039896,1.02586285108978,0.73015542264521
1489,1.36355347192452,7,1.29523496178795,1.4253814409694,1.69482307071963,1.07183464441235,0.73015542264521
1490,1.10074850619976,7,1.03214347577538,1.08988484708373,1.18807507408967,0.76803079713368,0.73015542264521
1491,1.01043357286614,7,0.934707487418169,0.957622454150101,1.17970203302589,0.594445548012184,0.73015542264521
1492,0.763986042058264,7,0.69754322706127,0.72950168051275,0.992429658593064,0.637938334381376,0.73015542264521
1493,0.817529913990409,7,0.807004174170123,0.809631217035162,1.03349592291412,0.598144781145858,0.73015542264521
1494,0.941502831541529,7,0.837547855399207,0.884849325672585,1.05708433087213,0.664287717828329,0.73015542264521
1495,1.05987742991565,7,1.05655365252896,1.01567126469576,1.33957657147108,0.828946104189179,0.73015542264521
1496,0.693469157998023,7,0.790363316546702,0.763709695238861,0.985279625270798,0.582137612036293,0.73015542264521
1497,0.531662990924871,7,0.552724469720974,0.536315152979854,0.731339776635929,0.425344443559245,0.73015542264521
1498,1.13778919983862,7,1.10869048852092,1.0914600693086,1.42561992532582,0.946142424609504,0.73015542264521
1499,1.01916011558929,7,0.971448619294563,0.91562320535721,1.25889800563075,0.802832145053139,0.73015542264521
1500,1.09715685519117,7,1.11905939902897,1.1064530839852,1.33082096825285,0.889729131158446,0.73015542264521
1501,0.98354551988145,7,1.04611648358254,1.05283835688263,1.32963137272974,0.836307298485944,0.73015542264521
1502,0.995955680747948,7,1.00953577113463,0.982997848806171,1.30287714134631,0.825685210992404,0.73015542264521
1503,1.0683197560233,7,1.05219263976846,1.03216577199539,1.29614534403162,0.781248570970014,0.73015542264521
1504,0.92169960397222,7,1.00893646247466,0.972884722953603,1.32281991766784,0.806988425495447,0.73015542264521
1505,0.919001648167152,7,0.966556484959358,0.975482047156865,1.25801667153652,0.802114926156336,0.73015542264521
1506,0.897146289648634,7,0.983710788995499,0.952550481491131,1.26264722476594,0.726054057023667,0.73015542264521
1507,0.87234468500722,7,0.87395582851101,0.886088866170944,1.18079967703489,0.729471786731619,0.73015542264521
1508,1.19053838834087,7,1.13805378531651,1.14179828426248,1.35443321204325,0.933099173537935,0.73015542264521
1509,1.18893828114743,7,1.32914957500876,1.33852681300728,1.65401070745787,1.04292691540772,0.73015542264521
1510,1.02144222678239,7,0.950818273045158,1.00179346864135,1.30935916227468,0.852218655368419,0.73015542264521
1511,0.905924936201526,7,0.926160753220849,0.937009173189741,1.19774990347751,0.727113069246732,0.73015542264521
1512,1.02763767172555,7,0.990843674562295,1.00760378927302,1.28640122717329,0.805933829173006,0.73015542264521
1513,0.808101819829591,7,0.856895826349514,0.869841879064179,1.13981142959093,0.76794974946482,0.73015542264521
1514,1.18858710284706,7,1.15809333855979,1.18866364843888,1.5504823955607,0.942386958092095,0.73015542264521
1515,1.13413646022059,7,1.10063170743062,1.11791870140969,1.36731454133656,0.894664856161934,0.73015542264521
1516,1.2277922686491,7,1.21706024326345,1.21213525340524,1.6740938499997,1.04755554211084,0.73015542264521
1517,1.17151588149659,7,1.15611770033057,1.17813164449375,1.46018718781804,0.933720196901008,0.73015542264521
1518,0.768417102115164,7,0.852995438218679,0.790636850237735,1.08285819792489,0.642472447018172,0.73015542264521
1519,1.03365816962961,7,1.05281480873217,1.02081283969338,1.21536972627684,0.748260419398977,0.73015542264521
1520,0.72317685296317,7,0.716025623324951,0.704351361386377,0.902463437093694,0.547267286561512,0.73015542264521
1521,0.654865836915495,7,0.650684920182815,0.638029124657791,0.786188274703416,0.48094690666155,0.73015542264521
1522,0.733703581026793,7,0.889566956619998,0.776326281941417,0.997385549401046,0.62813328811825,0.73015542264521
1523,0.812159247641909,7,0.843836147909564,0.818957761945475,1.03251647954892,0.659502425133935,0.73015542264521
1524,0.945645608982138,7,1.08206105991229,1.03316422394965,1.21519386162564,0.799830689081955,0.73015542264521
1525,0.825572430459549,7,0.963272722500305,0.889871454520741,1.09335917939237,0.694496018444456,0.73015542264521
1526,1.01343085657278,7,1.0398295480152,1.00422704944255,1.15534548301762,0.725428469120739,0.73015542264521
1527,1.23539838714058,7,1.26160855153315,1.23168872544608,1.41828357115357,0.934977812669077,0.73015542264521
1528,1.02484612916418,7,1.04399776757139,1.05383501671484,1.19638472268027,0.682562001155065,0.73015542264521
1529,0.924731594730026,7,0.956762215082902,0.956841989300727,1.24646890204228,0.678389904671255,0.73015542264521
1530,0.946683948911709,7,0.918916454463271,0.950207852696975,1.14950822610159,0.733466209672659,0.73015542264521
1531,1.0145625261874,7,0.999447617521563,1.01618897839927,1.27141226716799,0.779283213903217,0.73015542264521
1532,1.14288965919472,7,1.0926127578086,1.11762503668117,1.37614879389935,0.810937021670899,0.73015542264521
1533,1.04571389979586,7,0.989878261916758,1.02910843765585,1.18349893411747,0.738188094251184,0.73015542264521
1534,0.955154522282818,7,0.933135514394423,0.953431689188962,1.040443030048,0.681464204354171,0.73015542264521
1535,1.10083741474371,7,1.06609733143729,1.06709960243048,1.16380362895048,0.751164623773058,0.73015542264521
1536,1.14293059878361,7,1.08441215366337,1.13457877058201,1.34760872805161,0.80399120060053,0.73015542264521
1537,1.16586344563845,7,1.09665733371098,1.14022595631211,1.23562539910361,0.777764612987275,0.73015542264521
1538,0.910870619766376,7,0.901289609017169,0.922184076289666,1.1164068700604,0.680386352192158,0.73015542264521
1539,1.28758367428483,7,1.22860854138568,1.29434908832513,1.49321102969721,0.939307651395951,0.73015542264521
1540,1.13968699439615,7,1.06470522187102,1.12086755460085,1.26141984161794,0.818220079134888,0.73015542264521
1541,1.00949320781866,7,0.980518731970076,0.976651016180508,1.15998571230574,0.706634858673419,0.73015542264521
1542,0.859673287354376,7,0.835333951341077,0.851709385516405,0.986684176322449,0.571444611775274,0.73015542264521
1543,0.97832073131527,7,0.945382213146857,0.97888485153932,1.10033902619542,0.737717132982017,0.73015542264521
1544,0.866340389672076,7,0.995815907469404,0.977262072821405,1.12591387508402,0.645991321181579,0.73015542264521
1545,0.70982343793129,7,0.785914954472625,0.824011976765884,0.898307493860042,0.577670564824737,0.73015542264521
1546,1.15249853911389,7,1.07427883395218,1.18552108681155,1.37500457801402,0.895559299206486,0.73015542264521
1547,0.873571791478911,7,0.843875669066824,0.89263928144747,1.07278082724608,0.664069463888291,0.73015542264521
1548,0.836866354924206,7,0.821564794447607,0.8408188795003,0.958473641093159,0.625237567433233,0.73015542264521
1549,1.05091364106682,7,1.02433813795063,1.06493606393287,1.22975103572938,0.797221621395079,0.73015542264521
1550,1.12109978688071,7,1.07817632931537,1.1208449123052,1.24716685388338,0.783042622353157,0.73015542264521
1551,1.28311795926571,7,1.1579016469768,1.28027825112534,1.49480275499421,0.931025519453326,0.73015542264521
1552,0.886495859777749,7,0.886849618151875,0.862607804816506,1.32957504058593,0.696751921196891,0.73015542264521
1553,0.993847374532392,7,0.932993354010725,1.04430956679378,1.2896890811991,0.778172395917736,0.73015542264521
1554,0.910291711651344,7,0.821364304064006,0.90595932282562,1.09895159116777,0.640448415402425,0.73015542264521
1555,1.0001445970473,7,0.91842575531694,1.02935206323001,1.2946322114597,0.799239579622477,0.73015542264521
1556,1.32231709497254,7,1.22639582627518,1.30063448062335,1.4848250492229,0.893122900937671,0.73015542264521
1557,1.35766031784775,7,1.24718389133305,1.23734559454538,1.49503125021212,1.00556710082773,0.73015542264521
1558,1.28621986252952,7,1.13338157823878,1.31005862302989,1.44172132044443,0.851962286244035,0.73015542264521
1559,0.837073592544566,7,0.728667086616286,0.859021813521025,1.09957958977285,0.599132070976728,0.73015542264521
1560,1.10722833614909,7,1.00132236606729,1.09499968879194,1.21605196835107,0.765932363685255,0.73015542264521
1561,0.896633980664928,7,0.778633157517105,0.92715252766905,1.13592892166577,0.654418441479154,0.73015542264521
1562,1.11420689359137,7,1.02099324289992,1.11837361261211,1.32420703550436,0.825793101428735,0.73015542264521
1563,1.05807310532489,7,1.00323709533259,1.09797752620554,1.22327697357871,0.812351040790237,0.73015542264521
1564,1.18044215111715,7,1.04533910635246,1.18192071319868,1.26685279995993,0.812128500709258,0.73015542264521
1565,1.06106512928287,7,1.02356832982228,1.08528544204939,1.23687202723641,0.82375456508237,0.73015542264521
1566,0.978733776154925,7,0.958449932593139,1.02766459866671,1.20248626209191,0.717203630330797,0.73015542264521
1567,1.27891959812924,7,1.32179304778612,1.32795585606405,1.41405285595499,0.945146201143349,0.73015542264521
1568,1.5675901762459,7,1.37248797481979,1.38928998306316,1.53491172777089,1.1784735293697,0.73015542264521
1569,1.24274313816383,7,1.34019146176306,1.29650486964781,1.62876921828839,0.880667966055279,0.73015542264521
1570,1.0539198542803,7,1.04242136306986,1.01474383396189,1.16747997081358,0.72876265286979,0.73015542264521
1571,0.489213600930861,7,0.470137081944045,0.470318471675474,0.613603450229226,0.372310203932027,0.73015542264521
1572,0.497506468868896,7,0.63347351335974,0.525053660668037,0.730423205486616,0.426231927337146,0.73015542264521
1573,0.599517646769162,7,0.776583886658697,0.624057937247455,0.808553050180304,0.409134710193487,0.73015542264521
1574,0.813016716038327,7,0.963689276949703,0.834615464372833,0.979676935267206,0.574026847722167,0.73015542264521
1575,0.586737992668914,7,0.830426452270324,0.658038346626556,0.820953234694364,0.509529612989882,0.73015542264521
1576,0.939644638694111,7,1.18044380639763,1.0195983706519,1.17685682649561,0.751951853573962,0.73015542264521
1577,0.883430665047992,7,1.08858779538749,0.9401778589821,1.18822753856213,0.700638503984904,0.73015542264521
1578,0.658208604892453,7,0.83303539888263,0.671888095734651,0.937480284181097,0.48689359198851,0.73015542264521
1579,0.804373974447696,7,0.960900307723173,0.821287437352256,1.0387327778392,0.601676365297176,0.73015542264521
1580,0.676196984940205,11,0.819143645992695,0.732695423768742,0.655454684782972,0.39893411329891,0.848891235344519
1581,1.16695937981657,11,1.42890484868019,1.2421563031437,1.05810270699982,0.693403860984401,0.848891235344519
1582,0.942852923390999,11,1.13052783023085,1.01481362298987,0.948614942091855,0.616282043623904,0.848891235344519
1583,0.981744935781564,11,1.16158172750624,1.06934476865166,0.942343111788832,0.598263152375083,0.848891235344519
1584,0.636542127891088,11,0.785070097586352,0.679401313044691,0.635279971185554,0.36978188690435,0.848891235344519
1585,0.501301543089976,11,0.582360213122333,0.54125105948558,0.478163129656371,0.316707236367324,0.848891235344519
1586,0.844183660165205,11,1.0349567252909,0.926650721259189,0.799658240991967,0.516417173227374,0.848891235344519
1587,0.86990966185749,11,1.05388190276972,0.936276250625168,0.85579581820062,0.552062308157289,0.848891235344519
1588,0.760856593222225,11,0.896841633227754,0.829822255916369,0.73736406120306,0.494805043228769,0.848891235344519
1589,1.19281193374649,11,1.45815177163035,1.31674596927952,1.00342919888119,0.727047996783247,0.848891235344519
1590,0.624757978619316,11,0.720727878038478,0.681608138248537,0.575022583481189,0.376079077129906,0.848891235344519
1591,0.709553783522375,11,0.852489191705481,0.780744197578276,0.695330256850798,0.450588135777738,0.848891235344519
1592,0.830864707559069,11,0.96669544954127,0.917132870275627,0.78139279872405,0.480705780993121,0.848891235344519
1593,0.926134923332802,11,1.06398135064713,1.01032337307745,0.829658025818992,0.517989053702695,0.848891235344519
1594,1.0027588268553,11,1.16377326348468,1.10278185452961,0.883126547124767,0.62879542608263,0.848891235344519
1595,0.855163850775746,11,0.984002297228452,0.979295545156991,0.750444582067818,0.538331958521372,0.848891235344519
1596,0.984299077943274,11,1.02727197773865,1.01762919497732,0.849848449917333,0.552295543535605,0.848891235344519
1597,0.731437886327149,11,0.825963833257358,0.783099281998664,0.675119429625484,0.413850973240629,0.848891235344519
1598,1.02137005242654,11,1.17529200247886,1.12501186453596,0.92212908702476,0.587127271422944,0.848891235344519
1599,0.940366363106901,11,1.06485251158437,1.03845425403893,0.889356465061978,0.597805156995385,0.848891235344519
1600,1.01259816304557,18,1.08408099077558,1.09607586211734,0.831537237246633,0.578159519263454,0.915117667060927
1601,0.873711345075501,18,0.942976797122915,0.947927113302097,0.772195455880927,0.515073665464668,0.915117667060927
1602,0.859862795927815,18,0.921890792168257,0.932446930893317,0.756919830010105,0.52438933782478,0.915117667060927
1603,0.809765018221023,18,0.884917473223292,0.875727479558538,0.684510401199844,0.476226321315648,0.915117667060927
1604,1.01648869792111,18,1.11156566199507,1.1056010122729,0.878681052467901,0.605453820170783,0.915117667060927
1605,0.930013146102381,18,1.05677402628323,1.05613797957958,0.796763657755496,0.588273927162632,0.915117667060927
1606,0.745971517486133,18,0.818348812537889,0.828017225455786,0.651100450868598,0.467577249826957,0.915117667060927
1607,0.821437073715068,18,0.90210965298322,0.913460710446037,0.712496351927365,0.499094759816845,0.915117667060927
1608,0.923754266537059,18,1.0084062798192,1.02781124905444,0.780809017445839,0.605825413815045,0.915117667060927
1609,1.07119550541763,18,1.21957966439292,1.20282205753199,0.881982112643345,0.66910593754414,0.915117667060927
1610,0.966268172053442,18,1.09550866136485,1.07603972426843,0.80391216595835,0.58519358843977,0.915117667060927
1611,0.924189357677001,18,1.03642909128723,1.02318858080665,0.751454916246338,0.582250642016669,0.915117667060927
1612,0.819299429349743,18,0.925868100772616,0.921539455037311,0.669505385858039,0.485588760560101,0.915117667060927
1613,0.46485912427609,18,0.51110757352224,0.517988927464318,0.391829584824319,0.244786715677408,0.915117667060927
1614,1.0890503354487,18,1.2685501120226,1.21282477381606,0.778055727007745,0.676196637813572,0.915117667060927
1615,0.845916980570162,18,0.924302211713029,0.926799630442367,0.673309405783636,0.538044806726354,0.915117667060927
1616,0.971244941202777,18,1.13515362300484,1.07884248558401,0.740617359094134,0.561221658632064,0.915117667060927
1617,0.958348080857952,18,1.11484409350226,1.07260928776451,0.784008237005355,0.598762695412369,0.915117667060927
1618,1.02949001180529,18,1.24636402572748,1.15673600915839,0.749401112152755,0.547686724078306,0.915117667060927
1619,0.742057946732188,18,0.884080229245115,0.840000477133813,0.576846872544487,0.407916191806392,0.915117667060927
1620,0.913324526246695,18,1.1236285164771,1.04704557380328,0.674620031197573,0.548297188289976,0.915117667060927
1621,0.822233719147958,18,1.02834864413783,0.91558425226745,0.629262612660624,0.420407966115888,0.915117667060927
1622,0.878933524325675,18,1.05052544124937,0.97713739169149,0.655273559019715,0.463669317127193,0.915117667060927
1623,0.726663549552295,18,0.897437412827876,0.837678762153089,0.485249487418227,0.386278373169189,0.915117667060927
1624,0.575265760665879,18,0.716087113037254,0.641313438381537,0.503849633934968,0.337270552953913,0.915117667060927
1625,0.744035886587004,18,0.983202303587038,0.879450303500735,0.618164379497994,0.45817178227937,0.915117667060927
1626,0.595299245060136,18,0.789150498114362,0.685105685265174,0.527069047096495,0.341298315074257,0.915117667060927
1627,0.819181228283187,18,1.06291347783965,0.932098097840476,0.703367499763031,0.479809979161159,0.915117667060927
1628,0.760199281349079,18,0.972379031686424,0.856718187153723,0.624520831631506,0.440824808534306,0.915117667060927
1629,0.790680794541003,18,1.01481795807227,0.913212714302363,0.681881883714536,0.475976667056328,0.915117667060927
1630,0.819751764217131,18,1.08684152108367,0.931827615152594,0.675219196041018,0.477402382394527,0.915117667060927
1631,0.781775712890535,18,1.02305653318712,0.880641351790709,0.573243224604958,0.439521594962357,0.915117667060927
1632,0.727728004058591,18,0.936425245682762,0.816971815107235,0.637382631358497,0.431926400837708,0.915117667060927
1633,0.556475923457053,18,0.719503418896448,0.638248136788259,0.55081025886045,0.317880770855141,0.915117667060927
1634,0.706832036852817,18,0.917552762159784,0.813255357971666,0.646732811537917,0.422249754212097,0.915117667060927
1635,0.87778375765303,18,1.1214081658359,1.00031505076915,0.646684775241981,0.502135418900423,0.915117667060927
1636,1.00008586763254,18,1.19231801074705,1.09961359199492,0.768585184435135,0.558833032399842,0.915117667060927
1637,0.848556168368213,18,1.03147236921339,0.961050993416964,0.689389577781787,0.494947342949002,0.915117667060927
1638,0.796591350855327,18,0.973942101230695,0.899784233832275,0.609060059032913,0.428469951697367,0.915117667060927
1639,0.848147516815232,18,1.04612307224687,0.95663004885746,0.69025116632391,0.474437634313584,0.915117667060927
1640,0.952480077777077,18,1.14088662728421,1.08079085719491,0.78072654764107,0.561554677726923,0.915117667060927
1641,0.785029372648788,18,0.966350193884963,0.891556985281624,0.678871935453985,0.431907239558812,0.915117667060927
1642,0.768027747480676,18,0.898494887592087,0.842518814976998,0.635812098160367,0.40889428998707,0.915117667060927
1643,0.769473527229554,18,0.937567411706455,0.886036311998981,0.596935636383492,0.372997279912487,0.915117667060927
1644,0.873997448397566,18,1.00548841368649,0.97256002157062,0.727045851809458,0.440065882770582,0.915117667060927
1645,0.878442111567688,18,1.08995689159079,1.00710848700595,0.753341238160505,0.530774113969251,0.915117667060927
1646,0.79029765480438,18,0.951825751163583,0.891639819646862,0.72202390689615,0.473263125237263,0.915117667060927
1647,0.871491287189342,18,0.975001632132451,0.961049976463804,0.742753127154372,0.462488136628818,0.915117667060927
1648,0.794041940031815,18,0.918004055691795,0.83942713805569,0.699725751196141,0.437550039513944,0.915117667060927
1649,0.90585205717718,18,1.08724298435527,0.964984385578577,0.790166502653515,0.527097778257014,0.915117667060927
1650,0.781731862581842,18,0.870140886463738,0.859083726239357,0.72241857406154,0.413202323539501,0.915117667060927
1651,1.12191782675791,18,1.33412712568311,1.2698654000617,0.912075598881052,0.624049933061127,0.915117667060927
1652,1.01632833826924,18,1.16357332249414,1.10469939991521,0.867589468147246,0.578763663879684,0.915117667060927
1653,0.643281036131901,18,0.764855995193462,0.705549674102267,0.589148629722657,0.361999035481814,0.915117667060927
1654,0.553408515685635,18,0.644073346455141,0.609553595595276,0.542378441076101,0.338527724759931,0.915117667060927
1655,0.534062535429553,18,0.607287474911267,0.592544285136572,0.50333880331946,0.300337921403168,0.915117667060927
1656,0.982868376912639,18,1.15236996838801,1.10276193331048,0.82437013848286,0.550305548577567,0.915117667060927
1657,0.946205735878294,18,1.12097224241212,1.05891449458273,0.768636783537404,0.51338451579999,0.915117667060927
1658,1.00335404643034,18,1.18272544596345,1.12734385976174,0.850219809835597,0.546317669002031,0.915117667060927
1659,0.967214956663046,18,1.16220418446041,1.0722512473517,0.823941572050831,0.526079902112496,0.915117667060927
1660,1.03558503251349,18,1.24733833238511,1.15901098817362,0.923737433996088,0.584517967118683,0.915117667060927
1661,0.919602633476288,18,1.10993760033254,1.01617691719516,0.854307340218102,0.513275242628841,0.915117667060927
1662,0.886252392906837,18,1.06173551207907,0.986705893297326,0.804773148986604,0.495834325460415,0.915117667060927
1663,0.74562192288523,18,0.887877010619187,0.79741399219852,0.695973779505356,0.414887606068762,0.915117667060927
1664,0.890870065711361,18,1.1004044499797,0.985503649825404,0.825910439153424,0.494783801649464,0.915117667060927
1665,0.700403520986028,18,0.867704186841307,0.779779569747939,0.669132792537488,0.386411298673301,0.915117667060927
1666,0.696372953587698,18,0.865709211358673,0.764621450755741,0.647187567246743,0.365137410499853,0.915117667060927
1667,0.754638046855877,18,0.948000462469312,0.824783177022425,0.677233614530143,0.419073111012731,0.915117667060927
1668,0.69934989697578,18,0.85366974350426,0.750004181189557,0.595444813392505,0.373053292234818,0.915117667060927
1669,0.573689250466589,18,0.679837436522193,0.615009270595487,0.535415088796375,0.310444900368683,0.915117667060927
1670,0.750516403794039,18,0.967700986664796,0.832814338776393,0.713856468107149,0.435604626685558,0.915117667060927
1671,1.03887211611999,18,1.25615989762355,1.12036640198845,0.833073362250554,0.572463076185798,0.915117667060927
1672,0.841500202301795,18,1.03516252313225,0.920576731173378,0.739497803650672,0.459826845847984,0.915117667060927
1673,0.900641125487362,18,1.04984153123444,0.961139319545154,0.736417385147536,0.456956664957101,0.915117667060927
1674,0.88843335132138,18,1.07311608639415,0.964370141266882,0.779256314893802,0.478426465712996,0.915117667060927
1675,0.661266192158021,18,0.754107290528434,0.707992065230467,0.591576852723362,0.346446327340404,0.915117667060927
1676,0.625180867447758,18,0.728256818281481,0.672694375767619,0.608790169467253,0.345650068943759,0.915117667060927
1677,0.895617698088902,18,0.993949175944029,0.957560674425029,0.800272231552304,0.521418108546684,0.915117667060927
1678,0.787581795643196,18,0.871297798241711,0.869693320098561,0.748344009502567,0.433642525076885,0.915117667060927
1679,0.951787658033243,18,1.00888951607608,1.06144033695727,0.839820271520819,0.511035169993427,0.915117667060927
1680,1.15948591207634,18,1.21882287747994,1.28293005592782,1.01396587366568,0.674686819621455,0.915117667060927
1681,0.81857749805655,18,0.827609329062102,0.894732174545819,0.815284401926627,0.508627670670393,0.915117667060927
1682,1.09525524550026,18,1.11706855089599,1.20364950140636,1.03160262080553,0.66747078506768,0.915117667060927
1683,1.22597747442788,18,1.20788669884417,1.34769943950319,1.05321443605194,0.635865540932833,0.915117667060927
1684,1.08593733038563,18,1.07420524476564,1.19298261925164,1.0058661732354,0.64023189537876,0.915117667060927
1685,1.02856033094007,18,0.994890548752437,1.1157198591318,0.964677250052956,0.57675341324037,0.915117667060927
1686,0.95532558163724,18,0.905042101769258,1.06196898394065,0.847222185201236,0.506259159343738,0.915117667060927
1687,1.01623531752824,18,0.958130867658826,1.13082114140809,0.880396252727564,0.609259183553153,0.915117667060927
1688,1.06484001263198,18,1.01986440764042,1.18586826024846,0.94047146205764,0.638645288348205,0.915117667060927
1689,1.24417198625154,18,1.18614025415484,1.32669213298177,1.0347765497612,0.675344086217969,0.915117667060927
1690,0.8917650833443,18,0.845205575817936,0.958896692723544,0.770717006537327,0.488430746402585,0.915117667060927
1691,1.00234733891206,18,0.954978381172494,1.10409024274138,0.958937131721033,0.659760551435757,0.915117667060927
1692,1.20877642304409,18,1.17315086093482,1.35471350428637,1.03314134133005,0.723687607099379,0.915117667060927
1693,0.969539675556241,18,0.929727867122488,1.06138079863128,0.853395972560833,0.564954631640871,0.915117667060927
1694,1.22842751537429,18,1.24202643520718,1.34035398626979,0.990091913296375,0.699882944718805,0.915117667060927
1695,1.17807844263185,18,1.19535099305947,1.27608629153385,1.00498310242548,0.704281074818465,0.915117667060927
1696,0.876807435663723,18,0.906864431548693,0.980045153215179,0.821067413029356,0.519366190631111,0.915117667060927
1697,0.867337363883782,18,0.890031907196447,0.923289885316845,0.83041518470867,0.524783843934734,0.915117667060927
1698,0.849695368696751,18,0.901694221403687,0.929014406247481,0.755653038062907,0.46403804694735,0.915117667060927
1699,0.91938122512717,18,1.00561331887966,1.01690129378192,0.831195428724109,0.543082202702435,0.915117667060927
1700,0.934605190856237,18,1.03803105732353,1.01676867231795,0.842509508926209,0.564820706184949,0.915117667060927
1701,0.922131149916137,18,1.03681856692187,0.99648412631861,0.848297399791996,0.546287721440606,0.915117667060927
1702,0.951049307820935,18,1.11503935983334,1.0379720207752,0.866701234386156,0.600785715100482,0.915117667060927
1703,0.536454133770575,18,0.611481202775046,0.563623475531573,0.514638918325537,0.310154622739489,0.915117667060927
1704,0.79592076607693,18,0.963239157227436,0.865782150358263,0.804828844124944,0.49894266752095,0.915117667060927
1705,0.953010980854346,18,1.1632928107735,1.01541980072244,0.812434784311746,0.495748226645604,0.915117667060927
1706,0.758723430977293,18,0.994083502888847,0.844670285480936,0.708748142473559,0.450763469304358,0.915117667060927
1707,0.450146001279353,18,0.537296642984344,0.460904185640508,0.437842466069726,0.276122973741564,0.915117667060927
1708,0.856715779574652,18,1.09411667903025,0.904201741857693,0.832153215747025,0.559015337684736,0.915117667060927
1709,0.854368657763208,18,1.12092388125653,0.924453548932615,0.80498967698385,0.532789204000538,0.915117667060927
1710,0.728609949412806,18,0.990989766941977,0.818385931819684,0.718890840966107,0.427957258588931,0.915117667060927
1711,0.851829960903331,18,1.1250674577907,0.936281215391555,0.806170349662366,0.507011058578204,0.915117667060927
1712,0.857477182992252,18,1.15490839805336,0.942931663983497,0.782388238656844,0.523837778830163,0.915117667060927
1713,0.695598463796304,18,0.925680432786248,0.77269248268554,0.668137450294107,0.430723757021285,0.915117667060927
1714,0.662236792594051,18,0.84280362740637,0.723104207414002,0.525901447048281,0.340939538822014,0.915117667060927
1715,0.743986148573669,18,0.961575452328751,0.822795057380395,0.657056849230067,0.42006336372086,0.915117667060927
1716,0.275002372512876,18,0.339855965192786,0.296952247251769,0.29879336085094,0.150069053125691,0.915117667060927
1717,0.833201642343567,18,1.03652931747202,0.908748233730845,0.735901997216567,0.438490603717946,0.915117667060927
1718,0.896858188786238,18,1.10023531300926,0.936785835753646,0.703817874898684,0.449253243024931,0.915117667060927
1719,0.884375300766428,18,1.05702629947376,0.94977568946279,0.744773940001509,0.507699268457722,0.915117667060927
1720,1.08349971774745,18,1.27657386341621,1.14044046232071,0.854175018213815,0.563307245926135,0.915117667060927
1721,0.873781637149894,18,0.994624401199382,0.90635570908979,0.705079545083416,0.426080435559357,0.915117667060927
1722,0.73556202486253,18,0.848180453801004,0.808935733689489,0.623834089070441,0.392935091829709,0.915117667060927
1723,0.878238285732006,18,0.988508443391468,0.967166804701589,0.85893143921248,0.502696978320581,0.915117667060927
1724,0.971042839622112,18,1.06810321466822,1.02585019514471,0.824116070418942,0.494366351581701,0.915117667060927
1725,1.06095051396145,18,1.17759109134778,1.16377244781148,0.908767296904833,0.614245362597809,0.915117667060927
1726,1.13212407818886,18,1.25505669043962,1.26732739928871,1.07960823420268,0.722566311312743,0.915117667060927
1727,0.954359813025058,18,1.02882754330973,1.04184007310675,0.886739460649505,0.588187726377755,0.915117667060927
1728,0.951252541344839,18,1.03235454082486,1.00152265262023,0.848742924659641,0.578709109694662,0.915117667060927
1729,0.759457711039302,18,0.840051844846435,0.834546389402946,0.667752825993791,0.472731522007444,0.915117667060927
1730,0.855930706020385,18,0.941727791401507,0.913298422060581,0.816785403176296,0.54595430993431,0.915117667060927
1731,1.01530206554689,18,1.07227001449774,1.04066903929991,0.921451555493533,0.613941217686817,0.915117667060927
1732,1.11895237608364,18,1.22732858010672,1.11970557440416,1.08989407685715,0.686913974212794,0.915117667060927
1733,0.915668847914379,18,0.980045341551364,0.972090834041013,0.864241229520247,0.540727634022814,0.915117667060927
1734,0.937657861349914,18,1.01066552122213,0.997493956802405,0.863054754314875,0.585155541567627,0.915117667060927
1735,0.5890777300927,18,0.617155425542476,0.62549480515908,0.557096877488811,0.342739361512374,0.915117667060927
1736,0.844842460642045,18,0.901668552165824,0.898940137545518,0.799470814369774,0.481027140291626,0.915117667060927
1737,0.766267736294095,18,0.78770870124039,0.831691492564909,0.768845358663298,0.456629594990211,0.915117667060927
1738,1.04087223159724,18,1.10917973764339,1.1346723906399,0.957921849713206,0.615978674743372,0.915117667060927
1739,0.660758686298057,18,0.681233288592783,0.708905730706694,0.704160979408186,0.42858705471124,0.915117667060927
1740,0.974286100233388,18,1.01820578415714,1.0380379896603,0.854037846422586,0.558425774137756,0.915117667060927
1741,1.12436083095764,18,1.15995053358057,1.213116804372,1.00889485283809,0.63903672095484,0.915117667060927
1742,0.664391042330858,18,0.66876707192428,0.720363404474656,0.651501634951918,0.387721270998525,0.915117667060927
1743,1.1412852375689,18,1.13017229562728,1.1839168269307,1.05437437400565,0.66785193155799,0.915117667060927
1744,1.0009829827463,18,1.01394563976457,1.05577544468086,0.904216119644871,0.544443629806796,0.915117667060927
1745,1.05344957168161,18,1.02600194230628,1.12601998310527,0.974221242684141,0.644185309345544,0.915117667060927
1746,1.19885863002775,18,1.16140912033593,1.22957428589311,1.11255388435466,0.774903729972307,0.915117667060927
1747,1.41804445429984,18,1.3885246947656,1.45211694208668,1.33655055597066,1.01479679884674,0.915117667060927
1748,1.09633913289481,18,1.08158062492583,1.18935625744876,1.11872650813096,0.690733557329337,0.915117667060927
1749,1.07503343806167,18,1.03975679555822,1.1437562680269,1.06876036714418,0.73564364272502,0.915117667060927
1750,1.06480373438968,18,1.06393778172339,1.13499097056595,1.00894383749974,0.616059831533549,0.915117667060927
1751,1.22122402417522,18,1.21573738982549,1.3317762208249,1.1126984865869,0.797898165670129,0.915117667060927
1752,0.764089427472341,18,0.770604410860341,0.828524882868799,0.821135502509696,0.528420410041261,0.915117667060927
1753,0.592056952426752,18,0.59956478573945,0.640851363361828,0.603569459862169,0.332781935544725,0.915117667060927
1754,0.958589758596876,18,0.989333946413419,1.065735645723,0.857713309977638,0.608304678948052,0.915117667060927
1755,0.910186835816653,18,0.943581879816208,0.996719470662165,0.952554565872648,0.604134157389967,0.915117667060927
1756,1.04687729514079,18,1.10226641779615,1.09119947064861,0.992966331714134,0.637302586328028,0.915117667060927
1757,0.858933045426172,18,0.911106278118165,0.919425483752114,0.891220905432489,0.556141142796112,0.915117667060927
1758,0.974782186171703,18,1.04017532645987,1.06938993280769,0.958270084590682,0.626206153583094,0.915117667060927
1759,0.856777518404351,18,0.88508364967406,0.912112341279035,0.858228845721292,0.54039902170575,0.915117667060927
1760,1.12580051992091,18,1.17170391700993,1.19219633039582,1.01622139416977,0.672741368201353,0.915117667060927
1761,0.733363917741839,18,0.762647988140503,0.781259121790001,0.770572680032949,0.476148541347096,0.915117667060927
1762,0.882910447167838,18,0.923920588994122,0.946163957087757,0.946759839908456,0.571328031548519,0.915117667060927
1763,0.917836970685263,18,0.939542635324874,0.984825179187918,0.86828624751529,0.521388067139462,0.915117667060927
1764,0.913038967005173,18,0.944751166206284,0.948956214373756,0.820604597077988,0.521985609756527,0.915117667060927
1765,0.743737258063341,18,0.764932128622245,0.80881021699046,0.762777874760978,0.44890152374195,0.915117667060927
1766,0.986557584261764,18,1.00000810372336,1.09291715479063,0.864071512464837,0.617582030031247,0.915117667060927
1767,1.08244492049385,18,1.09084480000283,1.1846449737666,0.952953236828028,0.660157955718757,0.915117667060927
1768,0.996636710012383,18,0.988498745146473,1.06175724136893,0.927849953695163,0.562559555196995,0.915117667060927
1769,1.13533396270269,18,1.10764480819521,1.22189234951206,1.01964112129159,0.676764729760618,0.915117667060927
1770,0.982245748826387,18,0.96972343691267,1.05101727044997,0.922749436495352,0.601426885254579,0.915117667060927
1771,1.23271599787468,18,1.18279473528663,1.28007065588933,0.995333562342676,0.750243084038898,0.915117667060927
1772,1.09670464205688,18,1.06883095107093,1.19175075647993,0.988440526576201,0.673901129266741,0.915117667060927
1773,0.900751284995015,18,0.891911600099799,0.960076893590023,0.940643013259704,0.569845336460944,0.915117667060927
1774,1.22538034173331,18,1.18276648367091,1.29348524399379,1.09650100090534,0.696052452876019,0.915117667060927
1775,1.32162433396411,18,1.2939303745662,1.34729031172488,1.23719862539499,0.814587338182413,0.915117667060927
1776,1.07886977535705,18,1.06507682258466,1.12682423168084,1.03244379069466,0.688312308067542,0.915117667060927
1777,0.797605480725858,18,0.796054157975648,0.860387735026334,0.839562606685453,0.530861665590971,0.915117667060927
1778,1.03440795625204,18,1.03422365428312,1.06789439606411,0.889779523586917,0.58676646196129,0.915117667060927
1779,1.0539419084878,18,1.07137007845614,1.07571358522694,0.919030415800934,0.647091173264819,0.915117667060927
1780,0.857636889467362,18,0.885140747830196,0.892186137634488,0.821405301782275,0.551435954452045,0.915117667060927
1781,1.00879314617364,18,1.05767731609292,1.04607161706631,0.964684190388295,0.635055503582664,0.915117667060927
1782,0.465537949081896,18,0.479634803424937,0.510221503325232,0.572605603491586,0.298134825620928,0.915117667060927
1783,0.854745143409837,18,0.917817245157341,0.940898653400517,0.864452619867619,0.502736512510097,0.915117667060927
1784,1.0383437037189,18,1.07862148894404,1.05901924834358,1.02069099022909,0.718149483611598,0.915117667060927
1785,0.806614280475207,18,0.863699441117094,0.873640260397044,0.887628672336832,0.507116477096738,0.915117667060927
1786,0.942307294898228,18,0.957405695356769,0.982415674081229,0.904916175124523,0.58510046249405,0.915117667060927
1787,1.17081653301957,18,1.24139537158939,1.20269004036762,1.15198084653275,0.75591664281861,0.915117667060927
1788,0.728098991082752,18,0.740432850776229,0.815918181712773,0.795855045523116,0.464838467026592,0.915117667060927
1789,1.11912006836109,18,1.16236414193982,1.10435559724233,1.07567529234593,0.611196831316126,0.915117667060927
1790,0.777392495302733,18,0.799444278054808,0.823247065237532,0.791126031027272,0.474056021433484,0.915117667060927
1791,1.11736864541131,18,1.14396537770916,1.14351587250092,1.03107148256215,0.710605509125422,0.915117667060927
1792,1.24211090094871,18,1.24999948286072,1.24414906818083,1.08544136511327,0.779732117551135,0.915117667060927
1793,1.02104638197332,18,1.05192432000631,1.08781461797745,0.942426222176952,0.623584235812379,0.915117667060927
1794,0.811714412234996,18,0.827567007239169,0.881228959727049,0.802580329545085,0.505926630806312,0.915117667060927
1795,0.827928838603807,18,0.902409048759431,0.852169583866814,0.809497640371338,0.501276422669738,0.915117667060927
1796,0.921633976213873,18,1.00455062271875,1.04694184469135,0.904293339178055,0.590099981275454,0.915117667060927
1797,0.956960004275914,18,0.977896520477261,0.981365603831919,0.974127711691953,0.661610290405805,0.915117667060927
1798,0.916097538996129,18,0.94667325088054,1.00169610496875,0.936252123848397,0.583587791234771,0.915117667060927
1799,0.985625951985856,18,1.0712573068714,1.05756481410243,0.951056275331583,0.632774581531627,0.915117667060927
1800,0.90301048465939,18,0.942764213456334,0.945160628539708,0.928827548741528,0.589616572241824,0.915117667060927
1801,0.883107664125491,18,0.900386769722496,0.906085600518166,0.886765392536821,0.576602293698451,0.915117667060927
1802,0.994232834497686,18,1.04305956692663,1.02413024959722,1.06660563489013,0.674100485595168,0.915117667060927
1803,0.967030682052196,18,1.04332779657232,1.0642109047052,1.02832783163001,0.617273783375275,0.915117667060927
1804,1.2113731808572,18,1.29318785269915,1.27726342938637,1.17642355421817,0.825233224142093,0.915117667060927
1805,1.08889391095498,18,1.12221677670713,1.18138136896396,1.09117735812509,0.686384290666839,0.915117667060927
1806,1.01592873448701,18,1.09489807113427,1.03739437319286,1.00451691071866,0.712158958976026,0.915117667060927
1807,0.666940848889123,18,0.687673234648694,0.724338342045396,0.792959013136656,0.481097724050067,0.915117667060927
1808,1.01956643795915,18,1.1103749030725,1.11234676283818,1.03754489276281,0.680187940386982,0.915117667060927
1809,0.91602172671159,18,0.939613504947143,1.00740391792257,0.956434861602696,0.559457489629843,0.915117667060927
1810,0.799567107597221,18,0.838999576180596,0.862104405513541,0.923596750531966,0.586233450468722,0.915117667060927
1811,1.04647392080632,18,1.15373236826062,1.1992678765877,1.05940694468302,0.731503443323443,0.915117667060927
1812,0.819391682511306,18,0.946792175078558,0.953513474110741,0.921515586120353,0.625924431161609,0.915117667060927
1813,0.78175066650502,18,0.834790368150033,0.893277458463401,0.853392136309266,0.559251408762632,0.915117667060927
1814,0.852753366791113,18,0.961003923912919,0.975700912021688,0.916983221295041,0.594499149522682,0.915117667060927
1815,0.955382333063701,18,0.991450204451841,1.0564859529448,0.966290540469291,0.647179667394653,0.915117667060927
1816,0.85910049895325,18,0.904078514529967,0.949643982609514,0.94186556984441,0.55821020497688,0.915117667060927
1817,1.09589051742478,18,1.11909726467916,1.13220520576671,1.12979484863228,0.79510768245014,0.915117667060927
1818,1.10760044611232,18,1.17636221296865,1.16691012744732,1.06815378614659,0.753660696425318,0.915117667060927
1819,1.01318115057179,18,1.01475790825302,1.11986816744182,1.00898529058307,0.695618349989761,0.915117667060927
1820,0.92811591289622,18,0.925288472529848,1.00902532237122,0.982912400854167,0.651172847520825,0.915117667060927
1821,1.40347359062816,18,1.37504754490843,1.44556810154718,1.2650669667459,0.981694275756053,0.915117667060927
1822,0.792518216267871,18,0.792217453301086,0.885759124830929,0.924714219841617,0.551209734286579,0.915117667060927
1823,0.487367919699455,18,0.432672719768527,0.534777693580477,0.621593085996641,0.314804364016552,0.915117667060927
1824,0.976216274305704,18,0.967431358971976,1.03503024498725,0.958933717241568,0.584033726190587,0.915117667060927
1825,1.16988524575894,18,1.10271820004596,1.21304446280449,1.19508072526984,0.852927726660722,0.915117667060927
1826,0.959929875813091,18,0.94246087111549,1.09616138236105,1.08468626940105,0.751808947649634,0.915117667060927
1827,1.11095206519174,18,1.00257554156606,1.17762576779653,1.09175288329281,0.750919533901216,0.915117667060927
1828,1.14283747821695,18,1.05196308309437,1.2107807372646,1.07106560386485,0.787244231229269,0.915117667060927
1829,0.969587011320509,18,0.856417862075079,1.06258745447262,1.01230427187522,0.710103741903077,0.915117667060927
1830,1.09107331977953,18,0.985762220857954,1.12099710984478,1.08942668421574,0.788188041928854,0.915117667060927
1831,1.03526519206481,18,0.93165703877442,1.12126145403369,1.12231528259453,0.797999478318828,0.915117667060927
1832,1.42696510554294,18,1.24060817361455,1.50520012477139,1.24518534406491,1.04145751280683,0.915117667060927
1833,1.3523956291628,18,1.18400159144674,1.3984513693009,1.17880936245059,0.886547502761185,0.915117667060927
1834,1.27940656802586,18,1.08787715960827,1.3394781969941,1.15333521571727,0.887447753043972,0.915117667060927
1835,1.2067516962803,18,1.04148641505338,1.26753168119192,1.13830058483547,0.838207877481939,0.915117667060927
1836,0.968573889393183,18,0.843835468640909,1.0594050881821,1.01453788127529,0.669623128289624,0.915117667060927
1837,1.05204662999964,18,0.93599178803383,1.1397806562256,1.06289656321963,0.725651227874759,0.915117667060927
1838,1.30613106404108,18,1.18981983287277,1.39166589884088,1.17833327986393,0.910949696613899,0.915117667060927
1839,1.43989593944484,18,1.2800376211798,1.52405214958008,1.21574065040232,1.00394706142216,0.915117667060927
1840,1.25286810212963,18,1.10671648181932,1.35822647577211,1.17640438405122,0.869630968525058,0.915117667060927
1841,1.07475351714826,18,0.944837635792356,1.10427282800386,1.0052194420482,0.744388368760605,0.915117667060927
1842,0.756861523974604,18,0.67831470026112,0.793918063780547,0.842708419679607,0.502412381653071,0.915117667060927
1843,0.709644508141874,18,0.657440881213083,0.778874324282045,0.840233160379921,0.472150241628978,0.915117667060927
1844,1.0242415627487,18,0.916102311402929,1.070188433328,0.961942054453872,0.601699899100096,0.915117667060927
1845,0.866787971393031,18,0.802636680579578,0.938879076107736,0.868838976817705,0.5685250854168,0.915117667060927
1846,1.23519568555395,18,1.10465049905813,1.35318427878733,1.0331087211653,0.731437233326975,0.915117667060927
1847,0.878021245951003,18,0.803060986781854,0.890470415409647,0.801758339216817,0.532847064189461,0.915117667060927
1848,1.2119934357957,18,1.10471124310095,1.31190900628721,1.00862780174101,0.798657142680369,0.915117667060927
1849,1.35808447478076,18,1.22125705594658,1.44626842197761,1.08129308876262,0.851662363136436,0.915117667060927
1850,1.26595739884208,18,1.16445952607267,1.25099105821359,1.00371453281409,0.74164152393627,0.915117667060927
1851,1.0984767007503,18,0.997095245041316,1.16724987307825,1.0074624503257,0.696555100787613,0.915117667060927
1852,1.28524145024867,18,1.15255249050358,1.39957522984601,1.05381193150892,0.822822297112368,0.915117667060927
1853,1.30936939274654,18,1.16964171869467,1.35903138954767,1.08239036670504,0.587487260839544,0.915117667060927
1854,1.20195334078053,18,1.09873831783873,1.27542423088909,1.04795529874535,0.820040731525292,0.915117667060927
1855,1.2283698422236,18,1.10783785539155,1.25677478037887,1.0481019973895,0.71941017536779,0.915117667060927
1856,1.02816436843666,18,0.916428485165786,1.1156204009965,0.958414981752351,0.591608008385296,0.915117667060927
1857,0.19997187119045,18,0.180626031469288,0.198370140666907,0.296679311864416,0.136924740140497,0.915117667060927
1858,1.09686534859036,18,1.00834413457979,1.10365978322165,0.939320468018791,0.59139519768837,0.915117667060927
1859,1.11117841729481,18,1.02462708234501,1.08028336395296,0.9500448545724,0.646626665735454,0.915117667060927
1860,1.15741801608685,18,1.02600274871046,1.20385497106814,1.02596902067833,0.65515375543598,0.915117667060927
1861,0.935971535767381,18,0.842758908987662,0.982186024049718,0.855991109685429,0.477856313430266,0.915117667060927
1862,1.28827117015974,18,1.15536096116486,1.29509356559213,1.07324243824731,0.706610080497589,0.915117667060927
1863,1.05440498588682,18,0.931792298218257,1.07372336275232,0.957448457385045,0.589927237010078,0.915117667060927
1864,0.942178381414223,18,0.804201650015089,1.00036571602993,0.879379206146148,0.514893067330691,0.915117667060927
1865,1.04191618904477,18,0.883542784945416,1.09409890389396,0.999878611204212,0.609955530597717,0.915117667060927
1866,1.28603765272792,18,1.07119195752421,1.32952097594365,1.16805754281779,0.773763712757191,0.915117667060927
1867,1.29385935045848,18,1.08376171480173,1.34721148668643,1.18906793421435,0.75999633092411,0.915117667060927
1868,1.55808508331139,18,1.2992127333201,1.68385451897173,1.27563106484908,1.00575426612121,0.915117667060927
1869,1.29916294896866,18,1.09185598989713,1.38358888928145,1.15301075788652,0.792321933531042,0.915117667060927
1870,1.37108586085994,18,1.15182374733981,1.45926291313848,1.15984409233084,0.829443322467228,0.915117667060927
1871,1.17163815034959,18,1.02254892450431,1.20642737390861,1.0888961668701,0.735215871312735,0.915117667060927
1872,1.18983788295503,18,1.03424912693824,1.25029338101798,1.08399823402541,0.723338595958427,0.915117667060927
1873,1.07247800300586,18,0.955198661885316,1.1249924425782,1.02250167438119,0.644127168791853,0.915117667060927
1874,1.49422433303445,18,1.34808680262951,1.56481000119714,1.27622073594713,0.954102934141947,0.915117667060927
1875,1.0183782607208,18,0.951261619700941,1.11397361399396,0.928274411749736,0.55610639072016,0.915117667060927
1876,1.15958943533145,18,1.10439520119295,1.20503656431204,1.07126051410331,0.615309563739579,0.915117667060927
1877,0.930763807472227,18,0.890394487472218,1.02613424359689,0.97711957696777,0.551931319233391,0.915117667060927
1878,0.956707585386493,18,0.948827693913515,1.01164101420396,0.963672108888164,0.578291227934534,0.915117667060927
1879,0.726389650979635,18,0.765640846554441,0.760333475071114,0.770306358144167,0.427653012398373,0.915117667060927
1880,0.653726550492713,18,0.709698067849421,0.692132013508169,0.750173712415627,0.39900314070925,0.915117667060927
1881,0.78433203712142,18,0.814616127528146,0.8536415553948,0.781972353200652,0.420480613770785,0.915117667060927
1882,0.86206498644577,18,0.902430141672508,0.894105031751796,0.827572487561027,0.476532532485517,0.915117667060927
1883,0.776040820851991,18,0.812596054923985,0.797991649776838,0.763795635343894,0.435922308823004,0.915117667060927
1884,0.973023109970061,18,1.07717490265124,1.0312078613699,0.978822069632049,0.614989611034105,0.915117667060927
1885,0.68866042055025,18,0.727308777179741,0.720798182769519,0.702519532122466,0.422074188057518,0.915117667060927
1886,0.92589081639833,18,0.910996172588113,0.934303890093194,0.886382913637259,0.535421466649498,0.915117667060927
1887,0.933644597973643,18,0.961646433130283,0.978358892042043,0.861677890207547,0.572937802133054,0.915117667060927
1888,1.02241611210834,18,1.06791147690663,1.0867899214701,0.990655067125669,0.643251481441718,0.915117667060927
1889,1.07230598728091,18,1.14880921897341,1.11836734585328,1.04048575212496,0.668861249416631,0.915117667060927
1890,1.25728031195917,18,1.33694963640759,1.37796686405979,1.17015564409557,0.851686849297855,0.915117667060927
1891,1.16561321159281,18,1.22944908173032,1.24791230246967,1.06635748369681,0.729993399413883,0.915117667060927
1892,1.18757246025889,18,1.20968723102574,1.26262879300341,1.07207817257744,0.735036157581326,0.915117667060927
1893,1.15526724251241,18,1.16651123731646,1.20649947363845,1.0749729016747,0.730143781971435,0.915117667060927
1894,0.777893044021587,18,0.796705493112625,0.865576261164317,0.768615881623485,0.495059364941503,0.915117667060927
1895,1.04253305228406,18,1.10545970267421,1.08810635018473,1.03979038227169,0.632263185484731,0.915117667060927
1896,0.879590108408623,18,0.887727400779456,0.93326789663328,0.821367861101622,0.517289928328154,0.915117667060927
1897,0.972548899404499,18,1.02888212018886,1.10983714781574,0.929862468591541,0.577211541797147,0.915117667060927
1898,0.877475849345706,18,0.880185038005493,0.937706177996936,0.87108387235424,0.545628506276186,0.915117667060927
1899,0.793898127167349,18,0.79558261853852,0.858348944584338,0.806195458168917,0.471390377107968,0.915117667060927
1900,0.872122727722197,18,0.862269769891906,0.93427977289393,0.927878433163026,0.558466642828042,0.915117667060927
1901,1.04730165758068,18,1.09322790995456,1.14924490356285,1.06076423909421,0.705725074360716,0.915117667060927
1902,0.802858713739407,18,0.790301708612482,0.843414258650907,0.836517099298891,0.497515031978978,0.915117667060927
1903,1.00590838789912,18,0.97134801034942,1.07014978236783,1.03824673426612,0.679383313045057,0.915117667060927
1904,0.897574647778603,18,0.851526997986803,0.992328120275881,0.890080306816836,0.563457340768219,0.915117667060927
1905,1.00492480627241,18,1.00007770354616,1.11261150448248,1.06692686331749,0.6937056412652,0.915117667060927
1906,1.07736512238064,18,0.97840233161624,1.14692736663188,0.992018708888313,0.596646101402549,0.915117667060927
1907,1.22709571973727,18,1.11905578363354,1.35980030176348,1.16445937483327,0.79047627508184,0.915117667060927
1908,1.06278841739982,18,0.9050563018427,1.18071078198275,0.98790529175078,0.621366144054941,0.915117667060927
1909,1.20051202971343,18,0.989751146242469,1.27362676270941,1.06456787839493,0.734802305795217,0.915117667060927
1910,1.39440002481515,18,1.14715680342583,1.49287504028489,1.17809575770266,0.841532854734198,0.915117667060927
1911,1.42778825324599,18,1.11222170211968,1.53575474211674,1.22243396890462,0.898099573852377,0.915117667060927
1912,1.13782086958738,18,0.889328463772489,1.2342469372497,1.08350817028962,0.751603269383764,0.915117667060927
1913,1.14955598023735,18,0.879771652032684,1.24696825837907,1.08371637764709,0.714053244159331,0.915117667060927
1914,1.51037411728107,18,1.13647149527544,1.65678356721801,1.36863877974899,0.920029329675489,0.915117667060927
1915,1.38260595229721,18,1.03722403211011,1.46137372210524,1.2826359203846,0.903541905109564,0.915117667060927
1916,1.4482050049159,18,1.05884485233012,1.54300881276665,1.33451177273442,0.91011191899355,0.915117667060927
1917,1.10322442880225,18,0.890629503765762,1.24186976436799,1.12696387965364,0.761994781084131,0.915117667060927
1918,1.46753535843923,18,1.13537713051257,1.63838474428884,1.42051313863924,1.04758307516434,0.915117667060927
1919,1.26688186798634,18,0.920732292347848,1.43442189941613,1.28036434391641,0.829701456434289,0.915117667060927
1920,1.51450219800974,18,1.09185060035733,1.64215210487435,1.40273272969669,0.985064286775374,0.915117667060927
1921,1.27242910387513,18,0.970055655657203,1.40245313018057,1.29944390843134,0.908172940039423,0.915117667060927
1922,1.58085980739292,18,1.23891074176141,1.75387397085269,1.45454459816975,1.03325902896335,0.915117667060927
1923,1.09458483761225,18,0.877744143715257,1.33068143838372,1.1549501330085,0.773740420833784,0.915117667060927
1924,1.20769581292859,18,0.997448026766103,1.51143974782985,1.26885337112323,0.880479490959965,0.915117667060927
1925,1.26434339799637,18,0.952285517744873,1.33532528020651,1.18220743374634,0.78050354546192,0.915117667060927
1926,1.35572231758834,18,1.08014814711894,1.52129985137793,1.24198767186828,0.864789897718046,0.915117667060927
1927,1.36981932146133,18,1.08589126960492,1.45839111234124,1.20168855241022,0.807459091322587,0.915117667060927
1928,1.16179022425528,18,0.912126771995121,1.24737544058509,1.1158961471676,0.733574900896496,0.915117667060927
1929,0.849918753718675,18,0.673151704330346,0.912718292864191,0.930865979898816,0.573232043120924,0.915117667060927
1930,1.32419723112397,18,1.0653171669377,1.47326844220588,1.21172722057156,0.836363677549071,0.915117667060927
1931,1.29489042547027,18,1.05826410183279,1.39418590694026,1.21410637702416,0.895760176423015,0.915117667060927
1932,1.36362544025723,18,1.16140964417549,1.46762491423915,1.30052423085581,0.913529233661126,0.915117667060927
1933,0.873606412180392,18,0.722121387444622,0.977899972639684,0.96059161742072,0.601892757453765,0.915117667060927
1934,0.769868237201882,18,0.650008787599914,0.826161197062387,0.886986507501215,0.498443260554659,0.915117667060927
1935,1.14562683940188,18,0.959490570420516,1.19916904833049,1.16493024466652,0.78610650341017,0.915117667060927
1936,0.990816789460743,18,0.858295713451447,1.07182371251719,1.04198974066488,0.616837941446186,0.915117667060927
1937,1.29707614248977,18,1.12590581528797,1.37488740243481,1.2309869899762,0.84347848385923,0.915117667060927
1938,1.5371757361382,18,1.30127978098219,1.63621652216785,1.3377391571919,0.927500201314543,0.915117667060927
1939,1.12409089972126,18,0.971885794912934,1.27827270826555,1.11913246570728,0.725026725055243,0.915117667060927
1940,1.17454536512501,18,1.08568346274277,1.29648255698348,1.20487223421547,0.819600153704987,0.915117667060927
1941,1.32200312913188,18,1.19267645647116,1.45014962163905,1.33976089289833,0.906591767190712,0.915117667060927
1942,1.08727738012155,18,1.03500319460332,1.19865598232695,1.1468828164993,0.791009944134862,0.915117667060927
1943,1.23211828048396,18,1.21862886279118,1.48713241527332,1.22380155659728,0.851254286750657,0.915117667060927
1944,0.87563608702062,18,0.902040537095525,1.03153839423198,1.01279471509116,0.61209038383993,0.915117667060927
1945,0.924187499626653,18,0.873990102709799,1.04713534230233,0.971801034755714,0.590682783738739,0.915117667060927
1946,1.07416360512569,18,1.09485636509081,1.25945943721912,1.05370493957852,0.692290686784371,0.915117667060927
1947,0.965297518473525,18,1.0344360775591,1.10608504186918,1.04345223160389,0.685599991497191,0.915117667060927
1948,0.867280693090105,18,0.899142816382834,0.915347661507488,0.894357036123274,0.535516102803766,0.915117667060927
1949,0.957410038775314,18,0.978274968064214,1.05459579613451,0.954877201608964,0.625861456773048,0.915117667060927
1950,0.792178592893825,18,0.841930018687489,0.854775327486403,0.862154715269298,0.529452759589779,0.915117667060927
1951,0.758554180183189,18,0.822050090903388,0.827791043168448,0.82340468313768,0.483186452586977,0.915117667060927
1952,0.936223653312194,18,0.967176095926713,1.00613686827108,0.956309930688587,0.618365530563709,0.915117667060927
1953,0.949296616561989,18,1.0517002116156,1.05065914775352,1.06321664508857,0.652854020766497,0.915117667060927
1954,0.980718421603379,18,1.07581735440557,1.07766744207715,1.08649175422449,0.659191170971094,0.915117667060927
1955,0.849261161000163,18,0.950172870064793,0.945515105467897,0.935737598154604,0.569131365170549,0.915117667060927
1956,0.712885400126552,18,0.779929680372902,0.80978473487411,0.808230236002208,0.439722744418385,0.915117667060927
1957,0.991912376413685,18,1.1471002486039,1.11548991408392,1.08124067824583,0.738218212066455,0.915117667060927
1958,1.12052861008284,18,1.25835456654935,1.22925975679511,1.1028253774845,0.727392470951036,0.915117667060927
1959,0.934603179473843,18,0.992326437218561,1.06421288600431,0.993766075711342,0.608121112109135,0.915117667060927
1960,0.865561125456458,18,0.951126554387228,0.949709715094264,0.960691451360727,0.577839251300971,0.915117667060927
1961,0.507361559500688,18,0.531103570908658,0.552989945179225,0.615731708197712,0.326826081833495,0.915117667060927
1962,0.911693899869877,18,0.938890327814166,1.03059627599646,1.04100389257795,0.671546776059227,0.915117667060927
1963,0.944042150223491,18,0.953983263379138,1.06768848616573,1.00061206619976,0.640773617808165,0.915117667060927
1964,1.08396730248255,18,1.03096380334822,1.21137041605233,1.09321992303304,0.751837038224315,0.915117667060927
1965,0.975824554642552,18,0.925083605767459,1.07840777396918,1.06259518724644,0.685471376821246,0.915117667060927
1966,1.07814703693612,18,0.990676877660276,1.19234144806609,1.06383545090433,0.702001383451987,0.915117667060927
1967,1.1459228171787,18,1.0683682814614,1.291130237466,1.20312805439407,0.854336070620069,0.915117667060927
1968,1.06917072036683,18,0.926558301848068,1.21611800066871,1.14181425641635,0.698223994464334,0.915117667060927
1969,1.47059104668641,18,1.27494055537062,1.65859121117187,1.38253086237775,0.982821490211094,0.915117667060927
1970,1.2064979583116,17,1.02117635178681,1.40936853412346,1.21436167785723,0.865269041503587,0.910126318903983
