"year","ModNegExp","samp.depth","Spline","AgeDepSpline","RCS","SFRCS","EPS"
526,1.50973731290845,1,1.86283529213237,1.6913013000334,1.01234830743027,0.762613836735297,NA
527,0.778370873181276,1,0.953400868852111,0.864522237009388,0.590666018473505,0.387477330334167,NA
528,0.46529715765329,1,0.564887522361269,0.512431280233715,0.335117523853852,0.211819747869421,NA
529,0.503549608292587,1,0.604110081421823,0.54993867604428,0.387606623181134,0.22390225527917,NA
530,0.665645573152117,1,0.786230940348883,0.721007806605499,0.441657579062159,0.315429195340858,NA
531,0.750842680310911,1,0.869966098493005,0.806746022614449,0.484181274048739,0.3510482854933,NA
532,0.77718610766716,1,0.880572339855743,0.828472610735069,0.501509922346851,0.32080243663435,NA
533,1.03134401870882,1,1.14003073690508,1.09094877718466,0.70215695273061,0.472766918627456,NA
534,0.820612603493157,1,0.883705601205878,0.861542766034304,0.548988406456013,0.32501311866713,NA
535,0.863216065331379,1,0.905024319204095,0.899690787179219,0.585910253429435,0.439028675916778,NA
536,0.750992008788886,1,0.766705902637193,0.777226625713561,0.493981376334317,0.358278965712242,NA
537,1.02837126201302,1,1.02356708848764,1.05708442773577,0.62447168216399,0.473263352835997,NA
538,1.54670290932212,1,1.50456359027058,1.57952726816365,0.950431034482759,0.673445150475484,NA
539,1.44729722716656,1,1.38079029478229,1.46877344974391,0.971760797342193,0.752552874159317,NA
540,1.36750959032725,1,1.28445396957859,1.37950407997041,0.742890307603018,0.556836872799109,NA
541,1.15175346112686,1,1.06864844616495,1.15522792262738,0.705494505494505,0.47305973956545,NA
542,1.19284486577864,1,1.09605352755285,1.18994848717583,0.74173971679029,0.460997200492882,NA
543,0.830196304895161,1,0.756528004936208,0.823912779380937,0.552325581395349,0.344687627372662,NA
544,0.847216579408445,1,0.765904258433692,0.836701125406585,0.547004499171205,0.360474507625947,NA
545,0.786791010076132,1,0.705321240094276,0.773443143678495,0.465777389022523,0.33277004767486,NA
546,0.719812014587721,1,0.639417897540528,0.704525534024255,0.421476802439556,0.341595123000076,NA
547,0.769785137666464,1,0.677314406641098,0.750358558689503,0.428482068390325,0.297286084526962,NA
548,1.17677471063136,1,1.02611775799654,1.14267963933079,0.653403141361256,0.4896926068875,NA
549,1.65185043227879,1,1.43027330918332,1.59823547092236,0.987514188422247,0.788353280713666,NA
550,1.49090762089978,1,1.28620739689919,1.43768371706492,0.829787234042553,0.643041844186315,NA
551,1.44883171781369,1,1.25053610121783,1.3927505600106,0.767584097859327,0.675702011595276,NA
552,1.45249113164955,1,1.2598656966044,1.39222132115167,0.865650969529086,0.698027668958141,NA
553,1.21041906568248,1,1.05951825823001,1.1570787888292,0.675293605915615,0.612445717467104,NA
554,0.770888495281198,1,0.683426716127806,0.735089973139225,0.422126745435016,0.359733980453581,NA
555,1.04219979796929,1,0.938531008524887,0.991533701283801,0.636297903109183,0.536957858461607,NA
556,1.0248215922366,1,0.939904793754832,0.972959229864901,0.578994614003591,0.477177086176997,NA
557,1.33081602805374,1,1.24620155908667,1.26105268010198,0.733641771315268,0.652347346002473,NA
558,1.10966553578346,1,1.06355117966413,1.04966776937954,0.650023551577956,0.566341169329727,NA
559,1.1283938783073,1,1.10917992916704,1.06570672227314,0.63596991110098,0.551758686530694,NA
560,1.00686160644604,1,1.01640994489971,0.949584807300984,0.592246949030869,0.515563775799912,NA
561,1.0372308899137,1,1.07572521564365,0.976997567943411,0.686991869918699,0.54513094985612,NA
562,0.857968944914214,1,0.913449331112854,0.807250329484361,0.551149881046788,0.451805368927737,NA
563,0.484155447195645,1,0.528002251949707,0.455095294141267,0.312917892484622,0.280608364107174,NA
564,0.742739204071439,1,0.826816084174516,0.69758130976366,0.442818159265691,0.379301842137725,NA
565,0.853480246564,1,0.965776149246622,0.8010342487038,0.477751756440281,0.41460469538608,NA
566,0.763433876194408,1,0.874251115365489,0.716117921936325,0.426857949200376,0.403679008924414,NA
567,0.856284200996747,1,0.987879184570593,0.802862770487765,0.560476058677,0.485932335008595,NA
568,1.22419447807439,1,1.41668087366836,1.14745954321846,0.718383636817161,0.597161800875373,NA
569,0.865197402800085,1,1.00013637563552,0.810807439454675,0.471039776692254,0.40998791479946,NA
570,1.03062626834134,1,1.18473460938961,0.965761837807504,0.603469952225295,0.513381179348082,NA
571,0.783311003591892,1,0.891030774889489,0.734038823112744,0.482199787460149,0.410587383137505,NA
572,0.526950312991632,1,0.589911915168386,0.493877309857034,0.318813959590659,0.245268567042144,NA
573,0.80407030418942,1,0.880819973029813,0.753799280400379,0.462174348697395,0.37603026626046,NA
574,0.702822637788882,1,0.749425211737808,0.659123073987349,0.42059748427673,0.324156561627329,NA
575,0.71933405197236,1,0.743344464221033,0.674926387654867,0.461733973453827,0.374130326829569,NA
576,0.8950544810365,1,0.89356465984717,0.840282627531272,0.566750629722922,0.495084182614222,NA
577,1.39867341770433,1,1.34692653505723,1.31397365218534,0.840896956753871,0.771557281517876,NA
578,0.943338425105934,1,0.876281437822624,0.886902274943924,0.634563456345634,0.485960306912036,NA
579,1.17600245934038,1,1.05478760429069,1.10661626104567,0.743415463041631,0.544989123291856,NA
580,1.05964966894198,1,0.919451702770388,0.998098780420874,0.694690265486726,0.510652210944046,NA
581,1.31500645020441,1,1.10683922596223,1.23994511840075,0.835486649440138,0.585497918044225,NA
582,1.66092807381608,1,1.36087317281672,1.56793780181291,1.0027397260274,0.764654142670594,NA
583,1.38076218610329,1,1.10570250435071,1.30508693108443,0.873450562121649,0.641246311719018,NA
584,0.967754357761441,1,0.760460370734292,0.915938658449833,0.641492265696087,0.481433346354807,NA
585,1.25420414611307,1,0.970851549608111,1.18874117707229,0.724330061024144,0.638561895575984,NA
586,1.71582101050911,1,1.31369063953976,1.6287143727047,1.05144149236857,0.84450426623489,NA
587,1.15298803938298,1,0.87690010165101,1.09619181998098,0.646753246753247,0.533651153146201,NA
588,1.65944690834348,1,1.25901965859317,1.58032967529374,0.981578223810833,0.874985540842211,NA
589,1.43477419045968,1,1.09048552584267,1.3687465216542,0.855354659248957,0.713042952605351,NA
590,0.997388904819407,2,1.04442099192495,1.0101257243622,0.5961005547871,0.500261611649327,0.86362940924384
591,1.01827792743811,2,1.01948605320783,1.02311073715425,0.651860909702789,0.482343206633964,0.86362940924384
592,1.01768692206217,2,0.993833128294914,1.01807929768286,0.655039446780139,0.459089036439468,0.86362940924384
593,1.00473991781772,2,0.990254951824744,1.00740165631998,0.616271841926947,0.430130716036454,0.86362940924384
594,1.01701768213974,2,0.981597484181856,1.01530164751023,0.64760312346803,0.474753876163186,0.86362940924384
595,0.758957829081025,2,0.707962395184044,0.752047583811823,0.478730849616882,0.329663799936097,0.86362940924384
596,0.835537604774892,2,0.792271296933957,0.830640872053814,0.492074861512298,0.355501061493773,0.86362940924384
597,0.967131266236615,2,0.898643593673058,0.956695472360064,0.596798535479841,0.41601619094377,0.86362940924384
598,1.10114348813505,2,1.02374248134784,1.08904441481936,0.666656870685266,0.444016810940578,0.86362940924384
599,1.43341763290932,2,1.32287569854462,1.4146159813408,0.804647946134976,0.624434676330268,0.86362940924384
600,0.821357501713642,2,0.748257640069029,0.806561867975781,0.456668026004523,0.356732436388813,0.86362940924384
601,1.13542600213815,2,1.02322456122622,1.11248825823517,0.59189375572615,0.443735756192518,0.86362940924384
602,1.09353653230259,2,0.985331419615065,1.06790209864988,0.585081702458032,0.414678974263692,0.86362940924384
603,1.23671777314014,2,1.11749676919752,1.20494820480111,0.699866828344245,0.52290216814477,0.86362940924384
604,1.21204108860397,2,1.09068145593741,1.17675282381557,0.610300857662233,0.458336731372982,0.86362940924384
605,1.42352541994738,2,1.30301569306161,1.38136188789305,0.742858196886698,0.566541859210776,0.86362940924384
606,1.46054584178441,2,1.32995721702011,1.41069357999182,0.789933737004225,0.532688434245582,0.86362940924384
607,1.47380968064445,2,1.35749053771886,1.42040606067977,0.826181534778491,0.559492852341747,0.86362940924384
608,0.754391148090084,2,0.70484148570172,0.725726635418605,0.408406283920414,0.305225735789687,0.86362940924384
609,0.898339110809535,2,0.863783866758601,0.865148745675687,0.464949239293052,0.355150528008721,0.86362940924384
610,0.725547527250803,2,0.704268209096145,0.697210551332466,0.380089303821033,0.315951737362709,0.86362940924384
611,0.851759649422298,2,0.846267753007637,0.819519092373273,0.440234315792824,0.314912303787762,0.86362940924384
612,0.951824016405256,2,0.947413175914485,0.913627396796529,0.496286543366688,0.391572726699442,0.86362940924384
613,1.07646944954318,2,1.08325259294821,1.0337251020432,0.595507763387643,0.469442605549882,0.86362940924384
614,0.838143642789389,2,0.857179308123327,0.807085350211947,0.46575900014008,0.365739149659446,0.86362940924384
615,0.92470686313664,2,0.929134483260662,0.886715214883744,0.456022491861498,0.394607578747878,0.86362940924384
616,0.986743012153792,2,0.983297763500249,0.945127272557517,0.526054762412103,0.436290311520676,0.86362940924384
617,0.849468661953751,2,0.87011420123932,0.821808171587965,0.458243659814286,0.394682908233953,0.86362940924384
618,0.949629342118253,2,0.974729959901893,0.923246092538639,0.541494414323038,0.433980120851961,0.86362940924384
619,0.969879672245148,2,0.99246609360974,0.947720040932875,0.54822937058004,0.436078980877601,0.86362940924384
620,0.6901129299796,2,0.684633906520798,0.671656546005484,0.36393347457093,0.307679635130634,0.86362940924384
621,1.14305586357912,2,1.12069755700411,1.1168883901033,0.603594374888105,0.506521291280824,0.86362940924384
622,1.07860541039137,2,1.04130573566297,1.0573625093699,0.573087310477285,0.477992753880219,0.86362940924384
623,1.25001736280328,2,1.19976131148525,1.23661362686863,0.648233049827742,0.529954632401549,0.86362940924384
624,1.13673116274553,2,1.05854682848515,1.11954419515498,0.598260401234346,0.502159266987324,0.86362940924384
625,0.839007543583893,2,0.777917283713251,0.836000467001012,0.479400615120521,0.370246594823607,0.86362940924384
626,0.93544572283133,2,0.8474064372233,0.930709558968385,0.530753203897778,0.428716871748874,0.86362940924384
627,0.599435700279948,2,0.537969217988964,0.601687483281102,0.329696815167935,0.278451103809883,0.86362940924384
628,1.57536701324263,2,1.39186991464686,1.58457388102848,0.82822730879669,0.650625003489145,0.86362940924384
629,1.53156209555238,2,1.3307629892449,1.53633196303281,0.741863083967971,0.602964692508271,0.86362940924384
630,1.34954847762779,2,1.16812985352766,1.36246590900039,0.685517896843433,0.599438993657247,0.86362940924384
631,1.34235696596735,2,1.15975281312003,1.36056147368525,0.749261661662997,0.62701592324668,0.86362940924384
632,1.32288731078635,2,1.14864381693468,1.35061485614515,0.697900093705959,0.587645064513578,0.86362940924384
633,1.01826352796846,2,0.884986408135236,1.03571214901741,0.536415827874262,0.438643550759828,0.86362940924384
634,1.19164280179422,2,1.04595498495713,1.21577097487067,0.616111199632953,0.491806491839105,0.86362940924384
635,0.941395523879373,2,0.842912024467767,0.973817744654266,0.539822871263405,0.398550674055158,0.86362940924384
636,0.984728799021602,2,0.89329623451436,1.01632547979445,0.553332576023928,0.367759876974078,0.86362940924384
637,1.24334026242827,2,1.15214124111984,1.29165370293127,0.662697104735787,0.492690655212997,0.86362940924384
638,1.19730891844449,2,1.13645567438662,1.25108397722071,0.628822231488238,0.449989791363952,0.86362940924384
639,0.895801454738466,2,0.873721334305179,0.941303060805123,0.492956763599594,0.34380365609985,0.86362940924384
640,0.980699308167637,2,0.981234939633885,1.02773745803827,0.537201772139875,0.388644313378472,0.86362940924384
641,1.09721894921626,2,1.13304227386392,1.1538878741901,0.550847954067058,0.441919682592758,0.86362940924384
642,1.01143566621886,2,1.08120421058232,1.06789590448559,0.544736353744366,0.400786814785688,0.86362940924384
643,0.97124719271603,2,1.07612479346038,1.02810306770835,0.517293966357745,0.362082219551303,0.86362940924384
644,0.788191118201701,2,0.908535138681896,0.838396033046955,0.420633058840659,0.311882388299715,0.86362940924384
645,0.744481232121115,2,0.892435797219328,0.794427753807249,0.394269974395381,0.284284144482664,0.86362940924384
646,0.952272833530232,2,1.18776246951635,1.0199204677917,0.479098347492332,0.35340551311403,0.86362940924384
647,1.21405030848515,2,1.57411342539903,1.30368554829039,0.65693681954416,0.46489901359131,0.86362940924384
648,0.705572283556773,2,0.948087080492707,0.760957838792643,0.377245857582137,0.267847700977973,0.86362940924384
649,0.156924167589593,2,0.217663699953785,0.169689372752984,0.0888832330774829,0.0644615264777996,0.86362940924384
650,0.312583242418053,2,0.443209541752635,0.339019931134778,0.164892429543093,0.117148294238311,0.86362940924384
651,0.249080417393865,2,0.361367501232331,0.270735095742676,0.130372582580463,0.0986799420769837,0.86362940924384
652,0.543310237227477,2,0.791894335393512,0.59210438315968,0.302270994201631,0.221030792427598,0.86362940924384
653,0.622130378676567,2,0.907751583826458,0.679664846167013,0.325131921158381,0.251517292591678,0.86362940924384
654,0.92395193676593,2,1.34087406178837,1.01171836179993,0.495519580729872,0.396162209145084,0.86362940924384
655,0.734660384645535,2,1.05479611175734,0.806069993859828,0.410598729739879,0.307911210934197,0.86362940924384
656,0.876350220640634,2,1.24242144038465,0.963292582977891,0.469961896288273,0.3515398968766,0.86362940924384
657,1.09624580965106,2,1.53503884631832,1.20709693657535,0.579593559325034,0.425703513926624,0.86362940924384
658,0.825607167634065,2,1.14166780404211,0.91047671821143,0.483005025860878,0.331068640073352,0.86362940924384
659,0.778670092986537,2,1.06985208837949,0.860582086884043,0.437274574980262,0.2978110447764,0.86362940924384
660,0.682034500047632,2,0.923614451250012,0.754477145878497,0.406029380111924,0.279810465220582,0.86362940924384
661,0.548793083127162,2,0.739647105452252,0.608621346868498,0.331500620600232,0.218385906131994,0.86362940924384
662,0.745331302720894,2,0.996150912363548,0.828359136603771,0.441723474470069,0.310189547618441,0.86362940924384
663,0.688998644608379,2,0.903590756686144,0.765715217957963,0.370507184048579,0.277295198785163,0.86362940924384
664,0.621428239070681,2,0.805012038636399,0.691587409174349,0.340711256666362,0.248164714315222,0.86362940924384
665,0.870390316223602,2,1.10618661380448,0.968214105283571,0.466198910422733,0.336125066654759,0.86362940924384
666,0.738778115278143,2,0.939492950094741,0.825817157475193,0.392511559418205,0.297830144749347,0.86362940924384
667,0.631896291541434,2,0.785024127532175,0.704662208223899,0.330344147139874,0.243622445854987,0.86362940924384
668,0.77564423733392,2,0.958273155448054,0.866941363318061,0.410726283830517,0.31938397052289,0.86362940924384
669,0.865536555909629,2,1.0523138992097,0.965838234495684,0.441993642133922,0.343931727884709,0.86362940924384
670,0.987744714824581,2,1.19596593329741,1.10307495670322,0.519724940529607,0.396012026457927,0.86362940924384
671,1.48628307973316,2,1.80360419149197,1.66179982124299,0.760709929850772,0.600702876405542,0.86362940924384
672,1.06648782128095,2,1.29428506697929,1.19160500560481,0.547674905078859,0.437233972300976,0.86362940924384
673,0.823257038968939,2,1.00509720696004,0.919633498465637,0.429996143018829,0.326031104767381,0.86362940924384
674,0.712334146465165,2,0.87140687940012,0.79439781723926,0.370901082902571,0.301517341548324,0.86362940924384
675,0.724115903885237,2,0.897238119967917,0.807859324597278,0.398272225488944,0.287190538971031,0.86362940924384
676,0.946584183308519,2,1.17413560414828,1.05398611777654,0.520710059171598,0.401824758370897,0.86362940924384
677,0.710510277774045,2,0.899010370872103,0.792668356503123,0.393786249225745,0.30421858056025,0.86362940924384
678,0.610425507439611,2,0.772382425200688,0.68006403318719,0.363789335315769,0.258361755760826,0.86362940924384
679,0.807013589741625,2,1.01303454747511,0.897074129491196,0.493339587242026,0.365699198094471,0.86362940924384
680,0.491165153324684,2,0.617800667813564,0.546406578655425,0.30444965157007,0.214804700982505,0.86362940924384
681,0.562366035442251,2,0.70324806886229,0.625965145328922,0.341433651204138,0.257740348819676,0.86362940924384
682,0.468527679544166,2,0.575156513353695,0.520996020900512,0.292800025412533,0.222379792582985,0.86362940924384
683,0.591268590022379,2,0.710112281526346,0.657187880513857,0.369777892056029,0.265850885235667,0.86362940924384
684,0.790072094555251,2,0.925231104322478,0.878148335337184,0.459148992806051,0.379541021698886,0.86362940924384
685,0.985749616247297,2,1.12026066604615,1.09454425573862,0.577285318042679,0.447381087323263,0.86362940924384
686,1.20188814574617,2,1.32400425891279,1.3321386418522,0.674254880281062,0.521586633828207,0.86362940924384
687,0.782417810827625,2,0.837267112090874,0.866013947853531,0.415698328361762,0.310589963724612,0.86362940924384
688,0.946602792478765,2,0.986692658637708,1.0476577583478,0.460660848020505,0.356849086898088,0.86362940924384
689,0.982224345106331,2,0.999211691731047,1.08498584404881,0.441343845825419,0.305996470049936,0.86362940924384
690,1.06798394411433,2,1.06449937671528,1.17680722325944,0.477801830746915,0.344785518808919,0.86362940924384
691,1.49926429826094,2,1.47185013749992,1.6528781189065,0.669623561694985,0.515227104283494,0.86362940924384
692,1.47669167267844,2,1.43440261351416,1.62388837042013,0.66511495267239,0.484650544734983,0.86362940924384
693,1.08889810751446,2,1.05224241995153,1.19570726317503,0.45914949190813,0.346568665125179,0.86362940924384
694,0.909350219036645,2,0.877810591612965,0.996903413166737,0.388341496854317,0.302111760036671,0.86362940924384
695,0.769643320222792,2,0.744961288316238,0.842492238876397,0.365089578588943,0.277507312925711,0.86362940924384
696,1.05576876053841,2,1.02954438904688,1.15430520087831,0.495587424158853,0.395657693487519,0.86362940924384
697,1.23597365356072,2,1.21453581946997,1.34896838514872,0.607744655576144,0.451961519906688,0.86362940924384
698,1.01934260089185,2,1.01260597313369,1.1107831412668,0.547728652585991,0.390602642232017,0.86362940924384
699,0.508720086816689,2,0.512666113004147,0.553440695826186,0.257702593135233,0.178792416286554,0.86362940924384
700,1.02008100012112,2,1.04357899915867,1.10798717227531,0.499419185465697,0.325652084892633,0.86362940924384
701,0.892233195050343,2,0.928335235287831,0.967755890901446,0.423527636634815,0.304954581215079,0.86362940924384
702,1.10706431262515,2,1.17502782329917,1.19873925989267,0.544982000073265,0.387650480574898,0.86362940924384
703,0.972549693322953,2,1.05545494906252,1.05105778065197,0.518028476727937,0.321216706823279,0.86362940924384
704,1.18639695810059,2,1.31963203569636,1.27968511680478,0.590892099803678,0.381407267882236,0.86362940924384
705,0.871084890456892,2,0.994074719053387,0.937247436984572,0.426236643615028,0.271223858346798,0.86362940924384
706,0.994475736203712,2,1.16931857590582,1.06816994512582,0.514872132399832,0.354800682213282,0.86362940924384
707,0.871517456344346,2,1.05481817490604,0.933788814021607,0.489694478724953,0.327652425904257,0.86362940924384
708,0.847371447331685,2,1.06466269625547,0.907403765968618,0.466729023585768,0.332166147269764,0.86362940924384
709,0.697084096856223,2,0.904010899156328,0.745060911434792,0.390645961194437,0.256320288444213,0.86362940924384
710,0.77355302811418,2,1.03868102202109,0.826186845805926,0.428172363140644,0.276731378687624,0.86362940924384
711,0.661163328144236,2,0.902681084220532,0.703412250698055,0.350823628200535,0.239840497683117,0.86362940924384
712,0.566817733247255,2,0.796262014634626,0.60296565026207,0.294178383975647,0.207282893694829,0.86362940924384
713,0.52547179075446,2,0.744025889916049,0.557298063035524,0.300243367901308,0.201387479675251,0.86362940924384
714,0.615943587399677,2,0.873686770852073,0.651582605385819,0.333331376320717,0.226384819499327,0.86362940924384
715,0.676823144207134,2,0.950684790479279,0.713708309403111,0.40152504877369,0.268371255427629,0.86362940924384
716,0.485944266479038,2,0.689100364273247,0.514092958722112,0.270269298104005,0.184347115161832,0.86362940924384
717,0.446734503861316,2,0.61333639183541,0.470560911351991,0.226242085006342,0.171245435177161,0.86362940924384
718,0.694621812711718,2,0.917678851805088,0.72860982233494,0.359902404088603,0.272049971129216,0.86362940924384
719,0.77497658256158,2,1.00726053034623,0.815301861837204,0.450042009860594,0.302926983944742,0.86362940924384
720,0.844775081625227,2,1.04600203855202,0.88483642755145,0.442035499727432,0.319467076559993,0.86362940924384
721,0.720606919289325,2,0.856324560783577,0.753386195007161,0.393741746825858,0.283757428997739,0.86362940924384
722,0.887387605178166,2,1.01138517139583,0.926066396464105,0.486086080916149,0.338787423490114,0.86362940924384
723,0.779376091374676,2,0.854405131418359,0.812419080795894,0.400416104426695,0.29635549091922,0.86362940924384
724,1.04461556755574,2,1.09972533384188,1.08648426995457,0.613736609424647,0.439750152406379,0.86362940924384
725,1.05941630438291,2,1.08324386668354,1.10231189436242,0.643842586852923,0.429599268521485,0.86362940924384
726,1.07307828016248,2,1.05610128270866,1.11222307470448,0.633018878561656,0.415786216254993,0.86362940924384
727,1.50269775244864,2,1.43712807043589,1.5538206137247,0.845502440619062,0.59275623100646,0.86362940924384
728,1.42227946481224,2,1.32592929416344,1.46603199732227,0.82109200563147,0.548945612593474,0.86362940924384
729,1.03847311701802,2,0.957335258161874,1.0704566600706,0.602493604850243,0.397485337596932,0.86362940924384
730,1.04653019348242,2,0.954683434445632,1.07741476552693,0.623610128783965,0.446031834563629,0.86362940924384
731,1.29730873199936,2,1.1741063545795,1.33327656753732,0.671762444230903,0.495585707167613,0.86362940924384
732,1.14889929160614,2,1.0389633934455,1.18042935554039,0.629469157350189,0.464744753047797,0.86362940924384
733,0.726006673595517,2,0.654594343086826,0.744285242412941,0.397902029647112,0.264538999618365,0.86362940924384
734,0.963805724209007,2,0.871620882500806,0.987453781719146,0.5005983905358,0.37202819809706,0.86362940924384
735,1.22512444317868,2,1.10598824242526,1.25075841002882,0.62848257765323,0.472828316189647,0.86362940924384
736,1.34542585399885,2,1.22107631242688,1.37164149702917,0.707638449930761,0.524949331784858,0.86362940924384
737,1.42709480115306,2,1.30582260084018,1.45338207454404,0.767789733114507,0.567611301395794,0.86362940924384
738,1.05065540561485,2,0.97069117757187,1.06884611029309,0.594893910643436,0.419413164464409,0.86362940924384
739,1.01949562690055,2,0.950187949521351,1.03522405012242,0.560029208734688,0.402567556086191,0.86362940924384
740,0.829297398295545,2,0.774455946219407,0.837660448024587,0.434514721919302,0.336327968060399,0.86362940924384
741,0.91185484135068,2,0.865596783194494,0.923687950366797,0.540339148197557,0.404514612129987,0.86362940924384
742,1.03799816032074,2,0.991078591456676,1.04958636079712,0.61558414363119,0.388663145343218,0.86362940924384
743,0.775989725121899,2,0.740601188558813,0.781084324322439,0.466019845830296,0.33276644115821,0.86362940924384
744,0.852584822828142,2,0.817393724874435,0.858047905862171,0.521414989857019,0.34554147038471,0.86362940924384
745,0.981051237630807,2,0.940058295581085,0.984993431196442,0.556691449814126,0.409621922499022,0.86362940924384
746,1.1862421981937,2,1.1399603567285,1.19304383064775,0.660877250989696,0.489365816608562,0.86362940924384
747,1.29391340682523,2,1.24115899665261,1.29921097537692,0.779233115032745,0.546020320698672,0.86362940924384
748,1.07817308908664,2,1.03450547456171,1.08389491964559,0.622998897196941,0.492627607925119,0.86362940924384
749,0.914503064704221,2,0.875061413083274,0.917339467588489,0.530406696547498,0.401204439550883,0.86362940924384
750,1.00982063044561,2,0.964586009829963,1.0123406698307,0.569722168418076,0.435038484241963,0.86362940924384
751,1.09157062268593,2,1.04071623664383,1.09343919568736,0.602959252658103,0.464736601976827,0.86362940924384
752,0.967353237518272,2,0.919561600900637,0.965944041042699,0.494265557539993,0.379819368499774,0.86362940924384
753,1.11034010689763,2,1.05304463415997,1.10573070999513,0.550131255116644,0.384406516525783,0.86362940924384
754,1.12710959614171,2,1.07075214697023,1.12550066866953,0.560197910940077,0.374514232623201,0.86362940924384
755,1.20819047201101,2,1.14490228987,1.20016709057888,0.567981794032462,0.412671623958393,0.86362940924384
756,1.29327747676471,2,1.22918869755799,1.2863308351932,0.614764973793869,0.44408421989901,0.86362940924384
757,0.99381579213899,2,0.941443633020237,0.98139298274741,0.452717100866167,0.345310082857074,0.86362940924384
758,1.02167359486351,2,0.97131231452838,1.00971462082368,0.460424962715825,0.329127769482663,0.86362940924384
759,0.899031231617037,2,0.856575415418587,0.88803559431092,0.423131744742107,0.303717457432344,0.86362940924384
760,0.795769814433426,2,0.759137497152097,0.785467350000632,0.38023166023166,0.277947858788333,0.86362940924384
761,0.87909104830728,2,0.838710822636858,0.866924462605009,0.418541934687361,0.322754184075564,0.86362940924384
762,1.17882844696565,2,1.12076824748011,1.15848054431018,0.609507358200221,0.468034400712443,0.86362940924384
763,1.26095064022131,2,1.20249023527233,1.24250747973682,0.609752241768472,0.481128192164302,0.86362940924384
764,1.05650655286191,2,1.00070213413376,1.03437596736704,0.534218452437229,0.374414536683941,0.86362940924384
765,1.13661250844645,2,1.07935515286753,1.1153393041557,0.567481742532088,0.409531753760798,0.86362940924384
766,1.01285605281104,2,0.963709665863011,0.995873627403272,0.524921235622006,0.385645450540115,0.86362940924384
767,1.22670598847355,2,1.16185312942873,1.20057373130072,0.684954863438521,0.446632796181938,0.86362940924384
768,1.11277976641632,2,1.05629803049848,1.09264207907087,0.565605799174532,0.412339324530844,0.86362940924384
769,1.04272194288283,2,0.986088508187134,1.0212201838961,0.553307137745501,0.339140812060455,0.86362940924384
770,0.829278192509141,2,0.783012784324333,0.813414814238384,0.467320467151987,0.318521694084753,0.86362940924384
771,1.14366368453707,2,1.07052581950078,1.11633969190491,0.674926073041932,0.527181965678032,0.86362940924384
772,1.04304274620458,2,0.970242276949856,1.01837386311091,0.614779054811004,0.430848861124184,0.86362940924384
773,0.914091434016567,2,0.840344334348312,0.889310292545679,0.527199619668947,0.350348101733341,0.86362940924384
774,1.10610108609225,2,1.00477469227493,1.07474828284446,0.625258707456853,0.435670348045159,0.86362940924384
775,1.06075457423291,2,0.951788496004954,1.03109961892641,0.567670618375521,0.4374480122824,0.86362940924384
776,1.02015969399968,2,0.89895103416778,0.988229102883783,0.568529168353077,0.438170779451117,0.86362940924384
777,1.14331914748425,2,0.995568685154727,1.1117191050778,0.62153467581723,0.470789067825661,0.86362940924384
778,1.05116162167478,2,0.895001522772015,1.01710300204385,0.628101490981601,0.449286597574095,0.86362940924384
779,1.06866330199875,2,0.891641415746791,1.03164236422642,0.636914289680319,0.472981687092228,0.86362940924384
780,1.01243056864024,2,0.830981734981206,0.978414689260277,0.566694956900741,0.432898761167197,0.86362940924384
781,1.44536658257052,2,1.16570622622991,1.39595857108117,0.790553442888546,0.585307597669646,0.86362940924384
782,1.22183231152395,2,0.969538292318807,1.17891172169509,0.659944217978975,0.515457688341536,0.86362940924384
783,1.249976297344,2,0.978307638563118,1.20494284293331,0.758757201447253,0.51966640811105,0.86362940924384
784,1.31885285930295,2,1.02339474732553,1.27263133162013,0.76655727226205,0.549294436797046,0.86362940924384
785,1.72045593891879,2,1.3188075669246,1.65002737746801,0.976101601639593,0.765485201372669,0.86362940924384
786,1.59994075407958,2,1.23254057949071,1.54408819879473,0.880567412507172,0.686531627148818,0.86362940924384
787,1.65735920500022,2,1.27592577720799,1.59346209617618,0.875475329209243,0.710506136309225,0.86362940924384
788,1.330406763229,2,1.03453407142401,1.28237214821715,0.752720995591449,0.589581808068449,0.86362940924384
789,1.31092364480483,2,1.0255856453921,1.25715012311156,0.771114667605349,0.554856431730476,0.86362940924384
790,1.07788168813159,2,0.854415529811855,1.03272752553786,0.59443272524069,0.454171896578986,0.86362940924384
791,1.06579527434459,2,0.857155422127776,1.01952168046632,0.600865871292056,0.471184003011273,0.86362940924384
792,1.24684482801249,2,1.01649470600758,1.18839460818367,0.718440864564671,0.533495240844625,0.86362940924384
793,1.2339281863217,2,1.03140963320084,1.18238982656844,0.728275896119285,0.551237489020787,0.86362940924384
794,1.02964366540431,2,0.877036818864282,0.985927959118445,0.608415693321354,0.480439423895437,0.86362940924384
795,1.07594661898598,2,0.931784701041743,1.02755218015612,0.582901633816633,0.486201350536005,0.86362940924384
796,0.967462550991424,2,0.851925521103282,0.921854654784583,0.519382279059146,0.403576859948777,0.86362940924384
797,1.13857260135263,2,1.0251831752882,1.08673926942845,0.652194335336769,0.447392845775718,0.86362940924384
798,0.922269965159731,2,0.841444571857625,0.876795289834551,0.502712995708392,0.403542222183795,0.86362940924384
799,1.11662028536888,2,1.0390207051567,1.06168868146365,0.616913895338796,0.464554811087503,0.86362940924384
800,1.00585397596516,2,0.952299404346357,0.955082327262473,0.593992695803522,0.4656599234314,0.86362940924384
801,1.09615281941504,2,1.05241844049064,1.03752819724438,0.627512347530931,0.496783144482861,0.86362940924384
802,1.06792325229999,2,1.05006344812841,1.01197945689525,0.640282734298267,0.484760432641902,0.86362940924384
803,1.10691894224984,2,1.11030962604749,1.04752413763651,0.633630248835836,0.521913936498105,0.86362940924384
804,1.1902824497844,2,1.22763011024819,1.12794557425599,0.729819204499799,0.60422357607973,0.86362940924384
805,1.24126131390936,2,1.31797438188729,1.1774703715042,0.835678063357211,0.689113195879913,0.86362940924384
806,0.819064502682947,2,0.880671110831234,0.77219723623908,0.512687722064117,0.38759652117017,0.86362940924384
807,0.787450769369338,2,0.867619432664148,0.741305551796279,0.477851215038471,0.394783050565632,0.86362940924384
808,0.979060935496865,2,1.10928053327991,0.921722283479223,0.600255994054619,0.494983207571516,0.86362940924384
809,0.51857715568534,2,0.607425296151219,0.489454104888567,0.326132637853949,0.272193025703007,0.86362940924384
810,0.764318013307756,2,0.912103372963717,0.719724440692881,0.40581425469296,0.347405751824477,0.86362940924384
811,0.826242835382456,3,1.0198038220118,0.834024045162919,0.423646212860483,0.312741387319398,0.927718694263394
812,0.686641348647508,3,1.10578347259994,0.860942075514148,0.408779293194603,0.400805784611848,0.927718694263394
813,0.732466465880908,3,1.07013599837016,0.860096812897737,0.460521017783963,0.328206455238472,0.927718694263394
814,0.819237274035082,3,1.12866755738694,0.795048629048358,0.454538714547791,0.35262965476943,0.927718694263394
815,0.890451969984128,3,1.16813313963545,0.896338248722179,0.463851417895801,0.388663138194629,0.927718694263394
816,0.767934507088865,3,1.0418221155897,0.776399861705288,0.430732026440231,0.340031189747254,0.927718694263394
817,0.451500187203639,3,0.637489804520624,0.490309169748399,0.251902755374315,0.231536021358397,0.927718694263394
818,0.290929797695879,3,0.408126683536244,0.323446842269784,0.169234182560375,0.125171474107033,0.927718694263394
819,0.690185438639597,3,0.913994148043571,0.682586813178405,0.369163672473371,0.26963234836705,0.927718694263394
820,0.553973434680831,3,0.827439210328966,0.734395189618496,0.344980496032864,0.276415143343601,0.927718694263394
821,0.930531973130929,3,1.15575202144804,0.839332354350885,0.474391933157508,0.380323374908859,0.927718694263394
822,0.914261200104753,3,1.10431138613955,0.988753494977198,0.572177386137052,0.380160115946642,0.927718694263394
823,0.880253299826484,3,1.07535139300728,0.885632796260964,0.439004579666432,0.331718482876097,0.927718694263394
824,1.12011743466723,2,1.35832331844065,1.19681161917912,0.597856704006866,0.525828881282666,0.886631545769664
825,0.921214485756188,2,1.09473629712773,0.985713753812665,0.428483723227763,0.345202177402811,0.886631545769664
826,0.869502752563489,2,1.01370759502962,0.928093901203997,0.417905674315263,0.333583005880045,0.886631545769664
827,0.926194272373702,2,1.0608578640586,0.983985298152838,0.453728798174179,0.351597687944945,0.886631545769664
828,0.911313862599935,2,1.02582510093695,0.957324696668397,0.446676506632902,0.338046446939649,0.886631545769664
829,1.10027771135861,2,1.22121388591856,1.15089933143785,0.565957897467446,0.444619817358684,0.886631545769664
830,1.09531669725562,2,1.19992119443799,1.13934546059416,0.528057143920607,0.444351909497215,0.886631545769664
831,0.851054947263687,2,0.919300764550575,0.873252412752657,0.455857510448014,0.383719775708679,0.886631545769664
832,0.575821609447551,2,0.615912738059001,0.595454633254187,0.259998708737823,0.207943359774931,0.886631545769664
833,0.739642200337028,2,0.779266197055398,0.755108715422419,0.35566740284842,0.289068894774892,0.886631545769664
834,0.893223167386519,2,0.925787944374321,0.900689258570204,0.442248187649584,0.36659296471718,0.886631545769664
835,0.857334425853387,2,0.877295732139144,0.867730120883838,0.413048149809904,0.349083583510018,0.886631545769664
836,1.3397327822378,2,1.34991363218113,1.34832260685706,0.59812040349262,0.517929309766496,0.886631545769664
837,0.902847673909759,2,0.89441295600145,0.900160190881329,0.457463771433804,0.411056544778487,0.886631545769664
838,1.21394728061078,2,1.18296076320305,1.20124726906588,0.614676798520659,0.523462502069291,0.886631545769664
839,1.13902771994413,2,1.09431059426883,1.12270177656107,0.548612449331486,0.491561795660543,0.886631545769664
840,1.10245009477379,2,1.0484678476918,1.08692433188839,0.544987541601477,0.473907612099224,0.886631545769664
841,0.740823431986947,2,0.692192260046963,0.724399859173661,0.373092732617821,0.321233385999876,0.886631545769664
842,1.20803485429722,2,1.11503681416955,1.17863489233727,0.579857049635988,0.53304189817801,0.886631545769664
843,1.12474338512722,2,1.02625162278784,1.09523618772099,0.571581329406319,0.517542418629844,0.886631545769664
844,0.893311043442966,2,0.803901533240052,0.866837270587954,0.443328243010641,0.366155016716182,0.886631545769664
845,1.20996682697501,2,1.07472331339506,1.17065911888449,0.593198688096253,0.55397893207845,0.886631545769664
846,1.11699712945168,2,0.974296843581978,1.07572447972222,0.619334001559194,0.539925153321813,0.886631545769664
847,0.979893135301317,2,0.846594587089634,0.94207999384699,0.567983562828924,0.48546959839502,0.886631545769664
848,0.998773434336825,2,0.852530560130788,0.957622773953401,0.543497748434167,0.508933256016392,0.886631545769664
849,1.29395435262494,2,1.09066026979913,1.2372797847764,0.682894656723575,0.617252868080498,0.886631545769664
850,1.29633995499028,2,1.08075878166573,1.23660519112911,0.676525275097811,0.591369708184154,0.886631545769664
851,1.27749158013016,2,1.05594124552624,1.21604428996997,0.654247738978978,0.580124172740948,0.886631545769664
852,1.04205872580332,2,0.856348381433715,0.990008286146692,0.612861522403861,0.588331980470812,0.886631545769664
853,1.31737696510656,2,1.07946790411349,1.249396253907,0.705453187512422,0.594885667281346,0.886631545769664
854,1.25215097626455,2,1.02906817695054,1.18297474177869,0.646185168143781,0.566395088702299,0.886631545769664
855,1.44338810288412,2,1.18952715135434,1.36345585186987,0.760625722550558,0.662916838420792,0.886631545769664
856,1.5083825190592,2,1.25408138549176,1.4221177586351,0.83854135571768,0.71917378621877,0.886631545769664
857,1.00658679677186,2,0.847773697306251,0.947405215360266,0.591693209490671,0.511205970961558,0.886631545769664
858,1.10668351557431,2,0.948302949399164,1.03890212907095,0.60144617191372,0.511512913186136,0.886631545769664
859,1.39851067882673,2,1.22379054502263,1.31042624592934,0.809829346596142,0.666556830749972,0.886631545769664
860,1.11053725571475,2,0.99574255050458,1.04259869510518,0.673973277757172,0.53994780858863,0.886631545769664
861,1.29539777221563,2,1.19649825176282,1.21053079499461,0.77193744752309,0.68391463333672,0.886631545769664
862,1.1261293876591,2,1.07378502253871,1.05449322339198,0.71841555584806,0.640166281600287,0.886631545769664
863,1.26870823354395,2,1.25382988520367,1.18557670807715,0.766270244045681,0.639593082110467,0.886631545769664
864,1.08710822298553,2,1.11714744596582,1.01154905309028,0.644759569414885,0.519747768406477,0.886631545769664
865,0.751650431967273,2,0.800827696577929,0.701660551039287,0.472239780868099,0.381504053731919,0.886631545769664
866,0.907752323723547,2,1.00575241042239,0.84394272720042,0.547069019956569,0.388809998928944,0.886631545769664
867,0.810289980243364,2,0.927764434662115,0.753491852802128,0.469235318807952,0.362091718547017,0.886631545769664
868,0.527092509455124,2,0.619051891706331,0.490814872471547,0.303757186930568,0.239053939371176,0.886631545769664
869,0.426904727729617,2,0.512117228444911,0.396995692770408,0.240493826801594,0.199623339431403,0.886631545769664
870,0.494271909631271,2,0.598298811780443,0.459921769436446,0.29595720576752,0.258750967285382,0.886631545769664
871,0.590047216744487,2,0.721116809149579,0.546802899579278,0.341875395819731,0.292256654730253,0.886631545769664
872,0.648551924014323,2,0.779827309494116,0.603251033135037,0.385609551738584,0.290128204216089,0.886631545769664
873,0.803851697366078,2,0.950280033915187,0.748192273449203,0.486592519719454,0.369275333857737,0.886631545769664
874,1.05685838846208,2,1.23411361106109,0.980728443757522,0.622394811069372,0.462596774067849,0.886631545769664
875,1.04039253147142,2,1.18000024897789,0.967391163519118,0.593586362897884,0.486537520253649,0.886631545769664
876,1.23296230336774,2,1.35556472260058,1.14891303649632,0.762018079068739,0.578936288597,0.886631545769664
877,1.04291123921663,2,1.13338993161895,0.96649286051619,0.656389289548742,0.489656866134702,0.886631545769664
878,1.22446479400081,2,1.29082762760449,1.13647549191409,0.729437992805407,0.565190863685342,0.886631545769664
879,0.967378259974174,2,0.9924597905882,0.897969896894313,0.566379625649396,0.461260119066821,0.886631545769664
880,0.809127553754725,2,0.807831745304562,0.750859458519021,0.478615167216204,0.33997231961783,0.886631545769664
881,0.857189941859183,2,0.832496429743952,0.794696795420294,0.495038719582921,0.397652724128101,0.886631545769664
882,0.927180267383193,2,0.873363955564121,0.859524641958645,0.541406310949763,0.414203914044558,0.886631545769664
883,0.995583243726808,2,0.907566619492524,0.924136705804679,0.59735273573156,0.450439817578787,0.886631545769664
884,1.07738571493786,2,0.952084222233012,0.997915240481455,0.58376718263691,0.473945804333563,0.886631545769664
885,1.30076173690013,2,1.11199717953533,1.20726148068061,0.668733062296458,0.557092787573319,0.886631545769664
886,0.97423789517558,2,0.806562919894805,0.903079112480787,0.570091931409059,0.423243180846776,0.886631545769664
887,1.24726018204414,2,1.00084095506147,1.15692172661535,0.703408186866211,0.55008439506928,0.886631545769664
888,1.11195370000406,2,0.866352373836537,1.03232414431289,0.648687059464325,0.527708160806992,0.886631545769664
889,1.11037468732557,2,0.842325950564286,1.03238715083941,0.688309597801373,0.473046332421365,0.886631545769664
890,1.38579395455037,2,1.02645963121412,1.28987956823526,0.763047052795882,0.621987009492411,0.886631545769664
891,1.65677605307796,2,1.20121414887941,1.54198371043609,1.00204841950921,0.716816221884912,0.886631545769664
892,1.84413539829843,2,1.31457865581392,1.71642035927077,0.98271686446273,0.827630311311294,0.886631545769664
893,1.55384768584065,2,1.09513261599848,1.44701661388103,0.822379682269805,0.71305749360116,0.886631545769664
894,1.71063895189642,2,1.19665988518357,1.5930025139267,0.928892889288929,0.791251934790197,0.886631545769664
895,1.43218391971698,2,1.00332934704583,1.33647346684725,0.849510100240078,0.695853863265011,0.886631545769664
896,1.45309852901175,2,1.0216520497877,1.35716702377759,0.847913378094289,0.675707757271986,0.886631545769664
897,1.69762067353391,2,1.20280800944788,1.58697917791405,1.08322158338502,0.916051577559309,0.886631545769664
898,1.44640199958847,2,1.0351732099949,1.35279994193014,0.913511045130209,0.789370065870271,0.886631545769664
899,1.21018658705911,2,0.878184527679262,1.13287926321398,0.780122109054077,0.685043655946796,0.886631545769664
900,1.27928502100408,2,0.944890048310326,1.19926870197819,0.732373271889401,0.659893654137769,0.886631545769664
901,1.11408358821351,2,0.837696305756979,1.04551628585802,0.672968697968698,0.571858967143008,0.886631545769664
902,1.11998880247814,2,0.856824179798135,1.0519290420119,0.712100168996774,0.643749685754097,0.886631545769664
903,1.18750745584678,2,0.928242420204517,1.11700674505448,0.720257237422328,0.649610416691572,0.886631545769664
904,1.22954117699854,2,0.978403800855285,1.15759949472896,0.71458394553825,0.599578030876302,0.886631545769664
905,1.25066637828075,2,1.01380898255145,1.17881154552543,0.765608048635703,0.730079672820983,0.886631545769664
906,1.25772831733157,2,1.04183188682328,1.18694822382359,0.751166583223561,0.638181207991726,0.886631545769664
907,1.28556752598076,2,1.0874272107298,1.2147884819746,0.741308326398688,0.684606855702209,0.886631545769664
908,1.10671959262461,2,0.956771330178081,1.0472410997516,0.669846634440599,0.61020857711623,0.886631545769664
909,1.13819162343809,2,1.00648135997803,1.0786697726546,0.695205241477985,0.631628887523504,0.886631545769664
910,1.17061406738719,2,1.06032709760796,1.10992797905315,0.706790022803158,0.640643341842254,0.886631545769664
911,1.03139270557397,2,0.956749814266367,0.980248776851862,0.651789706314431,0.600956889958337,0.886631545769664
912,0.849382381634121,2,0.806723509230772,0.80772316500895,0.508334505316251,0.431887057073935,0.886631545769664
913,1.09289070015117,2,1.06376055641075,1.04094246285274,0.65466251282113,0.552158661125367,0.886631545769664
914,0.921304231616679,2,0.920167470777541,0.879272648053934,0.55603339623135,0.467296746440722,0.886631545769664
915,1.08439608415448,2,1.10687289245173,1.03463343352425,0.677145880326312,0.597534854501995,0.886631545769664
916,1.05032719799587,2,1.09708046752271,1.00235117842567,0.668640728326841,0.548075168467259,0.886631545769664
917,1.11360903895525,2,1.19720274121161,1.06535202040529,0.653466519111352,0.589716126621581,0.886631545769664
918,1.15522530230515,2,1.27180987866399,1.10496853573363,0.749063046069983,0.64953145915082,0.886631545769664
919,0.986240877769415,2,1.11812647712193,0.945502125581249,0.615036633240481,0.510693027635959,0.886631545769664
920,0.761793104690655,2,0.890960386595061,0.733210327194118,0.466319242069712,0.372745507189018,0.886631545769664
921,0.762138402759035,2,0.912588305741053,0.734527060787926,0.549134375138604,0.363911889653453,0.886631545769664
922,0.575324833681214,2,0.703334812509053,0.555598842585553,0.382242635205932,0.30848863668252,0.886631545769664
923,0.778734049755602,2,0.965994860204108,0.752909090105669,0.529178853861987,0.421825373539399,0.886631545769664
924,0.618724413054269,2,0.776898188780862,0.600834043822397,0.403167448322928,0.295247476924631,0.886631545769664
925,0.664522275652473,2,0.836566859432289,0.646187195092635,0.433658494750126,0.325160055892765,0.886631545769664
926,0.803970470673656,2,1.00653570240769,0.780878861198866,0.497296351802504,0.406385661704737,0.886631545769664
927,0.678855251377359,2,0.842743978807114,0.661046250407755,0.470895395448404,0.345460331955975,0.886631545769664
928,0.70648731302187,2,0.862389198098557,0.686925885778205,0.533075086310474,0.375423117302592,0.886631545769664
929,0.8205685891992,2,0.984219636843791,0.801001493124045,0.55306352378118,0.417508968409512,0.886631545769664
930,0.691818781533166,2,0.811396957206387,0.676717068534152,0.460574268745641,0.34467528719624,0.886631545769664
931,0.83805325976639,2,0.961209013246225,0.823829897554961,0.45177787271246,0.358131068489281,0.886631545769664
932,0.977848235701242,2,1.08961678139547,0.959669560666006,0.551209137279069,0.410244200619246,0.886631545769664
933,1.1332062545902,2,1.2283738950167,1.11206088389071,0.696055078050508,0.500240604287872,0.886631545769664
934,1.09310366000909,2,1.15426570579606,1.07308003507035,0.67208100784158,0.505744744051562,0.886631545769664
935,0.945702704974338,2,0.978369446056993,0.93199655188765,0.522716258847299,0.360791634285428,0.886631545769664
936,1.02214199678523,2,1.04518819294166,1.01638341095696,0.601053372077349,0.471089869901538,0.886631545769664
937,1.25175990190611,2,1.23998544259441,1.23419370008778,0.688928797876269,0.518406429373133,0.886631545769664
938,1.04594463137342,2,1.02251945064071,1.03544515412765,0.554109169976089,0.435876369308703,0.886631545769664
939,0.693428437788073,3,0.751870291791321,0.761412527314659,0.422829110157185,0.292794672838388,0.909767072572902
940,0.861909139672566,3,0.866359187907261,0.873718095871346,0.479092775138201,0.346196321443757,0.909767072572902
941,0.895101338068954,3,1.02344368370522,1.06604242415234,0.514406057763514,0.410397461244953,0.909767072572902
942,1.09847201815964,3,1.13357265374194,1.14585486740873,0.633488826828898,0.448181818228887,0.909767072572902
943,1.16825116937924,3,1.21066103160861,1.29089842217377,0.762987463943076,0.501622692764139,0.909767072572902
944,0.985983484742395,3,1.12883159038952,1.20661501264309,0.630365711856988,0.417867964689103,0.909767072572902
945,1.14185379047277,3,1.09906916821261,1.20743613985957,0.664590339459807,0.457948396646215,0.909767072572902
946,0.838394545083943,3,0.827956313872901,0.920320633904489,0.569098155895598,0.372601341545003,0.909767072572902
947,1.03603356059417,3,1.07077715511285,1.18546394704818,0.762298737117502,0.478496310963142,0.909767072572902
948,0.795332522317015,3,0.867571115505033,0.961498813442107,0.495389234860494,0.364146754576363,0.909767072572902
949,0.7243019992891,2,0.71156294860485,0.764596144126231,0.405400012104963,0.300903068001202,0.915390390463345
950,1.05280321555869,2,1.06122167406129,1.12924056373595,0.599722116963496,0.430854531856726,0.915390390463345
951,1.2435864475092,2,1.27443721530586,1.34229517983451,0.688792071559979,0.536493764427264,0.915390390463345
952,1.04107429002436,2,1.08721172459478,1.13056937639471,0.670121717128674,0.519086388464941,0.915390390463345
953,1.2852414521497,2,1.36044942321018,1.39352580668236,0.638516671308314,0.544274891679156,0.915390390463345
954,1.13565984768243,2,1.21471161705892,1.22229986379579,0.59744128420599,0.471708791630911,0.915390390463345
955,1.1230242421343,2,1.22382512281026,1.20713607235311,0.641776195792755,0.466004904585179,0.915390390463345
956,0.822833799065766,2,0.940596281219815,0.910101015723009,0.460716594338767,0.309514882592385,0.915390390463345
957,0.299681303231235,2,0.346704973403718,0.329272360070164,0.218055329445892,0.138648659712986,0.915390390463345
958,0.602457877621911,2,0.704270676031359,0.658529204831259,0.352141478501353,0.251634587337299,0.915390390463345
959,0.742500246377016,2,0.884439244395544,0.818908975556657,0.385760043680229,0.305717891516206,0.915390390463345
960,0.618644073731826,2,0.74582063244045,0.687071710283739,0.335177944707838,0.268150613314619,0.915390390463345
961,0.57222241798689,2,0.691124876114098,0.635815414711391,0.328606536107337,0.250817363051084,0.915390390463345
962,0.659071814289992,2,0.789325962831408,0.726740142933437,0.368755402876021,0.316758355446952,0.915390390463345
963,0.812396404381916,2,0.966286883467818,0.893410798589421,0.472006929393449,0.361014535677163,0.915390390463345
964,1.00253903535113,2,1.2079243210569,1.13123134951932,0.5277447982251,0.399042389084322,0.915390390463345
965,1.2167944204252,2,1.45117454211039,1.36474954666039,0.633324914453316,0.522373305915324,0.915390390463345
966,1.17804701711877,2,1.41814729832073,1.34780554131944,0.643685660432072,0.601445528089719,0.915390390463345
967,0.874364617259282,2,1.04963557152387,0.99971635407973,0.453607621538318,0.339683205292598,0.915390390463345
968,1.15232360544055,2,1.37450611136688,1.30498212681108,0.661888780396536,0.542509797547388,0.915390390463345
969,0.648892137210488,2,0.773681258583674,0.732930587282382,0.405791014790117,0.306583414841492,0.915390390463345
970,0.809762390881536,2,0.970037206912235,0.919664056491798,0.527117653826112,0.386421612935387,0.915390390463345
971,0.661853819191743,2,0.791704619198026,0.748462107590117,0.455726170864816,0.378399573470023,0.915390390463345
972,0.689450882917338,2,0.830648732065345,0.790486976620455,0.448720217282959,0.33506338817149,0.915390390463345
973,0.719820411253568,2,0.87268196277622,0.838626748968966,0.413424461667741,0.352184579146979,0.915390390463345
974,0.800353163225823,2,0.960319283471112,0.920040900546156,0.546161469077377,0.404812115590492,0.915390390463345
975,0.76489189379689,2,0.909708771545474,0.871743546190024,0.577991665620532,0.391376104577407,0.915390390463345
976,0.688358128601788,2,0.824916415721404,0.807261063874494,0.453857994184982,0.380309380501091,0.915390390463345
977,0.882564656239117,2,1.0447671626084,1.02150908501584,0.57063496266694,0.490967312774946,0.915390390463345
978,1.05729889514694,2,1.25226855137125,1.24133724225948,0.649527238503797,0.549516042495519,0.915390390463345
979,0.859547530998053,2,1.02027360896455,1.02506581833253,0.524166757594435,0.482845208754947,0.915390390463345
980,0.967097900384243,2,1.12907367112571,1.12041383132235,0.620688440984807,0.528007153653164,0.915390390463345
981,0.829631827351417,2,0.979840305308724,0.98967536764677,0.500820840333918,0.373425412727602,0.915390390463345
982,0.865289597963442,2,1.01248667942117,1.01293583314565,0.578548327951365,0.409513255738597,0.915390390463345
983,0.697454380867279,2,0.825829490233027,0.833813767121952,0.470526958583283,0.355414921536827,0.915390390463345
984,0.743878938275764,2,0.884817461923462,0.891351106611352,0.50577064018469,0.41460211772806,0.915390390463345
985,0.827831469064517,2,0.97068267711271,0.958278252815318,0.518380158390378,0.391760363638747,0.915390390463345
986,0.985481378400817,2,1.1593836826094,1.13409860544966,0.640038147160463,0.485447228284695,0.915390390463345
987,0.926226003926999,2,1.11348237342287,1.08594226061565,0.630743766372883,0.463586664594352,0.915390390463345
988,0.981937261975477,2,1.18312669668386,1.13116524297786,0.633569827798339,0.505910233993986,0.915390390463345
989,1.18833355945092,2,1.45085179682397,1.36099412789305,0.707391457436148,0.623463361531926,0.915390390463345
990,0.866716669118462,2,1.08612000439059,1.00002330519496,0.554326201916965,0.457092004158963,0.915390390463345
991,0.863298849089671,2,1.1239986285006,1.01559945434322,0.538646417833273,0.436618897810259,0.915390390463345
992,0.761360343198996,2,1.00757465110289,0.884893813430561,0.458811312687069,0.361549170064259,0.915390390463345
993,0.873939103025411,2,1.20215063216561,1.0327780238011,0.524416784179612,0.400378314113784,0.915390390463345
994,0.409501347262195,2,0.587029286307826,0.494194391198828,0.280893878054906,0.187756528571105,0.915390390463345
995,0.304466577651084,2,0.445014095148345,0.367007726668885,0.198801369863014,0.145567671752541,0.915390390463345
996,0.416467205245509,2,0.59944607118263,0.485111668518103,0.285016368003498,0.210017631157879,0.915390390463345
997,0.562705924295344,2,0.806610051339119,0.64697019220326,0.366274950148104,0.258133723287412,0.915390390463345
998,0.657553585197725,2,0.95863258325057,0.769040940692011,0.483464854139152,0.375849607524187,0.915390390463345
999,0.621641337593043,2,0.880514951723619,0.707641741452423,0.391570046685931,0.308863685877564,0.915390390463345
1000,0.883743446071099,3,1.05749650136404,0.857922988998091,0.640218909918818,0.572845515972358,0.835868138806981
1001,0.587032727508328,3,0.95839851725709,0.778224567520079,0.55677931209983,0.430829431222652,0.835868138806981
1002,0.778693981606025,3,1.24764927678115,1.02864490922948,0.678169466538425,0.544205900705638,0.835868138806981
1003,0.832393711088676,3,1.30965999402331,1.12321384135525,0.61796642585922,0.532282973720714,0.835868138806981
1004,0.597530774317293,3,0.974404675888956,0.817076096989137,0.55767824598497,0.468101174398087,0.835868138806981
1005,0.526606226220684,3,0.845197892130927,0.715299731001007,0.525037208727563,0.420448693587176,0.835868138806981
1006,0.605988898327974,3,0.924212498808555,0.741390410840678,0.600793807077444,0.514669788375218,0.835868138806981
1007,0.786754405189663,3,1.20385583327134,1.14556893848304,0.715936831873721,0.719337943353475,0.835868138806981
1008,0.869178026858629,3,1.20865160566031,1.03504746967876,0.617420672840864,0.522192107682529,0.835868138806981
1009,0.665772803834535,3,0.924668663367788,0.8122251556407,0.606618556276774,0.616192950202743,0.835868138806981
1010,0.839611230934075,3,1.10059486284468,0.983411046111829,0.560721151816193,0.593053017538845,0.835868138806981
1011,0.657755539586658,3,0.933527174074061,0.779576837874207,0.423233429031606,0.430447552935338,0.835868138806981
1012,0.69819778597634,3,0.871728843479862,0.83109683487703,0.588268489489062,0.458517825063011,0.835868138806981
1013,0.988775757162283,3,1.37023625694377,1.15658285929369,0.769181552134315,0.720165864110774,0.835868138806981
1014,0.818745747498727,3,0.961855498750682,0.906905835977992,0.622533438716784,0.540279698267543,0.835868138806981
1015,0.497428686427704,3,0.742150100792195,0.753759348530547,0.292747018805712,0.233017043645396,0.835868138806981
1016,0.430569992927593,3,0.532300166822552,0.677851465884932,0.271660726385715,0.235670786856739,0.835868138806981
1017,0.619193167555678,3,0.70448650456339,0.760632235821502,0.316929891264337,0.256164441434269,0.835868138806981
1018,0.914960804899046,3,0.966855339583388,1.04301927633854,0.468014527064631,0.699891959487334,0.835868138806981
1019,0.988354007430884,3,1.16778727372248,1.40251752017698,0.598669088201317,0.470893404837211,0.835868138806981
1020,1.1871087503639,3,1.18334014541734,1.32605233011553,0.674018788683973,0.88006315163248,0.835868138806981
1021,1.1715457029121,3,1.15142098459195,1.36395188787974,0.572774876701993,0.485971145425221,0.835868138806981
1022,0.980105287657364,3,0.943507041355671,1.13294197444381,0.598556466520482,0.490530320219451,0.835868138806981
1023,1.18220980481645,3,1.11040330190935,1.44648534945124,0.718599823813084,0.938919107551014,0.835868138806981
1024,1.19198209234911,3,1.21904317494753,1.6668683699573,0.769969350196023,0.580229067047584,0.835868138806981
1025,1.06138056351547,3,0.970592903931572,1.16201269933717,0.758481880148585,0.799788769787117,0.835868138806981
1026,1.08839604027081,3,0.964887625361944,1.18840209511565,0.643938337950602,0.848941698357125,0.835868138806981
1027,0.989941564781711,3,0.93811540090534,1.04332308344038,0.646398251393211,0.788187876055221,0.835868138806981
1028,1.15216831498226,3,1.01259845286088,1.35144740850095,0.701473886122104,0.615623231138357,0.835868138806981
1029,1.24396281041132,3,1.06759327086281,1.20028378629507,1.29368031224634,1.47559260434512,0.835868138806981
1030,1.21482777292666,3,1.0790626244076,1.33108739741923,1.2585259909747,1.19118662526071,0.835868138806981
1031,1.23957070089839,3,1.25798406233298,1.59486941918961,1.48597181411355,1.40497985428727,0.835868138806981
1032,1.2449860289359,3,1.06970085456913,1.1505610419671,1.27467747496596,1.50372578584231,0.835868138806981
1033,1.16566233985229,3,1.0103610329677,1.23567120660063,1.40907812819638,1.3209302577304,0.835868138806981
1034,1.10236491976542,3,0.935443176868372,1.05568862422169,1.13037885296722,1.04020760909112,0.835868138806981
1035,0.841921485363713,3,0.740392642024517,0.890075471478118,0.971907054481722,0.833057840607414,0.835868138806981
1036,0.867771112736948,3,0.720533251748673,0.831737725148165,0.912673311145497,0.79125914884417,0.835868138806981
1037,0.796455384753951,3,0.745345542311269,0.760628720683328,0.91541269251291,1.09916614441511,0.835868138806981
1038,1.01242237738825,3,0.96200542076412,1.13713111003722,1.05382685148093,0.934796062733013,0.835868138806981
1039,0.82384192802807,3,0.823283440475088,1.14518879925504,1.06914781733894,0.93935169056236,0.835868138806981
1040,1.1999425500843,3,1.16634378107675,1.36058649203087,1.34818610511143,1.22651666628107,0.835868138806981
1041,1.38560824961403,3,1.3524612591489,1.5713938630609,1.34919683396569,1.6014230892904,0.835868138806981
1042,1.26664530936269,3,1.26026455409257,1.16574858361991,1.26592142327553,1.1487542151965,0.835868138806981
1043,1.30686468077784,3,1.2163287355591,1.40866136119939,1.14074691654077,1.25988742464569,0.835868138806981
1044,1.06427738280183,3,1.00381001014534,1.05886589636609,1.09469201877994,1.10008252765001,0.835868138806981
1045,0.759251703409934,3,0.777522532658882,0.836009033711178,0.827489809172429,0.92917012208013,0.835868138806981
1046,0.829062357001094,3,0.898886351722527,0.787435351590495,0.827990252362485,0.741389229592541,0.835868138806981
1047,0.856397089442748,3,0.904499462291757,0.935706480663978,0.801246779150774,0.677298946509321,0.835868138806981
1048,0.644737254756786,3,0.689855319362607,0.648794546855178,0.671900437109501,0.648821745183072,0.835868138806981
1049,0.71413643418344,3,0.635978970919092,0.792795572564563,0.909083939853626,0.78109389738728,0.835868138806981
1050,0.880307953086049,3,0.957121708970384,0.978965120913986,0.891903619651421,0.825798966760125,0.835868138806981
1051,1.25487524189413,3,1.37999421416508,1.46984915950391,1.17182940750654,1.05548659665004,0.835868138806981
1052,0.789294614807471,3,0.952115527423511,1.10917117155078,1.17684139697767,0.806628218222469,0.835868138806981
1053,0.647291236529022,3,0.651444859569586,0.702029827106816,0.716746597982784,0.567251046154555,0.835868138806981
1054,0.818254983565767,3,0.924991805934372,0.924801988095525,0.890416412296645,0.750663946902325,0.835868138806981
1055,0.924687746721651,3,1.00333046819633,0.909994901239788,0.961790628379669,0.818198181908653,0.835868138806981
1056,1.0372528051507,3,1.11351268229916,1.02895717767322,1.09010399112452,0.913378076915125,0.835868138806981
1057,0.963012667737834,3,1.0218770340154,0.938833899508975,1.53299709674075,1.05999568594693,0.835868138806981
1058,1.01086823467512,3,1.16296854052365,1.21469759144253,1.17218282105776,1.05861831754337,0.835868138806981
1059,1.02935366721958,3,1.0956311355881,0.993988076731934,1.37837948820958,1.16110692933969,0.835868138806981
1060,0.919076957344398,3,0.996164384013494,1.0264303184284,1.06389725755486,1.05989464749626,0.835868138806981
1061,1.2032480066381,3,1.30219087281407,1.30582565385006,1.17258122682354,0.966973229299079,0.835868138806981
1062,1.13512550272769,3,1.22059236857796,1.11877939406654,1.22721346165479,1.11494385175482,0.835868138806981
1063,0.888711483414053,3,0.941793779012504,0.877661975060373,0.915768598248224,0.914222647384624,0.835868138806981
1064,1.04909351278481,3,1.02931963344916,1.0073326505107,1.04431909907833,1.30864854557521,0.835868138806981
1065,0.919546712662233,3,1.01039689065709,1.02576096266747,1.01293994444504,0.890227785784913,0.835868138806981
1066,0.774441216493391,3,0.845832914419554,0.876699838607827,0.957424624975664,0.705608758750425,0.835868138806981
1067,0.910045368470497,3,1.03629365956157,0.995959516464622,0.964679175134779,0.836392684112073,0.835868138806981
1068,0.785987091601533,3,0.837677906847782,0.793871990951844,0.952697434124932,1.0384938556296,0.835868138806981
1069,0.751339564450706,3,0.795347292343663,0.662896933328763,0.922895834180576,0.737755733143629,0.835868138806981
1070,1.05983427123919,3,1.13681755055875,1.04693828122105,1.24480063953098,1.30173898700664,0.835868138806981
1071,0.948913798543061,3,0.966059925444127,1.03470801121652,1.07739285326986,0.990843797201634,0.835868138806981
1072,0.946171162853028,3,0.999405943867662,0.985153408794054,1.16751106764932,0.872864764002518,0.835868138806981
1073,0.995186939707198,3,0.982442634065541,0.975487938734943,1.12066566727548,1.06756755312366,0.835868138806981
1074,0.953019189296763,3,0.927651105474937,1.30117925552472,1.20432599087021,0.971476775543348,0.835868138806981
1075,0.839664881354667,3,0.826754470888221,0.865447665489092,0.881305016558976,0.6690266013377,0.835868138806981
1076,1.05313323916108,3,0.951353317308913,1.17989035424005,1.36256549112327,0.916232368038172,0.835868138806981
1077,1.10545388722467,3,0.980367890343329,1.10511390930624,1.13492018824086,1.08760531772824,0.835868138806981
1078,0.89977899960026,3,0.727645909190735,0.87871770124853,0.913632388088569,0.730597796738447,0.835868138806981
1079,0.962690485129813,3,0.764085132351826,1.12958714978454,1.03363825055085,0.994616397625322,0.835868138806981
1080,1.08933292995714,3,0.855133539603767,1.02924393883433,1.0834261315528,1.04332642100655,0.835868138806981
1081,1.52549465692809,3,1.12147091558885,1.66031605504509,1.5488610654632,1.43395935145371,0.835868138806981
1082,1.58984312687049,3,1.10336900290429,1.62106258715426,1.49323305624496,1.86371626510727,0.835868138806981
1083,1.2970329476595,3,0.873184551515377,1.3032843353321,1.30927620503651,1.14230395402001,0.835868138806981
1084,1.54496399196624,3,1.06471022422479,1.74917766686221,1.4550559704238,1.50806167954285,0.835868138806981
1085,1.60852922414655,3,1.07076820579012,1.82959432319122,1.33264953855029,1.24258964134685,0.835868138806981
1086,1.63698105927941,3,1.01708089915341,1.85936775509243,1.43219689803061,1.52358391828569,0.835868138806981
1087,1.70612167915332,3,1.02164225786657,1.82419566127708,1.55235852114138,1.41716540109875,0.835868138806981
1088,1.83567921629388,3,1.08031345037516,1.94418885093009,1.59569252524433,1.48909524955031,0.835868138806981
1089,1.69094840005314,3,1.12417511487882,1.91930863726698,1.62927617374324,1.82439943813543,0.835868138806981
1090,1.98254238543499,3,1.20498116141089,2.17442657287215,1.75712502358959,1.73329119158643,0.835868138806981
1091,1.80752399035521,3,1.04707837855395,1.86366727419153,1.53621630259173,1.42172092356372,0.835868138806981
1092,1.83966151011238,3,1.14202834495574,2.03138816456535,1.83203462218747,1.71634926931099,0.835868138806981
1093,1.40277451871701,3,0.915301099446275,1.53409406425837,1.43345707245033,1.10404441391543,0.835868138806981
1094,1.60014937791599,3,1.07045145752708,1.80505438863735,1.40536323038021,1.70625023348878,0.835868138806981
1095,1.53606897217846,3,0.994739503906199,1.67149063357039,1.47144277483452,1.33773378018609,0.835868138806981
1096,1.4399855511969,3,0.946646294374864,1.63974078471722,1.47191596284689,1.2827746851662,0.835868138806981
1097,1.46418705085054,3,0.982615586734108,1.58352728026273,1.42403298635094,1.23678473247751,0.835868138806981
1098,1.07114054734567,3,0.782864316100542,1.07727153934161,1.20655650432126,1.32808038296185,0.835868138806981
1099,1.29620315694867,3,0.96915300007982,1.45647232784937,1.37140536541567,1.20459810281655,0.835868138806981
1100,1.12235813178182,3,0.903074518372016,1.06196196035639,1.0200816482894,1.0870374406402,0.835868138806981
1101,1.06126017790293,3,0.904886172382869,1.03954863649994,1.04416926996723,1.03219326941341,0.835868138806981
1102,1.1457277292631,3,0.886460176592803,1.30794170727262,1.12119075078435,0.852962250927179,0.835868138806981
1103,1.1541317480397,3,0.91014129477095,1.27750473499211,1.13165021024742,0.874458290050589,0.835868138806981
1104,1.3107569227963,3,1.03207069385072,1.44929959232216,1.12684830868292,1.07157099910922,0.835868138806981
1105,1.34509856295804,3,1.07779477425675,1.52680334388733,1.24628461342989,1.10687623474726,0.835868138806981
1106,1.50539479192749,3,1.21343899809917,1.71328346897546,1.32418806189334,1.32970669296073,0.835868138806981
1107,1.29966488657522,3,1.07593980323339,1.15201818035694,1.13461143702974,0.991599043963067,0.835868138806981
1108,1.19470677858754,3,1.02719804105697,1.1640655981501,1.20441702781669,1.15283764757729,0.835868138806981
1109,1.29347524693285,3,1.06666620777319,1.47457146205043,1.19142161817842,0.940287886814285,0.835868138806981
1110,1.23979989489174,3,0.900907822779436,1.29347586764221,1.16045446003843,0.798067532727869,0.835868138806981
1111,1.0921344658548,3,0.904627627752817,1.21475195583559,1.22877611685797,0.841130708556882,0.835868138806981
1112,0.942701279479695,3,0.779442015227092,1.08453006144047,0.877116424074828,0.647948462900728,0.835868138806981
1113,0.932853376134872,3,0.779656915184316,1.07246067950053,0.904586017182491,0.625378950155908,0.835868138806981
1114,1.19054264572901,3,1.02811269420277,1.16475923714864,1.10369289990934,0.789928025130392,0.835868138806981
1115,1.2334054935732,3,1.00039557741932,1.42395592168098,1.0800299255761,0.717629778707917,0.835868138806981
1116,1.53506602970216,3,1.25272722697534,1.78507119381812,1.33021570222203,0.991007853597434,0.835868138806981
1117,1.37846540425966,3,1.11033796747748,1.42631342326485,1.21264766601986,0.92241837479897,0.835868138806981
1118,1.34861115940722,3,1.09089852026122,1.41637454965306,1.38186444032212,0.978335853792688,0.835868138806981
1119,1.39773223856802,3,1.09756461880667,1.57218706122594,1.21921072958262,0.901360103357071,0.835868138806981
1120,0.949763319316112,3,0.795765386117976,0.906737750157211,0.992402997215954,0.668007738406226,0.835868138806981
1121,1.05959242508926,3,0.824834331635406,1.18886367599408,1.07705016089492,0.739374662463653,0.835868138806981
1122,1.40433465077252,3,1.09111060845874,1.5156097160942,1.27992442344536,1.00512450944654,0.835868138806981
1123,0.963612958691141,3,0.67875888040903,1.02137636360609,0.925690349899822,0.715233382938884,0.835868138806981
1124,1.24784693594089,3,0.822802184818276,1.43147548255458,1.12621226681614,1.11998483455782,0.835868138806981
1125,1.55762422371564,3,1.16965497632987,1.7727075505052,1.44732754106967,1.21299578698788,0.835868138806981
1126,1.54987644169921,3,1.23349201944196,1.85273870334615,1.51799288733216,1.20277049525853,0.835868138806981
1127,1.17725938060366,3,0.874678608649578,1.15627731427784,1.12595456330104,1.00463238358383,0.835868138806981
1128,1.31628899815178,3,0.973489942805074,1.47877169824785,1.35564173269171,1.0764812413037,0.835868138806981
1129,1.39737511707192,3,1.08741308211178,1.52343279093442,1.37357684449524,1.21933331773795,0.835868138806981
1130,1.94353701707702,3,1.41700523385193,2.25534010143318,1.6190995564433,1.36635879073382,0.835868138806981
1131,1.89079234051711,3,1.12244870437386,2.00786244927582,1.50972647507605,1.18006729183933,0.835868138806981
1132,1.11177028998211,2,0.915603415760251,1.11062036177616,1.33275458878834,0.932384273812542,0.712324534662225
1133,0.788154955045359,2,0.657813657964633,0.785599848108819,0.930332481356431,0.66243505340426,0.712324534662225
1134,0.816167975740025,2,0.691403654773678,0.81552713551625,1.02311302558827,0.72659871043465,0.712324534662225
1135,1.03520059473049,2,0.892317532339639,1.03848373973832,1.25600821486833,0.874175019106754,0.712324534662225
1136,1.01165872359402,2,0.880110523195151,1.01332807875621,1.36615444945433,1.00116841838155,0.712324534662225
1137,1.05608009721662,2,0.93444772904315,1.06154710447578,1.23362471941314,0.94866073322512,0.712324534662225
1138,1.05530177575246,2,0.941978005499003,1.06089716259548,1.32566931401222,0.892792363804168,0.712324534662225
1139,1.12030627038568,2,1.0152640933431,1.12926302146729,1.40271078069727,1.02023399738641,0.712324534662225
1140,1.07437567533096,2,0.976271116991599,1.08204014130232,1.24043225145004,1.06571433678296,0.712324534662225
1141,1.13586924700544,2,1.03742852251602,1.14427460286124,1.29042904290429,1.02450439767738,0.712324534662225
1142,0.856374884932976,2,0.787643614117805,0.863440162675804,0.999327405380757,0.791656270694027,0.712324534662225
1143,1.15145609666913,2,1.09509763334856,1.1676976928079,1.20250960670297,1.00103450258703,0.712324534662225
1144,1.19607677140516,2,1.14105701627261,1.21243761875237,1.37302941654477,1.20493418517618,0.712324534662225
1145,1.25211443747546,2,1.20355353476979,1.2696013900812,1.32812593504484,1.10932458821072,0.712324534662225
1146,1.0544432764222,2,1.03989209239275,1.07207182025229,1.2221018203231,0.944782231447445,0.712324534662225
1147,1.00901854735536,2,1.00509640628082,1.02602733629516,1.16766561117813,0.884392187209107,0.712324534662225
1148,1.12623924181177,2,1.11934995604555,1.1436115128978,1.18877545080965,0.941551973160969,0.712324534662225
1149,0.981323313125529,2,0.99435315628749,0.997584865496313,1.14857192691754,0.867785848770989,0.712324534662225
1150,0.994030763363398,2,1.04461478417817,1.01327001227024,1.16507936507937,0.881377733089225,0.712324534662225
1151,0.90358618197885,2,0.9486426853862,0.919909222576351,0.9949851114398,0.775339443531418,0.712324534662225
1152,0.927438678463777,2,1.04393880685159,0.949480259816763,1.01221585562094,0.705369156163958,0.712324534662225
1153,0.784797414519818,2,0.874253020860192,0.801670304511363,1.03079240262216,0.790183310452725,0.712324534662225
1154,0.622184995025689,2,0.7370898764271,0.638452970019696,0.808989766777725,0.552453754535996,0.712324534662225
1155,0.9213539949297,2,1.09968937100351,0.944989619887258,1.14170898999948,0.849538797728543,0.712324534662225
1156,0.997321108797399,2,1.20785616458746,1.02309298775167,1.1208606701673,0.881978449188971,0.712324534662225
1157,0.899791332806434,2,1.12116283609698,0.92437497036893,1.16350665821179,0.838579520985205,0.712324534662225
1158,0.898671700571323,2,1.17326299205295,0.926325684184545,1.13861331857437,0.942701489079847,0.712324534662225
1159,0.582861541149381,2,0.771634890509979,0.600884301139232,0.688698061773916,0.543856055274673,0.712324534662225
1160,0.596824955246689,2,0.81049993455822,0.616266152041927,0.62259763664988,0.519927663122861,0.712324534662225
1161,0.554825993137634,2,0.762395547431675,0.572947806949798,0.658687055602733,0.494183824719389,0.712324534662225
1162,0.629471262359979,2,0.874275035838186,0.649932955852905,0.542248271876813,0.433724309081489,0.712324534662225
1163,0.683212106888025,2,0.972509400518862,0.707696170887676,0.542665475191893,0.398048984033592,0.712324534662225
1164,0.630169111269221,2,0.909622098288818,0.654478892209519,0.567904628102539,0.376636585831917,0.712324534662225
1165,0.886790833141344,2,1.28887044988367,0.924391735855654,0.799331823329558,0.564782882955832,0.712324534662225
1166,0.689511118948554,2,1.0052024130177,0.717827816786749,0.640210756740739,0.524219998786365,0.712324534662225
1167,0.616882688106056,2,0.9034121881446,0.642237210028955,0.595885248082295,0.411619450969984,0.712324534662225
1168,0.664275775589343,2,0.972739679502366,0.692499543605758,0.601598327488535,0.412270281738517,0.712324534662225
1169,0.866546466697926,2,1.25471105139568,0.906112539583909,0.730683579540063,0.552734364224386,0.712324534662225
1170,0.633656160431392,2,0.925486617776025,0.661674947949763,0.620914408043121,0.426622528933754,0.712324534662225
1171,0.777126301202936,2,1.12546464208988,0.812723418375479,0.773957071676597,0.589979076913495,0.712324534662225
1172,0.526201644868822,2,0.753491175921801,0.551155799531241,0.535765838011227,0.345247373173124,0.712324534662225
1173,0.526848226387146,2,0.750712719320959,0.551952535227792,0.599074380165289,0.373120490267401,0.712324534662225
1174,0.609067014295372,2,0.861056919570907,0.638317894737206,0.497373206708426,0.347801654239388,0.712324534662225
1175,0.817385352897728,2,1.14387968567417,0.857046843852679,0.755496851318177,0.543170910069207,0.712324534662225
1176,1.01239926482854,2,1.38275944130915,1.06434343995346,0.985173395251292,0.792179239127679,0.712324534662225
1177,0.59247743190381,2,0.801113760861695,0.623146614753455,0.713874857895825,0.472553137911506,0.712324534662225
1178,0.726461492671645,2,0.975477096620269,0.763927408416015,0.712327734134113,0.523104730786358,0.712324534662225
1179,0.774508411710725,2,1.01915784073314,0.8165267490949,0.760902984326438,0.513947185763747,0.712324534662225
1180,0.816326697906693,2,1.06595844001249,0.860750701765382,0.809304566996835,0.587836946025681,0.712324534662225
1181,0.726325042224084,2,0.941577998140992,0.765911297797073,0.850862736244598,0.520183142639728,0.712324534662225
1182,0.771407391922388,2,0.99056320845494,0.814357778830663,0.873711994583501,0.571386198300534,0.712324534662225
1183,0.858911669818045,2,1.09763015037535,0.906298644911274,1.00568349547682,0.60899203021063,0.712324534662225
1184,0.76596780382333,2,0.971761785483185,0.809987313283963,0.78930574283878,0.540187361350648,0.712324534662225
1185,0.859973982201101,2,1.08767316639556,0.910257941944231,0.82877047117581,0.59331731371125,0.712324534662225
1186,0.806207338674418,3,0.861876803934354,0.836544030152138,0.63115735487038,0.455337378682889,0.790652114254363
1187,0.981738101965995,3,0.948227349615472,0.98050253518328,0.785562909924008,0.523016768563497,0.790652114254363
1188,0.987525100767153,3,1.10244751780766,1.0609610839199,0.933292588312917,0.602285457497978,0.790652114254363
1189,0.868694867273562,3,1.03461214207421,0.93175226146263,1.01523291397352,0.614029140221388,0.790652114254363
1190,0.953567995857513,3,1.11413986661036,1.01971083128796,0.716678362782491,0.565448984106185,0.790652114254363
1191,0.794619654036903,3,0.970946576603518,0.8543192260758,0.597191879291591,0.462985932243595,0.790652114254363
1192,0.833514652704657,3,1.01362860116744,0.894063370441862,0.660540432942369,0.489920947310858,0.790652114254363
1193,0.799656448721413,3,0.901103905040554,0.877814508975072,0.687233099722943,0.439237558331557,0.790652114254363
1194,0.836264842954996,3,1.11240550762807,0.894096541032341,0.752464041001132,0.548424438368455,0.790652114254363
1195,0.775084009595937,3,0.977651050746875,0.829456356069163,0.675546194335082,0.515784868576845,0.790652114254363
1196,0.889079652411747,3,1.13523745832271,0.945607740475228,0.717746638583926,0.640852314380137,0.790652114254363
1197,0.84646812330977,3,1.21203473435241,0.938662721289,0.697343824973095,0.545211928273231,0.790652114254363
1198,0.866109426771443,3,1.13144125633429,0.925408981230621,0.648444026913954,0.657318639015037,0.790652114254363
1199,0.586688210451562,3,0.793337813285865,0.624615307052811,0.530349776300863,0.44850594001556,0.790652114254363
1200,0.746006438457461,4,0.923198144716703,0.790822296969215,0.425862135936591,0.342790397332592,0.85423657168257
1201,0.587773578758193,4,0.767688021748219,0.623668386315213,0.451121069061986,0.312064463834863,0.85423657168257
1202,0.688341165448916,4,0.931304668401041,0.731757904011171,0.537519572185941,0.374124851360494,0.85423657168257
1203,0.685814004055314,4,0.890375430260525,0.725178701787822,0.559970587971557,0.369711242605404,0.85423657168257
1204,0.620594529629419,4,0.85434649568902,0.657662994835689,0.500940966576534,0.363125814180874,0.85423657168257
1205,0.928624291482203,4,1.05667507873043,0.973919359330448,0.488781390838108,0.436537397057339,0.85423657168257
1206,0.7005388032089,4,0.868811790150883,0.740218696976279,0.50312026896534,0.365679877121343,0.85423657168257
1207,0.826905663867545,4,0.980885798531725,0.867975334288947,0.659495866367874,0.463766263645876,0.85423657168257
1208,0.787164646369543,4,0.916872948168701,0.824287371007823,0.527435000586789,0.38634930507415,0.85423657168257
1209,0.802826657165382,4,0.99683247174795,0.837314954232153,0.609737721916374,0.514123933106168,0.85423657168257
1210,0.951938218089079,4,1.0651876262842,0.993120056685309,0.625624878643779,0.496898890460868,0.85423657168257
1211,1.10009229895544,4,1.27891121439848,1.16808979102118,0.81633363171771,0.646924143656729,0.85423657168257
1212,0.958617660777833,4,0.995981741130415,1.01281138773592,0.651093320808208,0.533015965133103,0.85423657168257
1213,1.08269765782125,4,1.09284058433846,1.09326979015702,0.766739410815507,0.617832443425113,0.85423657168257
1214,1.17911223662468,4,1.21112190965063,1.16921450159942,0.820565090005041,0.695115077775458,0.85423657168257
1215,1.1847116675362,3,1.20425682745567,1.19902844828535,0.699913520005111,0.593162140309277,0.776736116560888
1216,0.992841837238935,3,0.980204171255089,0.981329669916428,0.657995938696873,0.351254841475756,0.776736116560888
1217,0.821856834662941,3,0.855803606255025,0.923801552125954,0.488585160850704,0.433837970943906,0.776736116560888
1218,0.696445393636757,3,0.665828855271313,0.678381374425966,0.446537849992386,0.330603453245359,0.776736116560888
1219,0.764565194690019,3,0.778318698423161,0.776260071064095,0.474947647752758,0.371960317119853,0.776736116560888
1220,0.894687601756725,3,0.909335989130134,0.905627668201831,0.519967135124005,0.441063031162714,0.776736116560888
1221,1.20795559756087,3,1.10974508235348,1.20378828700834,0.722564599209126,0.525603952584508,0.776736116560888
1222,0.957432647623579,3,0.981524602070072,0.968980673626229,0.625896652766292,0.493855917577482,0.776736116560888
1223,1.08180161513239,3,1.11475883175974,1.09079470702376,0.780554270690005,0.597239663101183,0.776736116560888
1224,0.985262575563137,3,1.27607939170258,1.04988828811329,0.758332005285217,0.695314961912103,0.776736116560888
1225,0.978873342065163,3,1.08874571241672,1.03003102837626,0.816282894361183,0.654456884839677,0.776736116560888
1226,0.892002600155515,3,0.954547244902869,0.894937432183323,0.608771635685769,0.571529989116766,0.776736116560888
1227,0.876752400232445,3,0.954705615048082,0.917328807777641,0.605066470014628,0.4781117049956,0.776736116560888
1228,0.79188018217172,3,0.831202003532061,0.807237726835072,0.517871988680348,0.399989379791963,0.776736116560888
1229,0.942762286543375,3,0.985948315969178,0.971541479680314,0.628667998878033,0.513058167296086,0.776736116560888
1230,0.789927340260353,3,0.776210278906058,0.776706188178967,0.502320493131723,0.389249167228462,0.776736116560888
1231,1.32521180297092,3,1.24233134911303,1.21703148157536,0.782035196399568,0.662044250077704,0.776736116560888
1232,0.911001242244604,3,0.959214351410636,0.932139571959971,0.719919918211497,0.508451354589014,0.776736116560888
1233,1.01097293144477,3,0.994485814407528,0.974415915397852,0.621614295693705,0.490888023986041,0.776736116560888
1234,0.973875838478379,3,0.993541395086467,1.00114424388561,0.62682692908257,0.523284582904534,0.776736116560888
1235,0.934563577625945,3,1.00497891787365,0.999876242954693,0.711741275890344,0.577785238622784,0.776736116560888
1236,0.85865823686817,3,0.94669927192439,0.958081117379803,0.700539707450032,0.628089234333977,0.776736116560888
1237,0.848385107592664,3,0.885349038977613,0.903969662398614,0.689996401480322,0.584336989032739,0.776736116560888
1238,1.00056488240652,3,0.99732877568122,1.02217104765321,0.74261889021547,0.541398589494867,0.776736116560888
1239,1.17149195644035,3,1.1424355491615,1.18482228154405,0.824128380816331,0.663533345448946,0.776736116560888
1240,1.16860456515963,3,1.11808065987657,1.05968314579369,0.757485709739438,0.585350189747755,0.776736116560888
1241,1.17537569247497,3,1.04942877351805,1.04888898616972,0.766937115611016,0.556950550881535,0.776736116560888
1242,1.06265737701046,3,0.919746609650315,1.08779945702333,0.783073438401498,0.609140563059759,0.776736116560888
1243,1.02787164899821,3,0.981651380106094,0.893184741767151,0.688958015143776,0.439633519135447,0.776736116560888
1244,0.925393001382397,3,0.939204707719738,1.01212359447278,0.609339581500273,0.528339173722667,0.776736116560888
1245,1.36024585173266,3,1.20657846430627,1.3901829892055,0.998899487862201,0.863242927752541,0.776736116560888
1246,0.737444670408309,3,0.705186571665588,0.707443327631617,0.463097514609971,0.363868005193083,0.776736116560888
1247,0.960566069622677,3,0.911192841077723,0.871156520228349,0.53364368777245,0.437191000925295,0.776736116560888
1248,1.14671739110166,3,1.02590946531427,1.18412990151227,0.813137467284427,0.656335957098248,0.776736116560888
1249,1.16643328179514,3,1.1061295560663,1.19176843887282,0.845720405042346,0.70057345111863,0.776736116560888
1250,0.979870012611967,3,0.968684413671228,1.02052375998567,0.751875365050261,0.644977051304219,0.776736116560888
1251,1.20899634573691,3,1.13776402148573,1.25212366254372,0.919449717756862,0.796685677296604,0.776736116560888
1252,0.906850820562457,3,0.85745114680087,0.928966220536508,0.726458143791427,0.542110149484364,0.776736116560888
1253,1.2416626390198,3,1.05899370624449,1.26755502543077,0.935675662608259,0.725123934546143,0.776736116560888
1254,0.781978049784564,3,0.673393077718762,0.734105826124081,0.567548755252843,0.433232717638812,0.776736116560888
1255,0.857786597007438,4,0.807244560779187,0.84415140830555,0.608664247391127,0.417924922255272,0.756566146463019
1256,1.07124822413834,4,1.01069758748752,1.101795137474,0.798466965435296,0.571041371835988,0.756566146463019
1257,1.08574387423798,4,1.02892092537566,1.12290618945751,0.843619909967505,0.597385794723477,0.756566146463019
1258,0.885206936257294,4,0.821025970859808,0.937448188257899,0.70594462597351,0.485877683237489,0.756566146463019
1259,1.11275531665926,4,1.03652503930784,1.22987011691666,0.78942144104172,0.615194439465544,0.756566146463019
1260,1.19737005624813,4,1.09682370380645,1.23458154042951,0.826713724408466,0.671779623345114,0.756566146463019
1261,1.20489430550803,4,1.10407168825567,1.25709207570283,0.841977497617567,0.635919037578912,0.756566146463019
1262,1.06775411173128,4,0.973379267151398,1.12008755277732,0.779888771116619,0.567957907548309,0.756566146463019
1263,1.32084309077014,4,1.23458340789325,1.48759150440821,0.990565972479694,0.713959017553449,0.756566146463019
1264,1.16773640317216,4,1.04986791818819,1.21315819703163,0.846294002157467,0.69124776440342,0.756566146463019
1265,0.996491312144653,4,0.919961888548162,1.03344682247178,0.717573872861737,0.58780576648924,0.756566146463019
1266,1.1787353968738,4,1.00652045857874,1.24727755351177,0.843581920962236,0.63382019632051,0.756566146463019
1267,1.10875723457685,4,1.01596357368107,1.14868916739487,0.801722266516732,0.622314675955562,0.756566146463019
1268,1.09327216356525,4,1.01298516096477,1.14183968079441,0.835229258892172,0.689974378883191,0.756566146463019
1269,1.18933825251601,4,1.12848677968206,1.2544766361997,0.864895957534018,0.675946775627308,0.756566146463019
1270,1.26228244033357,4,1.24221451693217,1.30753018082778,0.925078423776366,0.749746060949975,0.756566146463019
1271,1.05448458016565,4,1.00780107920134,1.09479176824577,0.802007103141111,0.577119690413587,0.756566146463019
1272,1.19346681114036,4,1.05478551397605,1.22496097964492,0.877794260393276,0.675980168448627,0.756566146463019
1273,0.647774730083267,4,0.740951561574217,0.69321196069677,0.484392848097408,0.361612880294532,0.756566146463019
1274,0.916625173887772,4,0.931674039031942,0.95323983141542,0.725323907658002,0.582182729533389,0.756566146463019
1275,0.964795408589124,4,1.00480909107029,1.00982343905064,0.669915705606914,0.57905597875863,0.756566146463019
1276,0.900418758786166,4,0.955508454332383,0.956379911099881,0.665592685436844,0.534760492948822,0.756566146463019
1277,0.999649799206112,4,1.06048569999674,1.06893351747635,0.753906270849693,0.612077603786285,0.756566146463019
1278,0.610122459586104,4,0.593519468841352,0.592569513004523,0.520396405601536,0.414358225193865,0.756566146463019
1279,0.931764196058278,4,1.0253387289156,0.988296906130378,0.727395183064039,0.580346762368055,0.756566146463019
1280,1.05683614455324,4,1.0542561072478,1.04038987684441,0.737251361650469,0.638848594217789,0.756566146463019
1281,0.703238454364237,4,0.77915490106827,0.747276035588308,0.55021713415084,0.464394765907099,0.756566146463019
1282,0.918342627276578,4,1.05737836028679,0.946835226495806,0.711228522376513,0.611840669351246,0.756566146463019
1283,0.933413286327202,4,1.16272315302541,1.02026122029468,0.819355763879473,0.679001179053788,0.756566146463019
1284,0.779627188579468,4,0.956521344790641,0.903794605729804,0.639952092612254,0.565552323314142,0.756566146463019
1285,1.0222028178645,5,1.09825470501699,1.08705081000779,0.738618592365848,0.592064730427042,0.754589325033988
1286,0.9723315674242,5,1.06749870177597,1.03893398012043,0.724833273697363,0.6134554493688,0.754589325033988
1287,0.89774679369171,5,1.02958096502267,0.969159130034455,0.622735903815039,0.521603178259823,0.754589325033988
1288,0.811377159388739,5,0.871702868561797,0.866061906278998,0.563590313861728,0.455091124370255,0.754589325033988
1289,0.938466108158536,5,1.0363852986371,1.01717499162443,0.682018746865935,0.581156897313935,0.754589325033988
1290,0.75845917522839,5,0.864437556863604,0.869560472992767,0.652748611560571,0.553161881092202,0.754589325033988
1291,0.969923102014556,5,1.08975880560691,1.02709127109871,0.716520680588327,0.596001986700185,0.754589325033988
1292,0.931643887179999,5,1.04314291783943,0.99594289751957,0.728766988550561,0.611600897040722,0.754589325033988
1293,0.865156033694062,5,0.97115532319144,0.916872259532437,0.703175540675205,0.57592738117397,0.754589325033988
1294,0.764228929849925,5,0.866762642076894,0.817533115017206,0.618136898774831,0.48513157042182,0.754589325033988
1295,1.06027822093299,5,1.19467088424387,1.13810041637546,0.846428440789807,0.620166339898352,0.754589325033988
1296,0.92579323062937,5,1.02971061338801,0.988038160592277,0.683287182248745,0.517163770349292,0.754589325033988
1297,0.820811194151482,5,0.910362143364626,0.863566689758922,0.545482085986411,0.42592737167411,0.754589325033988
1298,0.968712765690163,5,1.10413483984033,0.984263554743351,0.594129524968288,0.483152348120887,0.754589325033988
1299,0.793045692827887,5,0.897237007405024,0.845839154454186,0.550690714364324,0.413974637833306,0.754589325033988
1300,1.03205992168526,5,1.15923152826707,1.10631427090976,0.726676875193981,0.555712138008764,0.754589325033988
1301,0.966273906967867,5,1.08756611031105,1.03167417232904,0.664226516145274,0.521422231795354,0.754589325033988
1302,0.918753838374392,5,1.02931524009911,0.984967935911005,0.610068857307311,0.472499225288869,0.754589325033988
1303,0.829287322244015,5,0.926559325476211,0.888890169609988,0.570752583100748,0.442008601106467,0.754589325033988
1304,0.861194986274401,5,0.951783671018898,0.982298821540731,0.63751073818409,0.50778881286824,0.754589325033988
1305,0.860191191959163,5,0.945162679938907,0.930859915139372,0.665612693064884,0.555363837909719,0.754589325033988
1306,0.735335138804884,5,0.794725457463136,0.782126982931701,0.51177741720895,0.4232449319832,0.754589325033988
1307,0.60866106211684,5,0.720506153232239,0.708234598874331,0.549618400944847,0.389934731007893,0.754589325033988
1308,0.975585627708966,5,1.08964793065257,1.04336580151041,0.649350803802214,0.492496082350195,0.754589325033988
1309,0.875662107545878,5,0.920433098599358,0.966478653826271,0.649114760848356,0.472284720492293,0.754589325033988
1310,0.929992125184601,5,0.968869058406972,0.987392328563665,0.661808329355521,0.45662885870278,0.754589325033988
1311,1.3033640962339,5,1.28618103015092,1.30072671884237,0.90260625930897,0.684125074807119,0.754589325033988
1312,0.827750546956642,5,0.727027665935366,0.852747925322372,0.604492267889998,0.44490398529712,0.754589325033988
1313,1.07358315831127,5,1.03435108669631,1.12149044168342,0.741554633516747,0.557608425060665,0.754589325033988
1314,1.16294994732652,5,1.14512515817177,1.22345961707803,0.772009336624015,0.585050722663384,0.754589325033988
1315,1.10960945339128,5,1.05261792922993,1.10786036036127,0.793832094114013,0.606795334361383,0.754589325033988
1316,1.23274737360692,5,1.18204843229817,1.28481299766829,0.821010678184554,0.67274108153094,0.754589325033988
1317,1.18102823354408,5,1.07060574402251,1.23619125747232,0.807136783071057,0.650585499637983,0.754589325033988
1318,0.930042727563294,5,0.955432366190824,0.965819337501016,0.691773763773684,0.522506674987066,0.754589325033988
1319,1.112280438183,5,1.06012311598076,1.15368597995533,0.756741700818165,0.632166112765725,0.754589325033988
1320,1.09298430364453,5,1.0813112550886,1.15832649063459,0.794675957378338,0.61365157458776,0.754589325033988
1321,1.12107484107772,5,1.06915093193933,1.16519494603705,0.831646520280863,0.613838890728093,0.754589325033988
1322,0.80358110483839,5,0.894362398672417,0.851447763866375,0.654271178738772,0.516108550124398,0.754589325033988
1323,1.00188390865839,5,0.997326817658087,1.0523361048078,0.765737677396913,0.609825031250514,0.754589325033988
1324,0.995971525610007,5,0.956954665754033,1.03121104601542,0.700080388779724,0.510621637677761,0.754589325033988
1325,0.775151742264107,5,0.784911651827608,0.792810186774598,0.558367290465842,0.43500313107301,0.754589325033988
1326,0.731339238545221,5,0.791783475272708,0.77942114191247,0.601015861346293,0.522882717559403,0.754589325033988
1327,0.876556827706981,5,0.931244479538286,0.911109507842168,0.650250914125925,0.516278484501228,0.754589325033988
1328,1.12466347305673,5,1.20707816759572,1.16598456992845,0.783660122640068,0.633097711745529,0.754589325033988
1329,1.19697014384308,5,1.28824669112787,1.23779538952158,0.88719083567328,0.739420128647581,0.754589325033988
1330,0.979822922745147,5,1.06464541970363,1.05882513500363,0.705355249017158,0.648269693281361,0.754589325033988
1331,0.999687538142634,5,1.14706922048595,1.03104674269302,0.712955168208412,0.574923874554065,0.754589325033988
1332,0.892502844772628,5,1.01569397579026,0.9129481598921,0.677927251340465,0.504832726137781,0.754589325033988
1333,1.17527928409719,5,1.2105981147115,1.21258074139113,0.964639242368837,0.696260867953817,0.754589325033988
1334,0.843652165110556,5,1.00669077644961,0.858149199397639,0.618054978394904,0.475950239691266,0.754589325033988
1335,0.601378662398196,5,0.710037978035809,0.619335871671289,0.492298834983104,0.373578491873643,0.754589325033988
1336,0.351490150881811,5,0.438282906537537,0.352430246139895,0.214975804294004,0.187444875957073,0.754589325033988
1337,0.538479799673604,5,0.660902561492733,0.548643035601648,0.407231028467308,0.329796198627245,0.754589325033988
1338,0.570362281153367,5,0.690779395736714,0.580099492211214,0.431497176289704,0.327826012842992,0.754589325033988
1339,0.807254068247924,5,0.972676277089539,0.825188135470565,0.612329076266151,0.475675162347823,0.754589325033988
1340,0.863796087200914,5,1.01055950484302,0.859884163449487,0.704140338798339,0.516071255430964,0.754589325033988
1341,0.865755113489654,5,0.999690604718654,0.875800328717063,0.654055232446441,0.505585081776846,0.754589325033988
1342,0.897069191390281,5,1.00639438159702,0.899274675541961,0.662243978862132,0.525776422779587,0.754589325033988
1343,1.04321678272382,5,1.18747630337169,1.05574782483102,0.815635775683659,0.640750397052038,0.754589325033988
1344,1.14522094366664,5,1.30840700895557,1.15292042665584,0.860081194046377,0.711372397544019,0.754589325033988
1345,0.928113480989698,5,0.989913969912303,0.923608656076436,0.690760696720746,0.577086410858548,0.754589325033988
1346,1.02368271102175,5,1.07775989820509,1.00504461787433,0.898911952691918,0.608341095824152,0.754589325033988
1347,0.857813336519251,5,0.913615757374002,0.849829157103051,0.654550579460624,0.480908444785161,0.754589325033988
1348,0.774038789729423,5,0.781647030326508,0.77004933200246,0.549167368846189,0.413356542497133,0.754589325033988
1349,1.02226655872391,5,1.03877787811709,1.0089190249955,0.741733352200661,0.733433020341462,0.754589325033988
1350,0.980955800472349,5,0.977822238642693,0.923198586446687,0.701255957669169,0.526733999619254,0.754589325033988
1351,0.978396622259969,5,0.956836949918392,0.94520505783364,0.69399712139574,0.529128568547316,0.754589325033988
1352,1.18733985994789,5,1.15384038440843,1.1659663700156,0.845894976524843,0.622517050395293,0.754589325033988
1353,1.12173754623784,5,1.06187883393972,1.08549573724137,0.788228796702775,0.698174754238644,0.754589325033988
1354,1.28683684976378,5,1.23030471841892,1.28430016612222,0.960077843960653,0.674081515719837,0.754589325033988
1355,1.20394685981212,5,1.13698987016165,1.18640766746948,0.810167181282732,0.647312049784178,0.754589325033988
1356,1.16049429804519,5,1.12660745601147,1.08950155500352,0.852955594020975,0.664747823639419,0.754589325033988
1357,0.853835841489374,5,0.823457132718681,0.841471965609485,0.647547619831908,0.476184918368039,0.754589325033988
1358,1.19512837837712,5,1.14934438069908,1.15455582847418,0.813494013776609,0.645039622182795,0.754589325033988
1359,1.03110712171403,5,1.00094590279216,1.01492847452254,0.690354735014058,0.55560347247527,0.754589325033988
1360,0.966730841844962,5,0.951506221380496,0.923427664881745,0.712199996443692,0.542931493013038,0.754589325033988
1361,0.801000215419432,5,0.781378699685564,0.778589178717267,0.579896293396064,0.459179131073532,0.754589325033988
1362,0.824786432428679,5,0.862026204806516,0.84826147540573,0.623914127229642,0.490057378060794,0.754589325033988
1363,0.846754300987742,5,0.868112025393396,0.822138001434859,0.575636392899969,0.348314930824253,0.754589325033988
1364,1.01768902628449,5,0.990107260825268,0.979463427477005,0.592412531670477,0.437265658688122,0.754589325033988
1365,0.733775609372093,5,0.773682459350342,0.654154202003943,0.398115703548515,0.259187247359324,0.754589325033988
1366,0.976492364847026,5,0.996961279652969,0.95488892931058,0.659427922901767,0.485624979383169,0.754589325033988
1367,0.907053263283944,5,0.94102813518338,0.875376743650323,0.619831429074507,0.446466577426932,0.754589325033988
1368,1.17028795580433,5,1.2098381872416,1.18443746105416,0.784328576513061,0.583733611216122,0.754589325033988
1369,0.959866352977398,5,1.0324067949217,0.946180319858995,0.707091711079869,0.47067583314583,0.754589325033988
1370,0.908180590123885,5,0.975867245114746,0.909628644666324,0.6440537506125,0.471593680556027,0.754589325033988
1371,0.894361916923456,5,0.944167690007387,0.857663459305889,0.595701615677883,0.443965093187103,0.754589325033988
1372,0.994203817764682,5,1.02344464407532,0.958461415528204,0.752832929036658,0.602102591824596,0.754589325033988
1373,1.02877138428838,5,1.08652140413329,0.997927370478873,0.720586241410194,0.565814173220063,0.754589325033988
1374,1.0215129948214,5,1.07615848964141,0.978234392135109,0.665249698542105,0.534197297755311,0.754589325033988
1375,0.991399547084618,5,1.10585900141018,0.971105306425706,0.701959117445345,0.505018382637563,0.754589325033988
1376,1.09371564850943,5,1.06640478559203,1.02987352183847,0.726282006573795,0.619247998051258,0.754589325033988
1377,0.975841266819421,5,1.01125198675258,0.897211245143798,0.685972123541394,0.474201079593799,0.754589325033988
1378,0.845807947880805,5,0.864070564754686,0.934751750502192,0.455644496553753,0.377659173945792,0.754589325033988
1379,0.588540721491205,5,0.603025553254072,0.548920974593853,0.337693144491574,0.246102177170807,0.754589325033988
1380,0.69652159723123,5,0.729344027490854,0.666172244174133,0.415519470921604,0.333523399945811,0.754589325033988
1381,0.821948028498926,5,0.822213985693348,0.79992635812906,0.529778089531241,0.464765791115369,0.754589325033988
1382,1.15098185751329,5,1.12434227049599,1.11054173371339,0.778637947598522,0.641648667165783,0.754589325033988
1383,1.04453674913059,5,0.981710656386831,0.996392693886019,0.653235481986726,0.581807525052162,0.754589325033988
1384,0.914748831021999,5,0.940924863515951,0.756623922660622,0.811893297104743,0.531411094470966,0.754589325033988
1385,1.21811305494,5,1.1302905075099,1.15021532778821,0.826562874751382,0.684609174861347,0.754589325033988
1386,1.02598186111147,5,0.913526753210595,0.983762490484875,0.684672893745764,0.53906211149033,0.754589325033988
1387,1.28196251848443,5,1.13158548742466,1.19567108615518,0.901047306164614,0.666695452393972,0.754589325033988
1388,1.28260287326688,5,1.11457631170032,1.20559445126075,0.966854770923017,0.723937587624155,0.754589325033988
1389,1.07020977069574,5,0.914125728574256,0.998706884928983,0.803585683649801,0.628293242703223,0.754589325033988
1390,1.21467362539369,5,1.00613577273265,1.13927599199552,0.905936401386983,0.516636774461885,0.754589325033988
1391,1.43227545869185,5,1.21756873850819,1.36362063416424,0.996964175613616,0.80476180319154,0.754589325033988
1392,1.29312300237547,5,1.11187110204562,1.23774898586474,0.975417850676418,0.762680770161713,0.754589325033988
1393,1.24409665921164,5,1.07370017830001,1.17982838501909,1.00543285635277,0.688668400523487,0.754589325033988
1394,1.44060002729339,5,1.26173042026342,1.3796515790395,1.07264811771561,0.801678540498227,0.754589325033988
1395,1.38648560118362,5,1.19301614075273,1.28557247105723,1.10812729571236,0.803166536206623,0.754589325033988
1396,1.18795177157501,5,0.993650008448898,1.11801865851399,0.90142995179835,0.699793111238043,0.754589325033988
1397,1.00567267110661,5,0.841538601803397,0.915104705116182,0.775636843197163,0.629786669627058,0.754589325033988
1398,0.822035657009647,5,0.708509181592675,0.762797446301041,0.56857187775678,0.447244290297215,0.754589325033988
1399,0.789902165592307,5,0.682619756637783,0.733565140263485,0.484883284222992,0.424954929077414,0.754589325033988
1400,0.993172779686708,5,0.876063569367917,0.927428035142029,0.740993837760136,0.577066646145935,0.754589325033988
1401,0.947692810057142,5,0.788597528030097,0.866911786347238,0.748824477818194,0.54560150230897,0.754589325033988
1402,1.3603353410206,5,1.10289944364682,1.18727503237653,1.01688180164408,0.685741251419065,0.754589325033988
1403,0.921049561049882,5,0.827426413800207,0.834437177836189,0.70218310757103,0.509934891918661,0.754589325033988
1404,1.00461012850683,5,0.882961384139998,0.952735722287505,0.785905003204031,0.551426643761585,0.754589325033988
1405,1.43595259999512,5,1.40822645196235,1.51643269405049,1.07690050635678,0.824113541596783,0.754589325033988
1406,1.44003976110141,5,1.11370096139212,1.26755076681209,0.969249748444845,0.709535430187235,0.754589325033988
1407,0.937685619742796,5,0.685595512498173,0.853754808666908,0.588367659559748,0.368863101338079,0.754589325033988
1408,1.1074960887955,5,0.965695906067294,1.08025092943325,0.714646861128936,0.613093322245763,0.754589325033988
1409,1.34501588420275,5,1.15377462134827,1.26800176939801,0.677144643205204,0.524536712768105,0.754589325033988
1410,1.24469119195778,5,1.03912484290002,1.15441776926427,0.892659086952269,0.670160456223087,0.754589325033988
1411,1.24730564366505,5,1.06811775861011,1.19572842430462,0.883912994621534,0.675988128313602,0.754589325033988
1412,1.1803141967798,5,0.970340378342382,1.12270089869216,0.904501021601988,0.655077641343806,0.754589325033988
1413,1.12543907325423,5,0.916185583693201,1.08848254847217,0.812631210783821,0.613601939818756,0.754589325033988
1414,0.897415206049331,5,0.699587978736198,0.867875182257617,0.651354064079562,0.496004937936025,0.754589325033988
1415,1.12320451750311,5,0.872635738755889,1.06410551501031,0.757910728681656,0.569652089081971,0.754589325033988
1416,1.15717230987935,5,0.89983146177745,1.11285466840978,0.767283122880671,0.559972101501863,0.754589325033988
1417,1.29397207569276,5,1.02485981339029,1.24200904887673,0.924981785012569,0.713431740880446,0.754589325033988
1418,1.52330731574844,5,1.1888484612982,1.46280155848279,0.934543952368617,0.573401600234437,0.754589325033988
1419,1.60693773634093,5,1.26257309960654,1.56296150950019,0.957543350975747,0.709102731862978,0.754589325033988
1420,1.17696926817102,5,0.944541774019793,1.02085489127324,0.734364487809174,0.5676212802419,0.754589325033988
1421,1.3463834863223,5,1.05414854699634,1.13202439663677,0.961362238361592,0.727049826022046,0.754589325033988
1422,1.36935959534778,5,1.08325783135766,1.32010934724523,0.901084332033483,0.713309903666808,0.754589325033988
1423,1.4715391194362,5,1.15662296304947,1.3916766176344,0.84277715987533,0.712674082335907,0.754589325033988
1424,1.42697450204672,5,1.01441203205954,1.23862141883213,0.988431812909702,0.697164565906261,0.754589325033988
1425,0.978040580196479,5,0.808530785912131,0.904965786573862,0.773963303104321,0.616042959372157,0.754589325033988
1426,1.06241156585549,5,0.852377871872498,0.956084640109847,0.846946181053626,0.580978597894366,0.754589325033988
1427,1.14005563219251,5,0.913293945452691,1.05986585032609,0.86263113641801,0.639135154868516,0.754589325033988
1428,1.37395928057348,5,1.15508552954733,1.31855704900261,1.00169567463105,0.743950779436736,0.754589325033988
1429,1.309902216014,5,1.07695772470911,1.2380298713109,0.952881283526115,0.67851785323076,0.754589325033988
1430,1.26312790810014,5,1.06739511770783,1.20016465910683,0.977147263955014,0.66554171782281,0.754589325033988
1431,1.02944891388005,5,0.873193628302813,0.957610317358406,0.806649337944202,0.642105878919964,0.754589325033988
1432,0.953556679735849,5,0.851462623666529,0.91581071235189,0.755335478998876,0.512517384604396,0.754589325033988
1433,1.16391774982947,5,1.06103646469784,1.15496114747193,0.828524282918549,0.607098992185612,0.754589325033988
1434,1.11225933726452,5,0.958770792047355,1.14953952345429,0.821928806784635,0.602852428905874,0.754589325033988
1435,1.18133421855565,5,1.10287101547659,1.12716374155699,0.914810424508085,0.704643049288877,0.754589325033988
1436,1.13540180010887,5,0.936589787247552,1.00523478880805,0.808724349797685,0.64717619737019,0.754589325033988
1437,1.02749071850375,5,0.980253349582431,1.09272949402419,0.833375280794055,0.635946642510112,0.754589325033988
1438,0.973894631673114,5,0.849167192360855,0.88800868528654,0.775280678768978,0.514926685758632,0.754589325033988
1439,0.986824700932785,5,0.991003870999009,0.962857071481965,0.725142380410236,0.560357831273337,0.754589325033988
1440,1.13188682338667,5,1.12879936997321,1.11397755166786,0.882008017622678,0.681102805369345,0.754589325033988
1441,0.924465483911218,5,0.935310619491606,0.893385014093135,0.706212324415907,0.498097404135208,0.754589325033988
1442,0.883174437074611,5,0.902799553890579,0.815372062854359,0.682023463364537,0.514431070326661,0.754589325033988
1443,1.0804687747327,5,1.10662860628188,1.00940056810013,0.893523509344863,0.624064894941366,0.754589325033988
1444,1.00006955012428,5,1.0113589121431,0.978607729088081,0.846643077226197,0.570294495329136,0.754589325033988
1445,0.902749982954461,5,0.96327816906949,0.898485404610094,0.758466542562962,0.619257875306741,0.754589325033988
1446,0.948999439072897,5,0.985953935604846,0.917195236160221,0.755350219488131,0.560827272420218,0.754589325033988
1447,1.0432272752332,5,1.06418821421986,1.01507277421775,0.789692398569985,0.619971025330095,0.754589325033988
1448,0.92463817012075,5,0.928529162490772,0.89055054200677,0.730857763748949,0.527555085592196,0.754589325033988
1449,0.860109035704434,5,0.899508797658563,0.82651050375471,0.690705473256017,0.480177647893562,0.754589325033988
1450,0.891718976376248,5,0.945520977238816,0.88057498459257,0.679502784953269,0.56322185750328,0.754589325033988
1451,0.905763456970422,5,0.920669093951305,0.893645980935271,0.698745490878806,0.567146513618269,0.754589325033988
1452,1.03100000037178,5,1.05657406022813,1.03367373651347,0.819632742038603,0.702744989772995,0.754589325033988
1453,1.17894287557801,5,1.24014780338557,1.17011940055108,0.924856864100566,0.821010602416253,0.754589325033988
1454,1.07570619930287,5,1.14278456765207,1.07388206347225,0.852771738776904,0.683003411934326,0.754589325033988
1455,1.06411697175687,5,1.0982612225227,1.0549586419798,0.851609377649757,0.634636754575004,0.754589325033988
1456,0.981761610002367,5,1.06429980164065,0.970723079141348,0.774541694524443,0.575863993524308,0.754589325033988
1457,0.872515114187914,5,0.927915184044181,0.858027732518631,0.733266148985659,0.519583332774032,0.754589325033988
1458,0.776364360224953,5,0.816173941176744,0.752163736699922,0.456771128171913,0.428562447884063,0.754589325033988
1459,0.954110294183901,5,1.0448882738462,0.94666895120793,0.692768937298859,0.534968826082525,0.754589325033988
1460,0.885438532864561,5,0.992406081763548,0.8743379419031,0.645502212939994,0.49282357900736,0.754589325033988
1461,0.910384264716811,5,1.10651470517435,0.977590250181841,0.774891890137532,0.583345609797061,0.754589325033988
1462,0.792452481631454,5,0.973234499492282,0.879935978038627,0.670633262979408,0.500996365164562,0.754589325033988
1463,0.833806584779955,5,0.978082787253428,0.835599942885423,0.637133544347599,0.503334339231781,0.754589325033988
1464,0.727668060103376,5,0.965156913267798,0.820311403483372,0.612911927022371,0.488429501852824,0.754589325033988
1465,0.864508612244847,5,1.03595051497578,0.875874303956906,0.649756171343876,0.537415250410593,0.754589325033988
1466,0.867097499950222,5,1.0600980145414,0.87738061687709,0.687293074937321,0.564976487933337,0.754589325033988
1467,0.731961784917913,5,0.90080771246388,0.750494250366567,0.455393346736557,0.419467319767037,0.754589325033988
1468,0.626189427064537,5,0.763881622037349,0.619302891223885,0.479935604275482,0.374580567495549,0.754589325033988
1469,0.870867895335663,5,1.07577872216104,0.900842952706186,0.602212791157791,0.529558066492387,0.754589325033988
1470,0.751993871848779,4,0.933041091639789,0.754223004232192,0.63875736200598,0.528677125796823,0.756566146463019
1471,0.545899439441775,4,0.64878995808667,0.546400376526982,0.481991720045601,0.341070990828239,0.756566146463019
1472,0.816319909134652,4,0.965192794960866,0.785842358326072,0.740080294413307,0.597120310518188,0.756566146463019
1473,0.842333559834246,4,0.961785813312217,0.828869615504193,0.726728724840798,0.597681702222841,0.756566146463019
1474,0.815548327292002,4,0.913254441140392,0.794432891001025,0.728510544952457,0.61365035575651,0.756566146463019
1475,0.850614974166764,4,0.933612973291555,0.829174085565956,0.740895444915531,0.606917507661445,0.756566146463019
1476,1.05392590499718,4,1.15462204350438,1.05726060204188,0.912728795702563,0.75493489943315,0.756566146463019
1477,1.00987255240068,4,1.06172065724659,1.00087461327815,0.815906025634865,0.727283889296573,0.756566146463019
1478,0.945585991399438,4,0.963600089035886,0.934365024281203,0.823755351841449,0.688947732347859,0.756566146463019
1479,1.0013995170661,4,1.02803724865767,1.06301320771969,0.873600960998648,0.695123930933727,0.756566146463019
1480,1.08852037227426,4,1.11851584573273,1.06567475310877,0.993259159345589,0.871411958492506,0.756566146463019
1481,1.25352317639846,4,1.20725792461752,1.23301629167057,1.06339663666267,0.960224558024513,0.756566146463019
1482,1.01019122251371,4,0.991389575430934,1.01489949325336,0.942411435400173,0.830923388936339,0.756566146463019
1483,0.865452226705794,4,0.809975782183561,0.832163649104115,0.786703381402729,0.641390887080794,0.756566146463019
1484,1.21156062278787,4,1.13020309456471,1.17870863017171,0.992373891772542,0.898098820316326,0.756566146463019
1485,1.11129888475982,4,1.08763014659789,1.14254291475671,0.934935534370559,0.74750307767929,0.756566146463019
1486,1.31184132425566,4,1.22593594161503,1.27095129266791,1.03570357579522,0.908758934161686,0.756566146463019
1487,1.23501037820415,4,1.16021975780648,1.21356781214361,0.999501600833448,0.844743867891655,0.756566146463019
1488,1.0249564136765,4,1.0176090490844,1.05549073757632,0.867918939261088,0.729825663561825,0.756566146463019
1489,1.22901362879852,4,1.19254932889625,1.21300096353657,1.01314848601264,0.851486453533215,0.756566146463019
1490,1.03574830706166,4,1.0190065103513,1.02270309209312,0.845378896637606,0.751138857678353,0.756566146463019
1491,0.791579045796616,4,0.806141695330717,0.824210986969682,0.693680247136407,0.606792671102535,0.756566146463019
1492,0.932191781227169,5,1.13944498263868,0.981882390060556,0.924694980439803,0.789757301018562,0.815790592699469
1493,0.966958345631078,5,1.0483999856353,1.00103286008432,0.780551452394995,0.620815772316748,0.815790592699469
1494,0.906230482312205,5,1.01842216928597,0.89686009719295,0.65391250833826,0.677372883073775,0.815790592699469
1495,0.754192734429446,5,0.898682824216633,0.779764966701123,0.710596421920678,0.5990773793873,0.815790592699469
1496,0.7024339124642,5,0.857986955550803,0.71238399460894,0.746748583077937,0.572925285539259,0.815790592699469
1497,0.684529927083788,5,0.801417032545501,0.720060070223916,0.718547335179552,0.584352876842531,0.815790592699469
1498,0.667692052403608,5,0.759411613131052,0.68131754673309,0.67072497645801,0.508960923284731,0.815790592699469
1499,0.904232039991472,5,1.03072528133362,0.94658936898569,0.922870785297305,0.707972167115104,0.815790592699469
1500,1.04052424830937,4,1.18132084373708,1.12476761391635,1.04782701160868,0.891572727329047,0.739284546020747
1501,0.950300638928801,4,1.02091315534474,0.996600536137484,1.00261348156727,0.822024975750456,0.739284546020747
1502,0.977754546574131,4,1.07033805045194,1.05178744469602,1.06259980097562,0.843730311278537,0.739284546020747
1503,1.01720704381107,4,1.07945274551877,1.04660660287799,1.17055040691313,0.946225861663235,0.739284546020747
1504,1.04272665340685,4,1.05945306910866,1.08150857866586,1.12509384791685,1.02264683141849,0.739284546020747
1505,0.828579710737739,4,0.764370023799088,0.864409529766264,1.08510836926343,0.924265107501476,0.739284546020747
1506,1.02413242881339,4,1.02554661004009,1.05232994963107,1.13387892875825,1.04340064989412,0.739284546020747
1507,0.964412863597616,4,0.950276140082742,0.977251295721146,1.17614681845336,0.974563988169017,0.739284546020747
1508,0.978542855929988,4,0.975181737599995,1.00676265092369,1.17608264804754,0.994188111204216,0.739284546020747
1509,1.02447498827207,4,1.02677723043387,1.07423672946767,1.32428714686752,1.05589055788477,0.739284546020747
1510,1.1690502031428,4,1.08316288519838,1.12445853869761,1.40908197420851,1.07821780239925,0.739284546020747
1511,1.03336624365393,4,0.906878198772726,1.03500735555373,1.23378830735309,1.11181683288019,0.739284546020747
1512,1.00394323058052,4,0.92933234309868,1.05209163945204,1.23218759535659,0.986677569455187,0.739284546020747
1513,1.15002540209958,4,1.04452033217171,1.17385040201394,1.33703050931016,1.05205743364054,0.739284546020747
1514,1.0352231996035,4,0.938490444811182,1.07328406927346,1.16788265866725,1.00992873047461,0.739284546020747
1515,1.06286657957961,4,0.950141116247684,1.08721372514641,1.19269027121571,1.04194763822572,0.739284546020747
1516,1.09002991817579,4,0.971575215487018,1.11524710606485,1.21248235065653,1.07470793585551,0.739284546020747
1517,1.26903983974228,4,1.14074739996508,1.30820572121239,1.36371174901138,1.23905368313498,0.739284546020747
1518,1.16242933520048,4,0.998805172776039,1.17250071351373,1.31927549401527,0.96423775717282,0.739284546020747
1519,1.27961853821428,4,1.14596213590949,1.31168269081122,1.4718602582409,1.4673543855553,0.739284546020747
1520,1.23329297816966,4,1.08961633665831,1.26833950474769,1.32161100996714,1.24727515102165,0.739284546020747
1521,1.03138079099516,4,0.881082175813456,1.04951579363848,1.18702415054792,1.00749416543063,0.739284546020747
1522,1.20391352982265,4,1.11572632955243,1.25413966677861,1.37594984770019,1.27877814065331,0.739284546020747
1523,1.23452907768234,4,1.08065200476389,1.23499879174761,1.47312125964682,1.40161313733209,0.739284546020747
1524,1.046980094394,4,0.947966976273591,1.0736978326659,1.20880575679847,1.10283405839825,0.739284546020747
1525,1.00070277644705,4,0.91564560171624,0.953907684444432,1.10335328987364,0.937680277160748,0.739284546020747
1526,1.02803295428179,4,0.941719359353015,1.06781545922663,1.26697935432275,1.07768447025504,0.739284546020747
1527,1.04091059203216,4,0.962862319752174,1.05639269475004,1.30808159899877,1.13641636406174,0.739284546020747
1528,1.042816960899,4,0.994716831221303,1.06568336771097,1.32924664715163,1.17237702611572,0.739284546020747
1529,1.027843772775,4,0.971118850298484,1.06795360590281,1.32593780169814,1.17642850935017,0.739284546020747
1530,1.2447892601871,4,1.14242406476992,1.25405674816138,1.43801300391084,1.25278880090899,0.739284546020747
1531,0.865259022737716,4,0.820554119903141,0.890033848435319,1.21587272682098,1.13514841855301,0.739284546020747
1532,1.11358280163355,4,1.07179717716551,1.13325655642689,1.3788532493291,1.31890189225086,0.739284546020747
1533,0.90402337820852,4,0.878496079830877,0.938327377772764,1.27360192239192,1.18202747748351,0.739284546020747
1534,0.844657111180531,4,0.835083945978515,0.839706793487794,1.13594690025996,0.961903199662982,0.739284546020747
1535,1.32365079912893,4,1.31323673780263,1.33148821961499,1.38743879589051,1.29907275452691,0.739284546020747
1536,1.08864716357423,4,1.12386245584178,1.14760271941712,1.41787755063778,1.28434731723581,0.739284546020747
1537,1.05604262502816,4,1.03099482694009,1.07594856664836,1.34238177192007,1.23952044950029,0.739284546020747
1538,0.987913466409612,4,0.926196138451882,0.983320634558348,1.29668263036989,1.1378428120992,0.739284546020747
1539,1.42551853784907,4,1.33028528433538,1.4482525009355,1.61840943946789,1.47603360994129,0.739284546020747
1540,1.00759117936045,4,0.989087837940765,0.997170059219804,1.23764661748743,0.891431954783934,0.739284546020747
1541,0.863792864684182,4,0.867498474571403,0.881919674132042,0.991922469324361,0.997777876961151,0.739284546020747
1542,1.09101153128108,4,1.09492108744617,1.11455990361599,1.33886060868384,1.2689549647739,0.739284546020747
1543,1.00663122281112,4,1.01666738129209,1.04368609822692,1.33323805230791,1.22365526918778,0.739284546020747
1544,0.904271293213873,4,0.90498500555043,0.938900125485397,1.22417376253971,1.11593810045008,0.739284546020747
1545,1.03367756852114,4,1.03979009211687,1.07750368227779,1.31812075693323,1.19069186562115,0.739284546020747
1546,0.728520681466632,4,0.736803941750146,0.745369609234527,0.940856495323036,0.77840209863564,0.739284546020747
1547,0.982211792792671,4,0.989344270997686,0.961345841511302,1.30387694379066,1.07799801079991,0.739284546020747
1548,0.686895578381603,4,0.682144862388325,0.70493505822286,0.874891525297879,0.676124817575526,0.739284546020747
1549,1.02941767953361,4,1.11171918477327,1.1211731789455,1.05356787335672,0.978968135021145,0.739284546020747
1550,0.94516244498029,4,0.915079673279956,0.964673894110761,1.17936511539839,1.03792882684304,0.739284546020747
1551,0.911679019674231,4,0.881251217313178,0.934440267383803,1.10296076738893,1.0152578714792,0.739284546020747
1552,1.06251767869425,4,1.01902146693134,1.07231136547617,1.22557412534267,1.04689691417022,0.739284546020747
1553,1.35293725238437,4,1.28326020304556,1.39163263868019,1.4773164612803,1.45906301052214,0.739284546020747
1554,1.30876951628838,4,1.24931173872695,1.36013655518706,1.21625854317581,1.19919956463998,0.739284546020747
1555,1.16552846189197,4,1.09461748271858,1.19677156705172,1.17300244898156,1.20955586449455,0.739284546020747
1556,1.30938509396735,4,1.16105605713006,1.3031909352673,1.37140855435523,1.23633402639454,0.739284546020747
1557,1.20957319975565,4,1.11283455091679,1.2045949407042,1.09007183969739,0.946831818614437,0.739284546020747
1558,1.08384908327458,4,1.01382887842007,1.1005870122518,1.25874061363081,1.16625535960734,0.739284546020747
1559,1.20337658240935,4,1.16077214091444,1.24722914283515,1.11958150014156,1.06655671654312,0.739284546020747
1560,0.672404515840355,4,0.665634122531126,0.721154479012083,0.82638630012189,0.756769238958616,0.739284546020747
1561,0.777505945033214,4,0.720049636116753,0.775385184545277,0.964977236992809,0.847619553281749,0.739284546020747
1562,1.01486690040974,4,0.976072803978382,1.03433463049223,1.16238622848148,1.08761434246059,0.739284546020747
1563,0.877494593066855,4,0.944990692914717,0.909734670131612,0.986906157888635,0.90556815017749,0.739284546020747
1564,0.997596128993662,4,0.960421915320812,1.03169095151099,1.21537800057672,1.0386015946212,0.739284546020747
1565,1.05505907180088,4,1.02049938118747,1.10547003880747,1.15731815425314,0.92354215014552,0.739284546020747
1566,1.20940392915633,4,1.136534803929,1.22459556403996,1.33477426041373,1.25313344329611,0.739284546020747
1567,1.0775753755918,4,1.15020790316361,1.1313881121226,0.883090463072062,0.773244179598181,0.739284546020747
1568,1.19034233964386,4,1.21268982899485,1.23731267755905,1.00053064687042,1.05873983918253,0.739284546020747
1569,1.06443206693487,4,1.06527763083055,1.12940994866398,0.989823723824176,0.854417474074444,0.739284546020747
1570,1.13040264741672,4,1.00871093595392,1.07026306555018,1.16372016922499,1.0018983885844,0.739284546020747
1571,1.03493981836642,4,1.05443857222527,1.07335325917979,1.20347395990494,1.09696538315109,0.739284546020747
1572,1.0723696961848,4,1.03161113338673,1.0331374483846,1.09036210910297,1.0387201793567,0.739284546020747
1573,0.734645698875989,4,0.765975562288092,0.765673079706806,0.880242236305153,0.733605312436493,0.739284546020747
1574,0.932683160908593,4,1.00876794317902,0.913041404158509,1.03362500349455,1.03908720303753,0.739284546020747
1575,0.982372684355485,4,1.07607685872133,1.01763127067365,1.10743196992304,1.02422452633518,0.739284546020747
1576,1.03397272953568,4,1.1592495302353,1.08054090406383,1.3388946007245,1.21546426980301,0.739284546020747
1577,0.938023958346229,4,1.04694450164486,0.942116381224785,1.05687430649622,0.947290532496374,0.739284546020747
1578,0.898869185793083,4,1.07743825432413,0.939096158381039,1.12026743776175,1.03191903953928,0.739284546020747
1579,0.977197223085669,4,1.13245823543467,1.02592639922777,1.25462669264584,1.13558938088859,0.739284546020747
1580,0.692288494497274,4,0.912349924232826,0.771494880257685,0.868472493453757,0.762784582828073,0.739284546020747
1581,0.827178802746236,4,1.01445338793337,0.859077739553165,0.999068965015795,0.991547836784513,0.739284546020747
1582,0.600987320050618,4,0.687978625616038,0.515850557967196,0.898341441344717,0.804629417173465,0.739284546020747
1583,0.834719479910923,4,0.980376446341596,0.82711450059456,1.06006474588173,0.933238887905926,0.739284546020747
1584,0.665792462676268,4,0.811805373249076,0.677819965187237,0.924187376720666,0.778431132227156,0.739284546020747
1585,0.672569752409517,4,0.81188686129337,0.697633679031934,0.908039561646623,0.767675964356391,0.739284546020747
1586,0.925946750512235,4,1.13177724953534,0.957314332382584,1.25153738513131,1.12406272467309,0.739284546020747
1587,0.848826664936771,4,0.942338333944396,0.783267410937349,1.1802533055882,0.988943752627352,0.739284546020747
1588,0.796849068105788,4,0.933151281295253,0.845019298718829,0.937876740485522,0.796535604229081,0.739284546020747
1589,0.730361893654544,4,0.842644001881924,0.778505616203473,0.853130769112459,0.669617946517665,0.739284546020747
1590,0.82131598260022,4,0.926091112905749,0.863731124689231,1.01369931358676,0.877028770929477,0.739284546020747
1591,0.933581476077141,4,1.08102297196094,0.983302385767505,1.23867596822432,1.05310690126127,0.739284546020747
1592,0.887180738599134,4,0.989784907496071,0.939992634868447,1.08339156440131,0.976412904262118,0.739284546020747
1593,1.03767149180116,4,1.13174165077803,1.10468149941657,1.23480769396084,1.0784356986834,0.739284546020747
1594,0.969371636599318,4,1.07678011568049,1.07070613444419,0.817692026720468,0.694043086720836,0.739284546020747
1595,0.867055153404904,4,1.06555362418384,1.05512059029264,0.972786273716888,0.697037085774416,0.739284546020747
1596,1.18018818863203,4,1.25269387687221,1.23738106829994,1.17530892432443,1.14213112543048,0.739284546020747
1597,1.01410163936619,4,1.12363299953443,1.09871353934308,1.24148213988424,1.08076845172554,0.739284546020747
1598,1.18190757619777,4,1.24134670833208,1.22282613401138,1.32396802135982,1.08441831800832,0.739284546020747
1599,0.951578405644662,4,0.996108646626204,0.978734929020401,1.2015338465837,1.05055359250458,0.739284546020747
1600,1.11127047058997,5,1.34493175719211,1.17106506988605,1.24503889529887,1.08880942053962,0.706261023761894
1601,0.80312118152699,5,0.896792854655766,0.871176763082352,0.838627516960747,0.615104069199595,0.706261023761894
1602,0.568215712322557,5,0.636369952546619,0.61465820122971,0.650345303283302,0.401227749602135,0.706261023761894
1603,0.811378156909362,5,0.949539982418614,0.912772220467045,0.82070606063156,0.582634204392959,0.706261023761894
1604,0.774178099463122,5,0.954107544839004,0.900502916550008,0.721904531755222,0.567610633335338,0.706261023761894
1605,0.852962924274087,5,0.910766963620712,0.94728926800239,0.588430677669383,0.500623202461462,0.706261023761894
1606,0.696088584408104,5,0.800601107454391,0.772318618029091,0.530005244032972,0.391683652795463,0.706261023761894
1607,0.972078123969673,5,1.18412396641264,1.17708628670806,0.930036420820096,0.674888100545822,0.706261023761894
1608,0.941318252813594,5,1.07550586095014,1.05161597328815,0.871945850202379,0.674071041096178,0.706261023761894
1609,0.658685204832342,5,0.736649319839287,0.733906328540191,0.544966717872927,0.409447648559206,0.706261023761894
1610,0.845239245140102,5,1.00710588545911,0.936398448869115,0.817074877677752,0.683288157243575,0.706261023761894
1611,0.910525914572819,5,1.16962044501836,0.942712380837179,0.864382875752253,0.705414437425026,0.706261023761894
1612,0.958520567861237,5,1.08186715442919,1.07334278943845,0.791013834371298,0.596458197861164,0.706261023761894
1613,0.738294703091513,5,0.806400933742158,0.829823187523507,0.629559787019218,0.500098065994997,0.706261023761894
1614,1.05860816193686,5,1.32355371472241,1.28337729335431,0.926359657807143,0.794246600540386,0.706261023761894
1615,0.770033501489045,5,0.8197693604901,0.947316848115309,0.725238259190114,0.633583525830079,0.706261023761894
1616,0.997422368560003,5,1.23384462688795,1.22891392648279,0.991106410264811,0.858273856693759,0.706261023761894
1617,0.893814074177393,5,1.08851373331568,1.07595245571497,0.884801847775335,0.82661267918085,0.706261023761894
1618,0.62407236541527,5,0.718107352110579,0.709445335476148,0.615779104189169,0.368707327242285,0.706261023761894
1619,1.06113497460758,5,1.18674498779457,1.20800390785978,0.904386324185266,0.710961400489602,0.706261023761894
1620,0.917752376604352,5,1.06909489160678,1.07580490052679,0.996141775960958,0.713573145238017,0.706261023761894
1621,0.923627057166494,5,1.16191542754314,1.11591286882323,0.910101959761957,0.802151895481776,0.706261023761894
1622,0.998410011765272,5,1.13666823088769,1.12116756274363,0.861710227697772,0.694017023228011,0.706261023761894
1623,0.870163334950811,5,1.07176862641352,1.07152170609616,0.875339979038377,0.700386640187188,0.706261023761894
1624,0.770713036509927,5,0.944804758577764,0.901283233450957,0.710448361945412,0.539687064378162,0.706261023761894
1625,0.933248998175417,5,1.06810480222032,1.04610562586386,0.919368512416888,0.827289503322767,0.706261023761894
1626,0.60473664682809,5,0.67935136178382,0.701762977230728,0.720689237608363,0.57465908170114,0.706261023761894
1627,0.61091596634728,5,0.760005030752227,0.770082569132456,0.64188051533562,0.708640022891832,0.706261023761894
1628,0.740614425941284,5,0.864022791527939,0.864885670853244,0.773583477551697,0.766809285969485,0.706261023761894
1629,0.771584148261827,5,0.964243826966372,0.963500367575512,0.796252010916386,0.670596743490878,0.706261023761894
1630,0.765914626432886,5,0.860659929704599,0.881244963154807,0.687087014605399,0.546712433428793,0.706261023761894
1631,0.595893566395535,5,0.670703022830229,0.696087964388266,0.615916145123915,0.508677943985993,0.706261023761894
1632,0.803826816853743,5,0.872550647469727,0.92124347965819,0.792844105511904,0.846156343847934,0.706261023761894
1633,1.12557019265316,5,1.19013778334747,1.25860750419842,1.04295403887597,0.897291328152481,0.706261023761894
1634,1.26012105254413,5,1.30556722657384,1.4354135029261,1.2580627203592,1.26879636337439,0.706261023761894
1635,0.872254090522869,5,0.970863747125891,1.03196550965392,0.806598380761554,0.744725735058627,0.706261023761894
1636,1.22231209303208,5,1.28095368010782,1.39806485494092,1.12231872518668,1.06606498968673,0.706261023761894
1637,1.16000037606034,5,1.18706855781165,1.34188508337941,1.21350933567593,1.18131573877852,0.706261023761894
1638,1.03887544463422,5,1.09591187018599,1.21068426612083,1.0246304150555,0.94812758823359,0.706261023761894
1639,0.831127315089612,5,0.821955816095118,0.912637773494761,0.756774639534772,0.703806428656678,0.706261023761894
1640,1.40599361406692,5,1.48624984778958,1.62645477987004,1.52649374649763,1.37701925928669,0.706261023761894
1641,0.673447078925332,5,0.843255250280109,0.888509256382188,0.727479583484559,0.645159754082104,0.706261023761894
1642,0.786449122798701,5,0.893160339021454,0.938930681953548,0.87075621356245,0.749867095826301,0.706261023761894
1643,1.02456808531939,5,1.15565922115181,1.2063746385405,1.0258789276744,0.910363326021541,0.706261023761894
1644,0.90291817449533,5,1.01620312116273,1.03971639190103,0.973485213216025,0.803566026432994,0.706261023761894
1645,0.458068565283487,5,0.545625382539166,0.570563937969513,0.621576741339697,0.500471343674023,0.706261023761894
1646,0.735599479282534,5,0.856339308737237,0.849792867985382,0.831859852476161,0.571992335339093,0.706261023761894
1647,0.699282110785698,5,0.832666728938895,0.808466576841882,0.898918827357422,0.623716426293422,0.706261023761894
1648,0.876515153676536,5,1.13538428340885,1.13986587151647,1.13485875500313,0.774681018376631,0.706261023761894
1649,0.638412628600519,4,0.826016334271543,0.818454923450973,0.99098389236899,0.6733580433456,0.685625265322104
1650,0.825439867733779,4,1.05890244820713,1.07547611489803,1.12592954033927,0.938733357187643,0.685625265322104
1651,0.951829988820399,4,1.09826737170998,1.08899795333516,1.18328513872364,0.916579761313587,0.685625265322104
1652,0.812097886656579,4,0.960022706179527,0.882374113153116,1.09096458597915,0.839116262185191,0.685625265322104
1653,0.741726083864277,4,0.92834449887039,0.88266391164426,1.00547416250902,0.759430471846618,0.685625265322104
1654,0.751487910567297,4,0.958252698244412,0.990175662049574,0.899583890665124,0.689162777161924,0.685625265322104
1655,0.634685863756185,5,0.725584595017106,0.651053433492738,0.695637926643143,0.45148024838173,0.677471056560913
1656,0.673291046808165,5,0.719960971516155,0.798135908231526,0.786544644202233,0.549963342847811,0.677471056560913
1657,0.867729271119362,5,1.14003839879012,1.12306863440899,1.12115620929546,0.769573078294408,0.677471056560913
1658,0.842603540717687,5,0.996622415859735,1.03288257074765,1.00870859973408,0.787152413181978,0.677471056560913
1659,0.913551400426304,5,1.0711955184845,1.10200691720798,1.02885102668911,0.80263557488373,0.677471056560913
1660,0.984033588199577,5,1.1542159533938,1.16679654247519,1.14823630630749,0.790841421979856,0.677471056560913
1661,0.948352524682953,5,1.02133167495947,1.07284076892884,0.997109538851287,0.69796129261539,0.677471056560913
1662,1.03539006910902,5,1.15545237634591,1.24549592094665,1.13398911605839,0.949846365504638,0.677471056560913
1663,0.747166771256344,5,0.878250331895835,0.908605672637383,0.772911116568215,0.60112966756724,0.677471056560913
1664,0.97581118222995,5,1.14162166156461,1.1781542780849,1.05586035407016,0.860990197784805,0.677471056560913
1665,1.00527279809048,5,1.14639173354087,1.12131830476811,1.02862620717375,0.814488222934807,0.677471056560913
1666,0.824767482494829,5,0.955972438361605,0.988790467882637,0.842909968861957,0.62266469580385,0.677471056560913
1667,0.936737750757456,5,1.11897645430744,1.12548805705818,0.961495686339518,0.696479980199964,0.677471056560913
1668,0.782001958547482,5,0.937452811316309,0.932500227939657,0.912661735311697,0.683076037188667,0.677471056560913
1669,0.797226565372126,5,0.936231676397506,0.941213133028091,0.858878245612002,0.617384064600205,0.677471056560913
1670,0.675724266566719,5,0.787351540164965,0.789425815993191,0.674850610401588,0.519245402401934,0.677471056560913
1671,0.627580454024761,5,0.762140770477915,0.7495896826809,0.665507103857623,0.454461980425016,0.677471056560913
1672,0.804164127759576,5,0.956790178032235,0.955434387121812,0.875662733281532,0.661488117133336,0.677471056560913
1673,0.873630927162919,5,0.990847846568832,0.914356617601762,0.840983732947684,0.768397072558167,0.677471056560913
1674,0.922190334824491,5,1.18656941184221,1.16132715556229,1.02689717853101,0.819407079960574,0.677471056560913
1675,0.765464541715308,5,0.889430791037131,0.869544746153895,0.810734081822876,0.587296727330953,0.677471056560913
1676,0.842704423581664,5,1.03738208422758,1.01723819214095,0.745943930486278,0.593007355565077,0.677471056560913
1677,0.874486219401246,5,1.06555771357064,1.023093212552,0.874584187730178,0.672433375902665,0.677471056560913
1678,0.948724241042654,6,1.0833052447122,1.07003975577589,1.13026217576737,0.876154740852919,0.663551566403697
1679,0.912079588544729,6,1.01024312650151,1.01278563778937,1.13196690130168,0.883756031604132,0.663551566403697
1680,0.925136135766139,6,1.08627377316264,1.05050460503373,1.15560691066495,0.836982829955551,0.663551566403697
1681,0.422187403359334,6,0.511192074371066,0.480926351453349,0.577126809566426,0.435077227532446,0.663551566403697
1682,0.952023866093653,6,1.09493228559061,0.980599144456081,1.06332376024253,0.874309328011972,0.663551566403697
1683,0.959514568662798,6,1.08147946258183,1.06623768979596,1.06277074820938,0.877922967637694,0.663551566403697
1684,1.02283831102185,6,1.22052887773048,1.1945006949644,1.14713980400667,0.9784593861246,0.663551566403697
1685,0.886149517312944,6,1.04134758144659,0.987137249493398,1.06122682167751,0.780670835699952,0.663551566403697
1686,0.710753168508203,6,0.794833008564149,0.780640619592707,0.857466520363454,0.648329781112738,0.663551566403697
1687,0.791229427257483,6,0.918490830792669,0.894420971600782,1.00764945201601,0.795830098411334,0.663551566403697
1688,0.87925870332522,6,1.03507842232515,0.991570515858064,1.09317094082357,0.889219282271191,0.663551566403697
1689,1.21426671911495,6,1.49008620614248,1.35217854280383,1.29234303832882,1.11107128140175,0.663551566403697
1690,0.95698282745034,6,1.12838530331532,1.07692517599219,1.10037037947694,0.947009258971058,0.663551566403697
1691,0.774566161284534,6,0.932658737499577,0.893436378492269,0.863009966131864,0.740147453806962,0.663551566403697
1692,0.794068772928019,6,0.948252917150242,0.885356950472939,0.933534712765451,0.777950299795066,0.663551566403697
1693,0.882264905115407,6,1.09233552239541,0.99820460377074,1.02475230832351,0.792201990137077,0.663551566403697
1694,0.72886992731484,6,0.948643874565005,0.853322264704861,0.954031269354111,0.780592132248994,0.663551566403697
1695,0.722248546036733,6,0.893766478174608,0.764938394598121,0.836771156427487,0.632858425895079,0.663551566403697
1696,0.611776501119965,6,0.775234354199066,0.706439179362712,0.767345006576631,0.58283547041469,0.663551566403697
1697,0.838655355815094,6,1.08481768774195,0.929596474036527,0.978905882560706,0.805040772155584,0.663551566403697
1698,0.846270034392893,6,1.04390735680987,0.970423733470741,0.98682365247521,0.801114626971524,0.663551566403697
1699,0.714966257435308,6,0.88857143839174,0.778545103043562,0.956335001428737,0.717295393209014,0.663551566403697
1700,0.776131907258571,6,0.980108279676124,0.854497835595985,0.933167702174906,0.766820863694758,0.663551566403697
1701,0.778484459932322,6,0.974820272939099,0.84944047578115,0.871347329735993,0.719597095993915,0.663551566403697
1702,0.918189414495733,6,1.08083317156243,0.960567169448185,0.9495756988579,0.771762550179187,0.663551566403697
1703,0.75928418416663,6,1.0153030895149,0.837989941092906,0.958129081052954,0.863488141442048,0.663551566403697
1704,0.74142314575236,6,0.860163503528371,0.803171328772518,0.968578572733105,0.801063301259988,0.663551566403697
1705,0.783966645096742,6,0.910518525805323,0.81089048126742,0.926227278282682,0.814224388848953,0.663551566403697
1706,1.05299484702447,6,1.22978168100621,1.12185005462824,1.14992085632145,1.09490297489956,0.663551566403697
1707,0.615146510052125,6,0.742026368175827,0.661789702144598,0.810764980721419,0.682988011519374,0.663551566403697
1708,0.728641231648267,6,0.860918587910649,0.788917924514809,0.904920858184596,0.712033065566259,0.663551566403697
1709,0.896486224463358,6,1.07327113669434,0.984576777588274,1.06766058172704,0.87330792382754,0.663551566403697
1710,0.80788157920801,6,0.902980676939863,0.833708928857304,1.02448013410932,0.785923440669999,0.663551566403697
1711,1.11093952694666,6,1.16407848335533,1.11159673209509,1.23028928134124,1.05889188625341,0.663551566403697
1712,0.937705135617111,6,1.02820207089544,1.04559404963594,1.17276547659014,0.925456407502626,0.663551566403697
1713,0.804392932080441,6,0.853180671884443,0.820974496695715,0.946612847173207,0.731794719796998,0.663551566403697
1714,0.930507196035927,6,0.971864530081986,0.996020196713372,1.0407809949053,0.851769445850014,0.663551566403697
1715,0.858654642991434,6,0.964951136754222,0.95753172436963,1.01270302044256,0.896927460531803,0.663551566403697
1716,0.834138142837848,6,0.871406609305357,0.897091728529751,0.927211107826185,0.779071827939584,0.663551566403697
1717,1.02108370657494,6,1.0943948156348,1.10877658394226,1.21103469124872,1.05475405959376,0.663551566403697
1718,1.16081493968103,6,1.1577089250876,1.19394762085975,1.29585368910078,1.18901395792629,0.663551566403697
1719,0.997133194562618,6,0.992504247457281,0.980248204862401,1.14840561612156,1.01232749749314,0.663551566403697
1720,1.03892461625709,6,1.10067185452619,1.02769444089917,1.26073150151205,1.02928072331131,0.663551566403697
1721,1.0542786197383,6,1.04924359068388,1.13931710524601,1.26426005713703,1.03501574808161,0.663551566403697
1722,0.955301863870224,6,1.02060194597756,1.06177995851548,1.08831096113956,0.897540914970931,0.663551566403697
1723,0.723813820927866,6,0.73007106139783,0.745012173716672,0.956196262098782,0.785825049363136,0.663551566403697
1724,1.24036814807708,6,1.34420621505978,1.40977459954154,1.40333546332129,1.13585272037903,0.663551566403697
1725,0.99106133765258,6,1.05992777977293,1.07379581263383,1.11663176937887,0.912032814557194,0.663551566403697
1726,0.803498144071176,6,0.8446466149943,0.855424106757688,0.946113182450123,0.731995472807648,0.663551566403697
1727,0.927464043843778,6,1.06775725916603,1.03441392419778,1.21283069223651,1.07428267702581,0.663551566403697
1728,1.1267447910633,6,1.24860999345885,1.19087121843539,1.30691738255208,1.17103577199305,0.663551566403697
1729,0.975894017475041,6,1.13845554218257,1.0948995072418,1.18118143638465,1.04742281537163,0.663551566403697
1730,0.668794591152513,6,0.815335377706898,0.740083503688026,0.864662366396338,0.681479138072151,0.663551566403697
1731,0.575719799647193,6,0.634284539446347,0.583290308988954,0.651086645845843,0.501833219135497,0.663551566403697
1732,0.898201748371909,6,1.05271775228232,0.956709690214267,1.04790385107244,0.825625178448162,0.663551566403697
1733,0.60287519951873,6,0.721872072775614,0.615221724286902,0.773248526266006,0.584815614777822,0.663551566403697
1734,0.886171589227134,6,1.07908815101697,0.977821179351007,1.07892417986362,0.871161610968586,0.663551566403697
1735,0.571112752779418,6,0.723011295361687,0.645435679583311,0.660282750241818,0.484849779776652,0.663551566403697
1736,0.746462810467526,6,0.907645531065467,0.842626278469753,0.92703060349785,0.743492992957572,0.663551566403697
1737,0.814099056866915,6,1.12177946353645,0.987530679606446,1.09706741997935,1.0046423936535,0.663551566403697
1738,0.894165909682791,6,1.15274203932747,0.989293724073413,1.15278570934992,0.995541819310337,0.663551566403697
1739,0.880943042722648,6,1.1973423482079,1.01922292646404,1.16315477524389,1.00714735588824,0.663551566403697
1740,0.868619336506672,6,1.07697220952085,1.04044889432324,1.00050493777428,0.828226704127963,0.663551566403697
1741,1.03831495893058,6,1.36847596832364,1.11642443165751,1.28663387059494,1.11794498954963,0.663551566403697
1742,0.782254584402567,6,0.988704259925739,0.863257544374597,0.961570774958375,0.863255247162076,0.663551566403697
1743,0.911618301416143,6,1.05882462372214,0.896855404480169,1.03582443511452,0.865445530344628,0.663551566403697
1744,0.72386247209918,6,0.829276067380157,0.727542666596905,0.766797607290557,0.649547891827461,0.663551566403697
1745,0.733467312407881,6,0.801108382888701,0.762407263459392,0.887224735317563,0.794890469892515,0.663551566403697
1746,0.633252577466442,6,0.79739538617609,0.656404420234189,0.818319260217382,0.646904399192599,0.663551566403697
1747,0.770408444005704,6,0.916817928724357,0.788238553350149,0.958913170973189,0.737808714338152,0.663551566403697
1748,0.886365916956202,6,1.17223287419799,0.95674046083387,1.00423462102254,0.812813450149541,0.663551566403697
1749,0.725261203622992,6,0.893892954067585,0.81549062535853,1.00080498204015,0.766726182612315,0.663551566403697
1750,0.880733346121096,6,1.01953999452733,0.90300842555815,1.03684463559933,0.83288773174474,0.663551566403697
1751,0.944325564677484,6,1.2222107897697,1.10490903204685,1.16193911715489,1.03048987060484,0.663551566403697
1752,0.808678632404015,6,1.0002649018307,0.951997946534139,1.07899679989099,0.887291572882675,0.663551566403697
1753,0.682731097242132,6,0.905690996901613,0.757138789602089,1.12297111880565,0.950697606274648,0.663551566403697
1754,0.822283226409016,6,1.01012607199087,0.92181073940619,1.06067356417718,0.837777195191943,0.663551566403697
1755,0.589778887854968,6,0.692783584103068,0.613750732481574,0.819865606119403,0.676008803482872,0.663551566403697
1756,0.858236667718378,6,1.04121541389982,0.979458967547489,1.05859965165033,0.976111175851681,0.663551566403697
1757,0.732445752137052,6,0.96239243076689,0.888785403754528,0.906434367274455,0.788263388381858,0.663551566403697
1758,0.84197329483087,6,1.00259615869083,0.919456788950637,0.999054264693568,0.901310596930208,0.663551566403697
1759,1.0225787567457,6,1.11890936538714,1.08292711791258,1.20835116326487,1.08604691363501,0.663551566403697
1760,0.933248814095146,6,1.08613449166306,1.14254082781531,1.25677831731052,1.18691238127055,0.663551566403697
1761,0.907221401674255,6,1.07708695808521,0.99339857136995,1.31906966892092,1.21105579801346,0.663551566403697
1762,0.77387227764008,6,0.972951282955173,0.906216765374047,0.899318288213996,0.989433133980331,0.663551566403697
1763,0.682766905339124,6,0.873430617909888,0.785462535325641,0.774991942787188,0.664866341780757,0.663551566403697
1764,0.666630122626863,6,0.854327531930265,0.765579175446263,0.798983230838864,0.746883036983918,0.663551566403697
1765,0.764554162661302,6,1.02417175667853,0.873194633003725,0.926872812505478,0.829193376171702,0.663551566403697
1766,0.733080137647237,6,0.956055673749364,0.835219493526994,0.883026850339868,0.866081568318835,0.663551566403697
1767,0.754602649517171,6,1.01365909297192,0.874034622990936,0.915640454701982,0.873065700079878,0.663551566403697
1768,0.732684799002196,6,0.993215039628628,0.832719506076936,0.853446793247665,0.891894976179248,0.663551566403697
1769,0.74061772289538,6,1.02361226861695,0.867976261315316,0.840229834743162,0.926539045799769,0.663551566403697
1770,0.712874430183172,6,1.03097036160663,0.878510743416994,0.929490777557981,0.917640564905311,0.663551566403697
1771,0.710685421197974,6,0.962597095417017,0.819415283784733,0.876594304343688,0.953871326303978,0.663551566403697
1772,0.59358416673799,6,0.767072588759411,0.735754058292381,0.857767357017413,0.860659873527261,0.663551566403697
1773,0.760339592968633,6,0.948107996134637,0.859309738704741,1.1108616579953,1.06095705310188,0.663551566403697
1774,0.947312119534301,6,1.24852135060931,1.07514260358974,1.11450991222411,1.1940450674995,0.663551566403697
1775,0.964685289448676,6,1.1390589304071,1.13736475098034,1.19878077502652,1.12344695061628,0.663551566403697
1776,0.720206097392007,6,0.868986173214566,0.808880352320236,1.10418211983814,1.00085113640001,0.663551566403697
1777,0.739530811943859,6,0.841410250478624,0.875952200137989,1.09603292755365,0.85644666614878,0.663551566403697
1778,1.00810438533352,6,1.19990854056025,1.20589033971005,1.10253963576635,1.23320953428674,0.663551566403697
1779,0.863703558270118,6,1.00367389057257,0.978407507981559,0.920775790368529,1.0184471129205,0.663551566403697
1780,0.829666378455711,6,0.900841174929696,0.986943521177406,1.06886731033149,0.917089807261773,0.663551566403697
1781,1.02103418211057,6,1.02390951587564,1.09097784639926,1.20980097499219,1.0335557493368,0.663551566403697
1782,0.82202521901623,6,0.989361043965998,1.01827927257454,1.15140202807514,0.970419766036561,0.663551566403697
1783,0.920761952488285,6,0.922426530672021,0.974149559482125,1.08381736506799,0.886122982979488,0.663551566403697
1784,0.969385595896568,6,1.02282922185169,1.02111266691424,1.06242473794686,0.73795595538762,0.663551566403697
1785,0.948252451922144,6,0.958792005435856,1.00344865208952,1.16856819568059,0.930275387672266,0.663551566403697
1786,1.05172368223986,6,1.12350211864388,1.19818049171514,1.22034317192916,0.982029040978577,0.663551566403697
1787,0.798164112034283,6,0.878130633680717,0.914987800341574,0.988635972275615,0.74701424637425,0.663551566403697
1788,0.8205076006023,6,0.932012050874385,0.980871491677866,1.02113648719388,0.747763199118367,0.663551566403697
1789,0.95150483499996,6,1.02659846026805,1.10512316570807,1.16708028854861,0.873166401478021,0.663551566403697
1790,0.992823891793852,6,1.01767927898803,1.0585116689912,1.0663553867223,0.855130651460096,0.663551566403697
1791,0.886404259001108,6,1.00568969622087,0.985864702171001,0.978147698348115,0.768842523053557,0.663551566403697
1792,0.963730082347611,6,1.10427025462329,1.0309093726865,1.00569269915078,0.712781313744278,0.663551566403697
1793,0.756961754918867,6,0.835142237870881,0.866682438212508,0.832046062903149,0.64895160050933,0.663551566403697
1794,1.11839612199773,6,1.21706099760373,1.28532681029289,1.13179733897327,0.874803063994559,0.663551566403697
1795,0.72264594226367,6,0.749687561112592,0.803657783315129,0.812731493932976,0.60041335153708,0.663551566403697
1796,0.916684272492577,6,1.00120742512317,0.989266506503222,0.972463821678705,0.837850641590668,0.663551566403697
1797,0.80820533825479,6,0.911378279773373,0.938430244286439,1.05724751028624,0.885744671720611,0.663551566403697
1798,0.968506806689943,6,1.10356930301995,1.06995012337812,1.12482577491537,1.01583651234533,0.663551566403697
1799,0.915816964447108,6,1.07277422675375,1.05058834712716,1.02293396783791,0.923231851279186,0.663551566403697
1800,0.908433775144132,6,0.999427321635683,1.00450440299938,0.944351346849379,0.701486335022738,0.663551566403697
1801,1.02367085246438,6,1.19713391230561,1.18794632213098,1.21316391067696,1.02086992213731,0.663551566403697
1802,0.907653133464437,6,1.04929183453973,1.00117854448401,1.05707080199318,0.779091009910148,0.663551566403697
1803,0.775891997451182,6,0.883030355326775,0.852615068735885,0.972614794627947,0.746296528696938,0.663551566403697
1804,0.963780466676371,6,1.09450726934394,1.05768937415246,1.01954063312479,0.837754093774098,0.663551566403697
1805,1.06354965707588,6,1.26135250258504,1.17738063971537,1.12085282541244,0.969405432781266,0.663551566403697
1806,0.895966149213033,6,1.09296587454267,1.00174043402127,1.09316080267866,0.860464299247329,0.663551566403697
1807,0.868554103790075,6,1.04160352968586,1.0010351804308,1.1143629121952,0.852074067114878,0.663551566403697
1808,1.02460273304815,6,1.15985742892208,1.07245073879972,1.16544092140885,0.97083171406536,0.663551566403697
1809,0.929346989366351,6,1.05514953327373,0.957828006919378,1.12393051054424,0.892106800761029,0.663551566403697
1810,0.580093920130945,6,0.724575315885875,0.656973286593234,0.903180866519402,0.66989367859813,0.663551566403697
1811,0.750078371846543,6,0.922446100877003,0.869278800506206,0.968667530595707,0.806731375345143,0.663551566403697
1812,0.506511843355787,6,0.631275780312233,0.559202782393294,0.797966343568659,0.546506201726134,0.663551566403697
1813,0.586668620605198,6,0.744011446892021,0.675023288936977,0.925337761210439,0.624824652451149,0.663551566403697
1814,0.697831459614851,6,0.901159417901239,0.776056354878549,0.90454299935249,0.961066061580977,0.663551566403697
1815,0.803527579214394,6,1.02928385473586,0.913518525921245,1.04947955456647,0.846055296872916,0.663551566403697
1816,0.691739457974649,6,0.904674456045184,0.753426588206223,0.94012667580215,0.680318415509772,0.663551566403697
1817,0.930143361892055,6,1.22341262389243,1.10692249601078,1.10415756877474,0.915886828072442,0.663551566403697
1818,0.807109813680685,6,1.05725437677514,0.910713723389011,1.05089933377115,1.28765498975529,0.663551566403697
1819,0.73351338403399,6,0.95982849984741,0.813888416581957,0.892494818797139,0.69194645138168,0.663551566403697
1820,0.68056743781813,6,0.966951612557924,0.727977251702403,0.841615426251144,0.647968081254504,0.663551566403697
1821,0.692468397334642,6,0.89095018544876,0.776928584221641,0.88002339378134,0.665155892658951,0.663551566403697
1822,0.811286630558562,6,1.0146075638594,0.936425276136007,0.962867058649694,0.758794745524802,0.663551566403697
1823,0.811728607919958,6,1.03176503631948,0.909196418607869,1.01932353724917,0.854087051861383,0.663551566403697
1824,0.781357283434582,6,1.00152915138633,0.872253427358884,0.985112137105111,0.775833753945564,0.663551566403697
1825,0.76396793343938,6,0.921042190882493,0.839503712214161,0.952911133182938,0.750284368542529,0.663551566403697
1826,0.948217592080751,6,1.09549870124019,1.04005033253548,1.06474212024187,0.856139372168336,0.663551566403697
1827,0.948347228917502,6,1.10394913657588,1.04868990255987,1.21426051798737,1.03649605620459,0.663551566403697
1828,0.773090053756518,6,0.973910112889804,0.912150891613694,1.10518627462343,0.896911962220685,0.663551566403697
1829,0.784322997983233,6,0.838217338478931,0.912242168232048,0.985667458071712,0.82076372276384,0.663551566403697
1830,1.07854164521738,6,1.11956668527216,1.17356049537769,1.19942801195662,0.9766001191357,0.663551566403697
1831,0.807319868862858,6,0.933000175242961,0.903526979249612,1.09240384338726,0.88752800193941,0.663551566403697
1832,0.79084099931048,6,0.834425498685792,0.855732236397778,1.02568173877428,0.750515003734537,0.663551566403697
1833,1.01184207721601,6,1.0775520666792,1.09512846476999,1.20577375954834,0.967517071780767,0.663551566403697
1834,0.996853032301289,6,1.07794450177062,1.02051606389092,1.12770756870143,0.947682589582807,0.663551566403697
1835,0.968561572069121,6,1.01865790229485,1.05017595110449,1.18863561953003,0.999162534971569,0.663551566403697
1836,1.06259643847341,6,1.03867004796026,1.16407939849974,1.23334772384992,1.10071169044757,0.663551566403697
1837,1.07062095134356,6,1.05335487621034,1.15166154990934,1.22215921758937,1.07169836609465,0.663551566403697
1838,0.831062156476349,6,0.848438925584697,0.911907340897144,1.0859918714866,0.773381080286158,0.663551566403697
1839,1.05241101212187,6,1.05416431204959,1.09492771718809,1.1945630155074,0.879849033654151,0.663551566403697
1840,0.965680548116895,6,0.955060296092058,1.03389036974253,1.07507352050073,0.82147427390294,0.663551566403697
1841,1.08533574084885,6,1.06913289411967,1.22480691839391,1.21470510706629,0.868804681994077,0.663551566403697
1842,0.905713857185705,6,0.992113955762846,1.0327430229857,1.11095015954252,0.806012455573958,0.663551566403697
1843,1.08906744414784,6,1.116249158935,1.22759473430751,1.16722627584566,0.922863613025191,0.663551566403697
1844,0.827465265147195,6,0.873365554079012,0.975809357401064,1.01614461710087,0.712292991158358,0.663551566403697
1845,1.21111088587793,6,1.22270531752085,1.32545245326409,1.25104331681887,1.07101300279847,0.663551566403697
1846,1.08362535070091,6,1.17866632136362,1.2539749873488,1.14787756241993,0.848094631898829,0.663551566403697
1847,0.889837220939341,6,0.936537195632534,0.931595976313056,1.03272602873973,0.716845862413821,0.663551566403697
1848,1.02719988655284,6,1.12186578929828,1.18116000321078,1.1037890353036,0.810756349634906,0.663551566403697
1849,0.890226818468511,7,0.980547513649765,0.979660655912312,1.12062438118882,0.831424492251887,0.684252160622807
1850,0.725568935800762,7,0.807828557871527,0.684927274215158,1.05181963032949,0.754720959602238,0.684252160622807
1851,0.82402501156439,7,0.877548458339528,0.841390372697858,0.965494110689169,0.732799947738161,0.684252160622807
1852,0.910576126240517,7,1.01705412491471,0.984479762578766,1.20160574018395,0.907633577337121,0.684252160622807
1853,1.02353124696579,7,1.15111462723033,1.11644432577953,1.04412424768589,1.06501377227717,0.684252160622807
1854,1.06079944116808,7,1.21314897211489,1.1563055125116,1.19908212928311,1.18269671005233,0.684252160622807
1855,0.843586976708708,7,0.942634643494715,0.919902616136742,1.02586410783157,0.636458402735638,0.684252160622807
1856,0.822596216759593,7,0.990210988493157,0.965703790198679,0.980585015650821,0.695560229028766,0.684252160622807
1857,0.548959428963469,7,0.609053950237299,0.603742636834875,0.689892691085574,0.400419608362537,0.684252160622807
1858,0.938291416921399,7,1.08030043440576,1.04659528330873,1.11162702660237,0.95194616388788,0.684252160622807
1859,0.923977425621602,7,1.01346995027446,1.00588616876205,1.0273013192489,0.799807178639461,0.684252160622807
1860,0.991383022468333,7,1.05739824388934,1.05016545086787,1.04671595176697,0.843345170733301,0.684252160622807
1861,0.707430760945161,7,0.739218376337872,0.765922839914957,1.07108519576903,0.599542938122253,0.684252160622807
1862,0.87151524706887,7,0.9353259645644,0.931672304013912,1.01961753345912,0.929643782227057,0.684252160622807
1863,0.884945257056569,7,0.81747849218488,0.940125946923762,1.05979138383697,0.88329425454262,0.684252160622807
1864,1.02057773345157,8,1.04353082961809,1.19853914298771,1.63467234967469,1.44857373624267,0.726384472195802
1865,0.911685005898478,8,0.942193049829772,0.942899985572618,1.4557324063676,1.22037270251832,0.726384472195802
1866,0.861255391843391,8,0.917350422943318,0.995394935040888,1.1658945848361,1.07939185633531,0.726384472195802
1867,0.829748726831238,8,0.787569593958127,0.883157765990571,1.00860756786304,0.871647385125271,0.726384472195802
1868,1.00148565622903,8,0.975709486969977,1.13678947789194,1.68841104327885,1.4228894491333,0.726384472195802
1869,1.27450429509598,8,1.17323404180982,1.35338771334951,1.84398601195078,1.69127290075337,0.726384472195802
1870,1.39340011737209,8,1.27565219184104,1.49913862339796,1.97583811503753,1.68056255094792,0.726384472195802
1871,1.13001051765162,8,1.04545454711998,1.23170558135617,1.68482786610848,1.31496350773403,0.726384472195802
1872,1.29847124492997,8,1.16332937985138,1.39641435549538,1.83115067790755,1.54298464396468,0.726384472195802
1873,1.2360059802873,8,1.10575625529118,1.33049585242545,1.88107305379627,1.67898460539639,0.726384472195802
1874,1.07532893023478,8,0.95662907062034,1.14562085001502,1.57382840332495,1.39822937237514,0.726384472195802
1875,1.02712701033928,8,0.923462743253792,1.06458917611175,1.62419320746981,1.41299045633016,0.726384472195802
1876,1.22775172418824,8,1.09119866321412,1.31259348434524,1.7587788167061,1.53276453348303,0.726384472195802
1877,1.05271123784836,8,0.946479353318011,1.05255811799814,1.62731156741061,1.44695605734469,0.726384472195802
1878,1.10391078931805,8,1.01731709913249,1.1827508567087,1.61307088079188,1.38729681238218,0.726384472195802
1879,1.10888399482361,8,1.06521464489637,1.17948440261293,1.66968805055019,1.51391636394659,0.726384472195802
1880,1.0165572296944,8,0.925346955050717,1.00677491823464,1.56602287967002,1.23196197719992,0.726384472195802
1881,0.931078770895984,8,0.872011528910645,0.958509198455689,1.64839316998145,1.38577687011255,0.726384472195802
1882,1.12043541635241,8,1.05494674687516,1.12061586380372,1.75601658570492,1.50280605298181,0.726384472195802
1883,1.04971461417436,8,0.977193710755343,1.082223309184,1.52727004573664,1.35045529695025,0.726384472195802
1884,1.08971512152415,8,1.00345183487585,1.11644217084665,1.5090527914354,1.35783289426695,0.726384472195802
1885,0.735831940102492,8,0.719009976556755,0.819998100094796,1.08594833365855,0.944905304643014,0.726384472195802
1886,1.21918537574257,8,1.16326462158563,1.3383202282514,1.82595753947471,1.73122556519416,0.726384472195802
1887,1.02770905439713,8,0.933072169951332,1.08564083833748,1.45406442756508,1.09133782904216,0.726384472195802
1888,1.01088524547515,8,0.965136285680064,1.09487167905921,1.53606492671973,1.4642965182939,0.726384472195802
1889,1.06795448218218,8,0.997182154588036,1.02361368919609,1.4676248789479,1.44317592314192,0.726384472195802
1890,0.971938627635746,8,0.873890362888983,1.04989926469528,1.44499977248394,1.28993011107329,0.726384472195802
1891,1.14708233417422,8,1.06526230938454,1.17969977641795,1.68614588937825,1.59305543014961,0.726384472195802
1892,1.17638517087962,8,1.0816964802736,1.17465916494834,1.644292892007,1.60879413677835,0.726384472195802
1893,0.972155185976338,8,0.943310386881518,1.00569382129888,1.53863622704017,1.38268072024163,0.726384472195802
1894,1.01531691553247,8,0.922689425399313,1.03044925838622,1.65422038458607,1.45442149747672,0.726384472195802
1895,1.12954962853446,8,1.00377778876812,1.14189513678844,1.6244576943777,1.47094134101796,0.726384472195802
1896,1.10867908681525,8,0.99068365578604,1.09513736069572,1.63201144618435,1.48226597996475,0.726384472195802
1897,1.23044689832034,8,1.08428975468892,1.30403080805338,1.6343695267326,1.5658517988931,0.726384472195802
1898,1.22887269761669,8,1.07824757067703,1.29080848255045,1.60837877118317,1.58358150787129,0.726384472195802
1899,0.894348346310098,8,0.820503744288028,0.996643230777851,1.387066981525,1.22218966698727,0.726384472195802
1900,1.25071493965141,8,1.1230674025377,1.3254077097447,1.69721744706676,1.69586361217133,0.726384472195802
1901,1.28154674136235,8,1.1275871709487,1.34715014740285,1.70381296428365,1.58579091970309,0.726384472195802
1902,1.15885828859103,8,1.03060172955493,1.17319141829588,1.532741088772,1.42797847578252,0.726384472195802
1903,1.10320717875371,8,0.987607174721295,1.02139980064161,1.50580803028636,1.44255464150417,0.726384472195802
1904,1.13340168154671,8,0.997781095485161,1.22697115090711,1.43721276572436,1.36185088510167,0.726384472195802
1905,0.895655024591594,8,0.878914357222245,0.855295615493049,1.43970529635606,1.32571631707727,0.726384472195802
1906,1.03955286277104,8,0.940838412957296,1.15259817705708,1.31895461954206,1.15389474974009,0.726384472195802
1907,1.04297023033958,8,0.960689580993009,1.07173387046876,1.44409738319522,1.27059673434501,0.726384472195802
1908,1.24675590067318,8,1.21724882100401,1.28826902155249,1.68451754903956,1.63959843460281,0.726384472195802
1909,1.02676284904169,8,0.948196471418882,1.04084396822187,1.37631043523416,1.28291455966324,0.726384472195802
1910,0.971291243597227,8,0.900986988434182,1.08058538456628,1.30236347672162,1.06248601916238,0.726384472195802
1911,1.17780088054338,8,1.00670432148638,1.29096129044387,1.47256111441164,1.36880520688189,0.726384472195802
1912,1.07321556412274,8,1.07799015280229,1.05457999838198,1.32527638229272,1.15579953249505,0.726384472195802
1913,0.819602836080866,8,0.862555191985207,0.84035260702588,1.28600213092758,1.18861984096854,0.726384472195802
1914,0.941198783033065,8,0.959697918789991,0.991430920326988,1.29814055357683,1.19517654819673,0.726384472195802
1915,1.07488806657728,8,0.998450582059927,1.19211255446255,1.35622915123696,1.2638977660392,0.726384472195802
1916,0.911635876957753,8,0.842673210422822,0.994060977629212,1.26876026444278,1.06304268170536,0.726384472195802
1917,0.970841244828913,8,1.00954161760707,1.03636294084501,1.4665978047782,1.31840548300517,0.726384472195802
1918,1.01477554318418,8,1.0189214541046,1.13791537256807,1.4340283111137,1.22857640027089,0.726384472195802
1919,1.25414179852671,8,1.1806722396434,1.38073165354648,1.55112485269747,1.48311078561152,0.726384472195802
1920,1.13278109187305,8,1.08732499792585,1.13937996609131,1.46434261904618,1.35231446892842,0.726384472195802
1921,0.994108605461375,8,0.968653551237784,1.03666892792049,1.42535692773802,1.24206978764968,0.726384472195802
1922,1.07378521923215,8,1.04579834222495,1.12373140915361,1.48837496020762,1.22527023672718,0.726384472195802
1923,0.894028247371794,8,0.913126119520841,0.984872686405341,1.30104229489801,1.20857717595617,0.726384472195802
1924,0.938211323018718,8,0.93344563561715,0.966898533683573,1.15785330812735,1.12767593298064,0.726384472195802
1925,1.13330076314524,8,1.10708096188153,1.15823453129219,1.4066775354239,1.24264904253358,0.726384472195802
1926,1.07583418467306,8,1.124077622376,1.14037529691696,1.52598115294188,1.53078650875456,0.726384472195802
1927,1.10348156761542,8,1.12837834545838,1.15539098340878,1.4507583915413,1.32822256095229,0.726384472195802
1928,1.1444794161431,8,1.11879357557061,1.20290576730792,1.47610458190611,1.47759351829995,0.726384472195802
1929,0.864932145481534,8,0.908605807129824,0.947232579685301,1.19664425465223,1.0350841428342,0.726384472195802
1930,0.792904173869283,8,0.833924762959915,0.892278221030685,1.06762470282853,0.822746670458803,0.726384472195802
1931,1.02368711020002,8,1.15808990951985,1.17081769307864,1.49878673065241,1.40640111229156,0.726384472195802
1932,0.837104453623188,8,0.945979238864204,0.888501463871037,1.48426591914816,1.20735493511347,0.726384472195802
1933,0.711678506607614,8,0.76903272556527,0.834975867480215,1.06313240426504,0.955247758635608,0.726384472195802
1934,0.869311110570951,8,0.918800625605409,0.913587650159836,1.29801347957195,1.11142636854791,0.726384472195802
1935,0.791294207818123,8,0.886015435451363,0.831886101668751,1.2651521185215,1.04734195649996,0.726384472195802
1936,0.741416171553783,8,0.741611686537233,0.817123945910205,1.06973678648992,0.874578597561129,0.726384472195802
1937,0.988974304411383,8,1.05376607009268,0.903431433888746,1.42835455473684,1.35891292748448,0.726384472195802
1938,0.931949256575995,8,0.985292002651918,1.05475248135139,1.25238192245044,1.13770113079064,0.726384472195802
1939,1.01694348376261,8,1.16203124265439,1.03676878876111,1.47166111083129,1.39177170604836,0.726384472195802
1940,0.875275214962821,8,0.969071077390865,0.913472212728676,1.24715766935313,1.01549227989251,0.726384472195802
1941,0.683462752662013,8,0.76348805075958,0.726522534998894,1.08669443384396,0.854162068592959,0.726384472195802
1942,1.06933559055376,8,1.09473477478154,1.06858961880122,1.38635109583648,1.19986024758161,0.726384472195802
1943,1.09538139487537,8,1.23440703859419,1.15912383973678,1.51126653646633,1.49380533302407,0.726384472195802
1944,0.842537330040857,8,0.916218631019061,0.892245395986978,1.28567408838767,1.11326083676251,0.726384472195802
1945,1.17030166861399,8,1.1644618850225,1.17383867073882,1.50447432008122,1.44746540216099,0.726384472195802
1946,1.01006350096898,8,1.11037735893637,1.08559301385714,1.48424121403871,1.29762641183658,0.726384472195802
1947,0.994720111305309,8,1.06311182121889,1.03742876847417,1.33942424197316,1.13878708377153,0.726384472195802
1948,1.01712486225089,8,1.06186656070007,1.01948496685969,1.30795883932324,0.991109891568857,0.726384472195802
1949,0.828159214049412,8,0.86723410137956,0.960014294796824,1.18175817589343,0.964381007215541,0.726384472195802
1950,0.981371730357107,8,1.02706851042171,1.03579461499612,1.38467210965613,1.26215969546185,0.726384472195802
1951,1.07893689847274,8,1.03220653641255,1.13799764290032,1.29174773529716,1.08797675689305,0.726384472195802
1952,0.884540097899782,8,0.893959174645901,0.987206697653621,1.22705648892983,1.05713592602223,0.726384472195802
1953,0.865020016893358,8,0.826817503470527,0.959725044671805,1.16720575070707,1.02355688973522,0.726384472195802
1954,0.938190708358,8,0.897843301173866,1.01405614571569,1.28925025838938,1.1394916093609,0.726384472195802
1955,1.28594353333513,8,1.17629762199221,1.40948337360403,1.53450163827031,1.46938415038024,0.726384472195802
1956,0.961873804014114,8,0.881865919492726,1.03346873787096,1.25146298901073,1.12686884860699,0.726384472195802
1957,1.18142928545086,8,1.06972505439052,1.21620844718317,1.49125065137385,1.2687011314869,0.726384472195802
1958,1.15648326861793,8,1.00539145341048,1.24092761306415,1.46062702798644,1.37403967393565,0.726384472195802
1959,1.28024402921913,8,1.09470674663265,1.39582026781426,1.44523776083796,1.3405853590604,0.726384472195802
1960,0.989768983804665,8,0.850730228978907,1.11206564816859,1.14945003146129,1.05124071885311,0.726384472195802
1961,1.21471636198138,8,1.00338256434332,1.30144221496551,1.35045883514699,1.2534266971105,0.726384472195802
1962,1.16557736660685,8,0.994967472902495,1.17713753561467,1.35041168765283,1.32826262655705,0.726384472195802
1963,1.36957317486411,8,1.0990340767976,1.53822167488764,1.53424473332409,1.25258278810971,0.726384472195802
1964,1.19034195832768,8,0.96131557950365,1.33532417879087,1.38364240948502,1.2463161812518,0.726384472195802
1965,1.34848076339052,8,1.07020512284489,1.46679932068711,1.48988981722209,1.31337159839732,0.726384472195802
1966,1.13898869908049,8,0.88705038641313,1.23939094713417,1.33359670523838,1.33576965295272,0.726384472195802
1967,1.40654698421543,8,1.00968029943204,1.57616452003409,1.50464207858881,1.50141244170237,0.726384472195802
1968,1.3642824370598,8,0.998635428195303,1.53039464432958,1.33912576092932,1.3346090686755,0.726384472195802
1969,1.51996868908262,8,1.12073310633122,1.63930398046374,1.52473696925596,1.51836871287045,0.726384472195802
1970,1.40336099659192,8,1.03134194808777,1.50373307079325,1.40662761175994,1.37003019311394,0.726384472195802
1971,1.3216890712563,8,0.968380119599104,1.29195287042736,1.4193708065797,1.2684618531277,0.726384472195802
1972,0.9979710843835,8,0.788027978273216,1.03213045851007,1.25645860612118,1.16510745786258,0.726384472195802
1973,1.54472360974616,8,1.12840302615151,1.71679043843619,1.60591067612235,1.65127063771901,0.726384472195802
1974,1.53270971975063,8,1.13961820884363,1.70535901138106,1.63993936047011,1.60774851674242,0.726384472195802
1975,1.45198196216647,8,1.03993280195864,1.60838056196522,1.46271623868985,1.41977926607152,0.726384472195802
1976,1.26719590404931,8,0.947243208034889,1.27640345763668,1.40501105598646,1.37751446458571,0.726384472195802
1977,1.57544135961588,8,1.16413637222168,1.75212844480582,1.48926972049387,1.45766173077342,0.726384472195802
1978,1.16997766017012,8,0.894246619926595,1.3399750010956,1.12823216669354,1.04262701205,0.726384472195802
1979,1.37342577516034,8,1.01495663617516,1.3941478232592,1.39705388876536,1.39670255196118,0.726384472195802
1980,1.2295470747355,8,0.965674897781005,1.2669027873241,1.33001261522244,1.09361613696639,0.726384472195802
1981,1.12507032010529,8,0.883255292699068,1.26608442357487,1.29342000524334,1.22596864055455,0.726384472195802
1982,1.30694875462111,8,0.978387257192835,1.4423612120473,1.40138943555782,1.3398462709316,0.726384472195802
1983,1.30981303022048,8,1.0173388074336,1.37799064847419,1.45992862696072,1.41354181566902,0.726384472195802
1984,1.49597483620931,8,1.23478628500396,1.73050882838062,1.56532731812799,1.62051923586277,0.726384472195802
1985,1.13755491107843,8,0.969838998325714,1.35515671444192,1.33742008337811,1.27153591693046,0.726384472195802
1986,1.20129168903997,8,0.932865939507958,1.35492713911298,1.34969810017201,1.25943568174757,0.726384472195802
1987,1.14663357235454,8,0.857504593230438,1.25238089432281,1.15909965742415,1.09977420229167,0.726384472195802
1988,1.17042862544828,8,0.971428950525926,1.19326480914209,1.31513790801699,1.19112786361596,0.726384472195802
1989,1.22129918293259,8,0.989840965717547,1.3730751703356,1.33331022005279,1.31831588270054,0.726384472195802
1990,0.974232944570219,8,0.851209771812891,1.03921085054591,1.12732964362082,0.949486310422021,0.726384472195802
1991,1.0464044594371,8,1.00004459722699,1.15750313464451,1.11764911452807,1.1653508732635,0.726384472195802
1992,1.06171366510784,8,1.01107746119725,1.14439617147569,1.26650246951548,1.11675001605867,0.726384472195802
1993,1.30064848962437,8,1.08855418316614,1.31425770930134,1.313016405191,1.27776498601809,0.726384472195802
1994,1.15507556559202,8,0.970952761163593,1.26077962914306,1.0997773841743,1.04014693249348,0.726384472195802
1995,1.22201608298915,5,1.09080358303312,1.31726324626899,1.10092654422692,0.805583051560306,0.635071332484977
