"year","ModNegExp","samp.depth","Spline","AgeDepSpline","RCS","SFRCS","EPS"
930,0.915479071756888,2,1.30188317536646,1.20242186063726,1.27847682119205,0.866300011858101,0.470915179538067
931,0.460229357096834,2,0.625361932743613,0.5525834717327,0.84703125,0.543173423783525,0.470915179538067
932,0.522318410635707,2,0.714223637265376,0.651278733692058,0.799017947849644,0.467439721361141,0.470915179538067
933,0.778365553524285,2,1.05911422332446,0.976183399049753,0.946422943586511,0.549468770626616,0.470915179538067
934,1.21114870392398,2,1.61001368736327,1.47203739913391,1.64077669902913,1.05710799002517,0.470915179538067
935,0.927429516736599,2,1.22089348742594,1.11727628208449,1.13308341143393,0.729404809110682,0.470915179538067
936,0.546485130501229,2,0.715086748138882,0.653911919095338,0.605590062111801,0.382727912451802,0.470915179538067
937,0.892288258473837,2,1.13928055415728,1.03729698313297,1.06865763546798,0.717524679689782,0.470915179538067
938,1.03528963789967,2,1.30165932515387,1.18455099252459,1.21243523316062,0.800326258935321,0.470915179538067
939,0.430444492435968,2,0.494514240779134,0.458908173758974,0.663598326359833,0.448465666967782,0.470915179538067
940,0.461512488317609,2,0.519472569428731,0.488026272391263,0.744771142770536,0.480845829415673,0.470915179538067
941,0.486143313311412,2,0.535367342921899,0.509718411588427,0.772755417956656,0.506704667237954,0.470915179538067
942,0.936076396654981,2,1.05504348361684,0.996874294374177,1.17945962542217,0.778386290993544,0.470915179538067
943,1.0719060130809,2,1.20253577462602,1.13940085977349,1.12684195319272,0.809931515424004,0.470915179538067
944,1.14468317478636,2,1.25711497644747,1.20349101976486,1.15663691333141,0.828525145740487,0.470915179538067
945,0.938937031470976,2,0.988443645711092,0.967689737188508,1.13965127542783,0.756911477464617,0.470915179538067
946,0.930619650355635,2,0.940456279309253,0.941870195231417,1.16071428571429,0.80586279265089,0.470915179538067
947,1.39239360129169,2,1.37098630328066,1.3920649147072,1.63024347315928,1.13337507079867,0.470915179538067
948,1.04183481513797,2,1.01605109048031,1.03401158671242,1.19267851762579,0.840049135500586,0.470915179538067
949,1.06178927837552,2,0.998126294828899,1.03768345947483,1.34546313799622,0.946466779819836,0.470915179538067
950,1.0499827034908,2,0.974560481263896,1.01749883158373,1.23661381992223,0.835862162646428,0.470915179538067
951,1.13401761610774,2,1.02587085382038,1.08621146945417,1.37455197132616,0.973098109994251,0.470915179538067
952,0.962645977940519,2,0.864726262977841,0.915656355792028,1.19688385269122,0.842812043182922,0.470915179538067
953,1.05189544698794,2,0.936406975800298,0.993184663495561,1.34350393700787,0.88820087856718,0.470915179538067
954,1.2240469128932,2,1.09271674847609,1.15041081527191,1.38597033374536,1.02966789185948,0.470915179538067
955,1.35574233109838,2,1.19661256140306,1.26431452775707,1.51359106010269,1.06101234745069,0.470915179538067
956,1.3372384343156,2,1.19984531275589,1.24563196510122,1.37833876221498,0.952623263362226,0.470915179538067
957,0.904412079965952,2,0.800237713028251,0.835632309541201,0.919981498612396,0.656045385598603,0.470915179538067
958,1.19808618021235,2,1.05169618483089,1.09988050630152,1.21875,0.802784164646421,0.470915179538067
959,0.875793879171471,2,0.760595889679268,0.798518328385471,0.920897284533648,0.607346507131575,0.470915179538067
960,1.13684024576969,2,0.984531664191664,1.03214178969041,1.14044943820225,0.706945985491694,0.470915179538067
961,0.790193755043214,2,0.68124642964329,0.71444722971078,0.810106069534473,0.546832938234297,0.470915179538067
962,1.02338747601475,2,0.878118791455312,0.922089240776873,0.945125348189415,0.652297597073693,0.470915179538067
963,1.19053484871263,2,1.01385182730999,1.06882765684172,0.970779220779221,0.701112533041638,0.470915179538067
964,1.49487070079529,2,1.26575598675648,1.33761909237501,1.30298250645254,0.861882936998731,0.470915179538067
965,1.65136983457719,2,1.3937230132149,1.47383943590651,1.36713941664437,0.983252610705547,0.470915179538067
966,1.13048159974252,2,0.952525934596256,1.00687769762234,1.00555555555556,0.712824143187099,0.470915179538067
967,1.5589622497948,2,1.3121563409177,1.38606871194499,1.3685174746336,0.981046779532533,0.470915179538067
968,0.90312076501751,2,0.761272296753191,0.802634336938712,0.895161290322581,0.589366202351051,0.470915179538067
969,1.06284097175668,2,0.899879299945244,0.946515887663987,1.07371225577265,0.745461080645921,0.470915179538067
970,1.0857488538681,2,0.914964589051223,0.965215256977811,1.06162129823512,0.744156020788146,0.470915179538067
971,0.746248278104672,2,0.622459668091464,0.660262365848652,0.670980511571254,0.453661428742224,0.470915179538067
972,1.21493920300164,2,1.00469375710254,1.07131543433645,0.97302001740644,0.693624133333914,0.470915179538067
973,1.09792328088011,2,0.909149113384635,0.974291332997487,0.988214496169711,0.671729690519115,0.470915179538067
974,1.39410625160559,2,1.14526637779209,1.23571807706874,1.24908925318761,0.880865036107831,0.470915179538067
975,1.13135968423396,2,0.924461799400624,1.00502440713312,0.963031687125321,0.713732037856991,0.470915179538067
976,1.27038271837202,2,1.03044248834564,1.12279598924546,0.969553072625698,0.722785660724435,0.470915179538067
977,1.32926171847933,2,1.07520986830075,1.1787406693789,1.10994607549431,0.738527340192491,0.470915179538067
978,1.33997398584929,2,1.08204462114418,1.19104922953926,1.14565483476132,0.754009775089899,0.470915179538067
979,1.86158619369964,2,1.50105585999681,1.66391322164912,1.5139751552795,1.06092413238587,0.470915179538067
980,1.11360479461675,2,0.89349297390647,1.00667345717902,1.00744308231173,0.689701816997802,0.470915179538067
981,0.987074909808032,2,0.791199810645395,0.897329478598403,0.950781968721251,0.607486256810704,0.470915179538067
982,0.813751922909932,2,0.659184432089466,0.736135668775829,0.746001881467545,0.498350962681949,0.470915179538067
983,1.24797919362545,2,1.01817823191405,1.12950385570489,1.09570855202223,0.76045427033018,0.470915179538067
984,1.3760175950613,2,1.11944765294633,1.26127983701208,1.27996918335901,0.964618012119961,0.470915179538067
985,1.47523270453391,2,1.22060032864079,1.34312392223254,1.24417901421228,0.888516342046547,0.470915179538067
986,1.56785497387535,2,1.30790698690877,1.43579431621242,1.21204620462046,0.900218497929636,0.470915179538067
987,0.558328620551633,2,0.46928443845598,0.520535375918254,0.537207093096897,0.361370773830485,0.470915179538067
988,1.46091556065099,2,1.25135032805304,1.35745256981487,1.2215777262181,0.880598183895309,0.470915179538067
989,1.31510864250573,2,1.14615513706166,1.22044742770434,1.06188118811881,0.729001704338361,0.470915179538067
990,1.31242078774288,2,1.16231086804019,1.21684305269123,1.11075949367089,0.72546247705249,0.470915179538067
991,0.87431960332565,2,0.794962775852111,0.817785592684268,0.733806292412091,0.49914016954327,0.470915179538067
992,1.07008032518496,2,0.976251648325267,0.993108589972413,0.881750162654522,0.567862783209341,0.470915179538067
993,1.15889717264583,2,1.07388433808538,1.07795200416202,0.92352,0.620916985695708,0.470915179538067
994,0.876650294096105,2,0.81160223147358,0.812747824737306,0.644976816074189,0.445032040432056,0.470915179538067
995,0.843778984157544,2,0.801540537228582,0.788046313194591,0.664918032786885,0.465570843169008,0.470915179538067
996,0.933755856171068,2,0.881797073956004,0.870490308058774,0.76027397260274,0.516959107352574,0.470915179538067
997,0.970001643927995,2,0.909355609039644,0.903774814280973,0.761240850470547,0.542366545538007,0.470915179538067
998,0.960541447099854,2,0.949158826984274,0.908675679398828,0.808145766345123,0.530869906432095,0.470915179538067
999,0.84700358414328,2,0.814848447583775,0.79828107986906,0.67741935483871,0.488033734158826,0.470915179538067
1000,0.959876881714362,2,0.890992442288871,0.900341561901817,0.732978723404255,0.522148259006903,0.470915179538067
1001,0.989840215219518,2,1.02777895132696,0.958361314192038,0.887355464378963,0.601353935186528,0.470915179538067
1002,1.18689620598799,2,1.18648409977861,1.14382452542269,0.949895615866388,0.671684473993515,0.470915179538067
1003,0.835324335762531,2,0.848358606136425,0.813116660175376,0.7098653076083,0.489305765815303,0.470915179538067
1004,1.19492033816094,2,1.19220773209304,1.16398511762435,0.999633833760527,0.635824036757445,0.470915179538067
1005,0.952902931624426,2,0.987114577988744,0.946224910183814,0.7605,0.518701344168765,0.470915179538067
1006,1.19958882641208,2,1.23168552308704,1.1962508527957,0.923151750972763,0.667115108992232,0.470915179538067
1007,0.869015404478302,2,0.880855082211413,0.868205857633904,0.695711835334477,0.496114519602702,0.470915179538067
1008,1.03242355464081,3,1.0852782775666,1.02535664965544,1.20062393395621,0.814521728992249,0.616112159501146
1009,0.875883038956203,3,0.980127870234538,0.829504702194612,0.964767353658879,0.634205151151877,0.616112159501146
1010,0.850301267720463,3,0.880935223631235,0.779296383053351,1.00300913925431,0.574100741521114,0.616112159501146
1011,0.624240077264213,3,0.638897104996072,0.623913811071324,0.659880171030702,0.417538343720972,0.616112159501146
1012,1.10406642390062,3,1.10016910174788,1.08958354591965,1.29421266998363,0.856860160642543,0.616112159501146
1013,1.03736233024567,3,1.04378089609775,1.07726284621955,1.16425725237675,0.74171205318269,0.616112159501146
1014,0.992300726999399,3,0.911666714779863,0.915518366345624,0.791311687886296,0.550350262643948,0.616112159501146
1015,1.18939283376649,3,1.07278565016662,1.11489678289788,1.01929117420614,0.695814898393088,0.616112159501146
1016,1.19389040881012,3,1.10532461300378,1.17970573612728,1.09458453151375,0.735267977271868,0.616112159501146
1017,1.14058304540423,3,1.07950910739689,1.1534516576239,1.02402325899327,0.716003088834503,0.616112159501146
1018,1.06181251278273,3,0.973824737296809,1.0635816084601,0.753818216550173,0.532149838396792,0.616112159501146
1019,1.53379852460459,3,1.42058706132284,1.56426288690119,1.42755157247555,0.951749625529708,0.616112159501146
1020,0.957402159735477,3,1.03669963789753,1.05870441249632,0.983878044848088,0.659564388628976,0.616112159501146
1021,0.949764456057513,3,0.879774800644891,0.958455767657683,0.82916780041059,0.569415470832975,0.616112159501146
1022,1.01286882306445,3,0.973859891313484,1.00720748357902,0.862371330537552,0.629051075947958,0.616112159501146
1023,1.37937173619365,3,1.30989767936845,1.39642167293371,1.07070327190673,0.74329734916777,0.616112159501146
1024,0.966353936612469,3,0.959289323365067,1.02002117404331,0.942207883231076,0.636399277059698,0.616112159501146
1025,0.827281595917818,3,0.807626501964508,0.845275682671701,0.666511592664683,0.467558079939848,0.616112159501146
1026,1.1155746268498,3,1.11009940902343,1.17309233888389,0.746715508487293,0.530680649879916,0.616112159501146
1027,0.871653033394187,3,0.900599193179343,0.929908154350066,0.844686521111286,0.587546412509958,0.616112159501146
1028,0.859475199085246,3,0.875552240484492,0.899590530714611,0.581435219817892,0.393418362971739,0.616112159501146
1029,0.75054920590232,3,0.896677494123218,0.876993167099332,0.683154056420289,0.472074980875449,0.616112159501146
1030,0.844828334207486,3,0.890257005454347,0.951462030360629,0.732705035945681,0.512052473257296,0.616112159501146
1031,0.966449047240856,3,1.06134580420374,0.997429831558212,0.743313715009299,0.505384306868332,0.616112159501146
1032,0.922525437727396,3,0.956625264849034,0.969718840990024,0.82573024708739,0.567687849320546,0.616112159501146
1033,0.942956338626642,3,1.01255920202935,0.974955582511727,0.840230528107703,0.572314517356672,0.616112159501146
1034,0.536670271561241,3,0.580716641902171,0.585866176415186,0.513990113723451,0.345324208034191,0.616112159501146
1035,0.614389628236543,3,0.713049301026525,0.650839330678846,0.579750346740638,0.377742372605727,0.616112159501146
1036,1.10163828589,3,1.12477121613759,1.18274782717343,0.896812908689287,0.592412424536861,0.616112159501146
1037,1.07108926606519,3,0.926326315899926,0.966615560612137,0.756541016135131,0.548137105841902,0.616112159501146
1038,1.16737460296555,3,1.16202792433783,1.11395586282362,0.896985258122488,0.598634964465376,0.616112159501146
1039,1.07979839241414,3,1.3744066640914,1.06841849153683,0.994916271336774,0.652520207972319,0.616112159501146
1040,1.11819267055473,3,1.23697853867832,1.20820719312152,0.825083264385523,0.545110507427502,0.616112159501146
1041,0.795674246898898,3,1.05543658154791,0.954594648254766,0.738819981296821,0.515374446252871,0.616112159501146
1042,0.63380998204516,3,0.968789486814075,0.879193262626934,0.728577941739804,0.498306804311679,0.616112159501146
1043,0.965858940729513,3,1.01779726217162,1.04925346646011,0.62992125984252,0.402464197262637,0.616112159501146
1044,0.566486727925721,3,0.804608005111261,0.651756240529655,0.550619096105509,0.382500233310453,0.616112159501146
1045,0.724612380857517,3,0.987024620785092,0.927821889296632,0.736502178723689,0.511025521029877,0.616112159501146
1046,0.754410307928906,3,0.870447904172686,0.831455202120148,0.546222004877582,0.405404466702618,0.616112159501146
1047,0.828517248876087,3,0.973029557017316,0.912127880157903,0.602396565395535,0.410457593203592,0.616112159501146
1048,0.967090347927413,3,1.08120128867795,1.05785658729969,0.793534282470967,0.540231588516989,0.616112159501146
1049,0.65396309208341,3,0.87513025192384,0.814264483654414,0.643701268747132,0.42583251102902,0.616112159501146
1050,0.791057727622431,3,0.825837853184388,0.879273445488225,0.743608090165938,0.521590786048148,0.616112159501146
1051,1.29443246747083,3,1.39992853501878,1.49678107755027,0.987696185009615,0.671862140530709,0.616112159501146
1052,0.657172564942828,3,0.849211594254585,0.730147553122201,0.563275490431873,0.382730517453634,0.616112159501146
1053,0.829218866361995,3,1.04498551066054,0.931198228686538,0.728664736309598,0.483223190997149,0.616112159501146
1054,0.81725107406047,3,1.09774952120209,0.954181251141945,0.789093513544979,0.552690970611272,0.616112159501146
1055,0.905422450713095,3,1.20082928981457,1.02816723565676,0.826219159224404,0.528012984488851,0.616112159501146
1056,0.721295211562345,3,1.06296534696154,0.830230299949792,0.6669391043083,0.414939050586888,0.616112159501146
1057,0.617577008163596,3,0.8148060412897,0.693942171887678,0.453588113968587,0.26565921271885,0.616112159501146
1058,0.673420122023403,3,1.12697877203621,0.810329294144528,0.695686894131569,0.438342861481638,0.616112159501146
1059,0.479864242128578,3,0.660516177073257,0.560809184539699,0.397005858823913,0.259690031458381,0.616112159501146
1060,0.806931262667075,3,1.14396394515026,0.913807960788202,0.658355160414151,0.436892231435452,0.616112159501146
1061,0.679265197170869,3,0.831413312579746,0.757845837118244,0.545793182304136,0.344648496070447,0.616112159501146
1062,0.732859645618438,3,0.909601893798253,0.815688075366563,0.636991993715679,0.496775366563694,0.616112159501146
1063,0.604842264165427,3,0.923506713354655,0.685773705614211,0.475,0.317765741954382,0.616112159501146
1064,0.485441361592117,3,0.89575733556245,0.565036927494332,0.473598764167627,0.328310741722881,0.616112159501146
1065,0.637232463219102,3,1.0214728686036,0.722833809360627,0.471095474595006,0.348145635669487,0.616112159501146
1066,0.501429875024553,3,0.916635702265697,0.5672887015801,0.402824060862791,0.281123171711805,0.616112159501146
1067,0.805728070171543,3,1.50013339065273,0.933441679371044,0.76742139756225,0.514628943784394,0.616112159501146
1068,0.835692393998494,3,1.33669467927078,0.941531243251687,0.721158257695407,0.48001528847139,0.616112159501146
1069,0.663561884030201,3,1.10888850487564,0.757119895542377,0.575520972492435,0.39580594169937,0.616112159501146
1070,0.495978000070395,3,0.781335254508175,0.555905900675177,0.433499497375985,0.295045800528531,0.616112159501146
1071,0.519032619688104,3,0.828869179081131,0.583551233404276,0.474896942475374,0.314892371004404,0.616112159501146
1072,0.621180997819075,3,0.962529804635373,0.694739075246445,0.52575307734011,0.351242488735634,0.616112159501146
1073,0.407266086398994,3,0.756203616823787,0.464253863724709,0.381738470975761,0.262606903863062,0.616112159501146
1074,0.385890348360596,3,0.562830124170584,0.430956358789856,0.335824991822118,0.229707229402934,0.616112159501146
1075,0.394469284214182,3,0.545221937061315,0.436752966197804,0.353651366005518,0.253426591045785,0.616112159501146
1076,0.676762146847637,4,1.07538499379648,0.724940649972406,0.590697202215941,0.394286030645864,0.655483580793851
1077,0.704452836691196,4,0.871974877109064,0.734220126819321,0.596459011864312,0.379223137026457,0.655483580793851
1078,0.732718743524859,4,0.960983517684524,0.808238941797868,0.637513371829461,0.436060379502219,0.655483580793851
1079,0.907333726952817,4,1.13664255497983,0.987916019891907,0.785753150279967,0.518327317745452,0.655483580793851
1080,0.698501195629431,4,0.887296527916425,0.770648513206299,0.582628135264903,0.396975927909213,0.655483580793851
1081,0.708210807885551,4,0.835509953264493,0.78204733982184,0.634427137067009,0.410874765691602,0.655483580793851
1082,0.949264938372854,4,1.02776414426433,1.03310446506684,0.718521897027557,0.449750627073167,0.655483580793851
1083,1.29691175837292,4,1.41579497348532,1.41982926399805,1.0578946922952,0.736203288438218,0.655483580793851
1084,0.996693934679385,4,1.11364902591886,1.13076120926743,0.870151387786886,0.599541691928944,0.655483580793851
1085,1.09296878234015,5,0.949399222165269,1.03064321154521,0.848737093195838,0.586334282525046,0.66635411545396
1086,1.17557714506095,5,1.19792682342696,1.26208832917998,1.07849371174523,0.735490510852886,0.66635411545396
1087,1.4130690976191,5,1.37133237992553,1.50930727553213,1.11597035862372,0.806733155382463,0.66635411545396
1088,0.955502143739392,5,0.90451265010877,0.999471125655384,0.745265734638021,0.549844109511317,0.66635411545396
1089,1.20013849926196,5,1.17378544708584,1.27084321259277,0.933836389818434,0.647714757512332,0.66635411545396
1090,1.05621092888952,5,1.07040661685529,1.12460517580995,0.845776452374371,0.576271374265184,0.66635411545396
1091,0.964902038089106,5,1.07162249923938,1.02811610675611,0.939343950058059,0.637493214065029,0.66635411545396
1092,0.899040824426715,5,1.06203946964236,1.04962175726812,0.882668232658271,0.609123158219681,0.66635411545396
1093,0.929405057638347,6,1.06201417038795,1.00053262828497,0.896358295203725,0.627447918659273,0.689162862575428
1094,0.610221218978992,6,0.784703164452194,0.688542135266673,0.663045767025317,0.452904624815295,0.689162862575428
1095,0.710742675120399,6,0.828429460086501,0.767211372531061,0.765195113468745,0.541170776402845,0.689162862575428
1096,0.688194051354575,6,0.815822574124295,0.786885953060368,0.682293357987989,0.460370155855082,0.689162862575428
1097,0.625251290376274,7,0.725166132755768,0.671604716565097,0.796918332646196,0.543478087263107,0.700787140364025
1098,0.860722899294202,7,1.03236446115998,0.895689742788062,0.809936432023557,0.566106835763896,0.700787140364025
1099,0.844229836270799,7,0.998031205411701,0.912614309755685,0.945512702765146,0.678244799605353,0.700787140364025
1100,0.874842734964114,7,1.02580015327609,0.949400003581264,1.01766774807633,0.718319660767666,0.700787140364025
1101,0.734141958985506,7,0.935068531666459,0.811599409302242,0.859036580496049,0.596953244170601,0.700787140364025
1102,0.803867325587142,7,0.98721625126155,0.882776820203761,0.843352425559038,0.633979522768768,0.700787140364025
1103,0.968892850152442,7,1.29053505766236,1.06534987582108,1.24406159931395,0.851892433228939,0.700787140364025
1104,0.76323654203764,7,0.835096473464306,0.746101653754355,0.729686863969361,0.511850337538812,0.700787140364025
1105,0.781130867261846,7,0.919516597884341,0.810799966440272,0.882505102702823,0.603940588494654,0.700787140364025
1106,1.03494708966033,7,1.19933250342354,1.09994700897934,1.18935666692917,0.835555001311554,0.700787140364025
1107,0.841063485316335,7,0.9867934445733,0.899901868928923,0.995861649530431,0.699018647882695,0.700787140364025
1108,0.861872864266327,7,0.981978324364505,0.904166149681592,1.03647407615904,0.700665378056127,0.700787140364025
1109,0.812226274450382,7,0.988494306171127,0.908749585570741,1.05055795376383,0.740823298354243,0.700787140364025
1110,1.0071701627653,7,1.13102299738353,1.03504563624002,1.16008226648634,0.827994234019259,0.700787140364025
1111,0.878379894250563,7,0.937440148511701,0.902814138851306,1.02087529482636,0.714787855409243,0.700787140364025
1112,0.797506432589802,7,0.864043412226947,0.806975210568206,0.954028575615651,0.658933046570552,0.700787140364025
1113,0.881122265583069,7,0.946856074205666,0.904382251139825,1.00666505122114,0.691491070431294,0.700787140364025
1114,1.12741983425477,7,1.14979388404517,1.13152644235285,1.28688498354174,0.881208751171297,0.700787140364025
1115,0.860492574168745,7,0.864078969186856,0.870399769552447,1.02425510134883,0.69454564573697,0.700787140364025
1116,0.996469818924535,7,1.02336301927955,1.02289139104752,1.15407596870335,0.794195056351751,0.700787140364025
1117,1.04881844582971,7,1.07854702984621,1.07046781741614,1.21688032005367,0.831199549059442,0.700787140364025
1118,0.83075121390298,7,0.83210864513507,0.82599354211936,0.928264270509023,0.634647655798916,0.700787140364025
1119,1.02223053724613,7,1.0069082876956,1.04236762502761,1.1435652611959,0.800103393105013,0.700787140364025
1120,0.994838322771744,7,0.995496387845512,0.992957732224704,1.02859109310133,0.749830203726739,0.700787140364025
1121,1.0346966813071,7,1.01727330499872,1.04059189177143,1.20317108479646,0.828233941947322,0.700787140364025
1122,0.989856110654283,7,0.927872459988812,0.985973499570315,1.08008229319256,0.749770844157104,0.700787140364025
1123,0.893033590896101,7,0.820635353509182,0.880358877311669,0.955810474383929,0.650578964033629,0.700787140364025
1124,0.975009296221167,7,0.902954656109387,0.95435396958439,0.926447895945934,0.658659260310578,0.700787140364025
1125,1.34692631935461,7,1.20928044314474,1.33479436126377,1.42028210750226,0.98579281787752,0.700787140364025
1126,1.29125216595777,7,1.14703935762391,1.27750953335191,1.37594920806976,0.940814880976669,0.700787140364025
1127,1.30078360842986,7,1.0781895171311,1.26489582087302,1.2347925495787,0.817482478043165,0.700787140364025
1128,1.24705995592168,7,1.11013513178367,1.21496807612349,1.25561671281563,0.870108041273218,0.700787140364025
1129,1.02474017525153,7,0.891845584128395,0.985955070683892,1.06735813667472,0.750461353071221,0.700787140364025
1130,1.37949294760896,7,1.18769728030852,1.32096814510051,1.43831695852121,1.00748760869429,0.700787140364025
1131,1.14442535454518,7,1.05002819646814,1.1133221482991,1.03351561324418,0.800908420940568,0.700787140364025
1132,1.08768600271771,7,0.933701490641859,1.06064674188577,1.168745365904,0.80412655848639,0.700787140364025
1133,1.06141394509159,7,0.917556284633439,1.02847574762605,1.07207673059399,0.7404813460443,0.700787140364025
1134,1.07588260859818,7,0.957273021555408,1.02963147071559,1.15363494799512,0.79193252605836,0.700787140364025
1135,0.896963263072633,7,0.840381095670159,0.892721155986223,1.03668709753223,0.702918703908885,0.700787140364025
1136,1.11320027712478,7,1.00844258694538,1.07090475171176,1.24313469152805,0.824643867309448,0.700787140364025
1137,1.08300575275062,7,0.984127759544606,1.04066478567477,1.12494795783598,0.776900633531194,0.700787140364025
1138,1.17606982476179,7,1.08517208485466,1.14859863873829,1.25905847344611,0.876522554865309,0.700787140364025
1139,1.254532256465,7,1.14658809695738,1.2033452588576,1.31745062222008,0.929236963518685,0.700787140364025
1140,0.938243447449478,7,0.894433501505984,0.90977686647029,0.945908029198414,0.67974456025991,0.700787140364025
1141,0.906183655068765,7,0.819691226550291,0.861781868832133,0.867695261596613,0.628745314824046,0.700787140364025
1142,1.44006610782404,8,1.30692136649935,1.40304470769708,1.59263453878798,1.12121475958533,0.729189959455147
1143,1.01145148453707,8,0.987705422421488,1.03556992753868,1.21398633526343,0.855894377126138,0.729189959455147
1144,0.889637963289093,8,0.878099791381153,0.869290689672937,1.10722623606745,0.72529526828891,0.729189959455147
1145,0.847706022350731,8,0.774088810786936,0.82396458503257,1.00969157840785,0.679875438304963,0.729189959455147
1146,1.21093158544756,8,1.10723143357587,1.15199681034115,1.4146440332967,0.974464167224548,0.729189959455147
1147,0.94983171425066,8,0.912461156874817,0.887510274311832,1.17037909524689,0.796803622347676,0.729189959455147
1148,1.07646945619148,8,0.960791125320948,1.03474236474307,1.28794240103146,0.874468230305108,0.729189959455147
1149,1.38012904906692,8,1.23289112140656,1.32797382436475,1.59556407834667,1.08695614410325,0.729189959455147
1150,0.897923864642111,8,0.869827297238923,0.919001890413156,1.11356016069871,0.755165791165174,0.729189959455147
1151,1.28234578739792,8,1.12643731046533,1.23012535771483,1.43649769882953,1.01074411107657,0.729189959455147
1152,1.16667850855501,8,0.995415325352408,1.1198184144893,1.25048421667625,0.848173475575494,0.729189959455147
1153,0.792570104805833,8,0.79882514671711,0.864252090369806,1.03592819742593,0.715533829944117,0.729189959455147
1154,1.3973767462116,8,1.2252472455148,1.39028439824876,1.43958082070072,1.03035139431539,0.729189959455147
1155,1.13102083584131,8,1.04430784204514,1.1520935916785,1.37822573134236,0.954731429069377,0.729189959455147
1156,1.10862610656282,8,0.991316015315568,1.08830365442318,1.21761175339059,0.827094134846087,0.729189959455147
1157,0.95209810224668,8,0.834167665718329,0.908005009056689,1.12738624959204,0.767433276031271,0.729189959455147
1158,1.12246672826969,8,0.94005221468507,1.08443226001643,1.24527763742687,0.86354372473722,0.729189959455147
1159,1.05967643499491,8,0.93473823190505,1.05074098698444,1.23130367947939,0.838064280288322,0.729189959455147
1160,1.15858116408825,8,1.04312242517927,1.1492511462032,1.33320854491902,0.910139068885368,0.729189959455147
1161,1.15746775247382,8,1.0143099725476,1.12029319431545,1.35414745438549,0.939765556003616,0.729189959455147
1162,1.0658784062884,8,0.970527799048116,1.08853594027403,1.30305193179834,0.901582458095871,0.729189959455147
1163,1.14118433293067,8,1.02312430743027,1.11659812754716,1.32280929453843,0.913904154466134,0.729189959455147
1164,1.20492498218318,8,1.05308309204505,1.16909818729005,1.4061979407071,0.991698197448626,0.729189959455147
1165,1.53405981200932,8,1.30378285298185,1.46143916243663,1.55602665980112,1.07179388744272,0.729189959455147
1166,1.30808096719145,8,1.11962081541217,1.24300323472203,1.3147928761926,0.928969130978778,0.729189959455147
1167,1.33206589640238,8,1.17277339631608,1.27926418327355,1.52063234683563,1.04763878559976,0.729189959455147
1168,0.917448273951904,8,0.795423299294295,0.875986138876373,1.06519315622234,0.730229573305568,0.729189959455147
1169,0.935273692730771,8,0.893019771568115,0.891595222975775,1.04703798103147,0.722616655591097,0.729189959455147
1170,0.853991984109098,8,0.815471742933783,0.843615375735323,1.03514252780842,0.724095835340619,0.729189959455147
1171,0.97830008717923,8,0.906529738348921,0.930097774220571,1.13506048408112,0.769949196894097,0.729189959455147
1172,1.09637031592741,8,1.01306894858628,1.06289267121764,1.11215561508967,0.766207640340726,0.729189959455147
1173,1.18143963133663,8,1.12653261548561,1.12562047841487,1.37206766164409,0.951835055804891,0.729189959455147
1174,1.34811433638659,8,1.29651833636904,1.30289210753123,1.5607427286506,1.07940639481076,0.729189959455147
1175,1.2880910872425,8,1.24211917862228,1.23135711341901,1.48804171941473,1.03702666540041,0.729189959455147
1176,0.753287662826085,8,0.741038391948924,0.718547776593218,0.909096353413642,0.623259920693091,0.729189959455147
1177,0.991995203689658,8,1.03518271182754,0.988221657866881,1.19689768176378,0.858240887523415,0.729189959455147
1178,0.892564569658136,8,0.89032898290134,0.85128340226898,0.988490634448041,0.711283797167577,0.729189959455147
1179,0.843147340332024,8,0.84848444634712,0.809015820605503,0.989020107336006,0.679319271269917,0.729189959455147
1180,0.61188077515137,8,0.6132685663152,0.614200622433272,0.711845120242801,0.482693757297859,0.729189959455147
1181,1.21664310429363,8,1.24916127929388,1.15139631945647,1.40034225398671,0.971697156631933,0.729189959455147
1182,0.988711259067459,8,0.970745866792421,0.932315492342725,1.14833388435542,0.79453257200865,0.729189959455147
1183,0.914302850471571,8,0.903503187180306,0.855123915124646,1.09570607128164,0.751943125489987,0.729189959455147
1184,1.06597230500682,8,1.04011098515989,1.0021944386576,1.21978663997109,0.861609313138074,0.729189959455147
1185,1.11876671451411,8,1.12167063083815,1.0670668351507,1.37491686479558,0.973094195162353,0.729189959455147
1186,0.964683300097904,8,0.96024305753799,0.912711847733705,1.18956598106914,0.825482681749,0.729189959455147
1187,0.879820157633533,8,0.856359755709295,0.821536417672388,1.05763491779822,0.749226532448674,0.729189959455147
1188,1.18529149090397,8,1.10475228063335,1.10552005265603,1.24596478471014,0.919516829659784,0.729189959455147
1189,1.14496325554965,8,1.0519046973702,1.06671115709548,1.32159427394774,0.942371163777667,0.729189959455147
1190,1.00467797987667,8,0.91878242885453,0.926936775358469,1.16057813251968,0.797008555886496,0.729189959455147
1191,1.11227452947081,8,0.973623442944046,1.01351372033155,1.19164258655632,0.836863408434139,0.729189959455147
1192,1.14365856326538,8,1.01771590567051,1.04741402382458,1.24915981384017,0.868438465939793,0.729189959455147
1193,1.2860155976838,8,1.14415509507859,1.15882698510402,1.42268005311808,0.970529686919096,0.729189959455147
1194,0.895038798674885,8,0.830370416499555,0.837164831712154,1.04445153400252,0.718505347007295,0.729189959455147
1195,1.14807056473555,8,1.04071848818874,1.06766120138355,1.36650880986648,0.913699817176669,0.729189959455147
1196,1.13167422812511,8,1.08041878056168,1.06858772359363,1.37970366594165,0.935647246221505,0.729189959455147
1197,1.13302522488541,8,1.0416877933889,1.05272474203429,1.26981492063696,0.884826350673478,0.729189959455147
1198,0.852671568742823,8,0.7872218648551,0.793995393030813,0.992988235179781,0.673422992754749,0.729189959455147
1199,1.14114469673367,8,0.976292637510273,1.00351887637547,1.22582118804116,0.832497381469825,0.729189959455147
1200,1.20577213135717,8,1.14926486612927,1.12622155146497,1.40879697750289,0.976310264714254,0.729189959455147
1201,1.02841667519464,8,1.01320921076771,0.889975621878147,1.22051031198168,0.846146975221481,0.729189959455147
1202,1.19885632500669,8,1.16944355546583,1.11258559673233,1.13284855889862,0.935699826991395,0.729189959455147
1203,0.965161672590662,8,0.966453441757872,0.901214917222558,1.07427368591016,0.743876290098095,0.729189959455147
1204,1.04262562083764,8,1.04664479323886,0.98348017048785,1.17813975554789,0.812252934139874,0.729189959455147
1205,0.758468445392953,8,0.815643128639832,0.744334700360091,0.892600138583323,0.624547623727717,0.729189959455147
1206,0.907679054368889,8,0.945342107334513,0.860139697138293,1.0813702581148,0.721972150743351,0.729189959455147
1207,1.08079003168524,8,1.15345919983524,1.05867860053477,1.33066235025289,0.886360390469612,0.729189959455147
1208,0.86973334241322,8,0.921467791289195,0.826271611364751,1.1243266371106,0.75294098881157,0.729189959455147
1209,0.952689491806879,8,1.03222198241737,0.909850934663156,1.16574238090743,0.811430763731389,0.729189959455147
1210,0.80592610200409,9,0.936235995658948,0.875315337116144,0.96304828052005,0.65476412789713,0.748937895117065
1211,0.899336660213892,9,1.04435599053016,0.887312716273599,0.815963481727382,0.671441597754012,0.748937895117065
1212,0.748880320810247,9,0.866811080271705,0.727056824685552,0.834697200852096,0.532304193274846,0.748937895117065
1213,0.708855323963693,9,0.778080117374225,0.658786814033414,0.857956587613057,0.562793415626646,0.748937895117065
1214,0.991911897850752,9,1.1209482581862,0.973941875495348,1.01722998457795,0.729208421894034,0.748937895117065
1215,1.02274429653864,9,1.13425907502098,0.963343492612779,1.15056947656649,0.725728389496359,0.748937895117065
1216,0.663292498241218,9,0.775971034926345,0.680916461768948,0.665291226331747,0.445903968968324,0.748937895117065
1217,0.835147803446056,9,0.923125046511358,0.798439662468558,0.92353133453829,0.63974491069198,0.748937895117065
1218,0.87418561291916,9,1.02232617644202,0.871197536057903,1.02851066983719,0.745583309749067,0.748937895117065
1219,1.12053311858121,9,1.19503397448404,1.05830606553495,1.31437175483528,0.906653046105735,0.748937895117065
1220,1.04281819414066,9,1.09070410837549,0.972060839623952,1.13083181735067,0.719519900110426,0.748937895117065
1221,0.980254174641952,9,1.05091769407464,0.855348244926516,0.946265032584135,0.641894916819552,0.748937895117065
1222,0.886680322245544,9,0.945627559903663,0.835355610560295,1.04539204568644,0.675759587475125,0.748937895117065
1223,0.932945083597452,9,1.02481696484393,0.915621753992399,1.00780820760285,0.698894502835494,0.748937895117065
1224,0.986903033500587,9,1.05409193944226,0.935424934694121,1.09798190735747,0.718371259704884,0.748937895117065
1225,0.950217980263626,9,0.976352501892956,0.89646805757211,1.17095488243854,0.760771367078091,0.748937895117065
1226,0.790721268018552,9,0.835626669140656,0.745784124533984,0.888978651102321,0.597189279382412,0.748937895117065
1227,0.856884813774597,9,0.916420955739014,0.828656987953563,0.922791390124352,0.691413399474361,0.748937895117065
1228,0.857533949902893,9,0.908620182151107,0.841973473817384,0.873680045631447,0.642421726411437,0.748937895117065
1229,1.02621260084868,9,1.05582841864726,0.981785283343481,1.1217242068548,0.767966187306032,0.748937895117065
1230,1.17297279112011,9,1.21406784301051,1.12272549518493,1.32070541084104,0.875525863077634,0.748937895117065
1231,1.03480310328099,9,1.05456840138435,0.971440072471818,1.15459862866036,0.803362522963274,0.748937895117065
1232,0.888984700596298,9,0.9488100481121,0.883354111531229,1.10602062951884,0.760004819569023,0.748937895117065
1233,0.966638931753807,9,0.953924615897914,0.91617700230708,1.12811791122394,0.784599781241761,0.748937895117065
1234,1.19366225442915,9,1.21532506658728,1.16696685657706,1.49399891527254,1.04688025469277,0.748937895117065
1235,1.00117478151541,9,1.00448324443136,0.952201885976379,1.22114045159946,0.835831396014671,0.748937895117065
1236,0.888985131086279,9,0.883959685061942,0.859582095650297,1.14786545211013,0.778109707929338,0.748937895117065
1237,1.17852440398778,9,1.0716421834004,1.11066634608931,1.37835593486231,0.980304852113048,0.748937895117065
1238,0.835940236754428,9,0.788875263027709,0.802515931296195,0.985765864301412,0.67344641666869,0.748937895117065
1239,1.08460329021515,9,1.01076838261821,1.00613488614849,1.25837570338784,0.838962995321353,0.748937895117065
1240,1.0316416977845,9,0.950791216596547,0.96538667850892,1.1504421814554,0.771801569289199,0.748937895117065
1241,1.08632566636091,9,0.996239982163826,1.03919784496455,1.29873851484421,0.916640544901786,0.748937895117065
1242,1.08893608066611,9,1.01408023202568,1.0501599469912,1.31959720803435,0.932830430373719,0.748937895117065
1243,1.04546898484021,9,0.902158402431721,0.96413002868857,1.20525117381687,0.837610839304723,0.748937895117065
1244,0.980367324154309,9,0.869661696695097,0.938840048146327,1.18681415052994,0.804267891895391,0.748937895117065
1245,1.19552936771525,9,0.977627644098514,1.11216522790287,1.36413097787382,0.953718172434081,0.748937895117065
1246,1.28137870436338,9,1.0600624829079,1.18703386180856,1.47144668532926,1.04550432904903,0.748937895117065
1247,1.17026577603946,9,0.984015031109119,1.07963146973962,1.36106675023769,0.950499308836044,0.748937895117065
1248,1.26392614912062,9,1.01455820189191,1.15671174865965,1.45195083187472,1.03280074224166,0.748937895117065
1249,1.13040420021205,9,0.912886603680951,1.05720832549625,1.30921638424893,0.904687782424397,0.748937895117065
1250,1.39515772920752,9,1.07990486383879,1.2600119563287,1.59149453404729,1.11394822740373,0.748937895117065
1251,1.2760779668272,9,1.02487448743487,1.22678700790638,1.54620633710557,1.0721048216941,0.748937895117065
1252,1.45329660162199,9,1.14638161117674,1.40093288380082,1.7707728084932,1.21514995265788,0.748937895117065
1253,1.2311793677942,9,1.00687402110447,1.16426976199564,1.47548772828346,0.953191179383159,0.748937895117065
1254,1.4918153856487,9,1.1393785515236,1.39142581014034,1.69580654485406,1.23333069825802,0.748937895117065
1255,1.09480734992467,9,0.897959754643335,1.06421292301444,1.33205741851976,0.946385703413096,0.748937895117065
1256,1.21457263857231,9,1.03037932888906,1.19419257493929,1.47763055104629,1.08876891104801,0.748937895117065
1257,1.05717478419956,9,0.810255468647601,1.03364160751908,1.26829135580188,0.866344603941476,0.748937895117065
1258,1.50198768246745,9,1.1986811728758,1.39587604713099,1.55319413960039,1.17698840967423,0.748937895117065
1259,1.26172532374547,9,1.04914267382867,1.16285610992867,1.56474061774463,1.10400477999087,0.748937895117065
1260,1.32179437461616,9,1.0090031007292,1.23835085558932,1.50894073706797,1.07362124149804,0.748937895117065
1261,1.07307098195239,9,0.821292803026377,0.995753025295901,1.17847067115125,0.824676120094122,0.748937895117065
1262,1.23066228066744,9,0.936545266012926,1.14325839714879,1.37105641914642,0.966534990650806,0.748937895117065
1263,1.2117623988129,9,0.893139951699792,1.09704885258157,1.36542204146347,0.97190831467771,0.748937895117065
1264,1.19158740000793,9,0.950723412138337,1.08215539414113,1.37367335982839,0.97904197360948,0.748937895117065
1265,1.05663828967595,9,0.838613611796462,0.968047081479126,1.1958498990385,0.844547299246917,0.748937895117065
1266,1.40207419123071,9,1.12425344580723,1.27642516410011,1.52696653983625,1.09450300463548,0.748937895117065
1267,1.5566248106831,9,1.26231679262668,1.44152732061881,1.81964133289297,1.24432857939027,0.748937895117065
1268,1.44909253027594,9,1.22084125344261,1.30211922229338,1.59865425096507,1.12150946265503,0.748937895117065
1269,1.15471173758255,9,0.985313565503565,1.07505435209352,1.29474929408091,0.932676738193154,0.748937895117065
1270,1.17890645598812,9,0.962691110786166,1.10723019332984,1.40156045600512,0.936364234329654,0.748937895117065
1271,1.32570322202369,9,1.20326980194343,1.15041485489701,1.49129326481733,1.00465845483184,0.748937895117065
1272,0.961736317763843,9,0.844917687641037,0.876404176616379,1.05125130534666,0.697393420957853,0.748937895117065
1273,1.0101080525665,9,0.948394896814791,0.943779035981014,1.18020975807924,0.753749227497706,0.748937895117065
1274,1.01835089695015,9,0.992515200500735,0.959835871275243,1.21298312238808,0.817958811301817,0.748937895117065
1275,0.698765808943474,9,0.685818600906832,0.651649333634049,0.825119205709335,0.558421830194878,0.748937895117065
1276,0.775019179634065,9,0.802752110767628,0.738160377015233,0.910138965851913,0.61185645387545,0.748937895117065
1277,0.992191211805102,9,0.980111154275943,0.932521665744642,1.12180395259117,0.795083311203511,0.748937895117065
1278,0.903385533400935,9,0.915269746369552,0.83552172888867,1.01862540778763,0.695096108427386,0.748937895117065
1279,0.985404942664434,9,1.06180437479514,0.951032517360101,1.18824290341655,0.842192584466741,0.748937895117065
1280,1.13011986522752,9,1.17046169604142,1.06910963182465,1.28639374474167,0.881767876009804,0.748937895117065
1281,0.795487255384185,9,0.89857114460984,0.765914831932087,0.968276281462966,0.636714772852661,0.748937895117065
1282,0.852705114134262,9,0.923996397372251,0.798979978993931,1.04796584476681,0.707691303769222,0.748937895117065
1283,1.04693400350409,9,1.11235153495473,0.977273625602676,1.21711735804846,0.826166626486373,0.748937895117065
1284,0.762421572713989,9,0.777497599448507,0.71700080197189,0.858989926517607,0.546424671995942,0.748937895117065
1285,0.989931938902505,9,0.98796191651908,0.93434172059748,1.04272887808675,0.707980935602104,0.748937895117065
1286,1.15991975017529,9,1.23446740970867,1.09060420932239,1.2729411086523,0.899145746489136,0.748937895117065
1287,1.04255640950666,9,1.10343827363034,0.984844692157986,1.14728600200229,0.786177211498339,0.748937895117065
1288,0.76475376188559,9,0.838086183902056,0.741551339489889,0.911516728270106,0.588468096904959,0.748937895117065
1289,0.979331153348954,9,1.07584872748664,0.961545594145487,1.12598849447633,0.747479229803917,0.748937895117065
1290,0.851607483900966,9,0.893881857271927,0.823384136513474,0.995307726312769,0.666652969213929,0.748937895117065
1291,1.12706618523375,9,1.20565768642204,1.07222694481664,1.30592027202368,0.893412787223915,0.748937895117065
1292,1.13110657659167,9,1.16145527569861,1.07509011907411,1.25953466911071,0.853973639512892,0.748937895117065
1293,0.933116444099527,9,0.954040598045193,0.899996580883673,1.04139016731251,0.697654805167617,0.748937895117065
1294,0.931135927672187,10,0.984853529559694,0.918657147668667,1.04469750315118,0.722085459310616,0.786072715832157
1295,0.983498979908287,10,1.07115260371725,0.961077623095796,1.15118293063263,0.798792477183136,0.786072715832157
1296,0.868494228407671,10,0.923903572992643,0.853492750286337,1.01899787369789,0.687240535249275,0.786072715832157
1297,0.862683410152736,10,0.932238513719727,0.845705591760454,1.04256338797048,0.707505816576525,0.786072715832157
1298,0.799750518796438,10,0.856314988577773,0.808569748479683,0.967579685822717,0.664976448366524,0.786072715832157
1299,0.640502838416363,10,0.667461852425307,0.634697803138285,0.766000907751186,0.520374963459421,0.786072715832157
1300,0.826712352072106,10,0.855536143738581,0.845787945184159,1.02527770703765,0.698676056196025,0.786072715832157
1301,0.924370664033813,10,0.96579648623553,0.9299380650587,1.05839918493795,0.754370166734578,0.786072715832157
1302,0.943620041490545,10,0.946291490650295,0.930740072385117,1.10725574940374,0.772965880451285,0.786072715832157
1303,0.946671436341855,10,0.89473756888115,0.854291750528282,1.03345997859215,0.733950351381501,0.786072715832157
1304,1.08384285753866,10,0.956122041435805,1.07263838436282,1.09472744189807,0.784117019846687,0.786072715832157
1305,1.18361681879847,10,1.04172332706701,1.18813839616566,1.31056789923774,0.960521162161807,0.786072715832157
1306,1.30158608304452,10,1.12922626553451,1.29886787543898,1.50958102609329,1.0470415321317,0.786072715832157
1307,1.27683568731432,10,1.09045755999926,1.27503130620403,1.33254282334562,0.928570706723728,0.786072715832157
1308,1.37398744816015,10,1.16379470934487,1.37652766526071,1.4862556150572,1.08897225087931,0.786072715832157
1309,1.03778663809704,10,0.880487718279824,1.04046541615048,1.17653179273911,0.835827835853271,0.786072715832157
1310,1.30481312852585,10,1.13532785426683,1.34520650264537,1.53865318793892,1.12028041229282,0.786072715832157
1311,1.36165260049728,10,1.14534545125015,1.37348509953104,1.52235995080748,1.10159523309735,0.786072715832157
1312,1.38178720384366,10,1.16066035207278,1.37971301406405,1.59853816172439,1.13600705434784,0.786072715832157
1313,1.30990903849459,10,1.10124683415071,1.30915119856654,1.48851138317856,1.07679244008683,0.786072715832157
1314,1.35690344203653,10,1.17402876669371,1.37011079473961,1.60506411987603,1.14770772316473,0.786072715832157
1315,0.890918973050625,10,0.771789260042481,0.886299517819096,1.0883038957158,0.74297874002126,0.786072715832157
1316,0.920658528211164,10,0.841506960996411,0.926073403125035,1.06398472679098,0.745245262250022,0.786072715832157
1317,0.95506093028124,10,0.869696296993503,0.949571850748384,1.09748107841334,0.784038281679328,0.786072715832157
1318,1.14550352111969,10,1.11491282421365,1.15424742335668,1.4014871195215,0.998371967409947,0.786072715832157
1319,0.920248020748995,10,0.883824889922649,0.927582019543266,1.09450670365974,0.766085572892398,0.786072715832157
1320,1.1715946367335,10,1.15795177345982,1.17749649639885,1.35926311178797,0.960824708970547,0.786072715832157
1321,0.90111963063644,10,0.877897575342268,0.901277614532186,1.03212819478238,0.727481192945141,0.786072715832157
1322,1.08356685563011,10,1.1066106044108,1.08096873633902,1.17136326929046,0.803377015700642,0.786072715832157
1323,0.843568936480968,10,0.878375232317839,0.842624478541384,0.933417541301232,0.650529381876801,0.786072715832157
1324,1.02794125878018,10,1.0763955692303,1.03486258266926,1.11718833786787,0.794261366837222,0.786072715832157
1325,0.824121524860217,10,0.902853773068794,0.829019547645191,0.915283337171243,0.637156285895014,0.786072715832157
1326,0.753189942210494,10,0.818508148229617,0.74507906071679,0.800848342019177,0.563984263330475,0.786072715832157
1327,0.956492716169808,10,1.08155564242511,0.949794677176156,1.01518471150324,0.722290445590278,0.786072715832157
1328,0.658136517295567,10,0.77252724182605,0.673202196245775,0.750227053644484,0.511434604656427,0.786072715832157
1329,0.631227260774118,10,0.735047013073728,0.640174943174127,0.715837571013419,0.483662540177054,0.786072715832157
1330,0.844189548610672,10,0.980735686808108,0.845440601170677,0.91600491634205,0.627122610725488,0.786072715832157
1331,0.930038739015614,10,1.09438733681878,0.940615369837617,0.999712909654883,0.718978035230956,0.786072715832157
1332,0.796039472849428,10,0.943676014684127,0.803526050221035,0.858845248011371,0.609780343279068,0.786072715832157
1333,0.90794275957278,10,1.09336236604879,0.922039657768156,1.05060329187374,0.728295723076241,0.786072715832157
1334,0.936911247079367,10,1.10920405913477,0.956243965202213,0.932822782550223,0.645484133479155,0.786072715832157
1335,0.79207488970235,10,1.01591804960868,0.829469123611742,0.967479691902842,0.669163834878668,0.786072715832157
1336,0.952447590115296,10,1.14437083277175,0.983816992328964,1.07297553368541,0.742464997022279,0.786072715832157
1337,0.692332570680201,10,0.803988294319808,0.705716269278612,0.76361398859179,0.525437248299537,0.786072715832157
1338,0.925609473420738,10,1.10773664745672,0.964147880785527,1.05873468502167,0.72740724205039,0.786072715832157
1339,0.866136198533668,10,1.01276349204035,0.88744205206943,1.04690034835324,0.719864260622199,0.786072715832157
1340,0.938968216843539,10,1.12144033642922,0.974207724483554,1.09913717356103,0.765356494696336,0.786072715832157
1341,0.876106116310091,10,0.98169257179581,0.913026627041478,1.0326601111577,0.687990614412743,0.786072715832157
1342,0.772901951065116,10,0.889554774081805,0.781950280147176,0.888531349624738,0.593855334163183,0.786072715832157
1343,0.785299298372451,10,0.956210531452826,0.823327958968149,0.930318628183471,0.636614923423739,0.786072715832157
1344,0.882671816002102,10,1.00869945495743,0.897364110985188,0.967491259689352,0.67453904143135,0.786072715832157
1345,0.785633283560495,10,0.910318007706748,0.814233123019249,0.893119900934988,0.619665782713906,0.786072715832157
1346,0.792186413190587,10,0.93527326170981,0.822090620849002,0.891597000359752,0.618116084372144,0.786072715832157
1347,0.861857020576721,10,1.00989762820161,0.895369067962588,0.954040731518149,0.648226555117789,0.786072715832157
1348,0.881991416584047,10,1.05333206238846,0.927830432609527,1.0381830249126,0.714604629725544,0.786072715832157
1349,1.0076839531832,11,1.2242459393699,1.06371995113184,1.12005911863079,0.772385842846813,0.804373463325125
1350,1.13737035840741,11,1.26069524339274,1.15258867406811,1.15116168442631,0.825164222072716,0.804373463325125
1351,0.602352030416644,11,0.670980080600332,0.607374670821711,0.638874217024453,0.431715569917033,0.804373463325125
1352,1.03979784338425,11,1.21468108431923,1.05687258091659,1.1063941986821,0.770909819404186,0.804373463325125
1353,0.715711089249854,11,0.805542960520687,0.718559984246618,0.731313881141444,0.498347880680434,0.804373463325125
1354,0.871319702458769,11,1.04946982957322,0.882053825137333,0.909430038264877,0.62269487053271,0.804373463325125
1355,0.728979522959688,11,0.864304361758162,0.742292467849413,0.784605507386658,0.532604200938864,0.804373463325125
1356,0.881584251912731,11,1.03798223085164,0.885669706638444,0.87829463038988,0.594747288063459,0.804373463325125
1357,0.881166192746519,11,1.08546600895715,0.910616603636697,0.89464101441988,0.630303856479368,0.804373463325125
1358,0.925501555377761,11,1.12621111412176,0.947888122316451,0.967637747580733,0.658191980796549,0.804373463325125
1359,0.747520922371997,11,0.908807216003333,0.755730773433295,0.799709917244672,0.540619748511477,0.804373463325125
1360,0.819909129962657,11,0.996953109048548,0.837432778452641,0.893836230437357,0.598809667846277,0.804373463325125
1361,0.660917276129805,11,0.78618268969912,0.666756589279288,0.698997718991576,0.458542033153868,0.804373463325125
1362,0.60066103977787,11,0.68986132532377,0.613705082095956,0.628975425203101,0.424527239820868,0.804373463325125
1363,0.760741948180393,11,0.910544417974561,0.772341962837968,0.791485963816556,0.54684713788749,0.804373463325125
1364,0.923384852348796,11,1.12991460798538,0.951031618246302,0.960952236705312,0.661226446006387,0.804373463325125
1365,0.758869551738004,11,0.88207470439276,0.757169172783013,0.777948093142686,0.531650542457943,0.804373463325125
1366,1.03702003969966,11,1.18792002890388,1.06232274691003,1.01080474263318,0.678994312383848,0.804373463325125
1367,1.01869523741492,11,1.19352057085814,1.03956960432903,1.05279590160765,0.731007519176028,0.804373463325125
1368,0.901180178661565,11,1.01208071520752,0.91974245751146,0.923916600894256,0.612960931678516,0.804373463325125
1369,0.931626137898536,11,1.14695587960199,0.971608632270858,0.958564333732875,0.648435519921501,0.804373463325125
1370,0.749838294289784,11,0.854812943241652,0.782549335461424,0.780719010607298,0.528087304572189,0.804373463325125
1371,0.865935716337447,11,0.994270570398473,0.89906397130998,0.867504569216465,0.628637372184209,0.804373463325125
1372,0.997645424506388,11,1.06676786751484,0.994042274196678,0.953773926889888,0.663825664833125,0.804373463325125
1373,1.13524231774664,11,1.30342077629232,1.18450252691125,1.16280780287649,0.820250173475804,0.804373463325125
1374,1.04606721638884,11,1.16173686929949,1.07379039465891,1.08229354590365,0.740267546287013,0.804373463325125
1375,0.855618298795202,11,0.943607770293693,0.895543980092637,0.924381404922905,0.631065703377133,0.804373463325125
1376,0.846857066404124,11,0.904152020854955,0.877597706117642,0.808750420558242,0.580139335813113,0.804373463325125
1377,0.507763351800947,11,0.556178424180162,0.529536160303078,0.565910139363519,0.360999069076977,0.804373463325125
1378,0.804694365287008,11,0.868313654691823,0.842915351959235,0.799249629033129,0.568450288515365,0.804373463325125
1379,1.07796719809907,11,1.08013953838922,1.09534263906446,1.03914218538526,0.742129569526861,0.804373463325125
1380,0.888417939025935,11,0.93347203993518,0.951421513939617,0.887215353812088,0.646592114527559,0.804373463325125
1381,0.945513450224862,11,0.969424192984742,0.985043624732796,1.02394204137447,0.722186642887261,0.804373463325125
1382,1.04329602545584,11,1.11293679650096,1.14830885938384,1.18246793272014,0.852597387505671,0.804373463325125
1383,0.981086368169923,11,0.991152889566904,1.03684422249803,1.05249089422337,0.732112848381542,0.804373463325125
1384,1.10569744602548,11,1.15538575879975,1.17397402513929,1.16607452325819,0.82108692712818,0.804373463325125
1385,0.966957676272268,11,0.98575471595262,1.04477122316609,1.10048841240884,0.75876247627745,0.804373463325125
1386,1.03460891126516,11,1.07732233467231,1.09503884920661,1.15477515876078,0.836627398948479,0.804373463325125
1387,1.07032084855712,11,1.08119559356761,1.15742065811533,1.31735318738168,0.867988183273301,0.804373463325125
1388,1.02805369857986,11,1.03167684984524,1.11963982787851,1.1292363144934,0.803069109615479,0.804373463325125
1389,0.962808912980301,11,0.912119757480068,0.997940159404649,1.01641734868915,0.714888407458493,0.804373463325125
1390,1.07686660036238,11,1.06579513023418,1.14612259958475,1.1711453733097,0.84513370903077,0.804373463325125
1391,1.09138328563891,11,1.06806098453181,1.17884232734319,1.16469311027462,0.803486983080806,0.804373463325125
1392,0.738056415561457,11,0.759510829360413,0.822546893486538,0.827172839440975,0.547343532081187,0.804373463325125
1393,1.10355107543102,11,1.10429046225757,1.19658619025366,1.14719869731048,0.786708892571191,0.804373463325125
1394,1.24636189433842,11,1.24457964890627,1.35829230418074,1.27095336723841,0.907911899667001,0.804373463325125
1395,0.928326485412722,12,0.936732490412697,1.00240435766587,0.977108565855661,0.684818241154964,0.83334093093825
1396,0.827428376560252,12,0.866105373067737,0.930912158248992,0.900939722143747,0.636658721091763,0.83334093093825
1397,0.816181319774718,12,0.825219433030933,0.883308141901616,0.90923118561414,0.634646232489244,0.83334093093825
1398,0.982725835381692,12,0.973535956066052,1.0552126651893,1.08332452655422,0.746215939663536,0.83334093093825
1399,0.927381942118939,12,0.95104375574097,1.00926360172388,1.04700853630509,0.727055671910757,0.83334093093825
1400,1.19543492968148,12,1.19888866905826,1.27698022612622,1.31252979845926,0.919612055807095,0.83334093093825
1401,1.05346100592264,12,1.04931245070918,1.11813980374205,1.16146643055159,0.837387593190424,0.83334093093825
1402,1.07978012194277,12,1.06259726448194,1.12126210623342,1.14475680459827,0.820762047796906,0.83334093093825
1403,0.864308585875877,12,0.872520984248334,0.92004664047174,0.956572750403293,0.662930173325388,0.83334093093825
1404,1.16496461806159,12,1.23333881097544,1.25015471791046,1.30662720466719,0.919843614795365,0.83334093093825
1405,1.02734460838692,12,1.07245952006483,1.09351951096323,1.11839202620736,0.765330311820609,0.83334093093825
1406,0.798666746492659,12,0.833567394680155,0.853058545029073,0.876896658950881,0.608833477785039,0.83334093093825
1407,0.667803725102397,12,0.704611604475102,0.687789146953409,0.740245713149191,0.49116787965696,0.83334093093825
1408,0.904743907406535,12,0.986096868059999,0.973315821253717,0.993287532274888,0.682628725138022,0.83334093093825
1409,1.09717312256852,13,1.19805618560109,1.14416664809,1.10889847219624,0.737170139811274,0.854322476730808
1410,0.965457136154427,13,1.0577781199817,1.00666378527296,1.08087263051215,0.715309146785993,0.854322476730808
1411,0.89064958354202,13,0.962037413054835,0.96481343488878,0.965883575018129,0.667202614726646,0.854322476730808
1412,1.18007794735686,13,1.285517315469,1.29620457205403,1.16387875732017,0.770532970628316,0.854322476730808
1413,0.687768862248063,13,0.788895993790554,0.755457687420904,0.76979454280876,0.515886973849595,0.854322476730808
1414,0.907823708693141,13,0.993945414492938,1.00049466349059,0.838853896194245,0.56458101237254,0.854322476730808
1415,0.825154410582387,13,0.945274494649991,0.914505689929506,0.865249343218028,0.549834317734963,0.854322476730808
1416,0.804488007893327,13,0.906381419429831,0.879329064328073,0.814806466552935,0.575733460493589,0.854322476730808
1417,0.828571772832497,13,0.898251550776379,0.887395469580417,0.877839865114256,0.603484616420513,0.854322476730808
1418,0.999126802772072,13,1.137452593649,1.08659645275725,1.00289856059414,0.686123042443894,0.854322476730808
1419,0.473279930353754,13,0.5502706291931,0.52850853738317,0.52515316581598,0.353912659609911,0.854322476730808
1420,0.870660641163863,13,0.949660194056215,0.97319637436046,0.901979956851793,0.605752330472034,0.854322476730808
1421,1.03374347480185,13,1.16835603270901,1.11045462226521,1.07018702799659,0.744747319025241,0.854322476730808
1422,0.81073299224188,13,0.907943669251411,0.877831495407764,0.868442997272917,0.598901384416255,0.854322476730808
1423,1.21205538866899,13,1.35390102161937,1.31958553263733,1.22755620882281,0.863689429803013,0.854322476730808
1424,0.995910877361532,13,1.11718990243904,1.08846405799141,1.05189800003498,0.722818198949433,0.854322476730808
1425,0.920888256692885,13,1.0107712187158,0.974928435161299,1.00457060563925,0.681719289962739,0.854322476730808
1426,0.521546303251296,13,0.543221437655323,0.55509072718636,0.596719749983335,0.404427130076185,0.854322476730808
1427,1.09981250552876,13,1.23502075879761,1.17014418561726,1.19339520944697,0.831687575431085,0.854322476730808
1428,1.05279644704465,13,1.17986415264655,1.1229123250911,1.16721858672498,0.796340825793926,0.854322476730808
1429,0.770499920121679,13,0.873253048285675,0.826378411668337,0.834074656016759,0.561733109252932,0.854322476730808
1430,0.989444846426652,13,1.21978053353425,1.10699172902448,1.15299210875666,0.793603737286398,0.854322476730808
1431,0.903909169076169,13,1.0266668655586,0.965288119122615,0.960775429972971,0.678009317573675,0.854322476730808
1432,0.798688279631841,13,0.910195027013255,0.846830351770533,0.870891013687966,0.585558369818508,0.854322476730808
1433,0.965638391107052,13,1.08956700113862,1.02991302800182,1.02897531495298,0.692674704876381,0.854322476730808
1434,0.794198769016156,13,0.915468581987635,0.816249626207468,0.859372807916385,0.575699322954862,0.854322476730808
1435,0.905405746520552,13,1.096619040034,0.936562438029741,0.981868769050502,0.676548634825525,0.854322476730808
1436,0.792886833885113,13,1.00353548547463,0.815999476506916,0.868402494342931,0.584571753702654,0.854322476730808
1437,0.527097144651855,14,0.645351957136123,0.559770431159063,0.600987640347351,0.386944298333077,0.87444914328938
1438,0.84057918110441,14,1.00039350291782,0.854198886124661,0.880247142848202,0.564431965853704,0.87444914328938
1439,0.761294240505968,14,0.925466489767123,0.803780621426547,0.818982577006102,0.549094025137365,0.87444914328938
1440,0.876897081359936,14,1.01925480955258,0.945800509237237,0.881840567854155,0.572522835892266,0.87444914328938
1441,0.813944233966766,14,1.00296086712007,0.917603597809977,0.798400935788208,0.534291038153073,0.87444914328938
1442,0.809407953948916,14,0.961257589647703,0.879131490536378,0.792867458512543,0.533293306202403,0.87444914328938
1443,0.793587566082222,14,0.88834510329409,0.839000831911054,0.763322642460563,0.505842159926732,0.87444914328938
1444,0.859308089364952,14,1.02121655427872,0.949566182117592,0.850191401270279,0.590555786060517,0.87444914328938
1445,0.840029256331015,14,0.988520808916055,0.90644372836767,0.821313541569966,0.568342562439725,0.87444914328938
1446,1.04290091765012,14,1.16740680689871,1.10654733362529,0.997354900347486,0.678748343070507,0.87444914328938
1447,0.947637178942282,14,1.06728429512659,1.00950445973216,0.935502896881192,0.642430591336665,0.87444914328938
1448,0.807728697519012,14,0.953357367912061,0.889690460924012,0.797805853930329,0.561595356555297,0.87444914328938
1449,0.899691883567929,14,0.967008356093221,0.984442965965151,0.90250446598,0.60773106854446,0.87444914328938
1450,0.932226067272878,14,0.989307829742928,0.987386125130544,0.907600084668092,0.636507318064086,0.87444914328938
1451,0.724509617673691,14,0.804518633148603,0.779474054740642,0.732614287421504,0.474209807466479,0.87444914328938
1452,0.93751851136976,14,0.981114525899995,0.993621414734348,0.909298380169724,0.617789580208293,0.87444914328938
1453,1.03872667064391,14,1.04962338025938,1.09821518827871,1.01308601729667,0.703043778499011,0.87444914328938
1454,1.14010052463066,14,1.11389576323503,1.2369810977316,1.06375307440145,0.750900594821435,0.87444914328938
1455,0.948208990751359,14,0.938039565306024,1.0215473954059,0.913564866411418,0.62931419463202,0.87444914328938
1456,1.10622966707032,14,1.09964022053027,1.25380941502162,1.06437740941728,0.750336675971555,0.87444914328938
1457,1.10008698417602,14,1.05619446950601,1.20885672530653,1.07938012292234,0.746589526076356,0.87444914328938
1458,0.988767795820921,14,0.939399303467631,1.08733781826362,0.942597653560201,0.663367654526353,0.87444914328938
1459,0.870539508033129,14,0.826006923359773,0.943628822006923,0.815591073125717,0.555457535988444,0.87444914328938
1460,1.28114151822228,14,1.16475226545998,1.37266115837035,1.1965308540431,0.823740619256681,0.87444914328938
1461,0.898815826202094,14,0.861259150980617,0.951979155727697,0.913640535750103,0.624480945189868,0.87444914328938
1462,1.10634476205179,14,1.0586019070956,1.19803276359261,1.04263591403073,0.720852237605671,0.87444914328938
1463,1.14799011970642,14,1.0883331332091,1.21911578665913,1.09588204281089,0.776494160089686,0.87444914328938
1464,0.937418790834948,14,0.890703644394819,1.02247991992542,0.939185140125072,0.649089212134254,0.87444914328938
1465,1.3042562570059,14,1.21287592433488,1.35272003941946,1.21350148876951,0.890233780302402,0.87444914328938
1466,0.755086545515317,14,0.712376874920884,0.830313690358715,0.717049435271692,0.516463934724692,0.87444914328938
1467,1.16309460299167,14,1.1417631746001,1.26224440786788,1.08678450807075,0.74614065465581,0.87444914328938
1468,1.14821689551025,14,1.15078807239011,1.21510782264893,1.07690886252195,0.775945979753883,0.87444914328938
1469,1.02260881972838,14,1.0661600967919,1.15014773801019,0.956317883897335,0.683676983240798,0.87444914328938
1470,1.25407317957544,14,1.20913674692801,1.34030842622292,1.19192130577186,0.85389245832252,0.87444914328938
1471,1.01299637806067,14,1.04194868799612,1.04983074812656,1.00844028275687,0.692775041797632,0.87444914328938
1472,1.08208988315791,14,1.12717197816426,1.1839316445067,1.04880875334879,0.758278203513256,0.87444914328938
1473,1.14775307533439,14,1.1325470836449,1.22332682447356,1.09338050966951,0.783646922177638,0.87444914328938
1474,0.563866437078463,14,0.557305095873497,0.60689188941057,0.56796142732942,0.383655834222363,0.87444914328938
1475,0.569768664154733,14,0.619450622679036,0.655979873310303,0.580000407808606,0.411720255068892,0.87444914328938
1476,0.626023797632114,14,0.732500791169862,0.701085855476176,0.613231346775566,0.463628015358776,0.87444914328938
1477,0.683803311607971,14,0.697566533346213,0.754250999138251,0.675065666671245,0.472701550483588,0.87444914328938
1478,0.910023726094847,14,0.957922078789794,0.982367311486,0.925731636926987,0.647229798146648,0.87444914328938
1479,0.759115099880443,14,0.796781337244609,0.828135464290296,0.785743617268914,0.544769880248483,0.87444914328938
1480,1.19601590374254,14,1.24768234196466,1.2715002887162,1.16401321005259,0.823622244111886,0.87444914328938
1481,1.09501741299274,14,1.11569329778986,1.15996673034545,1.08692077258549,0.757146827360674,0.87444914328938
1482,1.05706053489931,13,1.04984470841255,1.123384179282,1.05668085389,0.741905074240943,0.866188298051465
1483,1.07101394396206,13,1.05451913106543,1.09981018914288,1.05159310297676,0.712903388722915,0.866188298051465
1484,1.34818244494996,13,1.30001830604537,1.41810004545389,1.27346742205085,0.889541044444832,0.866188298051465
1485,1.14322106947618,13,1.11611574405549,1.20515980642023,1.1294477065744,0.771320256841462,0.866188298051465
1486,1.13998641689826,13,1.10523602419571,1.20062207936636,1.13552592538228,0.77205907192622,0.866188298051465
1487,1.06382619385745,13,1.04335118642084,1.09847891460624,1.08852937578021,0.742207828524351,0.866188298051465
1488,0.93358895218726,13,0.919416842331297,0.974316966457443,0.971566726140805,0.652408308610396,0.866188298051465
1489,0.949673879433663,13,0.949056745895037,0.986577129710629,0.942458627087759,0.648049162279406,0.866188298051465
1490,0.913838769089273,13,0.916337683162486,0.952674256622243,0.842808805716118,0.601705628590622,0.866188298051465
1491,1.11535173317539,13,1.1191012231564,1.16234954088844,1.11015401201672,0.767006912856484,0.866188298051465
1492,0.932685858832682,13,0.948493492876945,0.973225879809917,0.910537542771689,0.604693314962584,0.866188298051465
1493,0.839681841752683,13,0.851667470296513,0.865888006286821,0.775410168458905,0.526204277454287,0.866188298051465
1494,0.962380480819862,13,0.985452802026733,0.98822704707683,0.931755961145013,0.635907214176446,0.866188298051465
1495,0.710508875362561,13,0.742764031412119,0.748563661926508,0.583373070705435,0.403818864495616,0.866188298051465
1496,1.37588755579462,13,1.47217763319819,1.42912338971554,1.3756575856714,0.936719886789457,0.866188298051465
1497,0.835319673787954,13,0.892273805295768,0.861208226197632,0.844219045589187,0.569528453960293,0.866188298051465
1498,0.895687240924133,14,0.964705114813622,0.911279331100059,0.936333038465127,0.627391407718157,0.868867525961252
1499,1.26720271136326,14,1.31160201775116,1.26070872114304,1.31587822379634,0.884952904836977,0.868867525961252
1500,0.561438136718325,14,0.588374410785324,0.54509544717697,0.628419539208899,0.401120085557745,0.868867525961252
1501,0.9328932358963,14,0.969512624703659,0.930963280640611,0.940630132419872,0.619432209336249,0.868867525961252
1502,0.694570303211522,14,0.71164987295391,0.689456178167596,0.748150096071694,0.484002997845855,0.868867525961252
1503,1.01509244807203,14,1.05907163623016,1.01208613506623,1.03467935109951,0.68939877021633,0.868867525961252
1504,0.940582986268453,14,0.939777349372717,0.921495165732473,0.926993413715301,0.613933742297417,0.868867525961252
1505,1.15833053567712,14,1.23625840019264,1.15486074801792,1.10126143444228,0.753969184567113,0.868867525961252
1506,0.881510622336132,14,0.913831483919911,0.879498596478852,0.924809512234223,0.605709140306904,0.868867525961252
1507,0.93000406166364,14,0.946574410895837,0.925678510267856,0.928043204963252,0.631936517230876,0.868867525961252
1508,0.900971333559759,14,0.920013253771531,0.895880083635515,0.902047085000893,0.610115124275198,0.868867525961252
1509,1.14999776912509,14,1.21655955612909,1.13078312482542,1.14948992733021,0.778650305667055,0.868867525961252
1510,1.15149346953115,14,1.21179744235367,1.15348213302716,1.19711852997526,0.792326644387098,0.868867525961252
1511,1.24177002097598,14,1.32441927970887,1.24654247307926,1.25467781256028,0.862808131447467,0.868867525961252
1512,1.03616790462323,14,1.11025277236742,1.0141818337389,1.0857319469339,0.736827885928344,0.868867525961252
1513,0.938378721561618,14,1.01329793023404,0.935704625134758,0.96075036615689,0.665536387286881,0.868867525961252
1514,0.742142534779272,14,0.793380786381259,0.747845803034367,0.779050402236198,0.524956051973255,0.868867525961252
1515,0.681628503992598,14,0.738349251141437,0.696280786416857,0.727019275056866,0.491480878846862,0.868867525961252
1516,0.904033211946688,14,0.99868956100593,0.938858432106388,0.939208959829212,0.626534578445121,0.868867525961252
1517,0.793026876965111,14,0.910108850056229,0.775877379600869,0.83738996027677,0.576515710885956,0.868867525961252
1518,0.610289808349586,14,0.695737347961453,0.631314425479889,0.673028768601935,0.448463334641984,0.868867525961252
1519,0.83884019008808,14,0.885335926278489,0.840198890549835,0.842779183715083,0.579100570184308,0.868867525961252
1520,1.08808158242474,14,1.17201214688662,1.11993873781324,1.07778721137816,0.747321156835378,0.868867525961252
1521,1.04173224057903,14,1.12555469540952,1.0705718199599,1.02413525074289,0.709746396992485,0.868867525961252
1522,1.09722298031894,14,1.15897386062901,1.11548435034344,1.09188855853338,0.766043635941696,0.868867525961252
1523,0.729904637794381,14,0.75456828870007,0.742126393097679,0.757245682458072,0.493237390459474,0.868867525961252
1524,0.997776645728972,14,1.08048748056699,1.01862767308998,1.01856777684996,0.668728287035134,0.868867525961252
1525,1.16837889430939,14,1.21659951439251,1.20598088528063,0.999349188853255,0.722412856723686,0.868867525961252
1526,0.969493006102203,14,1.03297872120007,1.0032462164822,0.953196649997723,0.638284710937384,0.868867525961252
1527,1.05224191130857,14,1.08967029756071,1.08240042886873,1.01211585097276,0.681885822520507,0.868867525961252
1528,1.01370103794819,14,1.02243345759401,1.03851526953731,0.966922326864414,0.656965668879903,0.868867525961252
1529,1.0786344680328,14,1.10751860979755,1.11715573209898,0.947081475729936,0.621960766118554,0.868867525961252
1530,0.893606157047918,14,0.936932345180658,0.916081011711388,0.818672651143809,0.547951107957007,0.868867525961252
1531,1.02336775965287,14,1.04531943900622,1.05935076630408,0.992004961041054,0.677025405732823,0.868867525961252
1532,0.731954041111315,14,0.742415241765928,0.742617328885532,0.779158572912117,0.49317421476875,0.868867525961252
1533,0.806400304675627,14,0.791436451141457,0.82793442231743,0.77544709517065,0.530121555609024,0.868867525961252
1534,1.22516849908716,14,1.22243992957279,1.2502301607604,1.14166418571322,0.770612110965344,0.868867525961252
1535,0.991123050860427,14,0.962706288474371,1.02113640773135,0.928925025396616,0.628779238792736,0.868867525961252
1536,0.957342212791797,14,0.951977565003101,0.981788000564104,0.880562718511496,0.597481738307284,0.868867525961252
1537,0.736793677265606,14,0.732938442914196,0.75956248765522,0.69262947607557,0.457064190625798,0.868867525961252
1538,1.07756661936994,14,1.06680267745296,1.09902235869649,1.04772143592267,0.713427978454899,0.868867525961252
1539,1.40562485756712,14,1.38686637227107,1.36014880791444,1.34451596108123,0.941446884005082,0.868867525961252
1540,0.95152950980279,14,0.905851295283657,0.972268452046336,0.914109978819476,0.613552071736642,0.868867525961252
1541,1.00036889400506,14,0.981979589497032,1.05243500446239,0.992086476981507,0.671873939819375,0.868867525961252
1542,0.992290697063389,14,0.896934078082105,1.02307834000788,0.945986105051643,0.636295856046832,0.868867525961252
1543,1.25428382754917,14,1.19536084139741,1.30901674163336,1.16403928930692,0.811385101559124,0.868867525961252
1544,1.22374524635358,14,1.12734277312972,1.26415340684677,1.17132564128366,0.789120515321104,0.868867525961252
1545,1.01062990750612,14,0.937732565554661,1.04724600148888,0.909433885899576,0.590161688160402,0.868867525961252
1546,0.780601360074996,14,0.708519015798138,0.805799177790605,0.671874431031089,0.449710720317357,0.868867525961252
1547,0.973728482728212,13,0.866788099393991,0.981385678910602,0.915110683000806,0.605926405922413,0.857975837183053
1548,1.05299928146716,13,0.936762471234914,1.06792596273685,0.999990595704323,0.670634035150578,0.857975837183053
1549,1.21307547990892,12,1.08031840070285,1.25688754559781,1.087440218239,0.760121987929325,0.847950346781531
1550,1.25710687659548,12,1.09881509532616,1.29874535027383,1.14096812926938,0.773078757643015,0.847950346781531
1551,1.42691947272746,12,1.28398770331517,1.46957486960716,1.32886701791834,0.905611606211532,0.847950346781531
1552,1.24270055413754,13,1.20003301671039,1.32835345901551,1.19650644084809,0.812001136826805,0.842893189254712
1553,1.19085826410041,13,1.13940295872991,1.23961946140048,1.04238351476661,0.742456536743159,0.842893189254712
1554,0.935043876891212,13,0.876178284409665,0.974240288737721,0.830146588760124,0.557081412348426,0.842893189254712
1555,0.674881429327094,13,0.622526765625365,0.683295020143806,0.650416683937316,0.421902978213295,0.842893189254712
1556,1.05105982134616,13,0.980541525814994,1.06837685240023,0.914744328019028,0.649357701739887,0.842893189254712
1557,1.21548691828244,13,1.20011827627066,1.2564797292317,1.10854695651973,0.772688329070376,0.842893189254712
1558,1.1235514203573,13,1.06333113478119,1.18453751584518,0.981602925846634,0.672755165377372,0.842893189254712
1559,1.12493076464712,13,1.12881948996019,1.17148359771393,1.03567069195665,0.702354854537008,0.842893189254712
1560,0.779678102199049,13,0.774074981812513,0.802848202275743,0.769937822955989,0.512073488536854,0.842893189254712
1561,0.988926169853292,13,1.03167876549708,1.01007781901623,0.864770762097417,0.604462306887155,0.842893189254712
1562,0.807956635727289,13,0.872377410338119,0.870445446211192,0.78045093344381,0.530659221420263,0.842893189254712
1563,1.05976016065775,13,1.12586628730549,1.09918920656337,0.912215232071977,0.64336171594264,0.842893189254712
1564,1.20132284722388,13,1.38512576987842,1.23049774680466,1.20623430320933,0.842926981718282,0.842893189254712
1565,1.04268684124697,14,1.06646463710168,1.06153870252406,0.99198038316217,0.716392457067885,0.861100752497339
1566,1.21145415916891,14,1.30291860588685,1.22386295494931,1.2417337523116,0.828514076266502,0.861100752497339
1567,0.88009329383568,14,0.935578399904474,0.904239941663302,0.857454782552515,0.577635642156815,0.861100752497339
1568,0.701211009886844,14,0.75172366634947,0.72341361114996,0.736211526738323,0.470650113307864,0.861100752497339
1569,0.531329749196348,14,0.564658543753209,0.544305877558677,0.54672020339421,0.348951511704189,0.861100752497339
1570,0.509751495920612,14,0.558628207293634,0.527013164058611,0.541200213649299,0.338136903940365,0.861100752497339
1571,0.861214615663744,14,0.938669516947936,0.889735307295204,0.699775443880022,0.472716857995483,0.861100752497339
1572,0.796810266679113,14,0.86494252561874,0.825658435456265,0.812343244161041,0.536070364324181,0.861100752497339
1573,0.802777194029714,14,0.865501810718616,0.822895603835555,0.77398442129344,0.519122662558491,0.861100752497339
1574,1.08172292737485,14,1.13778445836766,1.11019160812252,0.956559179223545,0.681519521525473,0.861100752497339
1575,1.20823175734032,14,1.22610948361468,1.24232891563353,1.03095682141918,0.766907288000206,0.861100752497339
1576,0.989650211095024,14,1.01363676748597,1.0126612396992,0.877250042379421,0.58033912523805,0.861100752497339
1577,1.03885437375442,14,1.05485753428389,1.07558768689897,0.895306766678327,0.607793793942291,0.861100752497339
1578,1.25262951362941,14,1.23353972187738,1.27851099968601,1.15579778164208,0.802177341079819,0.861100752497339
1579,1.1125806232178,14,1.07036410493699,1.13997178554196,1.00708823004736,0.698607316730519,0.861100752497339
1580,0.792911684548641,14,0.760017358844928,0.815018518366391,0.749460832031231,0.494944566526119,0.861100752497339
1581,0.99371585003914,14,0.946672632069753,1.02210413462884,0.945457880875725,0.644091164025185,0.861100752497339
1582,0.628625270856535,14,0.614230806193418,0.646031648719886,0.6125099847583,0.432725959254561,0.861100752497339
1583,1.05910699572653,14,1.0259520310569,1.10311876138978,1.06085856551556,0.727734288330117,0.861100752497339
1584,1.17743654116684,14,1.08542410711435,1.19997069519459,1.16922896875626,0.825417878187031,0.861100752497339
1585,1.48644085334547,14,1.32119911360591,1.51974764863223,1.45957763154131,1.00737598801965,0.861100752497339
1586,1.19393965814218,14,1.06640155810878,1.22420977949209,1.1538933835051,0.805291626530401,0.861100752497339
1587,1.00054706738293,14,0.903699499509783,1.03492971694644,0.970176175719876,0.67335021207446,0.861100752497339
1588,1.23265314011888,14,1.11277979554796,1.25235193778666,1.19491675372752,0.8366404511081,0.861100752497339
1589,1.10131076500292,14,0.98851869934058,1.12702171932343,1.07487075190673,0.731274912568936,0.861100752497339
1590,1.29315983403815,14,1.2052332905082,1.34151608400755,1.20945772804078,0.875438133234974,0.861100752497339
1591,1.2313087052449,14,1.11845348077746,1.26088487693445,1.18437417247583,0.836096304995123,0.861100752497339
1592,1.11636362148982,14,1.06618197333366,1.14602092112163,1.14989713109223,0.782413882557785,0.861100752497339
1593,0.580517885181817,14,0.551402666637216,0.604719401347355,0.547390795958185,0.372022660710001,0.861100752497339
1594,1.30726032556467,14,1.21577465361865,1.35454458856893,1.20145569819691,0.823956230486764,0.861100752497339
1595,0.867230188648821,14,0.820692865889316,0.895377544395219,0.81082948360901,0.544788177086728,0.861100752497339
1596,0.896879494819394,14,0.875515822109595,0.90605036864915,0.849903072381386,0.59604574763873,0.861100752497339
1597,1.05802169211404,16,1.03812799539433,1.07655338598366,0.916904080047569,0.641858274407718,0.875289722493695
1598,0.906882765269084,16,0.903815443536926,0.939972777897761,0.857744793884015,0.599375766403213,0.875289722493695
1599,0.975466083880085,16,0.996074197674074,1.00936301667591,0.914753055224325,0.618815665179965,0.875289722493695
1600,1.11361979007757,16,1.12493634275219,1.10415471951623,1.05805832016862,0.678203006412055,0.875289722493695
1601,0.891793793630634,16,0.96322719777602,0.926026616054915,0.874321383494992,0.588723545650566,0.875289722493695
1602,0.914199642779439,16,0.926338031057207,0.938396670998037,0.86550846057964,0.587021566930607,0.875289722493695
1603,1.0200174572569,16,1.06879296683309,1.04073360458339,0.900584865677548,0.587925154757142,0.875289722493695
1604,0.975726558395391,16,0.996729264144947,1.00388975357276,0.950951675744396,0.658002625984164,0.875289722493695
1605,0.857570288790924,17,0.882668699686135,0.885219783798054,0.819752256581373,0.577125738862957,0.87861682321987
1606,1.03856808239615,17,1.07556680747539,1.08911690267742,1.02265902599167,0.707292286924638,0.87861682321987
1607,0.814345742253933,17,0.840650701814988,0.848914644357366,0.824650636590653,0.557364272286104,0.87861682321987
1608,1.05570575640004,17,1.0332730202802,1.08261305095857,1.03124237524758,0.662267061188517,0.87861682321987
1609,0.884769205559776,17,0.941260487594259,0.929050499546631,0.849692764170352,0.555835606633718,0.87861682321987
1610,1.23168248746546,17,1.28813421327558,1.29055527381845,1.07263538585921,0.799379642250649,0.87861682321987
1611,0.971614262819998,17,0.981438280341123,1.00841376628531,0.961116032287741,0.675534166024517,0.87861682321987
1612,0.858968084133754,17,0.862888942857066,0.890722271628432,0.813284916904305,0.55987042801808,0.87861682321987
1613,1.03667160377826,17,1.07846892296394,1.09233239846429,1.03439872045238,0.709858824998533,0.87861682321987
1614,0.807602645998541,17,0.824406667620721,0.841621156935461,0.773759679856753,0.522222479761136,0.87861682321987
1615,1.00192247908624,17,1.06399080899945,1.0481884003852,1.01891268028588,0.650653281321072,0.87861682321987
1616,0.865336876782788,17,0.914880774451676,0.898602520246415,0.893710409585042,0.610487659907845,0.87861682321987
1617,0.960882374047123,17,1.01808801295764,0.99594951091272,0.928464081473118,0.615616173770062,0.87861682321987
1618,1.1010234880635,17,1.23062625749499,1.15249654744336,1.10060444748267,0.774639538131685,0.87861682321987
1619,1.14737519798862,17,1.27570946313363,1.19407180239761,1.14069026009248,0.790027527345773,0.87861682321987
1620,0.814207089879264,18,0.923519118270671,0.855814759315901,0.812801913557437,0.573808481089556,0.884645751238471
1621,1.08483596102557,18,1.21917752529141,1.14191213182127,1.01260715930381,0.733321414973774,0.884645751238471
1622,0.685378844498516,18,0.745937837598446,0.713962536637444,0.696861467894194,0.466166325856892,0.884645751238471
1623,0.834745948215021,18,0.943714287115288,0.871236910087293,0.737283268831046,0.523244697729285,0.884645751238471
1624,1.06827568835689,18,1.1987513789019,1.11098891792786,0.953174148869266,0.69055943929268,0.884645751238471
1625,0.649423289204437,19,0.780043758323548,0.702688022241628,0.6695603698283,0.442655131932016,0.897293129017013
1626,0.586174528096311,19,0.635947985289277,0.606205078716805,0.571032935167138,0.3524240583943,0.897293129017013
1627,0.509238826027083,19,0.572479213042111,0.525899196613893,0.551871059931359,0.328856125966091,0.897293129017013
1628,0.599859483818928,19,0.642393555395898,0.615481846238218,0.628625329405765,0.423761966372512,0.897293129017013
1629,0.893819488233053,19,0.984788945673381,0.920251949087926,0.924575279207201,0.618562296379129,0.897293129017013
1630,0.997487401931823,19,1.16287307448363,1.03356645181585,1.03341146119204,0.70428608681143,0.897293129017013
1631,0.925570380524795,19,1.00215878107906,0.951612318919371,1.0101186050395,0.65721145433365,0.897293129017013
1632,1.27517256910632,19,1.41618845398156,1.33397593302587,1.22416609462699,0.872628972740023,0.897293129017013
1633,1.51599792281343,19,1.63670983307751,1.55781269283404,1.47050984453754,1.04818588877967,0.897293129017013
1634,0.891896256387583,19,0.922567540721276,0.910674944400587,0.907241207716671,0.609897691013317,0.897293129017013
1635,0.804296200728191,19,0.824373543020377,0.824934027001343,0.873885566960562,0.569443270070281,0.897293129017013
1636,1.16692692196954,19,1.29935295052553,1.20190586008398,1.24567087612522,0.863062651060471,0.897293129017013
1637,0.579033796970752,19,0.565139569897607,0.589326050173146,0.644235377587673,0.42046566086556,0.897293129017013
1638,0.716500052898244,19,0.705346906807733,0.712514586387137,0.766491354158187,0.499320215485541,0.897293129017013
1639,0.760187995408577,19,0.768864632352803,0.778172875281822,0.81955076302006,0.5361018912447,0.897293129017013
1640,0.773863425454803,19,0.802603280168477,0.796633408412703,0.856668948795094,0.552526600343134,0.897293129017013
1641,0.8678571447495,19,0.874685440937267,0.887146491032861,0.917080755933896,0.61446388875613,0.897293129017013
1642,1.3405625020096,19,1.3883746826388,1.38473635729209,1.32132140381416,0.918080888982179,0.897293129017013
1643,1.19230056550061,19,1.24346911961119,1.23780964486354,1.14978785382831,0.834032861381063,0.897293129017013
1644,1.13294287576337,19,1.23491527147157,1.13963363572765,1.14649764400131,0.787680528170943,0.897293129017013
1645,0.843275709448956,19,0.875031432745641,0.874143393581133,0.826863897276267,0.56093067910409,0.897293129017013
1646,0.722540702777722,19,0.779971742839648,0.736244681987059,0.739264924026851,0.491545108077498,0.897293129017013
1647,0.894607199497524,19,0.933390675358948,0.898576707556424,0.883083520895879,0.597705029278658,0.897293129017013
1648,0.663826569685368,20,0.747682523029081,0.700307472343783,0.630267925264236,0.379655585359557,0.899384020299343
1649,0.969102373553475,20,1.11609037059757,1.06186284864258,0.977047861896051,0.670887227587447,0.899384020299343
1650,1.14294287952084,20,1.24245434899904,1.21863257486367,1.03069942023753,0.725569217118737,0.899384020299343
1651,0.844684438635863,20,0.901041868005783,0.917672186573819,0.826181397906657,0.564287368153748,0.899384020299343
1652,1.02047130078505,20,1.06981815276112,1.06010815378839,0.983060440265002,0.665810161427845,0.899384020299343
1653,0.825916866324005,20,0.876120042399387,0.856077068173123,0.779258864126656,0.53616676268375,0.899384020299343
1654,1.00385168191834,20,1.06899495968598,1.03248123555088,0.907286326454993,0.637767498850321,0.899384020299343
1655,0.759022628357886,20,0.794914732256877,0.775646202893167,0.761990739989134,0.532821392996924,0.899384020299343
1656,1.14668923518454,21,1.23636597751484,1.19062986989932,1.10100084217402,0.786708719041743,0.904020466191608
1657,0.788390400015838,21,0.856576488863719,0.808199532565639,0.807950658903897,0.535456348120261,0.904020466191608
1658,0.812902690897364,21,0.857076990477931,0.839514587666807,0.814171316966084,0.543968061466937,0.904020466191608
1659,1.0414143899478,21,1.16588918272834,1.08070089956846,1.01845887658275,0.707126079732797,0.904020466191608
1660,1.09305628411554,21,1.22819020602686,1.12993671653519,1.04548071282073,0.716535402317438,0.904020466191608
1661,1.15135195906971,21,1.30164281435396,1.2058519636402,1.11746818811343,0.781482265303798,0.904020466191608
1662,0.808763567537602,21,0.92348267327134,0.832423070463486,0.810076609007512,0.540577702694821,0.904020466191608
1663,0.967115252919811,21,1.09523809397768,1.00113082336931,0.97590225342554,0.657393284159551,0.904020466191608
1664,0.722530149623016,21,0.832795996680966,0.76219963370373,0.732330313803681,0.489513942110112,0.904020466191608
1665,0.623265679299357,21,0.697985643949929,0.636014861030869,0.679513143666908,0.431121635575029,0.904020466191608
1666,0.744852120196476,21,0.838167674204291,0.762692578515441,0.768154800894927,0.519744189764289,0.904020466191608
1667,0.705032900445943,22,0.79191196774941,0.744586223593052,0.717068181095189,0.483929880543773,0.904881113137024
1668,0.580403810954838,22,0.665944959928853,0.617637493164923,0.590713679571848,0.38867809973518,0.904881113137024
1669,0.816683747645302,22,0.895500606183927,0.84724560970161,0.79006581018083,0.547498641747866,0.904881113137024
1670,1.13709694349365,22,1.21934921173184,1.17985706129981,1.0546520707649,0.747980795771899,0.904881113137024
1671,1.10606083952789,22,1.17523496384279,1.16488532818134,1.02552032832703,0.662535872352284,0.904881113137024
1672,1.01693197801184,22,1.05274486965085,1.05944985102015,0.947397838653705,0.655227469825762,0.904881113137024
1673,1.03667816701218,22,1.02620372002194,1.06154887823655,0.995182483626111,0.701935072527737,0.904881113137024
1674,1.14432757451827,22,1.05384646837855,1.15968726274621,1.09576583472342,0.792529031669263,0.904881113137024
1675,0.984439450712223,22,0.96479900423977,1.01017719431653,0.988818303255973,0.691701724879567,0.904881113137024
1676,0.983134112837924,22,0.898809315535575,0.983640971347578,0.925230222832444,0.636571560104657,0.904881113137024
1677,1.04303123413287,22,0.991352531286367,1.08185513410619,1.01974138111832,0.723984116271784,0.904881113137024
1678,1.08879550928145,22,0.998919064242689,1.11409027233642,1.01966212171761,0.715288913207583,0.904881113137024
1679,0.820724163236852,22,0.745208766534717,0.850544265582553,0.813412692082046,0.541515979011411,0.904881113137024
1680,1.04342862696718,22,0.934013826608597,1.07528127806211,0.992795004082091,0.676802548331517,0.904881113137024
1681,1.97601788205663,22,1.76762923060445,2.01373714925721,1.67016037051955,1.23341925120595,0.904881113137024
1682,1.31969974000311,22,1.16574552452751,1.33033104146153,1.16362977592633,0.832663609920344,0.904881113137024
1683,0.93277688609351,22,0.816902400866897,0.953318265740662,0.840076020934031,0.569533150310201,0.904881113137024
1684,1.08439466584812,22,0.96220342047886,1.11457324371968,0.97303288688816,0.673677613566146,0.904881113137024
1685,1.03972949496414,22,0.940547099062555,1.07587284842472,0.962758222194499,0.650949666272126,0.904881113137024
1686,0.844166811330391,22,0.766128501571736,0.855995760837538,0.799982453061172,0.515198604381022,0.904881113137024
1687,1.09904059220594,22,0.973640100514373,1.11863985157681,0.946702996945283,0.649723282796425,0.904881113137024
1688,1.22443244511328,22,1.10873975185459,1.23360801398414,1.03329207815417,0.728708285600238,0.904881113137024
1689,1.03032947636093,22,0.934908387838481,1.04013444012773,0.949861601763351,0.66441726626502,0.904881113137024
1690,0.86312105100548,22,0.839144872635617,0.87309031073459,0.800908346544558,0.5126977063332,0.904881113137024
1691,1.13748083752337,22,1.09096348924008,1.1567328199855,1.04532141178241,0.725319144896774,0.904881113137024
1692,1.25992668162568,22,1.22839634874454,1.27814625377026,1.15444412286736,0.816044078088518,0.904881113137024
1693,0.944502583596274,22,0.91840544135527,0.965017889317643,0.908681096407367,0.600011051357916,0.904881113137024
1694,0.878172417333372,22,0.872145718707856,0.892294504211216,0.834045646190808,0.544550642830692,0.904881113137024
1695,1.20219514228141,22,1.20921065216907,1.21768712194136,1.10528990151596,0.753487577924357,0.904881113137024
1696,0.940780942842553,22,0.965338279078438,0.945969372693378,0.919295559752957,0.611465662815577,0.904881113137024
1697,0.880067951978536,22,0.997865945378955,0.935364428748895,0.897002756529958,0.598165519808781,0.904881113137024
1698,0.882525246156779,22,0.956885938282244,0.907429889919783,0.864631297720098,0.578614384997313,0.904881113137024
1699,1.00303017593551,22,1.10131779785293,1.01685592631103,0.935654229259287,0.617497136981255,0.904881113137024
1700,0.935002300396196,22,1.04993119209662,0.952681836203219,0.907900801064673,0.624087270572207,0.904881113137024
1701,0.816256581412743,22,0.909982569515846,0.809778510731732,0.825867540622406,0.555476497574991,0.904881113137024
1702,0.99099609435877,22,1.14184137677691,0.985985581887364,0.906796537957633,0.606027239161447,0.904881113137024
1703,0.586686913752807,23,0.657798941526607,0.583648103162407,0.595864703893226,0.379999926736505,0.912643497238785
1704,0.888601969162233,23,1.07854769724628,0.899063355843854,0.842578147452536,0.561915136817585,0.912643497238785
1705,0.788761881177777,24,0.98516738323877,0.811350456380319,0.754038712575174,0.492115465240495,0.916251817893629
1706,0.763722261132121,23,0.899469895389627,0.771766387748094,0.790552747386298,0.519439266677109,0.91469483257674
1707,0.50142552783194,23,0.599901462203675,0.514131073904731,0.529070998814986,0.325049157916517,0.91469483257674
1708,0.801399516590705,23,0.938433027422412,0.817726910609589,0.79260011252726,0.51874880616022,0.91469483257674
1709,0.859690403617706,23,1.04862361230884,0.889492727873886,0.851213788009827,0.568602832068707,0.91469483257674
1710,0.840521006972929,23,1.03747466270816,0.860315305302515,0.828277296036258,0.547576956007902,0.91469483257674
1711,0.919268128912924,23,1.09413901170865,0.942199351392347,0.866441455950514,0.579112885150721,0.91469483257674
1712,0.822727790267639,23,0.987136590041165,0.85221574645904,0.805147688087427,0.549365395920131,0.91469483257674
1713,1.04985083616634,23,1.28878207079308,1.12954537859822,1.05130368882578,0.732751224918879,0.91469483257674
1714,0.70596650601536,23,0.80319944511211,0.720192127551191,0.712720963572049,0.465995169408463,0.91469483257674
1715,0.717767622751329,23,0.76692716416444,0.731973963761724,0.692341798879154,0.453656580113628,0.91469483257674
1716,0.892898167686256,24,0.964158453546113,0.909633262766854,0.855270364519494,0.569545354244428,0.916299626458311
1717,0.992148440565779,24,1.11844818287647,1.01076321139788,0.9072213245611,0.623523295475634,0.916299626458311
1718,0.767807248065277,24,0.804686095763104,0.775142974227516,0.761507833499825,0.510074959603585,0.914027487587812
1719,0.807260568899037,24,0.863898701703727,0.816253303134312,0.799663411166589,0.539970861880223,0.914027487587812
1720,1.12782499262809,24,1.20691638733069,1.13926274870194,1.07471375484861,0.747532000705339,0.914027487587812
1721,1.14450824161084,24,1.19509455253894,1.14043062300841,1.05981408169798,0.772540682069187,0.914027487587812
1722,1.04561510660521,24,1.0844503177336,1.05497397480111,0.994421487944934,0.690392408087996,0.914027487587812
1723,1.07444490043109,24,1.11459681835892,1.07587856957983,0.984212009299196,0.681013081086438,0.914027487587812
1724,0.99169083880292,24,0.999944731621523,1.00151418590434,0.910945870673416,0.638198824150585,0.914027487587812
1725,1.0004945406334,24,1.01107118357116,1.01050074740067,0.937749583383545,0.636868063112733,0.914027487587812
1726,1.31833358787378,24,1.40370016585303,1.3518938449296,1.23395335989844,0.878500542635946,0.914027487587812
1727,1.13855312561078,24,1.2374975930987,1.17058575516289,1.02654551278731,0.71601649533902,0.914027487587812
1728,0.7043706789727,24,0.707169702342042,0.710689962646237,0.711618680319487,0.46884649760251,0.914027487587812
1729,0.704615743602709,24,0.757941977412064,0.722425855563211,0.767770566151045,0.506931510768244,0.914027487587812
1730,0.691587074231366,23,0.70287682203739,0.69935606275662,0.695586503601192,0.45224719640683,0.910636377079773
1731,0.856853233911746,23,0.87778320869192,0.871820319481108,0.82245669025549,0.566847090078014,0.910636377079773
1732,1.18876469793802,23,1.22926391021623,1.19690061678631,1.11391600959069,0.781289501658455,0.910636377079773
1733,0.958099745969581,23,1.03502884599266,0.974632225187331,0.9061320558346,0.593003798424033,0.910636377079773
1734,0.8344868101508,23,0.870195447764041,0.850778694204621,0.758523519290598,0.503978752170716,0.910636377079773
1735,0.610243068853285,23,0.608965627819229,0.62136368682894,0.581571348373171,0.374632950555053,0.910636377079773
1736,0.895310901168492,23,0.863935149200731,0.901161030226541,0.837511326538401,0.571545350144753,0.910636377079773
1737,1.07644571756898,23,1.04157206106826,1.04729399707025,1.0340471471356,0.733045685944047,0.910636377079773
1738,1.08059980077108,23,1.07089367969367,1.00755361512088,0.97761285754234,0.696648097567479,0.910636377079773
1739,1.08073900093814,23,1.10167174762194,1.08668310977858,1.0202984189561,0.668936956707354,0.910636377079773
1740,1.24642771445014,24,1.22176561069862,1.23533328083135,1.07595093064067,0.748883508715888,0.91893247751207
1741,0.91936051004619,24,0.887768519267062,0.932129784998421,0.820358870144003,0.576643087460584,0.91893247751207
1742,0.98221456970157,25,0.985646401523436,0.984748191799361,0.818488163970477,0.568302453394172,0.920995277412457
1743,1.06154017980629,25,1.06474071320219,1.0786331105579,0.913234804757052,0.61789623143611,0.920995277412457
1744,0.993268529328219,25,0.964415288951283,1.01414270069965,0.863041907131574,0.608556223215269,0.920995277412457
1745,1.22888163837744,25,1.20638823059413,1.23413526952431,1.02043555604758,0.743016158362008,0.920995277412457
1746,1.05085095015566,25,1.01880672431574,1.07452113909955,0.902323631574632,0.608889925402493,0.920995277412457
1747,1.15022932718362,25,1.10060892039839,1.1710093821236,0.913302546777488,0.633445450496451,0.920995277412457
1748,0.833545244230583,25,0.835790338868997,0.864746349338589,0.729571027317467,0.472259562136069,0.920995277412457
1749,1.29539502621565,25,1.24050264108897,1.31153158146718,1.0598941602349,0.737539398580691,0.920995277412457
1750,1.13084524872782,25,1.10565749897108,1.16956219406741,1.00235706159366,0.678280038974351,0.920995277412457
1751,0.859691836263009,25,0.828314521362003,0.861781716856507,0.768186568803857,0.519026546350293,0.920995277412457
1752,0.784358286023773,25,0.7369321309902,0.781860689452503,0.679506638581829,0.440930646020896,0.920995277412457
1753,0.886483888741509,25,0.846667118903454,0.890390192708447,0.722635320138754,0.47430380729863,0.920995277412457
1754,0.863955625861983,25,0.832554198321344,0.863583290630768,0.7620949093367,0.486170587966751,0.920995277412457
1755,1.07307935119965,25,1.06177937832146,1.11274942939909,0.958365682758935,0.639897818258102,0.920995277412457
1756,0.712559765452582,25,0.675521130064819,0.714824915187498,0.611031341391127,0.3973473937202,0.920995277412457
1757,0.733764890748489,25,0.697190549503491,0.74386739043087,0.58956460229594,0.388495977265593,0.920995277412457
1758,1.48291961656052,25,1.39743640166312,1.52295689817605,1.15897482426593,0.821391867581959,0.920995277412457
1759,1.33450726374816,25,1.23068483569305,1.37440019890281,1.08941712769466,0.690813867748258,0.920995277412457
1760,1.22931233967593,25,1.10737388528514,1.24151081549087,1.07383775548595,0.752004472076924,0.920995277412457
1761,1.47808267529309,25,1.35202311824501,1.50557764521564,1.22807655427808,0.862181918723357,0.920995277412457
1762,0.99113077203616,25,0.892321931787073,1.00961933794516,0.861513660645968,0.592638005740651,0.920995277412457
1763,1.16259797244001,26,1.03767470193067,1.17242729982695,0.972639374621372,0.675850394244351,0.923208369284049
1764,1.04472950627279,26,0.965273355115644,1.07539115037412,0.881934574705682,0.606151232805067,0.923208369284049
1765,0.839445075954935,26,0.77435074481004,0.859232221700927,0.774710369608487,0.511660393922083,0.923208369284049
1766,0.837591693546685,26,0.762476070533033,0.860163835142706,0.78511296727133,0.507764475270296,0.923208369284049
1767,1.06705390355605,26,0.971566613867433,1.1056539834433,0.931508999058948,0.649060428035383,0.923208369284049
1768,1.20331461796574,26,1.10679692145176,1.24073988902555,1.05795149184969,0.757294512353659,0.923208369284049
1769,0.812118392580186,26,0.770068327462355,0.855674176259489,0.717430256435364,0.483884574624031,0.923208369284049
1770,1.3528737153215,26,1.27981969816805,1.38743752128629,1.15276831953161,0.818252104724166,0.923208369284049
1771,0.954194810306142,26,0.911841616981238,0.981704536887373,0.896951839400897,0.600258739469461,0.923208369284049
1772,1.28840672525803,26,1.2281473601257,1.28915371775736,1.15647413872905,0.818762505840857,0.923208369284049
1773,1.1047419133396,26,1.05091641518275,1.12510450194049,1.00735540873898,0.721678579409129,0.923208369284049
1774,1.11507771222845,26,1.08532897203819,1.13754418995319,1.05054124781404,0.729092679541196,0.923208369284049
1775,1.22146555696711,26,1.22222020585405,1.19838062989328,1.12781997487407,0.806101951660546,0.923208369284049
1776,1.17292561886342,26,1.20514190745046,1.21696877374001,1.06653159160333,0.782501479312808,0.923208369284049
1777,1.17079223298508,26,1.23375951799297,1.1971350120219,1.07215228381723,0.769039129189979,0.923208369284049
1778,0.547984852532482,26,0.586802295623322,0.575736091962024,0.553121495299256,0.349157395264861,0.923208369284049
1779,0.676962111552716,26,0.744809705328719,0.710709143320609,0.616244562807235,0.382314431720608,0.923208369284049
1780,0.779993196991673,26,0.860676632057189,0.795929350696793,0.762137189419566,0.504896262958546,0.923208369284049
1781,0.750683784404426,26,0.863898113840328,0.768935250900319,0.706584719285259,0.467849595657365,0.923208369284049
1782,0.594785876122232,26,0.652213940144874,0.608967654114633,0.582869056090064,0.364082211333068,0.923208369284049
1783,0.721083362189634,26,0.826171228309688,0.724012239452657,0.660878766557691,0.421415298201633,0.923208369284049
1784,0.980674255018201,26,1.16351065687347,1.00781052991307,0.897745630995993,0.612229371278858,0.923208369284049
1785,1.01403612975636,26,1.16328634311241,1.01690222369854,0.893247139976305,0.607549583819742,0.923208369284049
1786,0.826695146628302,26,0.929626029164332,0.837808486263292,0.755255243661133,0.519450315813467,0.923208369284049
1787,0.723627324217998,26,0.844001458094152,0.758521262233843,0.653330124350905,0.427971900458052,0.923208369284049
1788,0.704666443426759,26,0.797532609001746,0.728355645707843,0.615283748199162,0.416096240649161,0.923208369284049
1789,1.03055202918821,26,1.18014305886942,1.06461622579111,0.880762176215676,0.60277909662167,0.923208369284049
1790,1.06918454217183,26,1.29715652187073,1.09625195607175,0.871597609172119,0.610754337380794,0.923208369284049
1791,1.1853126362864,27,1.38329796776554,1.20133747874643,1.06230064990563,0.758013305809853,0.924152503807726
1792,0.901083840969276,27,1.00988822311148,0.905990593828023,0.798237699549044,0.551342350547268,0.924152503807726
1793,0.913546278329656,27,1.05786707711867,0.963481157259773,0.785324143842465,0.53510888184925,0.924152503807726
1794,0.908059787719595,27,1.02317625145323,0.956870686724256,0.808115773266068,0.545142659566795,0.924598516885153
1795,0.833969288842743,27,0.925252937441812,0.868390652243999,0.773435975885138,0.521860415187394,0.924598516885153
1796,0.493566922228617,27,0.567084375809518,0.5425794442012,0.494530923864074,0.301171456814453,0.924598516885153
1797,0.742558365088359,27,0.831160362753566,0.815258951956221,0.689491782240151,0.450268100773086,0.924598516885153
1798,0.805360752985922,27,0.879923599390285,0.854448375249332,0.762362093432048,0.507699244708831,0.924598516885153
1799,1.07247374974119,27,1.15512815677743,1.11948768184686,0.947347099786572,0.638615515122141,0.924598516885153
1800,1.02522248168117,27,1.13971742046562,1.0817237882626,0.953624473008493,0.655359451066046,0.924598516885153
1801,0.87666850325861,27,0.950520497038866,0.923624376161511,0.770594403507302,0.515112281308371,0.924598516885153
1802,1.04419582428169,27,1.09374042244732,1.08407903835189,0.926595681359549,0.61460186767917,0.924598516885153
1803,1.10518207988143,27,1.14718612899261,1.16826801767875,0.973242741837377,0.670454030556968,0.924598516885153
1804,0.84325737556479,27,0.875772232763847,0.878108724199723,0.765518470453419,0.512197786707991,0.924598516885153
1805,0.851604594860155,27,0.881625773694934,0.890658176350707,0.763491379646948,0.524821673440111,0.924598516885153
1806,0.680726429816417,27,0.690004342346855,0.702399759400267,0.627197997672726,0.424551847323254,0.924598516885153
1807,0.814226260888071,27,0.824384032400237,0.862723579289192,0.758815611230575,0.508178618073134,0.924598516885153
1808,0.989954886356331,27,0.980483059831268,1.00922958890392,0.915751906750835,0.622897784022561,0.924598516885153
1809,1.15590365560714,27,1.14600499205211,1.17457298440719,1.03351908820009,0.71724238803808,0.924598516885153
1810,1.06737268354682,27,1.02380574428684,1.10686253364864,0.96428968379318,0.660501901845266,0.924598516885153
1811,1.27535932323344,27,1.20464996977656,1.32044648225425,1.13239332428117,0.800364367732778,0.924598516885153
1812,1.2221570067481,28,1.22344021307727,1.2768674902287,1.02229782403615,0.75271779873689,0.92810546876798
1813,0.960013913548114,28,0.938873828749862,0.992849296803355,0.87504430287985,0.612841377354568,0.92810546876798
1814,1.16941867429915,29,1.18790627384343,1.22772474626531,0.992069877901271,0.688651354549672,0.930430548082969
1815,0.905859380659802,28,0.926854264899299,0.960342654597492,0.810154299875506,0.557697268736919,0.928577467510714
1816,1.0506504215309,28,1.07922969387997,1.11740746022746,0.931829807656435,0.623240980311999,0.928577467510714
1817,0.932399230124934,28,0.985494134751628,0.987548590362239,0.822951306525478,0.567047579148377,0.928577467510714
1818,1.09425060835966,28,1.16199183802437,1.15495467652906,0.967995299209896,0.661361559255068,0.928577467510714
1819,0.899232374574465,28,0.97495484897442,0.973049144386913,0.814355466417716,0.549306238103566,0.928577467510714
1820,0.838733522347513,28,0.971862976493965,0.918251840670355,0.793752160904775,0.539043983761804,0.928577467510714
1821,0.823901991592307,28,0.989256335988768,0.92827177451369,0.788743149072548,0.534706363067014,0.928577467510714
1822,0.688532983474869,28,0.811076270340447,0.759039853609433,0.656032525873024,0.440213700738102,0.928577467510714
1823,0.716683531044097,28,0.830932246411032,0.770373989900308,0.682718765715931,0.455536491637028,0.928577467510714
1824,0.630023029660256,28,0.781063778767142,0.730754356792119,0.621999022024267,0.41825861494232,0.928577467510714
1825,0.778365432994381,28,0.904406979415365,0.832412888733228,0.718677669381931,0.480000660562527,0.928577467510714
1826,0.915384146540671,28,1.048812608109,0.984096231177672,0.812273339463745,0.55694654245603,0.928577467510714
1827,0.671172573627955,28,0.787136005671569,0.73321642184899,0.644237785122199,0.431011016873453,0.928577467510714
1828,0.88744176782048,28,1.02769850230796,0.957000186750292,0.799893582926191,0.54642845163916,0.928577467510714
1829,1.10640213240005,28,1.25745551742913,1.18160237184821,0.997789698478717,0.681681775160643,0.928577467510714
1830,0.665359271743507,28,0.748920510933973,0.706285779120726,0.627723962855146,0.424315259186488,0.928577467510714
1831,0.625436688372898,28,0.694223377934371,0.6728507586406,0.565128500099495,0.377019720456108,0.928577467510714
1832,1.13196394135368,28,1.2417682058723,1.20235721736663,0.991822562135783,0.696268021443573,0.928577467510714
1833,1.0080154019977,28,1.08276901104431,1.09202342370485,0.885292557428889,0.611402160215777,0.928577467510714
1834,0.967799885855222,28,1.02914861902474,1.04371311933708,0.849869555348753,0.584443077824692,0.928577467510714
1835,1.22039702477385,28,1.29285052917814,1.30671408766149,1.02993156721185,0.687083311156603,0.928577467510714
1836,0.993523704228471,28,1.02444688200395,1.0511038739213,0.88920854015991,0.607976784667729,0.928577467510714
1837,1.03140742001618,28,1.06943428597138,1.09193038934439,0.878599291094664,0.616061830670306,0.928577467510714
1838,1.04310342939005,28,1.05539451270252,1.09136687474908,0.938830860820726,0.641957239654942,0.928577467510714
1839,1.05174008928106,29,1.09294916128793,1.0735460127405,0.952214280068829,0.674449612010835,0.931309609052772
1840,0.926094495425969,29,0.919831924129675,0.974279965572818,0.807104754343685,0.559942883690193,0.931309609052772
1841,1.22064867537696,29,1.23636597415193,1.29859157519223,1.11882425012669,0.774834454799005,0.931309609052772
1842,0.627825601847207,29,0.633196338265781,0.67692387856331,0.575309228584654,0.366458678951122,0.931309609052772
1843,0.852268849235788,29,0.857697452042333,0.897189179398605,0.785355773371958,0.536452834086782,0.931309609052772
1844,0.637781874046523,30,0.634763982305262,0.676807484291878,0.614747860829005,0.401553297970922,0.934320201982571
1845,1.41448023650095,30,1.40168554873982,1.49708399552265,1.2906662408921,0.896157894374059,0.934320201982571
1846,0.794846623128645,30,0.742845059496052,0.834012812605429,0.745308933391985,0.497871594952536,0.934320201982571
1847,0.582548216997874,30,0.605540565573982,0.650287577570743,0.56842846385917,0.363577405077461,0.934320201982571
1848,1.02719464226664,30,1.01338364713278,1.08813287610209,0.984630833864349,0.664368319321598,0.934320201982571
1849,1.18189199281641,30,1.14935678498445,1.27073952592433,1.09561031476994,0.756535027024391,0.934320201982571
1850,0.864322075882456,30,0.814166450917372,0.926995920466996,0.802269780948339,0.533344216667312,0.934320201982571
1851,1.11019815387719,30,1.02680875925305,1.17217641388207,1.01001023157855,0.692794537227275,0.934320201982571
1852,1.30020718653325,30,1.17117414077461,1.37823716504948,1.1386904176309,0.792402183933582,0.934320201982571
1853,1.2063429015447,30,1.08186227851138,1.25999080227278,1.03639880591936,0.706956088048211,0.934320201982571
1854,1.26384905797812,30,1.12765643499001,1.32456030105646,1.1138241670252,0.773365419960656,0.934320201982571
1855,1.30229837352268,30,1.15275055333915,1.3716961894011,1.16651829639358,0.801050640957139,0.934320201982571
1856,1.04012151252954,30,0.898070457797492,1.09092643825831,0.909833793242512,0.606308329994822,0.934320201982571
1857,1.28364179659965,30,1.08998972944683,1.33097277892203,0.997030780657585,0.686208148872042,0.934320201982571
1858,1.23865501388246,30,1.09104268475822,1.30965100039025,1.07913288446848,0.76220906119796,0.934320201982571
1859,0.805990279485538,30,0.710544091009206,0.847523613290689,0.750515058144905,0.506005738273283,0.934320201982571
1860,1.34976230890359,30,1.1885372046666,1.43374051586592,1.12142925405915,0.807850519086611,0.934320201982571
1861,1.31659919129279,30,1.19237440291403,1.37095084727195,1.12644711786543,0.781850227279129,0.934320201982571
1862,0.755900907301364,30,0.699784482795336,0.81557936421956,0.720619080379204,0.458593517868195,0.934320201982571
1863,1.19062594874318,30,1.09299873351168,1.28727610491913,1.01655214254463,0.703407553314452,0.934320201982571
1864,1.15627136221448,30,1.0622321948278,1.24748154835053,1.02193100366567,0.699751876557143,0.934320201982571
1865,1.03099223713472,30,0.946321186716068,1.09426861986724,0.926635995098493,0.616436999727346,0.934320201982571
1866,1.15962880259757,30,1.07942275952916,1.23066114348494,1.04575464747733,0.720787672082331,0.934320201982571
1867,0.682948985487825,30,0.659080273655493,0.722682863363856,0.657547373203777,0.438969233759189,0.934320201982571
1868,1.02346806895172,30,0.973530210088138,1.08880870467398,0.912679094037954,0.633143779202179,0.934320201982571
1869,0.849048103073686,30,0.824496084759367,0.922819690585803,0.757680173551934,0.51109407752472,0.934320201982571
1870,1.10645847553528,30,1.04435945534266,1.20565142007802,0.994403890432543,0.674699735877458,0.934320201982571
1871,0.974713490422697,30,0.89139481805996,1.00783735309746,0.887604022599388,0.590750167308041,0.934320201982571
1872,1.08503469854198,30,0.992500237539451,1.13351910833899,0.968453068605143,0.652948245448674,0.934320201982571
1873,1.00892439150761,30,0.91714459997201,1.06442466041034,0.900815243162343,0.60583215728008,0.934320201982571
1874,0.996708689002779,30,0.886735332107494,1.04409638210917,0.886175658833311,0.590046507723315,0.934320201982571
1875,1.29717473731433,30,1.1529435644877,1.3639435104423,1.1347395575173,0.794477708268141,0.934320201982571
1876,1.02729468009283,29,0.897337905693184,1.0923006227032,0.898453399617971,0.597487344896904,0.932979983385508
1877,1.74647739082157,29,1.50238287369188,1.8669806548589,1.46941387545265,1.05200857154666,0.932979983385508
1878,1.25004997731255,29,1.08032637223692,1.32593032229536,1.03035984482784,0.752352109160579,0.932979983385508
1879,1.1936812420488,29,1.01495779814578,1.26839758566872,1.05621220353782,0.738431458374242,0.932979983385508
1880,0.868688793969217,29,0.76254759074234,0.927913696378375,0.78227861469522,0.522418721816364,0.932979983385508
1881,1.32663049094389,29,1.13839721660068,1.38210522772496,1.11493300278953,0.789573890145231,0.932979983385508
1882,1.11647689508306,29,0.962100770250296,1.15953264809001,0.945416737047939,0.652435987221284,0.932979983385508
1883,0.958755441118466,29,0.86349076749034,1.00711578410719,0.903488887690267,0.629935061049957,0.932979983385508
1884,1.15664053502454,29,1.05110951975083,1.20055847030034,1.05326924292696,0.725516115601919,0.932979983385508
1885,1.63848377347306,29,1.49700526072706,1.71844178173685,1.43412158277844,1.04352558155339,0.932979983385508
1886,1.07701782709141,29,0.982740910331284,1.11596224884275,0.963365101638566,0.668339240352874,0.932979983385508
1887,0.914155307713648,28,0.843362001430445,0.951973176133817,0.826907505282336,0.560054573059568,0.931430761276603
1888,0.850687762910205,28,0.812685940981663,0.858231372124932,0.741820057629002,0.515266912683458,0.931430761276603
1889,0.890278760147046,28,0.876923848196636,0.955897871804804,0.757782677484778,0.524530149336,0.931430761276603
1890,0.867223176263759,28,0.863369958155118,0.941445466904693,0.746636182594776,0.506752330445806,0.931430761276603
1891,1.1342653207483,28,1.15089006853419,1.23186028985991,0.975146066122837,0.676424512930096,0.931430761276603
1892,0.872883040144621,28,0.893615468151229,0.898968397009679,0.796237298237023,0.547307593160431,0.931430761276603
1893,0.652877835982601,28,0.710074649569035,0.707705259092251,0.633725414016939,0.424957149218931,0.931430761276603
1894,0.994681877309848,28,1.0593023458557,1.04238561088463,0.895769786085632,0.629395262694914,0.931430761276603
1895,0.851689993421697,28,0.914679142387168,0.855587344251177,0.79936795969448,0.532530657758158,0.931430761276603
1896,0.899153191977545,28,0.95242832435905,0.962546188848174,0.819796364316775,0.569007681787795,0.931430761276603
1897,1.02105826772043,28,1.0818742436061,1.11081684475914,0.866819013870952,0.590146487030062,0.931430761276603
1898,1.13530003681363,28,1.19942534470433,1.20542306684706,0.945074517382841,0.658579226443397,0.931430761276603
1899,0.891691840166927,29,0.996233246414365,0.961121510846445,0.804071037595,0.541239504042214,0.934068671308471
1900,1.03649523214355,29,1.14547930443545,1.12762618930527,0.910393659809973,0.61747482370893,0.934068671308471
1901,0.950842142154763,29,1.03919465519106,1.0180379183822,0.870699160282631,0.592861685637424,0.934068671308471
1902,0.778975330262001,29,0.863357294810105,0.842263995942081,0.750348485747045,0.494166638213462,0.934068671308471
1903,0.717428480784054,29,0.802292711554515,0.781158500843201,0.694434360536048,0.447887976760695,0.934068671308471
1904,0.737964380115582,29,0.841989391182066,0.796197895164422,0.737095757534192,0.46774605023777,0.934068671308471
1905,0.937332604783255,28,1.01971431536779,1.0044348265368,0.896548102906969,0.590882614565321,0.933927828128027
1906,0.916246576651559,28,1.00219190648803,0.971281970742,0.83700728278988,0.568213063130358,0.933927828128027
1907,1.08460907230686,28,1.1478260175529,1.17480123085266,0.93050022850101,0.635947746992557,0.933927828128027
1908,1.15369228815322,28,1.19586567417193,1.23797329964105,1.02433127984331,0.731726384147918,0.933927828128027
1909,0.877604640485474,28,0.962683843347675,0.943654227847386,0.773871978203805,0.537097051499229,0.933927828128027
1910,0.787566163928708,28,0.884375656595121,0.831871144227088,0.746156032652268,0.494155182471086,0.933927828128027
1911,0.930719423847274,28,1.0403046516014,0.985010722142176,0.854596478962991,0.57846720625683,0.933927828128027
1912,1.01889491105666,28,1.13326373604522,1.09389267291438,0.938717278682935,0.650822741846643,0.933927828128027
1913,1.16658040470379,28,1.33101835366042,1.25845632200307,0.998965478917628,0.69722451509975,0.933927828128027
1914,1.27316417999521,28,1.45799980474826,1.37353120049937,1.10003286562839,0.772069681252072,0.933927828128027
1915,0.665888648810977,28,0.800090408908874,0.719097360750814,0.628133934943085,0.418125425893979,0.933927828128027
1916,0.680931603984301,28,0.83172857681812,0.738137905755498,0.647685124421669,0.411982220697358,0.933927828128027
1917,0.544269246910323,28,0.649445998699373,0.591805129033002,0.578256661335243,0.366931401841589,0.933927828128027
1918,0.432162830014767,28,0.511945805209344,0.46105746433427,0.449633403722671,0.284993482699705,0.933927828128027
1919,0.674257866882782,28,0.786772284174591,0.754067806629528,0.640615368615595,0.403218306152741,0.933927828128027
1920,0.796546766467027,28,0.922383394857659,0.850975353567009,0.759114661054304,0.480542976036526,0.933927828128027
1921,1.1567511025997,28,1.30882753574716,1.20220910537892,0.974227272795269,0.679572798077299,0.933927828128027
1922,0.680808176105374,27,0.857618539296142,0.770082424689441,0.670765262011781,0.443145354962875,0.933493485672989
1923,0.999014092932067,27,1.19175825624213,1.10985658220603,0.993039113781262,0.691466483471853,0.933493485672989
1924,0.724315666281649,26,0.831353497048432,0.797417271523212,0.712202866393718,0.481053536618208,0.930497643087393
1925,0.882991344977168,26,0.97364388496715,0.92206714966905,0.820014668254799,0.536952530814698,0.930497643087393
1926,1.15375787669475,26,1.26111688546703,1.23209707943177,1.0544584673442,0.745549474142049,0.930497643087393
1927,0.95004007895623,26,1.02702529428942,1.01225467629646,0.836101599793628,0.574177308306913,0.930497643087393
1928,0.890857015430926,26,0.966936795732162,0.960953656808902,0.76579100658017,0.534430366798581,0.930497643087393
1929,0.938935498509814,26,0.985953924974587,1.00615401958598,0.80946277991797,0.574996293082351,0.930497643087393
1930,0.647812115713916,26,0.692222439769611,0.733463990309125,0.651079867336916,0.451650066334919,0.930497643087393
1931,1.49172397529212,26,1.51201281133854,1.55371279936096,1.32461376347388,0.947760771867626,0.930497643087393
1932,0.994883982800305,26,1.00258023565072,0.996869273077514,0.893270570600212,0.598040989730448,0.930497643087393
1933,0.635356911530868,26,0.640327022064727,0.637211653821457,0.638623965311574,0.42960812677651,0.930497643087393
1934,1.1277639829031,26,1.1624860786275,1.15744490224464,1.01695827394329,0.700380025225632,0.930497643087393
1935,1.07743757100938,26,1.10859398178353,1.10779095557158,0.976267585054762,0.659315813143857,0.930497643087393
1936,1.10990611827213,26,1.16411059585064,1.16185619043916,1.06201782731239,0.747331260554567,0.930497643087393
1937,0.645866465899057,26,0.685250407369133,0.667834027014404,0.665170802648965,0.430427148951116,0.930497643087393
1938,0.896716774377907,26,0.925362523540963,0.890352345106087,0.829928554890607,0.560840513107765,0.930497643087393
1939,1.05373960416652,26,1.14475984153038,1.08263979395905,0.973157897474892,0.675664467153462,0.930497643087393
1940,0.952554914660284,26,1.01801388557735,0.986795295332842,0.857377992120873,0.551553704754181,0.930497643087393
1941,1.21429368712242,25,1.31027258961426,1.30921678124022,1.04561876341353,0.716929496370846,0.925835519102396
1942,0.974054914354386,25,1.02685535987783,1.02534658670424,0.915985861907046,0.608406409248801,0.925835519102396
1943,0.895585147131425,25,0.952975655118551,0.946332414850749,0.88997208951292,0.568054911306815,0.925835519102396
1944,0.83003089942935,25,0.885988354888769,0.859790469177089,0.812081959510872,0.554664197088942,0.925835519102396
1945,0.934117674755138,25,1.01146801026224,0.952688679867247,0.920973478417384,0.622336489969254,0.925835519102396
1946,0.631350992079585,25,0.703467750327372,0.669064514634098,0.65087463059216,0.431775203943424,0.925835519102396
1947,0.947304346268533,25,1.08157704503066,0.976343574289185,0.868271430061255,0.618147932233718,0.925835519102396
1948,0.768143126271631,24,0.833804809515065,0.811648294137044,0.814377839155282,0.509194539296383,0.922036452619721
1949,0.720591048583319,24,0.739531373287634,0.745424262090332,0.743299034055492,0.488288762530794,0.922036452619721
1950,1.00789725422958,24,1.07117306989717,1.06437243793496,0.940057940295416,0.625141688511655,0.922036452619721
1951,0.994090166039661,24,1.03392316720942,1.04145471644772,0.920653017392615,0.626759979156697,0.922036452619721
1952,1.13901742609597,24,1.1585084432103,1.13373686066163,0.929754006416113,0.642582566109032,0.922036452619721
1953,0.960986936867849,24,1.01071444273006,0.997815978296772,0.904382630166487,0.632751274845488,0.922036452619721
1954,1.2000012984194,24,1.15860008597825,1.21468658579527,1.07575606599323,0.749476367495186,0.922036452619721
1955,1.05291231092647,23,1.04861064409784,1.08741495996998,0.940845364746687,0.62652557942204,0.919235829280097
1956,0.875922063859712,23,0.853249171288225,0.922466166247257,0.80888902651339,0.556262625716995,0.919235829280097
1957,0.918090118986901,23,0.883923049663232,0.904366102805145,0.849108867920652,0.562331313820016,0.919235829280097
1958,1.08759881515827,23,1.1147497318629,1.15560058335813,0.962583240077498,0.671876311294487,0.919235829280097
1959,1.15716480218698,23,1.0905762285531,1.14659087871078,0.941885374993094,0.629350065632302,0.919235829280097
1960,1.022264119886,23,0.93653616942002,1.007961532001,0.869985450784025,0.558118499522625,0.919235829280097
1961,0.91066951920442,23,0.868120579720093,0.978704313432909,0.780872050313339,0.551839011057401,0.919235829280097
1962,1.04553449384857,23,0.95905582413431,1.0969841968413,0.966955941063349,0.613872896917081,0.919235829280097
1963,1.35436879922625,23,1.28171502704422,1.45687619942076,1.26583577616371,0.783359425335816,0.919235829280097
1964,1.3671282863979,23,1.26833173209554,1.45282513566869,1.27629652825853,0.828879841817538,0.919235829280097
1965,0.89835415102669,23,0.80839084729353,0.95180974080293,0.855788348888055,0.597668662583993,0.919235829280097
1966,0.986226321821972,23,0.828396424040024,1.01528423005449,0.952205432907815,0.641482938215159,0.919235829280097
1967,0.55721369608083,23,0.470818773542568,0.541242881446596,0.517448746835243,0.363719566480578,0.919235829280097
1968,1.15020438892779,23,0.950337460495304,1.12576481066786,1.12629669352508,0.789442147345089,0.919235829280097
1969,1.20847809351381,23,0.989965824839351,1.24868097345211,1.18113999230079,0.81944984310404,0.919235829280097
1970,1.18026308619153,23,0.952786624855522,1.12890480273494,1.18567426619944,0.825594586130548,0.919235829280097
1971,1.25295033799451,23,1.00721678136563,1.12495498888182,1.23134917080059,0.863768575351206,0.919235829280097
1972,1.33377798816209,23,1.01930796032618,1.25545804532506,1.18893093171704,0.839299839586531,0.919235829280097
1973,1.15359429245141,23,0.878929437641335,1.10021386295271,1.09902619653092,0.792760058613758,0.919235829280097
1974,1.66563808172518,23,1.33019959186592,1.62970662718973,1.55584339521849,1.02870261604165,0.919235829280097
1975,1.49441625701522,22,1.11305944976168,1.43375406148299,1.40141253600658,1.0507232174696,0.91563471069941
1976,1.30913597677423,22,0.948648758445732,1.27688951607,1.28750079557897,0.917883709586584,0.91563471069941
1977,1.82075459984598,22,1.3533226721602,1.85932363346037,1.66428167546282,1.26788577110806,0.91563471069941
1978,1.69277944285898,22,1.24796973392912,1.71875280875066,1.52503813346347,1.11278401105785,0.91563471069941
1979,0.900773571510997,22,0.713083240563374,0.9610275792476,1.0227847741361,0.713458198607401,0.91563471069941
1980,1.62529756899183,22,1.2259826902543,1.67430421494834,1.53877516308263,1.10745322357248,0.91563471069941
1981,1.00042588503228,22,0.803348757609712,0.979323882571647,0.951134481817857,0.613845083101124,0.91563471069941
1982,0.870836352558867,22,0.693500722235035,0.854952587371267,0.908579924365755,0.612812001587969,0.91563471069941
1983,1.39704861202432,22,1.03488636254035,1.34990497577133,1.27448553812684,0.845627207481378,0.91563471069941
1984,1.63189796429399,22,1.24294122353711,1.64587869948487,1.48059490379963,1.10228539426188,0.91563471069941
1985,0.986643923637614,21,0.787189604262694,0.971117345857151,1.07177394427576,0.749608666504541,0.910724876314744
1986,1.15704176968659,21,0.914555551051603,1.11450502311479,1.20974937424126,0.83746622543618,0.910724876314744
1987,1.12621954041244,21,0.899343205147264,1.14189917949045,1.23402307829592,0.833993124378105,0.910724876314744
1988,1.16045787770016,21,0.900549610554025,1.145786420752,1.16803302815649,0.80169824651106,0.910724876314744
1989,1.01762159232769,21,0.801002404714223,0.999998491607094,1.10366231511003,0.746142214465769,0.910724876314744
1990,1.68173391077724,21,1.33740226412942,1.65844694637941,1.65369061243869,1.1900206259305,0.910724876314744
1991,1.28247846416604,21,1.08725137019099,1.2597979046316,1.35941130477733,0.933221901817299,0.910724876314744
1992,1.2081882031984,21,1.03574946345286,1.25882950563653,1.29405885059198,0.840436437108366,0.910724876314744
1993,1.35239171696129,20,1.12595529770189,1.36370739998641,1.35087608699176,0.988009594386923,0.909305483006392
1994,1.22191426187763,20,1.03430647123761,1.23189356576677,1.18164606846355,0.80165163135332,0.909305483006392
1995,1.04087389353112,20,0.882256139188618,1.0782656446716,1.10540390249087,0.73463628785417,0.909305483006392
1996,0.808266306558632,20,0.676552673964587,0.832030078364769,0.847061120712689,0.567954955120749,0.909305483006392
1997,1.20299677695819,20,1.18731151577807,1.2446401950704,1.30104709443635,0.93765031011819,0.909305483006392
1998,1.0674490186098,20,1.04625104059304,1.15874006549202,1.08165149947208,0.765293581871971,0.909305483006392
1999,1.0300583276741,13,0.947386749102375,1.08041079979266,1.14005793908847,0.769565235741681,0.874184422460922
