"year","ModNegExp","samp.depth","Spline","AgeDepSpline","RCS","SFRCS","EPS"
715,0.413904608101074,1,0.472613055881782,0.462312165432415,0.503679016620499,0.253062130810008,NA
716,1.47512807962359,1,1.63987838696947,1.62578848862556,1.65053939195816,0.933688234077451,NA
717,0.951311438122017,1,1.03088688516121,1.03516385122465,0.974953902888752,0.562799213474006,NA
718,0.327055843675809,1,0.345891172697587,0.351573142247675,0.315338697119128,0.165305487718558,NA
719,1.12224207335522,1,1.15967005801705,1.19246269334196,1.12353428875992,0.612031034996881,NA
720,1.07506142117433,1,1.08750376437945,1.12983242344722,1.01631763986548,0.538981173127464,NA
721,1.08588171333309,1,1.07811107748651,1.12939001787995,1.10821321384791,0.619809500118283,NA
722,0.995321039650234,1,0.972982853027963,1.02509188695481,0.975389731864477,0.542774226991551,NA
723,1.3930052051139,1,1.34567535373642,1.42149928269113,1.26477662552738,0.728503831481841,NA
724,1.20228861495853,1,1.15241802008522,1.21632859728629,1.00077682832094,0.592845707234275,NA
725,1.73665360569632,1,1.6583994483349,1.74282935933438,1.33841303205465,0.789868025594602,NA
726,0.430404734171132,1,0.410924694397252,0.428712380450733,0.377660875948128,0.209216837740558,NA
727,1.02719178392451,1,0.982702265068031,1.01608912271339,0.90372320421211,0.486026173012175,NA
728,0.313085294532535,1,0.300561415155504,0.307732844607646,0.249497370862976,0.141713436062275,NA
729,2.50796402862981,1,2.41828481215087,2.45074622271814,1.95682424336129,1.12585486610546,NA
730,0.378150442863709,1,0.366581753695421,0.367567780692229,0.291329074478031,0.167006372815072,NA
731,0.759024707034172,1,0.739329578902442,0.73425881323418,0.583558058375635,0.33871837544144,NA
732,1.17307058808055,1,1.14609163927482,1.12994415711082,0.898730606488011,0.513099245578156,NA
733,0.719442071751779,1,0.703244768998402,0.690369670719034,0.549396110542477,0.30270826027506,NA
734,0.870158064636113,1,0.848153652618527,0.832232494410082,0.725178677106569,0.362852069733468,NA
735,1.02285048359346,1,0.990418846661331,0.975485767240093,0.807438960126471,0.437885528679445,NA
736,0.651338532333742,1,0.624120380645681,0.619688323254571,0.541041441271932,0.278505474767083,NA
737,0.704761054473607,1,0.665803191036492,0.669199259537606,0.530721166362926,0.275088075636928,NA
738,0.814916589514844,1,0.756818815971169,0.772603415200826,0.569690265486726,0.320525833726246,NA
739,1.64091284546259,1,1.49590863512974,1.55394381854364,1.18349806617963,0.620784586003335,NA
740,1.20653493662289,1,1.0799777469243,1.14173647416714,0.911277782859234,0.501754746325892,NA
741,1.69727869101906,1,1.49378664716602,1.60553011983366,1.13789690721649,0.620631464839984,NA
742,1.02697690272112,1,0.890570849435028,0.97145269481591,0.699523525908279,0.357362305060443,NA
743,1.0098593933882,1,0.864751380980498,0.955579985927181,0.599683782562867,0.330832128963444,NA
744,0.613021385364263,1,0.519555907438364,0.580456155691554,0.399120603015075,0.199185527951336,NA
745,2.42348373174724,1,2.03865959073702,2.29697907944785,1.42525031649212,0.770813077717009,NA
746,0.919551289469159,2,0.574232659573026,0.706838709619712,0.467304903243976,0.234183783905435,0.994834017726828
747,1.30895121869998,2,0.896835953170942,1.06999598210317,0.68577054745359,0.363686488427946,0.994834017726828
748,1.61439303190716,2,1.12844816499037,1.33177295549363,0.804701846687438,0.437368447481391,0.994834017726828
749,1.83542833889535,2,1.27789439945231,1.4953292777536,0.897522270923841,0.456232934378488,0.994834017726828
750,1.70933391546058,2,1.29423612865942,1.47007328696539,0.901399141133663,0.471007242588134,0.994834017726828
751,1.84182606732989,2,1.40322916488999,1.56467030136164,0.945095187950904,0.493184006140379,0.994834017726828
752,1.22741083823576,2,0.971096108840442,1.05324531053806,0.67884763561234,0.348621431882575,0.994834017726828
753,1.12813818175248,2,0.929886873296297,0.977730902941144,0.578260340092123,0.313248523977531,0.994834017726828
754,1.13880913489368,2,0.979265460008634,0.996094898609449,0.561899619459431,0.30582036275195,0.994834017726828
755,0.711417484323216,2,0.639372480325173,0.628570376702079,0.33750110372647,0.181641476739624,0.994834017726828
756,0.934276221334645,2,0.876868203741963,0.833675154875458,0.43353241352232,0.231097401385157,0.994834017726828
757,0.750675568973864,2,0.733910430132216,0.676003417226008,0.376222924177116,0.194935444269385,0.994834017726828
758,0.592279490975496,2,0.60153761721885,0.53825299384342,0.304849100023581,0.152696458204378,0.994834017726828
759,1.04393437068898,2,1.09808018085901,0.957575030075988,0.520537617281534,0.275438325247449,0.994834017726828
760,0.837654455625448,2,0.909838169809891,0.775674238814548,0.415633713260826,0.224692983114028,0.994834017726828
761,1.16699816478347,2,1.30364086943597,1.08991206968564,0.56288671841117,0.31184952660336,0.994834017726828
762,0.500026736600092,2,0.573522918942814,0.471428423061006,0.2432968691858,0.131310892441762,0.994834017726828
763,1.20076160702394,2,1.40805235604774,1.14120747364921,0.589248361813217,0.323854140651533,0.994834017726828
764,0.671226857018736,2,0.802907195144005,0.643042830471148,0.338664409386642,0.184434931084238,0.994834017726828
765,0.735018555179374,2,0.895418170300712,0.709959796028641,0.384725786439823,0.196225816019057,0.994834017726828
766,1.57001742079968,2,1.94345406018419,1.52808789964096,0.823515191377687,0.43702051914053,0.994834017726828
767,0.685827779275164,2,0.862049274938884,0.672822390203614,0.383707005058104,0.199803844874258,0.994834017726828
768,0.879524383178572,2,1.1193255470172,0.869096874833107,0.464969619060548,0.234948889053425,0.994834017726828
769,0.890854725829799,2,1.14397610676314,0.886346425469911,0.447516317856766,0.239588477227048,0.994834017726828
770,0.386057984633886,2,0.498654017542513,0.38695024427866,0.19960926078985,0.0999605636495054,0.994834017726828
771,0.702832709044055,2,0.906493196543142,0.708778839459776,0.363749443305304,0.196443498258378,0.994834017726828
772,0.553959933960649,3,0.689853530238038,0.564788953978926,0.282450454016282,0.142884176460157,0.99434469595498
773,0.55988080140719,3,0.67381752854301,0.544002535588947,0.291781757324829,0.149392878943877,0.99434469595498
774,0.985728188911892,3,1.21588463911002,1.01559972040863,0.457869718470121,0.251910617818307,0.99434469595498
775,0.612671808564059,3,0.696670752775389,0.616190581521489,0.308840016309771,0.165555029976068,0.99434469595498
776,0.717231639767284,3,0.840898067808105,0.74918048239831,0.347932408998437,0.185521204863203,0.99434469595498
777,0.648418817726449,3,0.727362540440515,0.673754949123803,0.321297308255015,0.165058940714495,0.99434469595498
778,0.882722548995246,3,0.972894671807539,0.89720612775044,0.49113485524171,0.242576020822594,0.99434469595498
779,1.01523041021318,3,1.08015159923207,1.06219787438232,0.5172062143413,0.276696406493722,0.99434469595498
780,0.93324192539173,3,0.978705103581664,0.963161112920011,0.483317765914205,0.253010285914824,0.99434469595498
781,1.11571729391014,3,1.19231138519779,1.18429549759041,0.54021362591036,0.280970018172861,0.99434469595498
782,1.99702168035645,3,1.99960141888024,2.07837088869029,0.956887244511091,0.502865815915277,0.99434469595498
783,1.65776436767489,3,1.68704963391183,1.75247626819676,0.877273894474642,0.452265135636073,0.99434469595498
784,0.971260763831847,3,0.978219509767285,1.02834831264943,0.49317314758996,0.264779752809643,0.99434469595498
785,0.921714549117472,3,0.957127462175432,0.985111107598185,0.427556964248577,0.244635402216648,0.99434469595498
786,0.753923766381778,3,0.788131081226144,0.822011380648905,0.351870391243261,0.187351314814365,0.99434469595498
787,0.837115721233162,3,0.877824356883363,0.912824605729426,0.417250758526504,0.224297877082879,0.99434469595498
788,0.597778603237716,3,0.640752491792316,0.65722513971905,0.357781055505771,0.176614927289968,0.99434469595498
789,0.883362683010841,3,0.958104007288279,0.984679738415306,0.480702738906654,0.26231859550649,0.99434469595498
790,1.06845179791452,3,1.17105016585479,1.18419849269459,0.52919197028247,0.263351609655935,0.99434469595498
791,0.675858024384647,3,0.747010059479497,0.753459799006209,0.376536972295827,0.208808355547285,0.99434469595498
792,1.07644926463642,3,1.19646772946881,1.20737410445721,0.583814609499501,0.335007818274109,0.99434469595498
793,0.834674303319084,3,0.94536729036394,0.951532657882498,0.445146143854098,0.229163409421446,0.99434469595498
794,0.947786466910686,3,1.06038118829705,1.0537049867612,0.50853809734247,0.270330854129131,0.99434469595498
795,0.829001232648982,3,0.908063292541416,0.905525594289895,0.432377616365628,0.245241692256649,0.99434469595498
796,0.779758128587128,3,0.851969695459482,0.884012081412089,0.423729644569935,0.237574452462604,0.99434469595498
797,0.741336715336807,3,0.791037559960296,0.838591109901613,0.39228449568594,0.211033545401699,0.99434469595498
798,0.7683333440257,3,0.81358533891707,0.899617881280829,0.401210278621666,0.218722551817264,0.99434469595498
799,0.558998922140958,3,0.570759452137646,0.621917830489296,0.298150949246343,0.153913890592872,0.99434469595498
800,0.924742789624471,3,0.897751733511794,1.03735045810699,0.460089661063607,0.24485927584959,0.99434469595498
801,0.826629922530622,3,0.802525705060947,0.970520404684865,0.426862341589025,0.212044542449073,0.99434469595498
802,1.2441415657037,3,1.14424767455264,1.42647531999831,0.612323602204978,0.314232460930881,0.99434469595498
803,0.606243408303913,3,0.539266796499238,0.698011544176002,0.304372875022037,0.150782402758454,0.99434469595498
804,1.78265810522639,3,1.5971087819374,2.1375099005584,0.964583212427974,0.466758253094364,0.99434469595498
805,1.55055479382646,3,1.34320274038567,1.84247050310245,0.763962111288612,0.392739516806427,0.99434469595498
806,1.27321797465811,6,1.2174819380026,1.47991543867618,0.705241693662883,0.361077498699819,0.864772595862578
807,1.11322526117158,6,1.06387923396995,1.29063623026359,0.598523773195941,0.323368262896454,0.864772595862578
808,0.862825636617315,6,0.837049093917696,0.976076903757967,0.455734034511493,0.247300085582392,0.864772595862578
809,1.5373821305054,6,1.52471616868165,1.78345489829861,0.798260164650213,0.398928394356587,0.864772595862578
810,0.862163005087935,6,0.820184357798997,0.997836449793083,0.456830121103823,0.243947765887707,0.864772595862578
811,0.59419533285304,6,0.591834947454707,0.684699185091965,0.305847982940365,0.160153939528598,0.864772595862578
812,1.21218074704718,6,1.09244117370696,1.40696599994429,0.623495944788298,0.326828520839192,0.864772595862578
813,1.17555098352187,6,1.07591696190591,1.36489715135992,0.60956053085673,0.324336784569993,0.864772595862578
814,0.584926809513608,6,0.569450601930702,0.672241173031394,0.307264590076138,0.165674265841393,0.864772595862578
815,1.29596412620639,6,1.31943787606582,1.47304163995311,0.652797658569918,0.359614805573284,0.864772595862578
816,0.828490171016455,6,0.880288715001677,0.934602570630133,0.403006579000929,0.226029566394517,0.864772595862578
817,1.17252823585464,6,1.18085735407617,1.34905716908918,0.616960163677586,0.332993362242606,0.864772595862578
818,0.9041471077448,6,0.93259061934956,1.03752146262508,0.482532016362475,0.260222965176019,0.864772595862578
819,0.879556977766256,6,0.92196061763211,1.0045646770436,0.456047796892306,0.246197298438904,0.864772595862578
820,0.923846014637399,6,0.983936197897498,1.04270873639135,0.477765785379555,0.261661669832421,0.864772595862578
821,0.834881888115231,6,0.887240223560694,0.901530075412364,0.424019557943946,0.238334729519903,0.864772595862578
822,1.00964146004752,6,1.0961829315101,1.122076955818,0.517187343670376,0.293210432921633,0.864772595862578
823,1.12369193214571,6,1.23758883164583,1.25462428711677,0.583162309188501,0.3291683782003,0.864772595862578
824,1.38847066946684,6,1.5347325430773,1.53024990308161,0.733605178891531,0.401555533593398,0.864772595862578
825,0.491878922863455,6,0.539338468400601,0.535926150022238,0.278315512067268,0.140595588396548,0.864772595862578
826,0.638237682747755,6,0.706017051698276,0.709686990533705,0.344484802167677,0.185541971535341,0.864772595862578
827,0.570787017112369,6,0.65100459684176,0.621257954617038,0.323946997203799,0.169458513437479,0.864772595862578
828,0.707592188988588,6,0.814753066126566,0.774548382188,0.379308936467312,0.21933739514816,0.864772595862578
829,1.06315141586123,6,1.33809035968569,1.21178370596405,0.571087886121658,0.313080831989528,0.864772595862578
830,0.735074956257867,6,0.825797371026194,0.783946567612271,0.392210555785513,0.207169727429935,0.864772595862578
831,0.873744788108528,6,1.11306129757995,0.984830718594605,0.479920648053283,0.26015831873284,0.864772595862578
832,0.826516990839012,7,0.85399447306901,0.873772452044582,0.437708408544284,0.234856624487217,0.891834732982823
833,0.896048160896576,7,1.10959430698142,0.999399607790579,0.414168823389344,0.2663243181387,0.891834732982823
834,1.27527091253009,7,1.17352355326278,1.32298163111071,0.670577504647075,0.373078781139393,0.891834732982823
835,0.394135775965365,7,0.698251507012083,0.563931564554553,0.239659252989347,0.133807733281097,0.891834732982823
836,0.925251531696464,7,1.04964954699004,0.955475347084954,0.4585050527809,0.247866966505576,0.891834732982823
837,0.845032169632252,7,0.93433729962366,0.889481692795699,0.426189787681543,0.223126171058821,0.891834732982823
838,0.809469652747013,7,0.89765642104778,0.856649422915559,0.4335964318656,0.221716240341335,0.891834732982823
839,0.832767356410458,7,0.939267838243754,0.85752051119941,0.425119999927916,0.22224263130815,0.891834732982823
840,0.762253470536344,7,1.21238481510888,1.01791835596678,0.415009312872097,0.235003673731011,0.891834732982823
841,0.919012573593567,7,1.03391143500289,0.896487004050746,0.458084415079671,0.247741581049179,0.891834732982823
842,0.765193614560009,7,0.884320310095703,0.799083516440142,0.39077770651326,0.21015988931246,0.891834732982823
843,0.617595246011945,7,0.634587884640871,0.652555437252357,0.336246174548806,0.159450156090342,0.891834732982823
844,1.14868827447546,7,1.2716710481014,1.32836297012547,0.702416004156623,0.372337939072367,0.891834732982823
845,0.890468765746017,7,0.927780938178313,1.05803692979467,0.458675609110111,0.278560965733815,0.891834732982823
846,0.857398033539283,7,1.09841135461743,0.888782294217013,0.432364122107885,0.224467164729487,0.891834732982823
847,0.676504007845086,7,0.857688012879429,0.646771500616573,0.336787359578269,0.175031163646692,0.891834732982823
848,0.875945085104902,7,1.1525606402274,0.909435294648239,0.445796369933132,0.234557045407696,0.891834732982823
849,0.784003026070224,7,0.964126716195317,0.801598845667116,0.402461456945702,0.20499726851659,0.891834732982823
850,0.681034158101989,7,0.853985481631238,0.705082306865844,0.358949704984793,0.189502524612152,0.891834732982823
851,0.7734898528373,7,0.984773866666278,0.815641938706228,0.411799570717802,0.220944356898467,0.891834732982823
852,0.741107780091825,7,1.02238979068721,0.804170985486328,0.368331470390714,0.200424130894326,0.891834732982823
853,0.504869939489598,7,0.688577421846111,0.496592238121575,0.259560973060883,0.12997392859602,0.891834732982823
854,0.920154488498253,7,1.14021981036613,0.802001401587442,0.449025923373007,0.221408556471329,0.891834732982823
855,0.879162071344635,7,0.790504265618852,0.874039764482826,0.458334011159935,0.250524101977281,0.891834732982823
856,0.763622138431334,7,0.983623621579577,0.76042181152254,0.380208659956556,0.201660480752594,0.891834732982823
857,0.763552315927106,7,0.946964008896109,0.777873415878838,0.402914569828545,0.212794072362761,0.891834732982823
858,0.963232096340364,7,1.04655180623065,0.944769329334505,0.510266258848391,0.272818972280192,0.891834732982823
859,0.801188218784396,7,0.845983026397718,0.79351902188301,0.408967184658348,0.209048219643826,0.891834732982823
860,1.00424015479612,7,0.957663327851316,1.02976571160625,0.436168941364737,0.230486301385279,0.891834732982823
861,1.33512465906969,7,1.08339394488845,1.24690525866183,0.546949233318848,0.286282979116575,0.891834732982823
862,1.40548057222273,7,1.33503218945022,1.40384443533357,0.618186805299801,0.330271539922421,0.891834732982823
863,1.13226702579126,7,1.06406358761575,1.07286809325948,0.576517281495663,0.285432951877347,0.891834732982823
864,0.808938038672987,7,0.792823874714309,0.778288856326439,0.410308992464552,0.204911002531508,0.891834732982823
865,1.25547714647275,7,1.23336524624934,1.2129449536573,0.593577351221796,0.308803898885751,0.891834732982823
866,0.858053089553873,7,1.04251789548257,0.878387125596572,0.472706187989805,0.239517298971995,0.891834732982823
867,1.26893454774189,7,1.31580389843792,1.23999522209319,0.651445378043839,0.329945070953269,0.891834732982823
868,1.15894272202765,7,1.02636486245499,1.10719101053817,0.527007486408645,0.270318287081923,0.891834732982823
869,0.528053815653323,7,0.58400112223278,0.543511102288483,0.283225511361487,0.139463824839091,0.891834732982823
870,0.930249443571438,7,0.72235554792802,0.857655996121484,0.350800523462253,0.187056565678376,0.891834732982823
871,0.56017693347993,7,0.652989157620675,0.567213000646704,0.29536944195282,0.140488272617775,0.891834732982823
872,0.724228720400475,7,0.878927989655516,0.754980832194653,0.382416427259167,0.185011361923292,0.891834732982823
873,0.965088452485436,7,1.06775968267474,0.965992860985545,0.485102648683628,0.257016027114478,0.891834732982823
874,1.00153587894338,7,0.987960388640913,0.948413889872519,0.485477971581754,0.247004252160798,0.891834732982823
875,0.962742565261944,7,0.95899759558713,0.939741579516608,0.4931843920389,0.25178528134808,0.891834732982823
876,1.32894737967838,7,1.08961767139788,1.23345281464925,0.568911764202564,0.289490072252257,0.891834732982823
877,1.35851969448094,7,1.16042965773416,1.28843077019646,0.634165516462445,0.327295634572791,0.891834732982823
878,1.21208137412607,7,1.11125184010752,1.16426843325891,0.614799734771002,0.322404812228258,0.891834732982823
879,0.886629719257259,7,0.813275542732424,0.854464808544962,0.450387975742949,0.231902277485975,0.891834732982823
880,1.08620477698129,7,1.11643297427899,1.07013045793775,0.571907899402746,0.296658352618936,0.891834732982823
881,1.03451994406307,7,1.05201302876078,0.994597154483774,0.532470632565909,0.266722758048754,0.891834732982823
882,0.933101344092175,7,0.960036628119306,0.896976840096625,0.466836959113289,0.265361001632936,0.891834732982823
883,0.859105318333027,7,0.868830617507462,0.863301423066602,0.451916726966833,0.246782763260574,0.891834732982823
884,1.36842003697972,7,1.25548956852377,1.34392203909096,0.725918025270835,0.383423666497596,0.891834732982823
885,0.939964610712538,7,1.02103380543411,0.950117449815092,0.522973538333348,0.28543441331164,0.891834732982823
886,1.2116306122592,7,1.10636373132008,1.19295688026294,0.650837419131361,0.340455716858004,0.891834732982823
887,1.1798577235931,7,1.18820681577601,1.16396227163073,0.629200492646162,0.332728938086526,0.891834732982823
888,1.07724686738102,7,1.06328784909848,1.04930649248671,0.541545336544606,0.284532431149031,0.891834732982823
889,1.20280941351475,7,1.19749508095223,1.18807926554278,0.617740183857842,0.330143966942806,0.891834732982823
890,0.935459605598572,7,0.954272896343847,0.927998739365297,0.500089514778287,0.273323754154659,0.891834732982823
891,0.900790211508318,7,0.933506174120274,0.885636018798894,0.450331682744735,0.241379580973602,0.891834732982823
892,0.86253397060534,7,0.867606880315251,0.824992208824955,0.428794570494457,0.220692111782484,0.891834732982823
893,0.863598050997343,7,0.886025094100083,0.858802877222738,0.472605211702531,0.240482838687436,0.891834732982823
894,0.837354351577814,7,0.773977441791227,0.819072339228213,0.412747726927617,0.217979901423582,0.891834732982823
895,1.16397811468917,7,1.18930759842661,1.15823201526303,0.596946815832254,0.2983361762316,0.891834732982823
896,0.778300014791689,7,0.783106709694821,0.778136285487322,0.476488315040002,0.247181500736381,0.891834732982823
897,1.03655383950507,7,1.20058582821595,1.02377465373563,0.512141381807857,0.277856710969564,0.891834732982823
898,0.796705051397438,7,0.874353971657244,0.795129021039284,0.416211508557741,0.217500714737547,0.891834732982823
899,1.02168043929418,7,1.02311389789851,1.01473234478441,0.534319003067339,0.284702505231019,0.891834732982823
900,0.768289859713952,7,0.96192200634593,0.750157676896572,0.346319373491979,0.190652569106228,0.891834732982823
901,0.725549042668045,7,0.779696066722513,0.68408465185177,0.327009220238868,0.181270149270153,0.891834732982823
902,0.816670295792999,7,0.828643363389392,0.763519051019916,0.320606035480137,0.172636650384171,0.891834732982823
903,1.0823484633967,7,1.10359824346088,1.01164487307513,0.403849470021597,0.215995792055368,0.891834732982823
904,1.39498882928394,7,1.14436861118414,1.45924633791481,0.747238106400792,0.410869140458503,0.891834732982823
905,0.783640110644809,7,0.948623049878321,0.774048735815288,0.364301031732124,0.193394498482536,0.891834732982823
906,0.811470454896182,7,0.953262395671387,0.79822560684929,0.367425012712195,0.197862461414967,0.891834732982823
907,1.39052307099854,7,1.12946506479209,1.3952207073758,0.767537509410717,0.430111708412622,0.891834732982823
908,1.22607667832548,7,1.12337093871226,1.22542065575238,0.656527653203645,0.365671494528697,0.891834732982823
909,1.16393229403821,7,1.05395083229798,1.15238585815288,0.412476100086979,0.251695514586479,0.891834732982823
910,0.622456628639042,7,0.8352908620655,0.622083080629834,0.280850127536823,0.151195090392671,0.891834732982823
911,1.33987503083626,7,1.16835803045171,1.344071394935,0.654502833563656,0.396779909087564,0.891834732982823
912,0.827063426378549,7,0.836954867465741,0.797862785251968,0.354938994414332,0.19176359432254,0.891834732982823
913,1.06241471472536,7,0.971299238916765,1.0616938967096,0.549676397276677,0.302495046802499,0.891834732982823
914,0.777863523535042,7,0.759884302646297,0.765079677749995,0.313472899543599,0.174625639583844,0.891834732982823
915,1.17830281290037,7,1.25990774831913,1.22368610037408,0.463325896547373,0.327345610248808,0.891834732982823
916,1.07493618316752,7,1.0670135234594,1.07374174333147,0.575815585126792,0.310697125931326,0.891834732982823
917,1.23298342868398,7,1.21618630218215,1.26081994496441,0.414526818412096,0.260991472845114,0.891834732982823
918,1.10242789345965,7,1.09659856260875,1.10486391794154,0.374709600778942,0.230905889021387,0.891834732982823
919,0.822706050034914,7,0.916154905885405,0.86665005152364,0.283320292728248,0.258693157308401,0.891834732982823
920,0.956991195636557,7,0.923711344112769,0.958090711606131,0.525260174965059,0.291746442530661,0.891834732982823
921,1.0785086174793,7,1.11656938488844,1.07857564319141,0.432434781299284,0.285970364564207,0.891834732982823
922,0.883879956528693,7,1.1813132926668,0.971331774692309,0.381333850274477,0.278167575947353,0.891834732982823
923,1.20331143761406,7,1.48807145959489,1.22919818987857,0.45188186894441,0.26587977502976,0.891834732982823
924,0.854767738494459,7,0.92198549915714,0.860066123411418,0.425028973587966,0.262802949707819,0.891834732982823
925,0.511158412569475,7,0.812465968647509,0.526174268005172,0.223887507783389,0.131415361629998,0.891834732982823
926,0.525054708732454,7,0.773097753559157,0.541302747002805,0.237500716093854,0.128695217821865,0.891834732982823
927,0.710853846217602,7,0.88541197533781,0.713267586264343,0.382216606694999,0.205421750886697,0.891834732982823
928,0.840083137736391,7,1.13339506615224,0.845150781680305,0.432012245909681,0.234458741720801,0.891834732982823
929,0.526927550876088,7,0.742858040320671,0.544108169242459,0.26864472401352,0.1266154376256,0.891834732982823
930,0.51193022035486,7,0.752196822282932,0.531971405388432,0.240040365537903,0.122728849457287,0.891834732982823
931,0.378425363207745,7,0.549167122655638,0.393320077347081,0.173977074937683,0.0888306028536427,0.891834732982823
932,0.495675556130399,7,0.688103378607847,0.528630644171264,0.212432285355411,0.109306108964113,0.891834732982823
933,0.731663235030424,7,0.988901472796113,0.73421855295374,0.383962897686622,0.184844524771648,0.891834732982823
934,0.704867248178187,8,0.865011777790452,0.697099091755744,0.428878914525908,0.231044982518138,0.89468126061557
935,0.850369355416918,9,0.993069149017062,0.866411662278977,0.473799000883811,0.254916245215361,0.905049864011461
936,0.78729164332194,9,0.898067255384751,0.793032405257674,0.490606101643157,0.261814976026612,0.905049864011461
937,0.758181336019692,9,0.846517775496539,0.774602006112323,0.465478943435225,0.25393940451727,0.905049864011461
938,0.923615904744339,9,0.994790482104729,0.945702877718274,0.522111507379225,0.259550863569636,0.905049864011461
939,1.12188705684804,9,1.17636596658428,1.1510990662975,0.643767908962255,0.340189652635778,0.905049864011461
940,0.814953300220645,9,0.802778849227153,0.843079420265871,0.54913892245904,0.296805773591253,0.905049864011461
941,1.0333423830843,9,0.968780083017538,1.02139688745011,0.662345983337978,0.358821096911669,0.905049864011461
942,1.00194707165354,9,0.84435073921119,0.998402290123157,0.629688529181281,0.355966169977896,0.905049864011461
943,1.11187495981323,9,0.95816137392538,1.20728702624775,0.653190869850423,0.359198511784388,0.905049864011461
944,1.149413381459,9,0.963126181394254,1.15889479107212,0.486765795255421,0.308005602710624,0.905049864011461
945,1.32411359981445,9,1.07023693770526,1.33810107224069,0.776793186014973,0.422487361838661,0.905049864011461
946,1.38129227516671,9,1.06746354079002,1.39235784946215,0.57572624854407,0.300759036950673,0.905049864011461
947,1.36095526105021,9,0.947482589787385,1.37891380336878,0.540435162916431,0.287526309912593,0.905049864011461
948,1.67069622637499,9,1.19928402059252,1.69312017678794,0.813449763667609,0.522995446396993,0.905049864011461
949,1.77163775603214,10,1.3797060486556,1.98567453293601,0.874694635105192,0.52587148406219,0.91252006938204
950,1.52858053963127,11,1.18966905064244,1.58384071442761,0.861235544093495,0.51285004699676,0.914772237797138
951,1.40455215623279,11,1.18146969303976,1.43286577814353,0.677642919862075,0.408951144871795,0.914772237797138
952,1.07729938782645,11,0.891105063874235,1.09925668981017,0.562735604633408,0.334176956711306,0.914772237797138
953,0.903807479060629,11,0.764655217740136,0.931768733464207,0.458889660086282,0.278936211330928,0.914772237797138
954,0.926933820448575,11,0.782350028349048,1.07735595235575,0.538732679904188,0.284752053121875,0.914772237797138
955,0.892253401311558,11,0.729611889889179,0.884325490120465,0.580401500708689,0.297933616623346,0.914772237797138
956,0.862690045335443,11,0.718665614209861,0.895871582825287,0.602993616986478,0.310873955731473,0.914772237797138
957,1.17274912317015,11,0.967014212708341,1.17118298605791,0.755333251336931,0.393513919454413,0.914772237797138
958,1.25114927445744,11,1.08027790141909,1.30448517374457,0.763968705337034,0.397838213648802,0.914772237797138
959,1.32457139032761,11,1.12470989984655,1.34981303198468,0.832297246516583,0.430026510229048,0.914772237797138
960,1.17148633502764,11,1.01582605548665,1.06675102702533,0.725993241566273,0.376057282715919,0.914772237797138
961,1.16894942171914,11,1.02046026858064,1.2279708849827,0.711700908050201,0.37117838951081,0.914772237797138
962,1.05457237284818,11,0.921244082735916,1.09387910868739,0.66242827647532,0.342329990334524,0.914772237797138
963,0.940453500290205,11,0.796351790464952,0.982332509134203,0.59917222344495,0.309756638700098,0.914772237797138
964,1.03016221880174,11,0.893054797367765,1.0943746753381,0.577301869893684,0.287974341197384,0.914772237797138
965,1.06406480466912,11,0.928113757030446,1.12648399521359,0.624202321290765,0.340242919664677,0.914772237797138
966,1.23559389290894,11,1.073794592228,1.29728047045242,0.673138389205298,0.388866776112779,0.914772237797138
967,1.29870878006688,11,1.11614762290835,1.3567787615266,0.733250381624748,0.39778187460243,0.914772237797138
968,0.921062667220673,11,0.870120029906687,0.988857906336417,0.651819046836309,0.344991839255591,0.914772237797138
969,1.17233142308623,11,1.04017228448468,1.17224476436361,0.803076687597969,0.414726904156101,0.914772237797138
970,1.3610895616553,11,1.1245175335974,1.42208690736394,0.952116937083159,0.493568408709703,0.914772237797138
971,1.21974193314885,11,1.10052457375753,1.28782254367732,0.755174831493131,0.426419002603336,0.914772237797138
972,1.429260938013,11,1.32353427992443,1.46054830985808,0.917874275211218,0.485170257877659,0.914772237797138
973,1.15141255858808,11,1.09266907660669,1.20445606915442,0.739266453930131,0.403605096390363,0.914772237797138
974,0.893834353835603,11,0.847487003171044,0.911533190334506,0.595444339641802,0.31749620204078,0.914772237797138
975,0.977783808423594,11,0.97620356244947,1.01465163203377,0.654050767581927,0.342927074885648,0.914772237797138
976,0.940557761439412,11,0.96479075484746,0.967316809516624,0.626510152591725,0.32870448205299,0.914772237797138
977,0.891994997408216,11,0.924249905309503,0.911722897318518,0.603271000151728,0.305800931395544,0.914772237797138
978,0.911448094658079,11,0.973907746641661,0.946514579842562,0.599031499714049,0.303597640391515,0.914772237797138
979,0.891276252364888,11,0.945960073774462,0.892147716401279,0.573955074252795,0.292207515490471,0.914772237797138
980,0.891158437280676,11,1.02179298934546,0.960919293377945,0.604589408450299,0.319534569293871,0.914772237797138
981,0.692524024739606,11,0.845540992650812,0.788909038168537,0.526027465920382,0.276856916427374,0.914772237797138
982,0.738155014530779,11,0.874944286040169,0.767379157610055,0.55326308996117,0.27589590364096,0.914772237797138
983,0.774295319341581,11,0.98057462165778,0.863814352810416,0.567336784022736,0.290678748203671,0.914772237797138
984,0.839515985638482,11,1.00818993420759,0.875742357986733,0.562501197792307,0.2889384168341,0.914772237797138
985,0.735200581112902,11,0.833688213346541,0.724389524015292,0.46401360479717,0.232895281276838,0.914772237797138
986,0.694033990670502,11,0.835862809612086,0.70066231947553,0.494334605163123,0.251795521876069,0.914772237797138
987,0.746267278436672,11,0.853690418293075,0.735926008718415,0.474057433115433,0.246540868926534,0.914772237797138
988,0.737710524598096,11,0.890102983323957,0.770643176289091,0.558998381124081,0.281885924680335,0.914772237797138
989,0.83774950157181,11,1.02163621087992,0.848675791255055,0.589747767157543,0.300585893554402,0.914772237797138
990,0.795105248615457,11,0.960341238263653,0.823585056165312,0.548555356591794,0.275732589258103,0.914772237797138
991,0.921726224480804,11,1.06363235001406,0.933189440208064,0.582539099619598,0.2916553807242,0.914772237797138
992,0.863612773249804,11,0.997186510650887,0.877857119318049,0.579746896019617,0.294336439312416,0.914772237797138
993,0.885794396570854,11,0.999551538892748,0.893608607132975,0.516093874277428,0.244201703630428,0.914772237797138
994,1.01657529814597,11,1.13201085491747,1.03057561993323,0.687150538093667,0.367117114123723,0.914772237797138
995,0.931484303312557,11,1.04676208384743,0.950126086262748,0.639415037216399,0.346860678816845,0.914772237797138
996,0.835821955025422,11,0.947021561657209,0.819850069870137,0.574673165401084,0.30570945078426,0.914772237797138
997,0.966075270383286,11,1.10985697165212,1.02411582882103,0.650929384963341,0.346608926262957,0.914772237797138
998,0.97528258751701,11,1.16019458085709,0.932165750165689,0.690938010524482,0.37258680653554,0.914772237797138
999,0.952895177675793,11,1.06944351785952,0.958740436205615,0.668160312874967,0.363147286053875,0.914772237797138
1000,0.888850421243093,11,1.08204889801066,0.921166364435574,0.662013836426824,0.367672132617029,0.914772237797138
1001,0.880386297569431,11,1.09864087915671,0.892171748678623,0.618906121518164,0.326684271534888,0.914772237797138
1002,0.868244726594993,11,1.07609190039382,0.883097191220132,0.607467918181364,0.334619644423181,0.914772237797138
1003,0.911171574734601,11,1.20947560565162,0.929900844917538,0.636971159930523,0.340206991939579,0.914772237797138
1004,0.706495213213824,11,0.951488945553882,0.748973895650586,0.534539849414537,0.279108187020484,0.914772237797138
1005,0.717298834766287,11,0.96975144192412,0.704049239629576,0.5123953015363,0.266244204228964,0.914772237797138
1006,0.547922922526847,11,0.773642177321004,0.497194278867168,0.420625084147059,0.222332089785994,0.914772237797138
1007,0.460656789888354,11,0.678164159244195,0.479098980726172,0.347150268170082,0.178901006858324,0.914772237797138
1008,0.681044643907936,11,1.0246531829818,0.747238937533163,0.48919664547375,0.254828202377737,0.914772237797138
1009,0.61157784797326,11,1.00515882440222,0.682491585557576,0.496144345157522,0.261942860116085,0.914772237797138
1010,0.586750606272118,11,0.955698572736887,0.552176788452152,0.480921058905878,0.257175726423239,0.914772237797138
1011,0.649319180976667,11,0.983654003226417,0.671898324686174,0.468510482285783,0.246104098021563,0.914772237797138
1012,0.499575308822012,10,0.744151927428444,0.521093438299639,0.386121893091316,0.202224472273817,0.917951134844174
1013,0.679500741241845,10,1.06344621548488,0.71738550113582,0.506264502986969,0.266487129617773,0.917951134844174
1014,0.595815973692213,10,0.863000228267991,0.610286403201334,0.48243535290528,0.250475529461763,0.917951134844174
1015,0.632167133137507,10,0.928377509738318,0.659574628141119,0.537823724116176,0.267144713250202,0.917951134844174
1016,0.651710283205921,10,0.906536041320526,0.679597816230442,0.518742619671815,0.293004004075125,0.917951134844174
1017,0.58216636635288,10,0.804556005248887,0.605084414931221,0.441679479221478,0.23417042688858,0.917951134844174
1018,0.755998047498336,10,1.00332468376182,0.760490079720334,0.565427576725279,0.30352484985852,0.917951134844174
1019,0.723525835081464,10,1.01951391125298,0.756137176941743,0.530731319234925,0.280190320024857,0.917951134844174
1020,0.698929293259193,10,0.935085016381953,0.735708423598743,0.507631912264172,0.263212388864424,0.917951134844174
1021,0.58381594041684,10,0.740892845576017,0.600431875229558,0.434328306499145,0.231330446896241,0.917951134844174
1022,0.84656190965483,10,1.05634579597742,0.873532446397013,0.607187788883276,0.32572492871197,0.917951134844174
1023,0.978852317404199,10,1.07152755940788,0.980024653051828,0.737000526443425,0.396835553144066,0.917951134844174
1024,0.859710768381371,10,1.02544944876713,0.90637513823305,0.634913821951553,0.339219655681629,0.917951134844174
1025,1.05564421032799,10,1.23946026867199,1.07840563232894,0.774581414060195,0.439144260491835,0.917951134844174
1026,0.818014657525614,10,0.90918410490788,0.845824652842029,0.618745572291039,0.348439891243741,0.917951134844174
1027,1.05064758419336,10,1.25632649280937,1.1013346841299,0.762375305143185,0.414771538622915,0.917951134844174
1028,1.08073734840737,10,1.1760948281926,1.12688142478273,0.744640160437198,0.426402835320958,0.917951134844174
1029,0.81225951858123,10,0.903370062183798,0.856454102452429,0.626754841727309,0.358344709715919,0.917951134844174
1030,1.0854471769423,10,1.16733016722553,1.10571585338733,0.790652333067827,0.441916829995232,0.917951134844174
1031,1.15579267512736,10,1.22390624551661,1.17698997403218,0.986761436115743,0.497074596916531,0.917951134844174
1032,0.860861209868675,10,0.934963271275674,0.795879742447501,0.642803511635867,0.356238568020493,0.917951134844174
1033,1.08129851181241,10,1.23410722861427,1.12681172543252,0.795833673922007,0.447492997721405,0.917951134844174
1034,1.08986661152246,10,1.1718986628767,1.10359058376096,0.819747848533085,0.450252813964225,0.917951134844174
1035,0.715746724229345,10,0.773407036757829,0.706855895607772,0.535907021978561,0.298120377265004,0.917951134844174
1036,0.765041169867751,10,0.833298315539683,0.777929392615037,0.561140612890714,0.314721751807491,0.917951134844174
1037,0.785843925096066,11,0.884835441154656,0.812687304177218,0.524758532611498,0.248106891850765,0.921416482310537
1038,0.815324019303336,11,0.90993916679618,0.843178419888292,0.591038780422091,0.321637052829035,0.921416482310537
1039,0.811367146252572,11,0.908597315425746,0.826593709809193,0.605011851339848,0.33497031439671,0.921416482310537
1040,0.753731147286725,11,0.84520144354371,0.824883653506531,0.546905517372826,0.303147627042447,0.921416482310537
1041,0.775599710512389,11,0.806946542431865,0.797180609084782,0.5969088218176,0.328422093796504,0.921416482310537
1042,0.814360243141656,11,0.829672676691943,0.830907276650068,0.620069449337677,0.33980541449843,0.921416482310537
1043,0.923403664014191,11,0.950214088061005,0.963912520696603,0.712844263172134,0.39762241420665,0.921416482310537
1044,0.953206011754518,11,0.922541325317144,0.974375326683048,0.709870042145316,0.396251260859665,0.921416482310537
1045,0.977821775945959,11,0.906255243471383,0.995280038724985,0.701890348074596,0.381527392417746,0.921416482310537
1046,1.10772608069846,11,0.963959719329548,1.04258400630183,0.817469972408602,0.447988167952745,0.921416482310537
1047,1.19489802551766,12,1.02828664161213,1.22032171574242,0.842051328377014,0.477608557177746,0.910295969319847
1048,1.23947486739506,12,1.07823580607051,1.30248387396697,0.870885572042003,0.480558071566156,0.910295969319847
1049,1.07923721701554,13,0.920619727086844,1.14236053921823,0.785884543214422,0.432750117219418,0.913134535461916
1050,1.03790097128747,13,0.859008353661046,1.07019441308524,0.756281698268488,0.424291213760408,0.913134535461916
1051,1.15885310857191,13,0.936282899248499,1.20126883999321,0.856241635145646,0.491857547293586,0.913134535461916
1052,1.54641696781039,13,1.16028131344483,1.57575371806925,1.00394861263593,0.559538542151684,0.913134535461916
1053,1.5144837914271,13,1.15320674725436,1.56136837086209,1.10370872179074,0.612546982933023,0.913134535461916
1054,1.43173013817388,13,1.12751462075196,1.50887919276968,0.982065399455968,0.558450436703894,0.913134535461916
1055,1.31191139827951,13,1.03497089716355,1.34814487947097,0.977289445134472,0.552934571423394,0.913134535461916
1056,1.61714060049292,13,1.24981893048163,1.67681759123241,1.09220561781817,0.609585473763832,0.913134535461916
1057,1.75621738880571,13,1.3562365016999,1.91346139606401,1.17094102121336,0.66858218430143,0.913134535461916
1058,1.23112696106959,13,0.964867788724984,1.282299238151,0.834618971907832,0.476271138804533,0.913134535461916
1059,1.08883416970371,13,0.884021837127909,1.11926529671577,0.744038023293488,0.432725083241144,0.913134535461916
1060,1.26460926122741,13,1.03620722010009,1.34105840305346,0.858120817650193,0.485268172953098,0.913134535461916
1061,1.17359463444379,13,1.02448234222269,1.22311536234847,0.837388067219407,0.45965395786278,0.913134535461916
1062,1.13566064857875,13,1.02044273582226,1.20068899647442,0.809245948733417,0.466865560616229,0.913134535461916
1063,1.13992986144739,13,1.03491835691752,1.18705596442626,0.8094084417889,0.464140697284286,0.913134535461916
1064,0.843572383537692,13,0.799030511764734,0.901978068163601,0.580198269617656,0.324789592394156,0.913134535461916
1065,0.871260358490434,13,0.849372831312648,0.923103242805348,0.608758163232777,0.345563818795513,0.913134535461916
1066,0.844306619516269,13,0.876703272642009,0.907054386622985,0.53764512968292,0.328314449117365,0.913134535461916
1067,0.857052249289462,13,0.983337558078684,0.93051182911081,0.618709880286319,0.336890085238706,0.913134535461916
1068,0.726457184473447,13,0.789775027758772,0.781420091470526,0.502682398365079,0.291816121338923,0.913134535461916
1069,0.792646282479301,13,0.880589139506546,0.826533399287462,0.595352017779956,0.324156732647027,0.913134535461916
1070,0.782429714488412,12,0.909252556378863,0.865682408440909,0.566829370084737,0.310076873769005,0.901203424813948
1071,0.856798526838899,12,1.00365326467842,0.904536356203001,0.557289530807502,0.314683841996444,0.901203424813948
1072,0.931484310483955,12,1.06015812514855,0.982759660546173,0.65713396795356,0.356447591198661,0.901203424813948
1073,1.08088607493986,12,1.21694047411938,1.10651311631449,0.743425646675799,0.442761160728922,0.901203424813948
1074,0.699312381177403,12,0.772529498643778,0.752906661476566,0.493812823996132,0.278378094083575,0.901203424813948
1075,0.759187112453423,12,0.870008740605903,0.855272762380567,0.534242432367321,0.29495844058483,0.901203424813948
1076,0.839425112312856,12,0.948751193183506,0.909415127667989,0.580601897798261,0.311027373689167,0.901203424813948
1077,0.778400303724597,12,0.885154207315786,0.852745551702562,0.543076050518071,0.299408207641471,0.901203424813948
1078,0.919537490727316,12,1.03815987151623,1.01183897878949,0.561015579115546,0.303701212112202,0.901203424813948
1079,1.20163471370617,12,1.32838126553715,1.30531363398562,0.68028241536244,0.384866943577667,0.901203424813948
1080,0.869999637971638,12,1.03681442067495,1.01213819772985,0.547480099848931,0.290436485230584,0.901203424813948
1081,0.818492401917502,12,0.885712040842162,0.917377844594894,0.491206042871749,0.2654812429083,0.901203424813948
1082,0.896854583699994,12,0.969877216595056,0.998752419948584,0.558107644929013,0.330475737382078,0.901203424813948
1083,0.982523674660803,12,1.02334294741538,1.05422382496437,0.620753307264704,0.379425475564757,0.901203424813948
1084,0.769471730287495,12,0.798291769699422,0.832919972978338,0.460288588181582,0.263534706108323,0.901203424813948
1085,0.967782428686679,12,0.984735998852866,1.04315864986896,0.630861153419728,0.37604113196386,0.901203424813948
1086,0.902606506833566,12,0.904944419806129,0.982946218246642,0.518107087889964,0.342421534256552,0.901203424813948
1087,0.899818022316114,12,0.909490508516249,0.990228591926611,0.493613851412219,0.255765349418442,0.901203424813948
1088,1.10493426820428,12,1.05135622366204,1.17620562412053,0.573888021998861,0.300139316306297,0.901203424813948
1089,1.1759806463145,11,1.16775004518603,1.32949202717123,0.631017607418519,0.383232715294423,0.890444310630525
1090,1.35784445494479,11,1.41455903193012,1.57369576831721,0.726965199532746,0.402440896848559,0.890444310630525
1091,1.08675626469428,11,1.1227936162276,1.23433843436163,0.590499784739861,0.323625829804285,0.890444310630525
1092,1.09818671451556,11,1.21616951737823,1.24518268872436,0.618016951430652,0.347533909680853,0.890444310630525
1093,1.28944053854337,11,1.27922680163225,1.28694741463157,0.679876375556657,0.430929359054237,0.890444310630525
1094,1.02532957711298,11,1.10742663558618,1.11071705492487,0.538087471562358,0.307332266820566,0.890444310630525
1095,0.831562346817124,11,0.979285909075142,0.924573122029557,0.462646559320213,0.246660255695387,0.890444310630525
1096,0.672388517949578,11,0.816789592353863,0.732382161301633,0.372850626264879,0.210882229990546,0.890444310630525
1097,0.663903869483118,11,0.814605604887456,0.743616861051855,0.367187919935257,0.207365754106567,0.890444310630525
1098,0.528654194357099,11,0.691766184200553,0.600488394961085,0.376397913880342,0.210515232569715,0.890444310630525
1099,0.383945486171653,11,0.484937539893682,0.403738532368407,0.270225413133522,0.142421877232044,0.890444310630525
1100,0.586944480563109,11,0.75148553167646,0.647452330595104,0.309596788845799,0.176600879861382,0.890444310630525
1101,0.675444038453394,11,0.877999422744065,0.759080077695204,0.475314210284062,0.242092133518824,0.890444310630525
1102,0.94158818639469,11,1.10336772609431,0.962851560209211,0.571053229756641,0.305343876563451,0.890444310630525
1103,0.81643251417723,11,1.01823895474228,0.934127981004246,0.558865904665656,0.31363676262283,0.890444310630525
1104,0.813374906780044,11,1.01147409916431,0.903276758785994,0.464431935032839,0.274774081265767,0.890444310630525
1105,0.924855513583669,11,1.14662521264746,1.00209064038357,0.641442202364206,0.372478178977484,0.890444310630525
1106,0.905161880165167,11,1.03312838216669,0.915066882339951,0.532789846769856,0.336601185881713,0.890444310630525
1107,0.698957079482269,11,0.824492615739987,0.732668155136535,0.463994339778094,0.253206891748775,0.890444310630525
1108,0.880705796420875,11,0.999938146722056,0.91722635805143,0.511621421591868,0.285357511558662,0.890444310630525
1109,0.731143228845453,11,0.844355941517744,0.791829769212424,0.534087649194445,0.280183924291052,0.890444310630525
1110,0.827646293825627,11,0.967720700731174,0.963222206978492,0.536753153814733,0.32116202966105,0.890444310630525
1111,0.786572497644907,11,0.887949767597298,0.878492860304169,0.505899951111862,0.290110276787208,0.890444310630525
1112,0.771347653023047,11,0.81560035116779,0.819396725041901,0.44855179699578,0.250937765572827,0.890444310630525
1113,0.824939729913623,11,0.911010464388929,0.927935934962198,0.549974153957844,0.285990457597462,0.890444310630525
1114,1.0431152434432,11,1.10620721114895,1.1549307465686,0.638836583611616,0.354645208025194,0.890444310630525
1115,1.09012974569846,11,1.07044646173692,1.15631122928421,0.648350458985594,0.350265286255465,0.890444310630525
1116,1.39212781464656,11,1.29777660149139,1.44316505782084,0.897807632729212,0.484687282752305,0.890444310630525
1117,1.311564933068,10,1.27877210729063,1.51018092895256,0.960216735426626,0.52872317165693,0.855288792020005
1118,1.03215605452195,10,0.995056683963738,1.13255001925895,0.645543602594796,0.371623746929682,0.855288792020005
1119,1.26661272910937,10,1.17871047662534,1.32045532844842,0.836410755846834,0.508305111134835,0.855288792020005
1120,1.14270141220247,10,1.10119146018271,1.25250192767867,0.818732748046851,0.474967782548378,0.855288792020005
1121,0.965114927105945,10,0.919593402602796,0.925260887917365,0.648126421719483,0.397241853889843,0.855288792020005
1122,1.04557713654496,10,0.996342386772833,1.0596613473783,0.780278915481052,0.464653980453892,0.855288792020005
1123,1.11257808718469,10,1.06041583529097,1.02484535293791,0.788652628378032,0.504723696313766,0.855288792020005
1124,0.972726146348841,10,0.950880647312435,1.05409204539375,0.772725143996041,0.454279686961275,0.855288792020005
1125,0.919912698946413,10,0.853864461973499,0.916268668450184,0.672496517353247,0.386115746057732,0.855288792020005
1126,1.08030776918543,10,1.01440179825098,1.10155591532862,0.773191659820389,0.440718677168259,0.855288792020005
1127,0.917972367942804,10,0.89210303556728,0.956377783979131,0.689974335490208,0.401011523286988,0.855288792020005
1128,0.840347042071841,10,0.906332554453189,1.0156733113849,0.647834843702941,0.390916295760844,0.855288792020005
1129,0.873886033254064,10,0.938516855033688,1.02347631662711,0.67588490381805,0.394666089052588,0.855288792020005
1130,0.941883039482013,10,1.03573483233057,1.10674160908397,0.731430922140019,0.431121488662814,0.855288792020005
1131,0.870974120660824,10,0.947013874253945,1.0125562940691,0.613306460365218,0.374888438294521,0.855288792020005
1132,0.914218120007161,10,0.943816232897723,0.940079410412329,0.696674130572562,0.409610449464691,0.855288792020005
1133,1.02992032306362,10,1.15393481481817,0.994549023647569,0.860328938506386,0.482552084175795,0.855288792020005
1134,0.968320325986494,10,1.09140753448065,1.02811752215265,0.742510624823721,0.387086940514436,0.855288792020005
1135,0.896733636567259,10,0.996155140784143,0.959302603583621,0.729827970006698,0.379751427326435,0.855288792020005
1136,0.739438341999458,10,0.835552389529838,0.80437147067901,0.604389098687136,0.284924245927047,0.855288792020005
1137,0.803663116466623,10,0.909469360619433,0.935456792981841,0.553520543728791,0.357171426226294,0.855288792020005
1138,0.799732908800515,10,0.895471367674884,0.879111747379206,0.553935377485272,0.334363104833843,0.855288792020005
1139,0.840252399614714,10,0.914558128649565,0.9178859087071,0.573901150240943,0.368072689743022,0.855288792020005
1140,0.917860901699136,10,0.991268765522453,1.00457959142852,0.663785007629855,0.41246779937165,0.855288792020005
1141,0.920837790144391,10,0.897861676861542,0.932851661410681,0.580316803733896,0.377563687303273,0.855288792020005
1142,1.03409989301622,10,1.0299407125845,1.09319694968986,0.756202116505866,0.471425907261949,0.855288792020005
1143,1.11970875603713,10,1.12386985780002,1.1607676764056,0.623461162635936,0.507932293088191,0.855288792020005
1144,0.909936284370146,10,0.927288726511904,1.00376597851016,0.549803276193167,0.394092932710069,0.855288792020005
1145,0.875631407992748,10,0.900628398787983,0.963301300162401,0.655372711394626,0.403298398611422,0.855288792020005
1146,1.14599665536017,10,1.13048018614412,1.23162101356875,0.693812696826838,0.525251102688962,0.855288792020005
1147,0.91698636801205,10,0.899431074130153,0.918104476206344,0.444605857795788,0.301662497994265,0.855288792020005
1148,1.00717931223197,10,0.952205064593075,1.02792360530931,0.582530783542934,0.324691999903002,0.855288792020005
1149,1.08337591700493,10,1.0507523908607,1.185128311013,0.622986976356451,0.494005107683164,0.855288792020005
1150,1.16887712551434,10,1.11909820919172,1.27384816142118,0.741615246941293,0.538742704150408,0.855288792020005
1151,1.03320993781932,10,0.98714705540909,1.14835633979597,0.650714296661415,0.403589152242693,0.855288792020005
1152,0.956610107722851,10,0.932491208553724,1.07431092569187,0.589874950830778,0.346133027538819,0.855288792020005
1153,1.12550708089606,10,1.12494454267525,1.28746848769751,0.930014181936147,0.536578307291681,0.855288792020005
1154,0.927631979132394,10,0.87391835775983,0.992594204769321,0.801494504422568,0.466036325718945,0.855288792020005
1155,1.07051514400781,10,1.03697476347044,1.06040148859032,0.882455765931292,0.524825766126456,0.855288792020005
1156,1.13622990889544,10,1.09782960578423,1.21001633672634,0.910058406498697,0.535281926921071,0.855288792020005
1157,1.13243886073615,10,1.15688203242144,1.18172507218815,0.91614374263604,0.538552343452625,0.855288792020005
1158,0.97422890458719,10,0.906663974835489,0.951571992738218,0.842107490826101,0.492595330367651,0.855288792020005
1159,0.914795098512507,10,0.938331580164194,0.985303336995316,0.689933775041815,0.337727850101217,0.855288792020005
1160,1.09426623776737,10,1.16419293098248,1.1975184911042,0.762333047939423,0.399583051869082,0.855288792020005
1161,1.05474087051797,10,1.13014868287741,1.13738566087247,0.687481557177877,0.402356739765456,0.855288792020005
1162,0.920485645442078,10,1.0017698399688,0.942604732773299,0.599045321149992,0.418174544487159,0.855288792020005
1163,0.867286600328058,10,0.989367581088771,0.937644005967147,0.551803873733287,0.336832583346643,0.855288792020005
1164,0.869207273611053,10,1.00156891768863,0.950445382790991,0.550106174028764,0.386340984435225,0.855288792020005
1165,0.582229830155265,10,0.681764564494088,0.635353484899851,0.403466556464505,0.259528494821434,0.855288792020005
1166,0.741090331965689,10,0.887101687272111,0.824261035058863,0.445869736630924,0.303826471514422,0.855288792020005
1167,0.819618168401914,10,0.98794854794333,0.889993674155515,0.621940233892392,0.329743345354545,0.855288792020005
1168,0.743690278472096,10,0.900493636120777,0.806216816510902,0.532767513709162,0.315845990716971,0.855288792020005
1169,0.768601527177265,10,0.94508612728306,0.860755491579428,0.432098984318129,0.28401159248837,0.855288792020005
1170,0.785756086082359,10,0.959583424812537,0.88778957949192,0.468883207501182,0.307612219952902,0.855288792020005
1171,0.827378152502515,10,1.03482661254045,0.903618014552001,0.567093224596012,0.331319159371573,0.855288792020005
1172,0.758000965863798,10,0.927765247345732,0.831650391766005,0.4287069615822,0.315158224043741,0.855288792020005
1173,0.896844983023856,10,1.043513201832,0.932158355187829,0.527093874558258,0.351141944458277,0.855288792020005
1174,0.637980117795986,10,0.782474605719038,0.695030344784102,0.325003206999897,0.189532530621263,0.855288792020005
1175,0.972789668842544,10,1.16147407935992,1.06471526508743,0.49860395752606,0.374052901815152,0.855288792020005
1176,0.737689331666688,10,0.877857436507908,0.807130340567713,0.3913826877052,0.259728100968651,0.855288792020005
1177,0.857551098498363,10,0.992417568492474,0.93454232874021,0.438941618860181,0.286062264489986,0.855288792020005
1178,0.952872117399727,10,1.13309744747315,1.08138566686934,0.700320512049064,0.308097333214234,0.855288792020005
1179,0.969235030256812,10,1.09034242320194,1.05724229793557,0.675789708068455,0.322491227686857,0.855288792020005
1180,0.830390743422511,10,0.94184310337337,0.907719690432971,0.641828854954533,0.297111982146089,0.855288792020005
1181,0.585182089756131,10,0.713593113717321,0.653686896179774,0.352245364418552,0.206900898999768,0.855288792020005
1182,0.821252664503381,10,1.10179367468129,1.01967542498832,0.590094372400295,0.330029222734669,0.855288792020005
1183,0.997043327596452,9,1.06380617185159,1.10497234644549,0.659263805869095,0.321291408294622,0.815347149827246
1184,0.845879654393496,9,1.00833349582901,1.01790082274642,0.660158288209012,0.327485152366662,0.815347149827246
1185,1.07386347224805,9,1.23335828442929,1.17658625383587,0.596879594405073,0.348635504134537,0.815347149827246
1186,0.889720212194864,9,1.00960819236738,1.04793155652251,0.737719954109673,0.320517187766345,0.815347149827246
1187,0.756260184903494,9,0.935511311398389,1.03694208636493,0.830038902838242,0.41099432249372,0.815347149827246
1188,0.824961381432299,9,0.927236196263992,1.01477951638776,0.880480228609341,0.395040801322596,0.815347149827246
1189,0.988837537907023,9,1.10853147154604,1.05827037424775,0.577241615481004,0.313591523456096,0.815347149827246
1190,1.02499123365601,9,1.27838919267899,1.35005857257149,1.06633364888651,0.445410506543118,0.815347149827246
1191,0.906227440429928,9,1.11904983898948,1.19922574153347,0.938313571440377,0.492689571026127,0.815347149827246
1192,1.01349660824506,9,1.07923245969145,1.14348443884937,0.688142763018277,0.491938408377431,0.815347149827246
1193,0.723690574385904,9,0.943765649152901,0.957215500685349,0.703826669979723,0.313784300744131,0.815347149827246
1194,0.736971127042158,9,0.919211959469148,0.91662560229269,0.658861996664367,0.348529481661231,0.815347149827246
1195,0.670272336136092,9,0.786757360277764,0.748606196156566,0.521091836556341,0.326488932802922,0.815347149827246
1196,0.737527156927394,9,0.853620342714646,0.785208130702968,0.386758097045259,0.24492631065568,0.815347149827246
1197,0.910360915466511,9,1.12215109639825,1.0613635653859,0.769527877466089,0.454111401352068,0.815347149827246
1198,0.841717908049235,9,1.03958105830762,0.948429618190377,0.45043612249033,0.412878431943974,0.815347149827246
1199,0.882950747443133,9,1.11232664098983,1.07529033678742,0.490639732486532,0.438496748714327,0.815347149827246
1200,0.763098260161258,9,0.995212247590358,0.859068854753501,0.414592017037397,0.375909387085065,0.815347149827246
1201,0.686237834856932,9,0.922892697257156,0.798529057143277,0.399216115575883,0.333871358451389,0.815347149827246
1202,0.718025538608839,9,0.953742229749,0.800840354980137,0.421158315632714,0.351289415093719,0.815347149827246
1203,0.563707749080968,9,0.735510326769926,0.610537638830966,0.532079359630873,0.293121618684823,0.815347149827246
1204,0.634942045882096,9,0.799958517134528,0.656985260382308,0.367409090875975,0.312819670421544,0.815347149827246
1205,0.703625180605044,9,0.916479992370153,0.760320498779907,0.517958310637216,0.346709625376487,0.815347149827246
1206,0.734326639974085,9,0.906986426480699,0.764248234549557,0.596973437001863,0.357505718765795,0.815347149827246
1207,0.758317426457967,9,0.856480150476865,0.774667632677169,0.5440725137615,0.36964745319618,0.815347149827246
1208,0.790786232094645,9,0.905424427685827,0.801493339937994,0.614697105631972,0.374395727692436,0.815347149827246
1209,0.657498700218294,9,0.775510147878709,0.69128475406542,0.550394448448022,0.307043664324995,0.815347149827246
1210,0.796592968958788,9,0.910358883322659,0.832819933914424,0.705601581797387,0.392605542702037,0.815347149827246
1211,0.841680482745581,10,0.916052621662424,0.859855077891115,0.778610253938872,0.423258079913727,0.830077797353454
1212,0.983581339094657,10,1.03491022711711,0.990436987901613,0.910197421025829,0.512816025286001,0.830077797353454
1213,1.13346689834393,10,1.16741473284765,1.15197478074312,1.02152304184325,0.546173331523146,0.830077797353454
1214,1.05393796998186,10,1.05586876476883,1.07609495219072,0.844966493390532,0.431378814415849,0.830077797353454
1215,1.13597205210988,10,1.09459702743392,1.18317636110637,0.941426588435766,0.473281650486159,0.830077797353454
1216,0.919566581598679,10,0.839278385675152,0.960893583106089,0.73936296719752,0.402252424863072,0.830077797353454
1217,1.0315827274127,10,0.897867665455423,1.10656047138497,0.873276323199347,0.494772780596925,0.830077797353454
1218,1.21756517903721,10,1.15120837529082,1.28967796271852,1.08498243340883,0.555631078380415,0.830077797353454
1219,1.04386866104964,10,0.979093435627999,1.11485273594095,0.877426290052037,0.462455233075007,0.830077797353454
1220,1.0335179669099,10,1.00770370740225,1.11844807867208,0.883525297176595,0.473516833074741,0.830077797353454
1221,1.27767072468176,10,1.15995248393773,1.40454386077086,1.20268729672671,0.696672429131616,0.830077797353454
1222,1.11392151035459,10,1.03318905771457,1.23441482879558,1.02298873296133,0.585506977698656,0.830077797353454
1223,1.00964653555405,10,0.931353292504241,1.11984200422576,0.958020515178407,0.545151906445959,0.830077797353454
1224,1.31835617628006,10,1.15852175114849,1.40977142848712,1.23177728906624,0.699278203308873,0.830077797353454
1225,1.19430876137872,10,1.12501385662334,1.21984634406303,1.11999974228109,0.646490165215794,0.830077797353454
1226,1.2626536953982,10,1.19610373661992,1.37565191085701,1.18282772520453,0.69449647879744,0.830077797353454
1227,1.17745466969542,10,1.1117523508336,1.29567406637545,1.17770830488321,0.672309289994715,0.830077797353454
1228,1.04581672780863,10,1.02040517564278,1.15025957021177,1.05178275690991,0.589786099164461,0.830077797353454
1229,0.839018787322688,10,0.828968232600511,0.928903556237485,0.816039522691069,0.467317356997815,0.830077797353454
1230,0.866341264744227,10,0.881133602138656,0.943145296598759,0.875418976359647,0.470690940414487,0.830077797353454
1231,0.749391643192574,10,0.80956883602968,0.801782501383451,0.735866105459098,0.414439743915922,0.830077797353454
1232,0.811331775823683,10,0.880186949812848,0.889496800608306,0.833859046062008,0.474263902519411,0.830077797353454
1233,0.853519430926701,10,0.980216915268179,0.947046330090022,0.848029779009288,0.497038289074989,0.830077797353454
1234,0.89445060367034,10,1.06125861863753,1.01686559133489,0.896222835603687,0.529940597262469,0.830077797353454
1235,0.874778577855606,10,1.02905831828815,0.96670077764482,0.902586302027938,0.526028775464643,0.830077797353454
1236,0.758628188773463,10,0.968946570450106,0.837771213720992,0.7642491873831,0.458824970323456,0.830077797353454
1237,0.814436303967198,10,1.08213483215758,0.928319162838884,0.808156039471515,0.478839796161413,0.830077797353454
1238,0.658644325217835,10,0.892121814467753,0.737233456521801,0.662393470442905,0.37888234672125,0.830077797353454
1239,0.708572285870728,10,0.996809148923253,0.778557658816833,0.626795364707251,0.39280181555624,0.830077797353454
1240,0.850478460560828,10,1.26079140714807,0.947008448383156,0.796095635713259,0.446941509850311,0.830077797353454
1241,0.561676544994089,10,0.82158089059916,0.633465011535353,0.565933130069602,0.315476768130545,0.830077797353454
1242,0.362343653143949,10,0.530064472201761,0.431428448442214,0.398423684649566,0.225134584427887,0.830077797353454
1243,0.608106227401409,10,0.958934790819945,0.687038222202365,0.592569399629506,0.293627514217337,0.830077797353454
1244,0.58945631920872,10,0.946364968513165,0.668162216937427,0.564903402995902,0.308390889840272,0.830077797353454
1245,0.681094172797554,10,1.01739105524741,0.757938958035751,0.637095820377645,0.371753477934894,0.830077797353454
1246,0.624784867943313,10,0.985565503627361,0.715959770713085,0.629558265632308,0.367210731662432,0.830077797353454
1247,0.578730836648597,10,0.889646680622376,0.650249616487852,0.571391949847714,0.32781858342428,0.830077797353454
1248,0.644900400638005,10,0.98699994182872,0.737593822244571,0.628937391955852,0.365831748288291,0.830077797353454
1249,0.786937964478199,10,1.19284716299388,0.904639630734209,0.709834414798787,0.428849199073548,0.830077797353454
1250,0.727866944313264,10,1.07351178437206,0.812484176298151,0.698999420241463,0.410528504448643,0.830077797353454
1251,0.628032785151127,10,1.00123758892719,0.797651514065345,0.634051082448923,0.386163798168617,0.830077797353454
1252,0.767506728140873,10,1.15715590573172,0.770718106928908,0.86395313187142,0.523047240699293,0.830077797353454
1253,0.819500383724796,10,1.15905108776169,0.939865494998025,0.800531272122273,0.481979013866469,0.830077797353454
1254,0.586700462375304,10,0.813920697105229,0.673868107118857,0.560697742596502,0.331300459290698,0.830077797353454
1255,0.623449382669349,10,0.866649086459606,0.710734541338433,0.607358934089679,0.362666552224027,0.830077797353454
1256,0.686472669826539,11,0.900776415063759,0.731850228765966,0.74664556207524,0.445769835856179,0.834416637712696
1257,0.757199800438739,11,1.01775708756004,0.808629305256903,0.841749710004141,0.501410859769852,0.834416637712696
1258,0.814898616966246,11,1.17459273774513,0.907338273687581,0.87784919701537,0.54349584000482,0.834416637712696
1259,0.686702691118821,11,1.03642105724994,0.733873237943856,0.804856855647514,0.484072925585256,0.834416637712696
1260,0.63302424734752,11,0.818658722336245,0.719605367329981,0.68221872204144,0.411788164683571,0.834416637712696
1261,0.595222372045875,11,0.85190551838591,0.779410534320486,0.619044246023877,0.421778915003458,0.834416637712696
1262,0.893582343192262,11,1.10365144206836,1.00602264117067,0.948204883697348,0.568716676023984,0.834416637712696
1263,0.684210747125101,11,0.996768332597896,0.886847746960274,0.857719347392717,0.505087998255011,0.834416637712696
1264,0.84046821427876,11,1.01692268690072,0.965972770708824,0.892569085766073,0.546031223336234,0.834416637712696
1265,0.740511826000203,11,0.880758746784196,0.879593958696306,0.805806660215596,0.485921752106322,0.834416637712696
1266,0.982345258564966,11,1.16097626789952,1.1645991656972,1.0910313559416,0.653106613953852,0.834416637712696
1267,0.809232151467189,11,1.09757274543031,0.990133333477796,0.956158024586506,0.609897601375752,0.834416637712696
1268,0.747905359250757,10,0.923217438150301,0.925416901412702,0.819317167213953,0.50526008142294,0.785421878423711
1269,1.01644587390315,10,1.06163747518664,1.14490912817769,1.05804102708171,0.626963180406369,0.785421878423711
1270,1.02996707499578,10,1.08280194864389,1.18698196017464,1.07034118337844,0.639858446502966,0.785421878423711
1271,0.973328791967187,10,1.1049248542801,1.10824316886158,1.0209490046736,0.619927025385003,0.785421878423711
1272,1.02600411596413,10,1.10455511584483,1.17059689534689,1.07849068534046,0.651386310592349,0.785421878423711
1273,0.922401742021781,10,1.05397086060407,1.06214904509534,0.973790959442864,0.582488887927695,0.785421878423711
1274,0.871393350815262,10,1.06211157640034,1.00450002680665,0.898523563759708,0.544757956846603,0.785421878423711
1275,0.59668455422694,10,0.729461647973528,0.68590644643047,0.61076682935259,0.35486675813224,0.785421878423711
1276,0.815104496917385,10,0.990493050749315,0.847289493148022,0.823423394691687,0.485088484362567,0.785421878423711
1277,0.957146134783077,10,1.14236605636519,1.09127105170792,0.980685012682377,0.582655398239319,0.785421878423711
1278,0.860437330158734,10,1.02317492512511,0.977689817257581,0.785970020151602,0.510982575317049,0.785421878423711
1279,0.764609332806651,10,0.993108852529854,0.939124363015531,0.834010275131659,0.495841228670463,0.785421878423711
1280,0.615716152693503,10,0.76228499341932,0.67842595338505,0.600189731948836,0.373618107043126,0.785421878423711
1281,0.780350990795888,10,0.978199387951191,0.900842151752137,0.667688264942238,0.475259506207879,0.785421878423711
1282,0.739655390367976,10,0.909559539517414,0.836020869850291,0.674250594929398,0.439444371819108,0.785421878423711
1283,0.847990513375359,10,1.03961667536123,0.932539458465378,0.759279055359829,0.504000367939952,0.785421878423711
1284,0.719048776211705,10,0.917359806071478,0.850067233987071,0.734344124205919,0.457490701491139,0.785421878423711
1285,0.785729263179327,10,1.00089378211075,0.889495735890532,0.653331843383322,0.483545687352743,0.785421878423711
1286,0.830716156200265,10,1.11878489822278,0.956039746059891,0.822361666704294,0.532075271691879,0.785421878423711
1287,0.85402701667209,10,1.08848509395115,0.97968750296158,0.747884602284443,0.520772946023817,0.785421878423711
1288,0.801712355254214,10,0.999495084451219,0.931586230250887,0.793092007864165,0.504084892558827,0.785421878423711
1289,0.714385570651014,10,0.866099533460974,0.809384655155138,0.712797478458189,0.44772933022298,0.785421878423711
1290,0.732648613552586,10,0.875596513165182,0.841411553307284,0.688337126191858,0.458999508488369,0.785421878423711
1291,0.889424285367534,10,1.07744518552985,1.01475908952358,0.863868040417141,0.526478784705186,0.785421878423711
1292,0.630673618174044,10,0.746648581306923,0.719280037765741,0.621055944249721,0.398568032684793,0.785421878423711
1293,0.735913831681869,10,0.855637019308344,0.868178454855151,0.732611059164072,0.507527258526123,0.785421878423711
1294,0.905711289829202,10,0.981558718460622,1.00861590538342,0.860754414293221,0.561056232550199,0.785421878423711
1295,0.879957722365356,10,0.953449861252307,0.951690868108936,0.867673992950024,0.545947936162672,0.785421878423711
1296,0.904795482860187,10,0.963656281449012,0.99748218804715,0.934800701210642,0.578861946599365,0.785421878423711
1297,0.978546037735981,10,1.04698383340057,1.0890252364892,1.04113462190233,0.652572202591832,0.785421878423711
1298,1.12220312943147,10,1.13403373798642,1.23588476730603,1.11912851495886,0.699920134524175,0.785421878423711
1299,0.982269703954057,10,1.03006504535051,1.2153861582865,1.04516500587629,0.651866829680562,0.785421878423711
1300,0.885980078167142,10,0.900582919265565,0.997964164194381,0.960327531483982,0.612756094504761,0.785421878423711
1301,0.872105376982727,10,0.779240705073915,0.881273977059169,0.915253665335118,0.56588750184782,0.785421878423711
1302,1.10680623973936,10,1.00681245739794,1.15336420134853,1.08982619077142,0.691497246243362,0.785421878423711
1303,1.42763859128115,10,1.35459860346019,1.60768466518217,1.4059414873242,0.915265955533042,0.785421878423711
1304,1.42013899310427,10,1.28463536519518,1.54976072212022,1.37720183557181,0.897346903275726,0.785421878423711
1305,1.23880061886579,10,1.10362953344926,1.3787272806401,1.22062382753376,0.803580989673829,0.785421878423711
1306,1.19912920038119,10,1.04741949697605,1.34962953295093,1.15610441030289,0.752275369867562,0.785421878423711
1307,0.974162415770177,10,0.863100908496508,1.07152761191785,0.972853237854339,0.603746010474261,0.785421878423711
1308,1.15692951183462,10,1.00608414111848,1.38390701744387,1.13299686579015,0.719240323737483,0.785421878423711
1309,1.04552171392318,10,0.892383306446255,1.15694900893334,1.03017274449955,0.651596916980126,0.785421878423711
1310,0.949651409001194,10,0.821838535560326,0.937417222156902,0.999189208524449,0.630176761652979,0.785421878423711
1311,1.03173528068283,10,0.874692687148826,1.05280115196708,1.04696702682523,0.659988175854477,0.785421878423711
1312,1.09476236571505,10,0.927522670874313,1.07236852541153,1.10560618665388,0.71224931252371,0.785421878423711
1313,1.07237279092541,10,1.07687327282527,1.13481687235173,1.30469662755737,0.814147467512493,0.785421878423711
1314,1.0457733289998,10,0.987659000046116,1.05921196243652,1.20014159122097,0.75510447902755,0.785421878423711
1315,0.897093611457249,10,0.878682421545793,0.94077282598613,1.04839436941151,0.551141072169332,0.785421878423711
1316,0.970553207087485,10,0.943891576210903,1.02812775965198,1.18061804477547,0.705563691721641,0.785421878423711
1317,1.16016470269088,10,1.08202558841214,1.20432781064215,1.29898638681476,0.754399231523048,0.785421878423711
1318,1.17001307638061,10,1.03594913069534,1.13583084969507,1.15780771941377,0.650075621506486,0.785421878423711
1319,1.15898767136681,10,1.08848171684356,1.22655097046524,1.29887724948975,0.804761922841851,0.785421878423711
1320,1.1696551372114,10,1.06056394098537,1.27382752367161,1.27564787290505,0.824873631653554,0.785421878423711
1321,0.904013045541216,10,0.811239744272194,0.927409655439432,0.96758461342023,0.571193500678364,0.785421878423711
1322,1.13416820580066,10,1.03429648263485,1.18046323567404,1.18661492120665,0.714374034548207,0.785421878423711
1323,1.34378450905495,10,1.10476751645739,1.28194866708825,1.24242311129268,0.860091659423502,0.785421878423711
1324,1.28378244945227,10,1.09638384308081,1.27923292944124,1.24108149183088,0.833875086429411,0.785421878423711
1325,1.28227017547622,10,1.05468686232699,1.20313106086297,1.21168499695396,0.818516713662945,0.785421878423711
1326,1.28610687702582,10,1.18756691731576,1.40831551751275,1.13356228931107,0.791521636334697,0.785421878423711
1327,0.937789095932906,10,0.900952622319582,1.00525004517492,0.805277189481388,0.52431151888351,0.785421878423711
1328,1.16579947908185,10,1.04014286886126,1.2731746079367,0.983081558719012,0.688348286448784,0.785421878423711
1329,1.19511013993808,10,1.03868796385767,1.23294121486821,1.10939049540322,0.73285074043665,0.785421878423711
1330,0.660906006550874,10,0.586381026339626,0.703925749484437,0.653227060483804,0.383613423691507,0.785421878423711
1331,0.961607700857258,10,0.820485595189194,0.975493708476268,0.754228651331224,0.538736464840507,0.785421878423711
1332,1.08364437224564,10,0.917989929874065,1.09979930810334,0.882694953477291,0.621899116900424,0.785421878423711
1333,1.04300573578454,10,0.92463294106653,1.08925152078769,0.898517266029872,0.583294845065595,0.785421878423711
1334,1.39528748393865,10,1.25447830112702,1.45556706862903,1.32901278352391,0.911234641768325,0.785421878423711
1335,1.10668136147672,10,0.952655252428083,1.15850265333059,1.05428410480951,0.72559553992561,0.785421878423711
1336,1.22751804367292,10,1.11526071411268,1.27086531079499,1.20630178485988,0.820001607467204,0.785421878423711
1337,1.2148298890702,10,1.0355797145079,1.194595129176,1.15930593393407,0.803541266496306,0.785421878423711
1338,1.32319442996766,10,1.15744797414932,1.33602541969821,1.2461916193687,0.881936503863112,0.785421878423711
1339,1.31574729854869,10,1.16169502941432,1.32253001471115,1.25098191050109,0.896001495245823,0.785421878423711
1340,1.04487475304841,10,0.918924075819759,1.07992039137874,1.02110111952497,0.719794604798943,0.785421878423711
1341,1.03252573422611,10,0.922522021257322,0.994463848302944,1.02988675960804,0.708817254690202,0.785421878423711
1342,1.10770405208241,11,0.995724592681654,1.05714088180536,1.08600667403655,0.727669969368924,0.819115424590517
1343,0.8453459144038,11,0.954528540813998,0.937998723208396,1.02800473916334,0.641441188970174,0.819115424590517
1344,0.934594764809278,11,0.885062456384901,0.887191687700823,0.948798905169369,0.643848979564868,0.819115424590517
1345,0.930743991655732,11,0.952557931134522,1.03047435892159,0.951332011900751,0.652995383633041,0.819115424590517
1346,1.09230254541019,11,1.11785047901756,1.14513350140815,1.16853923775157,0.674387393086096,0.819115424590517
1347,1.13947928216114,11,1.03104652764835,1.18556491592753,1.02910072139133,0.692620630208527,0.819115424590517
1348,0.868673487328994,11,0.942973695632926,0.887500420333823,0.940477677098355,0.566472818259465,0.819115424590517
1349,0.871110586717579,11,0.941997671298244,0.923713103990221,0.984648071664125,0.630860731884577,0.819115424590517
1350,0.87858350547399,11,0.89024637168213,0.891593633394605,0.930386382094836,0.602359497356352,0.819115424590517
1351,1.07652773846224,11,1.00419425800821,1.17139978894156,0.99152962935814,0.721177130106459,0.819115424590517
1352,1.17018421618992,11,1.10392480712589,1.18810019481341,1.12166283215347,0.726615317122014,0.819115424590517
1353,0.888560885191976,11,0.88320336781675,0.907751476146959,0.873403289249702,0.576709946396068,0.819115424590517
1354,1.18391394502376,11,1.10338746363509,1.22549490518218,1.10142269894635,0.78389903270699,0.819115424590517
1355,1.04673219122523,11,1.00015574693046,1.11445391525344,0.999068818451709,0.704401333575029,0.819115424590517
1356,0.999757517811062,11,0.974881746402483,1.07117243965791,1.01507294961772,0.680029530241684,0.819115424590517
1357,1.04789683674421,11,0.984483655984066,1.17323551163865,0.97663978361901,0.666749306942907,0.819115424590517
1358,1.19609645007106,11,1.11058029735784,1.30049928508849,1.13462107929665,0.77821945466467,0.819115424590517
1359,1.28158856449723,11,1.15563095770903,1.26163381201224,1.11157296849023,0.716697515339585,0.819115424590517
1360,1.08605797340082,10,1.052579764103,1.1194263523049,1.13878373104224,0.653135602302532,0.78479553347727
1361,0.923114963590395,10,0.893798262200438,0.913111666438157,0.978534013013136,0.593262918104207,0.78479553347727
1362,0.884768545195661,11,0.846124341582821,0.882655292863493,0.988378713282215,0.50476103987191,0.798098831012031
1363,1.08493698735929,11,1.00284426178966,1.11092434796042,1.11684507683375,0.761621816812124,0.798098831012031
1364,1.0207496883858,11,0.962441234501279,1.10458534805434,1.04905293354442,0.737496270300168,0.798098831012031
1365,0.87430797018888,11,0.845031176436021,0.931797476498586,0.79474592850416,0.639768667630031,0.798098831012031
1366,1.10521998232074,11,1.02886080032626,1.24837211300238,1.15904663847655,0.838996561535317,0.798098831012031
1367,0.97932125094294,11,0.912623850667893,1.03843782227062,1.0505776413463,0.727998323554225,0.798098831012031
1368,1.0471663685078,12,0.942483213168119,1.01642435353095,1.11445804192074,0.76568967530447,0.826967780987427
1369,1.01480331860424,12,0.906439693760186,0.964886728557856,1.09769090265881,0.773209580187275,0.826967780987427
1370,1.16752434853763,12,1.08282338390838,1.11304216627351,1.30761765093373,0.889364042702438,0.826967780987427
1371,1.28742091504527,12,1.15985119986201,1.22330988809293,1.35790326625139,0.936864637566648,0.826967780987427
1372,1.31055478375931,13,1.18623306472963,1.30994655889179,1.50307700352587,0.987217623714579,0.825913352125392
1373,1.26371435520467,13,1.15031964929493,1.1905624714174,1.44430528583742,0.944034974022714,0.825913352125392
1374,1.07752383044948,13,0.996860954087591,0.987492023933699,1.22989068196417,0.819135387587861,0.825913352125392
1375,1.21791014551876,13,1.11605589359422,1.13215105621313,1.36910924813883,0.905613356798633,0.825913352125392
1376,1.06609471109202,13,0.989098835780306,0.979299741248631,1.20974234468967,0.804122323395738,0.825913352125392
1377,1.05109288637461,13,0.984173311928178,0.990471340451613,1.22094073213914,0.815892327967885,0.825913352125392
1378,1.12861325559047,13,1.11525760757544,1.10239310187971,1.27895115725271,0.850385326113192,0.825913352125392
1379,0.908905315668245,13,0.86438462525017,0.888639602976783,1.00356317215729,0.667322849352464,0.825913352125392
1380,0.97098205794846,13,0.910683335621125,0.937901648785911,1.01752091352306,0.690924674886021,0.825913352125392
1381,1.01150692423544,13,0.97679778843551,1.02176104627524,1.05171281514289,0.72919959585794,0.825913352125392
1382,0.856892546166334,13,0.856396177430295,0.827651435142812,0.942241656578903,0.638686307964512,0.825913352125392
1383,0.807684095472414,13,0.787116575857789,0.800958251271782,0.84620179051634,0.562133803121192,0.825913352125392
1384,0.79317893913244,13,0.778441839792154,0.802289119872799,0.845168794397592,0.573357083030254,0.825913352125392
1385,1.00351355060412,13,0.986381185942862,1.05438851859049,1.06678530984812,0.738944736779913,0.825913352125392
1386,0.976053126142702,13,0.963048333057184,0.966878414923542,1.02953656682488,0.723288016253961,0.825913352125392
1387,1.02398481339475,13,1.00537712526385,1.07012018939653,0.97355732286928,0.762664177890647,0.825913352125392
1388,1.02520905480025,13,0.999193825283032,1.05033562008612,0.96029114604433,0.771257859048636,0.825913352125392
1389,1.14418500531196,13,1.12901369755378,1.17604809821023,0.985406079234503,0.843521965652098,0.825913352125392
1390,1.1306418277273,13,1.10078588626983,1.13857784186754,1.01721675742046,0.807844244812792,0.825913352125392
1391,1.3024145743564,13,1.2046372404217,1.21363746489434,1.56614133455922,0.963228326520872,0.825913352125392
1392,1.29657463956397,13,1.26042052632815,1.20379918626843,1.48843042887954,0.911806191634777,0.825913352125392
1393,1.13205465776774,13,1.12651958107722,1.05501983975253,1.29887674511772,0.7901041421967,0.825913352125392
1394,0.783255961976009,13,0.781866045139197,0.790910716634536,0.812400110355171,0.581165675237785,0.825913352125392
1395,0.841464572154152,13,0.847011042961091,0.902690828626215,0.874937455280275,0.617211219277403,0.825913352125392
1396,0.86778069379944,13,0.904028218580141,0.934967247401438,0.857761567357839,0.646549054168834,0.825913352125392
1397,0.850634162066994,13,0.884975334288052,0.83260872399829,0.907351331708308,0.623343466403746,0.825913352125392
1398,0.857058739665402,13,0.9062719497089,0.816087355516651,0.970289968048657,0.628141669630861,0.825913352125392
1399,0.712321549096643,13,0.774792996262958,0.722333795642054,0.745770730032872,0.507806871428475,0.825913352125392
1400,1.2943421493497,12,1.35415832492437,1.25122237905182,1.29726161677161,0.810270622303555,0.790815218707399
1401,1.05595582926864,12,1.13456404205718,1.07340024939449,0.912259468675786,0.655208714959923,0.790815218707399
1402,0.886498777754709,12,1.01977944147134,0.929272686886504,0.802496866786759,0.614941792956437,0.790815218707399
1403,0.798433471294082,12,0.8993612114966,0.820810638911695,0.746237026471208,0.528192073531185,0.790815218707399
1404,0.642095873211886,12,0.761107645148651,0.680078109187762,0.664937210263944,0.421010978301875,0.790815218707399
1405,0.819783733566816,13,0.966357269377372,0.821904764603787,0.879657633403446,0.576376537697144,0.802339667135691
1406,0.877228806072745,13,0.980886598583803,0.901910092176867,0.843704957462222,0.630767176110025,0.802339667135691
1407,0.968938115086388,13,1.09604151035515,0.955764622633512,0.989405264865766,0.720290060536594,0.802339667135691
1408,1.08795255056321,13,1.23108942860139,1.10158374707466,1.1156093686894,0.727082979339468,0.802339667135691
1409,0.874522878973713,13,0.966036304572059,0.846159449655839,0.889442841357073,0.516330661952163,0.802339667135691
1410,0.920852967509495,13,1.01963462658603,0.892638162464543,0.917377865514519,0.653978261523641,0.802339667135691
1411,1.01174867496809,13,1.1415133257353,0.999917969391544,1.09653319394861,0.704389034885679,0.802339667135691
1412,0.741994027316549,13,0.810894152436953,0.762732841175232,0.877685349002827,0.497922936236609,0.802339667135691
1413,0.945825189495961,13,1.04712869723159,0.920770911567485,1.01386501832964,0.652947833477144,0.802339667135691
1414,0.904180868917196,13,1.04255504374627,0.885398453518025,1.02202756988755,0.6194773624303,0.802339667135691
1415,0.91458532594519,13,0.997424089717924,0.870343921784184,0.895973288058352,0.545468070216107,0.802339667135691
1416,0.858163384237992,13,0.938492284499241,0.837058584395006,0.841612996316944,0.551154137682819,0.802339667135691
1417,0.709940375000865,13,0.75009759746256,0.666028330067014,0.708710349749912,0.407428389730639,0.802339667135691
1418,0.856991990218342,13,0.904988967112394,0.817123812799126,0.873666139327332,0.600544201233799,0.802339667135691
1419,0.977140628079393,13,1.00034334215234,0.890408109844346,0.99518147581406,0.648432561069167,0.802339667135691
1420,0.85536155561004,13,0.939108993504301,0.842685864879281,0.866393698162104,0.573129745388782,0.802339667135691
1421,1.1139037908655,13,1.11505224470779,1.10892635603331,1.16998174186395,0.774540886491363,0.802339667135691
1422,1.01226207599297,13,1.01736719367951,1.02849020248668,0.997556040855749,0.665554510537875,0.802339667135691
1423,1.08551386482372,13,1.03205021986367,1.02921312220001,1.18003703724162,0.763772268845303,0.802339667135691
1424,1.16521285531248,13,1.12310596087664,1.15040690850703,1.24990407553552,0.838891214213835,0.802339667135691
1425,1.08151500378917,13,1.00325006700926,1.02696701698804,1.10654612896314,0.805408828390051,0.802339667135691
1426,1.0996012463296,13,1.01371318919042,1.0317779925496,1.25934837288744,0.818018757323228,0.802339667135691
1427,1.04544822030382,13,0.972831022747754,1.02369621526169,1.15402419374621,0.704677467434639,0.802339667135691
1428,1.02917379684276,13,0.996203716046349,0.987158294177325,1.13394431504341,0.747320743020809,0.802339667135691
1429,1.05401723610233,14,0.975387267027044,1.01118149081898,1.14952734298907,0.710847842995216,0.82663402639334
1430,1.09646969991113,14,0.993242213974266,1.04063519162667,1.18401745638758,0.715832088291148,0.82663402639334
1431,1.09795218616595,14,1.00541683285425,1.08092929010451,1.26081077752255,0.792263055160189,0.82663402639334
1432,0.905942322002855,14,0.804270945494538,0.882143696679595,0.970492965996898,0.574139933232831,0.82663402639334
1433,1.18370341460617,14,1.0307089069768,1.10995446860917,1.3188467804343,0.755395897988819,0.82663402639334
1434,1.25143703163362,14,1.12614853466981,1.20314595614048,1.5105063254096,0.834795209273252,0.82663402639334
1435,1.06747752824458,14,0.926591044128454,1.02257484600663,1.25255524656526,0.75311241889916,0.82663402639334
1436,1.15449670164432,14,0.994303773151032,1.10328148075158,1.34284713882586,0.806547445402377,0.82663402639334
1437,1.08543999243345,14,1.06372777403827,1.1603237347767,1.43593955639399,0.901173549894182,0.82663402639334
1438,1.18130747661958,14,1.12163679039661,1.25050564330726,1.51381990202397,0.915045375829785,0.82663402639334
1439,1.07888114171158,14,0.966926848471671,1.16602752713996,1.30952596417886,0.765047427749984,0.82663402639334
1440,1.02999170660032,14,0.895959470601974,1.01084874578488,1.25145024849446,0.677049741484933,0.82663402639334
1441,0.962647670626669,14,0.964409489205329,1.06130582807954,1.37403588054386,0.850349718367015,0.82663402639334
1442,0.988354743006559,15,0.951997981828864,1.02217858451478,1.32884708274868,0.793270130287395,0.847017071124452
1443,1.08905890114442,15,1.074935261835,1.12530091533021,1.45648790656155,0.815388570649451,0.847017071124452
1444,1.14922817805366,15,1.17841723943627,1.19207379524683,1.56518146673101,0.903444139834532,0.847017071124452
1445,1.15933270397532,15,1.11682560687689,1.14382452087955,1.47934463743397,0.815428117138728,0.847017071124452
1446,1.12828298689263,15,1.07618640346039,1.19357158123381,1.45513592283904,0.820281942040295,0.847017071124452
1447,1.01482542426228,15,1.09107647897639,1.14355496688444,1.4567968749613,0.822824876076711,0.847017071124452
1448,0.948776556845396,15,0.856198028471332,0.910634607057041,1.17002489151063,0.673074158625034,0.847017071124452
1449,0.948803060000834,15,0.8920119831296,0.998869001579084,1.19523157074873,0.726262776160526,0.847017071124452
1450,0.973202115762504,15,0.878750974957082,0.917350849109468,1.17161546699751,0.646064094615365,0.847017071124452
1451,0.850076619099632,15,0.755316354714551,0.806387374271885,1.01193999723286,0.626283733661329,0.847017071124452
1452,0.907746319620675,15,0.848776082215336,0.856362598936593,1.03668051503612,0.65167788347871,0.847017071124452
1453,1.03382243464412,15,1.02829327315499,0.999106490906728,1.31291490590664,0.736623832682024,0.847017071124452
1454,0.997778157815606,15,0.946988921429689,0.949659393733333,1.23937399748643,0.762452385432542,0.847017071124452
1455,0.991447440627294,14,1.03829335146362,0.993704620999461,1.26726636114707,0.747784618953371,0.831156951520438
1456,1.06512079294885,14,1.06739367679868,1.09098267265116,1.40567593703308,0.841869339878217,0.831156951520438
1457,1.10779449369525,14,1.14674016822134,1.13161894769682,1.40250866704759,0.841016413745091,0.831156951520438
1458,0.965926992519399,14,0.968539656631342,0.974875478241055,1.21045985593152,0.722632911519902,0.831156951520438
1459,1.04110994403186,14,1.1504077164214,1.06751452191805,1.3334232066798,0.782831201705182,0.831156951520438
1460,1.08632205174236,14,1.23830872763153,1.20000080747511,1.41808803596619,0.8172945563403,0.831156951520438
1461,0.912211265609026,14,0.982556559259339,0.934076607149374,1.16099135560835,0.675306618489774,0.831156951520438
1462,0.925675919530297,14,1.00710147069652,0.952637383487047,1.19127396908051,0.718141192987624,0.831156951520438
1463,0.710938299746041,14,0.822889193645641,0.742659467118518,0.950089487595175,0.555250288934031,0.831156951520438
1464,0.881375788833364,14,0.969978134229089,0.902262681447238,1.05446673751983,0.652366016264004,0.831156951520438
1465,0.840999626169265,14,0.945695415232546,0.8571029909709,1.03163349593853,0.634184818719938,0.831156951520438
1466,0.737067305088086,14,0.794840097755736,0.758521130865848,0.852489835446464,0.534311036409449,0.831156951520438
1467,0.765483719211218,14,0.865681796073405,0.777933014503428,0.858133547763305,0.555610290194037,0.831156951520438
1468,0.788300032314661,14,0.886757075386159,0.836753195737701,0.909052205819974,0.614103113669234,0.831156951520438
1469,0.760305433751043,14,0.866959354103308,0.769613854161103,0.89544368068209,0.527457001677765,0.831156951520438
1470,0.938312334805486,14,1.0885589321561,0.953222175830954,0.984877646281448,0.584807257988547,0.831156951520438
1471,0.957429887547457,14,1.06161594393325,0.971331397168412,1.08920830543785,0.656696694166368,0.831156951520438
1472,0.735394104093471,14,0.822540570641697,0.75692233585224,0.850863951078859,0.527662411997286,0.831156951520438
1473,1.07689998796527,14,1.18683792616121,1.10771525376246,1.27128722838762,0.834069376461455,0.831156951520438
1474,0.874475851498987,14,0.945956769607199,0.880701931920831,1.03151280148322,0.648837578539673,0.831156951520438
1475,0.81779919364886,14,0.876890257887932,0.825020703213384,1.00830691136358,0.644061300035023,0.831156951520438
1476,0.944703017805736,14,1.02791329407235,1.01158392034504,1.19046117849877,0.727932764269346,0.831156951520438
1477,0.977636501467612,14,1.0523395720196,1.00343488024212,1.24189775086563,0.787388131025473,0.831156951520438
1478,1.01515725460268,14,1.07350207223462,1.03699828874942,1.26608708454311,0.796654270934486,0.831156951520438
1479,0.975010123590922,14,0.994216558268154,1.006955415261,1.21667001151378,0.764814222575386,0.831156951520438
1480,0.920909087756521,15,0.935240175367674,0.957313516521348,1.19166072430353,0.729617474865653,0.851548114868305
1481,1.11161057770361,15,1.14694779307165,1.18153335655959,1.4935741744818,0.92580832151708,0.851548114868305
1482,1.15093806914804,15,1.19574952037401,1.22942583160021,1.58129999396841,0.947272179939595,0.851548114868305
1483,1.1587072554398,15,1.21690864917304,1.17792751363605,1.51305324196661,0.91878134092797,0.851548114868305
1484,0.988675604235274,15,1.02933713976699,1.03295353620558,1.2786259429982,0.762497287380012,0.851548114868305
1485,0.940534283255386,14,1.00523169070293,0.975690395850112,1.27496001936202,0.712935502548512,0.830785118954234
1486,0.702548221109252,14,0.75308225338054,0.730477626500915,0.917011861738467,0.519933270440966,0.830785118954234
1487,0.790065173656962,14,0.909062601292581,0.827619963322942,1.02170816118439,0.60378591797436,0.830785118954234
1488,0.975139680389768,14,1.05106329424407,0.98228486974709,1.14304315435832,0.686154777369496,0.830785118954234
1489,0.90098836262833,14,0.994094078259465,0.905754052033548,1.07555566580608,0.650915807165103,0.830785118954234
1490,0.932787692415987,14,1.04322641862168,0.93161982403153,1.00987341087885,0.615255520707518,0.830785118954234
1491,0.90564002321205,14,1.05392495437745,0.900238422962329,1.05787219799704,0.615365230268439,0.830785118954234
1492,0.780258022009418,14,0.912436775565701,0.775869033051251,0.9181689832981,0.561369435311399,0.830785118954234
1493,0.622680979914689,14,0.747981574820184,0.617131097308858,0.704183274151027,0.433519396189653,0.830785118954234
1494,0.635177355978894,14,0.797796705963619,0.666016789940802,0.786374601428796,0.48439678399831,0.830785118954234
1495,0.668241723907484,14,0.924558236049343,0.740616344048246,0.934277068971877,0.551704731981733,0.830785118954234
1496,0.897152108416325,14,1.13725334346614,0.919702121883745,1.02123950143905,0.60936794648205,0.830785118954234
1497,0.810288995606285,15,0.972207331739657,0.812696784554516,0.98216047289684,0.586696111610725,0.84509071498772
1498,0.791515237221216,15,0.940897692894612,0.787326012660608,0.916758343527413,0.582509317338668,0.84509071498772
1499,0.822703272336542,15,0.957221577964682,0.823322173930789,1.03438287567536,0.549020129870559,0.84509071498772
1500,0.940572126426075,15,1.11062996109036,0.927205582719139,1.12114061957588,0.641573014786543,0.84509071498772
1501,0.796372256967644,15,0.895533215434774,0.787043742168622,0.831667468472834,0.600267765612026,0.84509071498772
1502,0.84569217728204,15,0.963724929152876,0.836008509358538,0.919047908147545,0.604420253176619,0.84509071498772
1503,0.853539880846649,15,0.967970023165673,0.849987742169347,1.05225907032344,0.664151128874453,0.84509071498772
1504,0.979522981853154,15,1.08358689765102,0.96960240652678,1.25832851203522,0.677462666310506,0.84509071498772
1505,1.04422922783194,15,1.13019631944377,1.02792625222316,1.19578940617796,0.772502291707359,0.84509071498772
1506,1.07834734663439,15,1.16669977812522,1.05084828644883,1.24042611812579,0.706608400959697,0.84509071498772
1507,0.925247748383132,15,0.98488221291513,0.889910481897371,1.09841866847105,0.614100199143846,0.84509071498772
1508,1.0784948063246,15,1.15134304261344,1.06003291547759,1.15840921995245,0.695510336198877,0.84509071498772
1509,1.10955899427623,15,1.17955116674391,1.0959551681185,1.40710512893228,0.698983284407746,0.84509071498772
1510,1.0138176656263,15,1.08338399970648,0.993099787282019,1.10694055308538,0.686278891480756,0.84509071498772
1511,0.707985056698557,15,0.735778089385601,0.698675586000116,0.911995991316667,0.522941156076149,0.84509071498772
1512,0.968164270071857,14,1.03923026410977,0.940391757767562,1.18985599411541,0.664323189294971,0.837066036695013
1513,0.792211529416653,14,0.891397849638868,0.796536552276319,1.0559693085425,0.59133719473526,0.837066036695013
1514,0.803911662649161,14,0.844112009763739,0.781987332789851,1.00009198512147,0.579036422124393,0.837066036695013
1515,0.730947370647326,14,0.817769297594379,0.705831355513307,0.948992599372749,0.555313147623058,0.837066036695013
1516,0.703676369726664,14,0.783837499147266,0.711728674377973,0.950772415816992,0.55300854662506,0.837066036695013
1517,0.962497986005814,14,0.983914102826969,0.946635914336032,1.19973714601705,0.714470141721166,0.837066036695013
1518,0.817983305959747,14,0.82865486861009,0.779954411403185,1.05060210842343,0.613450538313509,0.837066036695013
1519,0.983171193779346,14,0.943697459399349,0.958321527582431,1.20586501961906,0.715100085430575,0.837066036695013
1520,1.21406660377924,14,1.14016356280056,1.18801144018324,1.45934729593094,0.873737233095452,0.837066036695013
1521,1.08253733962138,14,1.02568703196899,1.06022266181021,1.32393813431886,0.787525056483053,0.837066036695013
1522,1.25823031676604,14,1.15949994481922,1.23108495197864,1.50686830678249,0.89517151635712,0.837066036695013
1523,1.0252533326818,14,0.88840040526697,1.00586028565113,1.28002908850429,0.747900532490813,0.837066036695013
1524,1.07457821913199,14,1.00081488166012,1.09622130641449,1.38978178158115,0.782776097502792,0.837066036695013
1525,1.24011827653897,14,1.09400815641778,1.21493157548442,1.43180055313325,0.828957092962574,0.837066036695013
1526,1.31290133783963,14,1.10931794636264,1.28468567455761,1.63766777423184,0.918863470943324,0.837066036695013
1527,1.26153593131876,14,1.08720627361134,1.2266667644824,1.53524053262194,0.900383599704177,0.837066036695013
1528,1.28538021272806,14,1.1153593854841,1.24847090694388,1.58963241261,0.924121340034866,0.837066036695013
1529,1.20335548695373,14,1.02764904608652,1.17196684291172,1.51161803327439,0.904725550658614,0.837066036695013
1530,1.28381181968606,14,1.05766098643889,1.24499942267117,1.5984776987571,0.975827289774705,0.837066036695013
1531,0.99767542034232,14,0.858384048425101,0.971052654297174,1.26080531168859,0.752499039862195,0.837066036695013
1532,1.21993537012367,14,1.03985341267861,1.18037753105832,1.52119000466076,0.931816552369035,0.837066036695013
1533,1.23622019367835,14,1.08910097421178,1.19562287826468,1.51121258209711,0.88386420530314,0.837066036695013
1534,0.948040479229378,14,0.834575981727518,0.891131660920404,1.15266147899807,0.685761860431568,0.837066036695013
1535,1.20629509888896,14,1.07198896318731,1.13560242853863,1.45040344575781,0.898404133447985,0.837066036695013
1536,1.26448774856048,14,1.12897376651728,1.21217311439308,1.49409789382314,0.921062685681056,0.837066036695013
1537,1.09486400837391,14,0.970595036823027,1.0474900548765,1.3010286000685,0.786813198364216,0.837066036695013
1538,0.885227017722319,14,0.79353175297419,0.850807093838981,1.05771038325403,0.655582021731575,0.837066036695013
1539,1.11650762104651,14,1.00010169348404,1.08190234915361,1.30073012779427,0.792998869912656,0.837066036695013
1540,0.86334324554343,14,0.776579729274148,0.82896683615261,0.992948347151621,0.608015659512921,0.837066036695013
1541,1.06165573270792,14,0.96794762220664,1.01833049843037,1.20902000180185,0.731195876345981,0.837066036695013
1542,1.100272268046,14,1.02798791547593,1.07842570881447,1.26302414659481,0.779628831453675,0.837066036695013
1543,1.03564167791858,14,0.953535904578387,0.988681442000899,1.19436765872662,0.72238113377462,0.837066036695013
1544,1.1301416456353,14,1.06872348095738,1.06400973902575,1.33267962041381,0.813497129633213,0.837066036695013
1545,1.20876904689099,14,1.11547594642363,1.11944641187068,1.40600344425649,0.837244869243776,0.837066036695013
1546,0.880340592787513,14,0.840173284069356,0.852469266227309,1.06439199784844,0.670760012544382,0.837066036695013
1547,1.18425110281701,14,1.09158694677148,1.13935189189146,1.36267167583831,0.800761653832005,0.837066036695013
1548,1.1261755471104,14,1.00206302432242,1.06558392178659,1.29461841201727,0.758210527308122,0.837066036695013
1549,1.03047193807026,14,0.945085694960651,0.971587924947096,1.23089471199283,0.737299224166508,0.837066036695013
1550,0.978108485002528,14,0.882811083990185,0.92146085671306,1.14817760230108,0.701428290603425,0.837066036695013
1551,1.34846528173411,15,1.22513385221483,1.30713817565467,1.53551423329845,0.930968347309163,0.848746136087891
1552,0.897852278435196,15,0.861827946525386,0.84517408053684,1.11173493247085,0.663876105122492,0.848746136087891
1553,1.09509870250401,15,0.999088922920317,1.03198205401501,1.25825174836014,0.781730430848198,0.848746136087891
1554,1.13381524045362,15,1.02629330486231,1.0780070081453,1.34820243038622,0.774894864621003,0.848746136087891
1555,1.28148967707023,15,1.11709701276872,1.22176038735364,1.46957198825554,0.901322903366574,0.848746136087891
1556,1.20569865136128,15,1.03263566083492,1.13734967289663,1.32074912642405,0.866890465940729,0.848746136087891
1557,1.21066179850036,16,1.07192038519834,1.17487896268971,1.54875619456199,0.928869948986874,0.856593843920468
1558,0.979359863657707,16,0.834040513765695,0.938395195904917,1.11101788994786,0.713004223459191,0.856593843920468
1559,1.17833139617002,16,0.984240912336606,1.12600615674281,1.3244289417768,0.898377140756162,0.856593843920468
1560,1.24827355155627,15,1.05624364202229,1.19646200867546,1.33047625211497,0.906587489855658,0.841673566289718
1561,1.29497117144158,15,1.08494905514331,1.23637117141876,1.50164631121317,0.929115183142922,0.841673566289718
1562,1.11614238028078,15,0.933003164581992,1.05394311963904,1.26877508019462,0.760581165825556,0.841673566289718
1563,1.03559921469507,15,0.848582298525936,0.97783842891259,1.20749984095609,0.737629431919396,0.841673566289718
1564,1.12787042961773,15,0.920281237287142,1.07194774822213,1.3242267404388,0.820458665069379,0.841673566289718
1565,0.977944146924496,15,0.794221404478764,0.924675832476499,1.19304213900172,0.733951407134639,0.841673566289718
1566,1.32679329712453,15,1.08396094036612,1.25876945699466,1.65784341942935,1.01588795971159,0.841673566289718
1567,1.27111289811769,15,1.0613960619607,1.18099163964449,1.61888734679292,0.958518274151033,0.841673566289718
1568,1.16723031914455,15,0.922965615205629,1.09988742665673,1.33266705774097,0.784779562766413,0.841673566289718
1569,1.32252954132514,15,1.03720013507447,1.24236923725187,1.63445144796328,0.910344847915801,0.841673566289718
1570,1.44076264543317,15,1.13388250545506,1.37343810247201,1.65525742769754,0.984992501717052,0.841673566289718
1571,1.18491094680197,15,0.957078097403759,1.12191472777628,1.46739933717164,0.851308756071577,0.841673566289718
1572,1.41962484975829,15,1.1869534068526,1.34579296188872,1.83649359049729,1.08015400500764,0.841673566289718
1573,1.26377277125474,15,1.07426060161372,1.20927124660681,1.72846618968359,0.975612827581008,0.841673566289718
1574,1.34096553010749,15,1.12363135716343,1.26899662776401,1.70394657322957,0.989432922634454,0.841673566289718
1575,1.2266364270024,14,1.04668910722776,1.1724744749953,1.50961812569518,0.887056286460146,0.822321773290914
1576,1.0438138886151,14,0.894031126727834,1.00653458625817,1.25655024349814,0.774069145224269,0.822321773290914
1577,0.938335147852853,14,0.833859726825988,0.898325314977913,1.17193144852118,0.702686719457763,0.822321773290914
1578,1.11123300273176,13,0.947981806856684,1.04174410047323,1.35126903549839,0.819613784150348,0.793776979279873
1579,1.17217033693786,13,1.04765393912507,1.08631395862067,1.36324098178008,0.836572893260589,0.793776979279873
1580,1.10801023506739,13,1.01297370065418,1.00001229647442,1.29067827543203,0.785152049034522,0.793776979279873
1581,0.986565906961201,13,0.934040967524784,0.918640741859996,1.14038182398676,0.70100593090671,0.793776979279873
1582,1.08356474599118,13,1.00742286856706,1.00540705700852,1.21875276705921,0.756127549763239,0.793776979279873
1583,1.29069936573297,13,1.21235287568454,1.20684079093805,1.49290692228661,0.880678684988452,0.793776979279873
1584,1.02612093874523,13,0.973320835687869,0.949687594173734,1.19698757433453,0.695599396398005,0.793776979279873
1585,1.00128288202902,13,0.975233508133408,0.934463878057566,1.18070603064389,0.697741312393255,0.793776979279873
1586,0.766929097279076,13,0.76536242850978,0.718742069526625,0.910570877989105,0.5352601755059,0.793776979279873
1587,0.868348187779387,13,0.887326025785405,0.830468338084145,1.01336517204949,0.621372673799072,0.793776979279873
1588,1.06676686857589,13,1.04852152481315,0.994719516285382,1.2178534067702,0.735024996352668,0.793776979279873
1589,0.926573137850674,13,0.916688141848894,0.885761562280414,1.10098494510099,0.64838475109326,0.793776979279873
1590,1.02223428764676,13,1.02449162402454,0.976235968511742,1.18148936749535,0.723376779297034,0.793776979279873
1591,0.897441903546563,13,0.908849065579494,0.869660384676741,1.03020911351607,0.62299593345585,0.793776979279873
1592,0.823548209610086,13,0.820529926801538,0.780538588821513,0.959818453095924,0.555103065195994,0.793776979279873
1593,0.869347654969368,13,0.83567013501579,0.835742967356376,1.02967908523225,0.627241215535655,0.793776979279873
1594,0.770637425863079,13,0.736507656157784,0.744348099291709,0.923538494209359,0.542609471650999,0.793776979279873
1595,0.930788407849387,13,0.84523308967618,0.885346286177432,1.07320143731067,0.656488351154542,0.793776979279873
1596,0.99089643283494,13,0.881569024018937,0.921397433353253,1.03716249201859,0.653390477836029,0.793776979279873
1597,1.28577055452504,13,1.13431738022217,1.18579260447409,1.37697190062238,0.851755832426157,0.793776979279873
1598,1.45106530433345,13,1.29437231511554,1.43185521604984,1.73691438210779,1.05039835310138,0.793776979279873
1599,1.41524073137925,13,1.1856901481579,1.34256177122325,1.66544020726746,0.960114509561453,0.793776979279873
1600,1.26447350352902,13,1.03900841029554,1.1909390716908,1.48377887698063,0.86573234001945,0.793776979279873
1601,1.56432084238962,13,1.25153108604257,1.45061282998772,1.56193500956161,1.04652897370425,0.793776979279873
1602,1.47998537769733,13,1.18106127918692,1.37452607994728,1.46430550240514,1.00592204784566,0.793776979279873
1603,1.2483816396608,13,1.00827685852415,1.17977686287353,1.43431442380442,0.893129968857484,0.793776979279873
1604,1.20611666901634,13,0.995968862690178,1.14322682805552,1.43933896011559,0.870380173711141,0.793776979279873
1605,1.05045354640619,13,0.890658634851698,1.0293967398922,1.2892060881677,0.786386708118364,0.793776979279873
1606,1.15528159009206,13,0.963661542807086,1.09527131886532,1.36773772275901,0.844858272359102,0.793776979279873
1607,1.40452907247176,13,1.19023535879259,1.32629549874306,1.60488031102703,0.983241863599224,0.793776979279873
1608,1.0080737076328,13,0.863314877352423,0.966187875053839,1.18000282198589,0.69712758095948,0.793776979279873
1609,1.02601869764136,13,0.90660823778702,0.960141685264606,1.14254603284119,0.73720229038294,0.793776979279873
1610,0.945033224346844,13,0.785848089814279,0.903838678608214,1.14120588815045,0.652444615560713,0.793776979279873
1611,1.10736741517578,13,0.973093960258159,1.06723706472535,1.30746267385103,0.782269384326877,0.793776979279873
1612,1.15080332340287,13,0.991898615325692,1.07696261413563,1.35152396735176,0.792229110202849,0.793776979279873
1613,1.05403764842686,13,0.908813174607184,1.01647710099908,1.25615683950219,0.752393851185639,0.793776979279873
1614,1.1350358587467,13,1.10532684208526,1.12758680579471,1.4189875068406,0.861898912361229,0.793776979279873
1615,1.05489330586167,13,0.972209990331641,1.00774187720601,1.27330090178533,0.761356502880979,0.793776979279873
1616,1.14165393586631,13,1.0691722191975,1.09345143586869,1.33477695495905,0.796849546902039,0.793776979279873
1617,1.10098799357389,13,1.07540003959461,1.05242594040951,1.29401541588654,0.744772478215652,0.793776979279873
1618,1.01482335896585,13,0.997931147944836,0.984336696208023,1.16979081960792,0.711157898295027,0.793776979279873
1619,0.807103648863626,13,0.783940586975008,0.76791877961078,0.957551062407378,0.560341358117189,0.793776979279873
1620,0.846155401166763,13,0.904426104012246,0.834193901021846,1.04127994288757,0.620902214101148,0.793776979279873
1621,0.971902312253761,13,1.00814364915345,0.953977073650088,1.16980755160452,0.683529923155125,0.793776979279873
1622,1.06170439230686,13,1.08187014104076,1.02606806991485,1.22794449529503,0.713922422546796,0.793776979279873
1623,0.805355279507498,13,0.847884828577275,0.781782055414092,0.924918581328362,0.544252355023565,0.793776979279873
1624,0.978851635604906,13,1.03468855368643,0.941724746217068,1.09739736689749,0.678633804307781,0.793776979279873
1625,0.864391525213586,13,0.917226326620512,0.833132832048002,0.989096872054716,0.619890855002944,0.793776979279873
1626,0.982208418345059,13,1.01621406309629,0.935889463147561,1.12848819723267,0.680503110520896,0.793776979279873
1627,1.00883896251503,13,1.02561548468953,0.959263167428247,1.08393785071429,0.671678687668397,0.793776979279873
1628,0.939247920601558,13,0.969776008616717,0.908697828350758,1.06880295234904,0.6326237365873,0.793776979279873
1629,0.905432128141073,13,0.936030403622576,0.875892072243173,1.06914670319411,0.627300886115976,0.793776979279873
1630,1.0704492722357,13,1.09779551850338,1.03093661244531,1.27978889475937,0.763478337128941,0.793776979279873
1631,0.976550561174455,13,1.00301167813594,0.921657052203829,1.14115538298738,0.690641532278188,0.793776979279873
1632,1.16949221035186,13,1.21570326116774,1.11829211007786,1.3540258667471,0.836304745936928,0.793776979279873
1633,1.30484630965427,13,1.31829814606518,1.22883311512354,1.43485951295662,0.890065398885029,0.793776979279873
1634,0.860390527119863,13,0.910482870918675,0.837354794019259,1.02594815517774,0.614766253278395,0.793776979279873
1635,0.748758531658373,13,0.800160807914077,0.71798405903505,0.871425051548383,0.526939889643474,0.793776979279873
1636,0.880820370734592,13,0.946789925772882,0.85659280409669,1.03898190560435,0.614260142731161,0.793776979279873
1637,0.761159609212933,13,0.812616715557462,0.738097559781852,0.89816209035829,0.524945621500372,0.793776979279873
1638,0.944953792946624,13,0.994647494198299,0.917497627536185,1.09228875118912,0.668956423329459,0.793776979279873
1639,0.836003628675175,13,0.873750577165718,0.813917059210079,0.974942356885656,0.581969152067219,0.793776979279873
1640,0.927874528456549,13,0.937391885485733,0.898738583328142,1.08641696405604,0.660426917548922,0.793776979279873
1641,0.977279164713143,13,1.0242850349229,0.952855539929787,1.17809548493961,0.740157504441817,0.793776979279873
1642,0.97783398015628,13,1.00166052078895,0.951970520399427,1.15551730690776,0.711986165721188,0.793776979279873
1643,0.840395503976771,13,0.835952313898028,0.817414801927232,0.978781098345613,0.588771321762897,0.793776979279873
1644,0.96629971377187,13,0.960188097768879,0.928395697916909,1.08460562034123,0.661638643601288,0.793776979279873
1645,1.0606482217302,13,1.03995177059473,1.03010279007262,1.16518165541761,0.749907527793485,0.793776979279873
1646,1.10897733915478,13,1.10722032864295,1.09442767389301,1.31839972390276,0.819114062629669,0.793776979279873
1647,1.08917481513293,13,1.07143251600526,1.0607760669471,1.27219034816921,0.804633539618339,0.793776979279873
1648,1.25095940767845,13,1.20297757515999,1.22475889692005,1.39375959949716,0.876794865150292,0.793776979279873
1649,0.844357475089031,13,0.798331783163842,0.822968889026666,0.958281194153369,0.592203179792692,0.793776979279873
1650,1.05954168621522,13,0.983522405758388,1.020234355803,1.01931971678471,0.682120687558916,0.793776979279873
1651,1.29610121702819,13,1.20224867884088,1.25510129538704,1.31242663911924,0.824073686034709,0.793776979279873
1652,1.14320419460836,13,1.06677958780271,1.11584203748647,1.22828058365957,0.765773815782426,0.793776979279873
1653,0.8138207964933,13,0.763938458065807,0.791790803099891,0.870871210583898,0.529862796415304,0.793776979279873
1654,1.0737448635891,13,1.02094936429664,1.04859742229234,1.10228522562903,0.683662664095695,0.793776979279873
1655,1.16512501026343,13,1.12118661294835,1.13663924523679,1.19492534350562,0.769666191956824,0.793776979279873
1656,1.13506847278671,13,1.09042220207191,1.10831294469014,1.22369420101666,0.77186400263056,0.793776979279873
1657,0.926572654720456,13,0.897244312335963,0.901363999199048,1.01511671939163,0.620959451656131,0.793776979279873
1658,1.12040513167929,13,1.07655018032576,1.08924957289778,1.12325247319328,0.734244536965531,0.793776979279873
1659,1.06277146660865,13,1.0277359991662,1.00368773759626,1.09996951223972,0.691864524148716,0.793776979279873
1660,0.885558594560868,13,0.878061917562632,0.858636733566464,0.960158726479062,0.590885667414384,0.793776979279873
1661,0.908336278217842,13,0.911426540059692,0.878567512600921,1.00253857281728,0.626154719704703,0.793776979279873
1662,0.873298142288672,13,0.912390903095346,0.848524681572933,0.990826107498819,0.667524405161911,0.793776979279873
1663,0.767386968407324,13,0.797303892415217,0.764616761264938,0.82764075997924,0.553515526549121,0.793776979279873
1664,0.831798544733807,13,0.989003545354077,0.88443015192195,0.991564582136569,0.6318364027134,0.793776979279873
1665,1.09430903863693,13,1.14293248240608,1.07815974853521,1.13542568324083,0.747995288126177,0.793776979279873
1666,0.900714772390476,13,0.955348973377768,0.887269605539778,0.948850200852964,0.610130224328632,0.793776979279873
1667,0.920753429703089,13,0.970736800446384,0.901412536286179,0.979936460609232,0.641036411719281,0.793776979279873
1668,0.967046839084647,13,1.0294911403938,0.940765430252159,1.02525967460109,0.690063470277572,0.793776979279873
1669,1.04668066277285,13,1.13552040715451,1.01781223119803,1.13158798477502,0.754447379699334,0.793776979279873
1670,1.14060873427862,13,1.22778047730161,1.11607493637746,1.21843247858368,0.823252496303886,0.793776979279873
1671,0.839552920056467,13,0.923362837954542,0.823997005369508,0.923192160833534,0.607622681711601,0.793776979279873
1672,0.919329738178419,13,1.0686627942631,0.906021969187512,0.960547516226893,0.67010031374845,0.793776979279873
1673,0.887335082732537,13,1.04120854779923,0.847510950936411,1.01768915485642,0.637708769557591,0.793776979279873
1674,0.657360790031994,13,0.768270534762635,0.657145213175529,0.781211294322315,0.478468856686738,0.793776979279873
1675,0.809256774306712,13,0.934691348671046,0.806952979287723,0.966759207477612,0.583733542325581,0.793776979279873
1676,0.912800781776636,13,1.04323058875604,0.853546494054207,1.02170710698137,0.659771530315295,0.793776979279873
1677,0.707020684663713,13,0.89503288082656,0.767216184944542,0.893619877848897,0.545193145285533,0.793776979279873
1678,0.644426788781767,13,0.802905955357698,0.68561357348787,0.843914620501873,0.491111278930648,0.793776979279873
1679,0.700736905350065,13,0.867644596544599,0.713539794109041,0.911840286439937,0.569216377418478,0.793776979279873
1680,0.642871471134323,13,0.765485241762516,0.648659273611195,0.830379145158319,0.497002322975638,0.793776979279873
1681,0.822814812267965,13,1.04764827175917,0.817399582586448,1.09184955343403,0.565567682356788,0.793776979279873
1682,0.954180892735123,13,1.11907799780986,0.952491747927677,1.18630754022987,0.716149443353002,0.793776979279873
1683,0.769571887617314,13,0.896437437695797,0.766631906675948,0.942671920355007,0.565523865562454,0.793776979279873
1684,0.795819669552328,13,0.928755993975958,0.794437172683502,0.950500975566874,0.597757542639731,0.793776979279873
1685,0.877041158531986,13,1.01431981927539,0.879093087022191,1.0929166966427,0.707885325363609,0.793776979279873
1686,0.827011565472511,13,0.886110815601204,0.894247655348695,1.02871375486601,0.666620845228859,0.793776979279873
1687,1.04904409459564,13,1.07236075920493,1.04249656068339,1.16826993753584,0.753009269214896,0.793776979279873
1688,0.911957422172971,13,1.02031358505244,0.908662284832029,1.16338382207097,0.731377864529889,0.793776979279873
1689,1.12671155409171,13,1.21291636836548,1.11768265028864,1.38051929878806,0.905390361962277,0.793776979279873
1690,0.969062781098109,13,1.04430379436171,0.969605970090438,1.27376239051207,0.802673033756319,0.793776979279873
1691,1.04813163118653,13,1.13712283410847,1.0468892971124,1.34483844652131,0.828735295608034,0.793776979279873
1692,1.01650394195191,13,1.095693796632,1.01823340326673,1.24794109714042,0.787342871412126,0.793776979279873
1693,0.897649266479655,13,0.93534593798902,0.898117771034931,1.1046278267604,0.69767627055449,0.793776979279873
1694,0.920458412546076,13,0.969429984683923,0.899541798655638,1.12303969650582,0.739533988629242,0.793776979279873
1695,1.00415251715034,13,1.1027612412302,1.05236291597471,1.20711522200694,0.807800495497569,0.793776979279873
1696,1.01948528598808,13,0.965914420704967,0.995932187790667,1.11237390342625,0.728799303195411,0.793776979279873
1697,1.07781642045201,13,1.10459821163656,1.10704235624964,1.25107944332891,0.818672290077814,0.793776979279873
1698,0.829058694551188,13,0.938161002438785,0.862175240657449,0.995591102927549,0.678455320673123,0.793776979279873
1699,0.822136024142321,13,0.947054839283372,0.847276282672758,1.06619381983145,0.682889321526812,0.793776979279873
1700,1.03833477975809,13,1.23799252990004,1.09104706420384,1.2611018561296,0.845419973082005,0.793776979279873
1701,0.643928997444097,13,0.686463361971317,0.597426315407695,0.764146655888049,0.466059753593319,0.793776979279873
1702,0.839006714262896,13,0.904166548178296,0.85515935387076,0.973165211492471,0.606404419896056,0.793776979279873
1703,1.04026499951199,13,1.09754436456305,1.0261419531159,1.14545720268992,0.70972797159567,0.793776979279873
1704,0.903781628562253,13,0.96865780827491,0.88539618967385,1.00461279194667,0.618535946514107,0.793776979279873
1705,0.74308989191942,13,0.813001541183424,0.726737199232713,0.832755661573044,0.502633921407719,0.793776979279873
1706,0.70165331598775,13,0.814877621684727,0.696817789225724,0.850796083310177,0.478795610892715,0.793776979279873
1707,0.754350848181249,13,0.862214541693734,0.741282611392151,0.820509228984531,0.511413050610636,0.793776979279873
1708,0.914239894870383,13,1.04338398156872,0.895093491919909,0.989787981684878,0.618708070307846,0.793776979279873
1709,0.924557961994337,13,1.0716157939688,0.902176036391489,0.998102061454414,0.620884790731166,0.793776979279873
1710,0.93586668443239,13,1.07231961853254,0.92201237069209,1.02777346540969,0.615257008533305,0.793776979279873
1711,0.874643235812398,13,0.995679440662419,0.856098435446396,0.954512256632074,0.558484989720244,0.793776979279873
1712,0.792962921497991,13,0.908228114959595,0.769064309445866,0.894152297416473,0.560322650516091,0.793776979279873
1713,0.768560748267611,13,0.856823299829977,0.758169212114355,0.83537957448676,0.535893502562703,0.793776979279873
1714,1.05244371343497,13,1.17362628282368,1.0357583947021,1.07677682356678,0.681969386750056,0.793776979279873
1715,0.811991718709295,13,0.91013741606696,0.811784243294416,0.858845953059241,0.535785818927052,0.793776979279873
1716,0.900003461333879,13,0.980442836151148,0.883104588463921,0.932864104984782,0.602065552080587,0.793776979279873
1717,1.04541636917028,13,1.10544126154616,0.990905296447116,1.02462042123746,0.614642298844817,0.793776979279873
1718,0.940446582020016,13,1.01785851174558,0.930933477663873,0.983227050098452,0.630902710169323,0.793776979279873
1719,1.02570066648228,13,1.11465426933529,1.00091829999367,1.07670296318019,0.708828653882736,0.793776979279873
1720,0.957385244729453,13,1.05262260699795,0.950193736681707,1.01594454977175,0.690724991626033,0.793776979279873
1721,0.969023412102825,13,1.04212635665745,0.949107762627208,1.01912864533402,0.677704010359344,0.793776979279873
1722,0.899263274088244,13,0.962480900277448,0.883024819212395,0.977297547981939,0.631903121822348,0.793776979279873
1723,0.959683038007883,13,1.04178299834217,0.934119241682803,1.02283101226046,0.662146280046318,0.793776979279873
1724,0.864286940948211,13,0.919702848658021,0.847697694880234,0.967469906310125,0.600365264837886,0.793776979279873
1725,0.917676598154102,13,0.963172153496602,0.892226174343831,1.03585664602718,0.651773326824184,0.793776979279873
1726,0.964917326484245,13,0.983515291448948,0.943173796933899,1.01110277419973,0.612604341108016,0.793776979279873
1727,0.941805193286641,13,0.97166501470266,0.927480682067322,1.0102460750989,0.658514010888408,0.793776979279873
1728,0.688876830834347,13,0.70154745613199,0.673271710910673,0.769061619556121,0.468729022519608,0.793776979279873
1729,0.994123784241666,13,1.01606523344127,0.977154021845504,1.04282548976095,0.674289464591241,0.793776979279873
1730,0.918232115834942,13,0.946032153803478,0.90785845611926,0.978406073591882,0.640952889803268,0.793776979279873
1731,1.02437895879263,13,1.01583349081086,1.01129823293154,1.07935205446278,0.726527259668429,0.793776979279873
1732,1.22810746099007,13,1.18598291356771,1.19727687440511,1.27219803826797,0.846144038233117,0.793776979279873
1733,1.1895689417208,13,1.19468985682325,1.11476996843569,1.26741837120347,0.842051403809634,0.793776979279873
1734,1.05757810286654,13,1.05162895902317,1.03012643115037,1.14309664229279,0.7288638121045,0.793776979279873
1735,1.15987921362022,13,1.16263910584037,1.1486600152612,1.28581792423111,0.819626539808464,0.793776979279873
1736,0.843924971805017,13,0.818210837202673,0.831645888913637,0.907327036705233,0.602469089133016,0.793776979279873
1737,0.84340811780886,13,0.822283981813501,0.82184382270918,0.918593967240184,0.595378169509746,0.793776979279873
1738,1.02333247700514,13,1.03130279864549,0.997548122547418,1.09153695900588,0.742397781651382,0.793776979279873
1739,1.03422596250727,13,1.02276839278481,1.00388509848014,1.06439519746662,0.739302434311624,0.793776979279873
1740,1.0378778626655,13,1.02660372361419,1.01495631457808,1.10140480067879,0.737694623184853,0.793776979279873
1741,0.86736342340138,13,0.884165319057361,0.848427963002897,0.929416764558529,0.625044973998026,0.793776979279873
1742,0.930382753761788,13,1.04718629139945,0.912227003559833,1.12672697008777,0.755296666265947,0.793776979279873
1743,1.01877414564113,13,1.08370202692508,0.992234653180827,1.21169872315182,0.829649549968806,0.793776979279873
1744,0.850981161214195,13,0.907776914752368,0.877128887736008,0.965605962478051,0.655897159322172,0.793776979279873
1745,0.896200165273995,13,0.967395802870647,0.935344473428559,1.0179807422225,0.686512249801887,0.793776979279873
1746,0.854920967895722,13,0.88212008637018,0.838643249768774,0.969045808974703,0.643890617785153,0.793776979279873
1747,1.1281411727059,13,1.15386004326119,1.11014671349363,1.17896321331677,0.866507650066232,0.793776979279873
1748,0.844361866332178,13,0.873373897628605,0.83100750499289,0.919329548506456,0.621061330663507,0.793776979279873
1749,0.962839334829745,13,0.986001119770223,0.941257030975451,1.10310808543501,0.735767896594385,0.793776979279873
1750,0.995273161917565,13,0.991455332180103,0.962186424339975,1.08932239941554,0.726621694018388,0.793776979279873
1751,0.83245362516154,13,0.823801883755636,0.793870520332982,0.883542890644833,0.576910938439016,0.793776979279873
1752,0.930646794272122,13,0.925810941232887,0.895034087671586,0.981904422085253,0.65149108108668,0.793776979279873
1753,1.08054175666939,13,1.00991430817193,1.02360916710111,1.09175341226767,0.754252352656364,0.793776979279873
1754,0.881884541783353,13,0.863405070995002,0.874809919617964,0.9645468659726,0.641309080949378,0.793776979279873
1755,1.12397422664636,13,1.07486562314536,1.09903137922707,1.1786986860709,0.804866079029727,0.793776979279873
1756,1.23119223438479,13,1.16975476146886,1.20785037520405,1.27425176485963,0.8927108032837,0.793776979279873
1757,1.13975072298873,13,1.07150179475049,1.11228442484101,1.18110247441012,0.824207214839506,0.793776979279873
1758,0.987105113622261,13,0.92077286113146,0.949011732075708,1.03432538888027,0.682945632510612,0.793776979279873
1759,1.01631162555193,13,0.994448952789418,1.00579903891749,1.10697589523976,0.76399287463348,0.793776979279873
1760,1.1258041642605,13,1.05742315389376,1.0868575599946,1.20228280219244,0.79597532389649,0.793776979279873
1761,1.19778595653446,13,1.12207081974891,1.1582493963326,1.31998633469313,0.780402772057784,0.793776979279873
1762,1.22543600109321,13,1.12177771336833,1.18645184322624,1.29293516247967,0.839053629471445,0.793776979279873
1763,1.10630381125494,13,1.00872215943746,1.07382430559351,1.14831809399052,0.789261727591737,0.793776979279873
1764,1.12719443174794,13,1.01005923747265,1.10786105787072,1.18599414944134,0.816515504097657,0.793776979279873
1765,0.895830170852724,13,0.832798121846507,0.878240257408536,1.00336629512104,0.665419492417206,0.793776979279873
1766,1.00859921927395,13,0.923795633362287,0.982190234147966,1.07782783048214,0.75649320693508,0.793776979279873
1767,1.01192249677136,13,0.935889849927284,0.990859989395091,1.07528947746679,0.735200250191015,0.793776979279873
1768,0.969978872556962,13,0.933118000452418,0.968704678129336,1.04460220190932,0.725894434616401,0.793776979279873
1769,1.05527575293749,13,0.964079084855482,1.02548953258597,1.08794924225688,0.731871431437705,0.793776979279873
1770,1.21247079502325,13,1.09336259317425,1.18137382975368,1.20787592883496,0.847458717621091,0.793776979279873
1771,1.14899413445234,13,1.00191416618648,1.13482694817733,1.15517958972509,0.73314534034451,0.793776979279873
1772,1.03041590574474,13,0.900495495566837,0.988243452251866,1.11683617341136,0.741048831763134,0.793776979279873
1773,1.42487621620019,13,1.26106882742272,1.38205203916359,1.43095493392269,1.02845399901727,0.793776979279873
1774,1.11964077291627,13,0.981381957923472,1.06573145522414,1.16688423514941,0.77923984120358,0.793776979279873
1775,1.01076379788431,13,0.900319876711333,0.964990132394246,1.08389248763152,0.682885598529368,0.793776979279873
1776,0.914663383014443,13,0.800913849773164,0.891549450433756,0.975960396814891,0.630857152501662,0.793776979279873
1777,1.11599416738931,13,0.994570290141848,1.08718603709099,1.15347300319689,0.775705000071167,0.793776979279873
1778,1.16498433247976,13,1.03810575075275,1.14114668223015,1.1544582289958,0.793137813253225,0.793776979279873
1779,1.14011340958207,13,1.04981264507397,1.13039782970672,1.1690401819103,0.867426940687861,0.793776979279873
1780,1.30734338830178,13,1.159939589218,1.26963057280689,1.26805732554615,0.903527121656475,0.793776979279873
1781,1.23316665930089,13,1.0937828759185,1.19786530699845,1.20017314503133,0.870646883592425,0.793776979279873
1782,0.949850223391928,13,0.864136209645285,0.927141647259936,0.982311984911198,0.690959804000787,0.793776979279873
1783,1.17565907206577,13,1.07620617669267,1.1464883913788,1.17243959860671,0.866052457806267,0.793776979279873
1784,1.08395527073412,13,1.00864858304669,1.03787179999959,1.11643284418005,0.801299679272692,0.793776979279873
1785,1.0849386780618,13,1.01797556697617,1.04687683378854,1.1586947308392,0.792353398816706,0.793776979279873
1786,0.999337666607423,13,0.996473218866467,0.961853251083408,1.16326929889689,0.800078090844561,0.793776979279873
1787,0.824375603850544,13,0.76031882917083,0.796492632100549,0.972088708266025,0.604232850092352,0.793776979279873
1788,1.11140533194762,13,1.01801168950823,1.0953874317229,1.16339722680814,0.815069496045234,0.793776979279873
1789,1.22522036865197,13,1.15303324942146,1.19930207419653,1.2282331489518,0.895876617888911,0.793776979279873
1790,0.927357148440921,13,0.875156039717946,0.897126425024829,0.980994471187164,0.673073377442967,0.793776979279873
1791,0.995727717960897,13,0.949307894185448,0.963283866058895,1.07378473710364,0.763830817021663,0.793776979279873
1792,1.09489090040005,13,1.06554062562034,1.07115795332761,1.14315611024216,0.840299823172062,0.793776979279873
1793,1.02348096310194,13,0.953121819316602,0.997146544844274,1.04739289296068,0.755036707124996,0.793776979279873
1794,1.16207236408151,13,1.11459321231573,1.12905756316924,1.17546491768939,0.861089135991641,0.793776979279873
1795,1.01972234269488,13,0.996039582629074,0.98747881845777,1.1053862348644,0.773267591537237,0.793776979279873
1796,0.868478213705274,13,0.860802660520437,0.855951660243247,0.928265189851499,0.678666899519735,0.793776979279873
1797,0.839452811194403,13,0.881377013354527,0.805149769617488,0.948470380249555,0.66168584570894,0.793776979279873
1798,1.1100045381565,13,1.01871006755077,1.05457046766695,1.16383231946183,0.840549371534027,0.793776979279873
1799,0.710089804755574,13,0.83245665312637,0.7371808022032,0.844136493660298,0.638879634439958,0.793776979279873
1800,0.923790743864923,13,0.9605214288546,0.90625436924707,0.994250676849444,0.759161006287999,0.793776979279873
1801,1.14485320813996,13,1.10534814815248,1.13310031687125,1.16075896213603,0.884435623078191,0.793776979279873
1802,0.948992256529588,13,0.983571183371583,0.927487391420036,1.06857115562357,0.769481929157324,0.793776979279873
1803,0.936983757620135,13,0.942178462873628,0.93111080426478,0.964462474782492,0.710896363291923,0.793776979279873
1804,1.14955283205422,13,1.11735508823713,1.12439465005428,1.18979884668963,0.890502302583085,0.793776979279873
1805,1.09969784415618,13,1.07984171752842,1.07765630370348,1.11068741405942,0.825467488655975,0.793776979279873
1806,1.0670888609967,13,1.02991568672389,1.05780880397103,1.12297745985558,0.832154344222208,0.793776979279873
1807,1.0550310529215,13,1.04446799522005,1.03938313963668,1.02941959116069,0.782906348740892,0.793776979279873
1808,0.94638470395496,13,0.935657162640201,0.933887098315146,0.960251001011649,0.752128950801046,0.793776979279873
1809,0.870101755260306,13,0.89242068179251,0.887196415383431,0.959556127458224,0.68426626341163,0.793776979279873
1810,1.00443667280242,13,1.03077786629006,1.014706683022,1.07480236136352,0.794648815650281,0.793776979279873
1811,0.988275895138023,13,0.99059814283342,0.98770486685836,1.07385498863289,0.771838141911703,0.793776979279873
1812,0.944863831279348,13,0.941795228455519,0.922477406045045,1.04144920944621,0.745439973778582,0.793776979279873
1813,0.926015030049557,13,0.94720337741256,0.938908206128415,0.971993451146119,0.750304207011437,0.793776979279873
1814,1.04453327750906,13,1.05844550120321,1.04370201117387,1.07942329821894,0.838880046397136,0.793776979279873
1815,0.900366435014169,13,0.92310758303356,0.903944060766512,0.972661563983799,0.737725313421512,0.793776979279873
1816,1.00182070830854,13,1.04158078245657,1.00451398276507,1.09839758381245,0.803171792236829,0.793776979279873
1817,1.05660067366677,13,1.03642996044789,1.04831244541448,1.16760637661895,0.874695721561825,0.793776979279873
1818,0.91888958489985,13,0.910527873233492,0.913124637981107,0.983426471993563,0.761170401868082,0.793776979279873
1819,1.16814708563886,13,1.13960588463124,1.14150237430376,1.18316327262438,0.927617807028354,0.793776979279873
1820,1.18150685404539,13,1.16261227651474,1.17056900698386,1.26329611477133,0.971669333337285,0.793776979279873
1821,0.832801455572278,13,0.828544385076554,0.781904580661707,0.921691406543281,0.708576709965878,0.793776979279873
1822,1.23695949204356,13,1.22310242938771,1.21469595132886,1.21819146490899,1.01045630635343,0.793776979279873
1823,0.801225760771282,13,0.77280605417527,0.779930577301438,0.900095929422758,0.64682948994119,0.793776979279873
1824,0.926537927979026,13,0.876516413120489,0.897773004447526,0.964708927848223,0.735481273537776,0.793776979279873
1825,1.10678612909565,13,1.08712879629551,1.06044084848621,1.22525183733581,0.917956804131915,0.793776979279873
1826,0.949456217375369,13,0.910799151441658,0.914992063742823,1.09757529854481,0.811916828822167,0.793776979279873
1827,0.961448748783695,13,0.917718397170981,0.940522321276031,1.05111297632288,0.794770512050367,0.793776979279873
1828,0.95413914581387,13,0.90975595441329,0.941716476714046,1.05751778203403,0.80703086072132,0.793776979279873
1829,1.16605141069253,13,1.11030117695157,1.14696570642456,1.2320480737745,0.9627983836458,0.793776979279873
1830,1.0364740382185,13,0.955708669766535,1.00972722233146,1.0933082689202,0.858982888415169,0.793776979279873
1831,1.0587754646971,13,0.946338769423835,1.04323392669948,1.11125663526327,0.881671206194856,0.793776979279873
1832,1.05423022431477,13,0.951425092490974,1.01644469254338,1.16840758133561,0.862717979366747,0.793776979279873
1833,1.27206475227438,13,1.15799559354345,1.243146621673,1.2970478130136,1.04361788130112,0.793776979279873
1834,1.47126703476083,13,1.33363415091787,1.41544825356062,1.43181932279501,1.17897463757043,0.793776979279873
1835,1.03680285599804,13,0.939730787172083,1.00897349174574,1.15645829938225,0.893497920970041,0.793776979279873
1836,0.979195703258757,13,0.899435235238191,0.960388602215872,1.12326746948658,0.869903942423921,0.793776979279873
1837,1.03598004718039,13,0.930466393754059,1.01960789828106,1.14367305271433,0.843467782949206,0.793776979279873
1838,1.08490037447347,13,1.00001396974925,1.07804866079444,1.13418365562649,0.817464981928343,0.793776979279873
1839,1.22169628098257,13,1.13024904430336,1.21204013030851,1.28629823800873,1.00046928963464,0.793776979279873
1840,1.02459141504443,13,0.957196642650062,1.01000422501611,1.09361116673301,0.839904306419323,0.793776979279873
1841,1.09307344809079,13,1.02448750756551,1.07879699027398,1.16860136717433,0.923904251203324,0.793776979279873
1842,1.11087602917855,13,1.04882919848239,1.08578331793815,1.17581068207274,0.925374694793866,0.793776979279873
1843,0.82035942742768,13,0.787131741525466,0.803952055777722,0.913018859559666,0.684844829556218,0.793776979279873
1844,1.01377439542467,13,0.966034510109239,1.01674054084426,1.03622419142366,0.795971465009258,0.793776979279873
1845,1.1933264783061,13,1.14530400533164,1.2049389009048,1.22460943595479,0.938595113228226,0.793776979279873
1846,1.09359337103901,13,1.04983083454323,1.11868379324881,1.13173901931127,0.929265213813013,0.793776979279873
1847,0.937081355050451,13,0.866377354627741,0.934715858492657,0.981124812730328,0.738214300079687,0.793776979279873
1848,0.966173989267011,13,0.905819626781993,0.963312851378708,0.999970428659635,0.706955023607918,0.793776979279873
1849,0.932079055886705,13,0.854542882536203,0.927442851483683,0.957138163383357,0.716579774171521,0.793776979279873
1850,1.03219048026006,13,0.88477307061221,1.02130476992963,1.0542109848831,0.794425213477502,0.793776979279873
1851,1.09404570445586,13,1.02480766102588,1.09360065909947,1.17791481211633,0.886383133592767,0.793776979279873
1852,0.939636398577182,13,0.880641276212336,0.954135892776203,1.0199624586644,0.752421566766808,0.793776979279873
1853,0.975590540614685,13,0.905618791660751,0.977701797436872,1.08805004671188,0.798671915751141,0.793776979279873
1854,1.13015307967839,13,1.00872990467053,1.12982965131402,1.23709501943279,0.896702904398804,0.793776979279873
1855,1.25222843498448,13,1.12108840134376,1.25650645964732,1.35446286760775,1.04077509147263,0.793776979279873
1856,1.2378410804895,13,1.074292415305,1.2668147097615,1.30408767568514,1.01756778458311,0.793776979279873
1857,1.23444746724919,13,1.02967536731802,1.24038482979013,1.33288033557652,1.04347667377006,0.793776979279873
1858,1.05314183308968,13,0.907053043547931,1.08094375868686,1.23681940227634,0.930412291763046,0.793776979279873
1859,1.07593272507598,13,0.94377646126325,1.08497062294195,1.23238414697649,0.990756124584298,0.793776979279873
1860,1.19447384560483,13,1.09920025369823,1.25377805737001,1.40690020215109,1.12985238480946,0.793776979279873
1861,1.20253927736414,13,1.06422600293701,1.21553145333422,1.38699449967457,1.10395152655869,0.793776979279873
1862,1.22569703511125,13,1.0509914161687,1.22606408548372,1.30036090917732,1.10514199449955,0.793776979279873
1863,1.50197662284933,13,1.2759848072164,1.49427543730646,1.51452197883056,1.2704985754613,0.793776979279873
1864,0.960001084302439,13,0.83050805801748,0.939204261797478,1.11558390815049,0.840788675796835,0.793776979279873
1865,1.10952918158746,13,0.937271893638684,1.12284283797585,1.20790521282884,0.988339573084715,0.793776979279873
1866,1.22072033891298,13,1.08128904510467,1.26064649660483,1.33939029771675,1.06064624207456,0.793776979279873
1867,1.05747541960308,13,0.933928456087257,1.04265163284508,1.1248446535152,0.895805336817948,0.793776979279873
1868,1.16115432908906,13,1.07276128995852,1.12717188808653,1.21268370622051,1.01873436578927,0.793776979279873
1869,0.982841821598832,13,0.876898085849031,0.957343614293653,1.05997369726668,0.822037083089702,0.793776979279873
1870,0.97393614439888,13,0.874132591183477,0.968869043232252,1.07576735271931,0.839794553883447,0.793776979279873
1871,0.972642753261062,13,0.869615420969039,0.95814915398053,1.08296463390024,0.828441910171917,0.793776979279873
1872,1.07073558956649,13,0.943352587065109,1.02195864663061,1.18496031790308,0.940163113072032,0.793776979279873
1873,1.11059454890014,13,0.995413063727731,1.0882679230769,1.2580089849457,0.997860259305275,0.793776979279873
1874,1.24469240316481,13,1.11363386717533,1.19409006490756,1.32340646801775,1.07511134170178,0.793776979279873
1875,1.3199842841982,13,1.19186526019209,1.29265867379216,1.33182695692401,1.1108347210849,0.793776979279873
1876,1.06880430791473,13,0.933489636915231,1.01011913472202,1.08273720465893,0.857440725816654,0.793776979279873
1877,1.03594146238873,13,0.951670179347988,1.03815880551333,1.15256169525423,0.908329587059369,0.793776979279873
1878,1.13719022966872,13,1.03521169939826,1.11612969598329,1.1925364335355,0.948886310337995,0.793776979279873
1879,1.16126248486698,13,1.0718472865147,1.12507259319015,1.18426290657572,0.953209807012479,0.793776979279873
1880,1.02719389633148,13,0.944124069654987,1.03000698292525,1.04609151445592,0.807805733736653,0.793776979279873
1881,1.05709930227555,13,1.00673074174015,1.02805478646082,1.0990079534247,0.899404517125376,0.793776979279873
1882,1.20900745361322,13,1.14151575038398,1.17630906103801,1.21985563232575,1.00837449694753,0.793776979279873
1883,0.969154324192178,13,0.972316431529365,0.966915519416433,1.04533033294217,0.836226038199968,0.793776979279873
1884,0.970825782101145,13,0.924570806830142,0.967478555915219,1.05937378666591,0.886224514029183,0.793776979279873
1885,0.905073223505666,13,0.916728108560358,0.902605936712186,0.983692166016648,0.778630741010402,0.793776979279873
1886,0.866824861586174,13,0.896449027300781,0.871229451419746,0.985582766021951,0.783343136897327,0.793776979279873
1887,0.867067651751879,13,0.93731533944002,0.850887046445806,0.934426665537604,0.753627164688003,0.793776979279873
1888,0.833769393543057,13,0.953374381418856,0.864090098159143,0.948253071952275,0.77043032084763,0.793776979279873
1889,1.07022791883238,13,1.1403358300932,1.08019993453025,1.11613958101456,0.888977420084686,0.793776979279873
1890,0.681745039903968,13,0.789441055384754,0.690632215267765,0.798187199231991,0.592253006099684,0.793776979279873
1891,0.98227229648057,13,1.05499070890771,0.986707871067367,1.01301331762112,0.823750956816911,0.793776979279873
1892,0.984810489957421,13,1.06461750698602,1.00274031288596,1.01056786561475,0.794648024589366,0.793776979279873
1893,1.02441250690219,13,1.18945794162591,1.07001459230879,1.05185494928979,0.876257120384299,0.793776979279873
1894,1.09918564482164,13,1.21241281242503,1.13879476341727,1.09626738209648,0.907364278384129,0.793776979279873
1895,0.883570782787691,13,0.975284210856928,0.909653056900978,0.950449672728318,0.748420188429634,0.793776979279873
1896,1.04280098576339,13,1.12605487070875,1.04748669504512,1.05505458430974,0.830087842559706,0.793776979279873
1897,0.674951396290499,13,0.74855112859646,0.68641421071106,0.759628040198273,0.572228944687576,0.793776979279873
1898,0.780558714162949,13,0.823516821267976,0.785172523542484,0.858319114954124,0.638113374161977,0.793776979279873
1899,0.828084146842019,13,0.889942050918223,0.836769815513143,0.900504909916219,0.689949913071636,0.793776979279873
1900,0.928624962791903,13,0.984984705386646,0.939809661164771,0.977565713283504,0.778620216099028,0.793776979279873
1901,1.06177388272357,13,1.12952630322099,1.07079138656025,1.06814760382326,0.874540406442048,0.793776979279873
1902,0.841826988093222,13,0.926992322173981,0.851401252071484,0.926227834035894,0.73191696548574,0.793776979279873
1903,0.953087245667044,13,1.0374301142373,0.968123930240364,1.02949346814449,0.825334869844021,0.793776979279873
1904,1.16222801552915,13,1.22235568451904,1.17701597769949,1.18973285031883,1.01213062280212,0.793776979279873
1905,0.863524611190719,13,0.942253709631867,0.872121747705267,0.914764297038015,0.732851915988595,0.793776979279873
1906,0.885371164217294,13,0.964517321622868,0.900549186834126,0.955062482531791,0.772250566579087,0.793776979279873
1907,0.801891686443345,13,0.89348736977192,0.816813546015343,0.850424063508839,0.700441552966541,0.793776979279873
1908,0.943535035301538,13,1.04658283253513,0.966782698120353,1.022758552646,0.827824604624359,0.793776979279873
1909,0.889229896735685,13,0.99099014350775,0.907614810519165,0.959804962350295,0.771239810659242,0.793776979279873
1910,0.978586853455898,13,1.07867649435152,1.01254138576901,1.07671059431332,0.913029512063174,0.793776979279873
1911,0.782557317272845,12,0.931661212263378,0.803244284670282,0.938672242664733,0.76576065658298,0.777459544441206
1912,0.843520946815147,12,0.966868292176925,0.857161717187165,1.00219623922154,0.803171328327348,0.777459544441206
1913,1.00495174653484,12,1.14056020814042,1.01493066952699,1.1610628401583,0.928708174110004,0.777459544441206
1914,0.853548180088893,12,0.970368259496093,0.85601322528433,1.01498330132021,0.780804504349878,0.777459544441206
1915,0.728841842500323,12,0.839058494455217,0.751720392136905,0.875250708341011,0.671259624415031,0.777459544441206
1916,0.853870231612699,12,0.984070281363137,0.863594155314232,1.00662161753385,0.778978420777584,0.777459544441206
1917,0.948993053596447,12,1.10164877359921,0.950683834302667,1.05530803433663,0.863279910484067,0.777459544441206
1918,0.696687536396646,12,0.791038230546581,0.706142061734472,0.820263331059238,0.6095191555117,0.777459544441206
1919,0.923899796263808,12,1.03798622962953,0.930988282828895,1.02022162798143,0.811438975883968,0.777459544441206
1920,1.02045430910048,12,1.14867746354602,1.05062468481981,1.0679702884235,0.917484795354735,0.777459544441206
1921,0.812988696023733,12,0.915794175235791,0.834243056290259,0.919603586393809,0.71204639775705,0.777459544441206
1922,0.974734538453914,12,1.00138038775815,0.985370287709516,1.02272015462459,0.803256190659952,0.777459544441206
1923,0.703144294134111,12,0.806791658778707,0.714908398158292,0.883466323501955,0.669828783626525,0.777459544441206
1924,0.755463966520772,12,0.87163239244379,0.799326687775391,0.923231543667882,0.710412249251607,0.777459544441206
1925,0.78483812432103,12,0.919441338644796,0.854321002793423,0.94301012303276,0.725921977593471,0.777459544441206
1926,0.846704354439312,12,0.919445228596911,0.864197465117531,0.92869600055407,0.716748627216626,0.777459544441206
1927,0.973581737285216,12,1.05194586507988,0.983898971688928,0.995734829973223,0.799810496998351,0.777459544441206
1928,0.950324017905295,12,1.0208691033699,0.981624231389956,1.00541776794927,0.811085453137415,0.777459544441206
1929,0.954297141184412,12,1.00708876932776,0.978736079230565,1.04183921661728,0.821450496917023,0.777459544441206
1930,1.00047752578433,12,1.06211977936286,1.02245261933701,1.07545655865505,0.888294797197269,0.777459544441206
1931,0.977358293014303,12,1.04918577407322,1.00481985565697,0.996188201743968,0.797155436626546,0.777459544441206
1932,0.999479157536493,12,1.09298347125917,1.05842312696181,1.04378127404731,0.868167781591004,0.777459544441206
1933,1.13167360006612,12,1.26073987068913,1.24591764168295,1.24802060459693,1.04954757176939,0.777459544441206
1934,0.998963813995486,12,1.05360007606202,1.04302153108804,1.04162124479133,0.857592352843694,0.777459544441206
1935,1.04065856318404,12,1.08037804564588,1.0965493554239,1.14621811110055,0.96601773759063,0.777459544441206
1936,0.840875894381424,12,0.88625912944057,0.874785444659169,0.940216348902334,0.757783487453696,0.777459544441206
1937,0.981750755831346,12,1.05635428187754,1.02276109650141,1.05133488346439,0.864740169998685,0.777459544441206
1938,0.867931511595102,12,0.928252128323896,0.911261576125345,0.944609515827884,0.771316510264037,0.777459544441206
1939,0.642191224077832,12,0.67722278046862,0.654505857894942,0.7061355314834,0.529585083448776,0.777459544441206
1940,0.877902523386843,12,0.931102962196511,0.906847225587231,0.946060604551624,0.733162927317922,0.777459544441206
1941,0.801449058550967,12,0.870547717207533,0.808233176343245,0.891605660514219,0.685780289405442,0.777459544441206
1942,0.948480429944306,12,1.02064933655794,0.976443947181334,0.95574190066888,0.752029064250343,0.777459544441206
1943,0.937628128028614,12,0.981380049852592,0.979419788776295,0.974249944810916,0.761503967172527,0.777459544441206
1944,1.02623809664623,12,1.04750790606022,1.04576817829331,1.04918195712822,0.820744690029133,0.777459544441206
1945,0.857518191422072,12,0.87703846278169,0.874489066215565,0.901891601604818,0.683697000914417,0.777459544441206
1946,0.903264564468426,12,0.929680854586273,0.946852100604805,0.895120535229292,0.715648300771964,0.777459544441206
1947,0.967353441621365,12,0.995123508962994,1.02222754660056,1.01629841611911,0.802301461141641,0.777459544441206
1948,1.17970098961911,12,1.23904839055017,1.23555634717194,1.14863273217289,0.876376288571427,0.777459544441206
1949,0.847706231333152,12,0.896279988274844,0.898110682528361,0.926336346815405,0.713829819013499,0.777459544441206
1950,1.15086149742133,12,1.18926963569119,1.19746371703069,1.1105251646959,0.970869481515002,0.777459544441206
1951,0.93972785249521,12,0.972997600073656,0.967887953170537,0.983206644311859,0.819077822521178,0.777459544441206
1952,0.879489867005259,12,0.915770534380408,0.916196583450312,0.95721269156339,0.774445257357645,0.777459544441206
1953,1.00620898218836,12,1.04532517535763,1.05334388279155,1.07665812822402,0.914983338842496,0.777459544441206
1954,1.11815825329377,12,1.17571413468779,1.18321406005248,1.17130609225159,1.05192975724781,0.777459544441206
1955,1.15088417807328,12,1.20944280185878,1.22020192563649,1.21929176322275,1.07884257574904,0.777459544441206
1956,0.892001308391656,12,0.951423533118039,0.942493601861441,1.00134197738089,0.813900468353478,0.777459544441206
1957,0.936250589600316,12,1.01232991210665,0.996740488491451,1.01321601747865,0.84915523352407,0.777459544441206
1958,1.05645398026074,12,1.16398342508083,1.11422844896535,1.12668668378437,0.957148894381195,0.777459544441206
1959,0.578250714561265,12,0.650328669024073,0.6173069264934,0.659734228311054,0.479304161998494,0.777459544441206
1960,0.74091858059305,12,0.885114904285424,0.794761236519063,0.866756456869259,0.676028211937234,0.777459544441206
1961,0.803259442412444,12,0.971746596627595,0.882192093667645,0.937862944632721,0.76060962457561,0.777459544441206
1962,0.668990619973066,12,0.788094671108799,0.726179508606308,0.80796785303575,0.615633519929341,0.777459544441206
1963,0.877034823398116,12,1.0461359904018,0.944538851333402,1.00458117569492,0.830443311175492,0.777459544441206
1964,0.969685666979503,12,1.14862350109233,1.04570388278889,1.08481513065941,0.948062941037244,0.777459544441206
1965,0.944376571438002,12,1.14148660922173,0.9866027133686,1.05369767345509,0.835488640634004,0.777459544441206
1966,0.642604036447342,12,0.772797480685086,0.714812208128341,0.77138532655555,0.553808269808848,0.777459544441206
1967,0.863775676242731,12,1.05150618209974,0.894899659497012,0.939115214993776,0.758282216827702,0.777459544441206
1968,0.725952364023506,10,0.831793594363024,0.786372813874199,0.75757310186816,0.569528365862343,0.809281511754784
1969,0.863655807112495,10,1.01599669594259,0.928738225438478,0.857629307611782,0.689824044128398,0.809281511754784
1970,0.975585098430855,10,1.16027485884055,1.05495711850301,1.026189116654,0.853036685104039,0.809281511754784
1971,0.730866598916001,10,0.862496873199299,0.800849698900571,0.846781200550278,0.632367749983661,0.809281511754784
1972,0.789945197989417,10,0.935640360132311,0.871133594648983,0.882995924731996,0.699152975160362,0.809281511754784
1973,0.909549706002751,10,1.07011503392493,0.99892707277445,0.981304304936428,0.788083599371622,0.809281511754784
1974,0.861789689453893,10,0.987075951948737,0.949922615036046,0.829812354791521,0.726963053290337,0.809281511754784
1975,0.846968973405577,10,0.971982914557861,0.923070547946177,0.897564030204885,0.736633712824169,0.809281511754784
1976,0.824785821631097,10,0.970240836756539,0.903693688190513,0.926573922715867,0.740837302911117,0.809281511754784
1977,0.950626121547518,10,1.12862454439534,1.00646671467168,1.03480689850218,0.877189482728951,0.809281511754784
1978,0.821627688038556,10,0.964222818638966,0.905089613146714,0.864209877164411,0.72609190124674,0.809281511754784
1979,0.806973735339302,10,0.943330544339097,0.896081364329295,0.91750310150013,0.73907012265898,0.809281511754784
1980,0.90784484259469,10,1.06339746940957,1.00849130833004,0.956840882824116,0.782028830448548,0.809281511754784
1981,0.982537213141761,10,1.14209395467458,1.08609428982178,1.07930572907542,0.928225177205192,0.809281511754784
1982,0.750899351704161,10,0.874448925595301,0.833709952513472,0.880676031806918,0.692473084350089,0.809281511754784
1983,0.896712489580019,10,1.06525983062434,1.00570154165379,1.04209412975819,0.862942627777013,0.809281511754784
1984,1.10377665525691,10,1.29794010532069,1.22116819912949,1.1933104894166,1.00127469067427,0.809281511754784
1985,0.680966255453388,10,0.90620178819561,0.809688643037912,0.830636415382324,0.643193343960753,0.809281511754784
1986,0.637958020751242,10,0.824027577702261,0.708910505879547,0.68613124175423,0.560426391683011,0.809281511754784
1987,0.737238360426983,9,0.971369850525308,0.810926519280986,0.819424755037626,0.674192879675362,0.802366307906078
1988,0.655785873566149,9,0.855714856380442,0.719821668121549,0.785063295297089,0.626820001328911,0.802366307906078
1989,0.644892887991021,9,0.819845115452381,0.706844883677238,0.861034533997804,0.643185588776556,0.802366307906078
1990,0.936040401146778,9,1.27325239917883,1.02962693645412,1.05498015452687,0.941847495325002,0.802366307906078
