"year","ModNegExp","samp.depth","Spline","AgeDepSpline","RCS","SFRCS","EPS"
647,0.946163549019082,1,0.952108800753939,0.998993212489604,0.880111181809049,0.853953047137844,NA
648,0.984541477684442,1,0.994045111854999,1.04336085710706,0.91321044546851,0.894313537814723,NA
649,0.906309546174284,1,0.918219122287822,0.964016472660388,0.850329336260767,0.831465435416744,NA
650,1.03768014814417,1,1.05519685017145,1.1078422216714,0.961953075459734,0.948597803001109,NA
651,1.08048629934784,1,1.10328665567369,1.15780143089948,1.00837456216243,0.991162418852399,NA
652,0.91811813960978,1,0.941954657105971,0.987419700832426,0.847221414748802,0.833816234873626,NA
653,1.09229489278334,1,1.1266913597177,1.17899850559806,1.02324561773311,1.0001373615282,NA
654,0.752797831512842,1,0.781191349787951,0.81544985351233,0.698361805520765,0.685440713413805,NA
655,1.00077829365825,1,1.04541452365357,1.08785647198518,0.93692175466388,0.91611109545902,NA
656,1.09819918950109,1,1.15567892590417,1.19782436291814,1.01850187706288,1.0029793561641,NA
657,0.955019994095703,1,1.01337576768868,1.04510744527786,0.882452367604113,0.867371981437784,NA
658,1.06129733501516,1,1.13648238277296,1.16513273429459,0.987520854749827,0.969523535297923,NA
659,0.885644507662167,1,0.957718590735346,0.975297007834778,0.827040328786585,0.810925514337772,NA
660,0.919594213789217,1,1.00451468811519,1.01568407186888,0.857409424419734,0.83517785327488,NA
661,0.828077614664126,1,0.913655425246074,0.91719457661801,0.772381346555059,0.763392523661484,NA
662,0.862027320791176,1,0.960292961161756,0.957371483019533,0.79431251147344,0.783461182875759,NA
663,0.823649392125815,1,0.925795313861305,0.917086862737599,0.772899157878636,0.753054201064573,NA
664,0.88416843348273,1,1.0019747479431,0.986848743199207,0.821424665371057,0.802573397798256,NA
665,0.763130350768901,1,0.871196230496188,0.853690659764613,0.70566906715793,0.694042029108016,NA
666,0.922546362148091,1,1.06013798434581,1.03422576046071,0.852753084559624,0.838292550180948,NA
667,0.995555721346568,2,1.04614502495577,1.0196277331523,0.975632424666012,0.953124733430187,0.630289258499304
668,1.0409863164617,2,1.09135595430144,1.06182769713438,1.0197164509236,1.00313830486217,0.630289258499304
669,1.03504445728934,2,1.08712808394605,1.05594310079949,1.02311160292008,1.00461848794639,0.630289258499304
670,0.68888231857987,2,0.718011478120692,0.697029097376889,0.681123215826618,0.672244160098131,0.630289258499304
671,0.935696643377277,2,0.989959032229483,0.959365092593685,0.917732493671921,0.906238387474255,0.630289258499304
672,0.876387188020392,3,0.989480808541145,0.957830786934942,0.830311157583633,0.814199700602126,0.570323606595285
673,0.820929960450026,3,0.936046128109347,0.905315018129276,0.780532533929851,0.767074615909042,0.570323606595285
674,0.933895833665052,3,1.04608078347024,1.02017224446322,0.884364767829963,0.869481634036877,0.570323606595285
675,1.00161976272222,3,1.09142913185394,1.10250181106659,0.83617481698666,0.829068528422558,0.570323606595285
676,0.889576598560238,3,1.05080947892429,1.00032932448767,0.843963751732355,0.832271174310059,0.570323606595285
677,0.965004824846354,3,1.05346985369683,1.01955729787861,0.908084127503969,0.896489114866305,0.570323606595285
678,0.815335754397894,3,0.896929985586633,0.873053317599997,0.770441447065029,0.756937805364449,0.570323606595285
679,1.02673315936864,3,1.16007605957317,1.08524638076238,0.879276115190009,0.86415317676413,0.570323606595285
680,1.04980610593265,3,1.16787453675683,1.07303908491239,0.966093880699179,0.927094722092732,0.570323606595285
681,0.691097223600418,3,0.76646405017977,0.750376946217734,0.622744531002639,0.612212439217724,0.570323606595285
682,0.739476727643281,3,0.89350686902538,0.891944956983126,0.660202628909564,0.667092435608602,0.570323606595285
683,0.609796320103342,3,0.770541132461618,0.763730085162019,0.546958323544708,0.53831972490366,0.570323606595285
684,0.769552197572456,3,0.850051961213421,0.841759985009608,0.611383667201981,0.600805748636333,0.570323606595285
685,1.00762199007939,3,1.11123798863241,1.08183075749556,0.863222253995097,0.84651166520811,0.570323606595285
686,0.946640465966277,3,1.0916493573816,1.09434575079331,0.902304569011145,0.891207618893361,0.570323606595285
687,0.933688575878757,3,1.05601322378196,1.07361104013282,0.894030984105718,0.899329104436432,0.570323606595285
688,0.943021796566083,3,0.993554800480497,1.01010840451199,0.885462247154445,0.873766366919,0.570323606595285
689,0.985052575286391,3,1.04252708176234,1.0688750101619,0.931925162721803,0.924599774146561,0.570323606595285
690,0.866656334893921,3,0.956413634128062,0.980999753462366,0.835867166467975,0.843906835706259,0.570323606595285
691,1.02925309064052,3,1.05063503807246,1.09784892500115,0.873124231981333,0.866192252467679,0.570323606595285
692,0.755973435741346,3,0.859764500471575,0.894526808098446,0.746122805982902,0.753987583404764,0.570323606595285
693,1.0129747958607,3,1.04666178806596,1.10211625715535,0.847966899730749,0.842313076235104,0.570323606595285
694,1.06016769029677,3,1.08646324913157,1.14433434343353,0.88133225554775,0.873844125837148,0.570323606595285
695,1.0242755506649,3,1.04034270881154,1.06236559047364,0.96148156702882,0.954827368620048,0.570323606595285
696,1.08400112597022,3,1.10454719158911,1.16116577885599,1.00618981157059,1.00324189816494,0.570323606595285
697,1.09474521941272,3,1.1380531869127,1.18825055265205,1.00940991712517,1.00868135427152,0.570323606595285
698,0.845502537332366,3,0.870723555264052,0.935206598755439,0.78507843974471,0.774121470415404,0.570323606595285
699,0.916039464785276,3,0.939498106681517,0.984891497943572,0.788314535992928,0.805069405695396,0.570323606595285
700,0.948307135090177,3,0.985091002706778,1.03130548480215,0.894644242132991,0.891335301489368,0.570323606595285
701,0.993927926116765,3,1.06168965923633,1.06257564578718,0.929413692545587,0.950405131996534,0.570323606595285
702,1.04207575634517,3,1.07512493543476,1.10245241905315,0.964570833361912,0.960821421953075,0.570323606595285
703,1.0118042608026,3,1.00770131242856,1.01790525547559,0.925987855739633,0.917491327912843,0.570323606595285
704,0.975158130274169,3,0.958496029593707,0.956229356101031,0.976116024340641,0.969221043445144,0.570323606595285
705,1.03853952245466,3,1.05276037112194,1.02699540197959,0.973826235937963,0.978135821760546,0.570323606595285
706,0.90566118295507,3,0.964403448310481,0.96986090590929,0.837991799082874,0.848478346026471,0.570323606595285
707,0.864441540538316,3,0.883046420408231,0.876287204997519,0.826850784028036,0.831065909816088,0.570323606595285
708,1.07484052348332,3,1.07667046070545,1.06768456850938,0.980642367353719,0.973962602831495,0.570323606595285
709,0.959857787659946,3,0.967000366597118,1.00215499469166,0.892262960757007,0.884341551149086,0.570323606595285
710,0.983309136095257,4,1.01252114408192,1.02128354232276,0.942234829935279,0.930291331704906,0.568841680242945
711,1.04751892016813,4,1.08049693434171,1.05509588796527,1.01262311300215,1.00474084075464,0.568841680242945
712,0.997390130549531,4,0.993024892308052,1.01796782349834,0.959224500675116,0.958478980627949,0.568841680242945
713,0.783054523116825,4,0.806864129992349,0.827001977291421,0.755613042321521,0.750525867642508,0.568841680242945
714,0.920484324597715,4,0.948084874453623,0.955413618229291,0.884410166163282,0.879595469037635,0.568841680242945
715,0.933933003911022,4,0.977848929381626,1.01971877427445,0.928837809859951,0.924296420922899,0.568841680242945
716,1.04727257820994,4,1.06094311694499,1.14393725961417,1.01199596084403,1.00960406319818,0.568841680242945
717,1.02617551625868,4,1.0265628312622,1.03650355618322,0.983215869362937,0.978751767976821,0.568841680242945
718,1.0424152711178,4,1.06938961936982,1.05646549519191,1.05679518847212,1.04794084515707,0.568841680242945
719,1.06900121693522,4,1.09426981001391,1.09704177980314,1.07850250933317,1.06999486103394,0.568841680242945
720,0.9356380867399,4,0.958300374351139,0.961469851421693,0.970308658327075,0.964634085733498,0.568841680242945
721,0.966076947250508,4,0.961055671913977,0.937612919702926,0.948405716509736,0.944944844891942,0.568841680242945
722,1.04292728459467,4,1.03728960312964,1.04861485037619,1.01047878136172,1.00761186805322,0.568841680242945
723,1.06469184828609,4,1.00554420397134,1.11815166058742,1.03719422659099,1.027146375077,0.568841680242945
724,0.967058040100832,4,0.970549797986293,0.991397690101213,0.976398840160644,0.975307123783577,0.568841680242945
725,0.902095842878186,4,0.912573980825956,0.934900332494872,0.931318453157913,0.928538701769877,0.568841680242945
726,0.988818766174264,4,0.964452356212777,1.03248715281273,0.995386760704297,0.987540794892066,0.568841680242945
727,1.10691331646158,4,1.04973841076126,1.16691240876507,1.12072267074453,1.08874159869186,0.568841680242945
728,1.14513012967266,4,1.06061728816748,1.20793657602404,1.13551639139053,1.11740932346427,0.568841680242945
729,1.05616049698832,4,1.01763537683778,1.11463160665274,1.04151103993281,1.03216589774963,0.568841680242945
730,0.996449635843826,4,1.01158261237864,1.05627172622589,1.02926179305086,1.02309618939417,0.568841680242945
731,0.917788862233487,4,0.929483445426014,0.942462374659962,0.939932789857686,0.939543122830662,0.568841680242945
732,1.03692567490768,4,1.02524841775639,1.0290228572423,1.0247450243516,1.02441574511867,0.568841680242945
733,1.10950111610028,4,1.05838821124297,1.13184464837274,1.07018357978659,1.06663924628441,0.568841680242945
734,0.997502189593003,4,0.99002105800628,1.0511028528519,1.00597649687085,1.00597979178318,0.568841680242945
735,1.03977801507706,4,1.03221892952427,1.05288857694012,1.03076301397793,1.02717383674215,0.568841680242945
736,1.04198933956447,4,1.01755205076087,1.03805070418926,1.01421387268206,1.01481898969423,0.568841680242945
737,0.987930685885784,4,0.93754354526362,1.03040240038454,0.92486476187655,0.926478030443371,0.568841680242945
738,1.04632157700095,4,0.971073672117856,1.05498660183014,0.951412419052006,0.952338091517302,0.568841680242945
739,1.05812926427511,4,1.02380975921593,1.09644670423946,1.00557200088403,1.00374941676379,0.568841680242945
740,1.00334524810863,4,1.015547251385,1.10121778474023,1.00388869310402,1.0061577929949,0.568841680242945
741,1.01458886363621,4,0.995235653907134,1.04107845292597,0.987455284020618,0.98562828911692,0.568841680242945
742,1.01484034198602,4,1.00111189281391,1.06766087746755,0.97635443630824,0.980146779322803,0.568841680242945
743,0.946926833322227,4,0.968358461460218,1.00302187184067,0.94179507354578,0.962690527845142,0.568841680242945
744,1.01647182875644,4,1.01041775702448,1.07708813257139,1.01952895207189,1.01357769229006,0.568841680242945
745,1.02581633651188,4,0.979168173781407,1.085134365542,0.979001983486429,0.981569215456732,0.568841680242945
746,1.07413911717217,4,1.05148841609021,1.12344805624263,0.984028752532258,0.978494703455481,0.568841680242945
747,0.893123976281871,4,0.870315103169973,0.917996770043127,0.842727635676886,0.845529795000408,0.568841680242945
748,1.04500576776625,4,1.04162852548531,1.1127566338429,1.01696404436005,1.01371051676217,0.568841680242945
749,0.971673469770003,4,0.976236927209189,1.03746544091276,0.944384621197202,0.947452784612015,0.568841680242945
750,0.878280730976441,4,0.862662876827834,0.909956534536897,0.8295041141676,0.831090878562416,0.568841680242945
751,0.991282420001111,4,0.980598568317659,1.06410691372452,0.962792396703535,0.9588850443164,0.568841680242945
752,1.02969333538159,4,0.980214380204293,1.09697360367817,0.995573136205648,0.996490334162565,0.568841680242945
753,1.05805664940665,4,1.04272729544893,1.10241057455125,1.01868013759924,1.04078479847073,0.568841680242945
754,1.07712772424146,4,1.03412492314408,1.12747896776552,1.0679263755729,1.0758163180167,0.568841680242945
755,1.14645201003815,4,1.09274090950396,1.20424347778957,1.11590133303728,1.11181864357168,0.568841680242945
756,1.16584752667672,4,1.10917622724816,1.22071163520465,1.15234463111616,1.14345627017628,0.568841680242945
757,1.06136176145142,3,1.02508577542505,1.02037701046405,0.928287328939188,0.932343972244822,0.409175428967567
758,1.10232212528102,3,1.09089803628087,1.13028905350078,1.05608002110344,1.05700718267935,0.409175428967567
759,0.795435118608834,3,0.798954882655584,0.819650156169866,0.795054518861303,0.807710029709952,0.409175428967567
760,1.09844267947186,3,1.09267961991422,1.10420377351043,1.00857785888139,1.02573523433273,0.409175428967567
761,0.973965838461619,3,0.962685732839325,0.943964810742019,0.874274113485637,0.865211668582762,0.409175428967567
762,1.02269916303578,3,0.990533224194755,0.97093093117402,0.881882304504264,0.879217801921613,0.409175428967567
763,1.00242476050666,3,1.01366290527573,1.02917346506517,0.949049808929699,0.953964033025318,0.409175428967567
764,0.921213406014332,3,0.953774134220522,0.935294557883457,0.872438479170334,0.880208601262569,0.409175428967567
765,0.949180407027562,3,0.960065154681055,0.986171306728227,0.903692551016195,0.913332531634104,0.409175428967567
766,0.918433846865008,3,0.968818861954145,0.956544537721688,0.900275399942515,0.898551843352216,0.409175428967567
767,0.92274359273925,3,0.97002249214165,0.945224151094102,0.909582747522285,0.911397707788636,0.409175428967567
768,1.01858614792317,3,1.01377679057191,1.06475848712986,0.973308668157445,0.983939940010798,0.409175428967567
769,0.974128784285819,3,0.988303021492697,0.970772168577489,0.920947037027663,0.927534373883183,0.409175428967567
770,1.10319888615793,3,0.961755449729663,0.984983657306464,0.927218132052373,0.934940769512729,0.409175428967567
771,1.00723424351141,4,1.05794339387612,1.13381492591631,0.951130137040957,0.942471785999257,0.683469289201633
772,0.96332441842528,5,0.999485614024386,1.02052682607029,1.01739984186616,1.0630990638435,0.674842639905205
773,1.05144105330451,5,1.09218272914766,1.13460942567646,1.05196835265547,1.04460913016062,0.674842639905205
774,0.919661014274632,5,0.974163395843411,0.976300394766651,1.00536899716979,1.01500843043973,0.674842639905205
775,0.946392956206734,5,1.00819528059582,1.0118054922501,0.958043579846407,0.957194012605185,0.674842639905205
776,0.912804295709276,5,0.948755915863946,0.958997753491865,0.916933397961104,0.911233345905497,0.674842639905205
777,0.907674645071434,5,0.940479611224522,0.96638489041018,0.901476931229865,0.896364466446053,0.674842639905205
778,0.985700953415212,5,1.02892908952914,1.02028993684549,0.988574490946247,0.990723105945674,0.674842639905205
779,1.0011412003609,5,1.06034892189926,1.06103059529865,1.00033637556826,0.999080673736274,0.674842639905205
780,0.944616316457706,5,1.01263277235406,1.01168646548322,0.954485238052171,0.950845883627949,0.674842639905205
781,0.978276317045547,5,1.0309666818798,1.03162500381244,0.97436231418237,0.97186586987323,0.674842639905205
782,0.872363898234513,5,0.991248404773992,0.977828396149338,0.896191689480726,0.89501235178199,0.674842639905205
783,0.995970104409622,5,1.04326761940281,1.04716559119427,0.976380964136845,0.975311334727087,0.674842639905205
784,0.995778058741628,5,1.0483155771227,1.04855714528417,0.981529196627398,0.97564920896173,0.674842639905205
785,1.11569044473749,5,1.06333717815146,1.07391943355197,1.00336295254127,0.998989600640586,0.674842639905205
786,0.847181622229934,5,0.872739777359702,0.872571863568884,0.832869880964996,0.83279658355118,0.674842639905205
787,0.942416369204856,5,1.01582022462986,0.99406158500825,0.927327299174803,0.924331782410694,0.674842639905205
788,0.867799474744441,5,0.90290714902999,0.917614441557399,0.82599814209466,0.832026620648345,0.674842639905205
789,1.01730836775754,5,1.0580411072034,1.06125302319631,0.994711068478666,0.998849081059557,0.674842639905205
790,0.967278379003253,5,1.03615262720653,1.08421621933416,0.971965122136951,0.967122660586166,0.674842639905205
791,0.95960641235128,5,1.00263004541998,1.03521169533841,0.959513447550524,0.96509171427236,0.674842639905205
792,0.973464555995994,5,1.0091814842415,1.03872396583644,0.963270365157588,0.96212850772662,0.674842639905205
793,0.842820990603432,6,0.902691984890429,0.937611315230177,0.840271486442619,0.833184771381222,0.762445626749363
794,0.92609710424519,6,0.952868713198841,1.02049692866981,0.91980777488432,0.917943971370271,0.762445626749363
795,1.01186576768755,6,1.02914286302035,1.07106942770824,0.968363154636733,0.965980300430171,0.762445626749363
796,0.966290836440097,6,0.975587818301007,1.01651013289054,0.957248289016453,0.958646618870972,0.762445626749363
797,1.03060102534134,6,1.01691040987534,1.09396522884544,1.03100204150207,1.02951781891064,0.762445626749363
798,1.08279439522292,6,1.04472914381525,1.13078827441006,1.05787444158049,1.05979625827117,0.762445626749363
799,1.07762525258724,6,1.04878055576929,1.11717114374314,1.05011462870298,1.05280711053479,0.762445626749363
800,1.04502868760294,5,1.02989278153931,1.10255733589568,1.01894483859776,0.997486991758824,0.697801597902829
801,1.11897544841073,5,1.0427076471657,1.16444018100902,1.10046902380289,1.09229252634186,0.708447170719078
802,0.95524211474349,5,0.979852261222891,1.03270645914716,0.968794483996602,0.947677108781077,0.708447170719078
803,0.979445090959012,5,0.967227066358601,1.035198920846,1.00364488957648,0.989110575385121,0.708447170719078
804,1.07772868942791,5,1.05507821474656,1.12635885780718,1.09839219436493,1.08545412235896,0.708447170719078
805,0.915919737626181,5,0.910677105407713,0.957825507383356,0.964158796766146,0.954560988219842,0.708447170719078
806,0.983783657145044,5,0.960208298356653,1.05548093065082,1.01169981814422,1.0011531958989,0.708447170719078
807,1.06213445109857,5,1.01917833581903,1.12077030972453,1.08896720118147,1.07815021931166,0.708447170719078
808,1.0490058510338,5,1.00777083762948,1.00752680274697,1.06709711078589,1.04597472657571,0.708447170719078
809,1.05054283000919,5,1.01606741714497,1.01445294856534,1.06174280875797,1.02434007685625,0.708447170719078
810,0.915964446759718,6,0.915809516242803,0.905168813758098,0.95651035003852,0.930675366812936,0.747700043377035
811,1.09591417478404,6,1.04789718783703,1.1109108096311,1.03437127551193,1.02021581718329,0.747700043377035
812,1.08359451830199,6,1.03551951504573,1.1186667850531,1.08964996925568,1.08364379987883,0.747700043377035
813,1.03747713583487,6,1.00826953687162,1.04338999386018,1.05977706089356,1.05828375430626,0.747700043377035
814,1.01310461015564,6,1.0283805119601,1.01699426520734,1.10699680289437,1.10050044017267,0.747700043377035
815,1.03265598038659,6,1.02180972313754,1.04467921933528,1.09895968073174,1.0966324962019,0.747700043377035
816,1.03233290308596,6,0.976186658150223,1.0523639447073,1.04071168698905,1.0338579998575,0.747700043377035
817,1.08486686571378,6,1.03300402437034,1.04933702796033,1.10008770375719,1.07749701132395,0.747700043377035
818,1.02542635950129,6,0.974668776045858,1.04273399556213,1.0381554800876,1.02519598714601,0.747700043377035
819,1.00887302132725,6,0.959444630782399,1.01269131953668,1.03263147741755,1.02308241901255,0.747700043377035
820,1.05357030694565,7,1.03477569975437,1.1073993123047,1.06564162341322,1.07759543648013,0.77775359433225
821,0.975001431637989,7,0.944767926315515,1.02280566914136,0.958905433626457,0.955198639653164,0.77775359433225
822,1.01912787151572,7,0.995014348389044,1.08484897627585,1.01915154089515,1.03175174034292,0.77775359433225
823,1.02550352053116,7,1.00553671912878,1.0156023008774,1.02338211577446,1.01862392856839,0.77775359433225
824,1.04293567296617,6,1.02880880681937,1.04096612433544,1.1046061978164,1.08929868453736,0.686256859175151
825,1.04324023846403,6,1.02693028816709,1.04345513507683,1.0928171187096,1.09011671706737,0.686256859175151
826,1.03866851180515,6,1.04361473851785,1.07013656811529,1.07234969246896,1.06366683249684,0.686256859175151
827,1.00905522732416,6,0.991027716971625,1.01613390718071,1.01775338925701,1.00390104892826,0.686256859175151
828,1.01992484341035,6,0.984158175894498,1.06233267580451,1.03601970380503,1.03688512744245,0.686256859175151
829,0.975421102697122,6,0.942653707949143,0.986638392797197,1.01301119578221,1.0065270265963,0.686256859175151
830,0.973243773663382,5,0.969525911757076,0.997385269830181,1.04279734684953,1.03191960297839,0.632198280389554
831,0.937211816724006,5,0.930751556055568,0.952022078891135,0.982372744435896,0.973796868350992,0.632198280389554
832,1.01745027031613,5,1.02521741314702,1.06191634359667,1.04715076155074,1.03338890854998,0.632198280389554
833,1.04704981387706,6,1.05974476952874,1.10120241874015,1.04836597194466,1.0327979809055,0.698508334833378
834,0.930028216836927,6,0.92772332530732,0.935670168304171,0.899611391581177,0.888985759855556,0.698508334833378
835,0.973161022115409,6,1.00045160957507,1.01592591013756,0.981169214851669,0.968606180850966,0.698508334833378
836,1.09507015727571,6,1.08896399882231,1.09594537485547,1.07692221698841,1.06877881449528,0.698508334833378
837,1.01987756173892,6,1.02978463502661,1.06271092116674,1.02446828653907,1.02157127916155,0.698508334833378
838,1.02037576906888,6,1.03526746226275,1.06363402301214,1.04956982575147,1.04121917369765,0.698508334833378
839,1.03386855888912,6,1.05528577097873,1.07654237677623,1.01617161409187,1.00284928606066,0.698508334833378
840,1.02134287564486,5,1.0438125546109,1.03273304071572,0.998504183401861,0.986808326231199,0.672965488271066
841,1.00009632154384,5,1.001287746855,1.04214646439339,0.983172446069691,0.969374097845015,0.672965488271066
842,0.926313021254935,5,0.928372009756855,0.97083681164002,0.906849477419395,0.895912773198079,0.672965488271066
843,0.952784204975027,5,0.962742941309663,1.0062787498243,0.91804393689743,0.911208500273411,0.672965488271066
844,1.06362857610716,5,1.03779243907796,1.04786579916742,1.03879196159619,1.03644276370143,0.672965488271066
845,0.984595578843391,5,1.02724549575154,1.03099980399864,0.958309586705185,0.95227148376997,0.672965488271066
846,0.843218134234708,5,0.839510030674298,0.888175499339843,0.835262394753615,0.814187352137185,0.672965488271066
847,0.996884123979314,5,1.00340543584577,1.01394026478593,0.962269203214341,0.964261174099108,0.672965488271066
848,0.983172529419524,5,0.990274230578783,0.986408626241735,0.941570913765038,0.935773591894527,0.672965488271066
849,0.93401976031211,5,0.93668096110629,0.931907619155707,0.890027272906762,0.879863721426118,0.672965488271066
850,1.0854765021836,5,1.08580012815819,1.06334903339873,0.988526843774752,1.01919630902739,0.672965488271066
851,1.03018159572843,5,1.02924683525091,1.0170876427751,0.973276941020107,0.969795783226996,0.672965488271066
852,1.06057389299357,5,1.05275524147508,1.11878467809044,1.01994511377949,1.01457551741744,0.672965488271066
853,1.12765215928764,5,1.11179294462711,1.14688559640643,1.06207896878431,1.05848923096564,0.672965488271066
854,0.955151017534933,5,0.935232990479087,0.965749475922401,0.908663640245009,0.904778602861667,0.672965488271066
855,1.02132515129507,6,1.00420129703939,0.992795921393136,0.979123461081231,0.96875114034846,0.709957161030452
856,0.984536006653983,6,0.979245976295479,0.955358971212215,0.960217076066662,0.956873043095621,0.709957161030452
857,1.04272123491946,6,1.04544579580423,1.02069574554378,1.00524394354166,0.997612039456944,0.709957161030452
858,0.980258870808705,6,0.976719276973795,0.959679568725814,0.931552679746074,0.925110274416752,0.709957161030452
859,0.94009185897405,6,0.924904053583984,0.942158121208996,0.893728299417608,0.894937204044039,0.709957161030452
860,1.02853930091784,6,1.02654037113475,0.995304934178637,0.982427139287513,0.979330819643091,0.709957161030452
861,0.925998429070965,6,0.936904330600221,0.898795875675312,0.899422208395091,0.895547037107801,0.709957161030452
862,0.970067329559856,6,0.967458426824076,0.95378948476744,0.92088917339206,0.917296718316315,0.709957161030452
863,1.04058441782943,6,1.0481357705021,1.02445059769405,0.985543209733549,0.972233568806182,0.709957161030452
864,0.993723363427602,6,0.992105946700265,0.968276943026679,0.947706710289426,0.941568648340772,0.709957161030452
865,1.0420537232562,6,1.03646984078919,1.03077975688635,0.989621173729423,0.983257513593187,0.709957161030452
866,1.01363361357984,6,1.0073460400016,1.06901356482775,0.965316065844362,0.962359996969449,0.709957161030452
867,1.0122869962903,6,0.996274925623288,1.04609517147243,0.963432904656582,0.956034729041328,0.709957161030452
868,1.06952182008874,6,1.06427194121292,1.10190270013003,1.02271174981983,1.01661733547249,0.709957161030452
869,1.03590230613934,6,1.03899341499372,1.02199250887782,0.985015456104887,0.978941979490428,0.709957161030452
870,0.98277512567089,6,0.966129376856145,0.965431507912967,0.92854916259186,0.926785079524979,0.709957161030452
871,0.990950975125989,6,0.969604279625613,1.03086233165079,0.935112507788177,0.922962772492168,0.709957161030452
872,0.969632346390223,6,0.962999167164317,0.966437877259508,0.926317219888059,0.915580370456499,0.709957161030452
873,0.9130122897853,6,0.896136314055778,0.919009499823319,0.865046228715889,0.862174104320357,0.709957161030452
874,1.07034876786076,6,1.03386310359005,1.0596716870589,0.980101195153493,0.986599622499328,0.709957161030452
875,0.93168892652366,6,0.913793251487489,0.921966528573676,0.859465247814856,0.854214049043546,0.709957161030452
876,1.07349244250249,6,1.03947910363103,1.09299028995007,1.01023740223862,1.01098215153788,0.709957161030452
877,1.03970084017688,6,1.01230771479508,1.01455413941809,0.985147251341529,0.98648095873407,0.709957161030452
878,1.10345937727836,6,1.06070794064126,1.1196326106661,0.993074353320597,0.996611620629303,0.709957161030452
879,1.07446758396339,6,1.03731612138068,1.09765648990217,1.00945370328019,1.00920905930626,0.709957161030452
880,1.1093743221951,6,1.06547410569952,1.11231025885633,1.05064953966386,1.04861440009926,0.709957161030452
881,1.03357143773006,7,1.00895971645327,1.0359107680982,0.988199444813174,0.981731923611949,0.760843641048221
882,1.08712811308775,6,1.05183340041439,1.11464002229944,1.03330937081235,1.02933271903239,0.764074551736039
883,1.04571174546318,6,1.01678050143957,1.03956738033025,1.00108170058976,0.997190060092878,0.764074551736039
884,1.0807987903298,6,1.04576645836727,1.07868211799328,1.02546170114463,1.01661734160517,0.764074551736039
885,0.862761039402124,6,0.840709997334335,0.853775871948323,0.819609460153919,0.818178804665534,0.764074551736039
886,1.03461919960145,6,1.00989316063943,1.03229679094024,0.98290656333448,0.978001057491472,0.764074551736039
887,0.958855055857383,6,0.952292310110152,0.963771097855364,0.919145745379506,0.915978578419886,0.764074551736039
888,1.05954607009465,6,1.03088123749291,1.07562738876197,1.01300095361417,1.01118313411392,0.764074551736039
889,0.980591082168481,6,0.934571140407222,0.972824469560749,0.911686738595441,0.909567111946959,0.764074551736039
890,1.03370792863385,6,1.01170378849875,1.03952947221229,0.975188273804784,0.975601209043009,0.764074551736039
891,1.09892428124078,5,1.04454869023426,1.07170744063461,1.07825103046319,1.04922135304716,0.720957235869466
892,1.04190398194482,5,1.04432879114218,1.0454899129016,1.01328944312922,1.00282455593963,0.720957235869466
893,1.03186923769591,5,1.03477587417998,1.04893440979303,1.0171364344554,0.981290206307645,0.720957235869466
894,1.03323885710236,4,1.02814304540847,1.03669004990262,0.988940515937956,0.985941783497851,0.689098815839896
895,0.951760745792888,4,0.945713339022877,0.954621721127883,0.909411995076005,0.903536932050758,0.689098815839896
896,1.01946677787202,4,1.01839221409789,1.02316824824142,0.964268480418288,0.954404032353724,0.689098815839896
897,0.945786818316022,4,0.930427310436053,0.953789012637232,0.874111713004637,0.872821835045075,0.689098815839896
898,0.982728997114443,4,0.99124236969274,0.989902641255415,0.93810639990864,0.935411869156629,0.689098815839896
899,1.06045481215693,5,1.07062354198902,1.09803927075262,1.07516219264954,1.04094962806148,0.743098804010638
900,0.87056426848423,5,0.888664689553834,0.877057775109819,0.846946156390083,0.837101015135143,0.743098804010638
901,1.01406656168486,5,1.03850902270199,1.01879671783066,0.99406961067476,0.980724706194121,0.743098804010638
902,1.03400691852352,5,1.01734038358282,1.03364075580447,1.01013123037534,0.997608656120318,0.743098804010638
903,0.96594474210116,5,0.972181155515058,0.971536666072529,0.938752821112533,0.93205396242619,0.743098804010638
904,1.06513553787668,5,1.07314128970151,1.05691776772609,1.03123637911838,1.02605105990955,0.743098804010638
905,1.02826582411999,5,1.04314482482864,1.033537070844,1.00671696327317,0.998144357439997,0.743098804010638
906,1.00887635583004,5,1.01399819371984,1.01643320005071,0.968480545931431,0.961537233067901,0.743098804010638
907,0.974185360117141,6,0.979335643953469,0.980095118463215,0.964445851305703,0.953528403977121,0.677139085067426
908,1.00346188009355,6,0.99710817122806,1.00008269812175,0.96774977661512,0.965090794402411,0.677139085067426
909,0.962476192541731,6,0.962855750133182,0.96759664891538,0.915878160055519,0.920266755029107,0.677139085067426
910,0.999163607260677,6,1.00279803607446,1.00741361444991,0.976525910633478,0.974301782268357,0.677139085067426
911,1.03782798102704,5,1.03961851182002,1.04960356400062,1.02261801665338,1.01142713372948,0.653816336434768
912,1.01653186887952,5,1.02470319019924,1.03079070171383,1.00050126556347,0.988299774931169,0.653816336434768
913,0.954568272403923,5,0.947032952036841,0.97233879199767,0.910694372763976,0.904394165233323,0.653816336434768
914,1.03054163008066,5,1.03513098991747,1.03292074878652,1.02264569669013,1.01308893647187,0.653816336434768
915,0.954488695559601,5,0.956411287137219,0.964500253459638,0.898603289418312,0.892238854913913,0.653816336434768
916,1.08330113210244,5,1.09359400806533,1.08755772232028,1.05273970135041,1.04494648338218,0.653816336434768
917,1.02789379199967,5,1.03147802856643,1.03987541673456,1.02055972248679,1.00796761391357,0.653816336434768
918,1.04952357688892,6,1.04089872644695,1.06235502673327,1.04916977991745,1.03477300486393,0.654069328112587
919,1.01261417153109,6,0.968666208392307,0.998776169919712,0.96539012228528,0.952304338377694,0.654069328112587
920,1.03048682410362,5,1.02676405991104,1.04907367483406,1.08346252152941,1.05233521036967,0.716050341834596
921,1.02272272309245,5,1.04017344218544,1.03868055450762,1.10802207822927,1.09640077833538,0.716050341834596
922,0.896062198199617,5,0.891987295979826,0.909498940775608,0.936552214763278,0.929215957749091,0.716050341834596
923,0.997361746413858,5,0.9980290310352,1.01509805450452,1.0311475920971,1.02057348562619,0.716050341834596
924,1.01719001508048,6,1.01149835891502,1.0284393310191,1.04223490761279,1.03997992785621,0.670047247422715
925,1.00445669517544,6,1.00501559172255,1.02100619341868,1.03987287199984,1.02691771671279,0.670047247422715
926,0.980799338423364,6,0.984466269002334,0.993489761111653,1.0532239639345,1.0286174731565,0.670047247422715
927,1.01707386580251,6,1.03209543827637,1.03421012157844,1.07424270884909,1.06653682413844,0.670047247422715
928,0.966962937886109,6,0.971851455395388,0.979955059883632,1.00474313571395,0.995340456068853,0.670047247422715
929,0.97395890873189,6,1.00166293532544,0.984824045213837,1.04331470755071,1.03463823168506,0.670047247422715
930,1.01687263158512,6,1.03699901064772,1.02965031489679,1.1054145521368,1.08572216812344,0.670047247422715
931,0.962825616423331,6,0.976886469087026,0.971919799521497,0.989046298355843,0.977357825050243,0.670047247422715
932,0.943569932152698,5,0.984129076473544,0.954620313973117,1.03886954051723,1.03208156043487,0.686964323724602
933,1.00311798685585,5,1.03050819320623,1.00894431584907,1.1011498771193,1.08138357128385,0.686964323724602
934,1.01743949843472,5,1.01774420487346,1.01773915905367,1.05861921255395,1.04941106343946,0.686964323724602
935,1.06311310294065,5,1.10636218498817,1.06976356024453,1.12200640574186,1.11703244960276,0.686964323724602
936,0.952431418467473,5,0.985559970298048,0.956925437613054,0.988413762479154,0.9768551153636,0.686964323724602
937,0.853606915727382,5,0.886572899416596,0.858387025110467,0.816090036305684,0.810428415666293,0.686964323724602
938,0.99742435912369,5,1.03627613558449,0.999818081511108,1.05086523327272,1.03947037416148,0.686964323724602
939,0.950355434768902,5,0.981984981082116,0.953411467397558,1.01726798567056,1.00884618605245,0.686964323724602
940,0.938773174328883,5,0.988780706767651,0.938300446027081,0.992580770056954,0.983305918276156,0.686964323724602
941,0.994509673738309,5,1.03078522932526,1.00657695604722,1.06843666988566,1.06659260362773,0.686964323724602
942,0.955636707918134,5,1.00042843829558,0.954118671126227,1.04452809374714,1.03464887078215,0.686964323724602
943,0.920513177544351,5,0.948742610390445,0.912993675313679,0.959630491239337,0.952208761295793,0.686964323724602
944,0.975865722044701,5,1.01125827669216,0.976874845734929,1.03183555383524,1.02123918065464,0.686964323724602
945,0.818382623193059,5,0.846321857921638,0.817764009020934,0.799891906920741,0.788700351211753,0.686964323724602
946,1.00769350582286,5,1.03354350471382,1.00400892359577,1.03879173864616,1.03533936093625,0.686964323724602
947,0.966592050494201,5,1.01618887560307,0.974867587572821,0.998663284646682,0.994358148931416,0.686964323724602
948,1.01180606639101,5,1.02846721106492,1.01454329315009,1.04026491541358,1.03668379775192,0.686964323724602
949,1.04212836014451,5,1.05658473112002,1.01927227036334,1.06375878926715,1.06127972816117,0.686964323724602
950,1.01399034748503,5,1.03083797215535,1.01281023109222,1.05660761760564,1.05603358141495,0.686964323724602
951,1.00471273695641,5,1.00885134081036,1.00713157163783,1.03354487184883,1.03305029319707,0.686964323724602
952,1.04808465131741,5,1.04271797134372,1.03815740280454,1.083712039796,1.07871418513908,0.686964323724602
953,0.981354357541435,5,0.975639490332283,0.979455050241182,1.02844163364682,1.02654063967383,0.686964323724602
954,1.07744766858336,5,1.06782541062961,1.07442141173642,1.11538603750587,1.11115498713586,0.686964323724602
955,0.991048119300064,5,0.971474607612479,0.988270706811822,1.07079941132221,1.05959341341481,0.686964323724602
956,1.05756739722787,5,1.04390858701567,1.05509267720353,1.08165460847018,1.08118143328539,0.686964323724602
957,1.03315585438132,5,1.01642962152993,1.02976483676708,1.05947227731974,1.05836382728364,0.686964323724602
958,1.04602389950815,4,1.03534220103388,1.03995931176335,1.10271802452322,1.10437190804475,0.629501538988946
959,1.06582607324905,4,1.05595707292265,1.0627003532116,1.11019774941207,1.10716197949496,0.629501538988946
960,0.985592876917076,4,0.978406516767128,0.977203896589099,1.09916252664508,1.07138673233141,0.629501538988946
961,0.911050500936915,4,0.904775736529061,0.905366563407607,0.924911409425772,0.921127460710539,0.629501538988946
962,1.04498830041906,4,1.04546937972979,1.0424420872038,1.07641333522042,1.07735417745206,0.629501538988946
963,0.952788504516426,4,0.960822750507997,0.973224176817728,0.982190942551463,0.974406638517084,0.629501538988946
964,0.966658958543531,4,0.955765152252673,0.961833971710064,1.03277874415944,1.03145778958628,0.629501538988946
965,0.87701937383318,4,0.861664144771141,0.869262024187497,0.894385403168012,0.894704123340297,0.629501538988946
966,1.0608164054483,4,1.05592174738189,1.05523079510374,1.15652469872877,1.15695001860034,0.629501538988946
967,0.995196689786207,4,0.985768175868292,0.984878301633408,1.10809568445439,1.11066414857482,0.629501538988946
968,1.14433501214218,4,1.11905297464936,1.13179907667939,1.23615212700074,1.23520694017568,0.629501538988946
969,1.0033781110391,4,0.992787156926883,0.995451541081286,1.10778629089078,1.10294873277366,0.629501538988946
970,1.13646594005358,4,1.08575181093018,1.11870984650872,1.20100456202375,1.18925856503651,0.629501538988946
971,1.1059707354595,4,1.09727410868494,1.09757462209535,1.21944764259943,1.21967433262018,0.629501538988946
972,1.07094088222198,4,1.05678871121802,1.06228303431113,1.15695981816604,1.15493865712608,0.629501538988946
973,0.806577396630186,4,0.802375044099125,0.802869080438103,0.820079691009595,0.80444906039343,0.629501538988946
974,0.987872664470818,4,0.980692738829616,0.98216968753837,0.982474979622799,0.978380819230167,0.629501538988946
975,1.09601791728781,4,1.08228146673258,1.08587423215072,1.167455101172,1.1645479641234,0.629501538988946
976,1.00846416758489,4,1.00120373081345,1.00172039338765,1.04710596175325,1.0556223977851,0.629501538988946
977,1.01459135919613,4,0.987695175770527,1.00626430671263,1.03273828400604,1.03825756782404,0.629501538988946
978,1.01083659088319,4,1.00513286420243,1.00202431127434,1.04854606143156,1.04926099931736,0.629501538988946
979,0.990228382177203,4,0.97704321762974,0.983697980285155,1.04532818295012,1.04582229435646,0.629501538988946
980,1.02801704222191,4,1.01511513871539,1.02247034322693,1.10146690359057,1.12040206892088,0.629501538988946
981,0.910698163271534,4,0.90043308491838,0.906312152678867,0.950899534514863,0.933014150603316,0.629501538988946
982,0.988761812381452,4,0.969515081928778,0.962325077068921,1.07916584211447,1.08614817740322,0.629501538988946
983,0.972640236102912,4,0.954301465750389,0.96754809779744,1.07085957064362,1.07846705553384,0.629501538988946
984,1.01558882198205,4,0.991660705796726,1.0116950856167,1.05090266605411,1.05619221654577,0.629501538988946
985,1.03827127708109,4,1.01152660911048,1.03472411369962,1.07467955409337,1.07993426776247,0.629501538988946
986,1.03737556184611,4,1.03866964356452,1.03989752724555,1.10243178646357,1.10124488390739,0.629501538988946
987,1.10678291879442,4,1.06377280811426,1.10260290858308,1.11939637930037,1.14131639435717,0.629501538988946
988,1.05110157650545,5,1.04521242542332,1.05938071788367,1.09012394326675,1.09966585037886,0.731288118847509
989,1.02623046503664,5,1.02003413907805,1.02943979812152,1.07722236642307,1.08046439336825,0.731288118847509
990,1.01256272502615,5,1.00059424661237,1.01944662405943,1.0604542142939,1.05776846644022,0.731288118847509
991,0.969056975148296,5,0.963041339969261,0.973412464966672,0.990500323341558,0.993085704118495,0.731288118847509
992,1.12423414261795,5,1.11934932324837,1.1314616041566,1.14431073032469,1.15618835112838,0.731288118847509
993,0.993651116358228,5,0.991401819506899,0.999427482344063,0.965752964030645,0.980752654314318,0.731288118847509
994,0.933948350184516,5,0.934865985009671,0.94004079956466,0.964795777902133,0.941001834504567,0.731288118847509
995,1.08347761681315,5,1.0860916858524,1.08828050161907,1.08745964241506,1.12849539324967,0.731288118847509
996,1.0177725227198,5,1.02539338367813,1.02414564139036,1.01414051427451,0.996013909651682,0.731288118847509
997,1.07572657232881,5,1.09395085201246,1.0807308003023,1.12215376500416,1.12045312613905,0.731288118847509
998,0.709798558411679,5,0.721031218854997,0.711727160419118,0.750656706973247,0.711252130892219,0.731288118847509
999,0.880715832552354,5,0.896858912130203,0.877742407094847,0.906384454733964,0.897294586955514,0.731288118847509
1000,0.965177205991619,6,0.977447364223601,0.974820835778073,0.968063289159487,0.929495369156806,0.751815083851101
1001,1.00552335126436,6,1.01614477505524,1.01526203528872,1.0275535534054,1.02817112761868,0.751815083851101
1002,1.0155871439001,6,1.02537739163622,1.04184141127131,1.02871831051815,1.03156897429595,0.751815083851101
1003,1.03562465311795,6,1.05352483970032,1.04420896749889,1.03492114497965,1.04450433389105,0.751815083851101
1004,1.01293225262564,6,1.02355193183826,1.02283346529304,1.02379447878007,1.03114371219167,0.751815083851101
1005,1.01542354283779,7,1.03438840376188,1.03579942179699,1.00440700411224,1.0017550677015,0.789658679881835
1006,0.99255372460125,8,1.03021087511305,1.00883101130824,1.00640315830974,0.999328461313569,0.805235486678099
1007,0.82625259664538,8,0.848327470803496,0.829412715301218,0.825645515710161,0.789505994362689,0.805235486678099
1008,1.04422705809525,8,1.07005804687343,1.06560293122515,1.02870351202929,1.02562146404164,0.805235486678099
1009,1.00239142733833,9,1.02973425622213,1.02959942039375,0.969595370208452,0.949117707662182,0.796899274850864
1010,1.01282003287005,10,1.04128245814683,1.05094340120148,0.991172716828439,0.976295933833237,0.798692078930054
1011,0.90665034787184,10,0.940744533473439,0.940249614362085,0.877680755058457,0.850616489658052,0.798692078930054
1012,1.00643502305545,10,1.02247613685497,1.03631520014481,0.978473940114778,0.960216401972954,0.798692078930054
1013,0.970773132313145,9,0.979382735724055,0.999315341918283,0.950785013417662,0.92843910525052,0.671975141075828
1014,0.980752366877238,10,0.996109147519168,1.02071942124833,0.942006006754291,0.918979326804887,0.707344535551294
1015,0.997488199908721,10,1.02568659553766,1.04893551945613,0.965779699983024,0.949833870081483,0.707344535551294
1016,0.982341852988655,10,0.994448907491798,1.02139089302751,0.944560781622695,0.926059068849258,0.707344535551294
1017,0.98820715211702,10,1.0019362444987,1.02984534430588,0.948951268715905,0.929939625397305,0.707344535551294
1018,1.00776172793386,10,1.02207865066169,1.04454381444359,0.964311995451696,0.946384345058315,0.707344535551294
1019,1.05857580512704,10,1.06612809417254,1.07718004683247,0.998358682609702,0.984849378413236,0.707344535551294
1020,0.963368694204687,10,0.982770414628337,0.965645302649748,0.929093107483645,0.908628824844404,0.707344535551294
1021,0.94197315668491,10,0.980930141913531,0.98494243554747,0.919935539802245,0.899902678206519,0.707344535551294
1022,0.985070395800719,9,1.02684086168797,1.03408996725734,0.947613109140377,0.935769637602626,0.75603083476168
1023,0.927951200985774,9,0.959828431480199,0.952893253957661,0.896727377565372,0.879779245679636,0.75603083476168
1024,0.878180466812079,9,0.913127105858957,0.901085156546156,0.841178180841438,0.830626208167073,0.75603083476168
1025,0.980810200366983,9,1.03555934518353,1.01708234187274,0.923411379998698,0.928464470469684,0.75603083476168
1026,0.948195241217253,9,0.991964656777281,0.980055463981536,0.915276560670651,0.903655259917265,0.75603083476168
1027,0.954744547131465,9,0.995033143034573,0.990031810823815,0.917920531118891,0.907547151413742,0.75603083476168
1028,0.980874271611716,9,1.01818807388025,1.01668438844921,0.929922996160019,0.927564739390966,0.75603083476168
1029,0.987903242215939,9,1.03110599986375,1.02257004194058,0.937817549601046,0.925423684623423,0.75603083476168
1030,0.938957480988892,9,0.964012487937502,0.963067730779643,0.905774275488299,0.900562609796727,0.75603083476168
1031,0.867678249103944,10,0.893334610526184,0.90195138810079,0.84300201325811,0.83379964273638,0.800325472094036
1032,0.969689431605519,10,0.992627849633934,0.994420149795351,0.942129051385691,0.934308334807167,0.800325472094036
1033,0.997630295745239,10,1.01298126901797,1.01778393502036,0.970683888455737,0.964888688207056,0.800325472094036
1034,0.985473162895381,10,0.997952782754648,1.00770980645346,0.963188572395407,0.957963740638528,0.800325472094036
1035,1.02004336899614,10,1.03018365916287,1.0481407327743,0.999295023834571,0.993297514751162,0.800325472094036
1036,0.968996417843473,10,0.950498879121311,0.982519805688931,0.898115357464534,0.890222288529583,0.800325472094036
1037,1.05328153181275,10,1.05630998723363,1.0764443282836,1.02615448817345,1.01787013724746,0.800325472094036
1038,0.996212466345043,9,1.00110796309614,1.02968775488552,0.948453477821893,0.9459315032722,0.809358714796775
1039,1.05943028929131,9,1.05864567772898,1.08729217025899,1.03061960292453,1.02144676318541,0.809358714796775
1040,0.976901687424031,9,0.96870281879072,1.00005450628188,0.918241622050806,0.906154547057877,0.809358714796775
1041,1.08612475056683,9,1.08320278828169,1.11173916492692,1.02785385703264,1.02193403247962,0.809358714796775
1042,0.968880812584696,9,0.960694787505194,0.987327447498834,0.861472533511826,0.852699810219164,0.809358714796775
1043,1.04877017905464,9,1.0317814451454,1.07332367055007,0.994670296444345,0.990214914056677,0.809358714796775
1044,0.982000268349618,9,0.976738218353204,0.999352477443761,0.937795603615099,0.932528535710482,0.809358714796775
1045,1.04774660817327,9,1.04465329496865,1.063816344173,1.00751973462137,1.00136739023766,0.809358714796775
1046,0.953482028538832,9,0.957812649817615,0.971748775712457,0.915157477993033,0.910172667944742,0.809358714796775
1047,1.01830804206683,9,1.0202666392833,1.03604340154491,0.980283028046405,0.972039682616626,0.809358714796775
1048,1.00289625819029,9,1.00266002018866,1.01096838742572,0.957430728540411,0.952855836914824,0.809358714796775
1049,1.01562951541125,9,1.02075892588571,1.03340798808276,0.953689017395534,0.954119993232439,0.809358714796775
1050,1.00646475140005,9,1.01957510697848,1.00390621614071,0.960834468713395,0.956569029908736,0.809358714796775
1051,0.944968923820259,9,0.954962523279553,0.956449206977319,0.897064487707536,0.894955771512244,0.809358714796775
1052,0.921188395438141,9,0.943482906047499,0.936804808128815,0.877317547028018,0.881772505945566,0.809358714796775
1053,0.969512620805022,9,0.98236314510002,0.973937005837378,0.920538688320853,0.919823642059756,0.809358714796775
1054,0.927944492149025,8,0.929297138669787,0.936148152203832,0.863687957221659,0.860937821211675,0.835969577024797
1055,1.06828525679423,8,1.05725687557418,1.07399789901075,0.986253523854096,0.984926686354825,0.835969577024797
1056,0.927091527278825,8,0.918788142571479,0.935103053445512,0.835959175099465,0.834429136189106,0.835969577024797
1057,1.08990434655549,8,1.0659785797628,1.09913033093994,0.998884683633446,0.997124368700156,0.835969577024797
1058,1.00625978812486,8,0.996224482740381,1.01170732349839,0.936094152019244,0.934889358505787,0.835969577024797
1059,1.05709255451363,8,1.05684000847549,1.05698073684055,1.0006613615917,1.0005838776618,0.835969577024797
1060,1.0007228069641,8,0.988049456723219,1.01054179387833,0.936903137322146,0.935911634285029,0.835969577024797
1061,0.919346351681076,8,0.91341160153002,0.931082251752769,0.863075674280224,0.861861594777199,0.835969577024797
1062,1.04858090592375,8,1.02595202333559,1.0505829935638,0.975864520429436,0.971644519723863,0.835969577024797
1063,1.089200125779,8,1.05922020814879,1.08106672444097,1.01385193117866,1.01298378293486,0.835969577024797
1064,1.01161440522265,8,0.991080820534163,0.993184987000591,0.941214763625447,0.943161149113221,0.835969577024797
1065,1.08108032756128,8,1.10388237428679,1.07570218269979,1.02493355002105,1.01873302186926,0.860753694093762
1066,1.01071986595701,8,1.04971732138491,1.00981157753803,0.988708568943287,0.983626873110338,0.860753694093762
1067,0.81504199390434,8,0.81664249449718,0.810737423195351,0.768534668662705,0.764693929364737,0.860753694093762
1068,1.04327812758715,8,1.05234976603975,1.0387700914277,0.998117274384322,0.99513947208653,0.860753694093762
1069,0.991001344145713,8,1.00954832756476,0.983446873460594,0.945026576808319,0.944339640111599,0.860753694093762
1070,1.01900504645389,8,1.03511155544627,1.02130487183983,0.977469632035791,0.977249658549139,0.860753694093762
1071,0.904521842672865,8,0.915079437395645,0.900390386727777,0.867512238983596,0.862975251206217,0.860753694093762
1072,1.07763837723913,8,1.09960920728173,1.07960108598202,1.0469162536842,1.04221697716421,0.860753694093762
1073,0.979658065010939,8,0.985746659791593,0.974980134282348,0.936338679403324,0.935313721164865,0.860753694093762
1074,1.02406337358541,8,1.03932525615214,1.02107700984681,0.960494541968359,0.967074752093682,0.860753694093762
1075,0.986925706508503,8,0.997115547395385,0.980216480395979,0.933114239166817,0.938197603174132,0.860753694093762
1076,0.901387810822563,8,0.91435526512309,0.89661664608094,0.862115146128276,0.859972431303591,0.860753694093762
1077,0.916307622879611,8,0.933362239417907,0.914527923095173,0.878379485981315,0.87796242400697,0.860753694093762
1078,0.917978232291603,8,0.939847361541529,0.926574158968627,0.895942458650055,0.894915072878844,0.860753694093762
1079,1.03070712617557,8,1.03079507852703,1.02526218813683,0.993476494484537,0.999543335655683,0.860753694093762
1080,1.08825794482234,8,1.08506765646397,1.08362175642074,1.04450178652891,1.04519752041701,0.860753694093762
1081,0.929988046415037,8,0.930795157121679,0.922544403990872,0.887842909152473,0.881987213926463,0.849204464462553
1082,0.913056550914477,8,0.90941222180566,0.904587714754474,0.870983057687863,0.866063333408315,0.849204464462553
1083,1.03789341521281,8,1.03602449061293,1.03154580570895,1.01098281564843,1.00499592012816,0.849204464462553
1084,1.06338155635921,8,1.02857470448355,1.04119614383931,1.02415026624336,1.02313259238983,0.849204464462553
1085,0.945486207020194,9,0.930803626580095,0.945115423334036,0.867683212875222,0.867610521564763,0.847166120395085
1086,1.13701372155904,9,1.09339291755132,1.12009844533027,1.09476153068836,1.09538367038078,0.847166120395085
1087,1.04596123264755,9,1.0083226168162,1.03851189884985,1.01937215607852,1.01708479456341,0.847166120395085
1088,1.0768127046705,9,1.04007078070291,1.07670241146969,1.04163876167482,1.03873932856035,0.847166120395085
1089,1.09071084618341,9,1.02799095931987,1.07676537192764,1.07987862584559,1.07712773635056,0.847166120395085
1090,0.987674933928034,9,0.95482834906645,0.980411728079431,0.962196746658132,0.960391156045005,0.847166120395085
1091,1.04644726804674,10,1.00598980118865,1.03954404344266,1.04679434139675,1.03167244754505,0.857941269487805
1092,1.01874400998599,10,0.976878792107672,1.01095750638344,0.994796031126773,0.986691358609271,0.857941269487805
1093,1.06616713965457,10,1.0266610585061,1.05858109162545,1.0479142006414,1.04184523243275,0.857941269487805
1094,1.0593141910056,10,1.01909415231734,1.04679800067492,1.04148687373898,1.03890584459356,0.857941269487805
1095,1.01186013849519,11,0.988743736417756,1.00110789858616,0.985223016991345,0.982648452473299,0.875721609949241
1096,1.11766539063972,10,1.07221701727657,1.10571509578394,1.08904742218874,1.08431902170899,0.88479680423025
1097,1.04373934845376,10,1.00644845919847,1.02807299703225,1.02512601084204,1.01999731285164,0.88479680423025
1098,1.07815820127133,10,1.04786317682839,1.0682147916422,1.06483579158576,1.06131637018172,0.88479680423025
1099,0.947615764726553,10,0.923110015695517,0.937376691868634,0.931120662056487,0.923871914222576,0.88479680423025
1100,1.08968041066649,10,1.05263378667361,1.08006311798352,1.07691564708887,1.06915888841012,0.88479680423025
1101,0.896058942741777,9,0.886006160625565,0.887664416989775,0.888439320131464,0.8801206598664,0.864070367129851
1102,1.02646544628211,9,1.02264070562282,1.01777626117918,1.03171260053726,1.02322682404094,0.864070367129851
1103,1.01051687047831,9,1.01064328746235,1.00251650195222,1.0088946294233,1.00037384834171,0.864070367129851
1104,0.842872688519627,9,0.839736373026821,0.834624038218656,0.824726893905012,0.817089657664771,0.864070367129851
1105,1.05288050541857,9,1.06604451141421,1.04430969014267,1.04125567601961,1.03496514153455,0.864070367129851
1106,1.00511917841704,9,1.02058166860453,1.00005477486613,1.00857860171559,1.00339387528315,0.864070367129851
1107,1.03778666828774,10,1.05713567839986,1.04350614874844,1.05946989295473,1.04726151683881,0.8261449522612
1108,0.996965221394496,11,1.01400321050718,1.00475891437799,1.04939674318734,1.03107324917063,0.833522304965176
1109,0.905768494038933,11,0.905004120693494,0.900618780565672,0.934741856193164,0.924965640602385,0.852075652796792
1110,0.954783595487108,11,0.959613038820236,0.959173428147251,0.983875312493644,0.971445352644122,0.852075652796792
1111,0.921627162290653,13,0.937824659722776,0.933900189661461,0.937527425337013,0.925871774618118,0.887236947423509
1112,1.04907958385911,13,1.06839027337048,1.06100450516635,1.07620300479051,1.06807248248368,0.887236947423509
1113,0.967369213943769,14,0.985069864306116,0.983792486823684,0.983654753824123,0.972152170097803,0.886159884171272
1114,1.05138447465173,14,1.06546236174674,1.07251935247536,1.06418173137449,1.05220082680162,0.886159884171272
1115,1.01410922612036,14,1.02805164396816,1.02869352179049,1.03024728850369,1.01794385391605,0.886159884171272
1116,0.990314816624188,14,1.00888497682167,1.00250311338795,1.00328480715401,0.994520503193921,0.886159884171272
1117,0.977921963013335,14,0.990928754703619,0.992707638162404,0.989976247354859,0.979652549972606,0.886159884171272
1118,1.05360129559899,13,1.06611267500652,1.06081825864739,1.07696142157225,1.06702644314262,0.887278323922183
1119,0.929490210491966,14,0.940612514407046,0.943508621827902,0.939572209269398,0.930165558202531,0.894119080463264
1120,1.00827896178593,15,1.03977509888308,1.04377716440065,1.02070867264426,1.00650305897724,0.890178360471822
1121,0.950811126130496,15,0.966420075375875,0.966552426475672,0.956752992171126,0.946865218514317,0.890178360471822
1122,0.99116865456189,14,1.00643162851645,1.00579975219891,0.995264513400525,0.980954022127998,0.877863634788987
1123,1.01396961995329,14,1.03386668502895,1.03000068724122,1.03028253081267,1.01104956587869,0.877863634788987
1124,1.00025880683469,14,1.0176367836656,1.01626176142621,1.00027687244037,0.986104539261157,0.877863634788987
1125,1.06297503241974,12,1.08128793928053,1.07695128622962,1.0911331104647,1.07734159391192,0.871233030125508
1126,0.886451383391986,12,0.90257078420397,0.901446116098438,0.904934054810181,0.892285751876108,0.871233030125508
1127,0.803360268805825,12,0.81438896786906,0.808756042027678,0.821630875065328,0.815353930734429,0.871233030125508
1128,0.982576157704336,12,0.99800214633223,1.00033486119434,1.00595478246085,0.992650253325466,0.871233030125508
1129,0.915631489732346,13,0.933953392159342,0.926554015944959,0.950819340110566,0.934294995476718,0.867618212625025
1130,1.01525183043857,13,1.02867817114901,1.03059403215663,1.03516447597292,1.02176819041698,0.867618212625025
1131,1.07666741600036,14,1.06623341356095,1.08895752899866,1.0938384932193,1.07963221424856,0.872067313036989
1132,1.01856001269235,15,1.02286896657316,1.03730724179762,1.02651428638279,1.01414637716074,0.886231856826297
1133,1.01690572463919,15,1.0093154017759,1.0302153710754,1.01789958419162,1.00516506903792,0.886231856826297
1134,0.996222635780308,15,0.988323964632254,1.00561533158827,1.01179408572274,1.00084931008582,0.886231856826297
1135,1.0742640736,16,1.06913730746985,1.08608815321908,1.08561007055798,1.07319666273089,0.88897867712759
1136,0.878592521460378,16,0.882105248705829,0.892056301355569,0.887857899167765,0.875211029481229,0.88897867712759
1137,1.08720770727366,16,1.07302401765703,1.10482735328095,1.08897118543706,1.07845001781454,0.88897867712759
1138,0.993757630440893,16,0.97360873216213,1.01003814711339,0.987110697540014,0.976237169513775,0.88897867712759
1139,1.06004937582571,16,1.03921280635148,1.07061687155236,1.05893105782533,1.05070098000687,0.88897867712759
1140,1.03386189506736,16,1.00655698446428,1.05093480856011,1.02031731995824,1.01439176477516,0.88897867712759
1141,1.05466936786131,16,1.02757316422556,1.07344841534953,1.04802668685731,1.03864208182077,0.88897867712759
1142,1.0420596555553,16,1.02074659542808,1.07141098793697,1.0513292581335,1.03899763718778,0.88897867712759
1143,0.998253884461485,16,0.991593579562968,1.01003873827128,1.00386929714033,0.994700022669511,0.88897867712759
1144,0.997757589652114,17,0.980862067351812,1.01252862227819,1.01602761652181,1.0050580030386,0.895419894268643
1145,1.05151985967024,17,1.03345474024134,1.07059046173581,1.05901107128326,1.04724481774031,0.895419894268643
1146,1.0123654999525,17,0.986668049228863,1.02527115587025,1.00477889918569,0.997355464893887,0.895419894268643
1147,1.09668380662657,17,1.07699309176969,1.11822822963167,1.07506009731497,1.06868550170049,0.895419894268643
1148,0.949326230362399,15,0.939219478067022,0.975592635743444,0.955019033189884,0.941989712052357,0.877116005034221
1149,0.951952934068602,15,0.949490190133861,0.971708749650416,0.962143124056093,0.954317557783297,0.877116005034221
1150,1.04273268328008,15,1.03675870274969,1.05545756412068,1.0645249982881,1.05865508434236,0.877116005034221
1151,0.917625897902522,15,0.913909299989964,0.932136479922002,0.936908837133635,0.930506298320965,0.877116005034221
1152,1.02490270069178,15,1.02048195650993,1.04041524521256,1.04515422835695,1.03842414836293,0.877116005034221
1153,0.973747316039407,15,0.971796990066352,0.987147816315782,0.992051492689844,0.98810848942741,0.877116005034221
1154,1.04203114229682,15,1.03907246473523,1.0596852746724,1.05309730139934,1.04994025867757,0.877116005034221
1155,1.05054814219892,14,1.0409767579554,1.07231871721807,1.0549411809161,1.04978247961461,0.879313457681375
1156,1.0686341753381,14,1.06760576750473,1.09414981196035,1.07202992487818,1.06657868217334,0.879313457681375
1157,0.856228608223364,13,0.855049446221738,0.87527400614628,0.888239721325358,0.880259380370236,0.866046711463978
1158,1.0102171380803,13,1.01983741119618,1.04322440105057,1.04771011283099,1.04036780342924,0.866046711463978
1159,0.955638234854505,11,0.959694423979332,0.968260237487725,0.962649660721975,0.9648031330087,0.836860326406236
1160,1.06884303386971,11,1.0773217034171,1.10188616032231,1.10365191321979,1.09392644832846,0.836860326406236
1161,1.04856459189926,11,1.04612624261357,1.06704673224512,1.07430245849011,1.06389178138901,0.836860326406236
1162,0.921335083121957,11,0.936749318593946,0.931044454428424,0.961345876757624,0.956258479020006,0.836860326406236
1163,1.04121826086368,11,1.04351015811632,1.06591968304663,1.07350565908173,1.06531222315919,0.836860326406236
1164,0.996405626217035,11,0.996716504628577,1.01836427980249,1.02516920776288,1.01861647267382,0.836860326406236
1165,0.941391268713313,11,0.946281768020215,0.95057554485827,0.968122854424863,0.964293225692038,0.836860326406236
1166,1.02527109026064,11,1.02371652153048,1.02447057701079,1.04513011349002,1.04680607627819,0.836860326406236
1167,1.0147314936912,11,1.01824179411198,1.02073661121483,1.05550605065876,1.05169975234102,0.836860326406236
1168,1.10324018309599,11,1.08429125238263,1.10980959252606,1.09474258798191,1.09117822214246,0.836860326406236
1169,1.05017443671516,11,1.05142454744161,1.07276527447898,1.07150187920441,1.06374632493035,0.836860326406236
1170,0.847632509248292,12,0.870290794112085,0.863192090988628,0.880402298701807,0.866377219409674,0.887502652246339
1171,0.883558914995141,12,0.905588016995905,0.892660068440369,0.920576668319015,0.913773021716131,0.887502652246339
1172,1.02816384842827,12,1.052388737144,1.0450144510183,1.06955027592712,1.06223707510325,0.887502652246339
1173,0.993762333752701,12,1.01300492059028,1.00808066461774,1.00457573200767,1.0001140055703,0.887502652246339
1174,1.01101420326154,12,1.02100489631809,1.02201783290578,1.03240264278433,1.02727877762139,0.887502652246339
1175,1.00555035796711,12,1.01788552177532,1.01991750952176,1.01545074873045,1.01601358615766,0.887502652246339
1176,0.926413737289291,12,0.940162028880762,0.935607916567761,0.963915339397607,0.957487218365032,0.887502652246339
1177,1.00606725724632,12,1.01298538909512,1.01957159204691,1.05054491508054,1.04198840091328,0.887502652246339
1178,0.920972011804548,12,0.927883676348189,0.934710971294572,0.967571811460325,0.961931810655279,0.887502652246339
1179,1.03813041119132,12,1.03962558004113,1.04998387967294,1.06718017842713,1.06358787714989,0.887502652246339
1180,0.970834829104437,12,0.979179831625085,0.981979305659694,1.00712880119035,1.00356797753642,0.887502652246339
1181,1.03340441388215,12,1.02877732700783,1.04717972656653,1.06521538943052,1.05986841811496,0.887502652246339
1182,0.967239090686389,12,0.964363368567277,0.973880619565978,0.995153447930526,0.989752144027734,0.887502652246339
1183,1.025394987985,12,1.02325566987482,1.03712671418531,1.06371691912766,1.05714248471412,0.887502652246339
1184,1.08191587855393,12,1.07830796389889,1.10136773121948,1.11068267311583,1.11478678325313,0.887502652246339
1185,1.01559180288061,12,1.00704435413732,1.02490729014851,1.03398018713872,1.03215990427449,0.887502652246339
1186,1.06743489567646,13,1.07570819985906,1.08313371727673,1.09421573756179,1.08725769439335,0.89204066528437
1187,0.970192120069651,13,0.959504516382899,0.974744251056262,0.985321830230834,0.981747019209362,0.89204066528437
1188,1.03108290999199,13,1.03256844595126,1.03824016012507,1.06774280687088,1.06599294689914,0.89204066528437
1189,1.0524113972661,13,1.04460971205185,1.05863766617181,1.07999772999908,1.08027507311257,0.89204066528437
1190,0.989973881546968,12,0.996315161195598,1.00106698461842,1.03808286222787,1.03423691948983,0.877181685928736
1191,0.952402266813907,12,0.964268451363921,0.965383220195591,0.991860993765692,0.987198937725587,0.877181685928736
1192,0.950147359673286,12,0.959353975142468,0.959887657474616,0.976925494468034,0.973318069369733,0.877181685928736
1193,0.995174952129065,12,1.00073880821095,1.00651964598251,1.04116640826014,1.03976456428197,0.877181685928736
1194,0.881748925754344,11,0.879343249499372,0.889184692490978,0.922657189326806,0.920095459218337,0.869996866194597
1195,0.894377807499012,11,0.893222051975209,0.902623648395855,0.93154701001981,0.92904129904918,0.869996866194597
1196,0.98232688214732,11,0.978801302600481,0.990838927726728,1.02421816686667,1.02336056685284,0.869996866194597
1197,1.00510370907361,11,0.995913313024889,1.01114078796066,1.03248466852502,1.03156169351352,0.869996866194597
1198,1.05456876442395,11,1.0355474509703,1.06689099463176,1.08901642571509,1.08900208376327,0.869996866194597
1199,1.01171662452958,11,0.995095796489852,1.01856779621531,1.04282328990137,1.04004472112708,0.869996866194597
1200,1.05237860585421,11,1.02671666537694,1.07127281533831,1.09494254045703,1.09562907317618,0.869996866194597
1201,1.08944125479799,11,1.05198086696674,1.09493951315155,1.13011858076927,1.12495131232192,0.869996866194597
1202,1.06545517346105,11,1.02967012914469,1.07413685505966,1.09468893428504,1.09270791083439,0.869996866194597
1203,1.06635014505312,11,1.0252289413197,1.07564517723771,1.10118538046078,1.09800705845849,0.869996866194597
1204,1.09159865584859,10,1.05519416630437,1.09708891816444,1.10667095662635,1.10168799036584,0.859760907452228
1205,1.05956960467578,10,1.02841201895035,1.06192940384136,1.07154930610753,1.07689970433986,0.859760907452228
1206,1.06928895522261,10,1.0352229203475,1.07359751949652,1.0769818634152,1.0775811703683,0.859760907452228
1207,1.05479629901201,10,1.0244148333032,1.06023895470936,1.06618184279001,1.06399372441221,0.859760907452228
1208,1.0865703075163,10,1.06274196544849,1.08318679994022,1.11091337565419,1.10976921667355,0.859760907452228
1209,0.958523436986384,10,0.929646170020056,0.968851250474626,0.981351481760676,0.978885587443082,0.859760907452228
1210,0.879492937739846,10,0.86480509766108,0.886928794389381,0.897183533129168,0.904908791521698,0.859760907452228
1211,0.968397051104973,10,0.948658738856751,0.976811963142699,0.997683060392712,0.997167783515958,0.859760907452228
1212,1.05977809645122,10,1.0373558302644,1.06757302610174,1.07893140058266,1.07903767220989,0.859760907452228
1213,0.983795025968445,7,0.966520369583964,0.989505031825702,1.03339278687765,1.03729581892641,0.857461979456348
1214,1.12873814865565,6,1.09989652072474,1.13023327379253,1.18946800130549,1.18908539850444,0.84107908520732
1215,0.908814146358809,6,0.892859285089614,0.925449795556634,0.926275954498133,0.93329488548439,0.84107908520732
1216,1.06239325760158,6,1.04156904766202,1.07447992726936,1.11338680844544,1.10888013688877,0.84107908520732
1217,1.03924702179345,5,1.01357135496397,1.02658890840535,1.11362029235908,1.10834215549943,0.804413687414513
1218,0.972423597374274,5,0.955499180249245,0.978085705406233,1.04787497104625,1.0414488375209,0.804413687414513
1219,1.12653977048564,5,1.08042040368987,1.11892969150457,1.15667006673385,1.15321019301616,0.804413687414513
1220,1.10354326192402,5,1.06325198382549,1.0966489218428,1.18310987559636,1.17926655595371,0.804413687414513
1221,1.06139542131485,5,1.03870357721993,1.06614575783601,1.13048553739916,1.13135811153399,0.804413687414513
1222,1.07935760427478,5,1.04709699777475,1.0818093155122,1.14728424314783,1.14521584952435,0.804413687414513
1223,0.938776439666841,5,0.932949848278782,0.942605692956538,1.00632407028927,1.00045130515447,0.804413687414513
1224,0.995607084516503,5,1.00035482825948,0.996047222016652,1.0525756534053,1.05495255188637,0.804413687414513
1225,1.02906459754522,5,1.04553684533075,1.04197414907666,1.09658643839057,1.0934103652657,0.804413687414513
1226,0.942975174648233,5,0.960503027516828,0.95443145133684,0.998619960246344,1.00027786069388,0.804413687414513
1227,0.975079873942511,5,0.996942330916282,0.984543780027945,1.03202932009504,1.03321535016974,0.804413687414513
1228,0.94657202655949,5,0.9560077684687,0.922292029907134,1.02543155684097,1.0273447203054,0.804413687414513
1229,0.900403533409619,5,0.942119240955257,0.907078644188519,0.977204070544656,0.981744958899861,0.804413687414513
1230,0.761223190142667,5,0.786632570612478,0.769131495590417,0.816579477035716,0.818478246020996,0.804413687414513
1231,0.962932386972625,5,1.01038910523024,0.976632718707891,1.02873038539266,1.02671990779828,0.804413687414513
1232,0.947376198672683,5,0.983789257515619,0.962214854264586,1.0349378431607,1.02247793425611,0.804413687414513
1233,0.955378809547965,5,0.981578433415375,0.970986008404038,1.02131598323923,1.0196190617768,0.804413687414513
1234,1.04590449210292,5,1.07096197417146,1.06290493346229,1.10996293716967,1.11467671158785,0.804413687414513
1235,1.03811300020419,5,1.07361527249762,1.05690323827272,1.08716388727778,1.09105492966777,0.804413687414513
1236,1.02948758898618,5,1.04789252297014,1.04873647675471,1.09689350336885,1.09419606080271,0.804413687414513
1237,1.01508250535798,5,1.0321788293404,1.08138955013539,1.0939583647977,1.10126630088681,0.804413687414513
1238,1.01579989817958,5,1.02798868670211,1.03665401833115,1.06947631108078,1.07473983385559,0.804413687414513
1239,1.00473894793551,5,1.01382392500777,1.02075350569778,1.02156270680184,1.03503059008249,0.804413687414513
1240,0.913999987262741,6,0.925122062090881,0.934547551959392,0.961048427569479,0.958887774551877,0.77693196439226
1241,0.998410844262957,6,1.01173975199907,1.02114153799725,1.04683465977561,1.04319939267072,0.77693196439226
1242,0.982082020820859,6,0.998861291147189,0.996056317339385,1.02571086029445,1.02365051372948,0.77693196439226
1243,0.971709150844296,6,0.987937386412565,0.968838667411929,1.0424889402352,1.04241616314491,0.77693196439226
1244,0.935264599022409,6,0.948356931585712,0.943457860415191,0.990085332150178,0.988960610786627,0.77693196439226
1245,0.98921809683885,6,1.00943327169268,0.993367989288254,1.07164195410668,1.0729922787321,0.77693196439226
1246,0.952986250745334,6,0.976655491029974,0.956104663800752,1.03830142536977,1.03702389710583,0.77693196439226
1247,1.03585130139966,6,1.06168777951132,1.04191786930821,1.1198240454224,1.11657709263695,0.77693196439226
1248,0.927425096812335,6,0.950460501087611,0.933309086216675,0.995880860885849,0.993682597873999,0.77693196439226
1249,0.982950534263844,5,0.987843126894361,1.00285278480283,1.01002580987501,1.00439394238572,0.687034697848691
1250,1.02788634261812,5,1.01666037206015,1.05700630823931,1.05090102184638,1.05020654028216,0.687034697848691
1251,1.06264530757534,3,1.04428356044638,1.06225146882302,1.11296565875301,1.11836799356259,0.703065693528383
1252,0.997463686294828,4,0.996604025978869,1.00427986452246,1.04196860859291,1.03467247795973,0.739604437492393
1253,1.02441978053143,4,1.02200756188289,1.02430953417243,1.0525243154558,1.04272364633896,0.739604437492393
1254,1.067181629987,4,1.03739947783446,1.04290481884951,1.11268547927127,1.10617593174146,0.739604437492393
1255,1.02011302453849,4,1.06156332526507,1.04367525238539,1.10371218059727,1.09996474920042,0.739604437492393
1256,0.859456175142315,4,0.855994003280587,0.864012656272659,0.891932295311749,0.878685886712555,0.739604437492393
1257,1.06511701030562,4,1.05694545870969,1.06426247454665,1.09294031744005,1.08644574302691,0.739604437492393
1258,0.916918724788914,4,0.921726278249074,0.929951488169498,0.920386984064319,0.888924641781439,0.739604437492393
1259,0.999934831573353,4,0.990523263114177,1.00359110856122,1.02666556674494,1.01975494966352,0.739604437492393
1260,0.978593935072989,4,0.950774718152221,0.965942968039942,1.03343352795496,1.02438728270514,0.739604437492393
1261,1.00903209778881,4,0.98959401900251,1.01252569256107,0.989311344739433,0.98135663342265,0.739604437492393
1262,1.01358305370541,4,1.03323880668063,1.02617205945558,1.02863346011722,1.01975460103605,0.739604437492393
1263,1.04076148407252,4,1.03067889875852,1.04339636745185,1.02758306291288,1.03903190441839,0.739604437492393
1264,0.969125990556325,4,0.979284431397909,0.989079527072645,0.963563330632656,0.954413687417494,0.739604437492393
1265,0.998434495947467,4,0.988095031864724,1.02565124181975,0.988766011194647,0.987254914531429,0.739604437492393
1266,1.04230633387759,4,1.0384497866061,1.04606790038003,1.07600914977976,1.08075388958603,0.739604437492393
1267,1.04513300900915,4,1.03712375273656,1.04628742752462,1.07656880675832,1.07486034316126,0.739604437492393
1268,1.09153130190323,4,1.08015911922173,1.08744441998959,1.11895940151299,1.11731871769105,0.739604437492393
1269,0.999788180674338,4,0.98550358704743,1.00129687490993,0.981775018219331,0.989750004392038,0.739604437492393
1270,1.00813561245048,4,1.00529811616324,1.00680837418022,1.02049922586516,1.0090404903543,0.739604437492393
1271,1.0481435969896,4,1.04742045852338,1.02111834136975,1.09565250294551,1.08939918847949,0.739604437492393
1272,0.937424547460864,4,0.92182933602817,0.93616853016978,0.988030025325751,0.984053961980287,0.739604437492393
1273,1.01054030354716,4,1.01228774195021,1.00033018434873,1.05167173095663,1.05015762937405,0.739604437492393
1274,0.874370794606883,3,0.881892991691409,0.866859478669885,0.906564897689469,0.90031239812515,0.660517669436221
1275,0.957196298214361,3,0.974432945195236,0.951983447210836,0.983843196079016,0.980107957701976,0.660517669436221
1276,1.00548696949109,3,0.971356794654738,0.999991016545303,0.967625331176943,0.974302635038727,0.660517669436221
1277,0.961383698530356,3,0.964178165939051,0.952268867129725,0.999534112523879,0.982489619630068,0.660517669436221
1278,0.998165429062224,3,1.00594285938285,0.990602989241823,1.00084605097509,0.987644769598247,0.660517669436221
1279,0.979453449070975,3,0.969607193065044,0.986764774508524,0.947206015859515,0.935442741315518,0.660517669436221
1280,1.06044819834796,3,1.05874261452151,1.04535769846724,1.11393562677706,1.11054294331283,0.660517669436221
1281,1.02475744031335,3,1.01143066394923,1.00348993454166,1.08840114267979,1.08254789755221,0.660517669436221
1282,1.0707309259736,3,1.04490565924329,1.04311087379235,1.1407665930248,1.1427815031311,0.660517669436221
1283,1.03919641637177,3,1.01772564363801,1.02901935840721,1.04265917072075,0.987717631924961,0.660517669436221
1284,1.02069255825004,3,1.00270105562433,0.996195905850792,1.01164934481879,1.03476568374367,0.660517669436221
1285,1.07786752171417,3,1.04685805918527,1.06775402737374,1.0888577131486,1.0868855718197,0.660517669436221
1286,1.04212978710612,2,1.02742840898861,1.03193884561005,1.0290476499303,1.02160508099114,0.518887868965758
1287,1.05307214052268,2,1.04005308060369,1.04269189783564,1.02647211360896,1.02116705597263,0.518887868965758
1288,0.923211521930407,2,0.913680284048297,0.914118236037711,0.905130282160339,0.895630020475518,0.518887868965758
1289,1.07906709308433,2,1.0689609388003,1.06805193303994,1.04740578858313,1.04161418759543,0.518887868965758
1290,0.949624839651171,2,0.941924641750803,0.939957754155728,0.922138875443892,0.916142459679983,0.518887868965758
1291,0.904745785279326,2,0.898800374264645,0.895673911084972,0.880819905277293,0.875015663047498,0.518887868965758
1292,0.959328584359309,2,0.94930291701733,0.949371363230135,0.932016692671723,0.93008370424998,0.518887868965758
1293,0.927592676615158,2,0.91753637935031,0.918115021848731,0.89144301427786,0.886171307374684,0.518887868965758
1294,0.995644842821295,2,0.981391870732757,0.985488303669788,0.964650749479556,0.965050787913342,0.518887868965758
1295,0.956463315256513,2,0.938557663233425,0.946757027619616,0.927151861193021,0.927970680318496,0.518887868965758
1296,1.05697672060726,2,1.03108200978468,1.04633811431096,1.02100978357377,1.02072903535927,0.518887868965758
1297,0.954724079152471,3,0.968826992389478,0.95062924332059,0.920304803187849,0.937025114249393,0.518495359202435
1298,1.01482765858138,3,1.0656485798728,1.01468441827559,1.05341760181246,1.04456211052742,0.518495359202435
1299,1.05370705180227,3,1.04970394395371,1.04840246327245,1.04101079876614,1.03680423832852,0.518495359202435
1300,1.00095079514153,3,1.00051272701696,0.995141764048918,0.989130582416202,0.983048245513853,0.518495359202435
1301,1.04639811415556,4,1.02410358507153,1.04370033702886,0.983858946504231,0.974892737305698,0.728656112795683
1302,0.996965972372429,4,0.979932704469293,0.993927509307667,0.948117215449406,0.941827784197222,0.728656112795683
1303,1.01504806076704,4,1.01495309440308,1.0224666553805,0.984323221464349,0.971258854650784,0.728656112795683
1304,0.998748990498432,4,0.980377995177977,0.997518306542534,0.97070355472288,0.955995569279557,0.728656112795683
1305,0.98557992016135,4,0.961196410981173,0.985055013320098,0.940562382317154,0.932676490358222,0.728656112795683
1306,1.08530198867218,4,1.0608427867942,1.08373079993935,1.0756951130916,1.0694988824829,0.728656112795683
1307,1.08377692050669,6,1.03834058432843,1.07505025397382,1.02467234661957,1.01108436992665,0.829238517393816
1308,1.06899707115673,8,1.03152461105483,1.06516238358941,1.06121809523054,1.04536740826971,0.854268468984167
1309,0.906638075492135,8,0.881581180017911,0.907855909220882,0.876499548727833,0.858405184114444,0.854268468984167
1310,1.00866958780857,8,0.986545587133781,1.00972155466799,0.973257302941153,0.964588224092801,0.854268468984167
1311,1.03075411675134,8,1.0001492670404,1.02576685057189,0.995988616746677,0.985640998551204,0.854268468984167
1312,1.04605587364799,9,1.03460117052043,1.04842971810687,1.02390720238512,1.01271267898168,0.871490026997302
1313,1.04066858361086,9,1.02798251736449,1.04477858524197,1.03264989905019,1.01798201253468,0.871490026997302
1314,0.997100208614749,9,1.00249038666071,1.00030114189387,0.991317332101579,0.982723600252387,0.871490026997302
1315,1.05274230901749,9,1.045378837567,1.05642696894544,1.0339625087464,1.02007501047418,0.871490026997302
1316,0.996590017734548,9,0.994684579505352,1.00550841206603,0.98009102295227,0.967315426567308,0.871490026997302
1317,0.960722350753295,10,0.965769432491361,0.968498683551514,0.937584696838847,0.926291458238565,0.897761598683623
1318,1.03673944579442,10,1.03665166314524,1.04330805519615,1.00950813727975,0.994520855055528,0.897761598683623
1319,1.02850020164824,10,1.03087204469868,1.03372368581813,0.997630565699246,0.982778620088801,0.897761598683623
1320,0.991844665710227,11,1.00687288887534,1.00516339377797,0.987980209474912,0.968394813555636,0.919740901973259
1321,1.00451901912062,13,1.03086978258954,1.01679106489991,0.995138144704036,0.978746100956951,0.925524742514909
1322,1.02287309682003,14,1.06267791348487,1.04583741683278,1.01237146253326,0.998126576257696,0.930402734270974
1323,0.788126343756272,15,0.819699855261776,0.802046088393914,0.774716872198422,0.760044224002827,0.935418911887721
1324,0.986194101238396,16,1.02945733459032,1.01826225434512,0.977858437435789,0.959427895594539,0.936195115535393
1325,0.973649771709219,17,1.02466926088799,1.01503613187933,0.932022090619539,0.917260003172997,0.941790166445715
1326,0.850232391318185,17,0.872906223693537,0.857285364116661,0.804146119279243,0.791917177114287,0.941790166445715
1327,1.02165356699209,17,1.05298256416411,1.03683713277895,0.977872402175027,0.964293992580224,0.941790166445715
1328,1.03978302520528,19,1.06637967468282,1.06153572886455,0.98979755966855,0.973480833920893,0.947448561555788
1329,0.952297183130723,19,0.978707219209559,0.972411570091161,0.905745344763536,0.891605594840023,0.947448561555788
1330,0.964050494358828,19,0.976475596845207,0.972146647183718,0.933633163375739,0.920666366592033,0.947448561555788
1331,1.0001319278742,19,1.02972184370712,1.01510739087989,0.964650248930111,0.95259159942945,0.947448561555788
1332,0.998393739112644,19,1.03348694072198,1.01091614041277,0.956658367067183,0.942965498219599,0.947448561555788
1333,0.918565064289205,21,0.934762398529752,0.931205085306846,0.881874285052168,0.862222963777498,0.950389469789658
1334,1.00835655439252,21,1.03030321540174,1.02462942296855,0.961168044195318,0.944581746010468,0.950389469789658
1335,1.03216620384016,21,1.05850753878621,1.05551393598965,0.986267227888294,0.971755185732653,0.950389469789658
1336,0.983878278903889,21,1.0085856950449,1.0021676008794,0.948778251007337,0.934316219375809,0.947652412307207
1337,0.9649774203932,21,0.992385152629758,0.994977741812467,0.939726061541091,0.924918293999663,0.947652412307207
1338,0.983874149290728,22,1.00379915567738,1.0110360337546,0.976907285118972,0.959780285155644,0.947327559615464
1339,0.837795917104339,23,0.851189076601175,0.858598645916379,0.836125088467492,0.820667694206019,0.9484196417824
1340,1.00607435947629,23,1.02758026501447,1.02556431253582,1.00554842510008,0.988796901048942,0.9484196417824
1341,0.957671864851467,23,0.969589613994945,0.97637477549752,0.951701084783631,0.936789544038295,0.9484196417824
1342,1.06993403001428,23,1.08315154609957,1.08905249485055,1.06509779215525,1.05139415584617,0.9484196417824
1343,1.07524445214521,23,1.09436684464483,1.09725387274217,1.07793264390562,1.06338266733257,0.9484196417824
1344,0.905242840428626,23,0.906737178513207,0.925615155257165,0.888138879182612,0.875501770725758,0.9484196417824
1345,0.97954419064302,23,0.982235904845902,0.999929509673883,0.969111263689954,0.954298810842576,0.9484196417824
1346,0.951120462817262,23,0.952142610981328,0.969920310377184,0.936028521133213,0.921275819560443,0.9484196417824
1347,1.04378718678153,23,1.03815747460479,1.05437421845315,1.02970694676468,1.01706169680213,0.9484196417824
1348,1.03890794467056,23,1.02588479656941,1.04319721455728,1.01749477617584,1.00549337750052,0.9484196417824
1349,1.04319584196447,23,1.03111135487522,1.0440443725788,1.02770124374098,1.01705176144072,0.9484196417824
1350,1.01012044620364,23,0.995463424093842,1.01511443249536,0.992187829557594,0.980478722189214,0.9484196417824
1351,1.03279228405798,23,1.01515530104033,1.0405399372602,1.01306486503708,0.998342031097649,0.9484196417824
1352,0.972661977622689,23,0.951709546010735,0.98277888001992,0.946256132084224,0.93632491919829,0.9484196417824
1353,1.0482594735583,23,1.03219241020672,1.05407343128752,1.03688793204624,1.0262970818894,0.9484196417824
1354,0.977735898357341,23,0.964727991830177,0.983403737952378,0.967226770145415,0.955876157546585,0.9484196417824
1355,0.946544446183335,25,0.933163482054275,0.953184070281363,0.930930084498165,0.919213615476673,0.948011593806073
1356,1.06871331256331,26,1.04847457839001,1.07343257542372,1.05224003739418,1.0373489448002,0.951328452584223
1357,1.03809823929761,26,1.01690103087822,1.04484015149906,1.01998745109322,1.01005109443294,0.951328452584223
1358,0.937489898675722,26,0.9235126633665,0.950892956909462,0.925198732802767,0.914829884197768,0.951328452584223
1359,1.05130975629865,26,1.03360280079288,1.0609005952036,1.03620883611492,1.02422587466283,0.951328452584223
1360,1.04136278995725,27,1.03372669473288,1.05616446713621,1.02976209169085,1.01723808306452,0.953256857764145
1361,1.08429349129734,28,1.07032626096982,1.09266363078104,1.06594072383016,1.05700295675543,0.953258075248088
1362,1.06804538350161,29,1.054324245146,1.07605307572675,1.05386301562002,1.04177271643441,0.955183364287596
1363,1.04167199592512,28,1.0352595901549,1.05438807691382,1.03006715029353,1.02258128434826,0.95510840102647
1364,0.969902189446328,26,0.960515428403022,0.997898465704323,0.968092479235852,0.957957073393986,0.954995126246639
1365,1.05793565298715,26,1.05580210623325,1.06464079879077,1.05300391560179,1.04485343756831,0.954995126246639
1366,1.0700626662878,26,1.07055964187887,1.07475516910635,1.06498003991257,1.05936367687482,0.954995126246639
1367,0.924359189680136,25,0.938823936047512,0.929421700818658,0.911983978998248,0.903466386618106,0.955240308691268
1368,1.00510266323297,25,1.02044745581652,1.01195903980352,1.00112336950858,0.993053347162411,0.955240308691268
1369,0.818071877369136,25,0.829935084024782,0.826724999865504,0.819404458533456,0.810840037124276,0.955240308691268
1370,0.900626294529291,25,0.912579119516858,0.901137500593862,0.89391228357554,0.885962660245668,0.955240308691268
1371,0.898838854503446,26,0.914794220216514,0.902756048851761,0.899914954182538,0.893002835676647,0.958026783686698
1372,0.974654376494039,27,0.990924126356223,0.981855891263222,0.969282392287308,0.960819742867287,0.957943702990583
1373,0.969392190821715,27,0.981858934352625,0.970440444609742,0.963051812612411,0.954977615627811,0.957943702990583
1374,1.0868730424146,28,1.10008563532905,1.09186235420245,1.07674572185874,1.06513554007895,0.959926928487129
1375,1.03258261701201,28,1.04144819225267,1.04420433872431,1.02356177510763,1.01594926561962,0.959926928487129
1376,1.07968961829362,29,1.09135634352285,1.08880382148757,1.07198088255875,1.06403665002422,0.961104548990102
1377,1.03671201551907,26,1.04100333558631,1.03993870101435,1.0376982233513,1.03002606596126,0.956237676091055
1378,0.989850048891163,26,0.999427416639112,1.00287386678371,0.992286499130714,0.986837335571041,0.956237676091055
1379,0.892260365879856,26,0.89056362460322,0.909952839153555,0.894295888430079,0.888309309568371,0.956237676091055
1380,0.976583851218492,26,0.988089829176288,0.99548647334554,0.979704021720593,0.974267552037594,0.956237676091055
1381,1.04567014128166,26,1.04685847153184,1.04809752695807,1.04385076885871,1.03893541307148,0.956237676091055
1382,0.967967444835685,26,0.967518237600609,0.964531268279305,0.96692460547657,0.961197794569092,0.956237676091055
1383,1.02400544584784,25,1.02071042389235,1.02560127641509,1.02388595802867,1.01958741779041,0.952609772528846
1384,1.00018704856573,24,1.00042312046142,1.00258333831156,1.00613515339764,1.00334877869095,0.949303279671756
1385,1.01591752013029,25,1.01084446892551,1.00846419334814,1.02525613431884,1.01674847881378,0.949668186045612
1386,0.964454004484255,24,0.962489288288617,0.967921088952491,0.965854636088555,0.959985404201485,0.945326492578681
1387,1.08117989992712,24,1.0697251284995,1.0797702004931,1.07571156024909,1.06937534929448,0.945326492578681
1388,0.924766616194601,25,0.924041341949592,0.927017166897001,0.921402770431136,0.917555036920981,0.946698662297927
1389,1.05339342642915,25,1.04525292485454,1.06125670685289,1.03909519613724,1.03225386338724,0.946698662297927
1390,1.0345548048812,26,1.03251562715923,1.04349074204211,1.02799710314611,1.02308339839847,0.948829702129603
1391,0.949952928686743,26,0.953200979815401,0.960347936452314,0.953620372786415,0.947725839938513,0.948829702129603
1392,0.94085545836822,25,0.937864695932983,0.943952302777874,0.947879617084414,0.942299858846675,0.945779489063702
1393,1.0651448289823,25,1.05038156091826,1.07650401601886,1.05548307562572,1.04968481093827,0.945779489063702
1394,0.925087801949104,25,0.922996512074021,0.930775815147313,0.933182094560753,0.929242636714501,0.945779489063702
1395,1.02114229215746,25,1.0131304802043,1.027677729004,1.02235111133706,1.01882635906395,0.945779489063702
1396,1.05448955681643,24,1.03362687836129,1.0583866497733,1.060657102361,1.05824089614508,0.944686209278171
1397,1.09464323925259,25,1.0718359917312,1.10354073171031,1.09546881110537,1.09449177001849,0.945794192895525
1398,1.04522918636295,24,1.01665998688711,1.05255348637633,1.04493521645134,1.03845780287138,0.941250091396743
1399,0.908627377359018,24,0.893132033225221,0.925799148956576,0.914332934517213,0.909209438551455,0.941250091396743
1400,1.05564494993954,24,1.0251351390755,1.06866043173885,1.05522914220972,1.05217769155505,0.941250091396743
1401,1.08227992743393,24,1.04998365456973,1.09987215406738,1.08468587431889,1.07947099531719,0.941250091396743
1402,0.981901836461173,24,0.954737394740877,0.994366170936327,0.983396023351395,0.979978910679982,0.941250091396743
1403,1.05478351958271,24,1.03103678978261,1.07502510032816,1.0599538819734,1.05927412263566,0.941250091396743
1404,1.04028474423059,24,1.00143197864003,1.04987081520414,1.04313008028585,1.04097330525077,0.941250091396743
1405,1.07661661283574,23,1.04074320008593,1.09708494965405,1.07794976842984,1.07779805203569,0.940385413187972
1406,1.03890399718592,22,1.01466629114512,1.05198772827347,1.05282453871971,1.04984109836042,0.934088494327716
1407,0.954853239967182,21,0.941381631524767,0.975674859474704,0.984365077313906,0.977161815430442,0.928505588311981
1408,1.08264929867067,21,1.05578288372199,1.10156600230649,1.09975226557849,1.09435311684321,0.928505588311981
1409,1.00845242148626,21,0.987025294557829,1.03124801526553,1.02842554559857,1.02436376632282,0.928505588311981
1410,0.988198444032189,17,0.971817838686932,0.994246861927599,0.99888510883546,0.993355932448102,0.912906425799797
1411,1.01294810526917,17,1.00007163846309,1.00747677809448,1.02981943242418,1.02339071172606,0.908829830255003
1412,1.012426046167,17,0.999773842698754,1.00908754465465,1.02990721262138,1.02457828974405,0.908829830255003
1413,1.01621288459851,16,1.00466043107946,1.01869412869853,1.03810657767374,1.03332516399762,0.901138730041183
1414,1.02273699044889,16,1.01846531617481,1.01719129640799,1.04426213944411,1.04194417340111,0.901138730041183
1415,1.0417243712234,15,1.03485090078071,1.03468382040431,1.06998028269945,1.06407684446644,0.899848099259741
1416,1.02346854707488,15,1.02136102648449,1.02272359949446,1.04267917801255,1.03948559327711,0.899848099259741
1417,0.916451195483272,14,0.919265582433391,0.91577826879892,0.933204639520882,0.934467280348515,0.89326823028759
1418,0.986548808344072,14,0.982296949658335,0.979970347725232,0.997618427106406,0.995543825138063,0.89326823028759
1419,1.00096379731066,14,0.999858615639733,0.998699397525208,1.02443679029139,1.02106567073374,0.89326823028759
1420,1.01416468617016,13,1.02565615275945,1.01252259781118,1.04302960222554,1.04142414033169,0.8806973774393
1421,1.00465493593143,13,1.02578879914061,1.0049734226617,1.03451109091988,1.03061181277641,0.8806973774393
1422,0.95510985745939,13,0.960230202711915,0.950925926896203,0.961782374627855,0.94950141902894,0.8806973774393
1423,0.973466414642252,13,0.988701073047556,0.96730819833498,0.982845226487245,0.977806521868108,0.8806973774393
1424,0.900743483325048,13,0.921310265464442,0.901882285491226,0.91158272820574,0.905067762845656,0.8806973774393
1425,1.02303078850922,13,1.03079285397168,1.018949554689,1.02391041702402,1.02908044286927,0.8806973774393
1426,0.957996052070982,13,0.969937632206708,0.956172772444874,0.982176666101162,0.977721708444038,0.8806973774393
1427,1.01335394524904,13,1.02546030403345,1.01420884260424,1.03755175250261,1.03286997660564,0.8806973774393
1428,0.948974334356558,13,0.958627230375325,0.948296436577752,0.974182087482213,0.971302830176565,0.8806973774393
1429,1.03709805817791,13,1.03433845988057,1.03042522000042,1.04955940984474,1.047218360883,0.8806973774393
1430,1.05015999192297,13,1.05266958528795,1.04760544024788,1.06805003356032,1.06677244980202,0.8806973774393
1431,1.01051677876744,13,1.0128909113604,1.00996146748089,1.02997591668406,1.02938890951865,0.8806973774393
1432,1.05221767104581,13,1.04383461636442,1.04531386122772,1.06200185402953,1.06296484376182,0.8806973774393
1433,0.925909994209859,13,0.927842795796341,0.926814914739522,0.948268132701623,0.947682406025674,0.8806973774393
1434,0.993686939640704,13,0.988385454678784,0.993614265066007,1.01717838511374,1.01491667520795,0.8806973774393
1435,1.01851256854214,12,0.999500297860075,1.01669621658549,1.02946997714912,1.03092689107836,0.873353015741413
1436,1.04744531854271,12,1.0246823446444,1.0480671130087,1.05989721965861,1.06133284280473,0.873353015741413
1437,1.01990526088442,12,0.9994125855821,1.01664592657424,1.02742303659976,1.0295180468373,0.873353015741413
1438,1.04898775474266,12,1.02155170351624,1.05015545554271,1.05937384864768,1.05682334622236,0.873353015741413
1439,1.04033311741411,12,0.999712385591618,1.03809102127817,1.04032178880351,1.04115936404412,0.873353015741413
1440,0.97294935987744,12,0.930226413098973,0.962919348254246,0.96241768577481,0.964466875382815,0.873353015741413
1441,1.04914867364592,11,1.01161522344433,1.05265316079913,1.02642570153853,1.02748496298498,0.872656123776108
1442,1.0965904326356,11,1.04054790499661,1.09153187457703,1.03948220049315,1.04002311678634,0.872656123776108
1443,1.09943881312119,10,1.06133058902822,1.09335883804788,1.06446584982453,1.06413031253152,0.871411870899479
1444,0.981819221634423,10,0.952319114284685,0.981641288897913,0.945639023193623,0.948108182140344,0.871411870899479
1445,1.06287594781837,10,1.01924784822684,1.05816438135118,1.01852620553768,1.01923937356299,0.871411870899479
1446,1.06256598105233,10,1.03237218108479,1.06274704468633,1.01975863005326,1.02342505204508,0.871411870899479
1447,1.06160755450571,10,1.03545468919675,1.06231194149571,1.01762425305898,1.01727278641557,0.871411870899479
1448,1.06218979133214,10,1.03949552656368,1.05191391282906,1.02150295943885,1.02433350808355,0.871411870899479
1449,1.06032303462955,9,1.04320119398966,1.05693635466726,0.993661602843638,0.996121012189619,0.858558857278193
1450,0.94005336811403,9,0.940706554145947,0.943154520048728,0.89301209086584,0.891972923507323,0.858558857278193
1451,0.901938266744012,9,0.906839542084463,0.902315806795075,0.855397894337522,0.857324112653446,0.858558857278193
1452,1.03605545480451,9,1.04143704920234,1.03295003075923,0.973855119151404,0.973732303813128,0.858558857278193
1453,0.909181786619271,9,0.919859045007254,0.912968669167488,0.860241998929621,0.866436981457154,0.858558857278193
1454,0.978300507744026,9,1.00523570059881,0.985624555845524,0.917379403183789,0.921414321007666,0.858558857278193
1455,0.938549898444463,9,0.962036722165216,0.941053949038056,0.878360365930883,0.88032937647419,0.858558857278193
1456,1.04717383295992,9,1.08023550709727,1.05075763218962,0.98154541912353,0.984877628437713,0.858558857278193
1457,0.934007292452923,9,0.961352210082133,0.928106739816411,0.873652693021174,0.879322804383584,0.858558857278193
1458,0.999337283227837,9,1.02768610876311,0.996223937957654,0.927846960910712,0.932248142827599,0.858558857278193
1459,0.972277931102328,9,1.00692733423282,0.976095992481394,0.904367979220021,0.90504695181413,0.858558857278193
1460,0.893556182997019,9,0.924265127190279,0.897226982111974,0.842089845108192,0.843218339653355,0.858558857278193
1461,0.985148745432495,9,1.02619309541938,0.991344328151719,0.925115037369513,0.927956324274093,0.858558857278193
1462,0.88540614934863,8,0.923650738603371,0.893119608437441,0.849601276363719,0.851261686200962,0.827941242636194
1463,1.011061690181,8,1.06123392281167,1.03104676108786,0.956334042454753,0.959044705774319,0.827941242636194
1464,1.03785665063119,8,1.08075106048567,1.04867128149101,0.979227578314217,0.978729794101349,0.827941242636194
1465,0.877857423323953,8,0.905375515594852,0.883432249699308,0.823993075368203,0.822568160308319,0.827941242636194
1466,0.858532375425918,7,0.881478995313623,0.868972731903345,0.819839838765197,0.82283163756506,0.785800002891523
1467,0.9960798894091,7,1.00857988440247,1.00378246513857,0.954088682403853,0.960308657393192,0.785800002891523
1468,0.947540990577442,6,0.968652115514577,0.962806843859602,0.895194382682713,0.899803027040368,0.758198091022462
1469,1.01927590999932,6,1.02654576911418,1.03036064513205,0.949261424121434,0.955108158078008,0.758198091022462
1470,1.05048191144376,7,1.05504321552796,1.06551638313145,1.02101914198653,1.0216739288974,0.770547279757775
1471,1.06382515589955,7,1.0581243296851,1.08329444262061,1.01949524323748,1.02205793278416,0.770547279757775
1472,1.0642428256504,7,1.04906339903933,1.07896352882483,1.01990561092457,1.02263414551468,0.770547279757775
1473,0.957723994904267,7,0.985332134073737,0.991933156928048,0.954775734249563,0.954735454499708,0.770547279757775
1474,1.11099140987096,7,1.06693621519558,1.11934761987156,1.06073146779445,1.06104413573221,0.770547279757775
1475,1.07861569563266,6,1.08758411160679,1.09433251964578,1.06858202094306,1.07181023015811,0.669828864773502
1476,1.01918347986577,7,1.00904572023293,1.03515834200082,1.02183262500416,1.01859116939433,0.692954686409973
1477,0.995466941363608,6,0.963899979089463,1.00280394662382,0.98916928855371,0.984280694957114,0.649724021082125
1478,1.03400990528242,6,1.01406429655149,1.07274956871455,1.05186395554436,1.06234593429788,0.649724021082125
1479,0.956650911529623,6,0.95514092251075,0.975373158970381,0.96139906981448,0.956993561007235,0.649724021082125
1480,0.871437240813803,6,0.869465388581903,0.884268980703136,0.895358548719982,0.9023413873592,0.649724021082125
1481,1.00124834017238,7,1.0127739831567,1.00931414061268,1.02045549751713,1.01709695543712,0.667070304148853
1482,0.928435415535812,7,0.937681920241005,0.935193813464406,0.926786360494903,0.917165108001717,0.667070304148853
1483,0.984345127227057,7,0.997189241997465,0.999632870790735,1.03015547849214,0.9950557317334,0.667070304148853
1484,1.04700180950042,7,1.05639709499276,1.07046084277531,1.06715463397619,1.06646544390641,0.667070304148853
1485,1.03522134321928,7,1.05868377999319,1.06030385570402,1.05325681548329,1.04940368245626,0.667070304148853
1486,0.958135337861741,7,0.975020668813543,0.974058479654778,0.959725537436436,0.963112347381666,0.667070304148853
1487,0.983824130556972,7,1.00584320443866,1.00025594785818,1.00366431725373,0.993981030629882,0.667070304148853
1488,1.03140886810011,7,1.06463081547903,1.05310746396971,1.03807055328021,1.03102372018086,0.667070304148853
1489,0.986167631405593,7,1.02067007216159,1.00082333647435,0.990675244713442,0.974596226747703,0.667070304148853
1490,1.01648069812169,7,1.04572115941477,1.04787259574197,1.05458621622828,1.05513984110087,0.667070304148853
1491,0.936717545776519,7,0.947380604270701,0.949336753934986,0.940452795411055,0.943332605415508,0.667070304148853
1492,0.815270650671397,7,0.823340376247663,0.834957913771732,0.82493400071731,0.820700855859648,0.667070304148853
1493,0.926919097203298,7,0.925822271276642,0.935577451685361,0.928404851337402,0.926260657101556,0.667070304148853
1494,1.02697023702477,7,1.02231805917171,1.04116072197372,1.03272059900712,1.02985224870307,0.667070304148853
1495,1.02532352233558,7,1.04269841580281,1.04776797522923,1.03619608782767,1.0469351678987,0.667070304148853
1496,1.04012758980429,8,1.04119640058108,1.06940468073669,1.04587005213269,1.04294533194833,0.597047133622627
1497,1.06538416593779,8,1.0565576555975,1.06569349466483,1.06424446932396,1.04669060026227,0.597047133622627
1498,0.989957608011502,8,0.979487869494192,1.01522581212879,0.984016668144979,0.979274397285087,0.597047133622627
1499,1.05682475543536,8,1.06788388698375,1.07622768859972,1.07295569284972,1.06766160817818,0.597047133622627
1500,0.980066921282673,8,0.978249663489138,0.990942957091382,0.978319527561061,0.972820749166707,0.597047133622627
1501,0.994799779749932,8,0.984838040302416,1.01083359569267,0.978916202016774,0.979507925911473,0.597047133622627
1502,0.998392215556873,8,1.01523852278049,1.03206234131016,1.01491438967848,1.00792331217935,0.597047133622627
1503,1.00373753970395,9,1.01933343857688,1.03017141812966,1.00786091437375,1.00788377747979,0.617701736818778
1504,1.05329140093259,9,1.05208354183148,1.07573773025266,1.05149499673628,1.05838459548605,0.617701736818778
1505,1.04816545401905,10,1.03635406193274,1.07231862844062,1.02163799958367,1.01181459932998,0.650471921263078
1506,1.06693483809029,10,1.05186500311606,1.07727699411998,1.0414061715647,1.04159819376409,0.650471921263078
1507,1.02803148002778,10,1.02576177777324,1.04069343764706,1.01717091759241,1.01314878819705,0.650471921263078
1508,0.923264162848157,12,0.946305164695511,0.947284478678148,0.916149569985115,0.905138273557243,0.701943506011923
1509,0.947707305137242,12,0.961727631117075,0.968712463355392,0.931179053379814,0.92487149045184,0.701943506011923
1510,0.970113704725538,13,1.00859005949545,1.00730176679291,0.966669150114207,0.955827286924088,0.658505431662136
1511,0.950286861251276,13,0.98463996706542,0.985302992448805,0.947214446135992,0.940053947788216,0.658505431662136
1512,1.01152861858997,12,1.03053009616204,1.0406749276193,1.00874619395528,0.998194224996489,0.724636150421407
1513,0.966040177488687,12,0.978819555837424,0.989578421280499,0.959619827747581,0.948525047258985,0.724636150421407
1514,0.980446824396369,12,0.997431087365739,1.00753105700263,0.975392899362247,0.96808842346663,0.724636150421407
1515,0.973527835054519,13,0.976844299989176,0.993986736979474,0.958339365837997,0.943383407901958,0.757720952503165
1516,0.982625086753173,14,0.998391568501707,1.00901758341346,0.980588309754386,0.967439356051189,0.789281353327187
1517,0.992608084256899,14,1.0020982804797,1.01320993490546,0.984162511639505,0.973539326768048,0.789281353327187
1518,0.915205871391554,14,0.921234220040618,0.934074749686627,0.907860746508885,0.899740193906169,0.789281353327187
1519,1.04123658438564,15,1.04723817122222,1.05778623462887,1.03123229713828,1.02330671012327,0.811232656804906
1520,1.00326746591203,15,1.00807100175843,1.02003392875218,0.990408665616351,0.9799376548203,0.811232656804906
1521,1.03563390426144,15,1.03835234409091,1.04851034321577,1.02411882999593,1.01000507649663,0.811232656804906
1522,0.982190733924349,15,0.987430290036815,0.997255614726827,0.97053862102697,0.961158843701183,0.811232656804906
1523,1.04237656232545,15,1.0435404958409,1.05560976705241,1.00635168259929,0.993696829915372,0.811232656804906
1524,1.01367836601493,14,1.01511105462522,1.03152079748216,1.00910313536766,1.00074631842784,0.790156189704675
1525,1.04540882082108,14,1.04163802823973,1.05633740497638,1.04357840075383,1.03370849178973,0.790156189704675
1526,0.934332305387828,14,0.935032890877901,0.95240142630601,0.933420486252627,0.923144239868113,0.790156189704675
1527,1.06712990751147,14,1.05673177950218,1.07242980416267,1.06458100385897,1.05445900968339,0.790156189704675
1528,0.959640389681314,14,0.962892951990189,0.974181751540718,0.956834267603846,0.942868152118036,0.790156189704675
1529,1.03400004408304,14,1.02140194146165,1.04660475544955,1.02793792550814,1.02268275616554,0.790156189704675
1530,0.9677087033858,13,0.966608410873332,0.981031632168092,0.969392527653394,0.960187713707747,0.756661447459346
1531,0.994910099628499,13,1.012571058758,1.01813333724326,1.00883159775653,1.00243244842577,0.756661447459346
1532,0.986828209579912,13,0.980756414356397,0.994355991958351,0.99093250239506,0.981293987726905,0.756661447459346
1533,1.02233955339221,14,1.0136730103509,1.03488206697136,1.01799077628489,1.00161995901998,0.743131064800707
1534,1.00176258157243,15,1.00253609912368,1.02464400584051,0.987761410132808,0.975659655657681,0.748478751530115
1535,0.99616019696891,15,0.984078020117086,1.01412655346504,0.981668557784944,0.972661127279423,0.748478751530115
1536,1.04503258220534,15,1.04043526327017,1.05716154796108,1.02245491817725,1.01812014429448,0.748478751530115
1537,1.05399949306784,16,1.06100393366848,1.07711680693039,1.03820264122049,1.03050192324543,0.764512603084648
1538,0.920779430937422,16,0.940707302461371,0.946376874330549,0.916246783038632,0.907568410477223,0.764512603084648
1539,0.988393325909917,16,0.991713780918068,0.998375133077024,0.975991465479653,0.964706493654104,0.764512603084648
1540,0.964364067797793,16,0.969890946598312,0.97967895151786,0.942689178381348,0.934886811995558,0.764512603084648
1541,0.999768305150389,16,1.0007234852971,1.02071465039162,0.981427690055724,0.96590849902293,0.764512603084648
1542,0.948634674456866,16,0.954213661580673,0.9628657013339,0.933167643488118,0.922836888295716,0.764512603084648
1543,0.994021589322828,16,1.00585340725432,1.01060364678071,0.956173999345433,0.949689787679724,0.764512603084648
1544,0.984717224989079,15,0.988167307506293,0.999880303051457,0.970733742349207,0.962096252443645,0.740350359041056
1545,1.02574225405026,16,1.03414115047963,1.04634836943658,1.00787951467423,1.00391630186694,0.770074582413274
1546,1.03525609612873,15,1.0468069769472,1.02708291649104,1.00958191272889,0.999941876711852,0.782457622513494
1547,1.00552160936501,15,0.98736092855191,1.00751098097972,0.964708286050419,0.954689755982319,0.782457622513494
1548,1.00497803553479,16,1.00489767608737,1.00252287947138,0.96076412960798,0.954151308005996,0.785101889779565
1549,1.00176729118584,16,1.02668632333319,1.00978337425028,0.951860474434236,0.943697054566517,0.785101889779565
1550,1.03228030371756,16,1.02903627506609,1.03876887119302,0.984628031771006,0.976260990897306,0.785101889779565
1551,1.03899697936772,16,1.03450738985388,1.04246400159004,0.990047131690906,0.981129576539156,0.785101889779565
1552,1.04165062345326,16,1.03967006953666,1.05052398047254,0.98006032481142,0.97326481544322,0.785101889779565
1553,0.94820121233142,15,0.942409767675036,0.954728053806812,0.893818862135651,0.883596801387975,0.793832255446722
1554,0.897708252362907,15,0.893595503763254,0.902010814154922,0.851026102446523,0.841979689677808,0.793832255446722
1555,1.02470826914816,15,1.01649766382218,1.03020478188394,0.970696561799548,0.967738468564634,0.793832255446722
1556,0.998697414088823,15,0.988171025196233,1.00690285544856,0.9277045042316,0.907915673661842,0.793832255446722
1557,1.02122014215606,15,1.0122518151478,1.02206278771064,0.966226461292734,0.956854542064589,0.793832255446722
1558,0.994373768002107,15,0.996687769228843,0.992919624568242,0.941995552155353,0.935453180171754,0.793832255446722
1559,1.0295471934824,15,1.02289860123078,1.03821857666051,0.967545204992837,0.962717465099074,0.793832255446722
1560,1.0311164102936,14,1.0139628496106,1.0374088101173,0.972022424222925,0.963899652575622,0.775168247297395
1561,1.02495313874129,15,1.00922200519596,1.03102459714438,0.960432690965287,0.953494591630781,0.806504268171593
1562,1.02456945779186,14,1.01492013601263,1.03133782229001,0.942398742417487,0.936365419657268,0.818679984795213
1563,0.928704109231862,14,0.917928021761299,0.937173411515927,0.855683267828552,0.853453402815174,0.818679984795213
1564,0.975428288923882,14,0.968443622035172,0.978100706079799,0.891563311799201,0.885891486983352,0.818679984795213
1565,1.06848195171,12,1.06229452676305,1.06941009966413,0.983843076350543,0.976787604617962,0.816874365069913
1566,1.02742771599504,12,1.00013727822192,1.01469021172979,0.961450463916638,0.955066137428551,0.816874365069913
1567,1.0122583981354,10,0.99626353698636,1.00615168975733,0.963125435113788,0.956878976839388,0.812733876512422
1568,1.04596904272825,11,1.03016864335028,1.05970783582725,0.994282936720413,0.984605359335567,0.846332226552649
1569,0.992821805291191,10,0.966251175349112,0.993011976947361,0.951012211290588,0.943365475802485,0.860823783129587
1570,1.15339967673377,10,1.11715478655894,1.15365813158892,1.09858321126926,1.08989191536623,0.860823783129587
1571,1.04345308459683,10,1.01258617295571,1.04308516665021,1.00458397486961,0.996892471956115,0.860823783129587
1572,0.983095250830267,10,0.958132289227546,0.984172119859755,0.939512971031711,0.934952697455575,0.860823783129587
1573,0.907666715900101,10,0.8907830936784,0.908107017523919,0.875788069735708,0.871070322930279,0.860823783129587
1574,1.04903353868849,9,1.01838539204482,1.05136690246392,0.995571097710636,0.989896745934065,0.839411724804523
1575,1.07643509744526,9,1.05957924495118,1.0885571483925,1.0215930940596,1.01596233431434,0.839411724804523
1576,0.951713484803174,9,0.931496895049211,0.955266725024962,0.901968003391054,0.894747604390124,0.839411724804523
1577,1.01093355359612,9,0.986180960102895,1.00768861048822,0.95919787490086,0.959563805593299,0.839411724804523
1578,1.0270763573509,9,1.00659796684037,1.03031032677852,0.932023463101699,0.953553334756919,0.839411724804523
1579,1.01130993838354,9,0.995078524541344,1.01499609437273,0.959658805627031,0.953208781823431,0.839411724804523
1580,1.03325887051976,9,0.998652872688656,1.02853924183818,0.965009186323236,0.960621397658716,0.839411724804523
1581,1.04523068443165,9,1.03698222786639,1.05567075881619,0.987695814355876,0.974520723375039,0.839411724804523
1582,1.02311110289357,9,1.00050912088281,1.01564380856886,0.958794841508658,0.956642503034406,0.839411724804523
1583,0.994596926062098,9,1.03301433586482,1.02205172719213,0.975400032282669,0.970305872625597,0.839411724804523
1584,1.05256202969922,9,1.0396722213028,1.0474451042636,1.00721877472576,0.994371068414765,0.839411724804523
1585,1.01829000427959,9,1.01818498513441,0.997270669407464,0.953691162769457,0.957520888592393,0.839411724804523
1586,0.989472391412963,9,0.993868781497228,0.994117898687149,0.935680749322735,0.928932407947473,0.796938131409407
1587,0.947563548109249,9,0.959123257736188,0.951878855860196,0.893197320528873,0.886114367140885,0.796938131409407
1588,0.973343392853196,9,0.984698387585976,0.978470594367428,0.920413509347843,0.915573083460097,0.796938131409407
1589,1.07157030309559,8,1.08959590924796,1.06696626241142,0.992650411606784,0.987683504237918,0.837969367208763
1590,0.900032548444222,8,0.91834953804015,0.905843122272179,0.833499097145586,0.829961908364218,0.837969367208763
1591,1.0290540840511,8,1.06214989929496,1.0351203281084,0.96107539500613,0.956822872848813,0.837969367208763
1592,1.06687440374827,7,1.09900984678002,1.08517016845202,1.00620795138876,1.0085326570563,0.821699441861371
1593,0.601598897388823,6,0.620914842631446,0.612000124361556,0.570782831285309,0.565026013751662,0.834706192919586
1594,1.00416251570372,6,1.04877691702257,1.02204827884851,0.932017195601733,0.926178082184608,0.834706192919586
1595,0.951808775793765,6,1.00363927815304,0.985689557708098,0.882123429834007,0.877390218173377,0.834706192919586
1596,1.0287277612577,6,1.06532105404966,1.03914294573234,0.95041694006962,0.94709270644603,0.834706192919586
1597,0.886146167451561,6,0.916526227351099,0.888909673846617,0.827073468067925,0.819679261450291,0.834706192919586
1598,0.980955561321951,6,1.01590104620619,1.0015110736034,0.922266087856174,0.929788076868645,0.834706192919586
1599,0.978615511448624,6,1.01600519293289,0.98953850839857,0.916818662409575,0.907671499152887,0.834706192919586
1600,1.08478280043019,6,1.12738170481824,1.10199958009495,1.01033468158567,1.00255793715354,0.834706192919586
1601,0.985531718853666,5,1.0432875932363,1.01161232485853,0.887896426375632,0.885239287363827,0.801677704756586
1602,0.941017500173752,5,0.970737636528355,0.965350085863146,0.897253129674797,0.883868141318698,0.834890229736803
1603,0.930601382870768,6,0.957736246545786,0.94552708044545,0.896869940535436,0.879234040956308,0.860873252649162
1604,1.03996128290008,6,1.06731970479938,1.05640916753338,1.00154511076342,0.990272534233296,0.860873252649162
1605,0.955420172674669,6,0.97778885273121,0.971736815448923,0.92508226327484,0.913368167177595,0.860873252649162
1606,0.951957228780278,6,0.975199405259737,0.965768807638028,0.919044042710985,0.909168403826831,0.860873252649162
1607,1.00910578998076,8,1.04638136899527,1.0257674608257,0.976487003471696,0.960462977158691,0.835557817997161
1608,0.88973348647466,8,0.910865182464276,0.902658744636929,0.8642671225031,0.854991380808188,0.835557817997161
1609,0.83095502549099,8,0.845176047828639,0.84362091069346,0.804061194867114,0.794507094204525,0.835557817997161
1610,1.01578228031317,8,1.02820254146212,1.03404565203962,0.977705949345557,0.967268877163931,0.835557817997161
1611,0.967109137260793,8,0.940700540117215,0.965191686990941,0.910354536891397,0.900577357576964,0.835557817997161
1612,1.10029620973686,8,1.06897990308455,1.10501233972911,1.03044302864773,1.02149714882023,0.835557817997161
1613,1.05672100145284,8,1.03566221290218,1.07889662389833,1.01085205758209,0.995215643837887,0.835557817997161
1614,1.09839126931845,8,1.06187555012185,1.10966690975337,1.05169319003898,1.03987811547697,0.835557817997161
1615,1.08710118273635,8,1.06997682343168,1.09684127198809,1.05615025794644,1.04122293992354,0.835557817997161
1616,1.10945119833556,8,1.08870511552516,1.11854148969537,1.09796358233195,1.08586513869626,0.835557817997161
1617,1.06441973488418,8,1.0299406702518,1.0751024805961,1.03893583547035,1.03205512069446,0.835557817997161
1618,1.06121772856903,8,1.00821592646996,1.07349667259485,1.01321332670509,1.00267650684404,0.835557817997161
1619,0.939698418565384,7,0.915250906195196,0.947000913756615,0.912530674209748,0.903236135839919,0.812721132864872
1620,0.849012861149263,7,0.819581724017528,0.866487591364431,0.798216562099459,0.793553962175012,0.812721132864872
1621,1.01044364101727,7,0.984857690140901,1.02080801829831,0.977791964386431,0.971528023906436,0.812721132864872
1622,1.08311569900513,7,1.04423409245699,1.09085441962642,1.0372487445598,1.02768936146883,0.812721132864872
1623,1.10940722909878,7,1.08902330301692,1.14043847639677,1.0579359465476,1.0346136312117,0.812721132864872
1624,0.943589038303323,7,0.916793350357515,0.941721888537821,0.884353708530113,0.874947454053864,0.812721132864872
1625,1.15430643338469,7,1.12045470881202,1.13894575094426,1.06337803713023,1.05260076840826,0.812721132864872
1626,1.1326412106036,7,1.10451613445238,1.14208365349797,1.08319511128983,1.07780875497869,0.812721132864872
1627,0.981353764346657,7,0.964634473427875,0.986416368834195,0.910100283217246,0.916955208374215,0.812721132864872
1628,1.06849671608399,7,1.05038017655151,1.08188562329733,1.02775051694923,1.02157936503957,0.812721132864872
1629,0.920273571848948,5,0.902170904657157,0.947144999346061,0.861664321752241,0.84035246913234,0.707511644437168
1630,0.931964885983879,5,0.946034836696719,0.936653975650379,0.878399932535055,0.872603731720206,0.707511644437168
1631,0.998683281947906,5,0.982045443243215,1.01083301408659,0.93935981022286,0.933589847408551,0.707511644437168
1632,1.0516324430239,5,1.03635807109563,1.09142090055292,0.977200202522173,0.969924608643975,0.707511644437168
1633,0.905933159573812,4,0.919755945711193,0.908103051001564,0.845649780459066,0.837875016596314,0.610414111456414
1634,0.854493498937576,4,0.864535758281903,0.854716656848861,0.834060580729943,0.822814579982526,0.610414111456414
1635,1.01594700513156,4,1.03578183478228,1.01740454191956,0.922426971807535,0.921190809642579,0.610414111456414
1636,1.08991086226884,4,1.09094111383342,1.09133698804919,1.00264410410756,0.991214470976278,0.610414111456414
1637,1.09524623502471,4,1.13823107230107,1.09972395276119,1.0072378751372,1.0032886484351,0.610414111456414
1638,0.848085527102298,4,0.862636539792289,0.849612435449313,0.76315599454524,0.756045417937928,0.610414111456414
1639,1.04243529040489,4,1.06754413154178,1.04063785799371,0.938305375834224,0.92589995020956,0.610414111456414
1640,1.00941720582593,4,1.04390440276235,1.01303651841085,0.922492026911523,0.919033365874114,0.610414111456414
1641,0.862239693121267,4,0.890778749975584,0.864143349032246,0.790550544597526,0.783684103764427,0.610414111456414
1642,0.911812034264599,4,0.940640248166223,0.917127654909147,0.823641530962918,0.821242181722459,0.610414111456414
1643,0.915027341836817,4,0.941056605874118,0.913051994827465,0.845775563587591,0.837976604258985,0.610414111456414
1644,0.90733430298874,4,0.933408148955443,0.914916010758919,0.828031296712089,0.821091980705288,0.610414111456414
1645,0.995660740644407,4,1.02353283427302,1.00307628720917,0.904399709505183,0.89936929080263,0.610414111456414
1646,0.945576045305408,4,0.966353728393804,0.953560057385627,0.854962645369218,0.849612303472624,0.610414111456414
1647,1.05804926956982,4,1.09486646037707,1.06552418715926,0.952569538897558,0.951478367990898,0.610414111456414
1648,0.998893655633118,3,1.02666633799675,1.00732469039086,0.830615438055952,0.822915579136568,0.487802888085534
1649,0.920180214145487,4,0.945607167321707,0.940285605689517,0.877723577940531,0.867449177602397,0.616332011209521
1650,1.00560778054133,4,1.04419631128147,1.02975361750487,0.948868783712862,0.943889725956373,0.616332011209521
1651,0.96953831965141,4,0.999155403925101,1.01551890930649,0.926307593971146,0.92467478555772,0.616332011209521
1652,1.06322163462636,4,1.05626912896234,1.08490525872556,1.00668996544461,1.00197190956306,0.616332011209521
1653,0.994186552366094,4,0.990860927810243,1.01842756079549,0.919384424690107,0.919324505907385,0.616332011209521
1654,0.96425508178933,3,0.960397915400862,0.989557039298363,0.887902175473346,0.882607504025243,0.712329238283214
1655,0.954057912257629,3,1.00343115096105,0.988744447829693,0.908959703406146,0.902773115770722,0.712329238283214
1656,1.04611494930025,3,1.09000140380213,1.10678369231387,1.02259433474294,1.02513811574352,0.712329238283214
1657,0.870196776147389,3,0.883013300367584,0.888390500423883,0.768728287302,0.777397162952695,0.712329238283214
1658,0.96016916910219,3,0.999501510039782,1.00645062517065,0.93827528942155,0.934209726850445,0.712329238283214
1659,1.01607880836512,3,0.988517621886166,1.03952132341492,0.932462146790265,0.928126699427368,0.712329238283214
1660,1.0488685803931,3,0.9946057548645,1.06837331477175,0.989139729900254,1.01256365721758,0.712329238283214
1661,1.07352970064085,2,1.05675554631805,1.10020851631654,1.05422935459391,1.04522162097168,0.6389321279831
1662,1.00464449904375,2,0.986963303408667,1.02829577987993,0.990915615766332,0.977124168362773,0.6389321279831
1663,1.09208497913699,3,1.03179081404858,1.04586938897981,1.0502799324157,1.00663881068138,0.685369779359051
1664,1.05285931168621,3,0.989924034213039,1.04860090756432,1.01821508027739,1.0057314922788,0.685369779359051
1665,1.03994588909568,3,1.03173741256165,1.04821271209336,1.11549887132029,1.08511118958762,0.685369779359051
1666,1.08141697829411,3,1.02982112590967,1.1151555174292,1.05226821123044,1.0351977324796,0.685369779359051
1667,1.09306016677094,4,1.01178600073355,1.08221334147296,1.0798528592765,1.05882101258574,0.688373573927558
1668,1.05439941229407,5,1.01991231864717,1.06015524003976,1.01843090288238,1.0007810929263,0.746099846072583
1669,1.03207794512731,5,0.980713461622345,1.03190954477839,1.01044729534075,0.99067009804825,0.746099846072583
1670,0.982804859517804,5,0.939611517575385,0.983464349900228,0.968733585162423,0.982693799837043,0.746099846072583
1671,0.992100074158904,6,0.955358187639779,0.994376754392994,0.992612975298736,0.977244763346901,0.803793425533835
1672,0.982486475275942,6,1.00468739496449,1.009392108912,1.01357959047774,1.00368558153462,0.803793425533835
1673,1.12630256238286,6,1.11662389061733,1.13087499841129,1.11765531369994,1.10694036028741,0.803793425533835
1674,0.988860970947922,6,0.985972391668249,0.994588859568183,0.982630962570333,0.971044338112998,0.803793425533835
1675,1.05245170639703,6,1.05381888848745,1.06127002886716,1.04135960525347,1.01570575485626,0.803793425533835
1676,0.982945606144928,6,0.986631382643863,0.998950707213228,0.950342426845203,0.937886786271047,0.803793425533835
1677,1.02468851680443,6,1.04023820349641,1.03623952537967,1.01645093604803,1.00411458011522,0.803793425533835
1678,0.963232740106599,7,0.994751180628853,0.977663552876841,0.963870761452558,0.945253527649345,0.814202389232985
1679,0.866911973240055,6,0.90026537804472,0.880364071018777,0.927860188651436,0.903501417690233,0.757174210723314
1680,0.886440963728074,6,0.91824801450545,0.897137026781641,0.90780196854717,0.889717719954367,0.757174210723314
1681,0.929425026527135,6,0.974337041956602,0.950846900281169,0.887572528470344,0.891924446905141,0.757174210723314
1682,0.986171071790164,7,0.990408131600353,0.980651188183391,0.995800703460303,0.980180480337665,0.812775570955386
1683,0.980726605820661,7,1.0000216560214,0.990789715707703,1.01297402569532,0.99597390466348,0.812775570955386
1684,0.944669919480247,7,0.968321160104021,0.957985588170301,0.985343346826856,0.965991987748078,0.812775570955386
1685,1.03461985844497,7,1.05936525743153,1.04697262165551,1.08082692004508,1.06208525856813,0.812775570955386
1686,0.951812969585623,8,0.96227657013178,0.976421320315743,0.965956093181224,0.948686553826325,0.835064434821881
1687,1.0297122780831,8,1.04406836067309,1.05959699942302,1.04588383605632,1.02862475714572,0.835064434821881
1688,0.92869513106199,10,0.909380753658273,0.91529680275328,0.899067089086373,0.881281922646994,0.872516439051635
1689,1.12457191255315,10,1.10599753948981,1.12860956879177,1.11134141711258,1.09500979704846,0.872516439051635
1690,1.03103256725215,10,1.03108676960978,1.05156314181468,1.03570585916539,1.01807911761896,0.872516439051635
1691,1.07389840428269,10,1.0766692644966,1.08832191621578,1.07354814110284,1.05906622779213,0.872516439051635
1692,1.0275359106394,10,1.04372405094392,1.04996377565552,1.03152256457634,1.01764762209506,0.872516439051635
1693,1.00155190394114,11,1.02951750803485,1.02842135758871,1.02636696296859,1.01175592708035,0.874165366827025
1694,0.925262090535132,11,0.982916851071104,0.952758914284797,0.963770594538468,0.947517433651747,0.874165366827025
1695,0.97225059310825,12,1.0064640976542,1.00080270144907,0.998179097417244,0.982148316601495,0.879582159154515
1696,0.973383404916919,12,1.01998655646905,1.00506862547373,0.993626239421438,0.979256452910515,0.879582159154515
1697,0.934064231326822,12,0.970947062234517,0.953674485052388,0.949019579892964,0.935319674215569,0.879582159154515
1698,0.906292049413968,14,0.926572864562705,0.919662380763397,0.900475389437762,0.886244168886625,0.900142970542675
1699,0.955469549895423,14,0.985652674890746,0.976786369087096,0.961976895593465,0.946341561791669,0.900142970542675
1700,0.83389127505296,14,0.85957979718288,0.848546793940725,0.842987898452412,0.830513163553769,0.900142970542675
1701,1.03917036452398,14,1.04754425642287,1.04781331191769,1.03812645073486,1.02299066884432,0.900142970542675
1702,0.951335430231186,14,0.97274097140687,0.968113598101401,0.958960374779708,0.946559385892069,0.900142970542675
1703,1.02986538693516,14,1.05015834768745,1.04684425634824,1.0270413168889,1.01339834605501,0.900142970542675
1704,1.05547109365781,14,1.06552997449765,1.0681359955863,1.04508236965815,1.02908172044014,0.900142970542675
1705,1.0223082721623,14,1.03124999774606,1.03458550979036,1.01129395666261,0.996247728316587,0.900142970542675
1706,1.05180709598934,14,1.06914950868856,1.07156790531587,1.04156377462892,1.02936379820952,0.900142970542675
1707,1.02834342152931,14,1.05646826946262,1.04634985036598,1.02516220556856,1.01382955608897,0.900142970542675
1708,0.901729960826907,13,0.924125696293041,0.917832491229213,0.905788296017661,0.895155330410209,0.888861366157646
1709,0.960146451732232,13,0.982358345515067,0.979951272267085,0.971858625238058,0.959155103951697,0.888861366157646
1710,0.991649068476327,13,1.02630635617542,1.01278877264571,1.00335189818788,0.990517602210175,0.888861366157646
1711,0.967343692754225,13,0.976997988648008,0.974720726830709,0.965318220405725,0.953365994342457,0.888861366157646
1712,0.962781273556595,13,0.983493585400061,0.975467043894784,0.956558544199003,0.947974012332723,0.888861366157646
1713,0.964174624593639,13,0.98457124048292,0.978221813544368,0.963755627284501,0.953977276290238,0.888861366157646
1714,0.93024371450078,13,0.950016683986769,0.942823966905872,0.933515822238127,0.922871573138808,0.888861366157646
1715,1.0101756283572,13,1.02973200825983,1.02906476262522,1.00519196331457,0.993772423801655,0.888861366157646
1716,0.912089635924736,13,0.919084293388584,0.927722706541114,0.899423092525793,0.893166867564975,0.888861366157646
1717,1.02495483912082,13,1.04143873945672,1.0481054750364,1.01680700713979,1.00847305310084,0.888861366157646
1718,0.968509853495225,13,0.981066003008999,0.983243936394173,0.962040595596451,0.955513016448432,0.888861366157646
1719,0.946260587596073,13,0.958157868940624,0.96490182831287,0.932875135184468,0.925642630417825,0.888861366157646
1720,1.03090676764695,12,1.04886867966777,1.05733723762449,1.03762751065427,1.02865430224764,0.870254805448178
1721,1.03560816682556,12,1.04103076135761,1.05524481242566,1.03358259531947,1.02899458918112,0.870254805448178
1722,1.05718733232988,12,1.05567915521502,1.07538613909042,1.04458477038912,1.04210306610705,0.870254805448178
1723,0.950181122332657,12,0.952502000660643,0.972112976096684,0.944572965009826,0.938934958728637,0.870254805448178
1724,1.0233807159601,12,1.01609195700418,1.04222994961969,1.01653921162328,1.01005372369452,0.870254805448178
1725,1.05418554994454,12,1.04005280015132,1.07142334481003,1.04153752386844,1.03496319572875,0.870254805448178
1726,0.919382846722671,13,0.910842845328143,0.925312705819121,0.918689661423566,0.911644105115853,0.863468499101062
1727,1.04210584342815,14,1.03070713964339,1.06475499538863,1.03781874401704,1.02999370653522,0.881091744697014
1728,1.06278457946171,14,1.04660198272023,1.07580574567665,1.06809656322617,1.05930194585292,0.888135493485018
1729,1.06263938986127,14,1.04465825867609,1.07812742331217,1.06665035488506,1.05743957405668,0.888135493485018
1730,0.971282561613989,15,0.962081266311952,0.984471699236656,0.960626753311248,0.955295805793917,0.890062790858886
1731,1.00064066839519,15,0.985675602941232,1.00278595069753,1.00675505796163,1.003886383446,0.890062790858886
1732,0.949668535013447,15,0.941225849275503,0.961833843588302,0.967853245508691,0.956318539313168,0.890062790858886
1733,1.04006405024156,15,1.00840492542546,1.05174257959118,1.03363919219392,1.0266619997814,0.890062790858886
1734,1.01006221020088,15,0.984977902204197,1.01669284048358,1.00280496018265,0.995024598673143,0.890062790858886
1735,1.06480588010405,15,1.03784248608678,1.07566985398518,1.05614474445317,1.05092756037991,0.890062790858886
1736,1.04209544891511,15,1.01169920846574,1.03926496526081,1.03474169057576,1.03136269764477,0.890062790858886
1737,1.0976472847378,15,1.06803149202528,1.09500544535177,1.08089802964276,1.07606949989331,0.890062790858886
1738,1.06113798843496,15,1.03441004725472,1.06364122820889,1.04896131533474,1.04788718826011,0.890062790858886
1739,1.00287845190183,15,0.979836271791533,1.00557007900514,0.994500078239821,0.986407587624914,0.890062790858886
1740,0.950409310297713,15,0.932019716791248,0.944177069372321,0.947151192002078,0.94139735696428,0.890062790858886
1741,1.0325187154193,15,1.01389253152818,1.02340307357942,1.03419488013425,1.02349396622179,0.890062790858886
1742,1.02278946689894,16,1.00471610320275,1.02786341402312,1.00124545611643,0.99977236368759,0.894821208133198
1743,1.05583195953531,16,1.04028080581312,1.0660042637518,1.02686643517958,1.02090121131302,0.894821208133198
1744,1.02052912978255,15,1.0122708820712,1.03051273008062,0.994536643412331,0.988440656029929,0.899623891262709
1745,1.00955362820199,15,0.996779539714194,1.02228955636615,0.967069414906692,0.961694418190101,0.899623891262709
1746,0.966511683243805,15,0.959505952686439,0.964952930556126,0.921405588709623,0.917518300978223,0.899623891262709
1747,0.990964334107886,15,0.987971589959633,0.998156670848065,0.942130983300511,0.941187302206962,0.899623891262709
1748,0.978901895416935,17,0.972574048275699,0.993302470493866,0.939749231189834,0.935388926941452,0.921416631410555
1749,1.05535682257602,17,1.05230300004527,1.06962105412061,1.01346486246474,1.00663241786977,0.921416631410555
1750,0.955840628618187,17,0.958219775473779,0.966186248077665,0.919723460872815,0.913447701809004,0.921416631410555
1751,1.08232186487398,17,1.07849082352382,1.09370903642693,1.03822719969769,1.03430822286967,0.921416631410555
1752,1.01646266541369,16,1.02902316185862,1.02215284941385,0.96757031973061,0.962892214870193,0.912030509854602
1753,0.932227448429362,16,0.94648558995555,0.9382361395137,0.895562074520173,0.890055062757105,0.912030509854602
1754,0.98256059763148,16,0.998620869282041,0.994785888078348,0.936321437216435,0.930673352875403,0.912030509854602
1755,0.919111929681568,16,0.936033053115018,0.921542727396644,0.858110978099234,0.852005149825823,0.912030509854602
1756,1.06029649598422,16,1.07973754011634,1.07772644333703,1.00518794345733,1.00019435177662,0.912030509854602
1757,0.883283494258662,16,0.900497878506856,0.894571228637376,0.839750344373016,0.836429641640223,0.912030509854602
1758,1.05056370771269,16,1.07289423374208,1.06589580661392,0.993866065107807,0.991068984298646,0.912030509854602
1759,0.934526743818422,16,0.951655743454945,0.945770214746343,0.887229432867329,0.882564091592451,0.912030509854602
1760,0.977706758483332,16,0.994810157986654,0.9881770059062,0.923047771038232,0.919724289434584,0.912030509854602
1761,0.960871318892183,14,0.973805913407385,0.970662399960392,0.892957419391905,0.886527241950232,0.893803832102984
1762,0.977892538165959,14,0.987512566266303,0.991703460520255,0.905228372404871,0.897901533972767,0.893803832102984
1763,1.10729861251737,14,1.11970052891324,1.11960767515625,1.0337302023286,1.02786876334804,0.893803832102984
1764,0.961720786054447,14,0.969295458730483,0.977036043811086,0.897083470676314,0.888887117373983,0.893803832102984
1765,0.94379345693089,14,0.959483533513219,0.95640368189136,0.875383416863581,0.871039139378754,0.893803832102984
1766,1.09486207001647,14,1.09953082002685,1.12019244241043,1.01836562350382,1.01346126016236,0.893803832102984
1767,0.903684903130554,14,0.912008171425004,0.921763438191264,0.836281732002641,0.830297064199906,0.893803832102984
1768,1.02822114094304,14,1.0281349284752,1.04807439366433,0.945466007111986,0.939893167364771,0.893803832102984
1769,1.06306502728393,14,1.05819065294534,1.07632447966374,0.979114198285608,0.97939371168406,0.893803832102984
1770,0.984516422803313,14,0.986672841403491,0.99350190897956,0.899098270919591,0.899666610574049,0.893803832102984
1771,0.961968920816124,13,0.97331686552552,0.976269720774054,0.876652150180039,0.875572189220094,0.872316745125356
1772,0.983467085573144,13,0.989233017965479,1.00441225150851,0.917576505969686,0.912496683064891,0.872316745125356
1773,0.993274773749435,13,0.997901917176681,1.00581064492242,0.932466229516286,0.9250120972807,0.872316745125356
1774,1.00278403426612,13,1.00667536433818,1.01942081992741,0.925662346409625,0.926891550655726,0.872316745125356
1775,0.965285911815372,13,0.958100214319351,0.978019658961798,0.884425171678559,0.885007179394778,0.872316745125356
1776,1.04050765740317,13,1.03469045924807,1.05690797707593,0.942895344914203,0.944245521473144,0.872316745125356
1777,0.983160216601828,13,0.970303953609899,0.996750915673186,0.888265997904708,0.887226441961019,0.872316745125356
1778,1.05769886479827,13,1.04322054361381,1.06250994718553,0.955832102649339,0.954786721950757,0.872316745125356
1779,1.00469765073782,13,0.986129462619339,1.02007691099167,0.909928043263901,0.907495987141374,0.872316745125356
1780,1.04098741860254,13,1.01668041242471,1.06188632703505,0.9419466074942,0.937519101830631,0.872316745125356
1781,1.05790195085163,12,1.03486012801248,1.07716478416099,0.963262023124894,0.962780821801504,0.869349796265531
1782,1.03081377182988,11,1.01328354787079,1.04825622036957,0.959009455891439,0.957738198365605,0.858975971587617
1783,0.917167813352458,11,0.921630626110014,0.916583161020656,0.859752792089613,0.858269351473482,0.858975971587617
1784,1.0062599568823,11,0.985877560763277,1.01771126303377,0.946635450177287,0.942356714580968,0.858975971587617
1785,1.08114552216458,11,1.06174587933532,1.10302805534808,1.00672230428665,1.00605492781586,0.858975971587617
1786,0.983694980805669,11,0.963456728691256,1.00286601846598,0.91753372164426,0.918142545940821,0.858975971587617
1787,1.08076680015334,11,1.05284758249346,1.09767164639329,1.0072910915167,1.00688922601317,0.858975971587617
1788,1.00399242740386,11,0.976046250614043,1.02607087689327,0.941065007421303,0.940789960077713,0.858975971587617
1789,1.07268078960878,11,1.04487577218298,1.08419350763247,0.994052806768842,0.992764448626226,0.858975971587617
1790,0.985423203110349,11,0.972121818569149,0.997532266310872,0.942671251224145,0.938767255731436,0.854432570255619
1791,1.03671732425873,11,1.01338564070192,1.04618504912117,0.979797344931117,0.981205727231649,0.854432570255619
1792,0.979392690658334,11,0.960473531444586,0.988512898666356,0.929956767702994,0.929668009714584,0.854432570255619
1793,1.02940248950857,11,1.00450170356135,1.03300402874636,0.966915771980308,0.968352553693136,0.854432570255619
1794,1.04590044392965,11,1.02335138323018,1.04815161876151,0.989908632345202,0.990674465787205,0.854432570255619
1795,0.996226062443667,11,0.97592700576685,1.00788303194774,0.938356091410731,0.941886729995574,0.854432570255619
1796,0.966382755062832,11,0.945859123097249,0.964019763365236,0.912807221405997,0.91408935710092,0.854432570255619
1797,1.06065970636534,11,1.03892151757138,1.06873224352253,0.993392392860485,0.998669088574621,0.854432570255619
1798,1.08371361825183,11,1.04560081810528,1.08831287322432,1.00585853060403,1.00528517974706,0.854432570255619
1799,1.08980515203092,11,1.04548445795045,1.08392953344367,1.00245404543746,1.00219764031148,0.854432570255619
1800,0.929414431897482,10,0.895333246292438,0.934846139222549,0.866056684195158,0.8660876047519,0.835555653833213
1801,0.997374539421898,10,0.960826546919513,1.00507591390838,0.932121659705522,0.92985175227213,0.835555653833213
1802,1.07918146520536,10,1.04017989042223,1.08853303049096,1.01071655043899,1.01198051502955,0.835555653833213
1803,0.975299866205814,9,0.940415718731015,0.973451863850178,0.930954567237655,0.930400148469919,0.839319885860498
1804,1.07864019274414,9,1.0345454242913,1.08967496555683,1.02436212755039,1.02400864627649,0.839319885860498
1805,1.08303015012787,8,1.02998858561851,1.08235646952621,1.0439560763383,1.0501401058386,0.800838381590843
1806,1.0580374393275,8,1.01456849483831,1.05390662267012,1.03176327786251,1.0295793271368,0.800838381590843
1807,1.09619706044166,8,1.04832036622631,1.09179047927342,1.03965531899789,1.0453600600154,0.800838381590843
1808,1.0931315654375,8,1.03377049234578,1.08853376605068,1.03779421863165,1.05089852307,0.800838381590843
1809,1.10956958809866,9,1.02975651893086,1.09521721925315,1.01180041767069,1.01156981589646,0.816617960557442
1810,1.02624774851614,8,0.987345480887293,1.05354239484261,0.981708338628468,0.983466393029336,0.790806533372217
1811,1.01118618493097,7,1.00980584478171,1.02491981336074,0.987741839499931,0.992070626874224,0.826399997824398
1812,1.09565587537978,7,1.07531727767308,1.11335375565831,1.05760094456902,1.06668532563425,0.826399997824398
1813,1.03728696864579,7,1.05953981454952,1.06309676549804,0.996460735463803,0.99562332909017,0.826399997824398
1814,0.935762510883719,7,0.957877375634637,0.950890454502078,0.908042745118374,0.905860029250238,0.826399997824398
1815,0.992825583540524,7,1.00959584099034,1.01127551373563,0.938822745806962,0.957739449418626,0.826399997824398
1816,0.640546173042769,4,0.684460228016122,0.661979556089996,0.621884514131922,0.615924229716481,0.852221041881484
1817,0.703940389208481,4,0.751669816628723,0.730520968074372,0.668830624583987,0.657971711544326,0.852221041881484
1818,0.938086298740786,4,1.01019059133874,0.988689884134102,0.904618162484043,0.901885859986195,0.852221041881484
1819,0.762850532789555,4,0.832178329889105,0.793685087746442,0.734930937578107,0.728677754428153,0.852221041881484
1820,1.06653753128536,4,1.16825896271689,1.10439066994633,1.01903923204492,1.01448226936471,0.852221041881484
1821,1.02768672702205,4,1.10504767845305,1.07283032195727,1.00544304069059,0.999311050857739,0.852221041881484
1822,0.968533957927854,4,1.02916515179432,1.00639866430483,0.932832707286634,0.928189611566023,0.852221041881484
1823,0.97744718318767,4,1.04685743270112,1.02999240013465,0.959096301940123,0.959972357145053,0.852221041881484
1824,0.963271994874077,4,1.00926222885708,0.990960425849346,0.92978377614185,0.925267666951546,0.852221041881484
1825,0.943141852581422,4,0.989333409849832,0.965706007849551,0.896977674575374,0.89417132988299,0.852221041881484
1826,0.922896240735621,4,0.966165881115671,0.966517297410794,0.887874961249678,0.883763743842364,0.852221041881484
1827,0.910438485590764,4,0.950082571685995,0.952045818860758,0.888079274767586,0.882868648256568,0.852221041881484
1828,1.06899783757636,4,1.1346447031479,1.14005608445061,1.0235241815865,1.03922821419825,0.852221041881484
1829,1.01631178675421,4,1.04177192546087,1.04897310245847,0.964453088627135,0.964698781714849,0.852221041881484
1830,1.07279824436159,4,1.09691082075144,1.10693723607768,1.01126503425075,1.01391780789883,0.852221041881484
1831,1.00538347589114,4,1.0385979866734,1.04714558274599,0.950341198568688,0.946014320010933,0.852221041881484
1832,0.946994271757254,5,0.987917249829394,1.00659845032079,0.843332702680101,0.832787102755725,0.834165870587847
1833,0.975588027070597,6,0.986662203768553,1.01125020173421,0.881380041694967,0.88155709767784,0.806091655578311
1834,1.01265880374607,6,1.0249232621217,1.04588093958765,0.983982474387268,0.980215944959969,0.806091655578311
1835,0.97855437257104,6,0.99485664917994,1.01320875177,0.919108071320649,0.932854652494852,0.806091655578311
1836,0.912198063313547,7,0.920042520592189,0.939225189820834,0.874010266627071,0.86392740015591,0.846234709278795
1837,1.00533902336247,7,1.01684362749487,1.03399249591097,1.00160371690487,1.01246476294142,0.846234709278795
1838,0.986395831565785,6,0.993716885564878,1.00741352128192,0.941056571013188,0.932987011924022,0.809888136477125
1839,0.974113614081666,6,0.989916485979982,1.00035706914023,0.93539225492676,0.928924386203748,0.809888136477125
1840,0.979126205977294,6,1.00303467727819,1.01135897343935,0.948437304102595,0.941824263961948,0.809888136477125
1841,0.984782924682747,6,1.00568767315216,0.999516958370797,0.957956385177159,0.948353456535063,0.809888136477125
1842,0.940176119544722,7,0.989943974327189,0.991240910183396,0.923079808544996,0.908690285709134,0.842125955363263
1843,0.93238760702802,7,0.976782308933427,0.98030040802732,0.91273623795467,0.879406850735982,0.842125955363263
1844,0.949520832645935,7,1.02053334822796,1.00579118130587,0.944538657499748,0.930599967688728,0.842125955363263
1845,0.897114968395533,7,0.919079306928064,0.935171145726087,0.860165830975709,0.845525590621914,0.842125955363263
1846,0.978754550852194,7,1.01164131751645,0.999470595625469,0.950938797681721,0.939759917738732,0.842125955363263
1847,0.946263398283231,7,0.988703027916843,0.99376667275353,0.918302536593323,0.908430945429411,0.842125955363263
1848,1.01789440478877,7,1.07713610682325,1.06548946844325,0.983495325820219,0.980897990052281,0.842125955363263
1849,0.968884300431804,7,1.04464951463619,1.02830258690795,0.941715979534174,0.930532796733604,0.842125955363263
1850,1.00158662808562,7,1.04434853862124,1.03790256216999,0.964516459660517,0.96082393775013,0.842125955363263
1851,1.02847573246361,8,1.04453294428096,1.04209496091881,0.973909237224419,0.965590902247961,0.85986987867198
1852,0.946126866703915,8,1.0249262526344,0.99902846831263,0.944171898946381,0.931936361365747,0.85986987867198
1853,0.818292947654769,9,0.894856438102054,0.869854050194234,0.798191379104847,0.795740127351363,0.860572646231126
1854,0.942247037829105,9,1.03049824796573,0.99683155405778,0.938994182900842,0.929055375028781,0.860572646231126
1855,0.846824829313537,11,0.936293971522223,0.900671048791157,0.904210052409251,0.88774774462777,0.875887853319052
1856,0.913861598384335,11,0.997325473405243,0.970117979954073,0.956613548361005,0.945323427791894,0.875887853319052
1857,0.925176928812973,12,0.998196402319506,0.962291807998598,0.967063387802368,0.95262394311389,0.886469871518485
1858,1.02087497622965,12,1.07909021114931,1.04956102468482,1.05772194959152,1.044160456358,0.886469871518485
1859,0.916100597009574,12,0.967037955462632,0.936664870707194,0.930494290110577,0.916965520444779,0.886469871518485
1860,0.928947146514132,12,0.980665753251985,0.95660119176753,0.957122517231957,0.947246922237467,0.886469871518485
1861,0.987349791351539,13,1.0425575363661,1.01671122878232,1.03647483893252,1.02154089547964,0.894507675580194
1862,0.860149752739169,13,0.931998516476484,0.903355098169366,0.916102957475597,0.908134148600499,0.894507675580194
1863,0.936665156604416,14,0.998327652474317,0.96748555521027,0.988466644836151,0.975108411877888,0.896953491263131
1864,0.935310404423929,14,0.987810006447309,0.959393917826128,0.983632107037408,0.971571319919264,0.896953491263131
1865,0.926574478940763,14,0.9745008467422,0.952106122386657,0.98199691361047,0.970669425809734,0.896953491263131
1866,1.00878830640436,14,1.05193119489159,1.03196807165286,1.06091005264232,1.05019404347783,0.896953491263131
1867,0.958481282949815,15,0.988518453783948,0.983611128519772,1.01912315759154,1.00526964254941,0.898850734842433
1868,0.891778492718355,17,0.917113846844944,0.918541565634159,0.967661423600996,0.951133057820634,0.91258667557878
1869,0.983936140891287,18,1.00472591742982,1.01169509275699,1.07932163613907,1.06299899023502,0.913224748514363
1870,0.985444813186585,18,0.998032519398831,1.00997407273411,1.06745095270115,1.05177996550521,0.913224748514363
1871,0.964135967073973,19,0.973751588314593,0.987468363252188,1.03973995170622,1.02448784464312,0.918460969324757
1872,1.01533533808939,19,1.01620028783592,1.03876605503658,1.09346122034107,1.0799324207216,0.918460969324757
1873,1.0259751505931,20,1.02698677496237,1.05214440962395,1.09380472017777,1.07736150937032,0.917726622652918
1874,0.997556649573476,20,0.992548016383037,1.01986366109158,1.06286851022762,1.04929728842495,0.917726622652918
1875,1.04075854597727,20,1.03579688731779,1.06589566222923,1.10794373412605,1.09421591388729,0.917726622652918
1876,1.01037695762767,21,0.99907796737623,1.03260994017965,1.08495994625184,1.07168236735465,0.921149545647018
1877,1.05204619726803,21,1.03156347888472,1.06623359380346,1.10780375509736,1.09428588401872,0.921149545647018
1878,1.10026695708037,21,1.06909296696907,1.11381269443894,1.15969352722483,1.14556066315596,0.921149545647018
1879,1.05647784255963,23,1.03873486060772,1.06782460027046,1.12268478165865,1.10726837265012,0.921885507324392
1880,0.981030485032414,23,0.967291544486973,0.990881584805177,1.03859017880103,1.02510830395601,0.921885507324392
1881,1.02627708952415,24,1.0249116104241,1.04171593813662,1.09136429150177,1.07807020844415,0.922690262373085
1882,1.02969833262576,24,1.02478928075861,1.04299103889546,1.09104669862057,1.08057409892514,0.922690262373085
1883,0.994897876310036,24,0.99918724945483,1.00809512628162,1.05777661278001,1.04701907169948,0.922690262373085
1884,0.967010095755354,24,0.973127879935524,0.974822155558461,1.03199683476354,1.02140874329301,0.922690262373085
1885,0.935472438980363,24,0.940381223719357,0.945132113933782,0.992545288537001,0.982084033002735,0.922690262373085
1886,1.01105771788089,25,1.02406609861345,1.02595276136539,1.07501082115174,1.0642889074649,0.9266734332153
1887,0.97923581742411,25,0.99082132287424,0.99080752648413,1.03978870582801,1.02701843097213,0.9266734332153
1888,0.985729441579292,25,1.00086786494954,0.998651088838307,1.05155510934709,1.04173585219537,0.9266734332153
1889,0.974140076245179,26,0.993833299927655,0.986092679706182,1.03916673931758,1.02763450372335,0.928034825099096
1890,0.943716948589936,26,0.961571181276952,0.953726076515077,1.01557298340999,1.01194007236482,0.928034825099096
1891,0.910207481956474,26,0.927900799319471,0.922062366429938,0.976443302138076,0.968347952998001,0.928034825099096
1892,0.959160296178292,26,0.974194984757465,0.967330404957056,1.01818813475516,1.00732227269107,0.928034825099096
1893,1.00108935947251,26,1.02057928308585,1.01059941444294,1.0655322755829,1.05754410364133,0.928034825099096
1894,0.897738590685603,27,0.912547767557965,0.91120529446973,0.958246942837718,0.946188816597851,0.930857142672998
1895,1.05424750191412,27,1.06983172160461,1.06328846494312,1.11523616802766,1.10361301375511,0.930857142672998
1896,1.00074912135006,26,1.01024256831349,1.00561451447612,1.05865435170306,1.0499483551191,0.928683097980794
1897,1.03377253121151,27,1.04283750307096,1.03561409910603,1.10131668442015,1.09313151852394,0.924987033031647
1898,1.02302442862311,27,1.02783122308036,1.01933885592931,1.08746991861911,1.07681320371948,0.924987033031647
1899,1.03387023545114,27,1.03660328832103,1.03693349032407,1.09868561365211,1.0881832368865,0.924987033031647
1900,1.02452719470049,26,1.02337844530969,1.01835768720715,1.0922066136321,1.08326586410318,0.922465682206314
1901,1.03600497691977,26,1.03728898848475,1.03325987580676,1.10785895537676,1.09855196032335,0.922465682206314
1902,1.01322423933902,26,1.01635172625691,1.0133836724388,1.08703219585327,1.07684153689604,0.922465682206314
1903,1.01796825787449,27,1.01810189411317,1.01337092157384,1.08538990269202,1.07582532061118,0.926520244301759
1904,0.915756210838963,27,0.914781421240551,0.918324464335337,0.974228462452552,0.965984455671478,0.926520244301759
1905,0.947346115309893,27,0.946570122687995,0.948002070394175,1.01268081234846,1.00171130181908,0.926520244301759
1906,0.943375004086645,27,0.942733482303927,0.943052018034344,1.00023476029358,0.993703626705739,0.926520244301759
1907,0.994683141172438,27,0.993481763883468,0.994542042033914,1.05922217169252,1.05297206438963,0.926520244301759
1908,0.990686802117951,27,0.984004834676281,0.982134542541624,1.0416604595863,1.03521520150845,0.926520244301759
1909,1.05861186775577,27,1.05715836079043,1.0546476161948,1.11654022428389,1.11085977495052,0.926520244301759
1910,1.03641697605659,28,1.02377289257935,1.02547271785501,1.09888087188782,1.09048611837058,0.927364095163732
1911,1.09716899116465,28,1.08341724351496,1.08267426695509,1.16493337840803,1.15785670124918,0.927364095163732
1912,0.949964384914614,28,0.93947329281115,0.946596124763758,1.01260134314875,1.00954245978258,0.927364095163732
1913,1.01399203364425,28,0.999079758910003,1.00551465180559,1.07557378183775,1.06911761590242,0.927364095163732
1914,0.995312926700283,28,0.976425754522675,0.980253779846263,1.04367855669181,1.03879185261311,0.927364095163732
1915,1.01963684193864,28,1.00409164315346,1.01468625693102,1.0733730694892,1.06873182866946,0.927364095163732
1916,1.06755171920668,28,1.05582713227025,1.06512243144647,1.12672019957768,1.12254687727135,0.927364095163732
1917,1.01347099163708,28,0.99897942973398,1.00434447494414,1.07014219996144,1.06510048713122,0.927364095163732
1918,0.929711520680658,28,0.913648453620259,0.925816648552446,0.979377064288095,0.975700673599454,0.927364095163732
1919,1.09299189241348,28,1.08014920057699,1.08206458844006,1.15451670446158,1.15288977348609,0.927364095163732
1920,1.03901205720434,28,1.02629808304587,1.03617447663716,1.0911141818014,1.0886454803266,0.927364095163732
1921,1.00556635467215,28,0.994343643654106,1.00343704739234,1.05481337672071,1.05271056329931,0.927364095163732
1922,1.05475153478268,28,1.04212666558221,1.04885570485214,1.09115147574488,1.08973193357393,0.927364095163732
1923,0.922634469806822,28,0.914598784811214,0.918674904343107,0.9661060047703,0.963414756969036,0.927364095163732
1924,1.05774031219449,28,1.04861576711327,1.05163712423268,1.1052924942759,1.1034255454394,0.927364095163732
1925,1.00332464406573,28,0.996451284381048,0.999358596958189,1.05243389611048,1.05157199536017,0.927364095163732
1926,0.984757838195383,28,0.97855206645599,0.980651374402687,1.02860816193041,1.0272316193945,0.927364095163732
1927,0.966803979903148,28,0.962960410719167,0.964752056833905,1.00802450380782,1.00543095810619,0.927364095163732
1928,1.04323189531415,28,1.04187449560311,1.04082489047501,1.08922374114701,1.09051520586215,0.927364095163732
1929,0.992911570361745,28,0.984819229542142,0.987379778509863,1.03619233586132,1.03544102323024,0.927364095163732
1930,1.0370743600377,28,1.03409418970573,1.03396436944459,1.08451760953206,1.08566502156947,0.927364095163732
1931,0.997394548965618,28,0.991663981834443,0.993401815005809,1.04327262251679,1.04372617424,0.927364095163732
1932,1.03015652560336,28,1.02506882512484,1.02549970957348,1.07715116872615,1.07862767132055,0.927364095163732
1933,0.937343443898889,29,0.933694704479741,0.933922762836198,0.976555465641908,0.976776225235512,0.930012273917567
1934,0.91109939547069,29,0.906945716605534,0.909069921537954,0.9487093820619,0.947764664942407,0.930012273917567
1935,1.07397901071808,29,1.0664803881732,1.06988329112456,1.11234103800714,1.1130507297888,0.930012273917567
1936,0.975504084435047,29,0.968518045296341,0.970092493895645,1.01103286754394,1.01174946171125,0.930012273917567
1937,1.07066323047801,29,1.05724573432134,1.05941159875393,1.1133015830086,1.1148021254425,0.930012273917567
1938,1.04576680573542,29,1.03335369485904,1.0355501723661,1.08338545775734,1.08685361798537,0.930012273917567
1939,1.01094803970965,29,0.994710305829638,1.00821950579266,1.05574373630954,1.05675408994774,0.930012273917567
1940,1.01604248561011,29,0.997227240796452,1.00918895373244,1.04651721114641,1.0502840554646,0.930012273917567
1941,1.00829456699828,29,0.987439000417788,1.0046529247565,1.04000726190017,1.04250151068099,0.930012273917567
1942,1.03053093907321,29,1.00590158349359,1.01777680573402,1.05595892723017,1.0568167153872,0.930012273917567
1943,1.03507471835552,29,1.01339330424037,1.03228386755363,1.06508578642737,1.06763803073948,0.930012273917567
1944,1.05452803857401,29,1.01945319368682,1.04349252438205,1.06859560119688,1.07066915235908,0.930012273917567
1945,0.998170142664393,29,0.970007646878085,0.9891054300728,1.01565450705326,1.0188719629217,0.930012273917567
1946,1.01616701221257,29,0.97990698014147,1.00573252529402,1.03374712329391,1.03831264061957,0.930012273917567
1947,0.992453928605331,29,0.956748728452541,0.98852735425819,1.01788425614504,1.01792647493311,0.930012273917567
1948,1.08792387606454,29,1.04878948466366,1.07952267454391,1.10817485525379,1.11235326963616,0.930012273917567
1949,1.06009047825461,29,1.02151859785657,1.05284791391938,1.08267990767152,1.08824348894074,0.930012273917567
1950,1.02925651478377,29,0.991905887227479,1.02211372354169,1.06144562057376,1.06452475791846,0.930012273917567
1951,1.01322869111278,29,0.974759985732653,1.00973037664408,1.03449426014274,1.03942344512289,0.930012273917567
1952,1.06128632448139,29,1.02272225461345,1.06220859824452,1.0844192238896,1.08703524598949,0.930012273917567
1953,1.03861653149667,29,1.00276939069051,1.04234932354812,1.06647694114751,1.07096275385569,0.930012273917567
1954,1.10541217381754,29,1.06163495745159,1.10528773782179,1.12250544550705,1.12888509894296,0.930012273917567
1955,1.05656023291438,29,1.01737901848809,1.05169334503656,1.07702909813393,1.08041184212798,0.930012273917567
1956,0.952406892855039,29,0.91254464436665,0.952243973057212,0.968683176490997,0.973416877294236,0.930012273917567
1957,1.02726411225032,29,0.988260574541547,1.03022253916771,1.04367001150692,1.04777976974474,0.930012273917567
1958,1.04343521791808,29,1.00586027071906,1.0354645302207,1.06354723980111,1.06769603924986,0.930012273917567
1959,1.04446616577791,29,1.01385581035588,1.048192595556,1.05825278128388,1.06285125091728,0.930012273917567
1960,1.04142056589325,29,1.0021765928457,1.03945050666965,1.05770127874266,1.06218815199931,0.930012273917567
1961,1.05011584533964,29,1.01757866819801,1.05322895711628,1.06557170058263,1.07184977149258,0.930012273917567
1962,1.03292665391668,29,1.00434036675116,1.03242676121813,1.04870153922339,1.05417245930761,0.930012273917567
1963,1.0362280417979,29,1.00333819419569,1.04074660690365,1.04950760355289,1.0542974541112,0.930012273917567
1964,1.07866493060918,29,1.05362634774789,1.0841567645781,1.0853750171518,1.09703738130844,0.930012273917567
1965,0.982434189689653,29,0.960559049913759,0.985175197561134,0.998700950410887,1.00216283043283,0.930012273917567
1966,1.07330817043092,29,1.05462895715075,1.08240554099034,1.08697223381185,1.09637971326156,0.930012273917567
1967,1.0133437128396,29,0.999705257559754,1.02140042797507,1.0266209476032,1.03278864431692,0.930012273917567
1968,0.981022758374532,29,0.972485824492572,0.990723245573094,0.989110455697816,0.994702390652476,0.930012273917567
1969,0.969203913846299,29,0.961433947622871,0.977745805785132,0.977221777278586,0.981249783214786,0.930012273917567
1970,1.02871866315281,29,1.02112235846303,1.03865556125038,1.0370640492785,1.04255852145553,0.930012273917567
1971,0.940105748525662,28,0.942910525633532,0.950445563017716,0.959762673474529,0.962380297875825,0.926179811525981
1972,0.969340741053455,28,0.977212816289115,0.981328654237668,0.992771467837664,0.999480186525645,0.926179811525981
1973,1.0225219379382,28,1.027526204576,1.02923451711225,1.04772840168427,1.04994190352498,0.926179811525981
1974,0.997951527503715,28,1.00295514236212,1.00727594984643,1.00882211493014,1.01754252161755,0.926179811525981
1975,0.988019964869771,28,0.996607381978966,0.995922134528793,1.00470730868284,1.01219849930143,0.926179811525981
1976,0.983694166058341,28,0.997853189142093,0.98640539866956,0.998779283999213,1.00468722183588,0.926179811525981
1977,1.00383032456073,28,1.01575892309908,1.00715411988322,1.01200692805509,1.02359970995883,0.926179811525981
1978,0.939670742306349,27,0.955834477115782,0.949246150964111,0.956353776499395,0.96129850748513,0.919820082685962
1979,1.02115302158403,26,1.03318294613861,1.03025461056219,1.04184378841547,1.0519212938175,0.91497423958182
1980,1.01655116578814,26,1.0321652905713,1.01887792192281,1.04105803660007,1.04906575582788,0.91497423958182
1981,0.965918889258196,25,0.97921079434242,0.974541667430367,0.979974689429223,0.98031536415683,0.911656012664817
1982,0.968534419249506,25,0.982469465037445,0.976663489801111,0.986324383884899,0.993777119011503,0.911656012664817
1983,0.993817560530914,24,1.01017485414306,0.998827384777028,1.01703325695629,1.02371351933677,0.90671892979827
1984,0.997079048621408,24,1.01702451167808,1.00943968122794,1.02365521267595,1.02994472712424,0.90671892979827
1985,1.00603267488445,24,1.02503162858639,1.01216681972329,1.02735839137537,1.0398583200471,0.90671892979827
1986,1.0107876732128,24,1.03606075341875,1.0176846120033,1.03858091093836,1.04398439561281,0.90671892979827
1987,0.965826243379677,24,0.994893192458086,0.973065590708992,0.99087252920648,1.00110975671268,0.90671892979827
1988,0.977558189422539,24,1.00590487733217,0.991027644180071,0.991098152039811,0.998702559419833,0.90671892979827
1989,0.935424455255697,24,0.967958192238711,0.951948714103752,0.952753158113432,0.952412675297076,0.90671892979827
1990,0.97105495872857,24,1.00448420746719,0.981485340202621,0.988017365799683,0.996903756862073,0.90671892979827
1991,0.929547420652955,24,0.96268003662972,0.945231127250323,0.946710479220787,0.950249179462084,0.90671892979827
1992,0.936525728311209,24,0.965601247080371,0.953372527221803,0.955872490100761,0.962523408215664,0.90671892979827
1993,1.02042072431916,23,1.049995345966,1.03099529149275,1.03461159385671,1.04686068740656,0.904370054540629
1994,0.906176893799528,22,0.938029590219849,0.922094812427249,0.925044364965362,0.928694027574011,0.899510444285363
1995,0.984675793953661,22,1.01282953828087,1.00106443613083,0.990204510626031,1.00399644772474,0.899510444285363
1996,0.944668620961233,22,0.970459236676554,0.964356997301267,0.961502624087617,0.969036481802084,0.899510444285363
1997,0.965965320062243,22,0.991545292277321,0.992681645197157,0.979669596622351,0.989342519950516,0.899510444285363
1998,1.00712349003932,22,1.0232025198573,1.02987846687626,1.01671763150478,1.03054300724093,0.899510444285363
1999,0.986682317133717,22,1.00125405561259,1.00717026440664,1.00140041236984,1.00739417431095,0.899510444285363
2000,1.01390850803504,22,1.02494344529906,1.03116017581644,1.02138625289303,1.03917961571211,0.899510444285363
2001,1.04359606637926,22,1.05009536068896,1.06813106817437,1.04737603071584,1.06396020378429,0.899510444285363
2002,0.95827909507251,22,0.964926913787076,0.971436077285919,0.979253822828056,0.981100404437074,0.899510444285363
2003,1.05316779167974,20,1.04114621663456,1.05557659500785,1.06377787743458,1.0857210399502,0.897196452851249
2004,0.930485698519605,20,0.914166326326652,0.952629743856852,0.959203020270347,0.957493356322962,0.897196452851249
2005,1.05530463043231,20,1.0283617505839,1.07227147817017,1.06343839887794,1.08038791429117,0.897196452851249
2006,1.06793961284326,19,1.02777204322669,1.08681021094465,1.06402839937495,1.07127222917486,0.895042243381258
2007,1.03086018012791,18,0.985270678476926,1.04474768081793,1.02611505364788,1.02847643769821,0.888041824507468
2008,1.06680667621718,6,0.975409835067568,1.09401634134339,1.0452233766171,1.0656023080501,0.623984523530297
