"year","ModNegExp","samp.depth","Spline","AgeDepSpline","RCS","SFRCS","EPS"
1067,0.540046227275043,2,0.812834933325417,0.645121037746836,0.806499103295056,0.449276756071166,0.77584756604771
1068,0.760037632181713,2,1.18000441403212,0.91764417246286,1.16092059657599,0.647259074156464,0.77584756604771
1069,0.834919853244904,2,1.25893505244713,0.991431001174631,1.22052796375022,0.701715430035758,0.77584756604771
1070,0.936332011470073,2,1.39178731915755,1.10114306066343,1.34628256037562,0.764961620086141,0.77584756604771
1071,0.823366514596649,2,1.20219843522426,0.957447715788805,1.15340493935408,0.649926491255957,0.77584756604771
1072,0.628505510286829,2,0.903810694026192,0.72447797982339,0.911429787021048,0.520780057042643,0.77584756604771
1073,0.751487437854416,2,1.05694829458862,0.856815488002138,1.08894158761857,0.615414324990097,0.77584756604771
1074,0.431401496344996,2,0.586066270999495,0.484013774264287,0.587782230006958,0.330367055026805,0.77584756604771
1075,0.66777820491139,2,0.880670921839618,0.742026327956107,1.00215568232603,0.554398575269377,0.77584756604771
1076,0.719920587595772,2,0.912857925129249,0.790542608840368,1.02721097025102,0.556974362234085,0.77584756604771
1077,0.655957325550845,2,0.796583561312959,0.712736560443298,0.939535477284329,0.522727498843696,0.77584756604771
1078,0.772494800595821,2,0.89272792754046,0.831012674807661,1.04631042630698,0.593964733256471,0.77584756604771
1079,0.750707699459501,2,0.825309863543312,0.800519823333814,1.0807961003076,0.600396610418946,0.77584756604771
1080,0.776726106448075,2,0.810011342063655,0.820365344084048,1.09364911218725,0.617070657250572,0.77584756604771
1081,0.518600220491983,2,0.510768445311616,0.54425199615293,0.753513642764154,0.426817980801116,0.77584756604771
1082,1.05681089066624,2,0.984295929419049,1.09816648533461,1.5507896483079,0.892536344516517,0.77584756604771
1083,1.24661642688156,2,1.09863876330608,1.28837575024461,1.73688173140728,0.995007774168464,0.77584756604771
1084,1.17044721930062,2,0.978877715019336,1.19966276695535,1.66573055620563,0.967249819922263,0.77584756604771
1085,1.07694903485577,2,0.858484415574458,1.09863950388153,1.46335721084005,0.845684680649234,0.77584756604771
1086,1.53685708935,2,1.17305615851181,1.55675085982395,2.18952523501917,1.23367971660978,0.77584756604771
1087,1.33183921101405,2,0.979247479432253,1.34030918580417,1.93540689100416,1.11808106999625,0.77584756604771
1088,1.2123722257978,2,0.864957444940531,1.21471802296807,1.72463921061657,0.977489548359792,0.77584756604771
1089,1.8876065832383,2,1.31799325357453,1.8890046291461,2.60516175748015,1.47701334770061,0.77584756604771
1090,1.70928768428978,2,1.17667171215483,1.70217233132969,2.4979422739245,1.38625315576651,0.77584756604771
1091,1.99006279373663,2,1.36216163914197,1.9687879055234,2.86900094632959,1.59159797508417,0.77584756604771
1092,1.95233720258379,2,1.34336639988005,1.92581281451561,2.84876560180349,1.62480536729357,0.77584756604771
1093,1.80018430335188,2,1.26124978503024,1.78174323621502,2.67620020429009,1.4866414622627,0.77584756604771
1094,1.59908757291082,2,1.14771879913933,1.57545852675765,2.38236047471327,1.29351927761586,0.77584756604771
1095,1.74182023989069,2,1.29839049591807,1.72092098307291,2.57001708428246,1.39896000642654,0.77584756604771
1096,1.4975486398544,2,1.16882964208692,1.4804230425281,2.22865113320999,1.25082023599022,0.77584756604771
1097,0.579979897976611,2,0.479003378344895,0.574870173849842,0.882575644656432,0.480453079724797,0.77584756604771
1098,0.688383485870151,2,0.59278025618694,0.671646241654011,1.03713585863004,0.568614576120333,0.77584756604771
1099,0.988127979296622,2,0.875464112008051,0.942414250531262,1.51738190529053,0.851924648939514,0.77584756604771
1100,1.17021946214637,2,1.13300713364341,1.13335978718956,1.78389579632919,0.985437735931168,0.77584756604771
1101,0.58609585415174,3,0.764204970316367,0.776768712193864,0.888720439488843,0.486519899268489,0.740911491715219
1102,0.583795287312434,3,0.731125859463846,0.906529840418642,0.929507036673616,0.506488528225111,0.740911491715219
1103,0.43879032713175,4,0.937225982488925,0.928806307797403,0.677645859024675,0.36413419491943,0.819890449764322
1104,0.441471704581479,4,0.995253327729913,0.884699617636127,0.669655788215002,0.369776486942242,0.819890449764322
1105,0.475740299842649,4,1.02024193811483,0.885175310185181,0.711588096545602,0.379544264223953,0.819890449764322
1106,0.422634410572534,4,0.946800580660922,0.649082170782346,0.651913721285099,0.353363172643733,0.819890449764322
1107,0.521114478531962,4,1.21742362673753,1.00068464528328,0.745519983456285,0.410102690129561,0.819890449764322
1108,0.441011568861082,4,1.17983120583861,0.97996437121668,0.572270446254748,0.294452267434638,0.819890449764322
1109,0.425836764835745,4,1.23495247400789,1.00235817409476,0.633862139865667,0.347342335140879,0.819890449764322
1110,0.50795233721465,4,1.44560925530533,1.19185034103891,0.703005276144059,0.385902789947775,0.819890449764322
1111,0.176674904281265,4,0.700911166979309,0.579899428712984,0.263490677053037,0.143948717091847,0.819890449764322
1112,0.214054613723033,4,0.820959500001942,0.573491238828454,0.308145203708805,0.169803537569246,0.819890449764322
1113,0.468153016159356,4,1.28800965851024,1.02049543545308,0.583955750150508,0.320696936922057,0.819890449764322
1114,0.280655866995287,4,0.5906042775007,0.485887716834712,0.396024550008636,0.209367004491055,0.819890449764322
1115,0.218226975628186,4,0.395586164900097,0.326882616723495,0.31588409092893,0.167060385743152,0.819890449764322
1116,0.346727196447428,4,0.60730186859411,0.520300996201023,0.494938859685644,0.262050832196978,0.819890449764322
1117,0.3318683745068,4,0.585163064118017,0.431494587807878,0.487666356962961,0.258424453925976,0.819890449764322
1118,0.4093505507109,4,0.590500080039555,0.67015377549722,0.590794103948884,0.30928559845634,0.819890449764322
1119,1.16529209207396,4,1.53450702805642,1.48417780170336,1.61866141470361,0.876427605045691,0.819890449764322
1120,0.508430407329744,4,0.701407992763352,0.786147167911465,0.722833596187931,0.383905200434066,0.819890449764322
1121,0.696630478544373,4,0.949829346751874,0.858580369867051,1.01078034357232,0.547219214759636,0.819890449764322
1122,0.56178205513595,4,0.792128882431163,0.694027982651506,0.756009736848316,0.391902912199776,0.819890449764322
1123,0.855540735451602,4,1.01986505465452,1.03233044763526,1.21347775037884,0.675270116536817,0.819890449764322
1124,0.895241927368448,4,1.02336234894186,1.08024430878335,1.28846469014471,0.713424192226426,0.819890449764322
1125,0.782330624609906,4,0.85962475933019,0.928531676813921,1.13900574920069,0.621011804413366,0.819890449764322
1126,1.19639399764754,4,1.28455590620293,1.4494053233749,1.5590569197177,0.871623672927088,0.819890449764322
1127,0.959449168880767,4,0.990752457972783,1.10228746926884,1.38910491017005,0.763395945517443,0.819890449764322
1128,1.41555859122903,4,1.5205733557017,1.66183132270101,2.22812848412084,1.20890454925446,0.819890449764322
1129,1.40849819828874,4,1.46663835822612,1.58575298662997,2.14328528197867,1.1702365936064,0.819890449764322
1130,1.30091362060085,4,1.31706863976847,1.4274534178845,1.98808716636673,1.07479352186164,0.819890449764322
1131,0.605536248300434,4,0.546105007618368,0.710636438361683,0.835631862331493,0.435989989901811,0.819890449764322
1132,0.938323283793103,4,0.921848312226216,1.17556375708245,1.4273405954799,0.777521253091517,0.819890449764322
1133,1.10755029689335,4,1.05289043229128,1.21248928508937,1.61680480755826,0.874645316483448,0.819890449764322
1134,0.712715272102492,4,0.687078296168369,0.794165712397048,1.02089966057785,0.549793126050693,0.819890449764322
1135,1.10075762707858,4,1.04718476183522,1.18693385202049,1.54284883336139,0.847265802956156,0.819890449764322
1136,1.15783366492043,4,1.16399095615035,1.22250428619915,1.77307889367959,0.958712014340503,0.819890449764322
1137,0.757395955819048,4,0.767071393277547,0.82656782244411,1.17018620613904,0.61812101825714,0.819890449764322
1138,1.15470482242136,4,1.09836742895498,1.19391689477268,1.60178980060947,0.868356223153165,0.819890449764322
1139,1.04629545951489,4,1.07827474090511,1.13472981240508,1.59092127803368,0.833429979618815,0.819890449764322
1140,1.09299783449252,4,1.14060063162967,1.16929291816193,1.6987400401853,0.884854910953584,0.819890449764322
1141,1.1154858864204,4,1.15423144356419,1.22748016888692,1.62479543313834,0.862005465007824,0.819890449764322
1142,0.866355335260352,4,0.909259883013432,0.872754568952759,1.25893219265686,0.659102091737225,0.819890449764322
1143,0.836231666046838,4,0.878706217793645,0.84011393372453,1.21822644479837,0.627190747305048,0.819890449764322
1144,0.882432746329395,4,0.908281974255474,0.864525396899341,1.18991687681675,0.62638199174005,0.819890449764322
1145,0.819641084283633,4,0.883583735496622,0.931158520611646,1.13002844822194,0.589766723272544,0.819890449764322
1146,0.765084484576689,4,0.783026644895997,1.15912388089511,1.05809774767871,0.542330977520215,0.819890449764322
1147,0.929788394536132,4,1.00225581466844,1.32134062458987,1.32628442211819,0.691050501815665,0.819890449764322
1148,0.743801238397933,4,0.837038718431353,0.859997213778891,1.08366861068812,0.548691148712272,0.819890449764322
1149,0.840577974120582,4,0.890375635840412,1.16439329214516,1.152877421391,0.600397051600182,0.819890449764322
1150,0.999411876092274,4,1.02833952527482,1.29014455049689,1.42467581655185,0.729439709171377,0.819890449764322
1151,0.800325181063829,4,0.809814680283447,1.12057377349658,1.1147345337277,0.575322288444779,0.819890449764322
1152,0.82448772681272,4,0.784883328015889,1.23937634158677,1.11380626340944,0.559310058646399,0.819890449764322
1153,1.20362683743675,4,1.18000174654584,1.34036827587039,1.69896514510239,0.86159962608271,0.819890449764322
1154,0.985522460430368,4,0.988475292461373,1.04065505471207,1.41941925129311,0.723718582339569,0.819890449764322
1155,1.31245225551149,4,1.23420089312199,1.43533602624468,1.88563368043071,0.954649037675332,0.819890449764322
1156,1.22545052709153,4,1.22841590345571,1.30003957655363,1.68075948518358,0.856109335598418,0.819890449764322
1157,0.817161151636239,4,0.757548806328238,0.924497078227753,1.10219612906796,0.564830004086712,0.819890449764322
1158,1.32251376581974,4,1.29270168148696,1.44928126687965,1.84995652942472,0.972014800252536,0.819890449764322
1159,1.86482153155105,4,1.63083651899115,2.71846067328287,2.34712032626202,1.25423648482413,0.819890449764322
1160,1.24566975652003,4,1.15258785605195,1.33632532432685,1.72823913335262,0.933358336216821,0.819890449764322
1161,0.879111943937346,4,0.798986874831093,0.940962055329029,1.07414233074248,0.582670122379436,0.819890449764322
1162,1.38297224924288,4,1.06756442654807,1.33443498329347,1.6261098758879,0.842642264529291,0.819890449764322
1163,0.794295859924447,4,0.680012935893321,0.857885408402268,0.908665590590521,0.464588177382104,0.819890449764322
1164,0.894679716903951,6,0.784299361746892,1.09591268944238,0.941631015509327,0.516465959306688,0.745293969191463
1165,1.0218094484391,6,0.892187443559505,1.48505188180726,1.1867347869041,0.645681490758633,0.745293969191463
1166,0.820545904086614,6,0.701326925306756,0.915993886842562,0.86048613322454,0.460397269818984,0.745293969191463
1167,1.19118022134702,6,0.997622000877711,1.56874945157504,1.17462595414657,0.670097301620947,0.745293969191463
1168,0.964762755650806,6,0.803083235066224,1.03422374707026,1.01476923475599,0.537685281722702,0.745293969191463
1169,1.26543399232549,6,1.07723280541278,1.343822056956,1.58027159626639,0.849211686541694,0.745293969191463
1170,1.3498863188209,6,1.20379785764098,1.30370797010648,1.69358615253533,0.907342362372907,0.745293969191463
1171,1.33173222961405,6,1.14748616928211,1.26598383109049,1.68594691286272,0.903936301618357,0.745293969191463
1172,1.51158663424831,6,1.31667074816628,1.47555555756657,1.90659539905731,1.01061900626656,0.745293969191463
1173,1.47728733938329,6,1.3049212326274,1.44795143098349,1.61656014142879,0.859657980554313,0.745293969191463
1174,0.830279068705736,6,0.727738520076838,0.823352632482145,0.970465525053566,0.51669090575093,0.745293969191463
1175,1.40158036872715,6,1.33128898493235,1.57614969597769,1.66575696792633,0.891404240091211,0.745293969191463
1176,0.814651980814967,6,0.770867078503662,0.770643802907781,1.07600540446894,0.564436232332197,0.745293969191463
1177,0.707976169887775,8,0.797027908780058,0.838576299096166,0.840909606285212,0.45096548266693,0.723260905388463
1178,0.849417261295296,8,0.95512481300825,1.05799343873621,0.882207499249715,0.481677336017706,0.723260905388463
1179,0.783409059615166,8,0.932803178977261,1.06214208731771,0.905807500116204,0.486129123348735,0.723260905388463
1180,0.634885088371028,8,0.77232750270934,0.819246276937739,0.734078194592787,0.394956787136702,0.723260905388463
1181,0.889701866327841,8,1.07927479655883,1.17307661750513,1.04247786969418,0.557988757647343,0.723260905388463
1182,0.676498549369947,8,0.886058229789401,0.979170105248007,0.784373273710265,0.414473168452592,0.723260905388463
1183,0.916513368585679,8,1.26929586163447,1.38558596927704,0.794850944051377,0.424267282718649,0.723260905388463
1184,0.731256322956268,8,1.00403408767008,1.0815099110467,0.842983005879686,0.449000920912376,0.723260905388463
1185,0.703322506017541,8,1.02764626813238,1.04235677089889,0.823080415244477,0.440641843347503,0.723260905388463
1186,0.646766491797391,8,0.990273985961319,0.889948279456836,0.766831331853924,0.401227971351196,0.723260905388463
1187,0.683970748454551,8,0.952112197673422,0.88834891222486,0.856807512027862,0.453016022668842,0.723260905388463
1188,0.569178331602017,8,0.890715962648538,0.786056755460534,0.658952217227374,0.36259319067668,0.723260905388463
1189,0.528190013631656,8,0.911073551560294,0.854245732575516,0.622020080243693,0.330757147035466,0.723260905388463
1190,0.893590115602456,8,1.43500099107829,1.24876061727088,1.12929429002759,0.59827367823008,0.723260905388463
1191,0.535253382042839,8,0.949034946336503,0.794995530932477,0.653286845592387,0.351270042855353,0.723260905388463
1192,0.604131656337357,8,0.966451685027772,0.719358669681705,0.680901278693898,0.38205713533079,0.723260905388463
1193,0.612087180253485,8,1.15863285126321,0.875177975695365,0.612037777761441,0.358337948363025,0.723260905388463
1194,0.466272770286263,8,1.05373666983318,0.840425147605948,0.599974232141208,0.329336223932977,0.723260905388463
1195,0.479821295219558,8,0.964859113569279,0.722253475389832,0.558314804787302,0.303630145086058,0.723260905388463
1196,0.419571250357033,8,0.894393778781582,0.664050566248879,0.491750937747758,0.266634512497934,0.723260905388463
1197,0.323214749228487,8,0.70230646381085,0.518659264008497,0.37085699871797,0.202487843093756,0.723260905388463
1198,0.337810913285715,8,0.825752799568341,0.7006450030551,0.432581256089614,0.228586272473418,0.723260905388463
1199,0.326255891549133,8,0.837092642702281,0.768001647195637,0.365267792504614,0.197783973766677,0.723260905388463
1200,0.363164104359366,8,0.804964713805298,0.720261942263291,0.405472310829227,0.222985307752313,0.723260905388463
1201,0.328676282714599,8,0.727784868812834,0.651979782576166,0.408795046328435,0.221192752916727,0.723260905388463
1202,0.361032872716314,8,0.956742245750651,0.89173145787003,0.423448220485387,0.233248328875311,0.723260905388463
1203,0.409475442133165,9,0.8892413361251,0.809173125651727,0.484959133029687,0.262918121086392,0.739310273767037
1204,0.453032918871283,10,0.912143252552641,0.771402554925849,0.582846844702092,0.317606255666908,0.744713183268644
1205,0.300516274861381,10,0.596420862858494,0.393443351699093,0.380751395131387,0.206571721965833,0.744713183268644
1206,0.575525536640248,10,1.11804130392708,0.829786700458539,0.675169459063854,0.373045918298664,0.744713183268644
1207,0.618494807594126,10,1.12447714008851,0.95379299904269,0.791264950764796,0.435944593693782,0.744713183268644
1208,0.513140199167185,10,0.858726053770209,0.77273526748547,0.640012983679256,0.349977960674351,0.744713183268644
1209,0.670312799140729,10,1.05790173348002,0.90664995755502,0.872096633332303,0.482048325005628,0.744713183268644
1210,0.821755271001055,10,1.29307344185007,1.13484424728523,1.05535506055643,0.573803465014961,0.744713183268644
1211,0.772665520186993,10,1.03865008596101,1.05181860457483,1.04428489328884,0.567362072386911,0.744713183268644
1212,0.778893488867157,10,1.16105160575061,1.11033671373763,1.06273143167605,0.574052518032381,0.744713183268644
1213,0.723025918776376,10,1.05106616843718,0.931082499320246,0.909340985737428,0.493317405892503,0.744713183268644
1214,0.867423145974244,10,1.28517305048595,1.17847610345205,1.13641795621035,0.620827085537323,0.744713183268644
1215,0.775167166469574,10,1.14795055196949,1.06402283374234,0.992370693731893,0.540742194887673,0.744713183268644
1216,0.708319364547306,10,0.858320893733847,0.814743862052159,0.932109416582362,0.508686923926294,0.744713183268644
1217,0.63609548205086,10,0.796822175723445,0.739509333020808,0.838528599216797,0.460459622412823,0.744713183268644
1218,0.724265886975887,10,0.87248752306213,0.805343676191806,0.93033031800114,0.518719888295877,0.744713183268644
1219,0.787080635894673,12,0.835231267514986,0.849310951202151,1.0126892141923,0.562583695218693,0.76736281753693
1220,0.660893340094878,12,0.689703926326226,0.689553826594408,0.908043323894737,0.505012854800028,0.76736281753693
1221,1.03548871935321,12,1.0968635176723,1.13517761128544,1.40320153823936,0.791438847043352,0.76736281753693
1222,0.916073081686475,12,0.903024158365802,1.07004065502536,1.23158328055477,0.687746300382142,0.76736281753693
1223,0.70845513944193,12,0.875565162047033,0.825726322324142,0.887072577223016,0.502342699021412,0.76736281753693
1224,0.866291067402935,12,0.97521912077907,0.970371812970526,1.08595662497771,0.624958210022969,0.76736281753693
1225,0.849758217811597,12,0.977162314389418,1.04409687793694,1.05489246154348,0.597843575627093,0.76736281753693
1226,0.882822540617743,12,1.06353763233681,1.00339446464537,1.08774740803506,0.598658381501881,0.76736281753693
1227,0.690897326492238,12,0.841040629772055,0.772690177994328,0.889604784783192,0.477349942617254,0.76736281753693
1228,0.880210427782503,12,1.03086830043731,0.966226938798262,0.973543058102834,0.555758728662267,0.76736281753693
1229,0.641268111045796,13,0.80589938249596,0.792855519167639,0.713719570162149,0.399840551776294,0.775151782652062
1230,0.684911626820011,13,0.958828088853586,0.959606851678761,0.732342832273646,0.398949676625646,0.775151782652062
1231,1.0413839844498,13,1.16408537476974,1.21482679163157,1.05584749611162,0.585099440137823,0.775151782652062
1232,0.997875171632594,14,1.18264270833014,1.21448050816941,1.22756485216851,0.669397361643415,0.791223310401004
1233,1.08037475921332,14,1.18154587168549,1.25562626205858,1.29374894874167,0.722674432000344,0.791223310401004
1234,0.886855723302456,14,0.987710260367037,1.03726085083691,1.03269581580746,0.584168685105762,0.791223310401004
1235,0.794453004551805,14,0.895141739973018,0.857849850193041,0.895324682257716,0.518191825222977,0.791223310401004
1236,0.769022163013458,14,0.847722060455477,0.856433649376456,0.848627839665028,0.477275585109891,0.791223310401004
1237,1.21278764386852,14,1.30137900809951,1.2006561091672,1.29782423525946,0.722609252603921,0.791223310401004
1238,0.676510409831882,14,0.761461759057133,0.75422743642672,0.740221011868094,0.402637735942596,0.791223310401004
1239,0.669173277642274,14,0.746344254011455,0.719405291016967,0.728140969081957,0.402458590303228,0.791223310401004
1240,0.958647100465921,14,1.0101050781241,1.02017738424048,1.07346375849745,0.595127644729507,0.791223310401004
1241,0.856097140468145,14,0.875715985645189,0.905108302398621,0.929599097350473,0.528163184632271,0.791223310401004
1242,0.921796376138837,14,0.906500783552168,0.964045054913811,1.06335617927022,0.587562925722128,0.791223310401004
1243,1.01228270818908,14,1.04525328551136,1.08970743249599,1.19656991920613,0.668199530917981,0.791223310401004
1244,0.991668156499612,14,0.983515164886944,1.04732679526079,1.23988912257146,0.682707223960894,0.791223310401004
1245,1.16339412515976,14,1.12536018152366,1.2189649950537,1.49973061074993,0.831613521099385,0.791223310401004
1246,1.09036175302473,14,1.02330968085241,1.07643820941903,1.32828962902871,0.726857308309211,0.791223310401004
1247,1.06785342899373,14,1.03864803850373,1.07198200547784,1.36518538681729,0.760331246149969,0.791223310401004
1248,1.10153111942057,14,1.0729624522574,1.10067318657456,1.35210669436004,0.741435236772105,0.791223310401004
1249,1.11132803616015,14,1.00108428899256,1.04511073498711,1.3065199758426,0.706768405374162,0.791223310401004
1250,0.945868036424783,14,0.90269091350899,0.890248938777625,1.17875539162792,0.629543699065632,0.791223310401004
1251,1.20618441654374,14,1.13143044270993,1.16498641971629,1.54535116520128,0.844219318250431,0.791223310401004
1252,1.07407107473199,14,0.959205118576858,1.02232158608833,1.35362633887554,0.731554541216785,0.791223310401004
1253,0.922522488900392,14,0.863328441360195,0.932515894963292,1.19773031154489,0.645615689636696,0.791223310401004
1254,1.02791788689793,14,0.994074471726002,1.07296358690919,1.35133099669629,0.736451997603295,0.791223310401004
1255,1.02132682770525,14,0.966491821898823,1.05302037171564,1.31719566826729,0.709324292412372,0.791223310401004
1256,1.09874819539224,14,1.08700428883097,1.13881068054032,1.40916730466438,0.766648408462787,0.791223310401004
1257,1.16328440618659,14,1.13982899160257,1.13742845718367,1.50184775710863,0.816817412298749,0.791223310401004
1258,1.07182133747369,14,0.978846767404231,1.01826175304455,1.38939624429031,0.700190804538744,0.791223310401004
1259,0.991454322955993,15,1.00316879800557,0.950639147567164,1.2109747206487,0.649859546006074,0.81274724418032
1260,1.11430207775054,15,1.07827603637205,1.05503884089987,1.24938422747547,0.668682111545281,0.81274724418032
1261,1.20980532620898,15,1.15930006532994,1.12624676740349,1.46938412142744,0.775662513737566,0.81274724418032
1262,0.799666600016871,15,0.799414582316501,0.829327092757065,0.944958196914082,0.504098579390188,0.81274724418032
1263,0.748068520440034,15,0.749267516287427,0.776521905473839,0.914480614792007,0.497989687593968,0.81274724418032
1264,0.952533014830445,15,0.840054353987814,0.911950568336687,1.1798210478548,0.645191021327903,0.81274724418032
1265,0.874705564912783,15,0.847469969398573,0.849904806897946,1.06254297474228,0.563245310147909,0.81274724418032
1266,0.675743699836559,15,0.692147918816911,0.679019693384107,0.816150424666433,0.405385113001187,0.81274724418032
1267,1.1428597501802,15,1.15211463011771,1.19025537737309,1.4586548025293,0.781367354336046,0.81274724418032
1268,1.04870092750965,15,0.992475369789946,1.0423808263397,1.35804847113951,0.728706054534523,0.81274724418032
1269,1.269465489699,15,1.18921441175048,1.20418264332148,1.58636803775421,0.855733933291992,0.81274724418032
1270,1.12363611041086,14,1.033542699416,1.07216639685015,1.3655949517835,0.709733350527102,0.808819854590107
1271,0.962361250725857,16,0.882134259232195,0.930374572709885,1.16562198320454,0.621407723932691,0.7924868304636
1272,1.15952723038276,16,1.06977737335953,1.15104168611666,1.43158425631219,0.772795461295625,0.7924868304636
1273,1.26284819724719,16,1.14732076000316,1.22359525691636,1.39535147761972,0.754597829616351,0.7924868304636
1274,1.18398344542447,16,1.07397833972031,1.13893545057873,1.32002165233017,0.71131738519787,0.7924868304636
1275,1.02981312522422,16,0.918337871175747,0.95568270134695,1.17481234528763,0.629496766362698,0.7924868304636
1276,0.917039958193632,16,0.841272853204325,0.898995147343066,1.05006339352052,0.570883616363983,0.7924868304636
1277,1.13599849407662,16,0.963593119731442,1.06105820442588,1.37025027499841,0.734173540170197,0.7924868304636
1278,1.33342099101892,16,1.14028307385363,1.28641538746492,1.52162077812022,0.825446653598725,0.7924868304636
1279,1.22964043708714,16,1.09124238642419,1.1777312007052,1.44157204269119,0.772015916413613,0.7924868304636
1280,0.95655014032794,18,0.777935465055721,0.913088199141051,1.06878750979162,0.572225027125532,0.816142339605241
1281,1.06694754777532,18,0.931258658819017,1.08772247821673,1.16633308992653,0.632164658152237,0.816142339605241
1282,1.25665322928545,18,1.07392424779674,1.19099626250085,1.38040359059579,0.750742991210835,0.816142339605241
1283,0.900661495784185,19,0.791974252294532,0.871042745374997,0.929562847005807,0.498248619821647,0.832600079218372
1284,1.06088529740145,18,0.975133025946655,1.12551855264279,1.12971161708249,0.604964409818542,0.836644167150753
1285,0.965320910449922,18,1.02594155831576,1.13959757949802,1.07417172955383,0.59573321332998,0.836644167150753
1286,0.915625930667577,18,0.921864781055118,1.03843536275086,1.0542929287538,0.587361677792694,0.836644167150753
1287,1.1678096920512,18,1.07597639266609,1.18377369783615,1.30932544300507,0.700624906501567,0.836644167150753
1288,1.447277326498,18,1.28909834337377,1.4746794655567,1.59820280797888,0.851308408520127,0.836644167150753
1289,0.932644648841733,18,0.988189897350187,1.11992302594504,1.06839737232894,0.576634181966664,0.836644167150753
1290,0.90174321065154,18,0.811127140373282,0.925425434182395,0.996575565458074,0.52635500425877,0.836644167150753
1291,1.29879173944658,18,1.23506253246679,1.3686422152397,1.47000984344803,0.78925018938993,0.836644167150753
1292,0.79109104316606,18,0.71074678176423,0.753649436400153,0.848697462652823,0.449643206651012,0.836644167150753
1293,0.990357054690572,18,0.907863971845267,0.929234120557482,1.04692629220451,0.55937519840852,0.836644167150753
1294,0.963982503210661,18,0.889241103288646,0.965400171739099,1.01330531302515,0.546260152069632,0.836644167150753
1295,0.929826537240183,18,0.84413187753935,0.87096200574333,0.95737758977066,0.514442124704466,0.836644167150753
1296,0.969562260671157,18,0.907294132391609,0.942395728269317,1.00752021010137,0.544647030386661,0.836644167150753
1297,1.1404209272364,18,1.06834858698257,1.05690584272465,1.21179649244837,0.647933715130257,0.836644167150753
1298,1.1875703515991,18,1.12860780572996,1.09876610425965,1.24393064500363,0.668168488245403,0.836644167150753
1299,1.0322730879226,18,0.953152331222903,0.996703494790893,1.08270578094831,0.577636412177202,0.836644167150753
1300,0.823624343517447,18,0.766680863723239,0.828922617623961,0.882438293674385,0.471564693996389,0.836644167150753
1301,1.14153585511319,18,1.08446169442991,1.08019341064349,1.21244296027505,0.655761847365217,0.836644167150753
1302,1.10976493719729,19,1.03847573976281,1.15285174739181,1.20537989919572,0.644698023230368,0.825826025184962
1303,1.26640639745386,20,1.22406793931385,1.32899322616371,1.32811883369732,0.71899269659113,0.816108213105249
1304,1.2648222208757,20,1.2061890888301,1.30689785603525,1.33314035521261,0.71447818939005,0.816108213105249
1305,0.947232520070194,20,0.899712964456622,0.982980035985365,1.01035589800902,0.536151274853659,0.816108213105249
1306,1.01297784233658,20,0.954009521737013,1.02550509972577,1.05335499504825,0.570142101414523,0.816108213105249
1307,1.00582491301062,20,0.936857780189527,0.985787039049515,1.06397462159707,0.572772092790953,0.816108213105249
1308,1.00747863989648,20,0.966177965451764,1.02619540517632,1.07545363902093,0.587424784183214,0.816108213105249
1309,0.923770065374398,20,0.875804768120447,0.925390118318166,0.945540428686092,0.508843296492914,0.816108213105249
1310,0.712882181398841,20,0.706292832236853,0.723089468059743,0.780549294959969,0.419103256679351,0.816108213105249
1311,1.16764040768196,20,1.13490613244292,1.14286288057839,1.17856510364734,0.640901220610142,0.816108213105249
1312,0.891091490036621,20,0.853223395870976,0.891622771699386,0.912318127180662,0.487543925851496,0.816108213105249
1313,0.953808727800337,20,0.92737415060397,0.960960505654585,0.97439762011022,0.525336266089697,0.816108213105249
1314,1.0259121346163,20,0.968834175211002,1.03617486610303,1.04781722566188,0.566716161331365,0.816108213105249
1315,1.27573329660257,20,1.24275456531295,1.26994737507707,1.29658806853729,0.703476279054315,0.816108213105249
1316,1.06248246053732,20,0.999270036582026,1.05928504792211,1.09328268345164,0.59690951269118,0.816108213105249
1317,0.834358700280235,20,0.812072945676704,0.847575633013583,0.848792216429266,0.468358671240093,0.816108213105249
1318,1.12478191756575,20,1.02114753921559,1.08117780983263,1.15972802681157,0.628014545488967,0.816108213105249
1319,0.90109512745248,20,0.85256317385188,0.913747142568194,0.935450395645821,0.508829171288631,0.816108213105249
1320,1.18270690688606,22,1.12499725970107,1.22573976971264,1.43564508172165,0.785749235605727,0.845269001368454
1321,1.06501785932291,22,1.0190942767263,1.14013113160589,1.26462469274231,0.696516385197656,0.845269001368454
1322,0.953372187280575,22,0.949221108516433,1.04044138168003,1.13036402919887,0.61263365984244,0.845269001368454
1323,1.11425959567943,24,1.16459594019097,1.16163241728236,1.36109115271979,0.742570534439519,0.86985997742031
1324,0.998360255185856,24,0.999806830811947,1.018553164362,1.15342294891658,0.624574465489755,0.86985997742031
1325,1.15133663604992,24,1.21599318239192,1.20421094999521,1.34869621002005,0.736157738558823,0.86985997742031
1326,0.864905527247045,24,0.930880064346012,0.944958971434482,1.03614527008668,0.575056129097206,0.86985997742031
1327,0.877222957051752,24,0.986406563753063,0.989824629150848,1.04757533512696,0.554601231009659,0.86985997742031
1328,0.900976752024317,24,0.965954978250909,0.984691326945482,1.10669693943217,0.609026421033098,0.86985997742031
1329,0.687258930539359,24,0.754796820103866,0.740423759070778,0.811126903473674,0.447169001708949,0.86985997742031
1330,0.816200966145175,25,0.872485480592735,0.887701151809449,0.914719794218365,0.512415142979897,0.879908306667705
1331,1.01030678154398,25,1.10898180855402,1.11943053491216,1.02125945934359,0.57809644714875,0.879908306667705
1332,0.902154824551754,25,1.00075734834255,0.972758979869619,0.906088738685411,0.499189124754701,0.879908306667705
1333,0.95014442184041,25,1.04251818381811,1.03249197747969,0.980947798119303,0.532849874321007,0.879908306667705
1334,0.881516815215999,25,0.995081080995891,0.983237476050459,0.931367222022084,0.509123121069241,0.879908306667705
1335,0.778407895502421,25,0.84411002426516,0.824882784251602,0.779484082546434,0.422410038588552,0.879908306667705
1336,0.901962910539024,25,0.9790836102774,0.942468281357369,0.928112090990727,0.498398918586674,0.879908306667705
1337,0.816480269677557,25,0.92855667785658,0.921237132332636,0.882387859011516,0.483832045759776,0.879908306667705
1338,0.887198823575558,25,0.989222266667822,0.955054089710236,0.984040025404909,0.534295518344355,0.879908306667705
1339,0.87203084057391,25,0.983787287813198,0.92953369409137,0.961291403007599,0.537857182545669,0.879908306667705
1340,0.768773439921503,25,0.85445097730634,0.820325180788649,0.838378206593588,0.471391555884348,0.879908306667705
1341,1.08174817859068,25,1.20805577585517,1.16046125746469,1.03075512812628,0.556901571151786,0.879908306667705
1342,0.991997586143574,25,1.0746606248483,1.08921264848686,0.919660391897624,0.511393872230987,0.879908306667705
1343,0.833129431002486,26,0.943358722676421,0.887430322209128,0.834221127148182,0.443744748704309,0.882024630905911
1344,0.792680211169978,26,0.942946308634528,0.882754038425743,0.884895244892674,0.482006159216488,0.882024630905911
1345,0.970666085512866,26,1.12324222122971,1.08628653351597,0.981473529307844,0.535590458951012,0.882024630905911
1346,0.807382838368245,26,0.97030029604488,0.911890225100357,0.840125280693359,0.45024750040314,0.882024630905911
1347,0.870605077879341,26,0.995505308890294,0.968113117406285,0.90122024693642,0.49043323584148,0.882024630905911
1348,0.976294103589216,26,1.1118767691825,1.0935108795683,1.00007349306276,0.549124148582792,0.882024630905911
1349,0.862741412130745,26,1.00867017198558,0.97889699580368,0.913214534240227,0.506276938847706,0.882024630905911
1350,0.762445049174175,26,0.884907922868564,0.830183804270367,0.7368825135226,0.410699411267288,0.882024630905911
1351,0.947736832045092,26,1.09782334047837,1.00386600409138,0.920493905683197,0.510410179223176,0.882024630905911
1352,0.781264872467827,26,0.954403727157274,0.851790114078385,0.827317940634669,0.456094931145086,0.882024630905911
1353,0.777428711360926,26,0.953904756802829,0.863553131734049,0.889980600672275,0.502512143021627,0.882024630905911
1354,0.760599302296423,26,0.966131313085848,0.805218073656683,0.824078889756092,0.451382425651563,0.882024630905911
1355,0.84182007323212,26,1.13289921919356,0.907546496831129,0.955538465186471,0.546591768379294,0.882024630905911
1356,0.712039598943305,26,0.946876118186719,0.79714349908554,0.757468964695345,0.431984267525973,0.882024630905911
1357,1.03023384415773,26,1.30466934655415,1.12507735705183,1.12071609068076,0.627023985890465,0.882024630905911
1358,0.80930275838843,26,1.11181673043908,0.913210701118213,0.820557908697967,0.460083231617472,0.882024630905911
1359,0.412115639566911,26,0.548162865538108,0.464542881539315,0.459967964873917,0.252088432328397,0.882024630905911
1360,0.635295182681392,26,0.891986203854032,0.702132285441783,0.736806377472035,0.413940498104055,0.882024630905911
1361,0.623443030606293,26,0.844094081995181,0.664778257837568,0.683179380756503,0.383543789531271,0.882024630905911
1362,0.65694552715521,26,0.883903840607696,0.708237884910108,0.667829433311539,0.377068708318951,0.882024630905911
1363,0.701356491986609,27,0.97474581853668,0.77270337776409,0.727889717944862,0.403788804008387,0.888738730549967
1364,0.629841000899355,27,0.856451915223499,0.69461022778578,0.617134737512219,0.341797500405259,0.888738730549967
1365,0.611141040790677,27,0.840462941719845,0.673174497994788,0.640911174667351,0.344198348446169,0.888738730549967
1366,0.911285362989088,27,1.2275180826106,0.965384901500458,0.995963678407127,0.560282886784896,0.888738730549967
1367,0.827495346319989,29,1.1659948312948,0.932070603038133,0.835077293139511,0.457427368854545,0.888755543598837
1368,0.586505799866489,29,0.798264346028157,0.628142749036148,0.57654401034445,0.315312309023566,0.888755543598837
1369,0.919638833784004,29,1.1969033324862,0.991555532403428,0.856200171337711,0.477465524804241,0.888755543598837
1370,0.666918264732297,33,0.893328874618158,0.834445144244806,0.621087567481051,0.340998783350672,0.895877355751324
1371,0.637339083031632,33,0.853817407439089,0.727599927144694,0.630785701190568,0.34572497651858,0.895877355751324
1372,0.821370696308947,34,1.09616673794682,1.00194912525771,0.856123116287282,0.480075156876637,0.89693201745937
1373,0.70096801326131,34,0.91579235966268,0.849814897967827,0.690260725381764,0.377465327645066,0.89693201745937
1374,0.859362501689998,34,1.08988969598427,1.01379342623163,0.841210478101245,0.461321379926805,0.89693201745937
1375,0.688136198075119,34,0.895335304618921,0.849580433090136,0.69702734397421,0.383153518214665,0.89693201745937
1376,0.874080648952952,34,1.06941213066232,1.01458787256806,0.897152857044193,0.498623217463103,0.89693201745937
1377,0.933930293742574,34,1.07409161087908,1.04220810256683,0.982007673244269,0.546016123891892,0.89693201745937
1378,0.594988344594045,36,0.705305238133728,0.690175048205319,0.614605909414539,0.34099745521431,0.892039676738925
1379,1.00879166818829,36,1.17790501923794,1.13185883128907,1.02707067791305,0.569563724157733,0.892039676738925
1380,0.880383620840712,37,0.959192248010299,0.962844979291365,0.872029377228476,0.487162008856734,0.890846592356792
1381,0.782531677267778,37,0.847697882223859,0.851436295948681,0.734533064058864,0.4034036545157,0.890846592356792
1382,1.26733667193037,37,1.32555402749634,1.34575338526539,1.25665603602171,0.702714215934608,0.890846592356792
1383,0.980683831281824,38,1.02450541269735,1.03999752090458,0.962165399556827,0.539926413067833,0.893714137437899
1384,0.819769194581217,38,0.813174831539617,0.851625272769528,0.800995399024636,0.446152497987632,0.893714137437899
1385,1.07088506103972,38,1.08737657608053,1.14533830956285,0.981999937661527,0.550807532193498,0.893714137437899
1386,1.07214581182757,37,1.10808941900032,1.16969066942604,1.03878324971143,0.594659436383343,0.887018353365683
1387,0.982880746343669,37,1.02070316805688,1.05568890060897,0.938746062875413,0.527290501600268,0.887018353365683
1388,0.956520288429424,36,1.00443324211855,1.04014233285049,0.886364318306361,0.495874981745531,0.882088870595572
1389,0.89185232588035,36,0.889818042724474,0.939233546943459,0.834724805282439,0.473526839270932,0.882088870595572
1390,0.924591826304841,38,0.92732234357683,1.00129052665447,0.93153548529049,0.516477747057303,0.885493933249832
1391,1.17868471665665,38,1.1766476126772,1.26214082980148,1.15563224196425,0.644788760169628,0.885493933249832
1392,1.04547345857971,38,1.04374438335497,1.14208830778149,0.997713317505149,0.560545542318109,0.885493933249832
1393,0.833817993575013,38,0.898457080392414,0.960339028093393,0.835030461458863,0.473981598850477,0.885493933249832
1394,0.859720397605882,38,0.874992637832206,0.936930501920533,0.838971932214896,0.457491162129576,0.885493933249832
1395,0.895662446348008,38,0.916198475202985,0.992619327551138,0.901597239994337,0.494855337554465,0.885493933249832
1396,0.880912548164635,38,0.908884418564029,0.976917221156731,0.864943109413538,0.482470417887378,0.885493933249832
1397,0.990571075612265,38,0.999705637113649,1.08810264735278,0.940355446749441,0.519351203280597,0.885493933249832
1398,0.873724253654453,38,0.877824815002562,0.966121670268978,0.779983945650302,0.434340077255749,0.885493933249832
1399,0.890818397987001,38,0.887477105135234,0.97605719304772,0.859215994607759,0.471974221590048,0.885493933249832
1400,1.26397339687393,38,1.24616185899719,1.35504796041877,1.14711058598612,0.627066556381187,0.885493933249832
1401,0.988882304035925,38,0.951536625915032,1.04016669447624,0.890023321458081,0.48967297548814,0.885493933249832
1402,1.01287098486029,40,1.0131426071197,1.11275035190441,0.932693792584653,0.511114131926635,0.894575333278648
1403,0.843719592087486,42,0.848331251906683,0.927092441956599,0.772527865444117,0.427395229028081,0.900711397630096
1404,1.02818138381118,42,1.01874949726233,1.13856626823947,0.916125193431195,0.517478535418093,0.900711397630096
1405,1.0547827578599,42,1.04535076358952,1.165014372708,0.944078691857377,0.519633037366838,0.900711397630096
1406,0.94555668323392,42,0.930691336600074,1.05792266670554,0.877001211151376,0.47981178771698,0.900711397630096
1407,1.02649151733947,42,1.01477134627746,1.13137858480952,0.980160674583498,0.533404428885713,0.900711397630096
1408,0.792540425811048,42,0.818755658247197,0.907152050115755,0.735806598619719,0.410857121366458,0.900711397630096
1409,1.16804759562493,43,1.10194988554605,1.21751552935994,1.0156092284537,0.557579447567953,0.901413806305657
1410,0.95113169802231,43,0.95714005922299,1.05916013748872,0.905928574968656,0.494366174070975,0.901413806305657
1411,0.962014103720577,43,0.933536822887184,1.04440144317898,0.929442243092367,0.510573107033771,0.901413806305657
1412,0.904528379087919,45,0.898867776609343,1.02044593722838,0.841106143721113,0.460497353439625,0.901477155670691
1413,1.17437861984932,45,1.16559967585177,1.30798488676418,1.10878742514816,0.603147844369577,0.901477155670691
1414,1.18109410142145,46,1.16392753775106,1.31751827896253,1.10302347833857,0.610990021999073,0.900315481292405
1415,1.04538378726183,46,1.02609304318543,1.13269923825554,0.958253180519069,0.524971797845997,0.900315481292405
1416,0.852902090964777,46,0.841124529578207,0.920248682236218,0.773249564896716,0.421579291326835,0.900315481292405
1417,1.06629452880527,47,1.04907302219235,1.15475876060117,0.972368475922186,0.526895747768745,0.901266268226958
1418,0.965355165270808,47,0.998334324306028,1.05874370873608,0.88970779175518,0.485244165471693,0.901266268226958
1419,0.899557633032282,47,0.889623399866479,0.94426958134872,0.822846608231292,0.443581455885269,0.901266268226958
1420,1.03962951075336,48,1.01387586958605,1.06710634541804,0.969458309162536,0.526630767581785,0.905141043167078
1421,0.639196512151885,48,0.630076489327409,0.642799851670949,0.670739385350235,0.363943914081882,0.905141043167078
1422,0.731716334516499,48,0.744559045378059,0.78487722954027,0.752673206190719,0.408495637673602,0.905141043167078
1423,0.959334063937745,48,1.00839021450375,1.05913503711688,0.997991099661392,0.541759594227428,0.905141043167078
1424,1.20207740422355,48,1.2450546690911,1.32157303211358,1.19657062098675,0.655654542910144,0.905141043167078
1425,1.01236498747423,48,1.01501063919343,1.09324358276015,1.02775585003214,0.57029437048199,0.905141043167078
1426,0.975772071465141,48,0.989237335883065,1.06510335494155,0.941020188385425,0.52138874116448,0.905141043167078
1427,1.16280511251112,47,1.17750409514515,1.27796325656412,1.15236430074598,0.645144356911578,0.901955399238812
1428,0.911567174526287,49,0.92983524251375,0.997578483893898,0.963272637305547,0.527932464301996,0.907199605296822
1429,0.8912948830775,49,0.874482264036548,0.925775146283955,0.911076394884502,0.503129721814863,0.907199605296822
1430,0.945234880727239,49,0.930057075549898,1.02768362317218,0.930887766205876,0.517166085676107,0.907199605296822
1431,0.977613653166205,49,0.955797257961984,1.02675767146769,0.96830628667469,0.527991784686043,0.907199605296822
1432,1.05337471365287,50,1.03530351694208,1.10947296302151,1.00036167182159,0.549862847618622,0.913585340950884
1433,0.855964673051494,50,0.839384497709053,0.901963753651351,0.878834600685088,0.486236311890572,0.913585340950884
1434,1.12460096428878,50,1.12635948187462,1.18106168954103,1.08868679622765,0.609171542693206,0.913585340950884
1435,1.09202967956963,50,1.06443529767674,1.1348011646954,1.03924307984111,0.568661275759616,0.913585340950884
1436,1.08889966727589,50,1.10584198339512,1.10800714314329,1.04353821760459,0.576871558989923,0.913585340950884
1437,1.09478369961993,49,1.07973377555827,1.14139097033357,1.11167072763434,0.618698334741924,0.912903973997372
1438,1.02657782259489,48,1.05630822535579,1.11838296625768,1.01562731110128,0.555524672828416,0.910674874878005
1439,0.738153550914214,48,0.781871280717191,0.816459922069931,0.733268887748635,0.398354639313009,0.910674874878005
1440,0.821554495658521,48,0.902490525361826,0.923803731908926,0.875346382388103,0.475872242462372,0.910674874878005
1441,0.933051716711321,48,0.962847505671096,1.00527043308999,0.968064321031724,0.523836793529603,0.910674874878005
1442,0.729515249202391,48,0.823382909882768,0.829559123669131,0.754847460021494,0.415020041525868,0.910674874878005
1443,0.7845517719909,48,0.926217980863151,0.901074611094356,0.833119510923078,0.446750815997689,0.910674874878005
1444,0.851928036514493,48,1.01835013031819,0.984672476613919,0.891480686881753,0.484251240344467,0.910674874878005
1445,0.917683549909756,48,1.06756206796555,1.00703423640724,0.960732798416462,0.52306871051081,0.910674874878005
1446,0.887153890127871,48,1.03036178443734,0.94400937316672,0.915234348354274,0.500130050530522,0.910674874878005
1447,0.89298065419267,48,1.05436103150727,0.954673892311235,0.935660250389715,0.510392228256555,0.910674874878005
1448,0.9105250506144,48,1.1094085620834,0.980288459164638,0.935385821492744,0.506238300197429,0.910674874878005
1449,0.612403020477002,48,0.748048116434857,0.654853431732141,0.626479054058875,0.338658379684641,0.910674874878005
1450,0.795165181220289,48,0.981373841095368,0.857125735865694,0.811492085288968,0.438823012459789,0.910674874878005
1451,0.76490596340635,48,0.97008269240107,0.850318340701204,0.783006711756625,0.420139389770452,0.910674874878005
1452,0.663715499282148,48,0.864302007097721,0.755475968752264,0.671229683609822,0.362110489790144,0.910674874878005
1453,0.620720794009481,48,0.816484955163097,0.700331331178938,0.63963016933085,0.343059144792155,0.910674874878005
1454,0.926021616081725,47,1.20297639538485,1.01887417618968,0.944885421688618,0.51258992254929,0.908434793832458
1455,0.749250772959238,47,0.9695734043766,0.837866716282378,0.73302412542951,0.398078717387511,0.908434793832458
1456,0.548579552664674,47,0.724118196840139,0.625314228958165,0.527612231956838,0.282434841757897,0.908434793832458
1457,0.748326960928814,47,0.953149015700609,0.835336788436015,0.715048909343795,0.388290883850604,0.908434793832458
1458,0.857600409036013,47,1.112213962172,0.952163249624572,0.842471757507016,0.454346069898798,0.908434793832458
1459,0.805188920036479,47,1.03539606834214,0.889718015969953,0.800193074688191,0.428922808954138,0.908434793832458
1460,0.875201643375966,47,1.16347367645384,0.961657075379299,0.841214017434277,0.441960162593295,0.908434793832458
1461,0.667524415259376,47,0.970932493168262,0.800128004966038,0.708624731823428,0.379934137309895,0.908434793832458
1462,0.854527513725611,47,1.12307314274686,0.963460602876058,0.853509505695424,0.453223605132105,0.908434793832458
1463,0.816182166682244,47,1.0149386054882,0.894523325779188,0.816078147323566,0.438124308054633,0.908434793832458
1464,0.790710769689667,47,1.00242857800296,0.869338048447602,0.791683844497869,0.424680667066706,0.908434793832458
1465,0.783154881822129,47,1.02990825014712,0.886540531972005,0.772044023144987,0.411955301326768,0.908434793832458
1466,0.658038667455317,47,0.859862488713904,0.733970246876821,0.654875012876504,0.353418090803967,0.908434793832458
1467,0.746691444165167,47,1.03937387113273,0.863661947180143,0.778030683499274,0.417609780694833,0.908434793832458
1468,0.742656063906774,47,0.963251106208923,0.817972293588344,0.74261321767621,0.402097918652569,0.908434793832458
1469,0.822713215001498,47,1.09885911982446,0.90609800911447,0.86884019603483,0.465272962054964,0.908434793832458
1470,0.99368859084949,47,1.27648123849108,1.08035946082269,1.02196371721511,0.549079811862435,0.908434793832458
1471,0.620251294189464,47,0.802137349880424,0.668253562457749,0.611423904900201,0.330780781304986,0.908434793832458
1472,0.684579102736722,47,0.909105017336968,0.740170416573858,0.663830908851076,0.3590581109362,0.908434793832458
1473,0.639120110504729,47,0.843436712776933,0.68529215629666,0.599320148495583,0.322801335261223,0.908434793832458
1474,0.728016108155221,47,0.977045872532194,0.786152038014513,0.704893532293625,0.37720824761856,0.908434793832458
1475,0.678938006855282,46,0.946762005340077,0.753619053114879,0.696657395861694,0.373196249371858,0.905779347352404
1476,0.634024394797213,46,0.835906900013755,0.69732726150611,0.626801747021193,0.339728733987582,0.905779347352404
1477,0.794334864149191,46,1.01370991211091,0.850278482925832,0.778678541024871,0.424386079682961,0.905779347352404
1478,0.731426889849596,46,0.960840290398616,0.793644637880525,0.706020593781836,0.379644169190971,0.905779347352404
1479,0.685035403990652,46,0.860410373130169,0.739909714664697,0.692857190325648,0.373469544320377,0.905923407762858
1480,0.872187970121112,46,1.07593812688088,0.945738425736703,0.849058965799692,0.446137527468855,0.905923407762858
1481,0.811975826702232,45,0.986341829378653,0.883277145905091,0.826336893998989,0.442970735350191,0.900592756021264
1482,0.872402021717476,45,1.05827110931519,0.918109374004873,0.867189192505117,0.466223508043438,0.900592756021264
1483,0.837603582469178,45,1.01029155977835,0.885815659549514,0.82730721614818,0.437823416986001,0.900592756021264
1484,0.876986834315595,45,0.973461004406068,0.893080864758721,0.85090941561118,0.467160364715565,0.900592756021264
1485,0.891855822101593,47,0.95707981739922,0.930432984982901,0.88030616626002,0.472864973074178,0.905974412870249
1486,0.858393258712543,47,0.936352523294674,0.913265806651201,0.885314683252774,0.473119216917335,0.905974412870249
1487,0.894843863765782,47,0.949545996400683,0.940483738058149,0.915391448493342,0.490047595359355,0.905974412870249
1488,1.12070268174464,47,1.15724351604864,1.15025125524874,1.13215616292437,0.620083259121135,0.905974412870249
1489,1.11417518880183,49,1.08599681774868,1.10437272639756,1.17889867431002,0.637015882806603,0.90933526112711
1490,0.810319087457703,49,0.79987330393972,0.828241472907752,0.782480680287137,0.431397021411755,0.90933526112711
1491,0.954039094940136,49,0.973781376736164,1.00195201413318,0.978529081116107,0.530593966963001,0.90933526112711
1492,1.00639810903272,49,1.00309248143961,1.04669012930154,0.998242697341211,0.542568655796481,0.90933526112711
1493,1.13366265933149,49,1.09128996178066,1.19499044385037,1.18225429458472,0.63707726087288,0.90933526112711
1494,1.04997760039578,49,1.02600624544648,1.10992027136186,0.977024712784885,0.520711782463822,0.90933526112711
1495,0.932644611764693,49,0.899012057257308,0.94406364604427,0.847369330690955,0.47055483368125,0.90933526112711
1496,1.00445406131194,49,0.972552041897736,1.0262786944879,0.959035160855964,0.520738790418403,0.90933526112711
1497,0.812921312956984,49,0.840842345826323,0.875108241873316,0.784935626240277,0.427386563426266,0.90933526112711
1498,0.947439324808811,49,0.885458300558686,0.973705159796346,0.894122857645605,0.480636770607876,0.90933526112711
1499,1.25493873503812,49,1.12720371680205,1.26242431552426,1.18406348139815,0.641432604179479,0.90933526112711
1500,1.12011983412993,49,1.02161758770594,1.12106440175285,1.07131093177068,0.579932356715097,0.90933526112711
1501,1.2067171712735,49,1.05797503247153,1.19857769152353,1.13601422782575,0.617416204628199,0.90933526112711
1502,1.13412699429151,49,1.05004179012149,1.13319117885493,1.12644302297065,0.61488663630488,0.90933526112711
1503,1.00194025710371,49,0.929188994759022,1.03108916159621,0.963403424930845,0.526194241831634,0.90933526112711
1504,0.941852847137387,49,0.862087234953487,0.954909237807924,0.818752237666192,0.460675764474723,0.90933526112711
1505,1.21431065941104,48,1.11367513874159,1.2215008632929,0.998073105643149,0.545193957497315,0.907356152174823
1506,1.14452668816716,47,1.02444701230214,1.13848116340106,0.986394339141346,0.531332018553214,0.908208102265156
1507,1.21740404924042,49,1.11652449066965,1.2272906372096,1.10799901895055,0.613438917165968,0.913348520871294
1508,1.19694339621737,49,1.12463819004495,1.21059457860253,1.04431997797551,0.574035052874095,0.913348520871294
1509,1.04074824705344,51,0.961708056898425,1.03223739593746,0.904300704467817,0.501259792428662,0.915323959919547
1510,1.29809343832724,51,1.15575785137171,1.2531977475961,1.13415709735164,0.624564224145759,0.915323959919547
1511,1.14025758859807,51,1.02861918189442,1.0921922551282,1.04535278354042,0.573983382114352,0.915323959919547
1512,1.04843349473377,53,0.980416646944777,0.989624124542094,0.944063113561382,0.525023700611116,0.916486743687037
1513,0.662975015525304,53,0.63409021889357,0.644989633777967,0.61025115771668,0.334504842368691,0.916486743687037
1514,1.01412675791806,53,0.996918629218434,0.968126919155963,0.926536295647311,0.508405437369707,0.916486743687037
1515,1.07995109865433,53,1.05992188856174,1.02544426696502,0.914091913972855,0.516729311852168,0.916486743687037
1516,0.861329485912925,53,0.9164912278531,0.838332409471521,0.762246372256376,0.424063699271028,0.916486743687037
1517,0.81495365213165,53,0.815438403517691,0.76259948575324,0.713094976620716,0.389115344539527,0.916486743687037
1518,0.880500397454342,53,0.900674910348029,0.847468745689805,0.756802136245633,0.412526131483229,0.916486743687037
1519,0.853504255829634,52,0.880012366572679,0.820075746093871,0.771702740617664,0.42553785954166,0.917187557997068
1520,0.719096800816675,53,0.761668951437832,0.67074169050892,0.645775915952763,0.350439223771293,0.921335055087604
1521,1.1773622060523,53,1.22159682940992,1.11042332028779,1.03745492165199,0.57179665650945,0.921335055087604
1522,0.733447381285616,53,0.775803631217007,0.688183571167354,0.68172321560972,0.37722947629077,0.921335055087604
1523,1.16473988788673,53,1.23009193127161,1.09418849528468,1.07210493912686,0.593382235804661,0.921335055087604
1524,1.12260850597688,53,1.22312593760777,1.08115796259979,1.04440771022157,0.581927507979895,0.921335055087604
1525,1.09074319748329,53,1.18025909515912,1.04759553752046,1.00925771450491,0.561460300295815,0.921335055087604
1526,0.89471458611192,53,0.985086870430625,0.873160116397919,0.847103469193683,0.459175275584231,0.921335055087604
1527,1.05679131055253,53,1.12079433294787,0.973487074025973,0.989813469093216,0.541161294899339,0.921335055087604
1528,0.755661971949512,53,0.803981082908769,0.711714785478336,0.724015317527959,0.402179950080881,0.921335055087604
1529,0.859885032982823,53,0.91349045500657,0.82296121413218,0.763909649198234,0.418629873910957,0.921335055087604
1530,1.03459026844408,52,1.08365315841277,0.99120368433902,0.919205096169913,0.499111670479146,0.920646228389645
1531,0.81718552865218,52,0.846011192813997,0.778050769839928,0.70281678468974,0.386746370946163,0.920646228389645
1532,1.01035004444129,52,1.04348190557018,0.94166376152649,0.872613375004933,0.476644959023885,0.920646228389645
1533,0.741537409712652,52,0.729693615282848,0.700820259064218,0.700803104421346,0.388069867530188,0.920646228389645
1534,0.963494126064144,54,0.977758434700492,0.914047823638053,0.881340814285414,0.482362710418705,0.924955862535597
1535,1.07469936693381,56,1.09244800275492,1.00705030334424,1.05111792961144,0.589049862845299,0.929078987928366
1536,0.904210663149045,58,0.914722347154944,0.867428833243044,0.800792761429028,0.445707427542608,0.931407309796997
1537,1.0070137670133,58,0.999914462979097,0.982419267562863,0.9911292228219,0.557052793154107,0.931407309796997
1538,0.911521601510548,58,0.892913212789551,0.879652855248865,0.830176641818655,0.464848074312109,0.931407309796997
1539,1.02797918618772,58,0.984964438449225,0.951407645122949,0.984312138653658,0.544288082308332,0.931407309796997
1540,1.15650629552407,58,1.11242005500701,1.07310940415933,1.16647360201255,0.6336868072941,0.931407309796997
1541,1.16992917881073,58,1.11340011168985,1.1165092810391,1.17141053226612,0.653778502488478,0.931407309796997
1542,1.35548849635195,58,1.26215442731868,1.2698446101714,1.35918189844281,0.762902152331837,0.931407309796997
1543,0.852707192857168,58,0.798489825991722,0.822790179712277,0.883670235190715,0.488011873039436,0.931407309796997
1544,0.837881508024326,59,0.740105351341927,0.777018391870133,0.863953767049152,0.478875065734879,0.93234143355637
1545,1.29695390555436,59,1.18911330737933,1.23593227195174,1.28032098298518,0.711193596585352,0.93234143355637
1546,1.2869596830598,59,1.13997864484284,1.20138354210557,1.28571452264242,0.715364133871655,0.93234143355637
1547,1.00855587880549,59,0.855627643791349,0.926045618376745,0.993751859126269,0.549912061944818,0.93234143355637
1548,0.903657330037445,59,0.776757420308808,0.837284582282788,0.901884901267364,0.495305356691423,0.93234143355637
1549,1.1201173219499,59,0.934524234110418,1.01517952137372,1.12640020457027,0.628379934775014,0.93234143355637
1550,1.06391404394846,59,0.873076087591961,0.983697133749656,1.08004519981822,0.609504361328857,0.93234143355637
1551,1.08254671373177,59,0.907140111703737,1.00728784732785,1.11804255407312,0.628617888060822,0.93234143355637
1552,1.43889992247979,59,1.16280673905042,1.34121335982917,1.43550805112806,0.819235322685208,0.93234143355637
1553,1.35989219725917,59,1.12142630659529,1.29788892452206,1.39697933860939,0.779649520413571,0.93234143355637
1554,1.45168374928715,59,1.18396284191223,1.35051161609467,1.50402084657096,0.852375073074506,0.93234143355637
1555,1.3954152070824,59,1.12471125217585,1.30900143468155,1.46445694067627,0.820855450160122,0.93234143355637
1556,1.32452382384671,59,1.02070160900081,1.2221175375349,1.36952473361022,0.769406280101539,0.93234143355637
1557,1.31577021959062,59,1.01338661770479,1.21159166708298,1.32091490822798,0.748249608268745,0.93234143355637
1558,1.13128094316011,59,0.869793095330113,1.02338268353407,1.11254164086977,0.62734523588729,0.93234143355637
1559,1.19100180744494,59,0.931394011970673,1.10705554861719,1.25757293717228,0.697232475218513,0.93234143355637
1560,1.3083854499327,61,1.0256809207562,1.23597199844655,1.40050338341295,0.770825887836538,0.937106660841413
1561,0.924672634365038,61,0.73843304380268,0.875161564920309,1.02276128063441,0.564225894793875,0.937106660841413
1562,1.02822650477057,61,0.824460964826909,0.987425723643776,1.15595103478469,0.643538993885967,0.937106660841413
1563,1.27452407289362,61,1.00318983074026,1.18056008621532,1.39892044539358,0.780435138950509,0.937106660841413
1564,1.24729418529163,61,0.982176330443967,1.19192904187653,1.34287191652004,0.761047213819456,0.937106660841413
1565,1.36905669347628,63,1.10386412241341,1.29171500985412,1.50239549525811,0.840872134939977,0.937295617066721
1566,1.34907488281553,63,1.10049356452315,1.2684248969726,1.48507120845779,0.832046872432461,0.937295617066721
1567,1.28665213956968,63,1.04223060546315,1.20824087337091,1.39416409742676,0.778837273786707,0.937295617066721
1568,1.29546223729848,63,1.0253325387882,1.20355520596754,1.38069244434359,0.771182473708617,0.937295617066721
1569,1.27388640320585,63,1.06117066040233,1.22378047627961,1.36465719922546,0.74717845269139,0.937295617066721
1570,1.24937886673024,63,1.03876059761626,1.20610150257699,1.36477822984946,0.751725091974923,0.937295617066721
1571,1.08766331630889,63,0.924209604838441,1.0497941135695,1.17505418622211,0.655687781804307,0.937295617066721
1572,1.24751360741575,63,1.06093985350913,1.20215721843828,1.31734778085852,0.738104978312463,0.937295617066721
1573,1.27576381999919,63,1.08822841615091,1.23031300216255,1.34393410317315,0.746725944043392,0.937295617066721
1574,0.955588987448442,63,0.821817923926006,0.917161493293634,0.997165292782862,0.558093592647001,0.937295617066721
1575,1.158850803197,63,1.03905622642735,1.13978128086933,1.19377639531564,0.673744277574021,0.937295617066721
1576,1.06626730131197,63,0.958302604390394,1.0427515363929,1.10215754276496,0.617762038852176,0.937295617066721
1577,1.13285210761154,63,1.01787473092994,1.11269513754536,1.14723624735228,0.641645240515656,0.937295617066721
1578,1.06402207321313,63,0.98558308572204,1.04255823199162,1.06970646624643,0.593502001418114,0.937295617066721
1579,1.177847927307,62,1.10944667106376,1.15348556397818,1.1692714131306,0.645054850957469,0.936250451066405
1580,0.813222694634373,62,0.786654559119643,0.807131299961095,0.802200242618013,0.448552611903804,0.936250451066405
1581,0.996031794737817,62,1.02018951205128,1.01542858506328,1.05519352424285,0.58017783766606,0.936250451066405
1582,0.905048032347092,62,0.914607819877322,0.873580862724119,0.900341568811648,0.493519200461204,0.936250451066405
1583,0.817838888140034,62,0.829671108987318,0.795504035554669,0.82993395711642,0.456427347753173,0.936250451066405
1584,0.892724354481584,62,0.92968411975357,0.886849075588597,0.89767353306753,0.4913140499372,0.936250451066405
1585,1.02766859591474,61,1.06634722869291,1.00871667026729,1.05197693424433,0.579975172487966,0.936103937809928
1586,1.0570406646372,61,1.09890093815092,1.00045717096179,1.05991193410197,0.592494692500544,0.936103937809928
1587,0.952222725404755,61,1.01755756226484,0.940932798529812,0.983146505842326,0.548009701784324,0.936103937809928
1588,0.897888712821125,61,0.970995481292745,0.895940934994052,0.930439297785519,0.512674167121386,0.936103937809928
1589,0.948699461862321,61,1.0275453530225,0.926801525249657,0.9595474246871,0.534550520871807,0.936103937809928
1590,0.861697990158448,63,0.973926700797803,0.844318834181222,0.893859699971454,0.496728011863054,0.938267640971296
1591,0.785391836386764,63,0.886298428421801,0.775163290964144,0.791446164008128,0.435931715391399,0.938267640971296
1592,0.917097945858498,63,1.02795918398536,0.932542362499531,0.91509164079914,0.504572459199782,0.938267640971296
1593,0.633951850565101,63,0.708898167323701,0.646027606475132,0.640781597817719,0.350827099495819,0.938267640971296
1594,0.960257748247932,62,1.11071362837081,1.00923984505871,0.939092802141828,0.51727677388549,0.937177739987787
1595,0.957923325449908,62,1.06797723751971,0.97672909654077,0.921033605295978,0.508868716417306,0.937177739987787
1596,0.800549926872296,62,0.912042901249276,0.828390788880618,0.785113490240915,0.431223422102408,0.937177739987787
1597,1.21259521397841,61,1.35110588263985,1.20868185827628,1.17566566963744,0.649179399939059,0.936399261294093
1598,0.894051132041348,61,0.985601371945322,0.879650541733145,0.891937103624641,0.49421049554297,0.936399261294093
1599,0.925406366143838,61,1.06221306307719,0.937671027034685,0.931557351820371,0.5162931798106,0.936399261294093
1600,0.634959697967298,61,0.718166432029567,0.625152946370983,0.619336649105483,0.341598874101815,0.936463092709829
1601,0.771833800766482,61,0.890830203897574,0.784323253182209,0.757762458800066,0.415911015705333,0.936463092709829
1602,0.868553538566195,61,1.02034471269846,0.875452327598136,0.829367739503034,0.459741173394106,0.936463092709829
1603,0.938287625647953,61,1.10813970505128,0.923153417716356,0.908383990238815,0.499264514866258,0.936463092709829
1604,1.16024070759037,61,1.3612596917995,1.15378320261579,1.10315460299133,0.596741308591797,0.936463092709829
1605,0.736353439730519,62,0.862210831112176,0.757276396266403,0.714455017717874,0.393441829085653,0.941670077065968
1606,0.762813918756,62,0.864258988126179,0.787039430513745,0.746571953096624,0.409974399855031,0.941670077065968
1607,0.67501422354973,62,0.76120459234184,0.688076503696735,0.676502134127995,0.36808415451575,0.941670077065968
1608,0.755661526054599,62,0.814255469943754,0.749548325925224,0.731224195199323,0.396174316744576,0.941670077065968
1609,0.922326333868678,62,0.980020853871314,0.886361595086005,0.908117139033606,0.498143814076464,0.941670077065968
1610,0.904213653908669,62,0.947412193094434,0.860266484197928,0.882211100552881,0.485739909027447,0.941670077065968
1611,0.973767447412387,62,1.00450331073861,0.970101838915145,0.912535710804767,0.5038751499271,0.941670077065968
1612,0.863767076984184,61,0.89331555072859,0.852337361061574,0.804605447070915,0.444262671604729,0.940574424731415
1613,0.930937494060008,61,0.947928496654124,0.933027573272577,0.911552749929556,0.503393669518487,0.940574424731415
1614,0.971664090457913,62,0.99077957557951,0.950389817747375,0.948122932040086,0.519758767669628,0.940060181209554
1615,0.995293079837463,62,0.99457183734152,0.964435870177524,0.989297341394785,0.542135179244383,0.940060181209554
1616,1.16169230939289,62,1.10216476571356,1.12456541443516,1.12450881073257,0.622753767003376,0.940060181209554
1617,1.08443758794426,63,1.06141348025013,1.03752543297378,1.06527786508547,0.589158272696258,0.940822286480502
1618,1.17157629471376,64,1.19805060001106,1.18627897528988,1.19554998260626,0.661617504919895,0.942559443978903
1619,1.01861994319501,64,1.03909429607337,1.02168490479801,1.05602692034878,0.582338235904913,0.944589255608282
1620,1.17521845504031,67,1.18743801112167,1.17829905053262,1.17454268901036,0.652193152393032,0.946245843817292
1621,1.10180727766972,67,1.1250123676761,1.11402937757328,1.16802452864209,0.647377829823807,0.946557064441778
1622,1.06705660591111,66,1.04946109280165,1.04502195646629,1.11789352591747,0.610594756948893,0.946359309237339
1623,0.669858088294208,68,0.678728444831705,0.684021998750038,0.677402937994832,0.368919661441439,0.948650935523535
1624,0.832924096736837,68,0.837419387122859,0.83813388664514,0.828842428796985,0.457012075022865,0.950286172134507
1625,0.980443533805555,68,1.01627094631499,1.00220463155468,1.00749667185668,0.548808029366013,0.950286172134507
1626,0.880974051286524,68,0.892565976701009,0.908648421039543,0.916130398006012,0.502942412466216,0.950286172134507
1627,0.816031108383047,69,0.80019146866039,0.83705520755673,0.812641084238251,0.444777331969449,0.950681436174618
1628,0.997720375976822,68,0.966743916379639,0.988659739414662,0.991555153815079,0.547113892546839,0.95088258410305
1629,1.02593751664709,67,1.01639201714171,1.04676494014623,1.0539813380066,0.583147698800031,0.951046467047447
1630,1.11628573342039,67,1.03664792243285,1.10859411273686,1.06249796843022,0.587817562667839,0.951046467047447
1631,0.90168877758302,68,0.833786911779892,0.892269061737898,0.8699676606015,0.474719084095602,0.951554436942602
1632,1.00783513850714,72,0.974993556638835,1.02254527809074,1.0239267857284,0.565404842841418,0.953879078587319
1633,1.03271017983342,74,0.976128534263818,1.05616147495962,1.06677260813959,0.588855883075695,0.954927440584723
1634,1.09877294284134,75,1.03228483803115,1.1223179379064,1.14288774331178,0.631498597812353,0.955045127787784
1635,0.779739581665803,76,0.730455185079358,0.789842275965438,0.822354017175708,0.449135246793021,0.955867811706929
1636,1.35340812838938,76,1.21429564414118,1.35415070111668,1.37991220318331,0.764345123400267,0.955867811706929
1637,1.38110295078625,76,1.19319124532749,1.35696358399346,1.35386996494153,0.751589928935154,0.955867811706929
1638,1.29706027039432,76,1.15876054469744,1.29188191231259,1.28157255611791,0.71072366520633,0.955867811706929
1639,1.20060695772425,76,1.06812167641843,1.19072965095818,1.17075844467667,0.647151897706909,0.955867811706929
1640,1.04780756481614,76,0.97110192729797,1.02787100574255,0.980281469144879,0.542332761739415,0.955867811706929
1641,1.17638136631663,76,1.10242630227604,1.19323015137942,1.13795185962499,0.623402671474998,0.955867811706929
1642,1.05646838460433,76,1.00627937816037,1.0822855841679,1.00323937704737,0.557706602018483,0.955867811706929
1643,1.00532551723113,76,0.941626365449987,1.01773906912331,0.951715868159629,0.521774503584574,0.955867811706929
1644,1.11847577495063,76,1.08230440032823,1.13716153286662,1.08738599926255,0.60170156954649,0.955867811706929
1645,0.945103249213136,75,0.925213121835842,0.953377683699825,0.901304377691109,0.490724446513809,0.955561467170132
1646,0.85182573086134,75,0.831724777650644,0.851633755448342,0.782658068298021,0.428773962917772,0.955561467170132
1647,0.860443705666885,75,0.832575345593447,0.869468334146364,0.805360215569667,0.441305894685419,0.955561467170132
1648,1.00246886352235,75,1.00022277214218,1.01410899795377,0.924942162821224,0.503484000137785,0.955561467170132
1649,1.01549382702691,75,1.03303406137247,1.03829367110714,0.910377277664982,0.508422737091639,0.955561467170132
1650,0.969528167828716,75,0.998264253428949,0.986899289177758,0.883720360235568,0.48464602914764,0.955561467170132
1651,0.691067813755832,76,0.712301813143594,0.714476392880624,0.645826714624534,0.35593063053598,0.956886068229101
1652,0.689188256347394,76,0.699196018804336,0.699858680232617,0.641645391636088,0.354717667468944,0.956886068229101
1653,1.11868754880263,76,1.14742701785964,1.14657890184355,1.02142104086171,0.570628295290666,0.956886068229101
1654,0.976344033730826,76,1.02018155410186,1.01364854685743,0.883088301511296,0.487441701405606,0.956886068229101
1655,0.889028657535289,76,0.926497770326364,0.914104371810129,0.805183125164465,0.447018858056993,0.956886068229101
1656,1.11483363495427,76,1.14595470559566,1.14371803997882,1.02722118379287,0.561962780810253,0.956886068229101
1657,1.05356497082299,76,1.07327449189934,1.08791711785267,0.958144623662866,0.525293146463987,0.956886068229101
1658,0.781252723723886,76,0.785976164546014,0.810460122290561,0.681958117158073,0.381140294816771,0.956886068229101
1659,0.799669111534405,76,0.805349656686591,0.833573709947728,0.744544029490331,0.404811865391038,0.956886068229101
1660,1.19204504959345,76,1.21836205760639,1.24448244824005,1.09193705588596,0.599305486553423,0.956886068229101
1661,1.13236773803826,76,1.17707669758284,1.20427917093335,1.03685393206933,0.570532725153042,0.956886068229101
1662,1.09161891312967,75,1.12502245168233,1.14035344370922,1.00239134006773,0.549686791091617,0.95674532256724
1663,1.37189422614348,75,1.38527448917425,1.40986853732087,1.25912771841946,0.696364925239266,0.95674532256724
1664,0.9484910665009,74,0.976534346243829,0.969653085261014,0.803328312556855,0.44708093010586,0.956025295584648
1665,0.871777239400299,74,0.905955658855307,0.919632039108807,0.777964175784443,0.427379058581922,0.956025295584648
1666,0.967032122265598,74,1.03433519316295,1.03029272118283,0.893818553515032,0.501626522959157,0.956025295584648
1667,0.810801492805746,74,0.870860584871161,0.869774861105163,0.752510064398779,0.409482504493692,0.956025295584648
1668,0.995889507180053,74,1.06801027679962,1.04046729926465,0.917208711679867,0.501238108158987,0.956025295584648
1669,0.771422281527522,74,0.838510647676307,0.841628009616362,0.686817299939971,0.374805046628174,0.956025295584648
1670,0.645327961746742,73,0.71214247112938,0.693442355165054,0.600787684090392,0.324401936922464,0.955642592161274
1671,0.778635007753913,74,0.86042978772678,0.827503838394313,0.703800031467608,0.388027675573554,0.956798732804261
1672,1.08017546811725,73,1.17522418096248,1.13832051629516,0.974819451806222,0.533879412231996,0.957226308552777
1673,0.920047087801741,73,0.997902016487228,0.966924805145301,0.829110268630025,0.45751853850012,0.957226308552777
1674,0.784819442988022,72,0.845984151044965,0.833946313857138,0.710744737421828,0.391307180275396,0.957444176121263
1675,0.875211223370564,73,0.988486127785827,0.935660355181425,0.792627016315826,0.434906383834124,0.958452768167183
1676,0.856674832883225,73,0.963888393225917,0.908035299981139,0.783644838887664,0.427970667062746,0.958452768167183
1677,0.859041400475262,73,0.970263297266171,0.943913612747025,0.770403757263418,0.425156807534129,0.958452768167183
1678,1.04838597867468,74,1.15252232610592,1.10843659229341,0.919729197137684,0.514849425148508,0.959267649177017
1679,0.81206657028769,74,0.906050389018347,0.874715904834918,0.725244596337798,0.40286576183757,0.959267649177017
1680,0.943181589408776,74,1.03478778411202,0.976366566890686,0.823322871400122,0.449841889907165,0.959261045062248
1681,1.07829741350477,74,1.20306302173479,1.14683360109825,0.947866466213239,0.521839997879577,0.959261045062248
1682,1.03363210683147,73,1.15041840066881,1.09082869027281,0.913806474647586,0.503870331056725,0.959069934176668
1683,0.873956921402833,72,0.935274166883819,0.901962217847704,0.744967720947492,0.410962238812006,0.959467028571268
1684,0.832596398891175,70,0.930722438955881,0.866445627866676,0.704461460830252,0.389322889989513,0.958687004961585
1685,0.602983297490613,70,0.687838975457017,0.666008405619505,0.497039345689665,0.266167489205563,0.958687004961585
1686,0.89226093693907,72,0.970094147588034,0.92282177524703,0.724323877657363,0.403478053744801,0.95953858297228
1687,0.632943119724909,72,0.692117026871002,0.683981144318326,0.529876057608307,0.293684734512676,0.95953858297228
1688,0.827851500044406,71,0.898984021828413,0.88201657621487,0.682797722747521,0.381593115232692,0.959162488090819
1689,0.88310552147124,71,0.966819459366248,0.939387517328526,0.745025034141121,0.40771727217137,0.959162488090819
1690,1.11437834570959,71,1.20687722775839,1.17661506618747,0.945121753940029,0.523610065456524,0.959162488090819
1691,1.15931570355294,70,1.26460941997983,1.23507939949822,0.9887089468484,0.546535692715339,0.959529223701373
1692,1.07880554572316,70,1.18540001782625,1.13604577893338,0.928650451049174,0.508504499805886,0.959529223701373
1693,0.909952835698113,69,0.986030967228873,0.984623043795306,0.735192694347787,0.409421314956543,0.959182178314681
1694,0.965660077955386,69,1.06560698564637,1.0161891595059,0.810552400096152,0.44601315020346,0.959182178314681
1695,0.796237658287441,69,0.897631769011632,0.818951906126547,0.67302276107906,0.371170787348436,0.959182178314681
1696,1.06461022736848,69,1.18716537516021,1.07102514399434,0.900727884157686,0.48958410831051,0.959182178314681
1697,1.14111783232054,71,1.31969973663539,1.16749900972427,0.960662088228293,0.525864385201254,0.960151145812838
1698,0.97346104157655,70,1.1905577798178,1.0063521054581,0.84212092851329,0.45662069585624,0.95991950926116
1699,0.602538565941703,69,0.770220585981206,0.623866725220148,0.508774426844862,0.278502961485848,0.959594849048852
1700,0.554610477006563,69,0.730984115854332,0.580125775290431,0.475858575725149,0.260419254145648,0.959594849048852
1701,0.525535095303983,69,0.693792456485316,0.546962873144134,0.411768496170512,0.22511905239564,0.959594849048852
1702,0.788376172928882,69,1.07075062939286,0.8265636056452,0.626834112822525,0.34093603642471,0.959594849048852
1703,0.578093238365316,69,0.804072181799321,0.611242114742304,0.470203823106102,0.253912753728778,0.959594849048852
1704,0.526707444564769,69,0.739915503362711,0.54776311745695,0.429297953710788,0.232034230064882,0.959594849048852
1705,0.55548341860667,69,0.801022274672299,0.582908758427866,0.44966454115733,0.246213520882455,0.959594849048852
1706,0.609001225082581,69,0.872915884166013,0.642904976863302,0.492220363738558,0.266183861737178,0.959594849048852
1707,0.682850268529109,69,0.96574561494856,0.711232791215692,0.524537745951118,0.287041229521595,0.959594849048852
1708,0.796301638302364,69,1.14801208938429,0.85785684574496,0.62507214381951,0.343031184808156,0.959594849048852
1709,0.724224472106996,69,1.01394766118294,0.767228120980142,0.574269491778763,0.312045475962093,0.959594849048852
1710,0.721206801957327,68,1.00230124957428,0.764051242054482,0.561667465260155,0.304509423928506,0.959056391860494
1711,0.749947473553031,68,1.01043162017428,0.766302191421648,0.566108702223441,0.298493644306179,0.959056391860494
1712,0.739321447994747,67,1.00116657691829,0.771473430696701,0.550658302032996,0.292340902921735,0.959252299248199
1713,0.75100189720897,66,0.979210684726246,0.787796248611384,0.58146910967994,0.308642778820805,0.958726096703669
1714,0.704116790926758,66,0.877189800534383,0.725385074442192,0.521004294758689,0.283580307946048,0.958726096703669
1715,0.926688782440803,66,1.1344004128882,0.952487755716986,0.72780013783432,0.395984910304938,0.958726096703669
1716,0.813731930969091,66,0.977277879237616,0.830208529041993,0.638510687289538,0.343667215957243,0.957588450596292
1717,0.77809313019497,66,0.901807180702725,0.807532304261367,0.593276232712328,0.321533683763974,0.957588450596292
1718,0.797629058587379,66,0.926557545244841,0.815585230562748,0.57306943105559,0.31380832021757,0.957588450596292
1719,0.887373563096652,66,0.990738789235744,0.922226550654079,0.677205641115909,0.370665040504302,0.957588450596292
1720,0.93709964864649,66,1.02650896462196,0.971938779922096,0.709699357991989,0.379551281474517,0.957588450596292
1721,0.829883681086936,66,0.863488896930881,0.833642610828039,0.613729006976385,0.331746393099456,0.957588450596292
1722,0.909216298583016,66,0.91493906263458,0.925661154096428,0.700058746180007,0.373742172188633,0.957588450596292
1723,0.820009231091817,66,0.811106131909591,0.815293937767499,0.623080536475648,0.339796828254734,0.957588450596292
1724,1.02354634559711,66,0.987265973014545,1.02350914456351,0.770683356196711,0.422555427988752,0.957588450596292
1725,1.05455660273168,66,0.981799827758826,1.08848655363942,0.810445669741377,0.443696826974039,0.957588450596292
1726,1.24803538456339,66,1.15629306862483,1.27574378071891,0.906212904480555,0.49104565680298,0.957588450596292
1727,1.30027886604911,66,1.18153234385256,1.32489374910896,0.998544635722564,0.545011006367899,0.957588450596292
1728,0.842343917147238,65,0.741256273264634,0.840655420717065,0.635876595738122,0.344146472096897,0.957111423540011
1729,1.19634365614699,65,1.05796043142596,1.22074354150464,0.924215550180963,0.500247878064082,0.957111423540011
1730,1.31989760076768,65,1.16467412670825,1.35054237521795,1.00900648345678,0.550399580181011,0.957111423540011
1731,1.66087295309997,65,1.43538768104209,1.66851889320814,1.25752872946204,0.690240777744159,0.957111423540011
1732,0.822541347412957,65,0.719140536592585,0.852783061596274,0.653552267586347,0.362642245864071,0.957111423540011
1733,1.23221085129171,65,1.09170101254643,1.27736515298985,0.960745099177246,0.538645605827716,0.957111423540011
1734,0.998454528695305,65,0.915194015119654,1.04366535740219,0.818005291075572,0.442957402897415,0.957111423540011
1735,1.07324696782694,66,0.978250603506947,1.11539949866343,0.834775848159107,0.464263230802366,0.957215301641468
1736,1.05072736405507,66,0.971178560651245,1.06130216744135,0.813861717664763,0.444285081139273,0.957215301641468
1737,1.19714580040121,66,1.1085513606592,1.1753284374309,0.883034209754306,0.485659158283345,0.957215301641468
1738,1.05801954123035,66,0.998661375426057,1.07554124262742,0.783637449079121,0.430244321576262,0.957215301641468
1739,1.03514303328264,66,0.988058529294886,1.04213043916588,0.784207198980651,0.429411963475604,0.957215301641468
1740,0.907260776846412,66,0.878837808575464,0.919530444946803,0.679095540745554,0.376725837238148,0.957215301641468
1741,1.05621690167156,66,1.01119370526958,1.07024353170817,0.799297569596785,0.444096250869688,0.957215301641468
1742,0.887027040436621,66,0.855882461043401,0.896565880550282,0.681891771993781,0.377833031616987,0.957215301641468
1743,0.9629886688325,66,0.957172321873355,0.989862846550337,0.731266901850593,0.406740990970532,0.957215301641468
1744,0.786123624620028,65,0.783913869462135,0.806429976071625,0.604425510649961,0.335904638087931,0.957339057495209
1745,0.922337412895206,64,0.936465348627208,0.957032056231369,0.716757504858485,0.396400400414454,0.956981405906265
1746,0.984475901907271,64,0.994356755751344,0.996165844954593,0.749737444218706,0.412977573760353,0.956981405906265
1747,0.902504448625231,64,0.904986799573912,0.93015624850625,0.668103784816474,0.367988066388719,0.956981405906265
1748,1.00287973404976,64,0.990824096924659,1.01204369662343,0.759283265429959,0.419307869723593,0.956981405906265
1749,1.1376229929225,64,1.12066008527639,1.15961084943649,0.870113283491301,0.481830231435044,0.956981405906265
1750,1.07004314419885,64,1.03667310430355,1.08136061211781,0.822424686434944,0.449575074556736,0.956981405906265
1751,1.02111195818629,64,0.988842570366201,1.04904108160072,0.770768239382439,0.423913057475581,0.956981405906265
1752,1.03357858137842,64,0.981193856585674,1.03083411866238,0.807606144856574,0.447638809000541,0.956981405906265
1753,1.12350099003781,64,1.05411253298079,1.11669782751168,0.887292995396527,0.496439691952802,0.956981405906265
1754,1.25955800520611,64,1.16563076677018,1.26969678218746,0.981182106749689,0.547078389231675,0.956981405906265
1755,0.787362533832601,64,0.730861882843281,0.788931160927512,0.628933105130312,0.346617643987389,0.956981405906265
1756,1.1014558126252,65,1.02444470943292,1.09893906441336,0.850328536447777,0.468428802793761,0.957477899641714
1757,0.865217108515606,65,0.815407187609307,0.87810287689093,0.660715314244438,0.366402436932692,0.957477899641714
1758,1.15870070405783,65,1.07353644035504,1.17109444139656,0.925688401021214,0.511653907400638,0.957477899641714
1759,1.12221878054597,65,1.01256882775451,1.1537081874089,0.880356419226618,0.487291203722087,0.957477899641714
1760,1.02879025204022,65,0.915327811693194,1.04981685546738,0.816711384451068,0.455000462686604,0.957477899641714
1761,1.47911946789953,67,1.28877687330036,1.51250380164399,1.13145014181503,0.628099708762937,0.958676567783463
1762,1.27705397305136,67,1.12147988167008,1.30266801768336,0.974404625150874,0.526502504751731,0.958676567783463
1763,1.06512145862605,67,0.924437013545825,1.10204270529913,0.866292477379967,0.468780963302104,0.958676567783463
1764,1.07487662659592,67,0.917976967849796,1.10786168147881,0.869598253845495,0.487841521210173,0.958676567783463
1765,0.866761354101615,69,0.758943657309065,0.884977962336376,0.715120785513256,0.388662766604148,0.959780303634906
1766,1.32704234465782,69,1.13812108198844,1.33775071683602,1.03115853748344,0.566552445281724,0.959780303634906
1767,1.0585642261066,69,0.903665633335149,1.07930552563374,0.835431998614389,0.461670233580152,0.959780303634906
1768,1.13098835942387,69,0.978679406017459,1.14255245362193,0.880898601650512,0.484057279506852,0.959780303634906
1769,0.957213550606179,68,0.82120530233933,0.969480988859531,0.730938715904464,0.402830692529912,0.958686271748328
1770,1.1221782821316,68,0.960660278902479,1.15411931641112,0.839371599052122,0.462202873630071,0.958686271748328
1771,0.983541874719971,68,0.846333697795457,1.04297708716281,0.763905706741071,0.424914962364098,0.958686271748328
1772,1.45760617117265,68,1.24128762588194,1.49094324489072,1.03679371642308,0.577086424257534,0.958686271748328
1773,1.07461151790963,67,0.93967283337956,1.10798735194728,0.803513638436028,0.443998325223306,0.957662189053521
1774,1.28828837242958,67,1.14774690322843,1.32610048241948,1.01121498880774,0.555991630867825,0.957662189053521
1775,1.20671907212671,67,1.07332521297994,1.21189319208502,0.933361202398869,0.526965466148793,0.957662189053521
1776,1.47012300767388,67,1.30083146261485,1.48591824465717,1.14483759712167,0.640459143242558,0.957662189053521
1777,1.23876855860936,67,1.11954972841457,1.26042255014988,0.96502165593147,0.536443255317755,0.957662189053521
1778,0.951233983222084,67,0.876044574319929,0.95379448874846,0.714693493088935,0.402547700775421,0.957662189053521
1779,1.26294144674145,67,1.16938355608043,1.27668346884161,0.926462114581769,0.523905092164164,0.957662189053521
1780,0.769495293361475,67,0.722815388173095,0.800509326648954,0.587543059692365,0.330402267107212,0.957662189053521
1781,0.9330794319607,67,0.87330770593697,0.963165509832974,0.705746228690046,0.394318604148352,0.957662189053521
1782,0.877251220549911,67,0.845891534409105,0.894006272934493,0.666654343645736,0.371770203433077,0.957662189053521
1783,0.84121114948722,67,0.840868881880757,0.881413177821537,0.649619634828472,0.362825326593578,0.957662189053521
1784,0.915068180284618,69,0.926193554279577,0.959107268971178,0.707609316047334,0.39542490843621,0.958856750992038
1785,0.820209549417429,69,0.840550070421338,0.85312179128937,0.640351931100048,0.354235036255309,0.958856750992038
1786,1.19372199700728,69,1.2400378506793,1.24976149582975,0.921134156886042,0.517258641318148,0.958856750992038
1787,0.908476019176696,69,0.955836858648745,0.944310331157308,0.717448187872112,0.397903665162156,0.958856750992038
1788,0.927254839297892,69,0.97243498184517,0.971498421105365,0.700801197556573,0.389301074116236,0.958856750992038
1789,0.672015699511708,69,0.71396529089044,0.70499667711819,0.537450675470072,0.299631220030288,0.958856750992038
1790,0.882208919800069,69,0.954562260746091,0.926926785508132,0.704308666625901,0.395281912713477,0.958856750992038
1791,1.17292285154511,69,1.2300430110894,1.24891772396296,0.940314439431909,0.529933450359847,0.958856750992038
1792,1.03391569950976,69,1.09008915288409,1.09708605002259,0.829837122800526,0.466755020189741,0.958856750992038
1793,1.0345270108096,71,1.09083798870146,1.09020219979484,0.802474572511404,0.448019196515212,0.960306881626433
1794,0.814109136817031,71,0.845118258690325,0.85884441399723,0.65842951546271,0.367565964615487,0.960306881626433
1795,0.975303569939317,71,1.01319929931861,1.00325203459246,0.804425192173352,0.449859995028293,0.960306881626433
1796,0.999053003782072,71,1.03780941572802,1.04981238380785,0.797601373194927,0.451921610202277,0.960306881626433
1797,0.724284440764686,71,0.753017069286467,0.777448839183022,0.601980249518916,0.339057638144936,0.960306881626433
1798,1.06620235579408,71,1.07929546149641,1.14114047934931,0.851802997542934,0.481940870759136,0.960306881626433
1799,0.850048887539408,71,0.843222949430969,0.89069594805234,0.658098669336988,0.366394326845644,0.960306881626433
1800,0.913767215283419,70,0.885470873143259,0.960892931857156,0.75077846880552,0.422186865351559,0.959973467554398
1801,1.14196610381562,70,1.09961673635543,1.20936425279632,0.92165527732354,0.520697691450859,0.959973467554398
1802,0.893712424435593,70,0.841795243440089,0.956716600933036,0.71636100554033,0.403590419712548,0.959973467554398
1803,0.970572630371775,69,0.903646988864332,1.04917089785063,0.756916418872861,0.425801911521937,0.959253952079568
1804,1.23997499608943,69,1.16210749612627,1.35695804264649,0.945320865170088,0.534163699097976,0.959253952079568
1805,0.885754803386791,69,0.830710880879654,0.981125509314089,0.696592451740846,0.390849078588531,0.959253952079568
1806,1.10751211153789,69,1.01616471685855,1.19173288372384,0.816949382152742,0.464168635618207,0.959253952079568
1807,1.19030110871595,69,1.06387592485278,1.26462309798137,0.912818170084955,0.516453463779221,0.959253952079568
1808,1.52945521034219,68,1.36067344451735,1.6303073880934,1.16652554410426,0.662716054265223,0.958629589607314
1809,1.12468607803004,68,1.00934287007091,1.21271350074749,0.874909594692699,0.493619580883469,0.958629589607314
1810,1.24252087228848,68,1.11413857732411,1.33782655068922,0.972945218365812,0.553362864722918,0.958629589607314
1811,1.05399624295468,68,0.970416370127102,1.13064759772613,0.831035395055755,0.463827755262035,0.958629589607314
1812,0.923064344946989,68,0.863145606839436,0.98954142960865,0.731197724839953,0.408808651414426,0.958629589607314
1813,1.23626287448917,68,1.1582451591002,1.30191033824022,0.976610138080092,0.548723332433223,0.958629589607314
1814,0.915620694653795,68,0.863177334569121,0.967640127102144,0.71716973401933,0.400674951389734,0.958629589607314
1815,1.01074092719138,68,1.00004314775378,1.08599978520492,0.824903163015495,0.457688843677468,0.958629589607314
1816,1.07034911671361,67,1.06973569361945,1.15351811699562,0.840062758925892,0.46532232592241,0.958122582050024
1817,0.888532932639067,67,0.935848794548303,0.977361175345165,0.712495237669276,0.396572019741518,0.958122582050024
1818,1.01620505076998,67,1.07672339253043,1.07487209580007,0.767713087535389,0.427397890264818,0.958122582050024
1819,0.877336774911726,67,0.925849592133287,0.946810304946358,0.677979783495538,0.381039080020736,0.958122582050024
1820,0.825605206878332,67,0.902049772395476,0.881710516807978,0.615969375122757,0.340402130042558,0.958122582050024
1821,0.625055910990433,64,0.68700452620384,0.673568867359536,0.491025254822135,0.266818581175645,0.955966548510393
1822,0.723818221415641,63,0.832853023645792,0.790674996755206,0.581008201078286,0.319324076862127,0.955279745745576
1823,0.809627572079723,63,0.943112490959158,0.890789168515987,0.65047851506074,0.361617806068361,0.955279745745576
1824,0.841118791853283,62,0.970931549966031,0.895527060454076,0.660168667913899,0.366257685306534,0.954972009693829
1825,0.755689337985995,61,0.897370262510381,0.804772290126289,0.614686182547799,0.339180341557305,0.953792834301311
1826,0.864988487353717,60,1.00244937860226,0.944334108993526,0.718549796332716,0.392299554618702,0.953027435252908
1827,0.499417181619976,59,0.57382648074829,0.549237970996255,0.424332565691567,0.231577612895233,0.952540940940829
1828,1.31513868262814,57,1.52497705042434,1.45167295490018,1.09068021954909,0.604086426835248,0.951678798824972
1829,0.952594371330746,57,1.12163425068482,1.05147319627328,0.837266699080925,0.460580636619434,0.951678798824972
1830,0.759631118175054,57,0.865496210503283,0.853694791768042,0.631894829997882,0.34347827130728,0.951678798824972
1831,0.911310641660979,56,1.05166846181061,1.01185862546174,0.763462319709767,0.41621488823921,0.950773500171512
1832,1.02623343177764,56,1.13316290746025,1.15009856128715,0.817920069326709,0.448871687036737,0.950773500171512
1833,0.94479022317526,56,1.0897812947244,1.06467879059307,0.776820331692317,0.426400285986086,0.950773500171512
1834,0.975683379619573,56,1.12237914563813,1.0989117710611,0.763646055264949,0.410107902283655,0.950773500171512
1835,0.696425982643412,56,0.856479391760708,0.806880357877004,0.599554436546802,0.316454900653579,0.950773500171512
1836,0.843350346523341,55,1.01653648083332,0.965154138416288,0.710013541976038,0.386920897675475,0.95082317615768
1837,0.769022489700906,55,0.886333505592415,0.830499725805162,0.624556051532484,0.337275991607795,0.95082317615768
1838,0.824689828280696,55,0.941387631799832,0.886624227339825,0.652311339538997,0.349613666790388,0.95082317615768
1839,0.758132726015676,55,0.828264682450141,0.823071844381822,0.581506554130005,0.32082726307991,0.95082317615768
1840,1.01472908890134,54,1.17165658565512,1.07796444656908,0.804462832246171,0.443182999549339,0.950239481389917
1841,0.808000663013431,54,0.924443215459742,0.877028082830746,0.666725865959384,0.355706873993959,0.950239481389917
1842,0.829859479878423,52,0.923414475384092,0.908478313265479,0.669390042948326,0.364690570436229,0.949615640470466
1843,0.98437785804932,51,1.152563614321,1.07363062659152,0.84071008274868,0.45175213923828,0.948355368155511
1844,0.874544400135428,50,1.00018824120052,1.01303675681228,0.739040226735595,0.404254811579256,0.947626949682122
1845,0.717392184757104,49,0.851920712121524,0.817703543309582,0.617732431332812,0.329030666182567,0.946791633344375
1846,0.932152138449237,49,1.08695770049869,1.01941186670733,0.793328693003681,0.43088831351449,0.946791633344375
1847,0.882149766474799,49,1.02501348983438,0.94875938628351,0.730560082409362,0.394382105476275,0.946791633344375
1848,1.12172305523119,48,1.29437008104644,1.24473084983235,0.964940732271775,0.526889262194132,0.945799807308189
1849,0.722402137761341,48,0.844302799871186,0.815518739345719,0.633752859999343,0.351408476696894,0.945799807308189
1850,0.665201517723647,47,0.76086854213481,0.789486937795937,0.573167097723924,0.315904523364069,0.944290358543933
1851,0.747611804583126,46,0.830464871659496,0.864833827496391,0.648796012272744,0.354317825745968,0.942682280282723
1852,0.771144778009808,46,0.883415460215479,0.929600225000559,0.70439069636196,0.38692287832299,0.942682280282723
1853,0.900093037356206,45,1.01735624324524,1.0555907707136,0.781587446474972,0.430174378512399,0.941083858894343
1854,0.990959334558673,45,1.09874782303428,1.1649363545393,0.848592541895988,0.461153393579452,0.941083858894343
1855,0.956258886799091,45,1.03694739139403,1.07490343048564,0.841921986021361,0.464827704604799,0.941083858894343
1856,0.750409998804621,44,0.859220410721324,0.869828666083859,0.698974840138086,0.385024420929725,0.941436924928488
1857,0.941506550735462,44,1.03836954115986,1.12099972670234,0.855629311534238,0.467112794123881,0.941436924928488
1858,1.0115626144754,44,1.12132520861717,1.15673232207214,0.937911357087742,0.513706248958198,0.941436924928488
1859,1.00822376211041,44,1.10556850316773,1.14245273861247,0.942644183351915,0.521287791528845,0.941436924928488
1860,0.911564550020011,43,1.04919622491748,1.02971441292077,0.878592583964433,0.475707178757176,0.939955036929657
1861,0.790405681833576,42,0.949515334385368,0.942303116264756,0.820796746037238,0.452713047881879,0.938253600449294
1862,0.879220109392431,42,0.999631018718438,1.00302782551749,0.859390401578518,0.46726926352143,0.938253600449294
1863,0.803363091627323,42,0.907723525092458,0.94792395391543,0.774723135665071,0.421729136417023,0.938253600449294
1864,0.743677733601821,41,0.848584471409629,0.863746449744818,0.724656285510285,0.392898311841259,0.937934681987983
1865,1.023138214443,40,1.14633099045567,1.18424952004743,0.981339921596697,0.534874370349292,0.936902713330743
1866,0.878644095227046,40,0.991125710321282,0.982236012654602,0.848058127740454,0.471073013708728,0.936902713330743
1867,0.943906554995734,40,1.09109192708379,1.08174009886068,0.91732788801714,0.505809521918379,0.936902713330743
1868,0.914598361712278,39,1.02564645631648,1.02584600818498,0.925685475123402,0.509992742679087,0.935978744201426
1869,0.873486346445248,39,0.98949557477314,0.96022411590142,0.877734462612073,0.471846342996424,0.935978744201426
1870,0.779620057356828,39,0.907635568214424,0.867785090792343,0.783406835771834,0.419974479304187,0.935978744201426
1871,0.803464647749939,39,0.941902526380648,0.963420722638803,0.808674293103959,0.435000566540642,0.935978744201426
1872,0.842807285168541,37,0.934275449579331,0.985235434800847,0.843014475565976,0.453623914135319,0.934422856700241
1873,0.693286434115659,37,0.808532314813632,0.792338546052056,0.70250195236431,0.380365463075883,0.934422856700241
1874,0.662850261950932,37,0.794360546260468,0.779453516314978,0.67809841298566,0.368769582781879,0.934422856700241
1875,1.06768033291786,36,1.21383262908607,1.26835731910767,1.08924297332621,0.587157670625455,0.933631266323093
1876,0.863535838380137,36,0.990903847635947,1.04049317132242,0.897052391909687,0.481981038240486,0.933631266323093
1877,0.747352408864179,36,0.884794944825343,0.91096860622901,0.750523923871021,0.401403134382437,0.933631266323093
1878,0.648787578529336,34,0.794868210420897,0.797428679323586,0.684948372906486,0.371111918425395,0.933279318795544
1879,0.951112269763362,33,1.12186688362071,1.04297721932504,0.977860597677774,0.516957598485852,0.931844174228608
1880,0.994047895299268,32,1.14285982938675,1.18656177516804,1.12061510921256,0.606015506568357,0.929889168533037
1881,0.676430404181187,31,0.764248880569141,0.767961856127312,0.75830839484524,0.389286367266203,0.932226443393391
1882,1.0788982309553,31,1.1861527305326,1.29354645432246,1.15662152528115,0.618201986618073,0.932226443393391
1883,0.82810806063566,31,0.940538642132988,1.04531323878162,0.891091864837533,0.469876830787041,0.932226443393391
1884,0.98573532173762,31,1.10761761081943,1.13668171984663,1.08219143625195,0.579045117340879,0.932226443393391
1885,0.976678689474811,30,1.08886657771573,1.17185336676361,1.10846893883924,0.600927413427855,0.933438174700258
1886,1.08477682299262,30,1.15802199692431,1.2518836504886,1.18429090324795,0.641033410884176,0.933438174700258
1887,0.89961242620356,29,0.962780359214875,1.00032745590306,1.0013276987255,0.520706329606921,0.932548721656281
1888,0.976952967928144,29,1.02597926017438,1.15635813489951,1.05204035094052,0.550638596156956,0.932548721656281
1889,0.895561035492033,28,0.985632674768782,1.09019134514979,1.02435350431269,0.53681807417169,0.932282302736592
1890,0.718648311344708,27,0.780725014473293,0.856905815369017,0.796376264980226,0.427217548984931,0.932715841860248
1891,0.853766406951523,26,0.910606392347258,1.05301034960148,1.00349635777424,0.538890932366194,0.934350341912336
1892,0.481258183604924,26,0.532048936669512,0.575212149945775,0.568258368783427,0.308282070459733,0.934350341912336
1893,0.891294357137993,26,0.900675137216199,1.09955680338008,1.0337027043658,0.559040793241981,0.934350341912336
1894,0.78932181142948,24,0.864582912627263,0.956215528076575,0.902492391212761,0.481639710395135,0.932141407415669
1895,1.17036441523187,24,1.23782155375932,1.39120041228249,1.29424409461247,0.706199926184306,0.932141407415669
1896,1.10483825067793,24,1.19591633028593,1.36663688678947,1.31291457712624,0.704617083862636,0.932141407415669
1897,1.30011941860128,24,1.36129231764669,1.57349380025071,1.47759067802962,0.817783483228316,0.932141407415669
1898,1.01132013379656,24,1.04439440285628,1.16462603902053,1.13417824575952,0.61945261018083,0.932141407415669
1899,0.883523510383911,24,0.902024336819572,0.998033092692069,1.04573905325334,0.562319682240721,0.932141407415669
1900,0.854759776160313,24,0.909936832198567,1.09003550192865,1.03466698295136,0.556888911537933,0.932141407415669
1901,0.982006422762743,24,0.974561479880864,1.11804970703608,1.09309045859346,0.60997211106537,0.932141407415669
1902,0.858692564404362,24,0.901174181294602,1.06827763012881,0.944742713940279,0.527510032862406,0.932141407415669
1903,1.01544393528774,23,1.01599630153736,1.20155365745392,1.07103354967048,0.57797699782909,0.932628051102019
1904,0.978715900736134,23,0.985129759969904,1.16796093936412,1.0647958041086,0.597360975951301,0.932628051102019
1905,0.809646216534344,23,0.792235100588008,0.946957109306562,0.895214225203623,0.499640639823199,0.932628051102019
1906,1.01117870075829,23,0.966729642631439,1.1214649929822,1.07710762872989,0.589697424537603,0.932628051102019
1907,0.951500922100669,23,0.946602350444862,1.07683689134439,1.0953027903047,0.617683316357477,0.932628051102019
1908,0.927018552580009,23,0.950370131321944,1.10961356583351,1.09974209622804,0.629182227993691,0.932628051102019
1909,1.1771374116532,23,1.13806963427777,1.38989955881469,1.28719769921427,0.751215575712967,0.932628051102019
1910,1.19994474422862,23,1.19026513658129,1.47421467888644,1.34257941934328,0.793111899516522,0.932628051102019
1911,1.14885197977008,23,1.11178279720305,1.35745061863994,1.3027277162347,0.72621906619923,0.932628051102019
1912,0.782294401144145,23,0.739021623614254,0.948728800378996,0.912081911159287,0.488324582020128,0.932628051102019
1913,1.18580442640376,23,1.10788125884908,1.46824268740822,1.29725730948997,0.737022879532232,0.932628051102019
1914,1.20163299610165,23,1.09168781400531,1.42239963299956,1.29638164394249,0.743268574565432,0.932628051102019
1915,1.25552747517715,23,1.16007828815872,1.47907054369714,1.46172273357559,0.835860855882689,0.932628051102019
1916,1.0109221892998,23,0.911915725281561,1.11062418114403,1.13746990636651,0.638875183673101,0.932628051102019
1917,0.92359450947042,23,0.832912738214855,1.06934536645731,1.05799355110245,0.603878001072392,0.932628051102019
1918,0.93406384212607,23,0.831449490303327,1.06079262801275,1.04020280915098,0.603214031932416,0.932628051102019
1919,1.02716495231857,23,0.955261879052517,1.24934454530268,1.22479369847956,0.690707494082523,0.932628051102019
1920,1.04191552210686,23,0.905092365434371,1.17229835599804,1.20393781339781,0.693016091210403,0.932628051102019
1921,1.00137177282485,23,0.854564632130407,1.15655149349255,1.12661912826168,0.648395460325257,0.932628051102019
1922,0.813155174998633,23,0.666706055447512,0.94926478667349,0.945593915594512,0.559621489570981,0.932628051102019
1923,1.81731452405303,23,1.5070134509798,2.19007777604196,2.03011550947598,1.25415033747875,0.932628051102019
1924,1.12655592525161,23,0.949167929210404,1.32940270230818,1.31727681096122,0.788513961165663,0.932628051102019
1925,1.2336983236397,23,1.04270224270472,1.44559337476693,1.38950868285742,0.88334973468277,0.932628051102019
1926,1.28643930367072,23,1.06596666285016,1.60272669846939,1.55198853599721,0.935634131454861,0.932628051102019
1927,1.28446031629586,23,1.06639891441363,1.57048051574294,1.57306456971418,0.975580334431391,0.932628051102019
1928,1.1931799922223,23,0.990441214146788,1.50343254927064,1.46900855255261,0.872283259812487,0.932628051102019
1929,1.25811736353777,23,1.03152900516354,1.55410630631433,1.47471745345388,0.937743109067691,0.932628051102019
1930,1.52236779971305,23,1.22928334713447,1.80709354930593,1.68695467035275,1.14693681771779,0.932628051102019
1931,0.934467205542939,23,0.766486803592762,1.12264861685792,1.1109795045085,0.695782479776619,0.932628051102019
1932,1.04597149842064,23,0.844840977064305,1.30610264455485,1.27962859696188,0.786350781441121,0.932628051102019
1933,1.04852269288648,23,0.841317240774099,1.32412774116226,1.33736505571732,0.818913832881406,0.932628051102019
1934,1.13241166788954,23,0.924430767091645,1.45257141626416,1.34077268494155,0.845396013045591,0.932628051102019
1935,1.51867255613545,23,1.21711679697159,1.91212658069398,1.83846385170735,1.13435851184598,0.932628051102019
1936,1.31887274423268,23,1.05299547836193,1.65466488949403,1.63090314207747,1.02268173595752,0.932628051102019
1937,1.37055361259336,23,1.09771240769487,1.67001670017203,1.69988513059507,1.04130773296394,0.932628051102019
1938,1.2219388337357,23,0.965044329760275,1.38736624956694,1.46503354041963,0.905153818201423,0.932628051102019
1939,1.11275834989812,23,0.866609088319799,1.33474868339847,1.27923522112544,0.796978597799796,0.932628051102019
1940,0.93524029241775,23,0.750935292219625,1.16826082900194,1.15296646077678,0.738665628501943,0.932628051102019
1941,1.19056025357834,23,0.973658792626939,1.55841792834365,1.53675287074303,0.966079748824486,0.932628051102019
1942,1.31873811095151,23,1.09079977063467,1.75604151228528,1.74831974335594,1.09270584080358,0.932628051102019
1943,1.29886500996612,23,0.985920672892169,1.65200094495512,1.64801240696309,1.03638868842786,0.932628051102019
1944,1.37986856020866,23,1.05158096354952,1.78018759243006,1.74465950137091,1.00108433211192,0.932628051102019
1945,1.41525561512637,23,1.09393805438654,1.81022903874719,1.83468156372621,1.17208910299313,0.932628051102019
1946,1.62023462823513,23,1.22958561089782,2.07215372419112,1.96217552774661,1.29146429139076,0.932628051102019
1947,1.13349631932609,23,0.875518739981747,1.41777445888571,1.4940957209723,0.938351141504398,0.932628051102019
1948,1.14829626794167,23,0.892932765656205,1.46643717095666,1.47973874625674,0.956876371073613,0.932628051102019
1949,0.893171398833131,23,0.70318109703248,1.16312653546542,1.19614270212705,0.742808795413526,0.932628051102019
1950,1.39649338765524,23,1.0651669675369,1.81862352625475,1.74777977556606,1.14621104246764,0.932628051102019
1951,1.08379976639894,23,0.79798573463286,1.45560084316992,1.36821880992699,0.841316267539357,0.932628051102019
1952,1.32389931577277,23,0.996132895196467,1.81433579664709,1.67851737015814,0.923219829008486,0.932628051102019
1953,1.38008112595194,23,1.05176017169271,1.84980860332532,1.75786084262535,1.1063896899024,0.932628051102019
1954,1.8498756702882,23,1.38520337428426,2.3987151517532,2.20855301745679,1.47175854251219,0.932628051102019
1955,1.37140116233451,22,1.04345758070488,1.80024409035339,1.81979219233574,1.13006148332335,0.933533365841729
1956,1.36461575676986,22,1.01267709005576,1.72379546222431,1.73251603886242,1.10733834424028,0.933533365841729
1957,1.37175170643797,22,1.00339325648143,1.71635902586871,1.69455324133228,1.10327443989502,0.933533365841729
1958,1.42626212568401,22,1.05665745820064,1.820745758503,1.75098260565344,1.10532462122736,0.933533365841729
1959,1.14631231812599,22,0.858229458046949,1.44546057082066,1.4964453266602,0.942204908243169,0.933533365841729
1960,1.24917497701276,22,0.929101070165719,1.56263109206903,1.58448373401872,1.00011305738515,0.933533365841729
1961,1.31309014327948,22,0.989481498147858,1.65163596277849,1.62042260207925,1.0504506270869,0.933533365841729
1962,1.25344451081415,22,0.949502403033325,1.59329606329884,1.6038939885568,1.04007806938956,0.933533365841729
1963,1.10801843998776,21,0.84546466230718,1.44348458950551,1.4868615824473,0.903466429066946,0.931854490790756
1964,1.31286731273623,21,1.01335969308908,1.67708598706704,1.75679984688147,1.0831341224877,0.931854490790756
1965,1.57646022635749,21,1.21804834930562,2.03918638189688,2.04748587726719,1.26642622673276,0.931854490790756
1966,1.4537629611344,21,1.12111321309809,1.89989264839847,1.84841780352583,1.15387552240648,0.931854490790756
1967,1.22749286444932,21,0.94931256140223,1.59667992513636,1.59431012821855,0.978170228925741,0.931854490790756
1968,1.49934312981724,21,1.15738345622789,1.95897511430903,1.91155266627124,1.13225023508172,0.931854490790756
1969,1.23011864828021,21,0.978069003290213,1.59857318138354,1.58953390124311,0.941005572501712,0.931854490790756
1970,1.11584097524743,21,0.897773146449312,1.47098458555087,1.48034607687335,0.907709955358517,0.931854490790756
1971,1.12572710310343,21,0.971609018623002,1.50720459344641,1.47349657540825,0.89475876385168,0.931854490790756
1972,1.25819371060482,21,1.03718779449297,1.65535259284323,1.66960466175986,1.06565895425985,0.931854490790756
1973,1.06615151666417,21,0.906442690605126,1.39553802310448,1.43248152086048,0.885492309112012,0.931854490790756
1974,1.00953457297921,21,0.868002796660942,1.30387702636232,1.36731285598719,0.865731983547237,0.931854490790756
1975,1.17273218933654,21,0.988403838898171,1.56749917068763,1.57635770752082,0.94631391470323,0.931854490790756
1976,0.933200277321701,21,0.796367270748918,1.25733244562756,1.27467301159555,0.775243700074612,0.931854490790756
1977,0.933892821161422,21,0.815184923303734,1.19793470820839,1.21750110308617,0.748097176505008,0.931854490790756
1978,1.1184433240635,21,0.959282365864964,1.46007350260045,1.51641389806394,0.947322546527444,0.931854490790756
1979,1.02365173134965,21,0.880027604563735,1.32280386790364,1.32534685735676,0.851257457324648,0.931854490790756
1980,1.55362417245825,19,1.27669423016636,2.07006059331241,2.19948539562528,1.30419412379043,0.929915471764766
1981,1.26304706397359,19,1.00306099828944,1.64374301756637,1.75676298673553,1.01854730979191,0.929915471764766
1982,1.90349913608095,19,1.5240967861447,2.52575560314719,2.57726968782566,1.51102353421326,0.929915471764766
1983,1.31209138558195,19,1.08799406622893,1.74231184514906,1.92553993621203,1.0989367238684,0.929915471764766
1984,1.30154207299811,19,1.08670598874416,1.73581182295021,1.82353124239008,1.05680245501461,0.929915471764766
1985,1.35846762605526,19,1.13562972273207,1.83126025547586,1.90339500018565,1.1364914066122,0.929915471764766
1986,1.32047357964066,19,1.08949404734353,1.75968108958821,1.88828034499826,1.10160043779703,0.929915471764766
1987,0.948944292060697,19,0.792077178066499,1.27762881403034,1.34082422753365,0.790418957285081,0.929915471764766
1988,1.0602252116938,19,0.91830664484499,1.43205681897377,1.44659306593594,0.810679584572369,0.929915471764766
1989,1.03180026300963,19,0.895986254286758,1.37767016676547,1.46392868117055,0.845188059486305,0.929915471764766
1990,1.07957063891048,19,0.899510706073484,1.4889659016156,1.51076519298117,0.909585347481069,0.929915471764766
1991,0.809878844730228,19,0.689582293657962,1.08833158830965,1.14283586221289,0.650141069044598,0.929915471764766
1992,1.32657630082875,19,1.11038411916224,1.80264860696146,1.85445384136372,1.08846634582193,0.929915471764766
1993,0.849056599372242,19,0.727833004255283,1.14973317579887,1.17703296671345,0.669432380888994,0.929915471764766
1994,0.825068831523306,18,0.72011615084633,1.14164468238841,1.16862780274373,0.659192268947563,0.930041749869909
1995,1.18884193473261,18,0.962360322277244,1.60059482825884,1.70310759996543,0.951009338268329,0.930041749869909
1996,1.24202083470515,18,1.01967000006241,1.70108200877434,1.73847492312186,0.970953616318389,0.930041749869909
1997,1.45214958135931,18,1.17020546796514,1.96426039196939,2.01513534210249,1.13474465747963,0.930041749869909
1998,1.71613604049127,18,1.34658762640806,2.32460907164073,2.29363654674428,1.31410678508432,0.930041749869909
1999,1.31611578992644,18,1.01678672591483,1.79342606518012,1.76245793862723,1.00699731139055,0.930041749869909
2000,1.36560779947893,18,1.05231881389595,1.82841389417546,1.90576463313304,1.07121866485906,0.930041749869909
2001,1.26441065996648,18,0.972169807606748,1.72523813452279,1.73992552554254,0.987578575706601,0.930041749869909
2002,1.13078512747113,18,0.880592932952352,1.54043833385241,1.62735898478483,0.923778105616057,0.930041749869909
