"year","ModNegExp","samp.depth","Spline","AgeDepSpline","RCS","SFRCS","EPS"
1046,0.870609115430688,2,0.978738885508032,0.965888077171595,0.913847571141484,0.473143097623458,0.720452450135524
1047,0.655058462475853,2,0.723278105626352,0.719252419214519,0.655255913741018,0.340633860145015,0.720452450135524
1048,1.01007481194288,2,1.09395481567435,1.09753980759265,1.00018869048801,0.521604415377921,0.720452450135524
1049,0.877329690386773,2,0.930063478999295,0.943469365009947,0.882987539831516,0.467004234899778,0.720452450135524
1050,1.03262908346425,2,1.07346297526371,1.09963948496011,0.996554196060542,0.524075528909738,0.720452450135524
1051,1.06184074980348,2,1.08551173935876,1.12007005036051,1.04103816188201,0.542312407631971,0.720452450135524
1052,1.35167275709782,2,1.36034729798934,1.41342087005979,1.31519252436119,0.682297559682889,0.720452450135524
1053,1.3355986811623,2,1.32705968414242,1.38572520320764,1.27655578116236,0.660417974849704,0.720452450135524
1054,0.612308422229821,2,0.602557400732855,0.630296278194817,0.560909814809295,0.295374865854767,0.720452450135524
1055,0.767618588918084,2,0.750011153752598,0.784698836133283,0.684321466667233,0.364733107889346,0.720452450135524
1056,0.985934606073987,2,0.955123829113892,0.999921030565958,0.866370932413523,0.458896042248578,0.720452450135524
1057,0.870302339024176,2,0.834321249550193,0.875743247777586,0.759339468250092,0.401802183483713,0.720452450135524
1058,1.10225333396765,2,1.0474052712232,1.10149165805329,0.921500814978894,0.494789653683508,0.720452450135524
1059,1.20454578915939,2,1.14243374127665,1.19704894030817,1.02750140669368,0.542620350003259,0.720452450135524
1060,1.58153860116011,2,1.48713788317495,1.5614664247233,1.31020220192647,0.706988317823767,0.720452450135524
1061,1.03983965675803,2,0.976778495872141,1.02118439472832,0.83740721781418,0.448113623281764,0.720452450135524
1062,0.929531414041512,2,0.880764770678559,0.909128172435303,0.761674628827165,0.400647813406904,0.720452450135524
1063,1.23108656353569,2,1.16575556712914,1.19814170106891,1.00401683158079,0.539549986766961,0.720452450135524
1064,0.617348801485182,2,0.592038641797493,0.598862113945247,0.497458943429132,0.264711068989548,0.720452450135524
1065,1.08731640836656,2,1.04623562960936,1.05067747656948,0.84888466759555,0.446776599259428,0.720452450135524
1066,1.15034127261723,2,1.11119422678008,1.1077610321597,0.889637003664758,0.474541748104002,0.720452450135524
1067,1.03041049774085,2,1.00237739254775,0.989530395270925,0.784670936836566,0.41534898938708,0.720452450135524
1068,0.759272831988034,2,0.733654841247124,0.726542956077369,0.579777031886838,0.307224509929429,0.720452450135524
1069,0.79012763830831,2,0.771989371074832,0.75490466404413,0.583645613939112,0.309319421013624,0.720452450135524
1070,0.867671422592285,2,0.843587087488457,0.826891130351041,0.642754419903599,0.337837692998304,0.720452450135524
1071,1.00809073084144,2,0.975417284620923,0.958622364141118,0.732898752117891,0.38827004896881,0.720452450135524
1072,1.26592568528895,2,1.22558312762101,1.20214174438142,0.913375828825177,0.48586922707103,0.720452450135524
1073,1.51448484038075,2,1.46882270936771,1.43680468674493,1.06013449713272,0.571104159262007,0.720452450135524
1074,0.780895674471817,2,0.757607024831151,0.74018317585197,0.529816815875655,0.284740838366551,0.720452450135524
1075,1.10038832656324,2,1.07068970770085,1.04222489181678,0.738284824562601,0.397986595850417,0.720452450135524
1076,0.939500211042921,2,0.91968426607644,0.88950217540701,0.625916691111763,0.332431697571798,0.720452450135524
1077,1.27325734754245,2,1.25449701922872,1.20538075802624,0.830201262843537,0.444700326848738,0.720452450135524
1078,1.10478063204787,2,1.08338190063758,1.04570306581087,0.70655901751194,0.381804243310461,0.720452450135524
1079,0.960308913286667,2,0.940342585420073,0.909011487930377,0.599893893215939,0.325267246018993,0.720452450135524
1080,1.30841383255463,2,1.29295223224431,1.23924916191392,0.792654901021286,0.43073223865837,0.720452450135524
1081,0.892911510802724,2,0.86835545481854,0.845718826190223,0.534752947794679,0.2896267873748,0.720452450135524
1082,0.48265558464303,2,0.475799959563095,0.457721662950168,0.286354303198937,0.158460094932812,0.720452450135524
1083,0.833747359400139,2,0.814762475419059,0.791292439879756,0.503835518893225,0.270005408318862,0.720452450135524
1084,1.0766215443704,2,1.05901623901806,1.02353702393838,0.627774593992121,0.346430549670838,0.720452450135524
1085,1.04534958308834,2,1.02480536939162,0.99545040581594,0.590774250964106,0.327124145080339,0.720452450135524
1086,1.06170985687027,2,1.03884159280408,1.01314332714502,0.61689516426046,0.339431973434574,0.720452450135524
1087,1.02725148237791,2,0.980777180274963,0.981390001451232,0.588758146437691,0.324661820405596,0.720452450135524
1088,0.989923609352458,2,0.928879862997086,0.947332860272592,0.551466716298664,0.305807101891769,0.720452450135524
1089,1.11666823194798,2,1.06933462243371,1.07401264324128,0.623137682581257,0.342964229602395,0.720452450135524
1090,0.763027034617899,2,0.715939600769745,0.735549027560782,0.436761131301262,0.241328675364167,0.720452450135524
1091,0.984011464822364,2,0.900615673399726,0.95016072449786,0.541119225904143,0.300045746124422,0.720452450135524
1092,0.936102660247315,2,0.845243352555416,0.906734142614173,0.534021586109808,0.29080356909135,0.720452450135524
1093,1.21362514680267,2,1.08124738545204,1.17934279257521,0.663866215595685,0.372774438021973,0.720452450135524
1094,1.37061391012379,2,1.20948686172206,1.3382656629959,0.750192223328129,0.418483533447337,0.720452450135524
1095,1.3396817870129,2,1.16961711393378,1.3162225596497,0.722421014867516,0.402860490264246,0.720452450135524
1096,0.819867082735869,2,0.707566733095459,0.809003431518683,0.435401466603786,0.246398314729789,0.720452450135524
1097,1.67594584437749,2,1.43796836644857,1.65854592582866,0.896250759313063,0.498775467175769,0.720452450135524
1098,1.51040947261521,2,1.29441292786024,1.49992378678161,0.788172756550066,0.440528624289684,0.720452450135524
1099,1.4172364187019,2,1.22295223925756,1.41061823423062,0.73507342394326,0.411378406225496,0.720452450135524
1100,1.36956203115326,2,1.1869752242434,1.36975464817527,0.716098159858174,0.398139133721931,0.720452450135524
1101,0.729085582760409,2,0.640994565986732,0.730781601049497,0.369599228910277,0.207946302686915,0.720452450135524
1102,1.08799569327121,2,0.966508096083166,1.09503270270212,0.548491977910662,0.307144996704724,0.720452450135524
1103,0.910664016895907,2,0.819897451219711,0.919370536622027,0.44222596933929,0.249985880122936,0.720452450135524
1104,0.821989170842738,2,0.746425943283466,0.834037975857298,0.414573424847398,0.230323728153103,0.720452450135524
1105,1.1055061488412,2,1.01027584041423,1.12875915621118,0.541196677486229,0.309324861458123,0.720452450135524
1106,0.843428479842744,2,0.780012719122091,0.863719046415231,0.415703123898836,0.234618269178482,0.720452450135524
1107,1.20381765641942,2,1.12230955896257,1.23934765338153,0.587851135742101,0.333537753711847,0.720452450135524
1108,1.28462789258244,2,1.21002852023022,1.326649718836,0.629055244119541,0.354056955254919,0.720452450135524
1109,0.905389103829902,2,0.862344254370259,0.934804661798736,0.445276536773043,0.253372897902158,0.720452450135524
1110,0.853306164414271,2,0.819352526603941,0.885386689503259,0.416673514271213,0.233962316934062,0.720452450135524
1111,1.06924604222161,2,1.03560502471835,1.11597165603071,0.522569873556367,0.295915654440027,0.720452450135524
1112,0.928837483629826,2,0.908447650214965,0.973256928932247,0.45165088042101,0.256525309686751,0.720452450135524
1113,1.25314978418947,2,1.24035762783888,1.31475104359467,0.61870397496338,0.348318738381662,0.720452450135524
1114,1.09173419305942,2,1.09326109055576,1.15352440639488,0.532414703333071,0.304322941742749,0.720452450135524
1115,1.30140317684725,2,1.32102652358045,1.38223131775378,0.640233003908292,0.36357546292068,0.720452450135524
1116,1.05378764826591,2,1.08582990812627,1.12467890185927,0.518836343650853,0.299392046559969,0.720452450135524
1117,0.63743282199434,2,0.669800526110351,0.682269648310001,0.318310701039144,0.177032372362891,0.720452450135524
1118,0.88939299822688,2,0.958215261936768,0.953433135791734,0.43630094553284,0.247457501721247,0.720452450135524
1119,0.856245214809083,2,0.93292295518615,0.924094789337884,0.422635097322982,0.240661009639734,0.720452450135524
1120,0.90053507704481,2,0.979018297764866,0.980913387187525,0.447675595268212,0.25477348362856,0.720452450135524
1121,0.907865391535362,2,1.00990599743362,0.991110499085094,0.443986973364645,0.25450448024469,0.720452450135524
1122,0.854344842218102,2,0.970684168930367,0.935360903593801,0.420144633341791,0.238091529710588,0.720452450135524
1123,0.617502655842198,2,0.729230296000907,0.675716188257802,0.300390206579954,0.17149059275976,0.720452450135524
1124,1.15025994530687,2,1.38119042542605,1.26359425058391,0.560578222240419,0.32270529285015,0.720452450135524
1125,0.829040100740309,2,1.04319087787024,0.908986868325779,0.398724050005678,0.227796776711611,0.720452450135524
1126,0.939126021776794,2,1.17633886257947,1.03771071829653,0.460398134170484,0.263542488064352,0.720452450135524
1127,0.469169321265846,2,0.608351969472968,0.518515056029563,0.228756967083815,0.130006918222547,0.720452450135524
1128,0.855194127477429,2,1.13615114132046,0.946850593208583,0.423191118569677,0.239963404398295,0.720452450135524
1129,0.827362994849098,2,1.08770072745412,0.924101923507102,0.410002907822041,0.233872559825906,0.720452450135524
1130,0.79296740499207,2,1.07935130513401,0.884990708109286,0.391126834325535,0.22397344590509,0.720452450135524
1131,0.624826898907496,2,0.868390530391714,0.69855639832531,0.313633608048105,0.175252607907259,0.720452450135524
1132,0.715348729811488,2,1.0194686776727,0.799531687799899,0.344882177918503,0.201246301913635,0.720452450135524
1133,0.812203566406884,2,1.17668435815632,0.908915886174478,0.395909245493854,0.225497536774402,0.720452450135524
1134,0.614673370843503,2,0.909833764797325,0.685305453523779,0.294690111609811,0.168828202376735,0.720452450135524
1135,0.502064641979859,2,0.746787466365044,0.561336673172885,0.242499385531311,0.139081814089663,0.720452450135524
1136,0.630087951021944,2,0.940500886113741,0.706536215971224,0.303666655805719,0.173511596400906,0.720452450135524
1137,0.544661263678936,2,0.814346887871744,0.611821593613737,0.267320051769339,0.155190645437084,0.720452450135524
1138,0.459856503255165,2,0.683762519554933,0.515431195878694,0.219477291968212,0.126179956853182,0.720452450135524
1139,0.71328268467654,2,1.06055908237386,0.803393027720787,0.352650807373735,0.202510025531048,0.720452450135524
1140,0.659192711043421,2,0.974352998285535,0.743396667061844,0.326941579218222,0.190550568598689,0.720452450135524
1141,0.78240280074281,2,1.12507362032233,0.876615719982032,0.389411347847301,0.22217526993296,0.720452450135524
1142,0.577770307428534,2,0.827070525837257,0.649173093511972,0.291341844832415,0.167922578462118,0.720452450135524
1143,0.964577667006888,2,1.36048943628646,1.08277323372297,0.470228387309417,0.276311745997239,0.720452450135524
1144,0.697431212281133,2,0.981312597995328,0.784651664264006,0.352212001752081,0.201508286557205,0.720452450135524
1145,0.905593715795335,2,1.26114107922232,1.01824857172924,0.457943047081001,0.265482572089134,0.720452450135524
1146,0.791728852098489,2,1.10373690175425,0.891834208258117,0.394655234791797,0.231818686060875,0.720452450135524
1147,0.55160651039875,2,0.767163385726771,0.621536161631123,0.278883778802379,0.161503830811302,0.720452450135524
1148,0.57217348213307,2,0.784710069224986,0.64281816846802,0.29140428117795,0.167519480345172,0.720452450135524
1149,0.891753128922444,2,1.23784627925185,1.00452959851528,0.454861376307951,0.26521821517257,0.720452450135524
1150,0.921478432344206,2,1.24320205988369,1.03098283093832,0.45408504398827,0.265013510068197,0.720452450135524
1151,0.728480496869286,2,0.984770078922486,0.814573451208044,0.362836395969176,0.210586698044476,0.720452450135524
1152,0.631100420737528,2,0.844820428153712,0.703355375790154,0.309141364675155,0.18048741888708,0.720452450135524
1153,0.848374021043463,2,1.14785177631572,0.945761751600355,0.422408667503468,0.247793183175824,0.720452450135524
1154,0.678137732725422,2,0.930364136442466,0.756332418621867,0.34468884283205,0.203830777375199,0.720452450135524
1155,1.05380434763251,2,1.44699215845253,1.17271366764106,0.54281729428173,0.320467582467099,0.720452450135524
1156,0.605488630293899,2,0.845714217307664,0.674133882818984,0.307234263559337,0.183498442490449,0.720452450135524
1157,0.736976565784819,2,1.03723927180993,0.819483787670324,0.373067068575735,0.220651279909573,0.720452450135524
1158,0.785663366708867,2,1.11696190971301,0.87294144201974,0.407049882870863,0.238719789557886,0.720452450135524
1159,0.554059691062331,2,0.771097279992284,0.612123564346841,0.279796256490167,0.165135292196843,0.720452450135524
1160,0.454102480280162,2,0.630148357788986,0.500626125199919,0.23124606729673,0.137506678260797,0.720452450135524
1161,0.639471654053386,2,0.89379088687471,0.704868599361357,0.329729780352884,0.19665428811251,0.720452450135524
1162,0.842130477731655,2,1.1659171416688,0.926194696461177,0.425889267315046,0.258735473982826,0.720452450135524
1163,0.666619572412181,2,0.905422909404576,0.730902528079334,0.341513356656973,0.202583477921851,0.720452450135524
1164,0.711776236045956,2,0.946968227475479,0.778203107161614,0.355715953984148,0.21174709242293,0.720452450135524
1165,0.673589971719456,2,0.877068570083438,0.734555582341654,0.340936321278012,0.202960917191624,0.720452450135524
1166,0.788203923687963,2,1.02466343220255,0.859470712862878,0.416783705571487,0.246337442453088,0.720452450135524
1167,0.943275809956836,2,1.19799973256386,1.02605689621651,0.499456624920621,0.296914068886363,0.720452450135524
1168,0.571286738534153,2,0.69128002644583,0.618392001334813,0.297023557997042,0.176222939530858,0.720452450135524
1169,0.811991296572856,2,0.961971684126008,0.877239069758272,0.429477259481078,0.25525022815938,0.720452450135524
1170,0.879069200840529,2,1.02340763342793,0.948188446459661,0.462130856656618,0.274684053828631,0.720452450135524
1171,0.813891405531545,2,0.905964175550365,0.874171058242339,0.417652199051261,0.255865180085515,0.720452450135524
1172,1.02609200043713,2,1.1256742476481,1.10043370489725,0.534209172569348,0.319273705086052,0.720452450135524
1173,0.850803494734971,2,0.902441365329955,0.909325038678069,0.442794096078719,0.26502977703157,0.720452450135524
1174,1.05723723927889,2,1.11096618260578,1.12839969101716,0.565347947861683,0.338118577605326,0.720452450135524
1175,1.31352071296708,2,1.35277380175912,1.39829334619588,0.714686328691418,0.435019182041786,0.720452450135524
1176,0.960986114613531,2,0.966467669447608,1.01973295002052,0.510076313254797,0.311501599005677,0.720452450135524
1177,0.901617596408153,2,0.890859206136367,0.953989740787615,0.493943265679436,0.298039296177873,0.720452450135524
1178,1.07381142052491,2,1.04060120151771,1.13246490305313,0.583779529772194,0.348522967953443,0.720452450135524
1179,0.900555095402934,4,1.07102402417945,1.11131081498187,0.497882352452385,0.285055334268905,0.620766979938522
1180,0.70728423271814,4,0.921685332931309,0.960495617906983,0.431088032803935,0.243692744169939,0.620766979938522
1181,0.731548758990129,6,0.877979484834276,1.07885465801202,0.354475565690834,0.193978803180021,0.642586632568971
1182,0.922366605316764,6,1.07547741860954,1.26608367371035,0.452084437295602,0.252320010798708,0.642586632568971
1183,1.00304145120634,6,1.12423280361516,1.23437194179802,0.483418221420925,0.269129897669472,0.642586632568971
1184,0.952896661242133,6,1.10824566454411,1.24722325186163,0.47566387656471,0.264104489582474,0.642586632568971
1185,0.889918130004372,6,1.13227405771213,1.03542168205025,0.460387379479407,0.25113740328393,0.642586632568971
1186,0.842367331322815,6,1.00029155624971,1.04654826892108,0.400994707529724,0.224251372109332,0.642586632568971
1187,0.935824589542147,6,1.14029777547457,1.14643993925218,0.468589252672439,0.263129587722224,0.642586632568971
1188,0.689052714205991,6,0.902989597474506,0.856030201683214,0.379265175811871,0.213144406570166,0.642586632568971
1189,0.784798136486331,6,0.985424673929552,0.919821394794834,0.419805086595779,0.236456807321741,0.642586632568971
1190,0.703829601739017,6,0.880327153679648,0.806560514051646,0.489267837884704,0.234830705189478,0.642586632568971
1191,0.630846762654226,6,0.788880925032757,0.716582488283663,0.345904017268077,0.196079860074109,0.642586632568971
1192,0.825786786582902,6,1.06398413210024,0.91758375655451,0.45614092625593,0.262770976028904,0.642586632568971
1193,0.838435429402167,6,1.17125485353531,0.949121908618232,0.469877316241086,0.254448044851312,0.642586632568971
1194,0.507294235742375,6,0.689966476347521,0.567721087704868,0.267883528961982,0.152372480302569,0.642586632568971
1195,0.608116878120337,6,0.862498204839876,0.664508509021414,0.331272640639347,0.188767707906906,0.642586632568971
1196,0.666074906920842,8,1.24800017918875,0.72894506577668,0.35925681554877,0.205024086576903,0.741053511475898
1197,0.48503799806049,8,0.796506281028995,0.537250258524799,0.256210900601304,0.142495626954661,0.741053511475898
1198,0.534749362399155,8,0.808091049666038,0.574292792554821,0.287039047342844,0.161008149162327,0.741053511475898
1199,0.545345009240555,8,0.769368713542709,0.577498540382457,0.296963238437278,0.166897420806084,0.741053511475898
1200,0.635777601022363,8,0.82136030573798,0.66465356659026,0.346517715717645,0.194659823647776,0.741053511475898
1201,0.506512772706126,8,0.64202958258728,0.52996471211677,0.277019104539817,0.155503080956187,0.741053511475898
1202,0.774125805994068,8,0.903629736696451,0.79141941530266,0.427081593550325,0.237782351495678,0.741053511475898
1203,0.755930703251023,8,0.828986490643838,0.743666960210677,0.412316486213915,0.231522686411953,0.741053511475898
1204,0.982189684566497,8,1.03928733494003,0.993493264407109,0.532134380981893,0.298270444839515,0.741053511475898
1205,0.885702312451978,8,0.880873254143273,0.875532836124052,0.517988436674138,0.300946196957963,0.741053511475898
1206,1.09891388400944,8,1.05274419065541,1.10062154508848,0.612123171336328,0.341498868462761,0.741053511475898
1207,1.37866414901833,8,1.25931602126922,1.3564909173413,0.759204021399968,0.423331143076295,0.741053511475898
1208,1.46888495501711,8,1.29775076122154,1.4448215359809,0.788163754350129,0.434711397224712,0.741053511475898
1209,1.45832750374232,8,1.23593609256389,1.40692430003467,0.781891320087172,0.426847739902207,0.741053511475898
1210,1.30369076209186,8,1.07069205416096,1.23716868295381,0.666128939613767,0.365402634772297,0.741053511475898
1211,0.900424987108608,8,0.773558228257653,0.863005595416792,0.470205344264281,0.258666300022578,0.741053511475898
1212,1.64640121430986,8,1.37987278844653,1.54560361924992,0.832312078695825,0.462242071691881,0.741053511475898
1213,0.883973775546029,8,0.746141284176497,0.821836140794868,0.470984456279967,0.262051099427487,0.741053511475898
1214,1.09956392432726,8,1.08399593681974,1.10735682092825,0.662237883970011,0.371069061897888,0.741053511475898
1215,1.08380143860702,8,1.1160281081204,1.00719483867337,0.685591648649832,0.382672096463079,0.741053511475898
1216,0.965085300080747,8,0.887916162102864,0.918386164582723,0.517372989312907,0.294308397872477,0.741053511475898
1217,1.08458517895132,8,1.09025290085251,0.999142758165354,0.6325613455091,0.357774973284834,0.741053511475898
1218,0.999832691730949,8,0.935567471467696,0.957549102575015,0.542503814933543,0.292866402372925,0.741053511475898
1219,1.25455132466371,8,1.27229571429131,1.16902345546242,0.734514368783835,0.422924370201905,0.741053511475898
1220,0.906212382538413,8,0.826821446732511,0.853443557821789,0.488299344060696,0.275240620294617,0.741053511475898
1221,0.89445216944224,8,0.786032606049779,0.799311565654451,0.457697208511842,0.252291620769407,0.741053511475898
1222,0.993592638321125,8,0.872805909329447,0.885209837484952,0.531664621498792,0.297244601121434,0.741053511475898
1223,0.992948168106195,8,0.835801472617683,0.882492706347964,0.502331344143283,0.28316243527338,0.741053511475898
1224,0.759327024725078,8,0.726404322013343,0.695300039645614,0.442626225645884,0.246211248970419,0.741053511475898
1225,0.86825105540594,8,0.721197167114536,0.738349564822305,0.428761874527081,0.23941542282623,0.741053511475898
1226,1.32457526520681,8,1.21083343971229,1.18799452284885,0.69052865102221,0.378797225702406,0.741053511475898
1227,0.787358879853135,8,0.802814342412058,0.704882525506316,0.414253464074513,0.235838766454924,0.741053511475898
1228,1.29624297628377,8,1.11702730596841,1.13381115864454,0.668990318533072,0.376638414976895,0.741053511475898
1229,0.763612837324559,8,0.737575741091896,0.684203407871228,0.396269721352467,0.224641228890173,0.741053511475898
1230,1.13948619071856,8,0.98922622470118,1.00259882950972,0.548467343926601,0.317244396806278,0.741053511475898
1231,1.34932291044724,8,1.1349623531971,1.2060310673982,0.66789859423066,0.384187053303407,0.741053511475898
1232,1.41201482423191,8,1.18496086896258,1.25605472285066,0.728639527540573,0.418916671396061,0.741053511475898
1233,1.42353178003765,8,1.20758519828417,1.27134124495821,0.761386921055382,0.430546343250143,0.741053511475898
1234,1.10009009064013,8,0.928754741447521,0.97125510768444,0.570897257282305,0.3265534100311,0.741053511475898
1235,0.946871604525196,8,0.806149666324059,0.84862145980433,0.498075835683649,0.284917470152024,0.741053511475898
1236,1.24723157213503,8,1.10043090545924,1.11610260809781,0.641643707114797,0.372458568463539,0.741053511475898
1237,1.20276034191536,8,1.032803947613,1.08354129465948,0.641560706745545,0.371469045733001,0.741053511475898
1238,1.02899256986872,8,0.87398106950627,0.959293719271398,0.531683523703023,0.309883296258627,0.741053511475898
1239,1.08629408808059,8,0.930862855906811,0.996302977772988,0.573217477546751,0.332724164819517,0.741053511475898
1240,1.2521961565891,8,1.07330482896351,1.13226950486272,0.664264692525654,0.385473004851014,0.741053511475898
1241,1.10803984789008,8,0.931479003117042,1.00144595303451,0.585784713598621,0.341531338823195,0.741053511475898
1242,1.24161392053705,8,1.09127966569069,1.11691326571948,0.656865039180254,0.370525439612553,0.741053511475898
1243,1.2585913400678,8,1.1028159703676,1.14156222947517,0.676764468796698,0.396373010324421,0.741053511475898
1244,0.798016397507107,8,0.65516174731874,0.74756449204907,0.468194655761406,0.27527152726544,0.741053511475898
1245,1.29359981764756,8,1.13100021870148,1.16657307548765,0.690141504714396,0.402286670840326,0.741053511475898
1246,1.03703294446904,8,0.915572876810764,0.939963496127477,0.53513802084944,0.313121213117886,0.741053511475898
1247,1.15092752213393,8,1.03317163616905,1.04940838012779,0.610342539796913,0.356575474408771,0.741053511475898
1248,1.09420372416538,8,0.967717522723983,1.00043430796281,0.593815399295673,0.348570341979776,0.741053511475898
1249,1.08804992196171,8,1.12513116049977,1.05964973086559,0.629259070405569,0.342055680667311,0.741053511475898
1250,1.06685131665406,8,0.967477274536344,1.00658757788371,0.603295417247367,0.348712182985671,0.741053511475898
1251,1.39886191021809,8,1.3103635853874,1.25739057141772,0.708608829925503,0.404201918212536,0.741053511475898
1252,1.09954631283046,8,1.01036792200623,1.02641934934243,0.599548617649922,0.352949306913038,0.741053511475898
1253,0.879638895858017,8,0.81906695531771,0.802135942414813,0.462326902491078,0.272061021583632,0.741053511475898
1254,0.856128175725117,8,0.786695458100817,0.790466417111158,0.461134532863342,0.270426778777952,0.741053511475898
1255,0.934664826733723,8,0.83893724204421,0.852401012049009,0.474944921285374,0.270640831571762,0.741053511475898
1256,1.36285198631865,8,1.17985155277938,1.25098911120268,0.711466976332413,0.422381744362879,0.741053511475898
1257,1.3856844326492,8,1.2601718025583,1.28927734807722,0.714738643400535,0.426380889457807,0.741053511475898
1258,0.889290999792329,8,0.839510681091449,0.84105121544057,0.489452318853174,0.287796789362572,0.741053511475898
1259,1.22947669349275,8,1.09080544872399,1.11877546230091,0.642214555247585,0.383048271618109,0.741053511475898
1260,0.854055496380081,8,0.739213606074511,0.78872791978528,0.441032083638193,0.248863362234109,0.741053511475898
1261,0.836829089185681,8,0.800889245288826,0.789050888451292,0.463340867901489,0.274634745944574,0.741053511475898
1262,1.04496580436018,8,0.962936233614098,0.959466453192234,0.561238705159983,0.335553155916132,0.741053511475898
1263,1.04202851499098,8,0.984979756943707,0.973160598579721,0.561407622231086,0.336737228773528,0.741053511475898
1264,0.995478112418322,8,0.886958601423008,0.915478724314785,0.53760025309553,0.318996586954981,0.741053511475898
1265,1.0927408477031,8,1.0024208706794,1.04120032841751,0.579873557348746,0.348180429901149,0.741053511475898
1266,1.07263861811944,8,0.956305511082591,1.00189405590746,0.581836154319834,0.346807983222503,0.741053511475898
1267,1.28155042740308,8,1.10738475176889,1.14056937411608,0.702981748122849,0.41859926365641,0.741053511475898
1268,1.3141785828861,8,1.14511727085383,1.20768056350765,0.680174182333857,0.40006398228897,0.741053511475898
1269,1.70884970823241,8,1.53469817711888,1.59027151659744,0.913199168251349,0.547295255979649,0.741053511475898
1270,0.861225378798073,8,0.795657042962736,0.883598795835016,0.469627487432025,0.284020426433604,0.741053511475898
1271,0.909564060588766,8,0.833408923431997,0.840318048605644,0.492559049432054,0.296860854097138,0.741053511475898
1272,1.13413709025082,8,1.07569243084332,1.0816847324109,0.631769117394518,0.377907467977829,0.741053511475898
1273,1.14516021088115,8,1.16172674313201,1.1711204951765,0.634836037433536,0.360284842549483,0.741053511475898
1274,1.01057396928039,8,1.00746307593483,1.01371901427796,0.566290162012334,0.336643844848999,0.741053511475898
1275,0.814201981180832,8,0.821366143338139,0.807526841185334,0.463739944657699,0.285479520469963,0.741053511475898
1276,0.920796743712439,8,0.914811220448076,0.914282450420186,0.531434830637337,0.309374036979604,0.741053511475898
1277,0.968821877220813,8,0.984364278995702,0.971548436804562,0.548690201913187,0.324046913859432,0.741053511475898
1278,0.978590630582836,8,0.99479203890073,0.968509526592385,0.543817858706007,0.322579770455006,0.741053511475898
1279,0.787088792847438,8,0.791231294524538,0.785375628384796,0.429959353482086,0.259782643577386,0.741053511475898
1280,0.775414021759747,8,0.844158956706596,0.775182630825454,0.42083046025124,0.235612021133481,0.741053511475898
1281,0.72948770176034,8,0.725535466977671,0.709561252614557,0.417059445548995,0.228190920682523,0.741053511475898
1282,0.814187791219666,8,0.817033579171483,0.8162322790521,0.450458882416083,0.270191640183675,0.741053511475898
1283,1.11796187965102,8,1.10330398482683,1.1031884242763,0.625602064481673,0.372462724878005,0.741053511475898
1284,1.17313157402672,8,1.17023814941002,1.19182910988505,0.672812389706657,0.39656215408801,0.741053511475898
1285,1.16342061963296,8,1.1337953064227,1.16867349351842,0.662939419948684,0.398334417522037,0.741053511475898
1286,1.19479700845473,8,1.13025833302417,1.18340147676837,0.66331965645184,0.397827508435181,0.741053511475898
1287,1.30431279906819,8,1.25655394029523,1.33865212418087,0.682385534077222,0.395102400239236,0.741053511475898
1288,1.21176386940814,10,1.22790587535918,1.24599674257763,0.640080729912496,0.377179543515772,0.768605926005365
1289,0.881377392909292,10,0.857198951133124,0.921026893497656,0.456044026278301,0.272803863430892,0.768605926005365
1290,0.938034720911111,10,0.943605423857696,0.990249132177537,0.498516860108817,0.294552372148249,0.768605926005365
1291,1.17352764962156,10,1.17512025304789,1.22519387974256,0.640266514874086,0.383135997772401,0.768605926005365
1292,0.859103840176064,10,0.856859379086165,0.918079418286934,0.465398526395669,0.275569538708183,0.768605926005365
1293,0.838161957730314,10,0.819693288441594,0.858059524322418,0.439730984580854,0.259874465405624,0.768605926005365
1294,0.862664373136056,10,0.820528278425138,0.915115057512225,0.437823461828868,0.233982921582119,0.768605926005365
1295,0.772304318831995,10,0.738249400673524,0.804512200654143,0.43142863293803,0.26181305332055,0.768605926005365
1296,1.0065836791852,10,0.982845740939594,1.09120891218575,0.54053100146365,0.329244100391294,0.768605926005365
1297,0.948963058413315,10,0.907306996288276,1.00560501557278,0.501744875360231,0.303741437389256,0.768605926005365
1298,1.17805142971186,10,1.05953729081576,1.23230973196158,0.645275276985513,0.385036671461723,0.768605926005365
1299,1.11150131257928,10,0.996266392195581,1.18358887951031,0.597856974272602,0.353592040709386,0.768605926005365
1300,0.965676772012441,10,0.90666823088591,1.07418500511249,0.523118921818993,0.315812496891904,0.768605926005365
1301,1.31759644620021,10,1.30933618076359,1.52209793341598,0.778641419119472,0.470129036019746,0.768605926005365
1302,1.13381231919251,10,1.06141525117941,1.25411813384242,0.648929574933437,0.39384142657627,0.768605926005365
1303,1.34663583782185,10,1.27754702016015,1.48866807525101,0.771614111189281,0.466073281121208,0.768605926005365
1304,0.947171403477003,10,0.972238975518557,1.10845806455512,0.565826300796445,0.34432685354002,0.768605926005365
1305,1.19584542731965,10,1.13237831864601,1.28780752810461,0.690921967925434,0.419422603300957,0.768605926005365
1306,1.24622244828584,10,1.16599408993182,1.35769740921139,0.703444921428775,0.429849646148723,0.768605926005365
1307,0.905673449159959,10,0.86586819043952,0.984288101144401,0.504873092824111,0.306916347077325,0.768605926005365
1308,0.902409343569207,10,0.858087596137509,0.966705464055377,0.502069898781863,0.302018826003592,0.768605926005365
1309,1.15759725702306,10,1.17946099951784,1.278150949458,0.645998080522118,0.39167077832012,0.768605926005365
1310,0.743898758157212,10,0.752323222285172,0.825645821395279,0.401506433360527,0.247915049907211,0.768605926005365
1311,0.809831519948425,10,0.81385167079448,0.882699200390852,0.41692801809179,0.255178112016396,0.768605926005365
1312,1.00338079869185,10,1.01070851788648,1.07224042564844,0.520869987641779,0.312926497827743,0.768605926005365
1313,0.79340006268211,10,0.843208497858738,0.8385782988228,0.430447690623365,0.265476387090391,0.768605926005365
1314,1.00991992083447,10,1.06348750923137,1.0635651953058,0.533041292440559,0.306751192243247,0.768605926005365
1315,0.892085364528321,10,0.94996222382238,0.964794379383681,0.468747582566122,0.269788293288242,0.768605926005365
1316,0.81249585229454,10,0.922332371019931,0.938685116258862,0.433496427068455,0.251581670862907,0.768605926005365
1317,0.936811326458204,10,0.999669160635306,1.01916594326242,0.494989464549937,0.297823436197221,0.768605926005365
1318,0.94443449126895,10,1.0453893601349,1.03858468246177,0.536276062140616,0.316984151313915,0.768605926005365
1319,0.976770581196382,10,1.06980217365539,1.06326695143486,0.514050642898465,0.32099880106528,0.768605926005365
1320,1.10294188238156,10,1.22561194235688,1.22076763344821,0.555260469705114,0.348720185274776,0.768605926005365
1321,0.877023131444906,10,0.97439856262206,0.953139289703564,0.481502757623865,0.292806705332411,0.768605926005365
1322,0.916461882699476,10,1.02323142200517,1.00619095702227,0.468349564605804,0.283812924373576,0.768605926005365
1323,0.942835228316586,10,1.07766677481448,1.04226585825893,0.505720883200236,0.308858265082428,0.768605926005365
1324,0.708142757281543,10,0.821963585148271,0.780108611380541,0.425578815609393,0.262674051602406,0.768605926005365
1325,0.724324048839754,10,0.919638405188776,0.869481319610689,0.465705010603591,0.288279617172119,0.768605926005365
1326,0.818460355347934,10,0.967866698212691,0.881716986425274,0.460717244941275,0.28534742563662,0.768605926005365
1327,0.79463272717141,10,0.941060508476964,0.82216299354049,0.463968033492715,0.287487579210419,0.768605926005365
1328,0.803324153615703,10,0.969563664870682,0.90247309669667,0.461335778847257,0.282868235850405,0.768605926005365
1329,0.78438781442661,10,0.927014065778451,0.866769911532625,0.432464227201513,0.268321951931904,0.768605926005365
1330,0.900292739685785,10,1.1055317566494,1.0118406133323,0.516509647107268,0.320860218171845,0.768605926005365
1331,0.822192684379357,10,1.00151932991653,0.892569457181266,0.444970930456815,0.268616847909746,0.768605926005365
1332,0.733714513106855,10,0.900864215190018,0.818786609220072,0.409182452301107,0.244319532108501,0.768605926005365
1333,0.612213656274623,10,0.767112867944457,0.680449596793823,0.349344839824269,0.213759002436367,0.768605926005365
1334,0.87335419324721,10,1.18274142212632,1.0043827943753,0.497467583900161,0.303375764758884,0.768605926005365
1335,0.905449115246502,10,1.14382264950854,1.030117449422,0.496444262788656,0.303673174512057,0.768605926005365
1336,0.748645122610588,10,1.01218752264523,0.801989840940654,0.454433012983655,0.284356970065127,0.768605926005365
1337,0.755587050792503,10,0.938851784436466,0.831133966111541,0.426854195744485,0.267085143909286,0.768605926005365
1338,0.678466049971047,10,0.88721000859877,0.76589489616828,0.384729764469957,0.234252473859153,0.768605926005365
1339,1.07434729358293,10,1.40709588929633,1.25384733897091,0.592678317680569,0.358099520751873,0.768605926005365
1340,0.559176164894524,10,0.700713822362569,0.607911024531678,0.293220312344983,0.176611232677548,0.768605926005365
1341,1.06737067035816,10,1.41177787961502,1.19833392645468,0.572509608468036,0.348394491461839,0.768605926005365
1342,0.686925291758781,10,0.92747938862258,0.76089604020802,0.362904684755575,0.220408571365237,0.768605926005365
1343,0.741920073631419,10,0.953920146971295,0.845071169076002,0.424541034269953,0.248473751742222,0.768605926005365
1344,0.572642488102872,10,0.748674359448144,0.671317799456341,0.307602018902943,0.186819454842903,0.768605926005365
1345,0.672244118292495,10,0.887997175082323,0.785958121227331,0.362953771900954,0.225292584934559,0.768605926005365
1346,0.615974451768196,10,0.855863238048354,0.731164966125794,0.362638874925735,0.226293535198407,0.768605926005365
1347,0.683266959567795,10,0.95875982976985,0.801735294881615,0.403159659774136,0.251220310763443,0.768605926005365
1348,0.969847118717475,10,1.33001297720147,1.11439922954207,0.556747395557253,0.351395771573328,0.768605926005365
1349,0.545511623222378,10,0.787859057949551,0.663528022510664,0.315309932341353,0.196015286220894,0.768605926005365
1350,0.683113847370673,10,0.942594098718985,0.786202164413161,0.400912730624849,0.249987332566067,0.768605926005365
1351,0.804810988412716,10,1.08402567940353,0.952027575318772,0.455265699870139,0.284151066982584,0.768605926005365
1352,0.800711207607491,10,1.05911634804032,0.948078173012528,0.450135787284106,0.282105982896321,0.768605926005365
1353,0.519392146978995,10,0.75004230581179,0.652657944148324,0.317340600182772,0.198086209759495,0.768605926005365
1354,0.584930662371053,10,0.782202665047178,0.697727023267795,0.333440955021761,0.207047376369404,0.768605926005365
1355,0.93911595055735,10,1.21597072963887,1.09317125470627,0.524234482385287,0.329616390685353,0.768605926005365
1356,1.07056085320712,10,1.39339077642102,1.26764320955161,0.620241308397805,0.397312556333311,0.768605926005365
1357,0.920256907315479,10,1.19097644428342,1.11015614984386,0.518230901140005,0.326526411710266,0.768605926005365
1358,0.594193661761543,9,0.842151520141254,0.758454993271294,0.345503189336202,0.212836665116546,0.750350345605414
1359,0.528814462643381,9,0.676538177596285,0.627809461810936,0.294776718553719,0.177807522086664,0.750350345605414
1360,0.750418293178403,9,1.00217650819556,0.87821672183466,0.432539460990372,0.268953991288698,0.750350345605414
1361,0.723002006961345,9,0.980491835541404,0.878877464125371,0.413861583208359,0.257368523994269,0.750350345605414
1362,0.877219041227036,9,1.13775760206368,0.966805278714317,0.494354920263432,0.305840335404075,0.750350345605414
1363,0.552173553122397,9,0.739313721109879,0.676869703646661,0.305231857281851,0.190655801119398,0.750350345605414
1364,0.800383897644466,11,1.04629717421345,0.92364969192536,0.478450434730899,0.311381613660829,0.824355016439592
1365,0.714136757902277,11,1.00376018751991,0.871616227344507,0.462369293105369,0.2893196886392,0.824355016439592
1366,0.648583529210242,11,0.996914600644358,0.882397832837776,0.486950354381826,0.296992827632607,0.824355016439592
1367,0.858763382242192,11,1.20570954769156,1.07305845481819,0.616957999097148,0.372591435962973,0.824355016439592
1368,0.357637549157628,11,0.469319095278239,0.429140468633518,0.211721124104752,0.132318804275436,0.824355016439592
1369,0.786660457148075,11,1.0848284228428,0.976413612469561,0.520906482113147,0.30937747677849,0.824355016439592
1370,0.543025358898016,11,0.690217727277264,0.62999931609146,0.305172054213379,0.225993178721078,0.824355016439592
1371,0.784616303947622,11,0.98851698991885,0.919981889367096,0.424826496278979,0.265251426391406,0.824355016439592
1372,0.918768181259217,11,1.11551909153619,1.06512389744737,0.588140903476291,0.389358264571739,0.824355016439592
1373,0.836056682625265,11,1.00980193103562,0.974494411834756,0.569050049000368,0.360590481614088,0.824355016439592
1374,0.931992987494515,11,1.14721669627963,1.11055912613539,0.594748359996265,0.392458856304666,0.824355016439592
1375,0.907512360998739,11,1.05786471144498,1.04655974607307,0.478203301632055,0.292522985389773,0.824355016439592
1376,1.04646260139606,11,1.28000547233733,1.2258905184662,0.614738445950488,0.42845469236257,0.824355016439592
1377,1.03461770807003,11,1.25154557230867,1.22689782593313,0.709699815090517,0.439077168008585,0.824355016439592
1378,0.793922406473308,11,0.933026307074341,0.925633489069626,0.543845583079997,0.343357079348434,0.824355016439592
1379,0.876209954200075,11,0.996434078483895,1.00361699643158,0.536369119816062,0.361288053244281,0.824355016439592
1380,0.779623861177361,10,0.939776814173161,0.873698256786126,0.499347891984427,0.353809885689198,0.816374429423889
1381,0.891440488851578,10,1.08675548878896,1.04100106449922,0.550554348899037,0.393607023502587,0.816374429423889
1382,0.635436363441412,10,0.778045552825985,0.719506400357461,0.401466846375819,0.277922215138274,0.816374429423889
1383,0.689324003841537,10,0.864826234112546,0.797841016263438,0.513636021948269,0.317660947996172,0.816374429423889
1384,0.505030180423037,10,0.584780633291941,0.551464117881,0.386073100510873,0.2404017612046,0.816374429423889
1385,0.77481930933505,10,0.875327004633802,0.762798500055303,0.606953481892396,0.377098815312286,0.816374429423889
1386,0.87512719736638,9,1.07286031752141,1.01616790841918,0.732388017755308,0.451132908253979,0.814768719654874
1387,0.646690461245834,9,0.683060367691625,0.730597539105955,0.548179220807755,0.332617682741263,0.814768719654874
1388,0.897153637532346,9,1.02162197198184,0.991820632074094,0.720156773088454,0.446181976496027,0.814768719654874
1389,0.88600592779148,9,1.00986022619605,1.01236743285762,0.519359669258982,0.345309119054028,0.814768719654874
1390,0.776230367906366,8,0.826894630865206,0.846648039858225,0.486768281686243,0.320034417899609,0.793453962082853
1391,1.0104469722826,10,1.04471747159355,1.11806278707031,0.749057151793212,0.450958011264975,0.795535025367257
1392,0.719797793867955,10,0.729459608973034,0.796219557945426,0.419809620194636,0.249785813809404,0.795535025367257
1393,1.23401877011962,10,1.20599727238847,1.37802544739451,0.915460292594002,0.531853317334296,0.795535025367257
1394,1.37329819569313,10,1.32124966956123,1.5539792070223,0.853869441469639,0.511121213231997,0.795535025367257
1395,1.51991962916448,12,1.14501244701011,1.48308751091345,0.923224254093369,0.492839223848674,0.826276710561048
1396,1.55130549182965,14,1.22763365209158,1.51454213271292,1.00131090853079,0.513710063214739,0.848573591750236
1397,1.16412604557598,14,0.926577423955726,1.09928634981273,0.654747212700726,0.368334977127161,0.848573591750236
1398,1.1948415939599,14,0.96724264400293,1.13662157817345,0.688318946155193,0.437712212885186,0.848573591750236
1399,1.51426523556147,14,1.30362017455007,1.51193992371178,1.01629759330618,0.607961367251938,0.848573591750236
1400,1.07197781468342,14,0.880849197508047,1.04607811440227,0.596240636133721,0.404102514734474,0.848573591750236
1401,0.891498465914274,14,0.774800964200901,0.89481470312653,0.473697782729163,0.274773469632716,0.848573591750236
1402,0.867310651509249,14,0.794589702944446,0.897916539235474,0.622043555482375,0.368539812577649,0.848573591750236
1403,0.720771936954093,14,0.692382488755658,0.777830694404246,0.440111394846789,0.271204900676954,0.848573591750236
1404,1.18066659935454,14,1.10975357396708,1.14627951209206,0.7898007932444,0.474133752781027,0.848573591750236
1405,1.08203190180026,14,1.0221156520278,1.11181165730942,0.675822491973729,0.393535276268517,0.848573591750236
1406,0.980583651988878,16,0.96577732246744,1.08321478515987,0.648706118974801,0.385416317657623,0.871510199277956
1407,0.854604372030157,16,0.830262923096106,0.932843477264982,0.628495538958848,0.350017973282087,0.871510199277956
1408,1.07571771269606,16,1.04554942162785,1.16972985528002,0.777620006613509,0.43324939253565,0.871510199277956
1409,1.0622385157411,16,1.02361761056018,1.14657720052923,0.75926559353618,0.428657990200022,0.871510199277956
1410,0.999369663450044,16,0.95006034857675,1.10226858282754,0.682329986054545,0.420633460302999,0.871510199277956
1411,1.17136933793149,16,1.16230043517525,1.29480928591477,0.848216264905673,0.498646869237269,0.871510199277956
1412,0.959726522753886,16,0.952420771702607,1.03930229242505,0.702021564279361,0.397415603602901,0.871510199277956
1413,1.0248574512105,16,1.04714119849982,1.12785047226569,0.737217165650364,0.434575322418484,0.871510199277956
1414,0.984161540171689,18,1.01097113665121,1.11490122309878,0.717636383085512,0.416279360393824,0.880142353798996
1415,0.847785956354541,18,0.884603530926415,0.960518774336189,0.552954465334144,0.327677810270066,0.880142353798996
1416,0.593933665449944,18,0.616045650304176,0.684249665019355,0.436856193987947,0.253232529882097,0.880142353798996
1417,1.09753328054091,18,1.19396104177442,1.2698665960083,0.774384586552018,0.45923890270939,0.880142353798996
1418,1.06362520533336,18,1.13641559185371,1.18326061558041,0.692060719255665,0.407639072832059,0.880142353798996
1419,1.06391131408037,21,1.0841385222753,1.18439638330664,0.650238284254744,0.362582110304715,0.881525333069724
1420,0.957012542594033,21,1.03984401645322,1.0740190502811,0.562075422795706,0.34827554448614,0.881525333069724
1421,0.934871929535663,21,1.0235487742452,1.04514099592699,0.626829265928747,0.342650453744081,0.881525333069724
1422,0.833038408409573,21,0.941867342030218,0.949857478508656,0.465722146259566,0.273879510473594,0.881525333069724
1423,1.04974747078334,21,1.19920192170637,1.13167083574427,0.689314165315824,0.379259190646367,0.881525333069724
1424,0.965483554153879,21,1.19681499060203,1.14251147424228,0.626193854699635,0.364435022071173,0.881525333069724
1425,0.75343633053087,21,0.866789786236727,0.853865733068667,0.439453221662864,0.233211161678771,0.881525333069724
1426,0.621529896867569,21,0.744489571864544,0.717125814771256,0.33588920744636,0.186217921237372,0.881525333069724
1427,0.964316954112281,21,1.24632504322181,1.10690249953114,0.597072344629412,0.318086530099176,0.881525333069724
1428,0.572572219415544,21,0.705642820647111,0.653187063411377,0.384051762138394,0.210015891386556,0.881525333069724
1429,0.642151286142102,21,0.826530634947178,0.736378449358201,0.422671222385533,0.235579669369127,0.881525333069724
1430,0.782676510572172,21,1.01455213284051,0.908513298525849,0.512322441312456,0.28437218528115,0.881525333069724
1431,0.62937626123591,21,0.840244595688578,0.741038267884002,0.396639831510956,0.213797972038058,0.881525333069724
1432,0.675106805869634,21,0.935478966517783,0.822771946285156,0.451979369121299,0.250971326004799,0.881525333069724
1433,0.765475212398189,21,1.08322062315142,0.917743529845519,0.418752635843578,0.240784772190635,0.881525333069724
1434,0.927224879297384,21,1.21099344463762,1.075534081237,0.584283772770906,0.33176820956346,0.881525333069724
1435,0.546226014265355,21,0.75039680342455,0.653075649281945,0.260869852700824,0.143937769965952,0.881525333069724
1436,0.529729233616021,21,0.715961934601732,0.610528086895378,0.278230301514384,0.159391841552123,0.881525333069724
1437,0.885344642198571,21,1.12988963653977,1.03505663520608,0.573202095439658,0.321918421258151,0.881525333069724
1438,0.758746033497123,21,1.03997440863963,0.89344507095027,0.503188402781845,0.302285498097089,0.881525333069724
1439,0.764849743880499,21,1.02413906217331,0.906548556978526,0.517006346136576,0.296071755686926,0.881525333069724
1440,0.613366150676278,21,0.805558181335081,0.728401751130052,0.41135744391998,0.239801585645721,0.881525333069724
1441,0.841028385501837,21,1.07870098063946,0.980856137914998,0.564180153420742,0.328455759258235,0.881525333069724
1442,1.00148840650573,21,1.27015888186446,1.16802994265766,0.674870316343295,0.389393495609595,0.881525333069724
1443,0.679333204215145,21,0.842404412783234,0.798928350434708,0.444923426122074,0.247611325606446,0.881525333069724
1444,0.695334992550956,21,0.943050271243684,0.840956860146798,0.470715778252532,0.285773471176618,0.881525333069724
1445,0.89022069197003,21,1.14034743437649,1.04101276629788,0.573206973265847,0.328101004800684,0.881525333069724
1446,0.850641278276773,21,1.07288200353564,1.01028705607425,0.569614398795344,0.336507755636927,0.881525333069724
1447,0.770581498980075,21,0.9542311021298,0.918702986454655,0.500298529362419,0.298878967752312,0.881525333069724
1448,0.934692843825237,23,1.23186083393411,1.11057618512007,0.635220942232786,0.38453497718888,0.88428067128954
1449,0.747777276011496,23,0.989106131996668,0.884094846743343,0.516141795825913,0.313592886661907,0.88428067128954
1450,0.793582342057703,24,0.961790169441817,0.975225303032789,0.528169470349109,0.301561153313666,0.883225753801903
1451,0.888876945191041,24,1.11721114345962,1.09795208904021,0.530181295810917,0.313837326198901,0.883225753801903
1452,0.638524501421871,24,0.797130830493774,0.784464605544658,0.376681526992301,0.218125564002781,0.883225753801903
1453,0.490094823830968,24,0.626322130987525,0.580335059694727,0.308843370337956,0.181073219427556,0.883225753801903
1454,0.859407287374588,24,1.09238089146532,1.04610073161564,0.535760293217867,0.290760348269762,0.883225753801903
1455,0.6329344686489,24,0.825188164667136,0.762568915409896,0.403669477766932,0.227985796538807,0.883225753801903
1456,0.846768560601189,24,1.06342295059951,1.00485679058309,0.529574099311059,0.306515910179268,0.883225753801903
1457,0.655212107270705,26,0.8348067741366,0.774026414169067,0.400813398746432,0.229054812907332,0.881116413497571
1458,1.07460142471625,26,1.37282853266251,1.26687110399625,0.63879211191713,0.365946850116475,0.881116413497571
1459,0.76543716897588,26,0.972328290791181,0.897786105522264,0.47644195572833,0.276413464573365,0.881116413497571
1460,0.809906583482409,26,1.02288285987572,0.937425229356907,0.507679385861273,0.290244009137507,0.881116413497571
1461,0.873399358770209,26,1.07119382938982,0.99466017914443,0.5410339355111,0.316411033122657,0.881116413497571
1462,0.682311542391149,26,0.886846903120914,0.749180022185709,0.429143874053114,0.248621131010745,0.881116413497571
1463,0.807799112566877,26,0.994030343038076,0.91630028202136,0.492203969259717,0.277580324471609,0.881116413497571
1464,0.932335996063159,26,1.2120027534552,1.09544241825792,0.576701631158092,0.342325745193303,0.881116413497571
1465,0.884457198992948,26,1.09518347386829,1.01295447786394,0.560703997660664,0.323530546849416,0.881116413497571
1466,0.679570385232717,26,0.830153048750962,0.765061816215451,0.41468457966326,0.238227126466362,0.881116413497571
1467,0.767681340215309,26,0.943535003000669,0.872101000196348,0.492212574294359,0.281922242362797,0.881116413497571
1468,0.441918004040494,26,0.538507793201401,0.510273734068675,0.281907862632617,0.163740166284317,0.881116413497571
1469,0.693632654413488,26,0.847514264046625,0.802522604385649,0.423443049625522,0.237916400207378,0.881116413497571
1470,0.865528416949626,26,1.03986046359525,0.978097937279968,0.522568652308456,0.300819221899099,0.881116413497571
1471,0.943763547640862,26,1.0712060267813,1.03180646791085,0.587441217089476,0.337764160998203,0.881116413497571
1472,0.745808162229788,26,0.858815739913889,0.847154580881668,0.472525908498625,0.271769389612598,0.881116413497571
1473,0.837665841928859,26,0.946393579844466,0.909913167534903,0.537228654353005,0.30319264004058,0.881116413497571
1474,1.04691986209055,28,1.23570535656711,1.16530766078243,0.676488975095522,0.386348154655075,0.892164558731376
1475,0.856112500898729,30,0.919782985341213,0.950466680190492,0.557245058331603,0.314336925245989,0.903604147967631
1476,0.783060952124782,30,0.814804428372432,0.86964832322571,0.488329024860745,0.278975658475486,0.903604147967631
1477,1.13545858180029,30,1.19202758186238,1.28219417352858,0.753738753625769,0.43015297156841,0.903604147967631
1478,1.12848402117815,30,1.18984834480268,1.2554726233894,0.733778654126139,0.420929051016733,0.903604147967631
1479,1.13477484456904,30,1.21147149779486,1.28916416813054,0.724578046584299,0.427317433430892,0.903604147967631
1480,1.03522611652604,30,1.09117482098941,1.14258898263635,0.681983635771613,0.391256649015329,0.903604147967631
1481,0.923416822416245,30,0.992319101823809,1.02685920437383,0.612937035383267,0.35225892641857,0.903604147967631
1482,0.886491533620461,30,0.99201451206821,0.987537878288769,0.571389096097968,0.327717019532736,0.903604147967631
1483,0.874147515695378,30,0.915250188255915,0.948823532417174,0.572213497124573,0.335716167738029,0.903604147967631
1484,1.01513746838519,30,1.08524663989199,1.10234566467185,0.646493118906404,0.369286676870319,0.903604147967631
1485,0.860563754964107,31,1.00983608393029,0.964984745055873,0.552404372816696,0.313528768833039,0.903193481041699
1486,0.749090876916589,31,0.87857457643501,0.829413160662045,0.484329194000314,0.281226150650751,0.903193481041699
1487,0.773657284488891,31,0.938204541484383,0.869244638858632,0.53025646192333,0.298664252538346,0.903193481041699
1488,0.924539340825014,36,1.03967001165366,1.05055903203455,0.66660468900195,0.385516575441366,0.915814133778029
1489,0.704139111292854,40,0.836103644279537,0.798320543956492,0.556795173009502,0.313936107771381,0.928165829798771
1490,0.945085628225314,40,1.12376460196078,1.05054631750456,0.734072451469908,0.413559851453321,0.928165829798771
1491,0.842808742188817,41,0.988544156454903,0.93160203002962,0.638043566534954,0.36551784862249,0.929160635563584
1492,0.727513260401023,41,0.875664020819679,0.7947051573174,0.561152971010395,0.317284108253019,0.929160635563584
1493,0.900206575374824,41,1.04901393823916,0.966547985240734,0.650077026096342,0.361494151302939,0.929160635563584
1494,0.753451905144264,41,0.923477616497398,0.84305212016265,0.600852124111737,0.336730226045012,0.929160635563584
1495,0.576666362971354,41,0.658515156796924,0.612743352510976,0.463826202817457,0.258912165717065,0.929160635563584
1496,0.904767152344854,41,1.03757470535931,0.976731741014954,0.680458815479184,0.383354139307076,0.929160635563584
1497,0.725285769256197,42,0.795510780716343,0.763374874584863,0.567440483437913,0.318282039756196,0.927958289886232
1498,0.876257624275314,42,0.955086785926917,0.93040155856919,0.690754927832732,0.390057913628539,0.927958289886232
1499,0.877607734013672,43,0.938406747405483,0.930388142718467,0.677049548557053,0.379932007467218,0.929416868026417
1500,0.857706256734889,45,0.897742412937698,0.932881675458084,0.697270531150339,0.39761188879997,0.932249914461642
1501,1.03347978313301,45,1.01913928644801,1.09031054703176,0.815376861460229,0.466655938223428,0.932249914461642
1502,0.991718885277336,47,0.997529928210086,1.09961285735973,0.810138287197158,0.464592326478021,0.936854335861365
1503,0.996493879804628,47,0.968477468532096,1.08708320152455,0.776148647757034,0.45110475222517,0.936854335861365
1504,1.04103701306684,49,0.993020166655408,1.1049296607262,0.835859725832568,0.468882911015222,0.940849725335504
1505,1.18864004378375,49,1.12284682895512,1.27606734915311,0.925626004752434,0.526530879288623,0.940849725335504
1506,0.989204087370751,51,0.911956487599414,1.07212841431194,0.794683256594385,0.443650048687314,0.944483930550023
1507,1.25424551820982,51,1.15158694562844,1.340949629065,0.970239292412138,0.559326739396592,0.944483930550023
1508,1.37037620574476,51,1.23349041207655,1.43744170847819,1.13922891395669,0.640191205262349,0.944483930550023
1509,1.20215890441913,52,1.09679340254483,1.29446868749367,0.950872596777536,0.550799968659265,0.944819250967455
1510,1.28470629166622,57,1.17286333981548,1.35097345804601,1.02481937556248,0.575849808070513,0.947041112395921
1511,1.06296842566707,57,0.963037907072476,1.11155387279635,0.859277722224158,0.479293974916616,0.947041112395921
1512,0.939938795055402,61,0.876665393836653,0.995377957180943,0.7576846716362,0.423878457526875,0.949092188008497
1513,1.10827889034987,62,1.03653931142608,1.11260065117409,0.862648632051406,0.487731490940575,0.950443904774631
1514,0.993524336091928,63,0.957824391191763,1.02271231081598,0.792575970265406,0.452196749648799,0.950786284339096
1515,0.944287090726264,63,0.958429254308366,0.992605665253161,0.770165829876798,0.425146400245343,0.950786284339096
1516,0.971511934062201,63,0.978354374508211,0.999376879854341,0.792077999175166,0.447998201232563,0.950786284339096
1517,0.972030653925898,63,0.957791953101977,0.985715588607781,0.769162108232112,0.434731585073843,0.950786284339096
1518,0.826237806429677,63,0.836835507583688,0.843384636957968,0.644685020374436,0.3627236236712,0.950786284339096
1519,0.748747711319938,64,0.753415174817369,0.749767511394988,0.600826115733652,0.335582981165705,0.951841386708698
1520,0.72142968507434,65,0.730026439277123,0.734003362299929,0.589342555061155,0.329817711072259,0.952949437845032
1521,1.01437324143053,66,1.04078771065571,1.01628421310654,0.826010241186572,0.46531242099994,0.953851668093213
1522,0.864737577792274,66,0.903434988182391,0.866162093530342,0.718190607170016,0.400876445174449,0.953851668093213
1523,0.935192483566607,68,1.0068424679794,0.927657003485406,0.759200438909383,0.426887125852996,0.955867986429798
1524,1.04631981724732,71,1.14645427312968,1.10388014796913,0.863134000817724,0.482972216143389,0.957629147750298
1525,0.992086211880194,72,1.07365062964324,1.04908429269239,0.837344856747876,0.462899867616321,0.958097910443278
1526,0.837745985291192,72,0.89968591740033,0.868836237570405,0.718784381183859,0.400090927966975,0.958097910443278
1527,1.15246364076069,72,1.23449600637838,1.17678873790827,0.961879821855325,0.54584883094187,0.958097910443278
1528,1.03936311266677,72,1.11845424567428,1.08305133742856,0.861152016390047,0.483341530238331,0.958097910443278
1529,0.888796159088731,74,1.00737315076168,0.947218843087956,0.737048736632037,0.410255915578728,0.959686294480075
1530,1.00417372775456,74,1.12461112369442,1.04953760965166,0.841634576744623,0.465553369658984,0.959686294480075
1531,0.859436428189703,74,0.951406155645223,0.889624025186855,0.713554107064827,0.397290473726486,0.959686294480075
1532,0.864739037762163,74,0.967608773333532,0.886374765666372,0.712631896113669,0.396484729563096,0.959686294480075
1533,0.585520229404714,74,0.66898578647252,0.606573779891164,0.481844822585161,0.273899716451929,0.959686294480075
1534,0.663127732182762,75,0.747332592663774,0.663846765248435,0.552331622245078,0.311518397350853,0.959931091671177
1535,0.918708327966811,77,1.01874767071751,0.90482071299893,0.743068229251598,0.427401077533954,0.961200908641441
1536,0.829179320593248,79,0.92709616654268,0.811815693034045,0.662352289307805,0.375608166658819,0.962400952591042
1537,0.977779528405337,79,1.08812723102285,0.965770082893349,0.770980380924462,0.433619899039056,0.962400952591042
1538,0.908767833315168,79,0.994806452481337,0.893427284494193,0.737199595041004,0.420456747621264,0.962400952591042
1539,0.865070311596777,79,0.95287835362368,0.852364692888193,0.724351731604736,0.410448686030057,0.962400952591042
1540,1.25627768579783,79,1.35038365708508,1.22931625905061,0.998059390311628,0.566562122942073,0.962400952591042
1541,0.997019263726713,79,1.05219834191824,0.974270731595208,0.792269732553267,0.447939757140325,0.962400952591042
1542,0.682343740180667,81,0.739721063738107,0.668743881713971,0.565642157074577,0.321045425330273,0.9631299890172
1543,0.936278955936796,81,0.979986816793339,0.897454582859095,0.792969764461284,0.453440916083596,0.9631299890172
1544,1.07100632096389,83,1.11755813704645,1.045632457854,0.828407873764471,0.479704378589432,0.963959182991184
1545,0.887574918866684,83,0.909191892882184,0.872639023758288,0.72571793572177,0.416341781410747,0.963959182991184
1546,0.945490485142097,83,0.964561930683409,0.9289994980916,0.800182692741258,0.454932251230903,0.963959182991184
1547,0.885191577920918,84,0.887402517246156,0.845437315620174,0.741307713571109,0.427613828160204,0.964563908526871
1548,1.08839887381441,86,1.08411571022321,1.04965765009319,0.910761143211634,0.515329998886324,0.965053333255445
1549,0.752841874206125,89,0.724746276265334,0.732520422941587,0.611788989735796,0.347155220590776,0.966188970192989
1550,1.31558156911236,91,1.27723706999077,1.27366494927534,1.10329730262928,0.634332420959701,0.967667316654125
1551,1.03071541707869,92,0.992156284734508,0.997303195988909,0.859270056041355,0.496006626035476,0.968186858423299
1552,1.14197493596872,92,1.06982365989,1.10351634698708,0.964954214983903,0.551426756726675,0.968186858423299
1553,1.00961522978881,92,0.946170192413062,0.985588033539881,0.868352793193369,0.491378576869065,0.968186858423299
1554,1.21640800209691,92,1.09794884692158,1.14894329834434,1.03101306066379,0.591871890001745,0.968186858423299
1555,1.08361004929708,92,0.976429329115245,1.03157333805981,0.909884749510182,0.520168671853582,0.968186858423299
1556,0.903804413441884,94,0.807321374499032,0.858011716508452,0.763278315605951,0.443034202889831,0.969229226057536
1557,1.04873232263605,94,0.918859656875984,0.987223766309971,0.873665912464947,0.509542919132155,0.969229226057536
1558,1.18421501878159,94,1.0457656544457,1.1347328978883,0.990965142847041,0.57426827770079,0.969229226057536
1559,1.15501589138092,94,0.997152264684013,1.10018357531498,0.951626728018404,0.541608659921227,0.969229226057536
1560,1.26391397995008,95,1.07130733215602,1.19123201629821,1.04660743598224,0.597133165356592,0.969497193268003
1561,0.994911864004885,95,0.847704746295627,0.956176458852623,0.794045097707458,0.455138552727955,0.969497193268003
1562,1.34645367215517,95,1.12653783251836,1.26395363414159,1.09723808960462,0.636407595103031,0.96961263705483
1563,1.40105861126614,96,1.15101124357401,1.31582133619549,1.13391875879618,0.653108255116743,0.969977934350306
1564,1.20634661785849,98,0.967437568530268,1.11546642662482,1.01832973849676,0.58244198361177,0.970165851997876
1565,1.06592269852401,100,0.87623214409678,0.992793126524739,0.906048641016141,0.524413454399798,0.97094314623008
1566,1.12372308355094,100,0.935885387200649,1.05746172763214,0.904759712799165,0.531217890674919,0.97094314623008
1567,1.21274529532587,100,0.995894988559439,1.14811364004484,1.01573636142659,0.591132988677769,0.971333724009462
1568,1.26844145680719,100,1.02059955260825,1.18819405300608,1.05954705681679,0.605448531781391,0.971333724009462
1569,1.36761905742854,102,1.09928538141354,1.26981094830704,1.14568701416503,0.670014049619225,0.972101578791332
1570,1.17692436921888,102,0.959097598165591,1.12136342234403,0.985003913986635,0.569862083766588,0.972101578791332
1571,1.04615558644161,102,0.854816734628601,1.0017489813508,0.884206829147165,0.511633174960353,0.972101578791332
1572,1.35775645561569,102,1.09266029941633,1.28667956747981,1.16154342648162,0.667955481452686,0.972101578791332
1573,1.25653889256285,104,1.01211083288176,1.19758309931431,1.10147248693801,0.628435699586041,0.972568387915227
1574,0.91138029198858,104,0.741147748256689,0.875027134638378,0.770475415134864,0.447785360385008,0.972568387915227
1575,1.20613798580971,104,0.973640040877491,1.14878223433841,1.0296763008695,0.595854206498072,0.972568387915227
1576,1.22610029355794,107,1.01069126755381,1.1817845782241,1.03019282518737,0.591656805305595,0.973222628230108
1577,1.453674594575,107,1.1996799663081,1.38989932829946,1.24009712548362,0.713018698516404,0.973771390894293
1578,1.40249235168756,107,1.16968911295622,1.35609634554009,1.18814975272869,0.675407661070088,0.973771390894293
1579,1.09969569510555,108,0.933909207202438,1.06637746221569,0.90714656652591,0.515122968757918,0.973948293556469
1580,1.092065042191,110,0.922617150349288,1.05117933840837,0.900715661031635,0.521883944600239,0.974299400943472
1581,1.16960932761978,112,1.01737833681904,1.14734388476077,0.939795327689904,0.540217298872503,0.974678260292461
1582,1.17045285502155,114,1.05858585797506,1.16269868718215,0.966697318745552,0.549026928459257,0.975122759277732
1583,0.945996348531124,115,0.868174740303583,0.949458407966233,0.785168171509036,0.445683495908544,0.975334062942659
1584,1.10854957636044,116,1.04212629343645,1.10416965988923,0.91287391163578,0.525169309070993,0.975503723135965
1585,1.15242053944497,116,1.08851985975855,1.136693446986,0.941338828016963,0.53354609664822,0.975503723135965
1586,1.41118574924071,115,1.42068264954244,1.41762026280125,1.21980740559409,0.682273623576638,0.97527420980433
1587,0.779840718656846,116,0.80043221388544,0.778204185523987,0.670103452935627,0.381604888513638,0.97520643527325
1588,0.910833298862409,119,0.961266983048969,0.927841309060349,0.754003068926779,0.426906356962065,0.975489623870545
1589,0.71500727451377,119,0.772278067602716,0.719878937729631,0.593522421260798,0.336024281635265,0.975489623870545
1590,0.897722597595859,121,1.00014435088626,0.904516313259189,0.747546369461907,0.42333256396166,0.975722105234006
1591,0.640627649536728,121,0.730417016684534,0.642828664305242,0.52382769235855,0.298555000447461,0.975722105234006
1592,0.782798939485041,121,0.914761147913533,0.784564535532893,0.642275438621224,0.365583416666367,0.975722105234006
1593,0.977732864201684,123,1.17042579486654,0.980339700186955,0.819545284883233,0.470230980432904,0.976069877551493
1594,1.01841709547432,123,1.23672207026849,1.02168557353717,0.815271105149923,0.460036669280474,0.976069877551493
1595,0.550443412168084,125,0.689470276355848,0.57177376026182,0.448300581261138,0.252015212163461,0.975742358766733
1596,0.711161972638678,125,0.902231603483385,0.732274804454388,0.566676623742894,0.323285401517165,0.975742358766733
1597,0.697401569818368,125,0.888724460203334,0.712989143573798,0.555533928217429,0.318022146736788,0.975742358766733
1598,0.872900212191788,125,1.11942748765264,0.897757046677014,0.687680400935968,0.396736166426854,0.975742358766733
1599,0.85894733883546,126,1.12015911841115,0.882815278477167,0.642332730031769,0.378092083061333,0.975922793326652
1600,0.717723389377785,133,0.938959781420624,0.744862048685617,0.580511579805169,0.333444063518904,0.976551727375127
1601,0.574831314725345,133,0.757604087169328,0.593291368127625,0.454375209768876,0.263746347863605,0.976551727375127
1602,0.661547870579028,133,0.865979456936064,0.686687648257384,0.529256627663021,0.302162778125098,0.976551727375127
1603,0.884085385196489,135,1.15142779673651,0.913966048235442,0.713950589172452,0.412407888778601,0.976781085562128
1604,0.962931516475803,136,1.25076175014194,1.01484482159688,0.777004414318553,0.450436070373535,0.976914521819898
1605,0.739003436067668,137,0.948322616070536,0.785586097290097,0.593042637147321,0.34431598078436,0.977039247835578
1606,0.776359692227004,137,0.98379167982371,0.814910799595583,0.633857103480219,0.363017894403493,0.977039247835578
1607,0.63823247724079,137,0.805750524436322,0.675836179526924,0.532163119857084,0.303557271045707,0.977039247835578
1608,0.731811039616567,137,0.910580628557127,0.773074454701918,0.601236338928582,0.345245862468916,0.977039247835578
1609,0.708008810151891,137,0.86571849912285,0.747199278815941,0.586077075305627,0.33885950985249,0.977039247835578
1610,0.960984453609275,136,1.14813656303685,1.00054357368872,0.810475363670999,0.466003692058648,0.976388284166691
1611,0.814297421760051,141,0.954587444940547,0.848533107559819,0.677071932271824,0.387335802503315,0.977058254038287
1612,0.836343177419628,143,0.97106999668649,0.885955664530778,0.707329950973124,0.406632406795112,0.977395593822308
1613,0.76320148818668,145,0.854823109170854,0.802238335095099,0.65068501684534,0.370484274013068,0.977473513113225
1614,1.03387649527418,145,1.12741273767767,1.07605857318685,0.870273423084291,0.499169269962104,0.977473513113225
1615,0.924506638985658,146,1.00149225339123,0.969181044299112,0.778541283148488,0.447303646992008,0.977544765295682
1616,1.00967085977524,148,1.07192641410956,1.0555214358591,0.868734985119029,0.495734812930792,0.977827354926875
1617,1.05079303742131,151,1.10066465947798,1.09972388057332,0.908073696161066,0.523507411229286,0.977737653073142
1618,1.01014096129609,151,1.06646433017399,1.04730933728447,0.864758708133347,0.495935615646707,0.977534036418942
1619,0.831384570498617,151,0.856066122753881,0.862827271768726,0.72146023471484,0.421195299371889,0.977534036418942
1620,1.00158852714341,151,1.04943012409024,1.03832838049493,0.867023475205001,0.495449384009982,0.977534036418942
1621,0.933636638949319,154,0.967114032297167,0.96434078794833,0.811911461285401,0.463276629942797,0.977648453911448
1622,1.00230111515938,154,1.06024699670692,1.04593052405295,0.8831160594398,0.510729745572159,0.977648453911448
1623,0.850561292390333,156,0.887622481339195,0.888411223482324,0.732013188149535,0.421302394461594,0.97803515243964
1624,1.068337238578,158,1.10594072388606,1.11471898176706,0.935871969643194,0.537629738032298,0.978379980407046
1625,1.0060745456794,164,1.04900388915981,1.04647085826234,0.893349896152687,0.510032914043337,0.978961821345505
1626,1.05713021242994,166,1.09622940212754,1.0949038648967,0.956521166234264,0.542194319860411,0.979036120636512
1627,0.773819973704413,166,0.803640531141501,0.800441718103753,0.677118537078303,0.387255095744162,0.979036120636512
1628,0.968042526920557,166,0.999369054278403,0.998029955913496,0.843945237820273,0.483271432408865,0.979036120636512
1629,0.845679529193262,166,0.883088154512859,0.872124008639157,0.733935498518218,0.419764061925583,0.979036120636512
1630,0.97927195796267,168,1.00693434541587,1.00893681850768,0.838693140049158,0.478173793376224,0.97920543737859
1631,1.02036293749446,167,1.04692934152871,1.05569203198468,0.877885078690911,0.502662990440726,0.979003944604057
1632,0.88764908077877,167,0.904004697739597,0.910333925739159,0.76070914528501,0.43484121794113,0.979003944604057
1633,0.920864485453585,167,0.932994847075339,0.943182812199468,0.78469986590763,0.453838371484735,0.979003944604057
1634,0.874960052547768,167,0.873057139581275,0.893564633771073,0.763720231662613,0.437498083000975,0.979003944604057
1635,0.834144589209029,167,0.831672328507376,0.848423353283696,0.711346832973764,0.408335077413224,0.979003944604057
1636,1.1256883636838,169,1.11198363961241,1.14436150881313,0.980301278721789,0.563793396081019,0.978983546063314
1637,1.03866101508251,171,1.01394915586473,1.06060524657454,0.91383982042665,0.526163219239407,0.978906268049149
1638,1.18520772624373,171,1.13877202972075,1.20824093428161,1.03998727390411,0.598832696006424,0.978906268049149
1639,1.04464288758868,173,1.01918404634178,1.06050585290081,0.920192816426936,0.530606663798712,0.979220170628502
1640,1.40261368414824,172,1.37513971325344,1.43227972609923,1.20168512259782,0.692650685068526,0.979147003142635
1641,0.771314144644497,172,0.75670577614948,0.790663897299916,0.661715713047551,0.376288773678184,0.979147003142635
1642,0.868804379665359,173,0.846325711838694,0.875201206276361,0.689613741187644,0.396626610118412,0.979169707980446
1643,1.14826078113107,175,1.13108085914293,1.16793409183493,0.965830047177574,0.556973848331558,0.97938817361801
1644,1.05111709841533,175,1.02929705659712,1.07352746768128,0.860226709129789,0.506566806426951,0.97938817361801
1645,1.02600332908579,181,1.01862172469559,1.04969088175445,0.872330347478041,0.501011825526858,0.980012151246352
1646,0.828951644755434,181,0.828428038520397,0.856659742928643,0.709041440303897,0.407422741809941,0.980012151246352
1647,0.809105050478893,185,0.804606118090252,0.83797524362444,0.684737287811775,0.398252084011252,0.979848595490762
1648,0.997832033161813,186,0.971878643817893,1.02449163133987,0.838917608536616,0.486460846019943,0.979829563439676
1649,0.930383773277552,188,0.912291133214026,0.946076324639315,0.793283241440209,0.456463331251378,0.98010407398535
1650,1.14593822149518,196,1.12183240609347,1.17719880283394,0.971880773502501,0.564504808330671,0.980776007687158
1651,0.947402508371761,196,0.917407762554565,0.969582535903651,0.798034735646228,0.460418417768952,0.980776007687158
1652,0.922696559905808,196,0.888903471306266,0.95616342098773,0.788085521926832,0.452999996594909,0.980776007687158
1653,0.914570956081058,195,0.880835643389455,0.940735456893392,0.780738560077885,0.4509172858788,0.980671478266814
1654,1.05572146178548,199,1.00529757444188,1.08606134467447,0.90424488149656,0.521789861180521,0.981083285585709
1655,1.08313692160471,201,1.00928990437899,1.10879356234111,0.932922675962918,0.538125915730641,0.981068184061827
1656,1.00821436470255,203,0.947414612412864,1.04928117728199,0.873785400383788,0.502374169217587,0.981095607295532
1657,1.24940659083223,203,1.16534828789939,1.28733509662955,1.08863799448563,0.625031370771277,0.981095607295532
1658,1.10522800921745,209,1.02820487261405,1.1342239082466,0.982187961463991,0.569072065591159,0.981736183951525
1659,1.28437427990024,209,1.1896421283901,1.31907019037435,1.11190173236777,0.640823753351374,0.981736183951525
1660,1.0608686105826,215,0.996014706057667,1.11197627932404,0.95037128516297,0.544265159956709,0.982313775202915
1661,1.08064013102305,216,1.01685482976695,1.1183750099246,0.949520064407712,0.543907622615533,0.98238418288651
1662,1.31247143966965,216,1.23906507819288,1.35932008558753,1.13477465553751,0.64606734562566,0.98238418288651
1663,0.858743976337166,217,0.821653748419565,0.888295721586997,0.747417683970014,0.42550366066829,0.982367842815246
1664,1.05714126692086,218,1.02433695541056,1.1012703395936,0.90773142780155,0.519666057463247,0.982442352033998
1665,1.00360890443006,221,0.99443692846043,1.05463379807262,0.849609291004172,0.49157038418327,0.982470430470702
1666,0.976556388508716,226,0.980672565418977,1.02294197422687,0.825804153061034,0.476924019653342,0.982879565251011
1667,0.867111937579083,231,0.896805735447867,0.919049630075699,0.757121123304604,0.439068560249229,0.983127403861947
1668,1.04427583268614,234,1.07721616361455,1.09122610706378,0.892294789172954,0.515928846658617,0.983382033729337
1669,0.89431530669675,235,0.934214891277444,0.932859106242384,0.768452554908292,0.448447386300441,0.983496768462042
1670,0.861812160831246,240,0.914158375194193,0.908599038322328,0.76235089782345,0.435879934128976,0.983729289633842
1671,0.738705568242646,241,0.793408949648922,0.775263808780781,0.655697229163112,0.37770650728186,0.983806477859823
1672,0.97749091803238,242,1.06797166686123,1.0293009377582,0.852839788997378,0.495983014882647,0.983784544021445
1673,0.855424982892833,244,0.954381389220141,0.912810323648332,0.759890720231015,0.438743653207418,0.983920136841154
1674,0.756090254150226,245,0.84190323078702,0.807460646503397,0.66702831614537,0.390411585556062,0.984017325486236
1675,0.892819203355447,253,1.00247175752332,0.943637120925433,0.779496787974811,0.447633779911342,0.984227512375628
1676,0.909450594011152,256,1.00632756303631,0.965626392456766,0.794523253541059,0.459796712139781,0.984234394344369
1677,0.948326762490864,257,1.06459020331709,1.01128930282405,0.849754888874448,0.492725829846863,0.984293557631899
1678,1.05038368360994,259,1.18756180780569,1.12283625843777,0.929541367065386,0.537156798713685,0.984363337507081
1679,0.775190607667031,259,0.870102587156468,0.821333414133868,0.69476291556371,0.402629311119079,0.984381872540097
1680,0.771179795178353,266,0.888081383681148,0.842985568378716,0.680123471379127,0.390357002203992,0.984917355165271
1681,0.860462549616713,269,0.977919114159034,0.937349558538442,0.746371578976023,0.430639316083321,0.984996368178614
1682,0.932113865914758,269,1.05528760177875,1.01311932716123,0.809976888362219,0.463075554871824,0.984996368178614
1683,0.790801003007578,271,0.887315867251145,0.853581338612962,0.712944825163483,0.409129991873673,0.985054667257274
1684,1.00362830284399,274,1.12323334471815,1.08309316781234,0.896495523066048,0.515042666241636,0.985081760078625
1685,0.732747737073901,274,0.819577204422224,0.800497734398526,0.668209096139494,0.381054653863533,0.985081760078625
1686,0.996870757133255,274,1.10728888920648,1.06512514231098,0.882278305633008,0.508932452068675,0.985081760078625
1687,0.83529474805635,275,0.927852843063687,0.89482870339862,0.749313005686824,0.430368820795229,0.985179084394847
1688,0.792765229399136,278,0.873612032171193,0.859469415112533,0.69819581800866,0.399541252206672,0.985345921612596
1689,0.828499128231092,280,0.899641212293746,0.881168024955739,0.747866103792231,0.429662630519693,0.985307385033189
1690,0.94489654122399,281,1.04409888851348,1.02550679094343,0.854022152583638,0.492056773326099,0.985282095577163
1691,1.06002380617904,281,1.16131038674857,1.14464568532153,0.95570539968856,0.550793753683738,0.985282095577163
1692,1.11748393198001,281,1.2191902586366,1.19816476347308,0.994873949436834,0.574637752682113,0.985282095577163
1693,0.918034961404743,281,1.01096910184923,0.986475859879528,0.813856038813722,0.47037547681828,0.985282095577163
1694,0.991487936263122,283,1.09320852879259,1.07664684794775,0.905550859901158,0.519462327355372,0.985314161395668
1695,0.834767757588831,284,0.937534963441845,0.907514737128326,0.74942472763243,0.432011863737251,0.985283170481442
1696,0.938870512241795,284,1.0865093475908,1.02432958076696,0.812417794429998,0.471647852324882,0.985283170481442
1697,1.00340110435872,287,1.15623571680064,1.09101035360755,0.887610675384795,0.515661178339821,0.985367248859529
1698,0.945672949907638,286,1.1051037112496,1.02991485883388,0.828659251277551,0.481075734782266,0.985321080478734
1699,0.707924172762328,288,0.836766102181603,0.766325136263115,0.615708196043678,0.358313215274669,0.985447863499839
1700,0.768573472626582,296,0.919182757075555,0.840349151176503,0.669543741282784,0.38671166357866,0.985851214431664
1701,0.524412211337091,296,0.623458582802662,0.569185863163891,0.472302610517098,0.27204115725631,0.985851214431664
1702,0.848025020220901,296,1.03014471361644,0.924609266000041,0.749238254148424,0.431585632201108,0.985851214431664
1703,0.738630253320461,296,0.896813859549752,0.800241324634976,0.653467437605895,0.377239074880167,0.985878821374186
1704,0.791134090546219,299,0.949578895204361,0.849342851498847,0.695765710288423,0.404009747151509,0.985892498356587
1705,0.683503962821387,299,0.831017478744758,0.741569108463286,0.606916807300492,0.352335775155493,0.985892498356587
1706,0.813185206437858,304,0.984245094097824,0.876470219114741,0.716796660996725,0.414911539020614,0.986236829824877
1707,0.808796107231295,305,0.966145713757514,0.871399536004755,0.715614135947097,0.417503774039058,0.986173377130533
1708,0.912233551648791,306,1.07504557816134,0.978284854880224,0.822658208088322,0.47725003431767,0.986266142903956
1709,0.828797480113052,311,0.965777515871118,0.891433725158598,0.745027331897339,0.435238795053904,0.986588896266308
1710,0.943253309511218,313,1.09080128714647,1.02558538589268,0.855428897697489,0.495811930956514,0.986739897095251
1711,0.800361509482428,314,0.900544694629355,0.858299286850624,0.727350661481339,0.420246874562678,0.986760001863234
1712,0.784223354621628,316,0.87568944403281,0.840556214326265,0.708266940502047,0.410647876160687,0.986907060043072
1713,1.07786517578859,318,1.18719032293405,1.15927989253411,0.985780113784184,0.574569276487275,0.987059563884715
1714,0.752755679134334,320,0.816444771017587,0.805585575105423,0.69821583770166,0.405820701674014,0.987163137213538
1715,1.03535808663327,322,1.11048494020289,1.1003813884253,0.949405679210689,0.554162071227972,0.987196835859443
1716,1.09694660873244,324,1.16779601900206,1.16797694224949,1.01790430962092,0.593106728959965,0.987348977427702
1717,0.908718459481996,325,0.957564349238788,0.970148616494893,0.843041140879092,0.488042426923877,0.987376739082349
1718,1.11886503746189,328,1.17644319216781,1.19344223610309,1.02149447545791,0.594312732845001,0.987452178992934
1719,0.988484898996864,329,1.02915956755678,1.04284279926459,0.921598342922766,0.538654026652421,0.987469287764316
1720,0.949377173785124,330,0.979925060125428,1.0066047522732,0.893031424854524,0.516573350296767,0.987481265488801
1721,0.837383821721761,331,0.886805270385687,0.895639805991394,0.75473347246316,0.437533304049342,0.987485873441306
1722,1.02599647828937,332,1.06724082525392,1.08568443990164,0.960827990634589,0.556773074338398,0.987593797669073
1723,0.810399002277551,332,0.842874525538081,0.854134746422498,0.756113346114295,0.439861029330993,0.987576832726303
1724,1.00484603651541,331,1.04312281697865,1.05716382961382,0.930125308405518,0.541165132699047,0.987553698170057
1725,0.975624735541036,342,1.00705862452865,1.02105648755532,0.914809146421915,0.528930440482,0.987967120659986
1726,1.03147559138072,343,1.06708346810618,1.08411776499258,0.964193591387457,0.561543968951385,0.988030525083662
1727,0.997706295073051,345,1.02877590291463,1.04515031806435,0.927274358271577,0.537866987859984,0.988091102901154
1728,0.925557830034994,348,0.966163037774624,0.976309379029854,0.85722197051988,0.495372967271418,0.988191855880574
1729,0.810056825752472,351,0.84124745741312,0.845277804364232,0.762086635208917,0.439878262439346,0.988320924491281
1730,1.03573501100117,351,1.07900645186877,1.08627810514195,0.960093837456448,0.557458432226199,0.988360511356857
1731,0.722874853737578,351,0.741543632415916,0.749264601282413,0.67356276447799,0.390430121713139,0.988360511356857
1732,0.743794848234827,353,0.771589614438123,0.772434184969394,0.69112328169272,0.397253376942521,0.988509246704954
1733,0.976353993549499,355,0.994825626503072,1.0101946949529,0.903641141478101,0.525823541409587,0.988560652920743
1734,1.05614732638801,361,1.09635679241111,1.09920501052108,1.01070224737957,0.579202348777788,0.988704087195668
1735,1.06921287694363,363,1.11270305261006,1.1146732949831,1.01560920966536,0.585281670597504,0.988729641505663
1736,1.26086630099549,366,1.3236754229038,1.31814384709435,1.17373951357543,0.685414816320005,0.988870532364784
1737,0.959877339693703,372,1.00096377388012,0.998962172376762,0.901956470161767,0.524021369552869,0.989023778523786
1738,0.847398989833847,372,0.881356992822016,0.874920055510716,0.792730030818087,0.460523829692389,0.989023778523786
1739,1.02321020387932,372,1.06236964920992,1.05167510873705,0.956707345620022,0.555149957815711,0.989023778523786
1740,0.774491428177805,376,0.803623632533558,0.791899659106053,0.727611835639045,0.421230699450489,0.989099568698959
1741,0.871283409442059,377,0.91446668439977,0.899590966975498,0.807583172273171,0.470859960762129,0.989145145497727
1742,1.03587795395801,378,1.09851570010389,1.06452043810903,0.971653716067274,0.564224656212828,0.989169615290647
1743,0.908454355975681,383,0.964820754185797,0.934909257455089,0.845744126471102,0.492716244212468,0.989317176196996
1744,0.934080154610148,385,0.996738903405289,0.966521267749924,0.85601038312318,0.496759143742352,0.98942680633468
1745,0.869125886786979,387,0.917481935765149,0.885068593423177,0.809232085018827,0.470542345200415,0.98951075738082
1746,0.95153235607706,388,1.01950962373356,0.972428312081486,0.884186607320608,0.516897172498168,0.989542448449222
1747,0.913026804143177,389,0.979699121422633,0.936733838577954,0.866126628737026,0.501785241961006,0.989602658949939
1748,0.900628228334836,390,0.959683586134049,0.918818253126067,0.85276049755389,0.49778300075172,0.989616866728504
1749,1.0779043234919,391,1.1575700934675,1.10852583016656,1.00510132954732,0.591079278993346,0.989666551300472
1750,0.783815909501309,391,0.840074537136273,0.802635803700314,0.720348512380188,0.42350083296586,0.989687234292599
1751,0.981075151913371,392,1.06358757268856,1.00941957446184,0.899168020999054,0.527355313865605,0.989753120368567
1752,0.851622130952972,393,0.907641190608974,0.869616955174834,0.798230133106515,0.464569787648041,0.989798351424959
1753,0.950292502869381,394,1.00328399226853,0.967472536985685,0.89929984803344,0.526716837424732,0.989851200009898
1754,1.17768357403063,394,1.24189233139453,1.19269913822636,1.1034195271728,0.64450889605879,0.989851200009898
1755,0.721232942733058,394,0.752809632066045,0.725888884633483,0.69023397451991,0.400041859379054,0.989851200009898
1756,0.789437377853987,396,0.822065990025916,0.792047046325338,0.749966886584606,0.437826285339541,0.989964979357345
1757,1.0403912539317,397,1.09558966708466,1.03931428709185,0.986253513540525,0.574733663290245,0.989993004363821
1758,0.970655209069861,399,1.0056896728734,0.966982178940329,0.920434855901913,0.535233085700068,0.99003781410457
1759,0.91892741906303,401,0.957431484751741,0.914327123813162,0.851453452185432,0.498914684213669,0.990139889871136
1760,1.10391717969176,401,1.13985533689218,1.10699673380465,1.03773642092157,0.603249379723598,0.990139889871136
1761,1.0295606424933,404,1.06429379576362,1.0344517940467,0.953999493493686,0.563157006471533,0.990257686056241
1762,0.898012077458722,405,0.9065381384971,0.890928775403392,0.844020832988344,0.491921775299636,0.990285620806369
1763,0.897652103988737,405,0.894986750956702,0.890268484787738,0.841623108129099,0.495371839718509,0.990285620806369
1764,0.910875290612634,408,0.896511679552397,0.898247395652177,0.855194370837161,0.503840391800808,0.990414404704488
1765,0.954268214264777,408,0.946765183313775,0.941171034921539,0.887276038211305,0.519872198502545,0.990414404704488
1766,1.19112847915094,412,1.16449040575744,1.17328811382146,1.10414403437607,0.649824621757492,0.990512036066894
1767,0.98378199885679,413,0.938434331071204,0.964650460566973,0.916517524807462,0.5389021912057,0.990564565543264
1768,1.19479009062439,413,1.134956769385,1.18243068585392,1.12523520193769,0.661132112746641,0.990564565543264
1769,0.73681059169763,421,0.703040314911996,0.734484974692606,0.710463078722606,0.417067281743865,0.990762105671704
1770,1.0576978427125,421,0.990331475186577,1.05158558799429,0.993690445532546,0.585846705360338,0.990761348427959
1771,0.938365718971465,423,0.879624816660247,0.939927929279992,0.881516513855851,0.519953447383726,0.990803368757805
1772,1.30714704495221,426,1.21127522597956,1.29010170044171,1.23289212539262,0.723278830945092,0.990925391999079
1773,0.897410252383875,428,0.818360887349894,0.889045909420362,0.85202150680643,0.500641755822035,0.991008685418769
1774,1.17817155586644,428,1.07130643738774,1.15788433053163,1.09909287735523,0.648701377317187,0.991008685418769
1775,1.23346915872771,432,1.11038274598682,1.21445850286215,1.18408638875145,0.693500594258039,0.991106952352346
1776,1.25486501729616,432,1.13118525528424,1.22604980591537,1.19081939013615,0.697723292593296,0.991106952352346
1777,1.27013719149001,434,1.145521858941,1.2419821227925,1.21083369777149,0.710666112585399,0.991163259123634
1778,1.10110649465642,436,0.994874781075677,1.08191834814546,1.05352178552545,0.61920123145995,0.991254734351735
1779,1.17155025545397,437,1.07337407517054,1.15218124588592,1.11889466816896,0.653523247291617,0.991272874542646
1780,0.963603787110005,436,0.885150556182351,0.951328679957057,0.92767443396141,0.543564104601527,0.991250253732973
1781,1.20283715104076,436,1.10576435017872,1.18556934705863,1.15309809464366,0.674370572640307,0.991267667708908
1782,0.683733019330797,436,0.634340732573619,0.67440145879945,0.663279078245515,0.390361848559689,0.991267667708908
1783,0.994179906345277,436,0.93187891306067,0.974754816082909,0.942430636160709,0.552813601248666,0.991267667708908
1784,1.14872106840819,435,1.10140830459883,1.12647293389621,1.1054729355951,0.65247055630224,0.991241173094691
1785,0.906376997255711,433,0.868565126374818,0.887792636136622,0.870098303860308,0.515166982011388,0.991190110772899
1786,1.14987469771094,434,1.09817248172232,1.12709871610256,1.08553594093573,0.643903423062643,0.991253900917804
1787,1.14181752375825,434,1.09771383985792,1.1135521540573,1.08635935449858,0.643722558911986,0.991253900917804
1788,0.962921728361332,434,0.938382469451335,0.94629423634411,0.910841252737375,0.543741785734699,0.991253900917804
1789,0.977792260271488,435,0.944231723375902,0.960058861797944,0.923398010476461,0.557035469945104,0.991276155304993
1790,1.03725080071089,434,0.998385766307747,1.01867724427428,0.98852191933122,0.590061602943101,0.991267479034394
1791,1.18257294027638,432,1.13798133151777,1.15682954541963,1.14316501151896,0.681818403796602,0.991249370235639
1792,0.872926251211222,433,0.835686433969031,0.859150150238949,0.851996868074558,0.507089544647196,0.991296656732355
1793,1.1164869839285,433,1.09044086256359,1.09650269758518,1.08729115538593,0.650567233876973,0.99132768645875
1794,0.812099822387395,436,0.784534264639882,0.805925864218679,0.778193232216202,0.463967082902866,0.991411702894315
1795,0.985629574404911,436,0.951493028399097,0.973232786472916,0.946218175119212,0.563828991957287,0.991411702894315
1796,1.10924170409298,438,1.06318642926323,1.08719434841596,1.05993909903221,0.633686826513995,0.991477305091025
1797,0.951258898051103,438,0.90145754147666,0.936364634065218,0.909755787837983,0.541566147100449,0.991477305091025
1798,1.05910616682843,438,0.998833894735817,1.04523516551858,0.990358383302461,0.592361623189287,0.991477305091025
1799,0.959091949588111,439,0.905074159461562,0.954668697223724,0.920423494091498,0.547851972304271,0.991504851200043
1800,1.09602246865032,446,1.02729988806586,1.08789805689364,1.04009987973828,0.626053226073284,0.991628521592657
1801,1.03890902879778,445,0.970031930930457,1.03665616229483,1.00000820232011,0.597730983013674,0.991624317595822
1802,0.956345276341297,445,0.87627752549561,0.956648777214427,0.916474680676907,0.545915360473151,0.991637706971164
1803,1.06066775366252,445,0.966452878994025,1.07125570636428,1.01517003595253,0.605059171679924,0.991637604385836
1804,1.21913176277138,443,1.09279356323066,1.21946238980736,1.16950224738209,0.698034280116812,0.991575159678648
1805,1.15984219930399,448,1.03007580347201,1.16753626854593,1.12291949557043,0.66697096887577,0.991737323355954
1806,1.27327887126157,448,1.12683691648389,1.28109936526157,1.24835134171035,0.745349035300712,0.991737323355954
1807,1.21884508424973,448,1.06370801984762,1.22222178191129,1.18306802291217,0.708609266597207,0.991737323355954
1808,1.20761281940745,447,1.05352377781103,1.21920440580825,1.16510186651686,0.699440635961741,0.991715846022086
1809,1.17570005136858,447,1.03865404887194,1.18548381842639,1.14040090287899,0.683208147052159,0.991770509717944
1810,1.06732906820318,447,0.955498985607015,1.08552861116264,1.03557867871903,0.616979879845758,0.991770509717944
1811,1.05473311934002,449,0.945986345085211,1.0755393039582,1.00730966052571,0.603731123098121,0.991885955252603
1812,1.0037211430319,448,0.919957371972977,1.03033425939756,0.980996095854617,0.586385863359119,0.99186683728545
1813,1.3937735904998,446,1.26306406410894,1.43252696072625,1.33048850943065,0.796514145581627,0.9918275851236
1814,0.974113364318675,446,0.897786004668792,0.999508158031933,0.934564524336483,0.562509890206952,0.9918275851236
1815,1.11201252531093,444,1.03897879424997,1.14074504157104,1.06413539233942,0.640538263915239,0.991763563402845
1816,1.19149299341878,446,1.14783490257972,1.22996045022923,1.14326040373186,0.690742707667155,0.991804976796166
1817,0.999961396098594,445,0.970055952056722,1.0345782457674,0.962339771040778,0.577356311549181,0.991770348035204
1818,0.819733622546771,444,0.809578207240068,0.848061370168919,0.79654781775898,0.481473934552922,0.991747656923416
1819,0.976855876536423,443,0.986816559194798,1.02254912328026,0.931005187354629,0.5641607335603,0.99174913417477
1820,0.909557168685498,442,0.936147212750638,0.945365128448927,0.868901903873771,0.528312980424315,0.991745858218341
1821,0.767977755710594,443,0.808319511965841,0.807132657843571,0.721665058328276,0.439303193393217,0.99176588007308
1822,0.827406006501681,443,0.876042044491681,0.868387164843694,0.78698704153222,0.476452227158568,0.99176588007308
1823,0.863493924264619,444,0.928859641801982,0.91028857291961,0.823044414552931,0.498344304826162,0.991757263920833
1824,0.829029973755475,444,0.911178591888008,0.882577600926289,0.788614062411594,0.474854767323635,0.991757263920833
1825,1.05100117983321,446,1.16678684662213,1.11510087376161,0.996379826119502,0.603978181332703,0.99174711153024
1826,1.01293363997305,445,1.13313146982084,1.07345124079255,0.960195831219243,0.582064881045453,0.991720497034215
1827,0.687182596148815,444,0.774982682391946,0.729747338958854,0.663624128995115,0.400221120573681,0.991694839073279
1828,1.13891981761992,442,1.3035481575292,1.21203052043815,1.10144736778699,0.670072546497822,0.991625000819076
1829,0.900143755988803,444,1.03214894009584,0.960486376908236,0.852636935991312,0.518910292810791,0.991666388946496
1830,0.759808438428458,445,0.886095074336765,0.81863332753226,0.722375511268247,0.437840016679435,0.991670088703193
1831,0.755342466890515,446,0.896218491632828,0.812676958453327,0.723673579438316,0.441078086375673,0.991731446311134
1832,0.997408899177187,446,1.19516014691326,1.06944711378063,0.962040070979585,0.583609829533322,0.991731446311134
1833,0.861560003291486,445,1.05099432848005,0.931665587105772,0.839594334362907,0.509460751104971,0.991648958809774
1834,0.87411492933633,445,1.07066269449972,0.940828714459427,0.840343004824917,0.51153475321611,0.991648958809774
1835,0.712060021007253,443,0.883639769267537,0.770992739003611,0.688526008718121,0.418781021241611,0.991616139782066
1836,0.756729775029239,438,0.953512277051632,0.819653474561533,0.722826925641782,0.439021206582066,0.991515667340032
1837,0.592483012556536,441,0.753923125224234,0.647315815330436,0.585307795115944,0.356443591234074,0.991595697534469
1838,0.832938537373207,440,1.06796847448899,0.90531742233569,0.82941502361776,0.50451579458872,0.991520593998134
1839,0.760586500012948,441,0.980143257993786,0.829344378977932,0.746819371420875,0.455690839120264,0.991540224564203
1840,0.681776038010166,442,0.878473974570873,0.744113690239124,0.662299015858401,0.403156171844115,0.991551848313699
1841,0.753919115263171,443,0.967915884303885,0.82236987502636,0.737047868754581,0.448863767737047,0.991552369512113
1842,0.812222286917419,443,1.0412827243662,0.88666067472434,0.791031635676608,0.484790235001237,0.991552369512113
1843,0.869736297928306,439,1.11295077151446,0.950395652562896,0.846429267799559,0.51994761553055,0.991444899594789
1844,0.77876027424142,439,0.994293790866489,0.851290911037089,0.76183452649248,0.467507450868952,0.991354884676714
1845,0.675255889434595,437,0.84445124228601,0.733875617465987,0.666448757062435,0.406907287589451,0.991285227324502
1846,0.78066627484321,435,0.975558953979211,0.854296498368798,0.762964019967544,0.469974671014926,0.991237445228724
1847,0.669689277063963,435,0.827011276323655,0.734650882134682,0.66031589511929,0.406339832989363,0.991237445228724
1848,0.820040909575393,434,1.01274780122719,0.904839035807365,0.811074210394977,0.49761927019636,0.991215877473942
1849,0.818550812883987,434,1.01253074825772,0.908083350682674,0.80900381171345,0.496660493915743,0.991215877473942
1850,1.05163512806317,434,1.29240176342702,1.159448083276,1.03649562796082,0.638870051282189,0.99115956040271
1851,0.886287002199274,431,1.06572016290917,0.968936834017913,0.865285209828076,0.530521990338575,0.99107289635621
1852,0.604526527665625,431,0.725457191838673,0.666070613665504,0.608736785391912,0.373218730370816,0.99105074750084
1853,0.893492064800777,431,1.06345254112764,0.978927895254916,0.893825913385008,0.5450028375129,0.99105074750084
1854,0.766883687410263,431,0.907383087508173,0.845104069898064,0.772360913402057,0.476889725669429,0.99105074750084
1855,1.00192656732709,429,1.19738984338867,1.11260727853783,1.02063170018508,0.628530060174078,0.990993056355748
1856,0.92248429366738,429,1.09912481780063,1.02561200740108,0.921460040552736,0.567136836744113,0.990993056355748
1857,0.773180595132103,427,0.901806402380865,0.851444365580252,0.769542111420053,0.472463388816301,0.990948465631739
1858,0.89447570104183,426,1.04205035869158,0.9848506788637,0.897197293233815,0.551160412577666,0.990899935497016
1859,0.849163123350486,425,0.985167639273325,0.934320336165897,0.848680193261826,0.524946252117324,0.99084825689412
1860,0.77903619946234,423,0.906877177982959,0.84964011468112,0.765665616518407,0.473597380021738,0.990792953257209
1861,0.910935786784218,423,1.05412120905505,1.00044596959117,0.878726553580949,0.539751870454414,0.990792953257209
1862,0.837514479156445,422,0.968278759744595,0.920107189949395,0.823271834011204,0.506657023504281,0.990750787732088
1863,0.822206723846717,423,0.943773425747288,0.891834371218191,0.797160996160078,0.493885271019325,0.990774151979429
1864,0.77315515142532,422,0.885145086303761,0.840939793941864,0.754868491901977,0.466737069865432,0.990732722304697
1865,0.875521181882994,422,1.00356734685591,0.947538719471992,0.862188590278963,0.534168345440456,0.990732722304697
1866,0.954438143571411,422,1.09864496910681,1.04950089047215,0.933354602605294,0.582973115393708,0.990732722304697
1867,0.796339943738185,421,0.9064918402329,0.86934424795763,0.78337268407742,0.483336159751116,0.990749192497794
1868,0.926640503106145,423,1.04215516066714,1.00920448644482,0.907955295833647,0.565107138097686,0.990798802875481
1869,0.912588340211366,423,1.0166949787069,0.99880025009954,0.896026533205896,0.556634836336066,0.990798802875481
1870,0.900737423625209,426,1.00514226117961,0.9777868053319,0.884304080050193,0.547693665515,0.990839824734807
1871,0.870548683476876,425,0.96689126492707,0.953952987186835,0.87378855674892,0.542652942308492,0.990834969990847
1872,0.89856792546252,426,0.99841888693644,0.990091066816592,0.893749781341973,0.55622438254271,0.990867113571666
1873,0.805247123561468,425,0.877439394503485,0.87410021044712,0.810531941010831,0.50303069437432,0.990840121003977
1874,0.761113759018183,426,0.817841927901191,0.836628223066719,0.771185098892429,0.47584662408151,0.990875068086132
1875,1.03316942157237,426,1.10693395076683,1.12677017460077,1.0372898003986,0.647220273673135,0.990875068086132
1876,0.70623546833052,426,0.744694118694035,0.768492948765505,0.712815166761443,0.444006574439247,0.990875068086132
1877,1.06421377796605,426,1.12991323002016,1.16987107401317,1.07102654909302,0.669520788225415,0.990875068086132
1878,0.943953772611246,428,0.994589264985119,1.03804590637763,0.930366293474921,0.588139333028118,0.990918002683826
1879,0.951040777138736,428,0.962825061193526,1.03948694142051,0.944276041322406,0.592792039660914,0.990918002683826
1880,1.07736384412023,428,1.11481581714961,1.20255130104316,1.07668371829069,0.67035619037065,0.990918002683826
1881,0.899836338588793,428,0.912406751305291,0.988911866273807,0.918258412664665,0.57351696181405,0.990912719428391
1882,1.13762521632368,428,1.14679222938009,1.24456704035673,1.14732449070585,0.717895237700309,0.990912719428391
1883,0.924030117793636,427,0.927240913340169,1.02106155453155,0.928729714245,0.584640178102462,0.99089209851381
1884,1.02895365042782,429,1.03277411302679,1.12811385474144,1.04330088133883,0.651576688155557,0.990951240750657
1885,0.887332631084893,430,0.885546620796187,0.975261533477666,0.920280119085988,0.574187215298504,0.990978057581318
1886,1.35952123320468,432,1.36382120965287,1.50460870261737,1.39110954790378,0.876878443445339,0.991016796302483
1887,0.93872647002044,429,0.932822282153309,1.02285775955657,0.963209400825419,0.604735543709729,0.99098987372364
1888,0.975266000786688,429,0.960336298957254,1.05017684932898,0.996318020884117,0.628151160782467,0.99098987372364
1889,0.97926595631819,430,0.974526460155075,1.06497067718899,1.01521994012017,0.640744992805659,0.990994720082385
1890,1.0450677996381,430,1.05112181968393,1.13760590389266,1.05923142605838,0.664670842460141,0.990994720082385
1891,0.992484716692355,428,1.00862790322597,1.08311462549755,1.02546158934783,0.647389364827767,0.990982021533987
1892,0.85246895381703,428,0.871903429082691,0.931943014093095,0.880448972457461,0.555353644292607,0.990982021533987
1893,0.922876075782858,429,0.952149219716441,1.01429897323503,0.936872682757229,0.590614332567809,0.99099776091411
1894,0.959173138380443,429,0.991416456196288,1.03795451990031,0.989002069145272,0.622130660396859,0.99099776091411
1895,0.985899667406303,428,1.02178266249755,1.06400764595062,1.01464316653566,0.63632355180939,0.990962404799714
1896,0.777430704785257,428,0.810377475925798,0.844971647955125,0.802322726644932,0.507906344304896,0.990962404799714
1897,0.922984391810433,428,0.943920909085791,0.9968616374656,0.945264211110949,0.597027542396136,0.990962404799714
1898,0.791106812095606,428,0.820649400996664,0.863166351880605,0.814988196853773,0.514453680455719,0.990962404799714
1899,1.15729860684836,428,1.18830762311269,1.25984808518491,1.19893545147004,0.760514167646367,0.990962404799714
1900,0.986011143764702,425,1.01607489006628,1.07874162657412,1.03010806063115,0.648273846830841,0.990937695216318
1901,1.10471693453515,425,1.13859225896308,1.21491528167359,1.14821599991231,0.726359450135809,0.990937695216318
1902,0.870937246492495,424,0.889124315345634,0.953002333941878,0.909511382018598,0.574287874857174,0.990929230952581
1903,0.957893652868782,424,0.972211389734698,1.04220378965533,0.985736184593273,0.621847856136029,0.990929230952581
1904,0.974698468411495,424,0.984845920087133,1.06758622363844,1.01458710002351,0.638238961487968,0.990929230952581
1905,0.901515975109317,424,0.89873389582964,0.979776276695186,0.934271315713962,0.59298919797404,0.990929230952581
1906,1.11787282866771,424,1.11456390617129,1.22218465872291,1.16956615046664,0.742019133732155,0.990929230952581
1907,0.881637931913381,424,0.873203314486206,0.961121326388268,0.919418956859457,0.586880738837161,0.990929230952581
1908,0.931387619164722,424,0.913621719426158,1.02013037973324,0.980266459022129,0.621983659726393,0.990929230952581
1909,1.12294404283677,425,1.09907593038098,1.23170413926817,1.18208340245898,0.756789619945881,0.990939412518799
1910,1.07970711190098,425,1.03954360675937,1.17360264206308,1.13896282913623,0.723731359527159,0.990939412518799
1911,0.940519785079243,425,0.901518101283215,1.0193755788906,0.997702888371408,0.636050124003599,0.990939412518799
1912,0.882041733730476,425,0.84439485464446,0.952488295815025,0.926194847913027,0.59080529596138,0.990939412518799
1913,1.41966166521227,425,1.34267529192162,1.55220657445764,1.49019527568664,0.95568674684298,0.990939412518799
1914,1.06085284300542,425,1.00202940523117,1.15512514606497,1.12538136884741,0.714191434164883,0.990939412518799
1915,1.19813454136776,423,1.11961487836267,1.30213546867238,1.23746982302201,0.790652617629255,0.990945417710708
1916,1.07453121103769,423,0.998832410977947,1.1782840368225,1.13215710450628,0.725604671296505,0.990945417710708
1917,1.12692906647665,423,1.04987633731161,1.22586695335274,1.18677119326511,0.757144827674752,0.990945417710708
1918,0.765804756908795,423,0.703537743645475,0.832816533361474,0.802529183555205,0.510628892806792,0.990945417710708
1919,1.13222341677898,423,1.06341538714839,1.23314028190227,1.17134601555157,0.753698871405459,0.990945417710708
1920,0.925125156142498,416,0.861323861279559,1.01622934827444,0.971169154646287,0.621053596473096,0.990805116542472
1921,1.00643510265567,413,0.94949157055814,1.10023474491252,1.07666830903554,0.688556183907084,0.990772417779695
1922,0.973041191343618,413,0.912587570622808,1.05744438084892,1.03025921063788,0.658282604595359,0.990772417779695
1923,1.34147572929602,413,1.2453757611477,1.46014101077781,1.41455758777019,0.917296351232009,0.990772417779695
1924,1.16983763008135,415,1.08139314497006,1.26855658009015,1.27390451107741,0.805576685050384,0.990832729380576
1925,0.99773114504966,411,0.925620120878478,1.07288074966058,1.08284307933212,0.688967005467584,0.990833047833301
1926,0.992803018130267,408,0.910040166519785,1.06132542549104,1.05967814641182,0.680590203719589,0.99075200561386
1927,1.19997705074224,408,1.10323968434491,1.27897401371709,1.27573414939007,0.820569506630093,0.99075200561386
1928,1.03107256825948,408,0.946673813343618,1.09304630160151,1.09133481768592,0.703427960358748,0.99075200561386
1929,0.913724637590305,408,0.834046523180856,0.960739635388252,0.975965191804287,0.633997875128915,0.99075200561386
1930,1.3209668600542,408,1.20950104042592,1.41719203293634,1.4111342092587,0.906030380510802,0.99075200561386
1931,0.889118554795496,408,0.806643271180763,0.942337270854501,0.948470984736617,0.612201383800879,0.99075200561386
1932,0.976280908749004,407,0.890166956743518,1.04868232359491,1.02289388163519,0.660707396774782,0.990747696433655
1933,1.10992510969274,406,1.00359918755415,1.17985381808883,1.16326208734724,0.752599133205752,0.990725977727027
1934,1.07847122297894,405,0.96919833030714,1.16988162917596,1.13655594960973,0.734148105077242,0.990728570281236
1935,1.31225600992657,405,1.19106790374574,1.40142571879123,1.36104693936292,0.880153889153521,0.990728570281236
1936,1.19747908429304,405,1.07929267629559,1.27270042253856,1.25924704340929,0.811956710354213,0.990728570281236
1937,1.11107505959919,402,1.00156207019706,1.17933832643708,1.17973882442728,0.760791042326506,0.990768325025596
1938,1.1961006987517,401,1.06548910525011,1.29373231776174,1.25404149719444,0.8202514252134,0.990736854073251
1939,0.827539038512678,401,0.739603989078498,0.901613856981217,0.871674165124962,0.564462634557379,0.990736854073251
1940,1.04621484591957,401,0.942051834613119,1.10356956269893,1.11301143378437,0.723104049351872,0.990736854073251
1941,1.22590174122466,401,1.09682527142512,1.30027347206043,1.28145536367872,0.840867118482396,0.990736854073251
1942,0.968494233619985,400,0.859760791812186,1.03993547751489,1.0184545661587,0.661799151645087,0.990687575490199
1943,1.11322970583836,400,0.987410465080156,1.18310933438645,1.15491621327608,0.754909078598128,0.990687575490199
1944,1.1130030480464,400,0.990846455025596,1.18568000575305,1.14626555520852,0.752685356554164,0.990687575490199
1945,1.348011648451,398,1.19509379226467,1.40541891715936,1.41581207635138,0.921685730024059,0.990622532654523
1946,1.23176169625,397,1.08924966098859,1.28710964505807,1.27882105955433,0.831581952998843,0.99065003425267
1947,1.00615358976566,397,0.885734900146463,1.05781708448521,1.05196123291449,0.683291278568989,0.99065003425267
1948,1.26247783400457,397,1.11976897826531,1.34375045713008,1.31783915576172,0.857443514216101,0.99065003425267
1949,0.918115426866505,396,0.817519555325676,0.976815618386179,0.957491139898488,0.62254398899395,0.990644578363944
1950,1.04197812895635,389,0.922291122184072,1.10607906808679,1.07597515506717,0.703772304112048,0.990598890320558
1951,1.00974343798012,387,0.897252391624683,1.06280194391984,1.05464116006265,0.688492194556832,0.990567503789009
1952,1.02473575740254,387,0.90515806347121,1.0927399404025,1.07465176867226,0.704453768297421,0.990567503789009
1953,1.14885381482401,384,1.01414848437427,1.22857701653284,1.21264585118735,0.792824361976744,0.99053059816742
1954,1.27120614299348,384,1.12186535978815,1.33052687484826,1.33507068840421,0.87466246382996,0.99053059816742
1955,1.1110622325613,383,0.991425306335715,1.17556162935412,1.17598320215305,0.766675810131732,0.990496114035145
1956,1.21021383820846,380,1.08357278828575,1.27103844119542,1.3058212166274,0.853689993783304,0.990621842656776
1957,1.05754999130201,377,0.943273676096521,1.10852772059111,1.13800043108535,0.744713979520625,0.990561979913718
1958,1.1623293700617,376,1.03402771022539,1.21130235161,1.23337706282258,0.807022892085715,0.990530435045125
1959,1.05677363348445,374,0.954615339923295,1.1286921780839,1.12368545034438,0.73455420618373,0.990464652296527
1960,1.37370499483016,372,1.2558426411167,1.43644358398985,1.45012933532161,0.955626605665408,0.990376477258507
1961,1.20179299842089,369,1.10440309066348,1.26727076278021,1.26814233821027,0.839004036907024,0.99031556406174
1962,0.923985999660547,367,0.849129489581137,0.980081565373256,0.977226638324559,0.640458370328839,0.990324147263425
1963,1.01326499154747,367,0.946031631888299,1.07563691408499,1.06134186856661,0.698332075756748,0.990324147263425
1964,1.02689549652563,367,0.971737041011942,1.11030294316584,1.08187800846967,0.710625325250268,0.990324147263425
1965,0.95059020078647,367,0.900267804926225,1.02902681645073,0.973280470159654,0.638292349345788,0.990324147263425
1966,1.05059455483089,366,1.00521176302712,1.11100855794771,1.11198675195731,0.732867514949213,0.990410059284729
1967,0.892172536097595,365,0.857313699416799,0.967909742258951,0.927341329621371,0.606673081478383,0.990432719067439
1968,1.0379366406329,365,1.00662915369254,1.11278376466505,1.08090426041997,0.708578102484763,0.990432719067439
1969,1.09140484136197,365,1.06596316517246,1.1789202216184,1.14085234083547,0.752373732252257,0.990432719067439
1970,0.934553630939201,361,0.920047475812488,1.00645594313196,0.965275346031564,0.632422237635543,0.990347639885984
1971,0.990719616846878,357,0.966538591038394,1.05968307591198,1.02467136419477,0.671837186420962,0.990293735282632
1972,1.06719969985499,355,1.05136529075302,1.18600725009111,1.10469390115723,0.728147106502818,0.990220497014724
1973,1.061413098599,355,1.0549594616813,1.12100501354182,1.11113186336769,0.729049244202524,0.990220497014724
1974,1.07913856861625,354,1.06418583177725,1.15503909814825,1.12358135215886,0.736547076882441,0.990202922981872
1975,1.03622685734169,351,1.03195206211477,1.10276333832923,1.10465093596426,0.729820324925355,0.990165947153362
1976,0.792061211480657,349,0.790128880883219,0.871724891768101,0.834757493046772,0.54848300968305,0.990138705749441
1977,0.98457047829598,349,0.989447386826202,1.07929891891434,1.0293572840382,0.674437121012589,0.990138705749441
1978,0.809697813920941,280,0.789369056641004,0.895429764070997,0.875832115352041,0.569580173429786,0.987608938897722
1979,1.11510080521673,280,1.04643714858713,1.19515987182231,1.16403754129988,0.76495215239932,0.987608938897722
1980,0.978448166201541,277,0.913236523222772,1.06165499515922,1.04667332914822,0.68582610427312,0.987457922551608
1981,1.05298525432175,277,0.980085706227733,1.142338949411,1.1109942899885,0.729422182717683,0.987457922551608
1982,1.24401218782388,276,1.14849884929151,1.3443693837225,1.29772290042838,0.848778435096571,0.987364470361275
1983,1.15400636897186,275,1.04786324183629,1.23514283197816,1.23348948067871,0.806338892433872,0.987336833550342
1984,1.13735548865573,272,1.03580449105876,1.26075394220017,1.22413865192095,0.812994320910208,0.987270290631236
1985,1.07944175525223,174,0.939576096912412,1.22579020874482,1.29137220995035,0.837024980391057,0.987468655376841
1986,1.40796615906558,174,1.23974350305004,1.60125318597471,1.65126822922945,1.08276660315321,0.987468655376841
1987,1.1288864909405,173,0.983723100369771,1.27201466460553,1.36231804507443,0.887308762733459,0.987353094388002
1988,1.1557288708214,172,1.00682624162513,1.31000213608753,1.37450671719122,0.885887723333429,0.987323611073137
1989,1.26727716944798,170,1.10107861652042,1.40497422286526,1.48401616389656,0.972803743900413,0.987094890173591
1990,0.950799389846552,170,0.830029391659408,1.05970763698819,1.1090777491259,0.719880671601723,0.987094890173591
1991,1.00911593751411,169,0.879206667054868,1.14551250786531,1.16995946249213,0.76412944109441,0.986991337805933
1992,1.31848096633711,169,1.13671394400475,1.46889990173039,1.53963208437439,1.00488078585059,0.986991337805933
1993,1.15938830194899,169,0.993813838545673,1.3236456067725,1.34059318303515,0.876391175459859,0.986991337805933
1994,1.16240343320592,168,0.992986086215262,1.32277798150597,1.3349935014923,0.872287140674117,0.986866888015693
1995,1.08375663310009,166,0.932078208231579,1.23340413868647,1.2421970792365,0.819625976308644,0.9866357732772
1996,1.42729972759711,166,1.23160040922941,1.64848585148286,1.62160445626325,1.06318233391398,0.9866357732772
1997,0.936004211498584,166,0.801005542132413,1.07240141807327,1.0574236682407,0.694054144198842,0.9866357732772
1998,0.880538688178936,166,0.749682120106271,1.0062033626591,1.00365132735339,0.657176294723815,0.9866357732772
1999,1.11457068154812,166,0.960950724647087,1.28228559585636,1.29367863188559,0.853760130080909,0.9866357732772
2000,1.50827466117936,165,1.28686447942559,1.72939163682103,1.67981610909517,1.10578908755384,0.986559754383875
2001,0.989864215231704,165,0.837586837403592,1.12357518643988,1.10783791234352,0.733485354810097,0.986559754383875
2002,1.31562561653484,164,1.13456319198564,1.51531617056784,1.49825672524987,0.991215066677222,0.986518219181133
2003,1.1315480932806,163,0.963161242466982,1.33104599709113,1.26389863786465,0.839014460578625,0.986400815277549
