"year","ModNegExp","samp.depth","Spline","AgeDepSpline","RCS","SFRCS","EPS"
1060,0.642638513386563,2,1.13983459737902,0.787582195457477,0.348886660673536,0.202973786693974,0.687232790521367
1061,0.591068600129188,2,1.1006398728261,0.797456116317002,0.340992422390614,0.204428144370872,0.687232790521367
1062,0.509623689859715,2,0.791128909959403,0.607288778330981,0.27002370889599,0.160288617627542,0.687232790521367
1063,0.576795010510356,2,0.871219322777801,0.701275031771339,0.330248390064397,0.194714495880757,0.687232790521367
1064,0.55291416253384,2,0.752872788014518,0.640138259734887,0.308719386249631,0.180270297671857,0.687232790521367
1065,0.690127419329516,2,0.867000998575391,0.776615528648132,0.388364007407128,0.228357278547736,0.687232790521367
1066,0.636741918342102,2,0.725801903775529,0.685517286533062,0.331702333584256,0.198434869649466,0.687232790521367
1067,1.29033537982407,2,1.38190898306955,1.36541623035653,0.635676842429849,0.376848137543593,0.687232790521367
1068,1.63224574800271,2,1.66394805114206,1.7090259623569,0.784710994341148,0.480640625880092,0.687232790521367
1069,0.856317815253913,2,0.985596929553073,1.03356612241396,0.494326535228258,0.28908529592993,0.687232790521367
1070,0.722170281934875,2,0.822090256438322,0.891030120361092,0.386092371562013,0.240363105078598,0.687232790521367
1071,0.609462940989013,2,0.684514357085777,0.766066914853015,0.373832512315271,0.212285372705961,0.687232790521367
1072,0.637132134306587,2,0.685235886450078,0.789483301463342,0.358253916091576,0.219274541382313,0.687232790521367
1073,0.789654136522165,2,0.823559378188987,0.973744982637774,0.42624453532647,0.257117830690087,0.687232790521367
1074,0.828843729918582,2,0.889530728854802,1.08606628493735,0.444317872687704,0.277221806027279,0.687232790521367
1075,1.53631046234357,2,1.61013791714979,2.00654095406294,0.753448653382965,0.467522247977696,0.687232790521367
1076,0.918372972789063,2,0.96299773524102,1.22503879490043,0.45746358075298,0.2997312639354,0.687232790521367
1077,0.442237389263546,2,0.468457736858599,0.607117216712825,0.22908631251418,0.140603942969441,0.687232790521367
1078,1.10559347315887,2,1.1698095195082,1.52994091723225,0.560863355023012,0.363432123809431,0.687232790521367
1079,1.27391199074995,2,1.41173335606826,1.88124200003099,0.66880926621269,0.418541210641531,0.687232790521367
1080,1.20347983864043,2,1.33287367221013,1.76296176789508,0.65793082686647,0.412254419278978,0.687232790521367
1081,1.17631828724175,2,1.34698112490266,1.77237932224711,0.619960449094157,0.384109330018092,0.687232790521367
1082,1.04638905915483,2,1.16124214918163,1.47243038402236,0.568436233775153,0.350372593710738,0.687232790521367
1083,1.03588394291377,2,1.15679934813192,1.42299822840229,0.553152719521419,0.335354794956491,0.687232790521367
1084,0.815800404083062,2,0.887352423931573,1.04424201922888,0.406065979657388,0.248091868136427,0.687232790521367
1085,0.673998498054073,2,0.757670557267582,0.866667689629101,0.354031658344842,0.215211650438944,0.687232790521367
1086,0.574256800915896,2,0.670352264506394,0.744658850775384,0.283300595931684,0.175986899342529,0.687232790521367
1087,0.920540838382323,2,1.14065394621869,1.23457861414101,0.496709106603366,0.298489738068319,0.687232790521367
1088,0.505542682545294,2,0.670683121137212,0.707729066415645,0.264114144939437,0.16504034582852,0.687232790521367
1089,0.73911937906586,2,1.02788498312259,1.05570014679548,0.41733181299886,0.249579522783995,0.687232790521367
1090,0.694501088617301,2,1.02687196817274,1.03162029279616,0.38985642834011,0.234656737682018,0.687232790521367
1091,0.547095249517214,2,0.794213896036019,0.776957669253434,0.308245195888574,0.185203319573701,0.687232790521367
1092,0.510443865715257,2,0.767116543198431,0.739766564377416,0.269056198461645,0.165138784891766,0.687232790521367
1093,0.520441340037425,2,0.831914900755424,0.799514706338588,0.280014452358831,0.168479331528111,0.687232790521367
1094,0.559045609487115,2,0.832624939902531,0.787723082600958,0.265076060848679,0.164552675794853,0.687232790521367
1095,0.484610132091009,2,0.781103994800969,0.75107260779661,0.248523638283132,0.149739969442325,0.687232790521367
1096,0.560138575352735,2,0.974553232515873,0.961256055823257,0.29751825761003,0.183372059025855,0.687232790521367
1097,0.772490059445652,2,1.26837839452892,1.25662505729182,0.409218671574368,0.252016538970282,0.687232790521367
1098,0.541979086401723,2,0.877714733210226,0.884787739179074,0.300063126885039,0.185504259940352,0.687232790521367
1099,0.724708491529335,2,1.18206779506228,1.22327959927715,0.411620990014871,0.245325400791371,0.687232790521367
1100,0.6377373302166,2,1.00097070450273,1.05330278280005,0.352941176470588,0.214996776578021,0.687232790521367
1101,0.563321724783779,2,0.847934556918994,0.908181189445305,0.304421649628904,0.188113986832348,0.687232790521367
1102,0.60813512321458,2,0.910576700628802,1.00367976738624,0.333052454181588,0.202780490237106,0.687232790521367
1103,0.607920143269052,2,0.931924291073899,1.06233130767787,0.343852947361043,0.207255914520669,0.687232790521367
1104,0.670287834740851,2,1.03342919276706,1.20887482243534,0.394575725026853,0.241911703552086,0.687232790521367
1105,0.678859937297464,2,1.04194661065796,1.24317088724746,0.404042942802772,0.253240426560286,0.687232790521367
1106,0.796370907422167,2,1.16346658212631,1.4082063742711,0.440455762234882,0.28295676787507,0.687232790521367
1107,0.835873034755235,2,1.22934341532862,1.50595561684247,0.464793777504861,0.282206764295406,0.687232790521367
1108,0.695516372455085,2,0.976755798910554,1.21199757722755,0.375946646653476,0.233879422268634,0.687232790521367
1109,1.02629655651937,2,1.35655164020418,1.7141715873028,0.529874213836478,0.337948829912784,0.687232790521367
1110,0.895527280613617,2,1.15518270475865,1.47844211585459,0.467969183786785,0.289840220166941,0.687232790521367
1111,0.69471606856283,2,0.904573840270672,1.15924052489648,0.365517721122744,0.233537996824906,0.687232790521367
1112,0.492186822773124,2,0.569561103121327,0.768354064358968,0.242389491242702,0.150281061304684,0.687232790521367
1113,0.833452251115182,2,1.11056098273233,1.41414966812916,0.429259797788523,0.269460068671192,0.687232790521367
1114,0.600793284441278,2,0.800668046021407,1.01943728857594,0.315385147761091,0.195178133316701,0.687232790521367
1115,0.573124091123705,2,0.786894039099792,0.986133064525379,0.307054014394522,0.194879593768308,0.687232790521367
1116,0.536277599339505,2,0.704753240778466,0.903657337603922,0.279337803855826,0.178302716135112,0.687232790521367
1117,0.555062156163815,2,0.738517596320268,0.939472290476386,0.284716728010732,0.179331935620346,0.687232790521367
1118,0.671147754522963,2,0.855985851574662,1.11647052125642,0.331169494990799,0.206382893181478,0.687232790521367
1119,0.988122246960734,2,1.39210893773266,1.69811409375611,0.517943541369348,0.329098319701195,0.687232790521367
1120,1.24454463565675,2,1.94875116919074,2.20213651155221,0.668812711893428,0.421366075777077,0.687232790521367
1121,1.10426565538443,2,1.85751877743402,1.97729406279672,0.605365034773373,0.372613803979365,0.687232790521367
1122,0.689092263528447,2,1.15204383899701,1.21409416358694,0.369647115750181,0.228989046344788,0.687232790521367
1123,0.566387448260417,2,0.975637886276891,0.99185742075478,0.296645630401976,0.182546986377137,0.687232790521367
1124,0.534929909601786,2,1.07055575035092,0.95755947266029,0.284860425841915,0.182321073589915,0.687232790521367
1125,0.283096170139087,2,0.533527113393679,0.492579234931021,0.13905040369472,0.0854574641984912,0.687232790521367
1126,0.355461335933054,2,0.831921268287346,0.636072989980681,0.177853177051203,0.112097091345249,0.687232790521367
1127,0.387426516510577,2,0.900807893727863,0.683110239582237,0.195242503388766,0.120452471296419,0.687232790521367
1128,0.339742502585382,2,0.911990206007588,0.604312685481103,0.16729704797048,0.108844246893363,0.687232790521367
1129,0.143129723803423,2,0.385303623576693,0.252754037941178,0.0704940183897439,0.0447535011191272,0.687232790521367
1130,0.227640357549533,2,0.76975027280899,0.404916137500844,0.138931350750417,0.0885672742848494,0.687232790521367
1131,0.0407771937192828,2,0.163692147903934,0.0716023321467179,0.0292401746724891,0.0184745158889973,0.687232790521367
1132,0.272766289916984,2,0.980707652243472,0.480137950477421,0.170178551624709,0.103156331645371,0.687232790521367
1133,0.251736185471577,2,0.935778122919168,0.44061282574626,0.152361279293397,0.0921383614704121,0.687232790521367
1134,0.21223405813851,2,0.794125427490382,0.372246322538573,0.118638590284392,0.0763519083606684,0.687232790521367
1135,0.247342644220506,2,0.938010525894364,0.425215757970042,0.144709543568465,0.092338815802293,0.687232790521367
1136,0.220396072767353,2,0.821683051442014,0.379320218371805,0.123374496380491,0.0814130395915976,0.687232790521367
1137,0.23386935849393,2,0.848113527960398,0.398472529248008,0.138,0.0880726194269439,0.687232790521367
1138,0.197940596556392,2,0.694502463039399,0.340815758121094,0.122911335240102,0.0764531972829252,0.687232790521367
1139,0.57025347562931,2,1.93103841523061,0.998312160583158,0.354848866498741,0.2137375378404,0.687232790521367
1140,0.420874878918205,2,1.32188038021514,0.690521021537419,0.289274484686153,0.183659403154376,0.687232790521367
1141,0.268275194674791,2,0.812451460378447,0.454576911057038,0.181418987599105,0.11094658427439,0.687232790521367
1142,0.262046193730395,2,0.747739819027718,0.43836865955891,0.165610350646915,0.105314864011696,0.687232790521367
1143,0.416696317612662,2,1.11387639975112,0.682775137407311,0.273840870062965,0.173843846055627,0.687232790521367
1144,0.323086067427761,2,0.81176854643907,0.522661421118167,0.218195956454121,0.136589405508012,0.687232790521367
1145,0.137916006696811,2,0.335866641652948,0.233215911479023,0.0847910318624685,0.0534942978981847,0.687232790521367
1146,0.528896016639632,2,1.2141174275554,0.883426863290539,0.317471848892118,0.202641888891215,0.687232790521367
1147,0.467953696933388,2,1.02451124012028,0.783468856178077,0.285120439446238,0.181164446591653,0.687232790521367
1148,0.526337935081886,2,1.08414912489552,0.856113063901875,0.322426003268567,0.20995593590762,0.687232790521367
1149,0.80992187517658,2,1.59762196812326,1.30711630460348,0.507027666814618,0.323244741582185,0.687232790521367
1150,0.681007930927439,2,1.33587121994619,1.14372712605689,0.406839622641509,0.264228614165993,0.687232790521367
1151,0.518976224345299,2,0.93297969879629,0.796042219309232,0.353571428571429,0.221323114708868,0.687232790521367
1152,0.541646680501788,2,0.971486643704917,0.854281143237417,0.358733607511446,0.225474498126207,0.687232790521367
1153,0.630140767571199,2,1.07684464249514,0.952245133525636,0.4279152352646,0.265940482075039,0.687232790521367
1154,0.493650132639943,2,0.800775878146584,0.708587918479976,0.353080102342059,0.219349927006714,0.687232790521367
1155,0.875940614071744,2,1.41963645320828,1.27571905587807,0.610421449974705,0.38685023862849,0.687232790521367
1156,0.581831685772704,2,0.874023169041812,0.771692542425022,0.416202915010411,0.262178979949991,0.687232790521367
1157,0.350637834790927,2,0.542865806889312,0.489862245837615,0.234238194673407,0.147721657133773,0.687232790521367
1158,0.838078838449759,2,1.33668988793481,1.23481706547696,0.529134764010209,0.340049090047501,0.687232790521367
1159,0.699752743825178,2,1.08464077071055,0.996703980990653,0.473993256809486,0.310165680365515,0.687232790521367
1160,0.63851776214557,2,1.01254732752123,0.954602883808369,0.429137837207494,0.278454464643264,0.687232790521367
1161,0.544614849987305,2,0.882279887923151,0.85892794357588,0.340702308444244,0.215904529743437,0.687232790521367
1162,0.732128012330472,2,1.13912905952795,1.09273954719389,0.492113071997501,0.317627033964011,0.687232790521367
1163,0.620650935167923,2,0.944808041719913,0.905006849907161,0.418765011234214,0.266143250251273,0.687232790521367
1164,0.572166617350471,2,0.86641956970843,0.848114888162811,0.399415726689929,0.245223643407887,0.687232790521367
1165,0.572674259269363,2,0.848095022665255,0.833522779630415,0.382359732163473,0.240576688846536,0.687232790521367
1166,0.645449512991101,2,0.925128412824403,0.89804248442474,0.448771696117228,0.284559678414039,0.687232790521367
1167,0.666597043390914,2,0.960297053894786,0.999868494539308,0.436136591382101,0.281255542816471,0.687232790521367
1168,0.372703095037403,2,0.525246641631396,0.561024019490554,0.246605360986108,0.155542033783512,0.687232790521367
1169,0.421887234365566,4,1.22262539662298,0.58310245587625,0.292968033094123,0.182199810238132,0.496056729770392
1170,0.54542733402635,4,1.08602984978146,0.589613105752679,0.371648276823762,0.230700373737309,0.496056729770392
1171,0.647125721832355,4,1.23450342075887,0.86747258557,0.354138888962818,0.220483449223132,0.496056729770392
1172,0.697298199566487,4,1.17509263736493,0.993852113928917,0.437176940955932,0.274360421579491,0.496056729770392
1173,0.633435695812039,4,1.07495749589132,0.863948277443334,0.351259185653232,0.212287115953039,0.496056729770392
1174,0.250013520540227,4,0.372552561803705,0.276639582096396,0.172440083379921,0.106053800191077,0.496056729770392
1175,0.887530242192204,4,1.19738464259654,1.06736946018722,0.589526410042717,0.378487433609034,0.496056729770392
1176,0.530434231929682,4,0.775059580977931,0.778110308872529,0.402760541478604,0.248585012776155,0.496056729770392
1177,0.543093878668793,4,0.718957527053115,0.579654686242111,0.426386907542177,0.266651847116633,0.496056729770392
1178,1.03284837311038,4,1.24707895379328,1.40870942863745,0.663260817846198,0.413529357393573,0.496056729770392
1179,0.747548104696724,4,0.882958105571651,1.02638064435128,0.597016147933589,0.372866642519954,0.496056729770392
1180,0.666593932086626,4,0.811117029812287,0.8963289918021,0.554946136802701,0.331902474988051,0.496056729770392
1181,1.24571300349504,4,1.25130257006373,1.40125302401206,0.967204196948295,0.598951161027138,0.496056729770392
1182,0.886265116678136,4,0.847460155628488,1.0890796705403,0.757421533336941,0.467772834871319,0.496056729770392
1183,0.775037157583674,4,0.747043862184996,0.956241772013479,0.735774594760217,0.458869757862492,0.496056729770392
1184,1.24648597093886,4,1.16015008513037,1.50085200313624,1.01769915222277,0.656847956272407,0.496056729770392
1185,1.42970489589338,4,1.25660716626847,1.65332400467314,1.22505580123742,0.795417903258961,0.496056729770392
1186,1.03196759808082,4,1.03933800589446,1.20473421537479,0.823647492469119,0.509046603578265,0.496056729770392
1187,1.35671054251834,4,1.29168178812631,1.75378414393688,1.02290971500468,0.670931456275794,0.496056729770392
1188,1.16683002921899,4,1.08144051043316,1.70341575734432,0.887800383997613,0.571777875147161,0.496056729770392
1189,1.25940554893959,4,1.1604680302296,1.18670292428203,0.89540064625743,0.568595949008094,0.496056729770392
1190,1.15794868845464,4,1.05294374585895,1.52873776267506,0.902082302138557,0.585030737397658,0.496056729770392
1191,0.994189338821775,4,0.859373477002365,1.0661538633253,0.94025871392296,0.601177283261597,0.496056729770392
1192,1.0484936917724,4,0.928447603097248,1.24323422662301,0.961229637110033,0.549824942056846,0.496056729770392
1193,0.986008831394856,4,0.854248682242645,1.09659494178212,0.817485201872065,0.510193706952015,0.496056729770392
1194,1.10928692626294,4,0.995536140836891,1.10956921822926,0.881723420364908,0.538969007194503,0.496056729770392
1195,1.3235190880997,4,1.16362835214939,1.67686435972025,1.09301882029664,0.697462223069969,0.496056729770392
1196,0.993087655930429,4,0.882994390764094,1.17398857212385,0.846784766372306,0.527949740215634,0.496056729770392
1197,1.30220473381843,4,1.320743833981,1.61225005454289,1.06510790291195,0.691183692854567,0.496056729770392
1198,0.926664086706224,4,0.792803775087746,1.03902794779508,0.75460661977865,0.466210190545383,0.496056729770392
1199,0.99882376194211,4,0.852915398132029,0.936736223506895,0.782106316031894,0.49346446776143,0.496056729770392
1200,1.04930039745524,4,0.885718123165869,0.872019218956155,0.789457826207955,0.498776000176725,0.496056729770392
1201,0.746241331181558,4,0.653738885817429,0.659574449200132,0.572201527974016,0.355438088439352,0.496056729770392
1202,1.59424821199483,4,1.34304752078339,1.40381975580023,1.01700359685459,0.688080711129576,0.496056729770392
1203,1.25538201831641,4,1.15932656680714,1.1335630287039,0.928691409545185,0.591384476076061,0.496056729770392
1204,1.77225491404454,4,1.5260297554477,1.2653942897109,1.34705533973715,0.858636614083194,0.496056729770392
1205,0.973950922127731,4,0.716441607563981,0.628125564307724,0.72724109147626,0.476511840716882,0.496056729770392
1206,0.916211951746472,4,0.84664656014861,0.709688314672983,0.712022626060811,0.45335206459572,0.496056729770392
1207,1.15906923064755,4,0.961636100626361,0.761340130320168,0.850188712279198,0.556835357261109,0.496056729770392
1208,0.971623455955816,4,0.747583138539419,0.632863998949975,0.689359344743749,0.459024158965426,0.496056729770392
1209,1.10631850503677,4,0.79702648370372,1.05803205747858,0.802005958248024,0.512457801685285,0.496056729770392
1210,1.20333227250898,4,0.905945346753002,1.13053217027569,0.877120277803781,0.569813318039774,0.496056729770392
1211,0.813596283241056,4,0.64686369993049,0.550417800055755,0.635006649099695,0.399682080918231,0.496056729770392
1212,1.18030462613476,4,0.77098238683148,1.24943117588113,0.893417571024492,0.559145474364137,0.496056729770392
1213,0.765322238074204,4,0.487011847300151,0.878392294214616,0.585574778890946,0.377389424997778,0.496056729770392
1214,1.26273151232195,4,0.894533078514953,0.962855934541864,0.991476785516383,0.645834515307849,0.496056729770392
1215,1.7621848716958,4,1.31115336778495,1.26393823434652,1.36967336198364,0.910430068728681,0.496056729770392
1216,1.35670748001239,4,0.957125496602572,0.955024266107195,1.05477661712402,0.669371148616639,0.496056729770392
1217,2.14213410661894,4,1.37990358369133,1.33344522596131,1.69990406222084,1.09783373833501,0.496056729770392
1218,1.90145299936977,4,1.15106401839963,1.30698765598267,1.44576763727865,0.960229164612928,0.496056729770392
1219,1.8215848765196,4,1.0680713940866,1.24919582322943,1.4138618976966,0.937243171633851,0.496056729770392
1220,1.74956271704726,4,1.05945873898776,1.12263828274553,1.39758907725883,0.893704890916869,0.496056729770392
1221,1.36389835411538,6,0.908168405213386,1.50323364502761,1.23429339873666,0.7592498231317,0.677311072546252
1222,1.51673735599741,6,1.21848875052398,1.23120243245145,1.29907871321368,0.810281574396483,0.677311072546252
1223,1.42093587911258,6,1.16072040464987,1.12174268981656,1.19081157327457,0.653008624957747,0.677311072546252
1224,0.72244276185061,6,0.791373510623244,0.717147107386541,0.964967710083927,0.6004414412639,0.677311072546252
1225,0.862861847780058,6,0.727937848964662,0.859465116217795,0.903426886358582,0.565660009260881,0.677311072546252
1226,1.60792942462507,6,1.19585033094027,1.20934247336507,1.44171150082853,0.911190515726807,0.677311072546252
1227,0.848530737578862,8,0.840431824600051,0.810102181761326,0.953248663284963,0.579944540174481,0.746475212622817
1228,0.980220346664216,8,0.999235816442536,0.964449344902122,1.17439567796786,0.711606213379754,0.746475212622817
1229,0.94480242809836,9,0.818569994346116,0.845026489842589,0.839228912581484,0.503169790249278,0.745560077995598
1230,0.989584283968137,10,0.929833389860334,0.946051713470816,1.01381169495907,0.60234256810801,0.687034708062765
1231,1.00154282409376,10,0.979604519411306,1.02500341270262,1.05396222868199,0.638277741095698,0.687034708062765
1232,1.13648910087496,10,0.959465178019895,1.11336685718925,1.16978371524314,0.694093407941901,0.687034708062765
1233,1.15853804960577,10,1.04236027379534,1.14958765559252,1.1406224756137,0.700521317485849,0.687034708062765
1234,1.0352138839394,10,0.927717757633853,1.00019322544985,0.922789876714472,0.544795474261953,0.687034708062765
1235,1.10941648454862,10,0.967185194765513,1.047313205866,1.00293475158038,0.625439569785069,0.687034708062765
1236,0.999089806938087,10,0.887793357806972,0.960618394830506,0.913682095433142,0.553990140077246,0.687034708062765
1237,1.39399696162462,10,1.15522007889542,1.33948721561113,1.20368865548827,0.769253740279629,0.687034708062765
1238,0.696781418491801,10,0.668929577338836,0.734504142167895,0.652053779595233,0.391517464533675,0.687034708062765
1239,0.954840451377345,10,0.85198583806632,0.932191587751903,0.908151853966839,0.569289741185544,0.687034708062765
1240,1.20253419372022,10,1.02867488313931,1.11018153875899,1.10423693006502,0.687843266164324,0.687034708062765
1241,1.35778830453279,10,1.20027717384697,1.36147691564219,1.22451095947956,0.729005737538626,0.687034708062765
1242,0.836036099533145,10,0.743488655264224,0.815162009586483,0.795954568733642,0.488849733333811,0.687034708062765
1243,1.25540048794406,10,1.12176359371542,1.25168871219585,1.14082194524471,0.712781126880067,0.687034708062765
1244,1.17565376242907,10,0.976660374507097,1.09793702785543,1.04035125526195,0.644511100301243,0.687034708062765
1245,1.21474894991275,10,1.09688697714756,1.2329753931394,0.999511263319052,0.643732068984342,0.687034708062765
1246,0.924815007955838,10,0.759094925449467,0.87906847200293,0.807270500881247,0.506656015455952,0.687034708062765
1247,1.12565870513936,10,0.958874976831972,1.11481455169268,1.01429172480166,0.629380618224778,0.687034708062765
1248,1.0353495432295,10,0.85507277543625,0.997579652481998,0.941030629756317,0.585375935617972,0.687034708062765
1249,0.901005659124249,10,0.764346675405377,0.866213989017926,0.808974231393012,0.504922139767524,0.687034708062765
1250,1.00052815487941,10,0.835247889179848,0.96800714808828,0.9410992617143,0.577032687787003,0.687034708062765
1251,1.44933446514042,10,1.23436258199073,1.41135763029126,1.28757436355551,0.800868320577704,0.687034708062765
1252,1.44250747157087,10,1.2602816494311,1.44775216700339,1.30781222015834,0.809057418339984,0.687034708062765
1253,1.27718223380913,10,1.1432585470728,1.29375017884926,1.08180295532776,0.667052705057325,0.687034708062765
1254,0.963160330051243,10,0.83656630361466,0.951272460150371,0.855192948384103,0.528337647523106,0.687034708062765
1255,1.05687402833516,10,0.968026679681595,1.08395541179031,0.88085730120281,0.542655978725777,0.687034708062765
1256,1.07427948979589,10,1.00796215480442,1.1036234920769,0.959803899328636,0.591841222583597,0.687034708062765
1257,1.24309346764588,10,1.2830635960762,1.38912894381637,1.15570725553343,0.717350026787792,0.687034708062765
1258,0.71203347160287,10,0.749014025145417,0.838536707057013,0.786794948087249,0.482570091926246,0.687034708062765
1259,1.1803719063405,10,1.17721099157733,1.18223430742284,0.994753854687041,0.621523115888564,0.687034708062765
1260,0.827569016673977,10,0.85659403409867,0.895884295488272,0.733349904438497,0.444549245671238,0.687034708062765
1261,0.864341693698811,10,0.908453981230509,0.850080447415899,0.718627358181301,0.448035793011558,0.687034708062765
1262,0.732281775532611,10,0.75703645419939,0.743533197986534,0.599033246123268,0.368036161273569,0.687034708062765
1263,0.609530236844309,10,0.669970854041474,0.617831253641203,0.429224279709262,0.262467042488253,0.687034708062765
1264,0.749594960072705,10,0.834784864668506,0.778319213311414,0.593819699721682,0.36654113257225,0.687034708062765
1265,0.587746883488746,10,0.663223901793282,0.61236619638576,0.486243601871332,0.299782112717525,0.687034708062765
1266,0.582416743922505,10,0.639741056148281,0.600730248043978,0.462715809404526,0.288030726945636,0.687034708062765
1267,0.775435444649872,10,0.886074800996067,0.805591621084066,0.616211095101587,0.382940665464465,0.687034708062765
1268,0.849360189908839,10,0.964272616587435,0.858462430755269,0.733519185173236,0.465111089659875,0.687034708062765
1269,0.973077287362188,10,1.13168132483241,1.02211533576128,0.821780697852115,0.514131881673352,0.687034708062765
1270,0.672810726696035,10,0.812855841387151,0.714975979684002,0.583041554915253,0.361514754535386,0.687034708062765
1271,0.695883871249301,10,0.824226454443511,0.725035048444851,0.628466631012409,0.396178964617761,0.687034708062765
1272,0.987954135187774,10,1.11311888032429,0.97747406102387,0.857996780497566,0.542727242617169,0.687034708062765
1273,1.06345249337781,10,1.16576068202275,1.07548851892249,0.909785922330903,0.557700558931297,0.687034708062765
1274,1.14932234671622,10,1.29466351019696,1.16266985955608,0.980296899106756,0.608055326725582,0.687034708062765
1275,0.892744763624022,12,1.1391806561742,1.02965344649634,0.765376471414799,0.478480010269745,0.690665187156377
1276,0.804629625883294,12,1.04973448683429,0.928943638932037,0.662218006045149,0.422613972490805,0.690665187156377
1277,0.742735823316288,12,0.952833747651453,0.839809890662609,0.61449072756801,0.381156857982031,0.690665187156377
1278,0.631665788855093,12,0.799244851010212,0.721602854500831,0.524502896985843,0.334685920746964,0.690665187156377
1279,0.640053726608115,12,0.855183307607562,0.764444653947786,0.538691973687189,0.338815356337951,0.690665187156377
1280,0.652615483295054,12,0.878722126124289,0.753784516682762,0.514361658393274,0.324657855033415,0.690665187156377
1281,0.789328752097029,12,1.05527135657576,0.914514212828423,0.651453273195186,0.411647798892853,0.690665187156377
1282,0.771335563823514,12,1.0135507200475,0.883955829353803,0.643629842673996,0.405824058321539,0.690665187156377
1283,0.767053878158632,12,0.981748554721108,0.865959082151719,0.598627676531444,0.371834582919009,0.690665187156377
1284,0.876044073929978,12,1.10434398787634,0.959397918405858,0.709427305364878,0.444167006342235,0.690665187156377
1285,0.554100774057238,12,0.850330848445219,0.72230052961669,0.48144758166377,0.306594027777683,0.690665187156377
1286,0.622008565503266,12,0.837068070744423,0.717909719530007,0.49856549741447,0.300021973397465,0.690665187156377
1287,0.651517914178309,12,0.959151506273894,0.817274503243885,0.576323391955579,0.361506643333685,0.690665187156377
1288,0.721357763080448,12,0.958182523251827,0.812153671475871,0.538832724745107,0.333216532277516,0.690665187156377
1289,0.588103067863742,12,0.789736339494389,0.670399298229136,0.465027506619253,0.294810380795428,0.690665187156377
1290,0.621463098165533,12,0.849548404760347,0.715136157803556,0.453134721665694,0.283264690270866,0.690665187156377
1291,0.890532664332152,12,1.18392463954306,0.972842237412742,0.739758460376716,0.474252644493496,0.690665187156377
1292,0.638660951668932,12,0.85440700573249,0.735256207665203,0.496944014184677,0.31062267720602,0.690665187156377
1293,0.698800093192926,12,0.870342684566705,0.763915192496314,0.588741456674298,0.371567336680177,0.690665187156377
1294,0.788490932599497,12,0.95767963845508,0.870811121150438,0.648217089271053,0.403550049759432,0.690665187156377
1295,0.703440373824823,12,0.854978318928072,0.792783689603583,0.544815297289645,0.345191949192294,0.690665187156377
1296,0.915494701011429,12,1.11767769440153,1.04989356148057,0.723215562626125,0.464385239435488,0.690665187156377
1297,0.976588013424428,12,1.17129409467829,1.10692843520883,0.77985757258339,0.502033030150827,0.690665187156377
1298,0.779416625201635,12,0.975899330493892,0.865645047210345,0.617556005484467,0.388407485056755,0.690665187156377
1299,0.783216296856948,12,0.951409393955249,0.889714180796569,0.621767068160719,0.38469015228083,0.690665187156377
1300,0.654327268219047,12,0.721223769312254,0.701139369047657,0.557093364351572,0.349222551954166,0.690665187156377
1301,0.896356415131116,12,0.990060045626386,0.943028787080439,0.744103336778931,0.478339645622224,0.690665187156377
1302,0.74796460682552,12,0.804851472709978,0.814217567519906,0.653226207613648,0.408517400381503,0.690665187156377
1303,1.15847843686714,12,1.30015386735138,1.27977653262879,0.97765882430132,0.640358401012865,0.690665187156377
1304,0.807821301147094,12,0.904341710810769,0.915093985479679,0.664473096194444,0.417845480635585,0.690665187156377
1305,0.691181193680783,12,0.755277302480075,0.760730874999603,0.608730505056485,0.383325317537258,0.690665187156377
1306,1.14104848355938,12,1.25494268798257,1.25290531842523,0.946543234089026,0.580930565986611,0.690665187156377
1307,0.829427146854398,11,0.845686454166337,0.888142768631401,0.712492073450032,0.463212373014933,0.654230660907825
1308,0.94356728966213,11,0.949068470733108,1.01074631936357,0.812249329007211,0.510827280251983,0.654230660907825
1309,0.88171796148408,11,0.881079742429817,0.94438292007163,0.723530736724578,0.472999360282882,0.654230660907825
1310,0.800948908431886,11,0.767069762404925,0.847363631586407,0.703182165044651,0.449022933974379,0.654230660907825
1311,1.07035798034345,11,1.01856676155506,1.14658631500871,0.8806067036896,0.570215880521683,0.654230660907825
1312,1.21966101350043,11,1.17289962511864,1.28892208497639,1.06148650651995,0.67730656635776,0.654230660907825
1313,1.02571397945092,11,0.975436082611541,1.10194358716367,0.88619669797328,0.572107305112355,0.654230660907825
1314,1.09052018242099,11,1.03962177560796,1.18805218678561,0.939698371326597,0.602313013902204,0.654230660907825
1315,1.18799860173549,11,1.0844900236985,1.26108932075544,0.99511440335388,0.648229038907826,0.654230660907825
1316,0.953056428419605,11,0.880225543663551,1.00940495218082,0.791644741984323,0.516439723154889,0.654230660907825
1317,1.19219704439348,11,1.07531817521468,1.24937110617528,0.964857895240343,0.63322964750317,0.654230660907825
1318,0.822328133769244,11,0.740493132341516,0.892485069768808,0.675767211048812,0.433949183385223,0.654230660907825
1319,1.12177305029393,11,1.01683762976364,1.166905522048,0.934552173989802,0.612428003030322,0.654230660907825
1320,1.1085055799956,11,1.02171825901493,1.1602839906059,0.942490658206923,0.611581472459128,0.654230660907825
1321,1.07445779631729,10,0.935455505830849,1.14272187523065,0.902456847035317,0.572806085847543,0.628150826211833
1322,1.19098509668341,10,1.06845064859085,1.16524297528795,0.971596036799328,0.613443519775035,0.628150826211833
1323,1.18702986141424,10,0.993886116736019,1.24166591926664,0.969895799152723,0.618695403312739,0.628150826211833
1324,1.16887783830389,10,1.09113941879924,1.27445057622313,1.06105866396041,0.690578878792343,0.628150826211833
1325,1.12143980055602,10,1.03953109429152,1.20565341631012,1.01186000471788,0.634200558537004,0.628150826211833
1326,1.03234316948811,10,0.970525244010298,1.0745302442799,0.833617017763178,0.533912842887904,0.628150826211833
1327,1.15209000222857,10,0.970536367650597,1.2050779231711,0.928790869991902,0.598473596051767,0.628150826211833
1328,1.14980494425296,10,0.975555641194454,1.14209321330888,0.925145038238239,0.601116942632997,0.628150826211833
1329,0.960205927289215,10,0.897528570060694,0.951908525880116,0.764410317173461,0.486386627152137,0.628150826211833
1330,1.02375923524475,10,0.99567884430819,1.07387708982313,0.853119768283508,0.54362319750435,0.628150826211833
1331,1.1075317539659,10,1.0783248818405,1.19594407877606,0.910141822234938,0.581729283215506,0.628150826211833
1332,1.28637877975491,10,1.26026442591619,1.33646626672654,1.02906171764123,0.6615976352081,0.628150826211833
1333,0.865556747148385,10,0.95567024239911,0.938686709923528,0.7201483515107,0.457281081472553,0.628150826211833
1334,0.800248927504302,10,1.07302084526768,1.06818429782618,0.756329994078406,0.499522455156868,0.628150826211833
1335,0.74671059781377,10,1.04848167576654,0.981784811661073,0.787108983032812,0.504645004429371,0.628150826211833
1336,0.850040130859918,10,1.108571439197,0.994080720854563,0.804049805407606,0.516377859742924,0.628150826211833
1337,0.732467229506551,10,0.860328264036458,0.835223682794864,0.632274276226924,0.4038884546987,0.628150826211833
1338,0.698301862541276,10,0.886941647433966,0.86839563093811,0.658734217620478,0.426534289107422,0.628150826211833
1339,1.0352276984305,10,1.07431270128549,1.06989496258393,0.84662155601906,0.544935278397951,0.628150826211833
1340,0.557053344186171,10,0.688293320161162,0.603729740402292,0.468756016921709,0.294908768422014,0.628150826211833
1341,0.98761210426773,10,1.09110125088334,1.08444610787539,0.841864428155831,0.535546806738866,0.628150826211833
1342,0.905441924260084,10,1.0724649531967,0.975176687560212,0.765191596983612,0.494206853116728,0.628150826211833
1343,0.950287881052017,10,1.15871904315386,1.02529923434726,0.807391290863426,0.51856133366239,0.628150826211833
1344,0.837029247025698,10,0.980541769135772,0.861474849487096,0.668576290669317,0.430596083969704,0.628150826211833
1345,0.849631406765262,10,1.03875777189062,0.917366341467393,0.767185292379021,0.500063813604052,0.628150826211833
1346,0.634272230774012,10,0.749827581730879,0.690122595574957,0.577104662235745,0.371701828473734,0.628150826211833
1347,0.639802457304567,10,0.916104800006843,0.778577584741725,0.69523954904575,0.44561352789799,0.628150826211833
1348,0.842724856296591,10,1.01055824309181,0.897312341686294,0.745329235362125,0.480241374619956,0.628150826211833
1349,0.931580807930257,10,1.14922504534264,1.0876167859257,0.931793322726467,0.605595234963112,0.628150826211833
1350,0.702434148228074,10,0.907964446841722,0.749921784752429,0.636253349312348,0.405826294920469,0.628150826211833
1351,0.977383762212984,10,1.24801355298388,1.09711248523865,0.969368236049905,0.63227579138922,0.628150826211833
1352,0.94934569764087,10,1.16133342839147,1.08990637921469,0.923827830029425,0.598520136589451,0.628150826211833
1353,0.658749837091667,10,0.883429345230539,0.801599569295257,0.680810077319262,0.438711058522746,0.628150826211833
1354,0.610424745325268,10,0.759553692306753,0.658223521841744,0.567552802145242,0.36654374789636,0.628150826211833
1355,0.810978767651532,10,0.919733597920818,0.866982574133315,0.781893300651795,0.512829875967531,0.628150826211833
1356,0.9493484047351,10,1.02242989394668,1.00947875608611,0.889129706170941,0.580143214919019,0.628150826211833
1357,1.23121866775728,10,1.34035640526604,1.2588253892666,1.14151464122499,0.753103719938147,0.628150826211833
1358,1.02294010367203,10,1.07805422519131,1.07502566851443,0.956003434592926,0.628784171305529,0.628150826211833
1359,0.976193229960228,10,1.08835218451195,1.04161726288587,0.909504341405595,0.595609682088883,0.628150826211833
1360,0.93186180954419,10,0.952100242713273,1.02892173549541,0.9064188192514,0.592850111324243,0.628150826211833
1361,0.978137547337219,10,0.930026608746243,1.06484969394101,0.920004127705136,0.614005177397882,0.628150826211833
1362,0.880804148625895,10,0.923277922384038,0.95963111879348,0.84984780114758,0.5533640743896,0.628150826211833
1363,1.15257908191469,10,1.12232311398876,1.23088303665889,1.07853795491252,0.720305291459701,0.628150826211833
1364,0.950189359808565,11,0.961050443478504,1.02134187562523,0.854773112570699,0.564528553417187,0.681545192423489
1365,0.806996123107947,11,0.850870980342671,0.874836980295792,0.73649496602755,0.485333914129447,0.681545192423489
1366,1.11459477576325,11,1.15511592967977,1.11173303008892,1.00027227832095,0.665909582970594,0.681545192423489
1367,1.21748387780713,11,1.23451510628999,1.23001715640635,1.07368406998826,0.734897016545137,0.681545192423489
1368,0.699582524345239,11,0.90138239043907,0.815008673231842,0.690218130665588,0.465871267009871,0.681545192423489
1369,1.44095296937515,11,1.48477637303812,1.56843183156826,1.26687343756812,0.842041367389121,0.681545192423489
1370,0.94323355324989,11,0.934887438655055,0.980943051670327,0.817700792178573,0.530827884563008,0.681545192423489
1371,0.752231423027981,11,0.757474826593702,0.739745290798446,0.683513124985018,0.439377715490333,0.681545192423489
1372,1.13074535932484,11,1.09830028877857,1.19720734589902,0.997931412538597,0.645962075880303,0.681545192423489
1373,0.667153233117851,11,0.687766726418648,0.726434847662173,0.50704060499469,0.325757749830052,0.681545192423489
1374,1.21647281890146,11,1.23420867960883,1.34464238264654,1.14968728884003,0.761050835212004,0.681545192423489
1375,0.889052447181776,12,0.975655555723344,0.933140069357142,0.737197931872917,0.504719921829342,0.705536126078168
1376,0.904654409247683,13,0.979723282698484,1.00145958715765,0.677239300072552,0.449743420976315,0.700458021660421
1377,0.900865551289641,13,0.967170697362806,0.988896661626612,0.680294682938229,0.459115730939417,0.700458021660421
1378,0.757995751220191,13,0.809095006271303,0.719532333857935,0.56142524572351,0.360187887065154,0.700458021660421
1379,0.916155234127238,14,0.901461661131032,0.90775723535051,0.686888796289135,0.432973768578615,0.728535584999992
1380,1.09371841774607,14,1.11969148968613,1.15811766700963,0.867526876030387,0.576264930474652,0.728535584999992
1381,1.10523484886296,14,1.16134302488049,1.17669667619574,0.870701275728351,0.545425112559325,0.728535584999992
1382,1.2141719817693,14,1.17793281737671,1.19192338315991,0.939890537721118,0.583968547815494,0.728535584999992
1383,0.883845551125373,15,1.04764251950618,1.04103655121222,0.770484924983722,0.483622946286192,0.751859815132546
1384,0.758239233911974,15,0.854982787917367,0.94662314829825,0.755646061271855,0.451711743776608,0.751859815132546
1385,1.0502042174596,15,1.09885790112465,1.14659802029407,0.956148801942147,0.579077293185261,0.751859815132546
1386,0.93151985984446,15,0.954130234936481,0.981934033259541,0.708582061971584,0.455275623753868,0.751859815132546
1387,0.91788634237423,15,0.887466776555278,0.885554720913029,0.862534718726907,0.510682006225648,0.751859815132546
1388,0.827865282986127,15,0.948478099229621,0.903109893220253,0.782396126502249,0.503064321513988,0.751859815132546
1389,1.03092978325189,15,1.10684447264888,1.11755610943004,0.888862829783117,0.560316497501917,0.751859815132546
1390,0.95300672977429,15,0.989196593262887,1.06693332699753,0.933345576791552,0.603289074375088,0.751859815132546
1391,0.819765876223175,15,0.877812243035568,0.862439647065591,0.794280373602669,0.50359958350867,0.751859815132546
1392,0.879426354721483,15,0.908904267151613,0.957424043339939,0.913439095019,0.589117005268134,0.751859815132546
1393,1.17477643652045,15,1.16525471477596,1.1770383549058,1.13774346371317,0.739587935924016,0.751859815132546
1394,1.22188592857927,15,1.22832006089881,1.26069545889741,1.23581727524373,0.798576467933376,0.751859815132546
1395,1.00268415849784,15,0.985067138260045,1.04474244611698,0.957874900530817,0.622700779271784,0.751859815132546
1396,0.980009336954735,15,1.00649822365053,0.958966132666571,0.95130834003452,0.634281335400618,0.751859815132546
1397,0.879643873657461,15,0.882229534070499,0.919486705118797,0.875089866140097,0.573470445479974,0.751859815132546
1398,0.853428054450774,15,0.907603051207192,0.887862146915867,0.858916214181262,0.55443390889211,0.751859815132546
1399,0.784113273133068,16,0.854479592834351,0.812713284051442,0.784191375816331,0.500582971953913,0.763331361436084
1400,0.775999532923678,18,0.937106383619555,0.943313857230045,0.856167424585024,0.547998402577917,0.748230118129062
1401,0.881740297050738,18,0.961404880358844,0.995825162333799,0.887043602392554,0.566950266505904,0.748230118129062
1402,0.866601781284671,18,0.929802924144524,0.939868701993113,0.859939209431724,0.553668247681677,0.748230118129062
1403,0.740986505754728,19,0.88731728627089,0.903577567636568,0.781418699620492,0.502701659104924,0.768771505084512
1404,0.969537643561768,20,1.01375173195525,1.07121702342078,0.867505744604931,0.543146380146079,0.785738334439539
1405,1.01980993072202,20,1.08808039016234,1.12805973409244,0.990528670735445,0.63299170245658,0.785738334439539
1406,1.05421526192121,20,1.07577530928943,1.13613511934869,0.932054969517731,0.589643648483899,0.785738334439539
1407,0.928613463978088,20,0.948782194913607,1.0044390512142,0.815578595698614,0.51004595796006,0.785738334439539
1408,0.768825772693639,21,0.814534156313807,0.873388586807955,0.742483736381989,0.467945012153026,0.80952971188637
1409,1.13996282304943,21,1.26176643390247,1.30077169258013,1.15424074572813,0.728160046666241,0.80952971188637
1410,0.929056381617716,22,0.992254379013567,1.03595673327513,0.920609771894372,0.579954132726235,0.822086472530863
1411,0.917032263234418,21,0.985299760866561,1.03101493253993,0.875833480662216,0.558090091007508,0.805764527222876
1412,0.967703820718282,21,1.08707966548454,1.08624828675544,0.967149941786066,0.618313305534326,0.805764527222876
1413,0.963461895709513,21,1.08216715422958,1.07785155965439,0.915929310654452,0.588273331369428,0.805764527222876
1414,0.929891213629377,21,0.982799963782938,1.06384392104079,0.888403404140614,0.553246474446444,0.805764527222876
1415,0.776557771721219,21,0.860516674869783,0.892331242922334,0.73328927754393,0.473455424043517,0.805764527222876
1416,0.761360214925092,21,0.894771954279994,0.843390283156146,0.740803910287182,0.476838699804887,0.805764527222876
1417,0.914584915646774,21,1.00237742499755,0.968715954062688,0.833614700356464,0.550217821956994,0.805764527222876
1418,0.817036161341824,21,0.969544838429125,0.932197468134864,0.722896321867469,0.449717890893458,0.805764527222876
1419,0.771980864397409,22,0.871601121835146,0.854665315819182,0.748050793332406,0.47149763782633,0.822935772485316
1420,0.820263170788954,22,0.947273958437091,0.904783014843609,0.786023609263484,0.51095385068553,0.822935772485316
1421,0.791948711775237,22,0.878325195967282,0.828548810305399,0.764357857576869,0.491412610044953,0.822935772485316
1422,0.839487259254602,23,0.99258511231711,0.959108441023549,0.817248925993484,0.525239955917092,0.8372363058593
1423,0.836943414368684,23,0.940193321591995,0.93934958419661,0.838410289734779,0.539413572648546,0.8372363058593
1424,0.910022779293671,23,1.05281764809589,1.00935455210826,0.907385290428217,0.589595998000699,0.8372363058593
1425,0.808216368725374,23,0.92643839939458,0.907332747300451,0.82234168600521,0.534342638096733,0.8372363058593
1426,0.616330827193081,23,0.658974751477354,0.695301971478306,0.617774865438133,0.400024085085553,0.8372363058593
1427,1.12167207237242,23,1.18946573552322,1.23629394394647,1.11916829142,0.728846578915785,0.8372363058593
1428,0.887007173041568,23,0.9558025895054,1.00275462895794,0.86978549892331,0.568060922598346,0.8372363058593
1429,0.980818160230747,23,1.02805981212358,1.10842697254069,0.96225545569256,0.627674367450981,0.8372363058593
1430,1.07091069422334,23,1.06912929998852,1.15540840365602,1.03233063888339,0.665024490855032,0.8372363058593
1431,0.953404889292464,22,0.934001374057266,1.03313371897207,0.906207634404597,0.585353728313455,0.827852966092914
1432,0.925778991056323,22,0.949964409479268,1.07640368506332,0.873999906595851,0.577208462449973,0.827852966092914
1433,0.948029937920752,22,0.99099879231314,1.08300415025686,0.917419773881105,0.597962760144985,0.827852966092914
1434,1.28768573569536,22,1.26560642661478,1.40730382828343,1.23973508076236,0.8132190492426,0.827852966092914
1435,0.948006484327866,22,0.907864718722141,1.05969472347232,0.924107524248248,0.591809750869866,0.827852966092914
1436,0.918971928616982,22,0.867034310187583,0.968229493959685,0.906728629162314,0.58897633542358,0.827852966092914
1437,1.18967409270844,22,1.14775887787614,1.36209684784942,1.14495551487605,0.759773670792384,0.827852966092914
1438,1.01508641772891,22,0.986350377671742,1.18540578467725,0.982355106641446,0.649979136468129,0.827852966092914
1439,0.958367769983379,23,1.00204082504011,1.12134535383241,0.936132871860486,0.594372917551258,0.840145512103247
1440,0.974063748520744,24,0.931396254893959,1.05784602126042,0.886241055773619,0.575857076106248,0.849767897402104
1441,0.907544401321087,23,0.894649921436292,1.00125040661053,0.806064671179996,0.521375752370833,0.840478726212111
1442,1.09366846243722,23,1.10093737019279,1.16364302680296,0.978835790352919,0.637052963939579,0.840478726212111
1443,0.991446055211161,23,1.0761093503416,1.16039676633939,0.748429001832315,0.485717709679164,0.840478726212111
1444,1.14331117312349,23,1.15070734532659,1.25073176823944,0.995115067333814,0.633373964026314,0.840478726212111
1445,0.997865940582614,23,1.01435818736042,1.09883339204919,0.906409718403279,0.600553353208977,0.840478726212111
1446,0.967460194583478,24,0.99599311671139,1.08491515005756,0.840435948470218,0.558066515091155,0.850886176583122
1447,0.939146103698404,24,1.01298317231223,1.09244448770894,0.849169927901532,0.554429997417135,0.850886176583122
1448,0.804903265224983,24,0.872739755397931,0.895986550187558,0.734591308738737,0.473940537672531,0.850886176583122
1449,0.495595684515181,24,0.555956421949496,0.553375085378025,0.454888094086321,0.292758950366254,0.850886176583122
1450,0.849611690290496,25,0.931749613888541,0.943038317586581,0.797302206806078,0.519796678704996,0.861785014268104
1451,0.931627265990973,25,1.03903803112293,1.03874226354466,0.84139780610208,0.544304080212277,0.861785014268104
1452,0.797041547159227,25,0.940981167517735,0.917852520656181,0.71782205673929,0.452626209709909,0.861785014268104
1453,0.819428105360096,25,0.945178763182616,0.935895040209428,0.757617644244903,0.488349740819038,0.861785014268104
1454,1.00513592473269,25,1.18682013478719,1.1609764452582,0.886811398853348,0.582972755431697,0.861785014268104
1455,0.737069812602463,25,0.839098056670098,0.829571170667654,0.663865087164411,0.428740048603428,0.861785014268104
1456,0.475228075930867,25,0.551966541228106,0.529859337857648,0.434278122677026,0.279475068691701,0.861785014268104
1457,0.977464039520239,25,1.07519084175878,1.04655764842,0.87542078448055,0.569259571041323,0.861785014268104
1458,1.02816475008157,25,1.21513875905113,1.19178418996978,0.906639657010468,0.584544757640346,0.861785014268104
1459,0.926842847550838,25,1.05497874764299,1.01767179495931,0.818856580920514,0.536097270532697,0.861785014268104
1460,0.927863662563331,26,1.00872323695768,0.996578362229198,0.787749516574466,0.502867504016054,0.868362767053864
1461,0.635233849484032,26,0.671500014897865,0.668067721445032,0.547700721715577,0.355205014104587,0.868362767053864
1462,0.750023003165002,26,0.823774957007995,0.811489055153179,0.672208799761253,0.430699369099463,0.868362767053864
1463,0.952154266836202,26,1.02045027230068,1.00027013732848,0.884331689996237,0.573789986630984,0.868362767053864
1464,1.00566876815044,27,1.11312654881337,1.0752933720608,0.863379098760578,0.561724867006033,0.876366399400385
1465,1.05612081244666,28,1.20710158503017,1.16910527243552,0.915205607706964,0.600924561671824,0.879223328048838
1466,1.02792085240436,28,1.096855634337,1.10208707197748,0.767569652025799,0.50315810692834,0.879223328048838
1467,0.907465366758738,28,0.979563622496387,0.980304139014742,0.71740206258148,0.464536309882301,0.879223328048838
1468,0.933841634526259,28,0.994578875821282,0.970296650730381,0.816419716732701,0.531785539092588,0.879223328048838
1469,0.845405199155687,28,0.909939005046624,0.891592067619794,0.739079529546782,0.480753096134249,0.879223328048838
1470,0.967808878674487,29,1.02571933756633,1.00572132427047,0.859069277885147,0.549400855410662,0.886144015601872
1471,0.787659259667501,29,0.876492739501605,0.837330459590726,0.693649544826586,0.452832317147822,0.886144015601872
1472,0.900489843254366,30,1.02470312661921,0.99082338758759,0.74131118817499,0.476080634875578,0.888719748432015
1473,0.895970221661837,30,0.990215168380255,0.997526401834978,0.724431439680088,0.469790209381239,0.888719748432015
1474,1.05354541399742,31,1.17770654996438,1.14618605119683,0.830707456070011,0.525336897589093,0.894213203672538
1475,0.792172694375684,32,0.896718106514302,0.855482255033694,0.665184881065418,0.434320948498033,0.898991110914566
1476,0.846871077420296,32,0.973623654635304,0.896028629333976,0.701930125962063,0.433043676702903,0.898991110914566
1477,0.909357559109905,32,1.04939240382807,1.01686321953073,0.77095569757112,0.51090982287015,0.898991110914566
1478,0.916210706104167,32,1.04680572878375,0.966508940011607,0.771117060763354,0.501023683280281,0.898991110914566
1479,0.714567323404804,32,0.846897635317295,0.791960961074967,0.567754383077301,0.375381588565292,0.898991110914566
1480,0.947819576545517,32,1.10139719185051,0.993105081195327,0.755300587451858,0.51199623931343,0.898991110914566
1481,0.77139881777569,31,0.942192196121979,0.809085342464056,0.599634729002272,0.381648348761888,0.8994595397944
1482,0.843061896478499,31,1.00309700491933,0.843447554010956,0.700207425944335,0.460825165461001,0.8994595397944
1483,0.764045603806518,31,0.89252304693423,0.779455685884754,0.570558225522217,0.385108160824654,0.8994595397944
1484,0.723214613447847,31,0.862909398236996,0.761738401937866,0.612265249023919,0.407324932428372,0.8994595397944
1485,0.677381989055193,31,0.82620258534396,0.726863134584152,0.549294365598831,0.358417761010601,0.8994595397944
1486,0.819947691096025,31,0.978500127836588,0.82405637885501,0.693067449336208,0.46563135388628,0.8994595397944
1487,0.560516951584301,31,0.663192795025585,0.575417049441011,0.473855078884827,0.306574580271535,0.8994595397944
1488,0.849457603358094,31,1.03414512313923,0.902940904528558,0.751102077054369,0.490995783285593,0.8994595397944
1489,0.975472870853738,31,1.08527136982121,0.971087879345407,0.832655095237829,0.534232114069047,0.8994595397944
1490,0.900715026391132,32,1.01230237300002,0.909790820696398,0.787220663238509,0.50705413302284,0.898952167517959
1491,0.83247188252356,31,0.88795645576825,0.795014218344575,0.696573459925514,0.454599357802959,0.894087248540121
1492,0.955969964220913,31,1.03490049238063,0.924501593093344,0.868060563362173,0.563524493692971,0.894087248540121
1493,1.1130757152411,31,1.15389622632692,1.05302712458953,0.980122786473393,0.626765244897422,0.894087248540121
1494,1.02880822844852,32,1.12957263981983,1.01726736222629,0.876499334054534,0.557854829329376,0.895121518956788
1495,1.08521063210307,32,1.12224634724045,1.05209534529476,0.956611058736167,0.609440401147655,0.895121518956788
1496,0.984771600190518,33,1.02433724947459,0.962634562954242,0.806060375968777,0.54130009591616,0.897103286080071
1497,0.751384414588144,33,0.804833720952497,0.774665432467396,0.646281660679682,0.399576716501557,0.897103286080071
1498,0.933692416130229,33,1.05120523695041,0.980280902466681,0.827791946542648,0.529594597749686,0.897103286080071
1499,0.936329928906165,33,0.938059558949776,0.921773710569921,0.809810331936761,0.514836028945419,0.897103286080071
1500,0.983797428148782,33,0.969972314884291,0.959775787478381,0.858110645578976,0.543408448200957,0.897103286080071
1501,1.08021412998881,33,1.1452429112679,1.08820623149904,0.987052479345998,0.639811557542954,0.897103286080071
1502,1.06007962264257,33,1.04791257517802,1.02818692825601,0.943483963509796,0.604312403920811,0.897103286080071
1503,0.821102967269933,33,0.802363300339482,0.779445507636236,0.738294722638213,0.468237864906692,0.897103286080071
1504,0.769644173535738,33,0.724898452728675,0.738479202748953,0.678306564132356,0.431971141049772,0.897103286080071
1505,0.874980975260315,33,0.832240332674765,0.842077558708177,0.760767854547838,0.485083482903035,0.897103286080071
1506,0.955668921449252,33,0.896089111977687,0.887364269228103,0.840503343467492,0.542561169906401,0.897103286080071
1507,0.881668604707692,33,0.866106104726037,0.876100417497439,0.777494545348709,0.501077967833651,0.897103286080071
1508,1.19882871213256,33,1.10842670780099,1.11150333578699,1.06575805218889,0.688194059845909,0.897103286080071
1509,1.23842203619889,33,1.1642015916842,1.18087098920282,1.10873564139092,0.719649657354688,0.897103286080071
1510,1.46105164094798,33,1.43730773992886,1.38315971731162,1.36611052282363,0.890739231425104,0.897103286080071
1511,1.24900704714184,33,1.20094896596179,1.20580621663296,1.10889255140378,0.715309195448008,0.897103286080071
1512,1.08308663158645,33,1.02198145972195,1.04120479545754,0.956711539543426,0.616744729883552,0.897103286080071
1513,0.630916167680388,33,0.60210444731815,0.638763100702209,0.573560951891124,0.366473996953184,0.897103286080071
1514,1.10793763138252,34,1.00296859589399,1.01820213391577,0.964243181918397,0.619440033466256,0.896609443034938
1515,1.06220395524356,34,0.982235620243268,0.97086806991672,0.964082617505735,0.624132791685818,0.896609443034938
1516,1.00567883083302,34,0.963117162801703,0.940456894766864,0.917730736965648,0.593958173224983,0.896609443034938
1517,0.923061518534518,34,0.888019048079082,0.863201590074811,0.846604842326974,0.545882967917173,0.896609443034938
1518,1.05593158290206,34,0.976855873322359,0.969636311003336,0.932120650423457,0.601041261458182,0.896609443034938
1519,1.08764312042069,34,0.986878489506192,1.00132250330874,0.9518706572927,0.620712672803286,0.896609443034938
1520,0.994389058869022,34,0.885469782581245,0.906313860212277,0.845624663004694,0.54126624157331,0.896609443034938
1521,1.26801967471522,34,1.12734609150306,1.17951026815189,1.1253310390049,0.736211252346356,0.896609443034938
1522,0.930463610155194,34,0.838967385151658,0.864533691651461,0.852549783411948,0.552903834552474,0.896609443034938
1523,1.19820926329569,34,1.07857470473548,1.12678314902473,1.10516135602547,0.718508638851295,0.896609443034938
1524,1.19403927839615,34,1.03620609875312,1.08549739693846,1.0805565812808,0.699581455479707,0.896609443034938
1525,0.895455660409454,34,0.788933013925739,0.824024614545592,0.796352393894893,0.512407029068439,0.896609443034938
1526,1.05974312671198,34,0.918134461060914,0.993731724830012,0.951900611359027,0.619775226703524,0.896609443034938
1527,1.33629063071871,34,1.17010199377808,1.24887781711475,1.21749447337333,0.782862456867459,0.896609443034938
1528,1.14913676663273,35,0.964903500510151,1.04088061468538,1.0492296822666,0.680970001667919,0.901070194869609
1529,1.34336784753647,35,1.13864359230564,1.24636459010229,1.27261625405264,0.824290155206983,0.901070194869609
1530,1.28502196962635,36,1.09348157267656,1.20766181093743,1.20364672994643,0.784971349550048,0.903217074222864
1531,1.05126686978574,36,0.926759454673107,1.06130747720374,1.00943360226177,0.661138225675796,0.903217074222864
1532,1.29358116575327,36,1.08127789437733,1.21233414267856,1.19348843908755,0.774744802645717,0.903217074222864
1533,1.03085874503089,37,0.828459398748038,0.940090816216651,0.933723612754067,0.602099608468436,0.905813580290292
1534,1.37147250038505,37,1.08660702672857,1.23931339318644,1.20330321134981,0.80327679002753,0.905813580290292
1535,1.16799324169032,37,0.921555957797492,1.04639048855382,1.05269459175326,0.674953402639555,0.905813580290292
1536,1.1541068161842,38,0.931371439132465,1.03704920214131,1.05252296794667,0.687643024679794,0.910693558250204
1537,1.28743302080139,38,1.00491103530548,1.11872375472138,1.15114969137551,0.745358909649495,0.910693558250204
1538,1.1511936740362,38,0.919126935247443,1.05117558183314,1.03967199359791,0.682712944567409,0.910693558250204
1539,1.09257216420057,38,0.850478399237734,1.00412109645812,0.96700124983369,0.628554572269754,0.910693558250204
1540,1.34060517442363,38,1.03962022346338,1.21076774425332,1.20328728471985,0.789561298208391,0.910693558250204
1541,1.24420896327631,37,0.9701909619479,1.12109391324687,1.14995701013139,0.750175593346964,0.909911502562401
1542,1.40333395879912,37,1.11352596984917,1.29031072968804,1.29700575690322,0.851754206691023,0.909911502562401
1543,1.18349997271717,38,0.942930341094522,1.00397054022211,1.0674946176959,0.681530068641486,0.911143041127474
1544,1.10114238929166,40,0.926463052318168,1.0185491605749,1.08136145397341,0.692463181914983,0.91900196177358
1545,1.1989923297377,40,0.966995124236523,1.05887145806097,1.14480762224167,0.722904206787158,0.91900196177358
1546,1.39159867718571,40,1.14109088290955,1.25424055988038,1.29298282115847,0.832965642413679,0.91900196177358
1547,1.23779177256344,40,0.98172391114914,1.12230106562216,1.14568090806115,0.732410915237722,0.91900196177358
1548,1.21297218864695,40,0.978314974608694,1.09412457331964,1.09455680807845,0.699958331877241,0.91900196177358
1549,0.927303968217287,40,0.74081051547881,0.845274144990325,0.884723003040008,0.576873301157543,0.91900196177358
1550,1.40867209640898,42,1.12107104847077,1.30020313228291,1.24853007105771,0.782305139887513,0.923600031511321
1551,1.38070246080083,42,1.10218990587604,1.23949541811113,1.18623842710518,0.751678513891895,0.923600031511321
1552,1.53489616544853,42,1.24258228026596,1.37175599170866,1.26722122032299,0.824169520327327,0.923600031511321
1553,1.37304309330238,42,1.11733396452405,1.23199650654074,1.22288012226311,0.782449337276736,0.923600031511321
1554,1.19130782370597,42,0.969715423518126,1.09457466720469,1.022690561732,0.658427888220915,0.923600031511321
1555,1.06003463861079,42,0.88955315382926,0.968629766391726,0.940154740792171,0.598451091323856,0.923600031511321
1556,1.22503645937838,42,1.00891192499769,1.14728337836967,1.02813548653673,0.65489773876778,0.923600031511321
1557,1.14388497289998,42,0.984960899049439,1.08879252383235,0.980938230521686,0.624046572433719,0.923600031511321
1558,1.0369101863239,42,0.905678082795858,0.995691793834751,0.915328409558148,0.590939065163493,0.923600031511321
1559,1.08513078623027,42,0.976036186498252,1.01087100730496,0.963488020770929,0.627621869945137,0.923600031511321
1560,0.970854992607615,42,0.89846914671509,0.940398577948326,0.852130702845817,0.552317455822906,0.923600031511321
1561,0.737497429178334,40,0.673569120405901,0.706053609094389,0.648716416320642,0.412343580829527,0.920048492404532
1562,1.12692952578332,40,1.07348790052428,1.07721937410082,0.965698624103007,0.622924050476722,0.920048492404532
1563,1.0379934993262,40,0.980969475368053,0.981661173418998,0.871604155194418,0.559563098818103,0.920048492404532
1564,1.00355922262973,40,0.957491181589151,0.95167145558669,0.844349062987246,0.539627375362653,0.920048492404532
1565,0.931136939579405,41,0.929057408361695,0.921243135963055,0.782058943978381,0.493705963405601,0.921010382223305
1566,0.970036809287674,41,0.95604162609323,0.943781524901346,0.855419738893815,0.550079962815933,0.921010382223305
1567,1.02700116321595,41,1.02282570059341,0.992423549145441,0.904567876635267,0.573897701028971,0.921010382223305
1568,1.1681562714674,41,1.15389057231277,1.15964556968446,0.98976605393189,0.629288724358299,0.921010382223305
1569,1.1881442226513,41,1.18098625514256,1.16094449153451,1.0144461588311,0.638821348889874,0.921010382223305
1570,1.06501120518287,42,1.07139869653904,1.05484671188705,0.893207535887844,0.585447537910952,0.92184807307915
1571,0.789803048820418,40,0.805032701789393,0.762296247752758,0.655216394688484,0.416784763754075,0.917640533251397
1572,0.806960367887932,40,0.852392871050338,0.826306117466704,0.71759835348831,0.459399188052947,0.917640533251397
1573,0.986408604062169,40,1.0399713905784,1.0151486680658,0.854774651773934,0.547331474289136,0.917640533251397
1574,0.682115724147245,40,0.723444651183162,0.692259306045661,0.591254683685799,0.379846972991302,0.917640533251397
1575,0.956415284302488,40,1.0311576731757,0.974140422357147,0.840956212759637,0.534864355445802,0.917640533251397
1576,1.09321486562722,40,1.14966037536712,1.0982023351026,0.901519723759981,0.571140054744511,0.917640533251397
1577,0.96560980493276,40,1.06821991588452,1.00632310145453,0.817495211113978,0.520730132585447,0.917640533251397
1578,0.912189294445787,40,1.0357210632449,0.966031868905519,0.816034897257865,0.521538206980813,0.917640533251397
1579,0.873801108905217,40,0.968466103620213,0.90727607994699,0.731609633591628,0.466820109033726,0.917640533251397
1580,0.762366725962612,41,0.872495415442263,0.813643648510838,0.662232099303373,0.424061645408848,0.919487940000686
1581,0.985606470282521,39,1.10817591778455,1.01811337426625,0.800165775454389,0.509693821366413,0.913450414401101
1582,0.854557482445014,40,0.994989092121126,0.911102633740575,0.628064599204905,0.400794559313883,0.915626170183956
1583,0.846301569104953,40,0.994633011103323,0.885929477723134,0.690460155929007,0.438211871089438,0.915626170183956
1584,1.0481815855833,40,1.22907617838889,1.08283705113191,0.86277277027654,0.549978379906702,0.915626170183956
1585,0.92348922995399,40,1.12279430938013,0.960538433834152,0.764322851039763,0.486453703210062,0.915626170183956
1586,0.858065594222906,40,1.0768942197827,0.890531285262325,0.721320707828228,0.455237509465913,0.915626170183956
1587,0.610747167615619,39,0.788915922930767,0.653499717294976,0.517379400900687,0.331980339376466,0.916220668292555
1588,0.644981289189077,39,0.873183059846742,0.691065482688254,0.537588816037338,0.342976845901206,0.916220668292555
1589,0.651135881142704,39,0.873462175509888,0.698639337400965,0.53053666681133,0.334563014684264,0.916220668292555
1590,0.748088718170111,39,1.00473913232019,0.790350968165234,0.611928189702461,0.39210029264874,0.916220668292555
1591,0.460291803582847,38,0.636930306452423,0.495920509863628,0.359037100478088,0.228914717685562,0.915819718672108
1592,0.714310702495896,38,1.02602542381541,0.772483045856083,0.590033091141427,0.381156280717789,0.915819718672108
1593,0.660108708900268,38,0.948373189581646,0.708589504864695,0.511865716488701,0.328192168902007,0.915819718672108
1594,0.690674140543558,38,0.981992055616461,0.725238285333738,0.554410373412003,0.356812503601482,0.915819718672108
1595,0.722457403172681,38,1.03413567886457,0.774262267579509,0.56376112990549,0.359022697334737,0.913531160513022
1596,0.721093614715851,38,1.02226719648701,0.7850407049928,0.566778026880871,0.365136971314147,0.913531160513022
1597,0.763724967660003,38,1.07610226922197,0.83119331859035,0.612718904258975,0.395587797057078,0.913531160513022
1598,0.721632499218087,38,0.988778754094607,0.778950139443476,0.572386882284988,0.373315708508199,0.913531160513022
1599,0.805842361868122,38,1.10017442601303,0.870270923560876,0.631444600281763,0.409841637035232,0.913531160513022
1600,0.64479595762003,38,0.836847038202374,0.67388489947609,0.510441392709938,0.327785770769985,0.913531160513022
1601,0.827758251090578,37,1.12870692154829,0.900735185673844,0.642454146443065,0.417077443027797,0.908613425995443
1602,0.577873929074918,37,0.776612335281276,0.62246161008242,0.435599791234753,0.284919374177743,0.908613425995443
1603,0.742311556529471,36,0.982996586963105,0.814023143159836,0.555722030348114,0.359459611241102,0.902559057573579
1604,0.91842317088535,36,1.1971137688545,0.985304481924297,0.687784479159908,0.449064879313827,0.902559057573579
1605,0.642418680005957,36,0.81898929346224,0.671482416459067,0.466131115894835,0.302511005143413,0.902559057573579
1606,0.871815812336996,36,1.10965476225178,0.947809222112963,0.627543962708255,0.401985491712088,0.902559057573579
1607,0.739247898746604,36,0.900514817896068,0.794650621677802,0.558333969431396,0.360620527235841,0.902559057573579
1608,0.739043811359142,36,0.903246189891356,0.784331835843603,0.538871951453555,0.354058834769563,0.902559057573579
1609,0.81630104390016,36,0.971022969783876,0.865827238858181,0.566808534756075,0.366670291210497,0.902559057573579
1610,1.00338043517024,37,1.19613375912685,1.09535449740049,0.698889519035842,0.451806684908443,0.904602890248577
1611,0.891911136962617,37,1.05047784269471,0.943313527060288,0.634834818219465,0.409970849276748,0.902881494101177
1612,0.871347775708954,37,0.99374504696522,0.930967290087385,0.61408032267831,0.402577778097376,0.902881494101177
1613,0.843776255498489,37,0.95437574617558,0.895994148634136,0.62604850977343,0.405478049726881,0.902881494101177
1614,0.793505742366536,37,0.888551500611378,0.845768603895753,0.612294921283409,0.398071417393987,0.902881494101177
1615,0.768685414762634,37,0.837249165953548,0.804361810876906,0.579651331799767,0.372679165814765,0.902881494101177
1616,0.839845936157401,37,0.932083505408142,0.898213133428364,0.645211571635235,0.421077143120208,0.902881494101177
1617,0.849827488335753,37,0.934377997168254,0.915228546236768,0.630633562439212,0.399752930557974,0.902881494101177
1618,0.967197794865113,37,1.01589708694033,1.00065434401679,0.691978659396267,0.452227577161729,0.902881494101177
1619,0.940623369121063,37,0.984262308182528,0.968454832885874,0.665924443250409,0.430740957248386,0.902881494101177
1620,1.19049271887833,38,1.24601840051945,1.25695957793888,0.88929052708668,0.57778101706716,0.904202701580892
1621,1.10581611161811,38,1.10906585056596,1.14909923325821,0.8454468942076,0.545900430260264,0.904202701580892
1622,1.05863299164396,38,1.08602908071796,1.10931424573803,0.79545259138728,0.518152856231893,0.904202701580892
1623,0.935755463585777,38,0.919027828203567,0.971667442075074,0.716407155035256,0.467433738897236,0.904202701580892
1624,0.849388797456359,38,0.840237104924993,0.886847927269635,0.640584069826124,0.416038794672367,0.904202701580892
1625,1.02594068630531,38,1.01733907315394,1.07608037782245,0.744129998211344,0.489364493772294,0.904202701580892
1626,0.845795561435726,38,0.864902863019649,0.897928584852319,0.621377758651078,0.406605262943343,0.904202701580892
1627,0.985483722717014,38,0.995315762755433,1.02716164393571,0.69278210994369,0.453844771884879,0.904202701580892
1628,1.124831918762,39,1.16644782648361,1.21571799273744,0.796613830317776,0.507154143105098,0.905397306017453
1629,1.02810669970459,39,1.07416305281747,1.11888098177601,0.713320621828019,0.454557956312988,0.905397306017453
1630,0.998761881041877,39,1.05363282684555,1.09378382869533,0.717106499545169,0.466685731206271,0.905397306017453
1631,0.909756021946616,37,0.92405879788626,0.961136944839649,0.654016614933425,0.429053685245742,0.90107902937934
1632,0.908081988320951,37,0.943109918485903,0.962609212281658,0.659132034706537,0.423579420946347,0.90107902937934
1633,1.00259388758449,37,1.04590004506657,1.06461142932422,0.711854511345294,0.467783370775381,0.90107902937934
1634,0.760198656779747,37,0.792994670013319,0.799989223274134,0.555977009601874,0.358548038052759,0.90107902937934
1635,0.791060687575287,37,0.821066390499282,0.832509509318706,0.586454031079038,0.376661172211417,0.90107902937934
1636,0.926243374087977,37,1.03721614930393,0.990576894932985,0.656935377903402,0.431089606320962,0.90107902937934
1637,0.901494993591033,37,0.976108700283248,0.943729315622114,0.657349738129966,0.425583097238851,0.90107902937934
1638,0.908341521430469,38,0.983842082797478,0.949941520305655,0.682070560577546,0.452152164813219,0.903157319488408
1639,1.03461948502028,38,1.11613338435815,1.08173531014197,0.789325645070191,0.516010144734048,0.903157319488408
1640,0.866143073919023,38,0.956178191487927,0.934859881258192,0.622082102895848,0.419209898657478,0.903157319488408
1641,0.953536390685828,38,1.04338117887695,1.01704125346095,0.727805991841362,0.473326652525008,0.903157319488408
1642,0.903791784842624,38,1.02240334803433,0.982934955802681,0.634980562824322,0.427014968569508,0.903157319488408
1643,0.858342238576814,38,0.938048812954741,0.911574528223636,0.574708583100181,0.370439543287469,0.903157319488408
1644,0.83006042341107,38,0.931726342912171,0.897698582305402,0.522828088931809,0.354235875132911,0.903157319488408
1645,0.96328263037316,38,1.08557313114734,1.05730028828019,0.685878403776762,0.453127021369267,0.903157319488408
1646,0.865971674342767,38,0.966006279475737,0.956882909080922,0.596705657979519,0.387888879040529,0.903157319488408
1647,0.663106113472166,38,0.755402135548606,0.759953343972007,0.487285299158113,0.324343735661181,0.903157319488408
1648,0.969822216386201,38,1.08667608422428,1.09019692518817,0.673279033082601,0.455625783297752,0.903157319488408
1649,0.899766174593847,39,1.03316370857881,1.037899474297,0.697474752278657,0.44597600661316,0.906146360125316
1650,0.768035279807641,40,0.831759440289502,0.833678610539403,0.551310322703784,0.363839270935443,0.907689182818226
1651,0.897251563116451,39,0.971048955182279,0.996663320924368,0.702071212213789,0.451461109512964,0.905457349886679
1652,0.867115688232067,39,0.974826466374425,0.986293853986477,0.641781129915534,0.415852201065966,0.905457349886679
1653,1.08928286767051,39,1.18973490500914,1.22585195972384,0.852737449624099,0.548264057259366,0.905457349886679
1654,0.833144333169123,39,0.897028300337871,0.924247526638086,0.639248017739139,0.402678888734999,0.905457349886679
1655,0.915734320765175,39,0.981077837237749,1.03649991749422,0.70829202406979,0.456614463092774,0.905457349886679
1656,0.985208424013443,39,1.0800035104532,1.13679157151598,0.729491474925385,0.465984297480197,0.905457349886679
1657,1.03141037615839,39,1.14962814314762,1.18241010035733,0.736615041350932,0.481387449888516,0.905457349886679
1658,0.727568162807728,39,0.823511129364111,0.891043198557957,0.573742998059541,0.364781209946487,0.905457349886679
1659,0.759345875393392,40,0.832290736754812,0.92168496059129,0.545974268523444,0.358589963836315,0.905255623518061
1660,0.988436808672669,41,1.08067815284559,1.15053118292398,0.741136006439066,0.472161577663733,0.908379608928852
1661,0.89452300621549,39,0.967370846493821,0.989004131132662,0.617553102534864,0.399986201063875,0.907754839630239
1662,1.070511537111,39,1.1501971136164,1.18624772300192,0.819260403596516,0.525666002163275,0.907754839630239
1663,0.948065171202411,39,0.988017908706706,1.03221106692221,0.725948628133076,0.465314870549486,0.907754839630239
1664,0.925680025443169,39,1.00477946185461,1.0293286883041,0.749552499568012,0.478217804038387,0.907754839630239
1665,1.03791319739657,39,1.12686939016393,1.17237970543949,0.846994117374139,0.550726745434975,0.907754839630239
1666,0.986005099012416,40,1.0534261670147,1.04972630950765,0.778981363648855,0.527943546602453,0.911666328099412
1667,0.845326623305616,40,0.90469549226786,0.912642941783422,0.67443340591016,0.438668292852889,0.911666328099412
1668,0.907244479728242,40,0.987464181793232,0.979005955075523,0.732184771581666,0.482825570747904,0.911666328099412
1669,0.929609203313586,40,1.03803036241301,1.02940241527158,0.734573313745889,0.488030710756454,0.911666328099412
1670,0.679625702684625,41,0.742555749641848,0.72674918026627,0.544017363910322,0.364403285987534,0.916666827012387
1671,0.95029827770008,39,1.01211959114716,1.00612621305079,0.789345981646942,0.498917673627563,0.916600178990549
1672,0.78770692897876,39,0.852992400849895,0.852750214594767,0.662232875094324,0.432241114575917,0.916600178990549
1673,0.910827318569529,39,0.978400897744184,0.98092568484186,0.705650256980127,0.473672281847007,0.916600178990549
1674,0.915219174025212,40,0.978066247787596,0.977475139792643,0.739645417535487,0.487940209258304,0.921413888502232
1675,0.799065568802131,40,0.867392527356679,0.87904255656775,0.661349199876844,0.436333041630629,0.921413888502232
1676,0.905296963726802,40,0.968350127771928,0.982465021910786,0.744979297147402,0.480334248217239,0.921413888502232
1677,1.02597503066367,40,1.09128793623721,1.10635450673306,0.874608298254264,0.56185480431199,0.921413888502232
1678,1.11506673900212,41,1.2056914784087,1.21332996476948,0.918464765930622,0.609909018897023,0.923073217350687
1679,0.864719762850624,41,0.898879906628279,0.940761891036313,0.752373437726413,0.483637941748078,0.923073217350687
1680,1.03613437368851,41,1.08673983359217,1.13221447738679,0.90315080586474,0.590027657653274,0.923073217350687
1681,1.03097087319729,40,1.08803916142552,1.1292075065434,0.883910818125626,0.586007690111809,0.922816384205185
1682,1.12696772251496,40,1.19492299337914,1.24920316194171,0.984498772372644,0.646677025493067,0.922816384205185
1683,0.852695488872132,40,0.925730440436311,0.956727785254344,0.780388909985199,0.505675574048599,0.922816384205185
1684,1.06503451379162,40,1.12878290829757,1.18764237207971,0.935944906938573,0.614527290387857,0.922816384205185
1685,0.574078055391671,40,0.611074943956832,0.623302502791597,0.505538054866996,0.327598649382315,0.922816384205185
1686,1.13297463378131,40,1.19280692342087,1.20192948602774,1.00084119439828,0.656962102470771,0.922816384205185
1687,0.849051135485065,40,0.886963238471963,0.929150062794751,0.770309035507224,0.50862182441751,0.922816384205185
1688,0.858702150061428,40,0.89188478155289,0.939602424360258,0.765817017853039,0.501183656946932,0.922816384205185
1689,0.673164722434641,40,0.69394867305882,0.695113810436691,0.604511979123431,0.390086993878552,0.922816384205185
1690,0.915463196903571,40,0.938122026600253,0.949380344771615,0.792666466182826,0.52388060060738,0.922816384205185
1691,0.967489637206379,38,0.997517198742997,1.0164218600222,0.871300360724556,0.571896982258405,0.924632209590865
1692,1.13747551680584,39,1.14620294791908,1.24493390978589,1.02955940765379,0.673103663370523,0.926223787097343
1693,1.1285707711656,39,1.1532783751811,1.21943933899755,1.01056230593379,0.672836784559366,0.926223787097343
1694,1.27563852704712,39,1.299956791809,1.35605490795363,1.12837551122762,0.745565419622118,0.926223787097343
1695,1.14488741704514,39,1.16169374253488,1.21220011492385,1.0527963668349,0.696865006987404,0.926223787097343
1696,0.969389348588064,39,1.01064024616783,1.03842442485632,0.879872700782575,0.565965726241001,0.926223787097343
1697,1.03521094166273,39,1.11071158331014,1.1276716834083,0.94396760685523,0.610138927776431,0.926223787097343
1698,0.953825416875448,39,1.0143037914439,0.995989284851519,0.859091329417608,0.557507031244097,0.926223787097343
1699,0.686804900215912,39,0.760370499896949,0.750367460227052,0.612534320763988,0.398775580863824,0.926223787097343
1700,0.934588840654112,39,1.01809561459929,0.995606034887009,0.784103091820418,0.518602424092733,0.926223787097343
1701,0.54456437881108,38,0.599943831912076,0.564210660430077,0.513186672198384,0.330260443469121,0.927668566728436
1702,1.08679529312822,38,1.21671397489593,1.13269278614311,0.976919781974363,0.642830447944156,0.927668566728436
1703,0.726279136040824,37,0.828772263300554,0.747673820393174,0.708895083505255,0.454125913135927,0.927849503695725
1704,0.745413897950613,37,0.835708290406725,0.757848600616809,0.693294545310006,0.447699155420368,0.927849503695725
1705,0.745211478417485,37,0.855049945673673,0.767073260751959,0.719711714968872,0.466352478239596,0.927849503695725
1706,0.817540657978025,37,0.927539986277515,0.824601789663107,0.75168760229404,0.494343839094691,0.927849503695725
1707,0.890465963224316,37,1.00859554424727,0.899764843496389,0.818695035891509,0.529955323309237,0.927849503695725
1708,0.957384527690284,37,1.10211381391151,0.995615582130125,0.889007902306488,0.594081263406092,0.927849503695725
1709,1.03047822601605,37,1.12757057302904,1.03185610431443,0.926764398106405,0.622362422722375,0.927849503695725
1710,0.884013067255708,37,1.00498011678006,0.903640901530901,0.79987035655353,0.531293677734855,0.927849503695725
1711,0.947453929735203,36,1.08770777288415,0.997768856878366,0.907068819745964,0.596027818022829,0.926018413462491
1712,1.0133182624163,36,1.07260949641555,1.02594717799542,0.905524472597625,0.596330561854411,0.926018413462491
1713,1.00258898141769,36,1.08425487402071,0.992307726778539,0.90445857474866,0.591816504766558,0.926018413462491
1714,0.790281384444672,36,0.854963614513665,0.76979230985202,0.735578616723809,0.477471625778261,0.926018413462491
1715,1.04465364641027,36,1.12322581967488,1.07426480977774,0.976904072859337,0.641180654649967,0.926018413462491
1716,0.818814779882547,36,0.95003357093773,0.887598736987849,0.792141297237288,0.508504596616644,0.926018413462491
1717,0.834619253377416,36,0.89362505438371,0.851386312405962,0.783494874761621,0.508712005413177,0.926018413462491
1718,1.03167736594291,36,1.10844494960695,1.0625206553427,0.960304593620565,0.629789092562777,0.926018413462491
1719,0.963572701779248,36,0.979198817349549,0.976983902140259,0.895707088703862,0.587985052765529,0.926018413462491
1720,0.957509828307554,36,0.940961646992857,0.940659767698641,0.877590455384203,0.575078273900506,0.926018413462491
1721,0.708143348643312,35,0.74278874241521,0.702349258837205,0.697047414079588,0.454602075348214,0.925249594758779
1722,0.776469937386403,35,0.76674466409914,0.775268019961175,0.72463971994739,0.471917232573412,0.925249594758779
1723,0.870877156007774,35,0.856626325200049,0.87485783259729,0.816735452777038,0.54081010107706,0.925249594758779
1724,1.13719334954802,35,1.09961640618823,1.17947036818927,1.09997596046977,0.720643989811046,0.925249594758779
1725,1.1313888479939,35,1.04928065646218,1.14214163268267,1.04852479317024,0.70060757108185,0.925249594758779
1726,1.08793087365927,35,0.987070390396043,1.08286200750559,1.00017542325512,0.664286142196869,0.925249594758779
1727,1.28776509243048,35,1.1578261204972,1.28880707416902,1.19190920167947,0.798327716371747,0.925249594758779
1728,0.994866114140162,35,0.854284038129313,0.979444370187936,0.903724885271737,0.619395117828257,0.925249594758779
1729,1.28023399551719,35,1.12416003426057,1.29150896832176,1.19479576841333,0.809691862719261,0.925249594758779
1730,1.45009722371919,35,1.20467776859651,1.39118531684554,1.34784399640674,0.907705932931194,0.925249594758779
1731,1.17806076841581,35,1.00488991417025,1.15819772258779,1.16725231213265,0.763792226603593,0.924696902590644
1732,0.812312482417879,35,0.680299607203868,0.805800108859711,0.805089812397454,0.521543306867313,0.924696902590644
1733,1.41104901217591,35,1.2540843392454,1.4336548668379,1.31473040295276,0.874936761435362,0.924696902590644
1734,1.26423496617154,35,1.10724721589482,1.29823200718221,1.21899362002427,0.813912714740646,0.924696902590644
1735,1.60099478114669,35,1.37559101633362,1.57207361504468,1.54673674190211,1.04586387569939,0.924696902590644
1736,1.0194227546566,35,0.89817830934522,1.03148160507928,0.957249824837363,0.644444125527952,0.924696902590644
1737,1.50412579674524,35,1.29132604014072,1.47861032449866,1.42125435478989,0.953217658562631,0.924696902590644
1738,1.047983146181,35,0.918632989684668,1.01764011087189,1.00510612786089,0.660541920182452,0.924696902590644
1739,0.956410065096545,35,0.888828932258392,0.966704903650406,0.923430667987881,0.587942478516393,0.924696902590644
1740,0.746416992832182,36,0.685926941986765,0.740066348999857,0.734475730561348,0.485774137699031,0.927371524225478
1741,0.994603740277057,36,0.939274548824411,0.965659562424565,0.907186159502573,0.573227283690266,0.927371524225478
1742,0.933355602016168,36,0.88425539477818,0.914351708415141,0.843941940360224,0.528678170636235,0.927371524225478
1743,1.03603047895308,36,1.01375597447469,1.01783590082141,1.00489987866147,0.628782650878579,0.927371524225478
1744,0.860477913163075,37,0.826645920699241,0.840568283238863,0.850227524700566,0.551961813338559,0.927277892245533
1745,0.850477724882076,37,0.840344245948955,0.822378762515709,0.857114312504996,0.559375265148243,0.927277892245533
1746,0.943605645779813,37,0.927483493661823,0.933123910512189,0.929126145136756,0.613202148519191,0.927277892245533
1747,1.07324189262694,37,1.05860734312995,1.05142333690242,1.09959335434528,0.727583724001026,0.927277892245533
1748,1.07895879427822,37,1.08014224334753,1.05815198995901,1.11664527352068,0.746122545994991,0.927277892245533
1749,1.10985537854092,37,1.09490447864028,1.07964106407314,1.15080280641504,0.756220098034155,0.927277892245533
1750,1.17724390903104,37,1.16869967925296,1.14009349004933,1.176720468114,0.783090150957869,0.927277892245533
1751,1.03313811674657,37,1.02084201778215,1.00554219275437,1.09254929389301,0.720872106801558,0.932112093071622
1752,0.823927156578163,37,0.838189040649002,0.80511876466584,0.898773629942956,0.581939788828261,0.932112093071622
1753,1.12572700274581,37,1.12027282923174,1.09287495078453,1.1856798187957,0.769654487199027,0.932112093071622
1754,0.987321682474485,38,0.998832008319084,0.94588943233631,1.07265044282241,0.710339998643208,0.936036145960608
1755,0.791535685676314,38,0.788148540921766,0.730368868672985,0.906286223819913,0.586221134209145,0.936036145960608
1756,0.952596147891502,38,0.926353040589339,0.883686242275278,1.03482666332266,0.679144844959627,0.936036145960608
1757,1.01287619239714,38,0.989572082693661,0.952012077797177,1.07377741191273,0.696361900027713,0.936036145960608
1758,1.07695634611775,39,1.06768993932755,1.01638212346121,1.16119201329935,0.764944235346979,0.938732555581648
1759,1.13950396247901,40,1.16668767270619,1.09491785656207,1.26363122746042,0.824701006762726,0.940075791880731
1760,1.20275648571221,43,1.23852734783605,1.17067517549624,1.33733754309026,0.875526890948629,0.946783659273904
1761,1.2675085911996,43,1.29589053096179,1.22627969544463,1.37627472991197,0.886151697483191,0.946783659273904
1762,0.910285297111774,44,0.919376866826369,0.886941185504597,1.03351272028508,0.669318390537248,0.948530538883534
1763,0.700282040215976,44,0.699265243327745,0.682183277806408,0.755132342356861,0.473641626016418,0.948530538883534
1764,0.813429996946209,44,0.821939260587055,0.795071761157233,0.876806766684296,0.563107884924158,0.948530538883534
1765,0.669797516178545,44,0.656785664616647,0.651494999736073,0.776259559052412,0.493766425245275,0.948530538883534
1766,0.94729939194007,44,0.934633459016518,0.921302227642445,1.0412966917888,0.673153357172394,0.948530538883534
1767,1.06892043421357,44,1.00703226219489,1.04278432714583,1.20270529039043,0.798256954367007,0.948530538883534
1768,1.02925206402593,44,0.976429583943485,0.99115660655789,1.17147409440806,0.760934456603844,0.948530538883534
1769,0.797324212374529,45,0.734488677185519,0.771291659784924,0.870317770920386,0.55822087828513,0.949929405429489
1770,0.994569496362948,45,0.896863667444879,0.946951601174068,1.09589893216018,0.707998187108188,0.949929405429489
1771,0.863292099892017,45,0.762349761997807,0.815438820244848,0.993050881516976,0.629057430691353,0.949929405429489
1772,1.56557587839998,45,1.39942358085931,1.50350687306958,1.67824742056875,1.08899146244576,0.949929405429489
1773,1.22735373590576,45,1.0691826500912,1.17877723047222,1.30797239371247,0.854975767793479,0.949929405429489
1774,1.31238444309175,45,1.13031612790413,1.26456363104228,1.45828371810496,0.963307176330024,0.949929405429489
1775,1.44687390180619,45,1.23526438424991,1.41215632397607,1.55935615788179,1.06954003215877,0.949929405429489
1776,1.45178409719427,45,1.2414899344475,1.40759331670882,1.58506330074186,1.06458918305877,0.949929405429489
1777,1.48471125540109,45,1.26156414277963,1.44160327408419,1.64618302089458,1.10330766186997,0.949929405429489
1778,1.09742079016457,45,0.932302779986375,1.0537291834844,1.22668306861601,0.810664096111104,0.949929405429489
1779,1.21435779024411,45,1.06814887919722,1.1709122562957,1.32969912158674,0.876503167573221,0.949929405429489
1780,1.11906889322765,46,1.00407520477473,1.0989175133373,1.22425196142521,0.824011572219109,0.950625647362581
1781,1.0776987243911,44,0.96907068110719,1.04496335459292,1.19785881068549,0.785389879249656,0.949558225171838
1782,0.764622905561936,44,0.697367308606063,0.739433181829946,0.869318490996038,0.56982949695897,0.949558225171838
1783,0.952577951558231,44,0.883703471398052,0.903699149364562,1.06125239883173,0.699564741603908,0.949558225171838
1784,1.04397936874221,44,0.985008867624957,1.00254076526407,1.15332170042715,0.758367994706178,0.949558225171838
1785,0.72842560734711,44,0.680891368062989,0.688570560146511,0.837976350708967,0.548745767550627,0.949558225171838
1786,1.17376321580243,44,1.14283064455013,1.11852163154058,1.27921241194703,0.860195252284372,0.949558225171838
1787,1.00900401339442,44,0.99672038682515,0.976519543244513,1.12410348747918,0.752409981156288,0.949558225171838
1788,0.917488269549044,44,0.890127122296739,0.882705210303823,1.00790262924423,0.672633393979531,0.949558225171838
1789,0.807224691602575,44,0.800175286291074,0.775609011592377,0.90438961688636,0.602542881966574,0.949558225171838
1790,0.889850970391764,44,0.881224834539054,0.859357576727355,1.01785051736561,0.685182490846818,0.949558225171838
1791,1.31174189275107,43,1.25244360583818,1.2440917345633,1.44699581474192,0.987726049867449,0.947303496161056
1792,1.07543117340902,43,1.01482483581975,1.02264157921123,1.21182359260935,0.824974901567601,0.947303496161056
1793,0.996307092653748,43,0.969798898560167,0.96339352865694,1.11452522492309,0.744990513439894,0.947303496161056
1794,0.973175605523693,43,0.982708365628879,0.946116741880741,1.07607851221779,0.74356319525425,0.947303496161056
1795,1.03668895952346,43,1.02153864434708,1.02272365368869,1.13759747113241,0.793556158228463,0.947303496161056
1796,1.13418180013138,43,1.07496079211501,1.09056127616113,1.21026595207681,0.827527552616107,0.947303496161056
1797,0.929484673588457,43,0.889156047640773,0.908099317652158,1.04365494274705,0.705691100755697,0.947303496161056
1798,1.22512600239549,43,1.16600631398172,1.21533998588179,1.34137781440927,0.925548817527825,0.947303496161056
1799,0.930208445904335,43,0.865849927828168,0.899528225827895,1.02086982137295,0.687424622663498,0.947303496161056
1800,1.23532999563801,43,1.1287078079173,1.17890115081928,1.35199075263541,0.919085966297934,0.947303496161056
1801,1.04958242104728,43,0.961551035450204,1.00963440346211,1.1488447719691,0.786854056332578,0.947303496161056
1802,0.955001171855023,43,0.86654495603319,0.928059377344587,1.05977123964616,0.71604752533497,0.947303496161056
1803,0.988504754251737,43,0.911972127408433,0.958694226427135,1.07109974820907,0.735424171966255,0.947303496161056
1804,1.21507780530311,43,1.10047605401655,1.19301533753037,1.29414676393341,0.903283736112456,0.947303496161056
1805,0.798821110165058,43,0.753153693275233,0.803571790255067,0.853108102064314,0.59733665017191,0.947303496161056
1806,1.13960110932651,43,1.04276146632834,1.12633972519151,1.21531710949271,0.84083964955019,0.947303496161056
1807,1.25777010831555,43,1.16222810254976,1.24975819608296,1.33061889085458,0.91216885580616,0.947303496161056
1808,1.20442414226176,43,1.10256802945926,1.21302417460906,1.24153572377797,0.846651411159783,0.947303496161056
1809,1.24465785073219,43,1.14825098688131,1.23474397107817,1.31029295838961,0.906982042504571,0.947303496161056
1810,1.06795228595035,43,0.988806909246073,1.07289653824892,1.15301039411254,0.793893479459135,0.947303496161056
1811,0.973711113142728,41,0.909362604538013,0.975474261060119,1.0865116556564,0.722917755365085,0.947461015747989
1812,0.881458469534803,41,0.852734931327011,0.881208405502408,0.987968861389344,0.665398277568733,0.947461015747989
1813,1.21535960970219,40,1.16354339965705,1.22987135889934,1.3271507987421,0.899184917700103,0.945908615046392
1814,0.906556136645,41,0.876301995538314,0.912053085009945,1.03055276076603,0.697407718421534,0.945095536827281
1815,1.05102404469958,41,1.03564888835228,1.05278669711818,1.18003707746552,0.794344745217287,0.945095536827281
1816,1.04856497070682,41,1.04192476176355,1.06173049740336,1.15201322150151,0.77351208211666,0.945095536827281
1817,0.953595899709399,41,0.955749553792577,0.959672004140678,1.06203161676745,0.711765888145111,0.945095536827281
1818,1.07490815534261,40,1.07897518326359,1.0846755275387,1.20118868945194,0.805634546745568,0.944420141268302
1819,1.00491666358832,40,1.01015475933533,1.01086070260558,1.09157346231212,0.732936978325165,0.944420141268302
1820,0.909177602258285,42,0.9425194456839,0.935063993890081,0.995171865370521,0.662675682356501,0.944315632761371
1821,0.792793064277123,42,0.826857660554534,0.819183824819781,0.906848608713638,0.595655428022794,0.944315632761371
1822,0.871338055319914,42,0.955604255331019,0.911253111181299,0.97416803006399,0.637268159800108,0.944315632761371
1823,0.875592463868607,42,0.923878091999766,0.912933772345735,0.952136443181387,0.629801710958761,0.944315632761371
1824,0.816948169754398,42,0.889577411717686,0.857100708241156,0.902991925340585,0.597031267578411,0.944315632761371
1825,0.881306573280475,42,0.921444464549922,0.915230359599142,0.951827547301571,0.635964384026449,0.944315632761371
1826,0.88793486085269,42,0.938784543219926,0.915395604102429,0.965736153111103,0.641963841757124,0.944315632761371
1827,0.58395730034925,42,0.671034764143899,0.626364257194324,0.664467217253203,0.427827496522583,0.944315632761371
1828,1.51650718998222,41,1.63174633372448,1.5359364206707,1.6398397211529,1.12190924800874,0.943309196205542
1829,1.02108800616136,41,1.14267270149366,1.07370573492481,1.16465044208425,0.784331559902376,0.943309196205542
1830,0.81388294425294,41,0.910582808939165,0.851515674267932,0.938522714462789,0.621201531232412,0.943309196205542
1831,0.934903149073552,41,1.02820992707431,0.970587667942577,1.06615207251004,0.700256660258547,0.943309196205542
1832,0.793316056265372,41,0.877592702605346,0.819736597779228,0.930406421699736,0.608378553160937,0.943309196205542
1833,0.866283897761272,42,0.99605765431766,0.906459678749186,0.979431653983694,0.642422248957553,0.943030266198916
1834,1.04458164581,42,1.21431868408553,1.08862335130284,1.18822216062067,0.784352596536535,0.943030266198916
1835,0.846098554759151,42,0.989674262319459,0.873393196939341,0.966310210267562,0.63628973387841,0.943030266198916
1836,1.02776455389527,42,1.18795787933342,1.06004649162336,1.16002513423701,0.773895986405188,0.943030266198916
1837,0.786936106046524,42,0.945016295306907,0.821965609506116,0.917505863602979,0.595201626684562,0.942820180677239
1838,0.64067974755119,42,0.794971076070866,0.673056434003436,0.731153291118105,0.482973002439147,0.942820180677239
1839,0.865774136657328,42,1.05141445540839,0.889728938423721,0.988947139167074,0.64830110271517,0.942820180677239
1840,0.878948221918556,42,1.08959236164125,0.930357557474393,1.0314875590776,0.681240304756364,0.942820180677239
1841,0.705391726337238,42,0.89105583858691,0.746077168870428,0.832842196202551,0.538288216062481,0.942820180677239
1842,0.736441500285323,42,0.926843899132781,0.76380449641355,0.876725103414485,0.575244623170999,0.942820180677239
1843,0.921850611314441,42,1.15402306220735,0.955604989798076,1.05823371464514,0.702722153409262,0.942820180677239
1844,0.851667645829283,42,1.05841067450827,0.885252556189922,0.981512694382465,0.646862620550771,0.942820180677239
1845,0.629342334749909,43,0.828409156568525,0.654887341584662,0.755554185453232,0.484169169274381,0.94150183901038
1846,0.847618709793858,43,1.07401182013291,0.876586070001818,0.910110108864335,0.61436290440662,0.94150183901038
1847,0.759601230438654,43,0.969240686406405,0.791540977162698,0.911609464533083,0.599825329495843,0.94150183901038
1848,0.813949189371188,43,1.02146045217356,0.842027584347238,0.899393973693921,0.583553955247182,0.94150183901038
1849,0.627220233314367,43,0.786741990561484,0.654843013593716,0.734800227741868,0.4754384446931,0.94150183901038
1850,0.661237394891451,43,0.83465584140668,0.686793089961348,0.789391113931816,0.515565867276017,0.94150183901038
1851,0.707197754311574,42,0.855066354863021,0.724513911616295,0.862619416719177,0.560813897109015,0.939405251186171
1852,0.706424474446996,42,0.845027887864696,0.744849469328158,0.812512263427215,0.518684967035061,0.939405251186171
1853,0.861459414166501,42,0.997443968327754,0.887557719990906,1.04495486957381,0.694357435243882,0.939405251186171
1854,0.881259834180446,42,0.9993229834513,0.901632444039059,1.03978158445896,0.689756528664935,0.939405251186171
1855,0.977908651292667,42,1.07913730012343,1.0075265766812,1.13077194437751,0.752037115872807,0.939405251186171
1856,1.00714722802979,42,1.09624317746512,1.04025175560955,1.18869906447566,0.795255039730651,0.939405251186171
1857,1.10306366986066,43,1.17876047444969,1.13522514220678,1.28065632764878,0.854926926698464,0.941097386731035
1858,1.03514362055939,43,1.08959136573518,1.0657163061858,1.18553558216809,0.794062899450183,0.941097386731035
1859,0.887016575258678,44,0.954610584394151,0.958635288597701,1.09364796749675,0.730943140396572,0.942239484058158
1860,0.951456845658369,44,0.964880997966311,0.981947047486649,1.11555763613772,0.721524740997581,0.942239484058158
1861,1.04499314770628,45,1.0781598206281,1.07107979714019,1.283984550466,0.853904783484096,0.943599244604132
1862,0.904679361182598,45,0.916444436423146,0.946104447062559,1.12471010312376,0.701586834928565,0.943599244604132
1863,1.00132344730322,45,0.974355074615125,1.03129364669005,1.2331423573359,0.81678089346044,0.943599244604132
1864,0.628072824813653,45,0.609653157287003,0.654146718543891,0.780475503873456,0.493358898668374,0.943599244604132
1865,1.22070611423662,45,1.17391487366104,1.25924343637701,1.47010620256682,0.997205454758969,0.943599244604132
1866,1.07814346853343,45,1.02785320858676,1.11337498618588,1.24694326544588,0.888320848355647,0.943599244604132
1867,1.09666285194193,45,1.02311416757133,1.12903791187306,1.27695188839942,0.865436329351393,0.943599244604132
1868,1.05014441726724,45,0.969001215825003,1.06007028086734,1.29781211420205,0.867734521593749,0.943599244604132
1869,1.21548843386869,45,1.11912999866278,1.23253541726923,1.45191134536661,0.986719508292488,0.943599244604132
1870,1.21456387352471,45,1.12055664258718,1.22315458722927,1.48573618647526,1.00280838659829,0.943599244604132
1871,1.37120135705331,44,1.25530785642827,1.36973970002512,1.64874219033562,1.10840808071604,0.943845984123482
1872,1.12090173347781,44,1.03154062399151,1.12937965614388,1.35580460758843,0.89806919890167,0.943845984123482
1873,0.974000807596663,44,0.900578382110973,0.980119331318434,1.19568156322243,0.786627850219743,0.943845984123482
1874,0.931175155241442,44,0.872221399002939,0.933015766711716,1.14294200850924,0.7671220253341,0.943845984123482
1875,1.1109448137671,44,1.03509336579259,1.10542028626003,1.34326259777843,0.903729772896783,0.943845984123482
1876,0.905424006096652,44,0.868221314198121,0.88293793494929,1.1237156909691,0.753942444263457,0.943845984123482
1877,0.965270551088355,44,0.940377614696744,0.942139165200884,1.19571524129988,0.797268336225431,0.943845984123482
1878,0.944067340286829,44,0.953624935907457,0.945993830870565,1.15065936959629,0.771874393044135,0.943845984123482
1879,1.0832632041853,44,1.08040460137775,1.06407651169414,1.33339973204496,0.902566388749106,0.943845984123482
1880,0.986792403303986,44,0.987215313315518,0.979045136750123,1.21466304896562,0.826409443401363,0.943845984123482
1881,0.744727146319237,44,0.723643806775681,0.723243937354825,0.924371703827516,0.611561061400728,0.943845984123482
1882,1.22195901414294,44,1.23529851288211,1.22958457545179,1.47768905728622,0.998620264026469,0.943845984123482
1883,0.69638856039683,44,0.699105298485436,0.689327637672958,0.845923607416101,0.56917189976943,0.943845984123482
1884,1.04600562805646,44,1.07964643200197,1.054558167088,1.26649639639166,0.842864616457712,0.943845984123482
1885,0.924788508368303,44,0.974361315421581,0.922250228791892,1.14994199754331,0.780879091076478,0.943845984123482
1886,1.12940767029996,44,1.15408734007081,1.10456735696676,1.27822838326584,0.895085440094435,0.943845984123482
1887,0.796062642904403,44,0.85313899087951,0.778089918450031,0.988974739722737,0.661946915425843,0.943845984123482
1888,1.19050815083054,44,1.26597630964154,1.16205020246981,1.43425621955372,0.972304865276272,0.943845984123482
1889,1.22074421556485,44,1.31645913159576,1.21513698686304,1.45092698398265,0.977578018751892,0.943845984123482
1890,0.668096916699573,44,0.723313682566181,0.652437320845606,0.806176868240397,0.528858396480219,0.943845984123482
1891,1.029110865037,44,1.10936231661997,1.01552856700631,1.23739929218729,0.840313335715813,0.943845984123482
1892,0.521635925839488,44,0.564351560165555,0.502761034751144,0.655981623535424,0.437263108886857,0.943845984123482
1893,0.828150543581263,44,0.89166316152028,0.826757513742054,0.985089067979556,0.667723623512567,0.943845984123482
1894,0.848290501241285,44,0.926600547596527,0.828864169046584,1.01808111512106,0.687174659833387,0.943845984123482
1895,0.99453598115812,44,1.07959568000176,0.963822870741928,1.1918718923246,0.8023072899241,0.943845984123482
1896,1.03469408576599,44,1.15369884100371,1.02128003224776,1.21218290313728,0.831923529483784,0.943845984123482
1897,0.991167692445258,44,1.08612849114551,0.977807115450922,1.18148443496049,0.806885296970872,0.943845984123482
1898,0.839203579950518,44,0.904759941088781,0.814011890727168,1.01138646292677,0.674926486721451,0.943845984123482
1899,1.03441341091865,44,1.11159148049573,1.01546347650929,1.20806072872775,0.837119774928893,0.943845984123482
1900,0.841214781815294,44,0.916557091167886,0.822476906647933,1.00162963249216,0.699624415170099,0.943845984123482
1901,0.848958857988296,44,0.922250986877963,0.845033937282583,1.0272109701434,0.703948059886598,0.943845984123482
1902,0.838992436183261,44,0.915076855650974,0.828886983805675,1.01409257675977,0.696369764636489,0.943845984123482
1903,0.884192206103592,44,0.926808208749147,0.877581031083579,1.04517813317081,0.710983254502585,0.943845984123482
1904,0.968593811708599,44,1.01756734771447,0.951398668905631,1.17450770399288,0.815263041034995,0.943845984123482
1905,0.908108996986543,44,0.950077979044175,0.906135386987868,1.06492289981473,0.752543827576218,0.943845984123482
1906,1.1282646257691,44,1.15395365712438,1.12763073629925,1.26681017249184,0.893754083458203,0.943845984123482
1907,1.06613010468313,44,1.07086896205131,1.05734981574665,1.212920106018,0.849528491377715,0.943845984123482
1908,0.960070626799391,44,0.95966388959811,0.942186015001229,1.10459177672975,0.786275833890297,0.943845984123482
1909,1.20119969692942,44,1.19373472914979,1.16505635322607,1.41630962114173,0.948440182618703,0.943845984123482
1910,1.22620440027932,44,1.22060192613123,1.21160497388475,1.4181108712517,0.997287263533601,0.943845984123482
1911,0.881574034345612,43,0.876918285695822,0.870095332717687,1.06324115013191,0.720505448479349,0.941535876162986
1912,0.712616785856598,43,0.693567716518857,0.678256560073242,0.845504738731812,0.582301588241227,0.941535876162986
1913,0.950492036695119,43,0.929514291011516,0.907567438352201,1.13768159089091,0.790267333863804,0.941535876162986
1914,0.997857563946136,43,0.976075193857386,0.98468636061303,1.1944529314151,0.83596656676818,0.941535876162986
1915,1.00452828697865,43,0.96498706417623,0.953423667092196,1.1800186681148,0.811163963926179,0.941535876162986
1916,1.15461892550185,43,1.06199571986231,1.10705648638356,1.39588666110648,0.974714039530885,0.941535876162986
1917,1.03769220847486,43,0.970943723480058,1.00144478253193,1.25060099876429,0.869508954752994,0.941535876162986
1918,1.00120644237066,43,0.926848715906055,0.994544050096936,1.19991081743854,0.824534800081494,0.941535876162986
1919,1.07626131173446,43,0.97799279015822,1.06647155406828,1.27832612056728,0.896844118477476,0.941535876162986
1920,0.934675784687279,43,0.836291884016821,0.929156051339956,1.08118553293922,0.788788451337761,0.941535876162986
1921,0.997850073227545,43,0.879322044993332,0.965521109697862,1.18620559619023,0.841938789711208,0.941535876162986
1922,1.11982760031956,43,0.957778501890099,1.09852203470131,1.30639897085163,0.921109621595473,0.941535876162986
1923,1.42464711145068,43,1.21257145328881,1.43013159100284,1.70717533089525,1.20792421259573,0.941535876162986
1924,1.22959755566147,43,1.03238958278379,1.22538147753359,1.43105475659032,1.01546503133643,0.941535876162986
1925,1.1314784176735,43,0.951444477847372,1.14982791158738,1.31449872250419,0.937877898297338,0.941535876162986
1926,1.35859430325942,43,1.12929668583146,1.3884454822873,1.55700505600732,1.10767307296194,0.941535876162986
1927,1.38576763428518,43,1.12309172606198,1.41574131874495,1.55269947737434,1.12605294344026,0.941535876162986
1928,1.47115424622257,43,1.1782975173359,1.44951218376733,1.7079023591568,1.20595036426521,0.941535876162986
1929,1.13290787196234,43,0.918222743891991,1.12059308838513,1.33375560052778,0.929207036350296,0.941535876162986
1930,1.24632443037912,43,1.0294433427969,1.2656014361396,1.46849422114867,1.03004678871345,0.941535876162986
1931,1.04861982188068,43,0.864262352733005,1.00545609716979,1.2519623598713,0.878680150182663,0.941535876162986
1932,1.08490181931325,43,0.884671072302039,1.059224716358,1.29195713454925,0.916022611934319,0.941535876162986
1933,1.23702476739031,43,1.03864957952561,1.22709283823776,1.47862043134182,1.0618104859586,0.941535876162986
1934,1.23629454504444,43,1.04512441582288,1.24087777560098,1.45896805633619,1.03810299642512,0.941535876162986
1935,1.48244185661544,43,1.25228373994921,1.4651298406356,1.72663572876318,1.23951541031203,0.941535876162986
1936,1.18524436373362,43,1.04876705748285,1.20563018821531,1.43301646985117,1.01222873608075,0.941535876162986
1937,1.28362679569743,43,1.12265138823631,1.30162496744414,1.49029061979743,1.06059558247998,0.941535876162986
1938,1.11100760586963,43,0.987256356027075,1.12008281782308,1.31461530794463,0.928034273514882,0.941535876162986
1939,0.899039447555614,43,0.823925887627838,0.923307910059295,1.060967772499,0.755204474744368,0.941535876162986
1940,0.818211414768213,43,0.754525801612418,0.845240678597751,0.952885696151713,0.669231601049407,0.941535876162986
1941,1.08450537123965,43,1.04359890964229,1.10822080394201,1.2582705739341,0.87619739506896,0.941535876162986
1942,0.892334083568322,43,0.859256877306434,0.895582507806136,1.07136065051542,0.75279176787951,0.941535876162986
1943,0.861376088868736,43,0.829557768589744,0.863677825313982,0.952272555844317,0.703544871184169,0.941535876162986
1944,0.948600970439345,43,0.900500277779553,0.946274713114689,1.07892047765358,0.785079313135119,0.941535876162986
1945,1.09743314037107,43,1.09001516315009,1.12814928849231,1.23961838567229,0.879193780708926,0.941535876162986
1946,1.01283326602024,43,0.991714667374439,1.01608987086584,1.15459207109315,0.807500614105177,0.941535876162986
1947,0.962788775087399,43,0.944952417323397,0.986778628442839,1.10292442705528,0.766225723788696,0.941535876162986
1948,1.1891124543792,43,1.17215015637414,1.22871645569059,1.35744310937755,0.967618170206545,0.941535876162986
1949,0.873425259666941,43,0.838199742655854,0.882856787433095,1.01944033101677,0.705367121517728,0.941535876162986
1950,1.12588759005929,43,1.10777012338656,1.17325216663744,1.30525250132874,0.925306855070867,0.941535876162986
1951,0.942912292268992,42,0.919981138253613,0.966435411609963,1.11342985513499,0.778461130925413,0.939436189856452
1952,1.03768162806197,42,1.02222353146133,1.07292398200917,1.22515950012123,0.863060362581899,0.939436189856452
1953,0.980025157894994,42,0.957483003123656,1.02312140421347,1.15027351847427,0.811695507539147,0.939436189856452
1954,1.13732059936079,42,1.14259986705212,1.20955146576672,1.31270092851252,0.942248549024336,0.939436189856452
1955,0.955631713097633,42,0.934790382523295,0.978286744032892,1.11241647138413,0.782751187010365,0.939436189856452
1956,0.998092270582406,42,1.00884712063061,1.05413812553136,1.14804976222261,0.799776837766083,0.939436189856452
1957,0.904535861197296,42,0.893314974463256,0.941303118579119,1.04047361861483,0.7316460182434,0.939436189856452
1958,1.09082826026061,42,1.10980471309237,1.16929807312109,1.30897227756949,0.919694475439256,0.939436189856452
1959,0.940596373856128,42,0.955907787599044,0.994120452773191,1.06417058299936,0.765720139250816,0.939436189856452
1960,1.09306354312009,41,1.12974697148841,1.15537573716644,1.26578456149959,0.897608953633696,0.936773548792105
1961,1.09269439908007,40,1.10964870001244,1.13493793749563,1.28447056902536,0.903971029165757,0.933926989023904
1962,0.811120793856663,40,0.841276007650993,0.859071965736394,0.975687213012273,0.679595371810602,0.933926989023904
1963,0.861105042062111,40,0.910616565047097,0.922018477040732,1.01855437351173,0.708794966219073,0.933926989023904
1964,0.833460238908215,40,0.879487539252711,0.913187568459355,1.00641275077265,0.697662831275163,0.933926989023904
1965,1.1767348399682,40,1.21852664895936,1.25901817669654,1.36833859286575,0.969290505213931,0.933926989023904
1966,1.11996271727938,40,1.1576091845161,1.17982824264278,1.29032062062095,0.916147478061772,0.933926989023904
1967,0.804581812429003,40,0.855851513646014,0.859954307159149,0.940922177197706,0.661815622385158,0.933926989023904
1968,0.915972250846962,40,0.977476926334239,0.983127229617578,1.03750511343253,0.732745979400112,0.933926989023904
1969,0.843933655385807,40,0.935152744676313,0.921584163405313,0.99331754238141,0.694452703603441,0.933926989023904
1970,0.887936039849858,40,0.976611475105359,0.953441052195907,1.02471673031737,0.730648441241108,0.933926989023904
1971,0.859563245563216,39,0.932691924160862,0.914577242279296,0.955879091926208,0.660103104224385,0.931702948080016
1972,1.06169985129457,39,1.14725679642581,1.14583767341772,1.18636750783911,0.821595254621188,0.931702948080016
1973,0.959288180671401,39,1.09652809690038,1.0534401968822,1.13518910171527,0.800588158947416,0.931702948080016
1974,0.695199366399107,39,0.754464186820576,0.731601610134205,0.779596904481391,0.541443934761815,0.931702948080016
1975,0.978725328939547,39,1.07014114371814,1.04241493865028,1.05993709622563,0.747506269898773,0.931702948080016
1976,0.864948504703158,39,0.981344016148512,0.960966548852849,0.987919214499701,0.703327253753044,0.931702948080016
1977,0.773158193918729,39,0.856736973324445,0.843597138990735,0.823550369222146,0.585340486714336,0.931702948080016
1978,0.967240172201625,39,1.08360676528909,1.05962663832904,1.0634134622715,0.768928313595549,0.931702948080016
1979,0.802415687827131,39,0.902051686574964,0.829037744468748,0.875792865872317,0.614994285034435,0.931702948080016
1980,0.82585125575253,39,0.9410260052801,0.920555689565319,0.896884247859243,0.637355032607222,0.931702948080016
1981,0.83359732005819,39,0.96926772970235,0.934897581288404,0.901071903415444,0.661089386276038,0.931702948080016
1982,1.06644776164236,39,1.26630496187661,1.15221194213828,1.20384614960493,0.852208580027557,0.931702948080016
1983,0.765115016583953,39,0.924325568087332,0.889835794413799,0.876148181855144,0.623016420693009,0.931702948080016
1984,0.859730012640751,39,0.968960941789515,0.954418198693769,0.924926737846174,0.647473175488678,0.931702948080016
1985,0.886017212177142,39,1.00091308467325,0.970115405239144,0.94683182588557,0.667600199083969,0.931702948080016
1986,0.850774429577086,39,1.01587490981212,1.01214955137029,0.924983329885432,0.670199678368866,0.931702948080016
1987,0.813282170925377,39,0.931630283984923,0.928565508770363,0.880730094893663,0.623041172626785,0.931702948080016
1988,0.915559880409331,39,1.00744176504875,1.01875123598341,0.918245438514017,0.655372762311611,0.931702948080016
1989,0.862934332074315,39,0.998317613957406,0.987478754470769,0.924334296128302,0.649537713053358,0.931702948080016
1990,0.838017100516137,39,0.919897303846634,0.929580308201178,0.906843788635066,0.642689136692669,0.931702948080016
1991,0.769148130209569,38,0.890031501534401,0.887474396303746,0.826990657481279,0.591158014596004,0.929057247739924
1992,1.0126541884731,38,1.18942243827383,1.21273354964365,1.07596516193375,0.778241972832638,0.929057247739924
