"year","ModNegExp","samp.depth","Spline","AgeDepSpline","RCS","SFRCS","EPS"
943,0.755068806601747,1,0.852205327544241,0.918319540394213,0.735927951109682,0.482711149439805,NA
944,0.813197666520593,1,0.917061201011011,0.977582366650578,0.79017135467184,0.496271034973044,NA
945,0.680314790186072,1,0.766893144964081,0.808426550016008,0.682828282828283,0.414532061362389,NA
946,0.808970615951102,1,0.912389385514633,0.950303028503735,0.76544,0.486720348653888,NA
947,1.29422534273759,1,1.46307341111373,1.5030241745631,1.20393276244846,0.781355510709993,NA
948,0.91148977215064,1,1.0356825369779,1.04656477161276,0.859643435980551,0.567134248502601,NA
949,1.49532883212108,1,1.71330870795343,1.69763838673731,1.38156209987196,0.857307318301818,NA
950,1.03512504589729,1,1.1999162569211,1.16208135568554,0.916512059369202,0.581441238990478,NA
951,0.750487510335117,1,0.882249264002443,0.833238558437649,0.640817553351368,0.438668921604074,NA
952,0.6641803455693,1,0.79252660884205,0.729369408472791,0.56778889899909,0.387367601266981,NA
953,0.632220465843856,1,0.765307368217877,0.686793661853481,0.544,0.356790595456703,NA
954,0.730874005535772,1,0.895968225065211,0.785533335876983,0.641772151898734,0.42295674663001,NA
955,0.793227186968833,1,0.982200092530613,0.843645967702105,0.645771732702543,0.416815729190884,NA
956,0.685177770738344,1,0.854148455918022,0.721258393724568,0.603287141475991,0.389813184726613,NA
957,0.80553524586498,1,1.00708757310252,0.839440629463955,0.703381642512077,0.469451392758384,NA
958,0.560466600241576,1,0.699765730907831,0.578328105468623,0.49281045751634,0.322009581409407,NA
959,0.954215023152368,1,1.18456213037879,0.975213260041775,0.78375884343279,0.512853064106431,NA
960,0.824099786564756,1,1.01291837485411,0.834410493749338,0.698656429942418,0.445589672400289,NA
961,0.632619689926985,1,0.76672898086577,0.634767878410638,0.561972306653158,0.347605433599944,NA
962,0.975961892637955,1,1.16178658952682,0.970756942841014,0.820347714101739,0.558780662504049,NA
963,0.642114707319963,1,0.748135131085987,0.633338327123793,0.525916561314791,0.337597972224059,NA
964,0.950097395512747,1,1.08010365589478,0.929572606398392,0.803154781465659,0.525990122847512,NA
965,1.09964727217014,1,1.21680073210513,1.0676108535411,0.920353982300885,0.611637857141122,NA
966,0.923088283504415,1,0.992317252043137,0.889620420570893,0.756547041707081,0.485961437462915,NA
967,0.909151309149257,1,0.94788226560693,0.870084924474221,0.749426793318048,0.486025468334476,NA
968,0.894924446498413,1,0.903572567495041,0.850827816718324,0.707147375079064,0.4629279835456,NA
969,0.880406546185631,1,0.859772492911307,0.83183536721541,0.683354192740926,0.464096642252052,NA
970,0.854898213769161,2,0.906921959999662,0.849346911945104,0.907995089642639,0.607644540995197,0.694448691543919
971,1.37490989955388,2,1.39236732920575,1.34959423974105,1.42583696184893,0.94653819032524,0.694448691543919
972,0.803160471542168,2,0.787554424242707,0.78452807435311,0.848933060508623,0.537966717636435,0.694448691543919
973,0.588055336656712,2,0.569008134559729,0.576914488367585,0.623331001914486,0.409973466769398,0.694448691543919
974,1.2042523207515,2,1.12571827032301,1.17477001985562,1.26424370315243,0.857790600231101,0.694448691543919
975,1.17177572750531,2,1.04790936490396,1.13140306972459,1.16985352550118,0.793044548534139,0.694448691543919
976,1.118686652015,2,0.957853227521624,1.06929065742711,1.04998251853544,0.683027709046268,0.694448691543919
977,1.05986023449745,2,0.893790955675173,1.01511030709992,1.01546970984117,0.660022163007771,0.694448691543919
978,1.41153118139563,2,1.16453754243688,1.34935314180647,1.33391641543826,0.889832836275085,0.694448691543919
979,1.48690592604643,2,1.19560440682379,1.41477404219315,1.36074143276215,0.940471874480341,0.694448691543919
980,1.49530551834571,2,1.18242698444816,1.41985414698505,1.39745527908541,0.913262507906567,0.694448691543919
981,1.03281239794963,2,0.80384928422382,0.977782539249706,0.991365975299032,0.634903205329268,0.694448691543919
982,1.40444114787431,2,1.07881880647251,1.32557867149365,1.22957754470195,0.821855003325492,0.694448691543919
983,1.69690721816226,2,1.29496362434204,1.5991582671998,1.57227205317289,1.05254888768313,0.694448691543919
984,1.43658593671331,2,1.08528349718152,1.34807268540739,1.28918770855122,0.889500141289702,0.694448691543919
985,1.2274264420646,2,0.938623131902612,1.15618464396513,1.11120959799445,0.754523366780043,0.694448691543919
986,1.30191858257374,2,1.0004198859294,1.22621299458523,1.13953164537589,0.775336330482452,0.694448691543919
987,1.50888504853167,2,1.16218852738934,1.41848013201472,1.3221012723721,0.870799552120894,0.694448691543919
988,1.24460450844539,2,0.973325337502556,1.17361624446641,1.15340188212529,0.722186236125825,0.694448691543919
989,1.2546000934101,2,0.989504467263939,1.1830942520209,1.07409788978073,0.745170556223249,0.694448691543919
990,0.893397675245541,2,0.716248567117482,0.845639485432456,0.752672126490327,0.500307478463274,0.694448691543919
991,0.887767635236034,2,0.711828824538994,0.837811792984522,0.759923956007506,0.497643471956807,0.694448691543919
992,1.05480226915488,2,0.854511602604401,0.997833118906265,0.905939756656266,0.592168981850967,0.694448691543919
993,1.11480246855868,2,0.918677207045082,1.06161274854737,0.95831200253364,0.613991832145997,0.694448691543919
994,1.02576120424061,2,0.848953607033952,0.977903431668164,0.839789670027979,0.556548544624418,0.694448691543919
995,1.02790007461858,2,0.855814126513204,0.98217382963663,0.831755703886318,0.538060080232033,0.694448691543919
996,1.22489199911126,2,1.0219317024756,1.17023464118758,0.961943399504338,0.665641444005198,0.694448691543919
997,1.45432727359865,2,1.22251408222196,1.39209493988404,1.12583229992882,0.776862307000346,0.694448691543919
998,1.50622900210737,2,1.28621542468221,1.44952854024061,1.184207706381,0.819102606415465,0.694448691543919
999,1.44895341816976,2,1.25435782680145,1.39653994549533,1.10127373825301,0.769514545074493,0.694448691543919
1000,1.38939025400761,2,1.23053119652147,1.34585827101585,1.04114436138208,0.727857855259497,0.694448691543919
1001,1.20205396381574,2,1.09373749041868,1.17037921651766,0.925005516198846,0.656287756881391,0.694448691543919
1002,1.17300473074064,2,1.10179007953088,1.14910829308709,0.911747052623361,0.612452016680462,0.694448691543919
1003,1.1697197843339,2,1.13690865809869,1.15184180761683,0.886832057220466,0.568431968865677,0.694448691543919
1004,0.907458681999721,2,0.91510793455023,0.898147112158981,0.691740538074362,0.454602241943822,0.694448691543919
1005,0.620012380306873,2,0.654159551802628,0.621902955138063,0.478361534540312,0.307089012013095,0.694448691543919
1006,0.952096033832803,2,1.02815249382281,0.941109291268521,0.705160593403428,0.487783803997091,0.694448691543919
1007,0.735128482023089,2,0.826230023076095,0.731630006804081,0.562476348417678,0.363640170889555,0.694448691543919
1008,0.71524882288907,2,0.834468145864796,0.715610060548077,0.569056584043082,0.367433990150189,0.694448691543919
1009,0.689074520635989,2,0.827092262529927,0.688792068449358,0.522067356838272,0.353735033529603,0.694448691543919
1010,0.634685603582434,2,0.781473186591631,0.63466312527083,0.467472245070956,0.321782555013906,0.694448691543919
1011,0.692974950656494,2,0.872529160788505,0.693971728435631,0.519867894212669,0.355792412186535,0.694448691543919
1012,0.950943093543584,2,1.21255755812603,0.950432371293243,0.705211061965904,0.486284045634658,0.694448691543919
1013,0.823846039892679,2,1.07319041773287,0.828431858572295,0.598995932562856,0.42184916830446,0.694448691543919
1014,0.798231115394001,2,1.06430666730958,0.809704412206576,0.58229531146314,0.398313517097042,0.694448691543919
1015,0.531124897032302,2,0.707198770004041,0.537191068782001,0.398070699003825,0.265574346376456,0.694448691543919
1016,0.732931762289365,2,0.987118233580245,0.745823755307378,0.526975558214394,0.367060200899827,0.694448691543919
1017,0.76818929071393,2,1.02873635043039,0.780947394923228,0.532973092277231,0.380944611844729,0.694448691543919
1018,0.63508688488418,2,0.855685887238577,0.649962638001393,0.474508270441481,0.321321166421695,0.694448691543919
1019,0.854621303779643,2,1.15247646463218,0.879386375338006,0.621037967073622,0.418165538373193,0.694448691543919
1020,0.87239485849028,2,1.13885505235832,0.887407118301909,0.645770774506791,0.445792149298132,0.694448691543919
1021,0.539104329895,2,0.708774957017756,0.554187741317508,0.375918978570646,0.258485246236174,0.694448691543919
1022,0.784451487523137,2,1.00968704761269,0.802154782473616,0.57526171593367,0.388968751722503,0.694448691543919
1023,0.843247934780383,2,1.08055342047512,0.866519722352482,0.605368283847458,0.425549669804895,0.694448691543919
1024,1.03339574679541,2,1.31019152084992,1.06230982843391,0.718215765384127,0.515229493384546,0.694448691543919
1025,0.953472569502126,2,1.20010610196623,0.982296319508809,0.696665779372998,0.477556691266792,0.694448691543919
1026,0.842351539727946,2,1.054633953016,0.871406037339999,0.573068973131461,0.402329345007445,0.694448691543919
1027,0.708153800463109,2,0.877002672517916,0.728041405095294,0.47003999328784,0.33005697148751,0.694448691543919
1028,0.7831109323287,2,0.964615827186782,0.807668264104421,0.527514051624607,0.371565317150981,0.694448691543919
1029,0.686250624064205,2,0.839937351709749,0.707122161718174,0.495562354773975,0.316743659748829,0.694448691543919
1030,0.853912566275253,2,1.04033505508739,0.877415878313183,0.598891936670851,0.375479648743603,0.694448691543919
1031,0.842122199799,2,1.01788695281033,0.866930843538124,0.584807222581384,0.386169043486095,0.694448691543919
1032,0.743407539935899,2,0.894045036125743,0.764192988462483,0.519769308328292,0.33987095550797,0.694448691543919
1033,0.867895679137562,2,1.03977360018386,0.890565640309609,0.602235185259685,0.413172154564527,0.694448691543919
1034,0.775769340136,3,0.973607182075361,0.810511072127512,0.627418846131373,0.416932430524199,0.713335706711849
1035,0.980913999175368,3,1.16474782798248,0.946157304724815,0.665565294687908,0.50753106991058,0.713335706711849
1036,0.966746004158849,3,1.10809628921994,1.02028477672377,0.774539945262149,0.504760555211825,0.713335706711849
1037,0.870501591430267,3,0.948242068285648,0.901031505343845,0.670097270691314,0.448760314548518,0.713335706711849
1038,0.788502058922154,3,0.908328204459826,0.809148464179888,0.534013112041142,0.351567333290866,0.713335706711849
1039,0.945707032077928,3,1.00216948229918,0.930171342624399,0.676078963384801,0.458821772146248,0.713335706711849
1040,0.902005250874493,3,1.02106193875326,0.932473855332768,0.674065645215779,0.456731707031093,0.713335706711849
1041,0.979719859259686,3,1.15117480317476,1.00133725287823,0.729457205915769,0.482937957575654,0.713335706711849
1042,0.962071429925102,3,1.06384884707239,0.971265633266711,0.625873986521196,0.440967329725774,0.713335706711849
1043,0.948416470096179,3,1.01010867097394,0.952480320935265,0.6658983695734,0.445678717790044,0.713335706711849
1044,1.01758840063138,3,1.11037660528472,1.02009747821128,0.619096930192843,0.448144399954932,0.713335706711849
1045,0.720596951382112,3,0.836647466298785,0.727716519703804,0.533656780292329,0.367335388750071,0.713335706711849
1046,0.433377498659839,3,0.535132644679227,0.431019305625681,0.289657457687224,0.211573164363255,0.713335706711849
1047,0.703854038171895,3,0.773922170551781,0.690512236489511,0.494672650547184,0.342187032119343,0.713335706711849
1048,1.06498241205875,3,1.20683763939888,0.992934862950316,0.713390393894856,0.526944903053209,0.713335706711849
1049,1.01174359990226,3,1.14576908445439,0.930108866377166,0.646592781950893,0.463603904305954,0.713335706711849
1050,0.90929687509446,3,1.06978067992029,0.866990501361019,0.623909150110324,0.43115541506221,0.713335706711849
1051,0.917043110745998,3,1.06143367676823,0.868032551468344,0.629514503815499,0.426756405775023,0.713335706711849
1052,1.05267505005544,3,1.17443224206016,1.11474164048225,0.730140888627407,0.498201253378416,0.713335706711849
1053,0.970182377808156,3,1.05364660212001,0.950852317790116,0.713391537650832,0.475555516528522,0.713335706711849
1054,0.826494402129725,3,0.914640458636926,0.789120234433431,0.53502105118184,0.366498300411188,0.713335706711849
1055,0.662288266090337,3,0.729169882100097,0.612677412309885,0.420381085276632,0.297646959721305,0.713335706711849
1056,0.721909992365705,3,0.793163540751749,0.652599253821485,0.492457949604226,0.317674871692839,0.713335706711849
1057,0.896933159563057,3,1.00525618329514,0.865526774067126,0.579937503479386,0.397575130226001,0.713335706711849
1058,0.95751925573294,3,1.11127747617302,0.945353382818926,0.645830666110026,0.454867316743248,0.713335706711849
1059,0.872335812513978,3,0.954135615372298,0.836872602303277,0.550597679946584,0.335836768991459,0.713335706711849
1060,0.917642079735795,3,0.969670902481186,0.860806511093407,0.599854632525516,0.413796978709244,0.713335706711849
1061,0.820278469875973,3,0.876901853282966,0.773313821956758,0.591593299469914,0.377774941613191,0.713335706711849
1062,1.16014189346699,3,1.26309062878096,1.08768616872185,0.734310540256852,0.51864817546531,0.713335706711849
1063,0.71206109203528,4,0.762826724831947,0.69223030823225,0.477797686089813,0.323540117664159,0.810129333787772
1064,1.12228710725199,4,1.15266299042941,1.07908612478836,0.722219526210196,0.490039924586168,0.810129333787772
1065,0.908978322578823,4,0.992529803269184,0.927072353147916,0.631821277360521,0.401945957560917,0.810129333787772
1066,1.17203935304789,4,1.22722189760544,1.13563399273291,0.697014194478744,0.510686728353915,0.810129333787772
1067,0.85854231985692,4,0.867449781530899,0.821025217618865,0.541943211815423,0.370157919801108,0.810129333787772
1068,0.888111495272823,4,0.917007942870573,0.910216258116382,0.564820537074781,0.381631254888933,0.810129333787772
1069,0.855224844186405,4,0.842844230129457,0.806519660030663,0.539122647408193,0.360637965784678,0.810129333787772
1070,1.14679310377958,4,1.11780415300618,1.07962393610448,0.68870005911992,0.430811017317785,0.810129333787772
1071,1.18993322001191,4,1.13883837688989,1.09411388672959,0.721645626569115,0.50959900819834,0.810129333787772
1072,0.983183978563752,4,0.932950343297239,0.922250954259925,0.61190921482043,0.420894498683102,0.810129333787772
1073,1.01988395630979,4,0.961211860769675,0.935874262746049,0.62359544063809,0.446372374096541,0.810129333787772
1074,1.04134441428012,4,0.968812867254331,0.962737917218786,0.637792883727235,0.455498535031192,0.810129333787772
1075,1.15751462927656,4,1.06103218911068,1.07430855235137,0.706619580259501,0.497616350093404,0.810129333787772
1076,1.08292125529443,4,0.992121260580175,1.04117805927155,0.666259375437755,0.468678306230568,0.810129333787772
1077,1.08871936613626,4,0.981094764241252,1.00265976894241,0.63779582632929,0.472235547645154,0.810129333787772
1078,1.23366541643183,4,1.09301563215585,1.11759556784901,0.758899040578023,0.536175910340047,0.810129333787772
1079,1.26413564876682,4,1.12190685705241,1.15630021689574,0.729827817276898,0.515757555116165,0.810129333787772
1080,1.19833689440879,4,1.09983348721747,1.16372191670476,0.674292321144323,0.481602830964253,0.810129333787772
1081,1.23306303429264,4,1.13593253488136,1.19240853402734,0.788824670587405,0.551399005772428,0.810129333787772
1082,0.971607820719522,4,0.850078820214617,0.902658377074615,0.615274408107497,0.424126445334138,0.810129333787772
1083,1.03543867341745,4,0.901184516360542,0.95274963638317,0.628682546436958,0.433817562098179,0.810129333787772
1084,0.696687528313631,4,0.641425072195139,0.694589270532498,0.458242087366442,0.327951466134379,0.810129333787772
1085,1.38338467290834,4,1.13680924936369,1.26170993616855,0.784569356690864,0.570021842747408,0.810129333787772
1086,1.09595927234898,4,0.961713962110914,1.06179651896105,0.703752175103259,0.473309029768219,0.810129333787772
1087,0.879902504359425,4,0.72029669082939,0.805978786204341,0.53429897495078,0.368046293267475,0.810129333787772
1088,1.31102044599726,4,1.01390482138719,1.19748267306853,0.774213511299922,0.552315735399742,0.810129333787772
1089,1.05407488693949,4,0.938805871426451,1.06466325167076,0.685791793360442,0.497019597027416,0.810129333787772
1090,1.26926691602116,4,0.982766675716553,1.1818637451948,0.792632024100679,0.569655445936778,0.810129333787772
1091,1.29754124771956,4,0.997912305696358,1.21715624839644,0.771956250275885,0.546525184975897,0.810129333787772
1092,1.52688867364996,4,1.15971171637053,1.41183793200169,0.915612417619049,0.632380266016076,0.810129333787772
1093,1.29158639165297,4,0.980518781870606,1.21501123464798,0.775522317615074,0.54824471124811,0.810129333787772
1094,1.38080562637632,4,1.00011004348161,1.26983818835924,0.8472264378017,0.589550368008298,0.810129333787772
1095,1.49012990237716,4,1.05786300977181,1.37641533153411,0.85423870450088,0.624118294874476,0.810129333787772
1096,1.55315418392918,4,1.10911302269602,1.45419510527511,0.940589292999325,0.676407521597254,0.810129333787772
1097,1.40096342234388,4,1.23304842749987,1.39177938404413,0.930909961241319,0.66532118908183,0.810129333787772
1098,1.43924950145037,4,1.07197972360137,1.37552345255967,0.890124209187248,0.654991328392616,0.810129333787772
1099,1.30430649147719,4,1.11314617906998,1.35337002539443,0.860118075689988,0.622985991586531,0.810129333787772
1100,1.10569384681322,4,0.944189308112381,1.14131639798393,0.77478504638883,0.559428525688331,0.810129333787772
1101,1.15666236251765,4,0.866906476544247,1.09638960772148,0.729992577669859,0.519834634308146,0.810129333787772
1102,0.97699961078346,4,0.842356491484358,0.972997997131577,0.604593010091481,0.475693065310494,0.810129333787772
1103,0.763074407020921,4,0.713840565138747,0.822818252001427,0.566631553585476,0.413692338569159,0.810129333787772
1104,1.475664427537,4,1.23671460754816,1.51195478988011,0.838640378316626,0.66232099795159,0.810129333787772
1105,1.31895455954156,4,1.06686113566747,1.34804187166666,0.820780174989344,0.604779153283768,0.810129333787772
1106,1.27103613029143,4,1.12466798499584,1.31286739317421,0.810286947511228,0.582445670427986,0.810129333787772
1107,1.34069905830322,4,1.20190886934066,1.39085700924813,0.885875315901058,0.644956867754526,0.810129333787772
1108,0.974871777729269,4,0.821632812973261,0.948735270250298,0.620830651444753,0.442117994400584,0.810129333787772
1109,1.2210796234196,4,1.04659502717576,1.27311964464716,0.682691711602675,0.466550828357617,0.810129333787772
1110,0.989639499887545,4,0.918569693374536,1.01235714771052,0.663949682699429,0.472208612937469,0.810129333787772
1111,1.04257380839097,4,0.973742319619793,1.02946009080892,0.658806271269541,0.463624663539951,0.810129333787772
1112,0.60674461843786,4,0.632097362521021,0.667921092160739,0.452984023160962,0.313385990179624,0.810129333787772
1113,1.08242524796269,4,0.97276757644747,1.07471515236084,0.68142204433131,0.475818702017461,0.810129333787772
1114,1.16647093891093,4,1.1161394256721,1.238593156725,0.792558747179896,0.555513575971176,0.810129333787772
1115,0.744430569810546,4,0.808500315267641,0.846366939989281,0.528236285015615,0.369544134108194,0.810129333787772
1116,1.13417286477718,4,1.08776456149578,1.11724380467829,0.73233355226579,0.536509524241765,0.810129333787772
1117,1.09930378851896,4,1.11599290818507,1.11337010031626,0.710369029708254,0.509965223000337,0.810129333787772
1118,0.93932556555748,4,0.851240344035054,0.914302387280315,0.650776346647195,0.450182528208216,0.810129333787772
1119,0.826989363796028,4,0.768193135787143,0.83484927870717,0.542737664522126,0.382598565281293,0.810129333787772
1120,1.02712632309811,4,0.969282269024955,1.02952146206676,0.666701902332266,0.474212775861183,0.810129333787772
1121,1.0721040631397,4,1.06370543855561,1.15495415586803,0.692517027995177,0.49432387124579,0.810129333787772
1122,1.17957779866978,4,1.12510453429468,1.20931825854048,0.746962513464942,0.539694590858326,0.810129333787772
1123,1.20887116920955,4,1.20155127606723,1.23912038665445,0.762190496317617,0.550562813928077,0.810129333787772
1124,1.24060705544301,4,1.13811670860475,1.26071084210775,0.811170690237833,0.590885876538927,0.810129333787772
1125,1.16537619500213,4,1.08314616923114,1.19965410177078,0.779031871692568,0.558113119976657,0.810129333787772
1126,1.03880369779695,4,1.13202711961095,1.23880960372802,0.740161010607505,0.540397776502723,0.810129333787772
1127,1.06236371012436,4,1.01521486537784,1.12603851172487,0.704692344356555,0.495132512809473,0.810129333787772
1128,0.859858467475492,4,0.923697056934633,1.02112052519291,0.588738284064266,0.420594118760463,0.810129333787772
1129,1.03553565510036,4,1.05948827328495,1.1162604381294,0.65377931191519,0.474893309314979,0.810129333787772
1130,0.788323159874516,4,0.834129631324099,0.927976255616528,0.406444471671154,0.294629915602415,0.810129333787772
1131,0.876759376778898,4,1.02772760476756,1.11302421072261,0.487410390034455,0.345488453493463,0.810129333787772
1132,1.10298121418853,4,1.13986909532426,1.19412561886294,0.732326133126718,0.52567033915574,0.810129333787772
1133,0.872668122331162,4,0.964291048090073,1.0283419199705,0.539772548098671,0.419268655999221,0.810129333787772
1134,1.0859732212364,4,1.20291366363667,1.27767126252768,0.71795009972764,0.529077348857173,0.810129333787772
1135,0.870973588885653,4,1.03729503844019,1.12043164154684,0.614688543885658,0.432068700673361,0.810129333787772
1136,0.779479213626739,4,0.899983502531602,0.934477761773614,0.510371482419694,0.383245877538019,0.810129333787772
1137,0.841256983485648,4,0.956721699732372,0.984358380819606,0.534250553450167,0.389078111856824,0.810129333787772
1138,0.797350793563851,4,0.883710886791621,0.891051891134078,0.525548405943926,0.378950306000742,0.810129333787772
1139,0.948231118343364,4,1.12494214108895,1.07734713329669,0.647408682782005,0.45276075531314,0.810129333787772
1140,1.00426677711256,4,1.19305619766928,1.10260314685955,0.646315220089245,0.480384597589254,0.810129333787772
1141,0.8457711298166,4,0.9563068699027,0.93122694489064,0.566449595332587,0.413522382703782,0.810129333787772
1142,0.791748000119204,4,0.986519436825673,0.966222873949004,0.495209857987353,0.383807497846428,0.810129333787772
1143,0.690587422751471,4,0.838884419773887,0.789835020604192,0.453144908762632,0.335520208881659,0.810129333787772
1144,0.843286226397964,4,1.04846901333759,1.0128273332374,0.516335912520001,0.386570792680526,0.810129333787772
1145,0.658410532627719,4,0.842662895459455,0.794118798201618,0.374686923078429,0.267355852318384,0.810129333787772
1146,0.725566503850024,4,0.929889760314591,0.900268770130955,0.477016201622718,0.332015748837302,0.810129333787772
1147,0.795866981351221,4,0.90990583232733,0.944946709186212,0.501059894381431,0.347935314956666,0.810129333787772
1148,0.93155093125427,4,1.16586517853978,1.07603551787428,0.609431997271035,0.454135551944087,0.810129333787772
1149,0.822724686225189,4,1.23072807111578,1.26847984222417,0.462653529320605,0.307967874331618,0.810129333787772
1150,0.650277853159993,4,1.0186419111243,0.985705738662586,0.388936838644736,0.260715163796503,0.810129333787772
1151,0.801770564478161,4,1.22915260682223,1.27193959156829,0.49880995610982,0.33488701463485,0.810129333787772
1152,0.418169743303094,4,0.576001661488451,0.57754320379242,0.261187190020862,0.168718793698254,0.810129333787772
1153,0.70077905584821,4,0.979203850202468,1.01593619049784,0.489905495335366,0.361297926290214,0.810129333787772
1154,0.882602547011203,4,1.09993506003237,1.05964959891,0.61184276135286,0.426190039185352,0.810129333787772
1155,1.06742334064429,4,1.3219047330592,1.27605715433291,0.711505403143104,0.499726303096718,0.810129333787772
1156,0.994736275937081,4,1.15537781195218,1.1329277422961,0.652523090742606,0.476832870943887,0.810129333787772
1157,0.947424419618908,4,1.0774322547489,1.06570968662046,0.637828336423039,0.473945595023239,0.810129333787772
1158,0.822788234680575,4,0.829735589753874,0.952598419330721,0.559370154271113,0.412770492772089,0.810129333787772
1159,0.647999792365508,4,0.705513243263515,0.700068585332126,0.440894768334902,0.329879968138531,0.810129333787772
1160,0.681762587357759,4,0.832989511650688,0.783168785165422,0.46208984452236,0.349918679847812,0.810129333787772
1161,1.08193491574797,4,1.41846555454606,1.40230444175448,0.707157595259014,0.522018834106663,0.810129333787772
1162,0.670191648781286,4,0.752354672694704,0.752632491896689,0.444286294130891,0.324219037852839,0.810129333787772
1163,0.830216307524489,4,0.96037588520027,0.95769803857789,0.561442185778279,0.422022904302293,0.810129333787772
1164,0.928095453393383,4,1.09860634544382,1.03288848547297,0.639887901206873,0.468933656311482,0.810129333787772
1165,0.686386578218301,4,0.741191527986591,0.781072120152045,0.494331417969909,0.364627379696004,0.810129333787772
1166,0.73685719491817,4,0.729305008254708,0.786447923148849,0.537919531006012,0.384865490628655,0.810129333787772
1167,1.11835032620577,4,1.20618386054419,1.37673248845697,0.757631253502301,0.573182138919782,0.810129333787772
1168,0.837536120787253,4,0.938275014089138,1.01981602278592,0.570251011442065,0.433573445062033,0.810129333787772
1169,1.19018689561948,4,1.35440343391947,1.48902424464068,0.811226819076281,0.633315189923775,0.810129333787772
1170,0.964078577249979,4,1.14463322841884,1.13761446016118,0.678694409862727,0.521068121576727,0.810129333787772
1171,0.853630712111317,4,0.997763917555969,0.990111499345402,0.597910076799312,0.460076794164529,0.810129333787772
1172,0.860073112317475,4,1.03727699143618,1.06338394103678,0.587084341659131,0.452808297515568,0.810129333787772
1173,1.0289585950133,4,1.23195769244117,1.13825984282558,0.726251198659634,0.53879586666721,0.810129333787772
1174,0.765109818120637,4,0.882651898353926,0.895056249041237,0.529171038255617,0.380837441125894,0.810129333787772
1175,0.83387679253919,4,1.07949121474352,1.11766208055198,0.561324756562148,0.423752817576572,0.810129333787772
1176,0.773821860155787,4,0.969327229953262,0.866306640194826,0.533133618939468,0.394405194450901,0.810129333787772
1177,0.575939535193614,4,0.980758357850618,0.929278798065728,0.438453620869272,0.324665010138139,0.810129333787772
1178,0.615853156855118,5,0.837202683098242,0.806006125791965,0.399419463693124,0.275096740621448,0.829986768802213
1179,0.737790638624618,5,1.07271399158529,1.01586893167403,0.325420677539295,0.220903376738989,0.829986768802213
1180,0.800545670008284,5,1.13552043471569,1.06938071386212,0.53102031505253,0.374712559147054,0.829986768802213
1181,0.69134744494161,5,0.951512058440053,0.88309673138838,0.453968767541062,0.320856114870677,0.829986768802213
1182,0.572479162123189,5,0.810183872486152,0.750270730875163,0.380925019061774,0.264796857467287,0.829986768802213
1183,0.691964662392853,5,0.997448087075068,0.942047319579703,0.466844189163924,0.326979097083129,0.829986768802213
1184,0.649464419361413,5,1.02061164008247,1.00422912826514,0.420478972992398,0.30236194386105,0.829986768802213
1185,0.559217972095048,5,0.880077282473606,0.844139829906435,0.36833845452795,0.257610827960607,0.829986768802213
1186,0.389262396073802,5,0.58144995516666,0.483013379671795,0.248509669976614,0.186250359193202,0.829986768802213
1187,0.713591925854228,5,1.14632317266287,1.0402589305387,0.469813323526762,0.343309173447029,0.829986768802213
1188,0.615398606443299,5,0.985134659384979,0.868095571606349,0.36805455521477,0.245002735171991,0.829986768802213
1189,0.694637070338011,5,1.19644090230067,0.998574295095195,0.472206936342912,0.361494445374002,0.829986768802213
1190,0.662760505548933,5,1.20942710402796,1.16017568876011,0.469720403949131,0.336074587300741,0.829986768802213
1191,0.705281361520748,5,1.11052384692434,0.950744662129091,0.441903443938785,0.328294150641951,0.829986768802213
1192,0.732789501403729,5,1.28412773568365,1.10290459521605,0.520741380992499,0.374400341270266,0.829986768802213
1193,0.686253460409168,5,1.13701318754809,0.901031767774352,0.436551172330006,0.313239564548782,0.829986768802213
1194,0.516436217744138,5,0.871085035940719,0.68717734666538,0.344612061852255,0.263466841820964,0.829986768802213
1195,0.351658158827818,5,0.59600662571769,0.376276100434129,0.232924416538754,0.169036338490554,0.829986768802213
1196,0.608288157123651,5,1.0886959384433,0.95439993751031,0.400750899683211,0.29457197147089,0.829986768802213
1197,0.520808635875741,5,0.929351358734754,0.753004221185524,0.35247199771558,0.263551991941672,0.829986768802213
1198,0.447885177221879,5,0.786594914558748,0.620864899308935,0.289625767070494,0.214315623931447,0.829986768802213
1199,0.65703137839105,5,1.11434819482893,0.945038153995359,0.400376835258542,0.297450780002485,0.829986768802213
1200,0.348965486882135,5,0.641529836421585,0.52776208591391,0.240429576418375,0.176583448051502,0.829986768802213
1201,0.694684302406246,5,1.26081191347633,1.04412364777937,0.470742442325179,0.343413015397325,0.829986768802213
1202,0.68130547343308,6,1.15744731713155,0.994722265887281,0.446014268856773,0.314870296218009,0.863386436010739
1203,0.636253788718907,6,1.06449924367194,0.947352742287684,0.390653015499232,0.266782376720752,0.863386436010739
1204,0.49206445764514,6,0.810355492038996,0.718800838176752,0.313870141183324,0.222042104114698,0.863386436010739
1205,0.65690212001745,6,1.09410409877625,0.943635783880149,0.38946746216856,0.265792680409888,0.863386436010739
1206,0.485751143201562,6,0.783163892661343,0.684692994258833,0.314181799158074,0.225313760384716,0.863386436010739
1207,0.498457429699386,6,0.814582524035789,0.680531205087665,0.316903538156824,0.227726006820194,0.863386436010739
1208,0.625812314602096,6,1.01723251043972,0.900379353286518,0.390572922899955,0.25579711464424,0.863386436010739
1209,0.549619016298665,6,0.92065184564983,0.888530758370304,0.364477165059556,0.258277140932854,0.863386436010739
1210,0.590014973848205,6,0.940005184404914,0.827349109383909,0.350784042370133,0.262010846650738,0.863386436010739
1211,0.824583983189103,6,1.11521040913081,0.959738792550779,0.438106443345699,0.319285333048668,0.863386436010739
1212,0.675258853769476,6,1.02388208595457,0.957707750758761,0.384344223864996,0.24931952765517,0.863386436010739
1213,0.757462660722616,6,1.1846331792196,1.05152477196987,0.435440865216423,0.287853414609034,0.863386436010739
1214,0.527640091200272,6,1.01426506030827,0.923613490171567,0.338885075226766,0.25080736208667,0.863386436010739
1215,0.554494207643417,6,0.864885114118425,0.801019353519488,0.312499697430386,0.217589384429072,0.863386436010739
1216,0.65882950657979,6,1.00402179671145,0.932130262751296,0.403281965571552,0.280867830783407,0.863386436010739
1217,0.866787049165529,6,1.32665997390039,1.26261336299669,0.503362360884689,0.367676740494588,0.863386436010739
1218,0.617142026318364,6,0.987945148970997,0.935856276047764,0.357982392756051,0.277937082952576,0.863386436010739
1219,0.816780215354859,6,1.35859084215147,1.25201859643727,0.490714837581984,0.355124481146565,0.863386436010739
1220,0.620852610595436,6,1.01217027169129,0.883172072808091,0.399449441404203,0.282532950945224,0.863386436010739
1221,0.54623632449604,6,0.94484203715958,0.856134309328231,0.377547183129983,0.282097732813174,0.863386436010739
1222,0.581284737351187,6,0.965343841008667,0.872836070098267,0.374932083649159,0.272312925715627,0.863386436010739
1223,0.55878178335961,6,0.857080476371811,0.814838728987833,0.367953029064749,0.269357231068556,0.863386436010739
1224,0.542417598334963,6,0.890354489569772,0.798255810937361,0.363543446638609,0.274260951958086,0.863386436010739
1225,0.438286292346069,6,0.701579823213927,0.648519387141762,0.240072215040188,0.174751820003135,0.863386436010739
1226,0.61329266948632,6,0.939149441022602,0.912888563558496,0.415938624874439,0.300270793089209,0.863386436010739
1227,0.646511626106697,6,1.05370576736188,1.00183932651022,0.430281410123014,0.320425970787636,0.863386436010739
1228,0.544952874405658,6,0.920797160942526,0.865302219652848,0.367866506333138,0.273745252431778,0.863386436010739
1229,0.473018617952807,6,0.775431023545276,0.718099400769156,0.252347413724993,0.17953983859098,0.863386436010739
1230,0.762219858363651,6,1.06988149444367,1.09554685435765,0.489117251092413,0.352532272647814,0.863386436010739
1231,0.559237604853365,6,0.82412762614287,0.837294605409951,0.266502088422542,0.165088218904401,0.863386436010739
1232,0.611600845136693,7,0.791854198900344,0.842182705585358,0.238824263329971,0.164189848504747,0.88257260262701
1233,0.921972713479601,7,1.30572240813063,1.32353525799858,0.397827910196621,0.293092722422687,0.88257260262701
1234,0.844043180471538,7,1.12159987060409,1.20622781318611,0.446979640703867,0.319406145905261,0.88257260262701
1235,0.726576664960035,7,1.17614307646985,1.26501893672087,0.516013690217291,0.400523166378391,0.88257260262701
1236,0.678730528635064,7,0.960922259959384,1.12782158736656,0.392367744441486,0.286785659536287,0.88257260262701
1237,0.914416606528699,7,1.1331062853402,1.31024592686523,0.604666300361262,0.457569577689953,0.88257260262701
1238,0.675977700014284,7,1.10838817511681,1.25549557593376,0.553851744044135,0.399875183461419,0.88257260262701
1239,0.526328333403812,7,0.803302575532221,0.899436819345637,0.352876522710989,0.271862531406065,0.88257260262701
1240,0.624767479785452,7,0.83551801818813,0.943506209396445,0.392585253244077,0.242575473870039,0.88257260262701
1241,0.911660237841497,7,1.2858888255577,1.45139743815484,0.51772453456912,0.419309758170163,0.88257260262701
1242,0.909708008280499,7,1.11780967820781,1.26908442808804,0.575030477557026,0.43087796454493,0.88257260262701
1243,0.573836086560429,7,0.837330094856491,0.924212080946092,0.379839417880772,0.266968770637856,0.88257260262701
1244,0.704053549500374,7,0.845198800090265,0.934396081790925,0.41603562141039,0.31099770642994,0.88257260262701
1245,0.847684248037486,7,1.04391400097541,1.16891919813141,0.531379557895186,0.38127414865165,0.88257260262701
1246,0.893987433986239,7,1.20429133540686,1.30406212120274,0.578333185760603,0.408820539232457,0.88257260262701
1247,0.786543536355427,7,1.077185691873,1.1339172215981,0.509648959288757,0.369368281055777,0.88257260262701
1248,0.577352458573832,7,0.765172724060021,0.798409099996889,0.363500807390319,0.272175455701942,0.88257260262701
1249,0.842253243272869,8,1.05946600103718,1.08454844561094,0.512525821213855,0.414943119060395,0.878073885412285
1250,0.73480367306751,9,0.950783784503453,0.976305298564688,0.434259777355193,0.350480122352781,0.897983319677689
1251,0.707225844522437,9,0.913626708588376,0.907737049903054,0.360337129783983,0.249932115821334,0.897983319677689
1252,0.888263583975509,9,1.20896117075882,1.17629177790102,0.585620670536048,0.422247879971318,0.897983319677689
1253,0.973991034251212,9,1.32688333905711,1.28893572812657,0.375309642346089,0.319318088240159,0.897983319677689
1254,0.716255325108377,9,0.98708432306167,0.924659735481857,0.399120443932537,0.266724473533085,0.897983319677689
1255,0.632863679764775,9,0.995703988250868,0.895546962280343,0.308580452004372,0.218629434235868,0.897983319677689
1256,0.669361841794878,9,1.03678728756024,0.920716774182844,0.355752470557636,0.274186665130527,0.897983319677689
1257,0.586458179387164,9,0.919617733202473,0.782876406131282,0.386174039690137,0.288887123992178,0.897983319677689
1258,0.332003254995088,9,0.585958611342398,0.473904411519996,0.246373055989946,0.186938570546229,0.897983319677689
1259,0.607232863388935,9,0.991207015793881,0.809594376066471,0.360162842117569,0.279458824311578,0.897983319677689
1260,0.477518117620982,9,0.858387406836405,0.660198909747945,0.328414148345717,0.249760587759735,0.897983319677689
1261,0.609880384187859,9,1.01509063478068,0.783204784606829,0.303136240920195,0.251471640843588,0.897983319677689
1262,0.49069563125836,9,0.926865681337509,0.697280538115796,0.274215440870548,0.215996619218333,0.897983319677689
1263,0.357466448970258,9,0.871838451715112,0.653425781862859,0.292377863147263,0.223955048000069,0.897983319677689
1264,0.464384672315314,9,0.815362900476942,0.618611745396014,0.260459479191523,0.202269212815168,0.897983319677689
1265,0.415932207837299,9,0.67732635969123,0.532353485566654,0.196529639395567,0.135411889578785,0.897983319677689
1266,0.614138552747756,9,0.959008989522622,0.643113913146115,0.304860587963849,0.223086357644982,0.897983319677689
1267,0.61301911312461,9,1.04243500980491,0.790183783757072,0.333032232965723,0.249875586973744,0.897983319677689
1268,0.70577666097892,9,1.10159814181913,0.855621069306797,0.363121334498967,0.310408327246333,0.897983319677689
1269,0.643153443190912,9,1.02526135425811,0.782281660824248,0.323328762178409,0.241081091935716,0.897983319677689
1270,0.80966162068513,9,1.22477242145824,1.04597902836261,0.362278962097742,0.252811060568988,0.897983319677689
1271,0.652338925275339,9,0.918825579664092,0.787293703467883,0.382594051346834,0.277422266217635,0.897983319677689
1272,0.795007846913089,9,1.10160799921917,0.982734677263437,0.340071244787958,0.251567322293039,0.897983319677689
1273,0.64484718563266,9,1.03781749876117,0.835236976752271,0.345097127690905,0.26722168426154,0.897983319677689
1274,0.750313992300218,9,1.16072282294911,0.981106214444861,0.335417688033027,0.26008397499361,0.897983319677689
1275,0.824021505321277,9,1.27642361194525,1.03289198419891,0.538004207040426,0.40199768170155,0.897983319677689
1276,0.674494168844883,9,0.964621316779638,0.81400542939493,0.288252492040377,0.20637552147805,0.897983319677689
1277,0.761500101694714,9,1.12723382614277,0.930352182010357,0.309315752496513,0.273735996439935,0.897983319677689
1278,0.593344227728096,9,1.06164327580601,0.827320842912371,0.373807582945524,0.291841334961981,0.897983319677689
1279,0.558315352683466,9,0.85483070134524,0.671771833876998,0.326347612280724,0.259354226669012,0.897983319677689
1280,0.619603017713371,9,0.807390601550857,0.776656429669284,0.417479701069746,0.309341605561095,0.897983319677689
1281,0.441342476398134,9,0.672132263597535,0.521051275302931,0.280073964384942,0.209926842769014,0.897983319677689
1282,0.592294392476978,9,0.960259585587664,0.754300087598257,0.277269341211367,0.197927743769703,0.897983319677689
1283,0.713717839774805,10,1.10061035912074,0.918192439158689,0.323058135112027,0.227390802265132,0.908273115552563
1284,0.552814570831375,11,0.950643567056405,0.82367641687536,0.275522896688642,0.190604082292365,0.918055423616137
1285,0.390799492682746,11,0.676819358458347,0.531864932802481,0.202735314606589,0.153896749937153,0.918055423616137
1286,0.525345583774654,11,0.939789531466221,0.7644628417013,0.30509239571061,0.216208972804839,0.918055423616137
1287,0.671500330078116,11,1.11912062252183,0.977698059254763,0.31474953143446,0.219832702354964,0.918055423616137
1288,0.655738807227353,11,1.09182961064947,0.932793970372475,0.289735430203664,0.206734831188023,0.918055423616137
1289,0.603831844726368,11,1.18377066857284,0.900759208260722,0.367214580398736,0.282510647936759,0.918055423616137
1290,0.458849928057876,11,0.874550457485793,0.726555442505817,0.330845002014899,0.244929526243604,0.918055423616137
1291,0.593584620445465,11,0.982586572391692,0.81048589446226,0.330425139970009,0.23362795395365,0.918055423616137
1292,0.659315008000153,11,1.06595682141272,0.852663422009684,0.320549259652522,0.24004770932829,0.918055423616137
1293,0.480164922912651,11,0.833675943689938,0.649002028644362,0.272646978550047,0.199601148949403,0.918055423616137
1294,0.579611979622656,11,0.949312805675937,0.749554971769964,0.348466060374824,0.255258275376033,0.918055423616137
1295,0.477957130426362,11,0.77858344151091,0.626526442861958,0.283224138694066,0.203736783811315,0.918055423616137
1296,0.701364520309028,11,1.09350743346268,0.881216571827671,0.41727018563905,0.29719789036152,0.918055423616137
1297,0.715353408779707,11,1.09840839252108,0.897560108131799,0.391751150468191,0.303116832430077,0.918055423616137
1298,0.67733970403784,11,1.04998874143166,0.844215445899906,0.396256714640058,0.280171698812982,0.918055423616137
1299,0.572340092476452,11,0.866033087160463,0.72973420060028,0.328327745813181,0.237826420599428,0.918055423616137
1300,0.719521977726529,11,1.11301279446881,0.878088830138426,0.351074851446369,0.267656371269014,0.918055423616137
1301,0.760286651792697,11,1.1808417167564,0.920100902985735,0.428806320189633,0.31382622333312,0.918055423616137
1302,0.624694297421661,11,0.871438159193773,0.799969709971617,0.3718968359661,0.267311305134861,0.918055423616137
1303,0.728949935904172,11,1.13757132137977,0.877215426069852,0.421775158194608,0.283581329889027,0.918055423616137
1304,0.567929134571436,11,0.881580709438863,0.685293193707986,0.338905267460144,0.247060727711909,0.918055423616137
1305,0.758031570472109,11,1.09208872891915,0.939189153366543,0.449466733900575,0.301810644796088,0.918055423616137
1306,0.661076670025918,11,0.978673608260643,0.862177091956999,0.363269591577494,0.273498822823438,0.918055423616137
1307,0.759381771396543,11,1.13298475549073,0.90113985877517,0.41023129855945,0.289049402257219,0.918055423616137
1308,0.585764406681782,11,0.852772174792481,0.731168654615587,0.349018696918093,0.250041396948362,0.918055423616137
1309,0.659036400481628,11,0.979643096746536,0.77447392977204,0.38388232658963,0.261689747639405,0.918055423616137
1310,0.684288698165595,11,0.972243482876461,0.853224476485457,0.403520135549979,0.291612263352719,0.918055423616137
1311,0.554195064200709,11,0.786734354000772,0.642093620953487,0.331132639367495,0.233962174913517,0.918055423616137
1312,0.768838623567106,11,1.00848135701651,0.88503383880002,0.442915821400201,0.312452006589808,0.918055423616137
1313,0.623077625586531,11,0.883203803224123,0.720508180041156,0.340233378664397,0.247602403996682,0.918055423616137
1314,0.702556080625179,11,0.98678419411152,0.880143526811992,0.44876559574886,0.335274761666035,0.918055423616137
1315,0.636266826411839,11,0.915954243516497,0.743163976422347,0.335109693326457,0.24976972545253,0.918055423616137
1316,0.947533497653846,11,1.2381878061474,1.02895379656236,0.560464609158828,0.399670637529599,0.918055423616137
1317,0.645071552132642,12,0.855624848829399,0.73970178481263,0.416079607503907,0.291624036768236,0.917895864378985
1318,0.82248314736779,12,1.03968289172506,0.916638110706138,0.514052993606415,0.360198085911193,0.917895864378985
1319,0.629912016412561,12,0.740020662974677,0.663287408959246,0.35850613324143,0.280772585653638,0.917895864378985
1320,0.672667742548696,12,0.825349621196043,0.761576720100265,0.425205620284075,0.311166619626758,0.917895864378985
1321,0.944563596998545,12,1.1222534483203,1.02214652533297,0.566169598664069,0.406376726254269,0.917895864378985
1322,0.946563478691981,12,1.08785208718305,0.970718650087691,0.632763867508878,0.438452803092017,0.917895864378985
1323,0.906582933876815,12,0.976314987490174,0.952996225884954,0.575555044024469,0.416770771852054,0.917895864378985
1324,0.957853814405788,13,0.988538804447636,1.00195015425705,0.632118301543987,0.443734962664379,0.918837700366309
1325,0.942817305489793,13,1.02372493444077,1.02838478969597,0.706983790560931,0.505180437056883,0.918837700366309
1326,0.895259042351913,13,0.931854487112166,0.965299147099757,0.651040407600556,0.48787912394841,0.918837700366309
1327,1.07788535700421,13,1.13161294052502,1.19998990082169,0.758238848060188,0.566372385621997,0.918837700366309
1328,1.03843142163156,13,1.03396154447083,1.06515144190311,0.700684406096317,0.503066801236701,0.918837700366309
1329,0.794254618699898,13,0.820508970249232,0.885457897487474,0.588273856040141,0.40309481146123,0.918837700366309
1330,1.12057630885018,13,1.10653686833872,1.17320012635308,0.715294699583453,0.529073570576554,0.918837700366309
1331,1.10476722327172,13,1.28122121774934,1.3840727660881,0.874807026024379,0.63905539882641,0.918837700366309
1332,1.0081279660562,13,1.02933558029556,1.11200897833399,0.759135838958156,0.526960872746974,0.918837700366309
1333,1.20706170041181,13,1.08649381208985,1.19919534601261,0.815753943125684,0.605588252864074,0.918837700366309
1334,1.20374234139731,13,1.09500230411322,1.15301652385382,0.77578685497423,0.5429891124147,0.918837700366309
1335,0.887543300922473,13,0.808883622449688,0.879077190989654,0.651509249645054,0.474385234042879,0.918837700366309
1336,1.1647905432745,13,1.03146631438859,1.13219514522304,0.827493462206268,0.603454211837504,0.918837700366309
1337,1.10182636798816,13,0.975499111819345,1.09933052287427,0.781248221747512,0.569845824400293,0.918837700366309
1338,1.06010296334796,13,0.972048047115802,1.0639668201529,0.749405047098961,0.551829982566497,0.918837700366309
1339,1.07991237211674,13,0.960084771994844,1.08937588386022,0.757174047057197,0.558232291864648,0.918837700366309
1340,1.16056796670261,13,1.02435119366296,1.14957654805289,0.789664930680954,0.544319625019239,0.918837700366309
1341,1.0195772413089,13,0.894924322904043,0.986044742351994,0.716726317022102,0.520477262156106,0.918837700366309
1342,0.94515181329766,13,0.834083456017912,0.859546094876199,0.651441242925711,0.470032047099384,0.918837700366309
1343,1.16643606460441,13,1.01588071727117,1.16046703548195,0.788025568289144,0.554033752271182,0.918837700366309
1344,0.768555610820205,13,0.679653845681009,0.783862634509071,0.505835445550117,0.372393724049287,0.918837700366309
1345,1.24996727198001,13,1.05967493483238,1.25771800128459,0.867452150111054,0.631728471859641,0.918837700366309
1346,1.32760167021164,13,1.11248975154692,1.32798226861968,0.913983436988983,0.667316364902019,0.918837700366309
1347,1.02631773204843,13,0.839414592781673,1.02184800538715,0.715326483339632,0.523686641471664,0.918837700366309
1348,1.24330499260127,13,1.0533263408113,1.293807351474,0.886553316935648,0.640297442976962,0.918837700366309
1349,1.12977906184453,13,0.891448786489306,1.07636421579078,0.77784136487902,0.575627848867014,0.918837700366309
1350,1.3669072518672,13,1.06745610378334,1.22188628831439,0.954866796169001,0.715103281024363,0.918837700366309
1351,1.4082385231011,14,1.10216542384098,1.37682782516274,1.09772130421229,0.809267671712455,0.918373141585977
1352,1.30896091587839,14,1.01717001861772,1.24151068890246,1.02816179164442,0.785646719201236,0.918373141585977
1353,1.40971150608049,14,1.08786588347297,1.32985925423945,1.03260457290775,0.802097446351917,0.918373141585977
1354,1.43639655539824,14,1.09380533581143,1.40480248970481,1.03542532524183,0.839831118858124,0.918373141585977
1355,1.3197319995129,14,1.01706807845925,1.33491898188678,1.13707909342215,0.83415545488428,0.918373141585977
1356,1.24234482515291,15,1.0277906009321,1.31789845676799,1.02328389706664,0.767284829561073,0.926553587856632
1357,1.3741038832108,15,1.05266159461917,1.2736607896147,1.03909437411536,0.789564108630455,0.926553587856632
1358,1.15284450835945,15,0.868443697892822,1.06576905288496,0.85710665470465,0.649861294104551,0.926553587856632
1359,1.43711963207438,15,1.07659677999326,1.29490151676749,1.01208372814943,0.798178151512617,0.926553587856632
1360,1.29211021413349,15,0.956793105499652,1.2429721347242,0.96580412902219,0.734741744381162,0.926553587856632
1361,1.38132635654351,15,1.03589274270416,1.31893579671522,0.960721919680383,0.756603486665086,0.926553587856632
1362,1.12749318317726,15,0.868216452199313,1.10209030825419,0.823127409170786,0.633854873713602,0.926553587856632
1363,1.35103697323072,15,1.15661915031324,1.39885058762401,1.13152412016152,0.861978742664889,0.926553587856632
1364,1.20232181104954,15,0.958237483153745,1.15962904920791,0.870003237149821,0.710382904555305,0.926553587856632
1365,1.22508942190209,15,0.968987203840228,1.20154902234889,0.808482636362588,0.574252307759734,0.926553587856632
1366,1.17552884939803,15,1.04173235067682,1.15077049045165,0.815411294795951,0.61233671091359,0.926553587856632
1367,1.3269018015661,15,1.06073318251859,1.22650037607778,0.926239569701787,0.657827131360048,0.926553587856632
1368,1.36668363644958,15,1.10351894960358,1.1893366676073,0.934003762163956,0.663156850365527,0.926553587856632
1369,1.02864718462462,15,0.812738491832214,0.97528793386207,0.735754675957457,0.536025412737546,0.926553587856632
1370,1.13461089310364,15,0.931082594811727,1.10181200400408,0.838014255551555,0.626859502459296,0.926553587856632
1371,1.16148976781767,15,0.984829211818116,1.10953017682109,0.871097231617768,0.644941767827511,0.926553587856632
1372,1.11271919969664,15,0.996442886381551,1.06639204664992,0.923796701970688,0.658902939261516,0.926553587856632
1373,1.19666283872249,15,0.978026610159285,1.14571715930781,0.862420062590388,0.637360484745016,0.926553587856632
1374,1.35921350762289,15,1.11492114659006,1.31136654710772,1.03068535730682,0.750888079987867,0.926553587856632
1375,1.13607763352791,15,0.943003947760065,1.06877411248649,0.869602283660015,0.645001000858588,0.926553587856632
1376,0.85917242453978,15,0.749647215899674,0.852954240267262,0.707605541110621,0.533641825706142,0.926553587856632
1377,1.28617982990799,15,1.09546806182227,1.23483560347043,0.933141451672774,0.714931935368696,0.926553587856632
1378,1.37724833270174,15,1.14627446050366,1.32491689116487,1.02025238716909,0.761277304916374,0.926553587856632
1379,1.12008610498811,15,0.971761253956581,1.11111881561299,0.859479150286638,0.626532239089638,0.926553587856632
1380,1.15638372351405,15,1.02593337769862,1.12753490332023,0.909590802870636,0.68399651419982,0.926553587856632
1381,1.36902864776953,15,1.16064816498683,1.31035388609712,0.974284325098984,0.697524379516905,0.926553587856632
1382,1.04011059816522,15,0.895640343912653,1.00219866788819,0.719286414594642,0.539576655950058,0.926553587856632
1383,1.17471264213704,15,1.00787571244282,1.09044642067268,0.819083414903669,0.627094915135497,0.926553587856632
1384,0.99189111387091,15,0.859571396245463,0.902227243612463,0.704530075820882,0.531897508241968,0.926553587856632
1385,1.0058684703738,15,0.862630232954732,0.969545443868419,0.693523362122917,0.542247439953605,0.926553587856632
1386,0.95256822638084,15,0.807882636617081,0.91962489990258,0.685972316451325,0.495947052964013,0.926553587856632
1387,1.24595801221637,15,1.09402774937903,1.1974992401616,0.922652665379937,0.713822678351634,0.926553587856632
1388,1.25893271399788,15,1.10171725880091,1.21188712490085,0.925682760518868,0.689210228303885,0.926553587856632
1389,1.143403479669,16,0.961367344221638,1.0924108919829,0.745310886854659,0.537815893052844,0.93339739330299
1390,1.11619904170443,16,0.933817135718588,1.07374281847732,0.764486632130908,0.553034917229391,0.93339739330299
1391,1.27970094694552,16,1.09426266004185,1.27544843547973,0.914513357283832,0.692333049829336,0.93339739330299
1392,1.0518555868421,16,0.896963457246629,1.05465685383977,0.789987757158627,0.600583380892811,0.93339739330299
1393,1.32692668420977,16,1.1351916031941,1.29328222478109,0.965149855806899,0.732132684862083,0.93339739330299
1394,1.43293603045806,16,1.31703972293651,1.44101781322399,1.07997165940713,0.817103493199531,0.93339739330299
1395,1.19063963625852,16,1.03126379357695,1.18013770970821,0.893932452166276,0.690356670872494,0.93339739330299
1396,1.02652063810912,16,0.95170140402557,1.08726944664747,0.883744780724694,0.650666593394457,0.93339739330299
1397,0.838426411235724,16,0.758725677387414,0.86763881724679,0.699410388427226,0.518174565793295,0.93339739330299
1398,1.17642877254685,16,1.05203934400625,1.19900740557882,0.865953057018503,0.644946770459274,0.93339739330299
1399,1.27231403795065,16,1.15044559385238,1.29566929138248,0.94773845023595,0.709273854173958,0.93339739330299
1400,1.17673543722896,16,1.05840359452074,1.18775850451998,0.882714936434217,0.659920250272075,0.93339739330299
1401,0.954370296210049,16,0.884631422555461,0.971276441289538,0.732806908468953,0.55617548854601,0.93339739330299
1402,1.32614441983701,16,1.24369528718178,1.33553741172083,1.00238129539062,0.765869964175972,0.93339739330299
1403,0.848356130417099,16,0.809762162600901,0.846534634502577,0.580303376524125,0.4453761388452,0.93339739330299
1404,1.10449398323652,16,1.06202901349408,1.11180621003098,0.773610336243442,0.605233471512451,0.93339739330299
1405,1.08751891813684,16,1.0676924304431,1.09394439110494,0.811015347216123,0.647128116341372,0.93339739330299
1406,0.775681982167881,17,0.7993084488265,0.814408285149811,0.689301648925709,0.50609107750242,0.936074470461332
1407,1.08679873694872,17,1.1277539291014,1.11528151062418,0.901261964582739,0.670918744772349,0.936074470461332
1408,0.863776395151141,17,0.900323930311528,0.872603638856109,0.644756885545663,0.493845170514796,0.936074470461332
1409,1.13057584636434,17,1.20316709176861,1.16302404763198,0.873388518795231,0.676459395088993,0.936074470461332
1410,0.789175636658437,17,0.857924739441109,0.819726514922765,0.674774270354564,0.500795356403592,0.936074470461332
1411,0.898977484732161,17,0.985435626186296,0.926194095126612,0.711610842211302,0.536745612176414,0.936074470461332
1412,0.626680435704698,17,0.70371093243823,0.657983283222467,0.511203435223117,0.391279846728089,0.936074470461332
1413,0.841259745353633,17,0.94412709036907,0.893405788916449,0.608496385177572,0.478439721343855,0.936074470461332
1414,0.81200054141351,17,0.969658892752681,0.905172680730171,0.693503872533141,0.524339083187231,0.936074470461332
1415,0.909493242455771,17,1.04391567969009,0.972629864156824,0.711074203342493,0.562846946053071,0.936074470461332
1416,1.00830595616896,18,1.13591381626789,1.04286915537295,0.865622811101017,0.644299201838391,0.934832364013658
1417,0.975874613469462,18,1.12984291464748,1.04515792988485,0.846300454322133,0.615627976116524,0.934832364013658
1418,0.93823931094065,19,1.04164600224528,0.958720248965531,0.830036641425132,0.63313527031017,0.934092012070533
1419,0.701302027170322,19,0.769843633440805,0.708061441670202,0.586866722554265,0.469892627709192,0.934092012070533
1420,0.951885418626539,19,1.03574017317596,0.976094058642158,0.791629684164011,0.600606683273209,0.934092012070533
1421,0.937660520877118,19,1.08135495233934,0.983226672807698,0.784492952577315,0.609936644540895,0.934092012070533
1422,0.938783092814239,19,1.03229524679334,0.948557297356284,0.858245417840581,0.637695795427637,0.934092012070533
1423,0.800587392085819,19,0.909253858087312,0.83106841310332,0.732217685912927,0.542970463046867,0.934092012070533
1424,0.795499216425014,19,0.921208949151015,0.838246500002824,0.670146356993275,0.555378345293761,0.934092012070533
1425,0.945747160232891,19,1.10022195051481,1.00586967394913,0.884387304354289,0.663250881336202,0.934092012070533
1426,0.719531300272313,19,0.809405720539747,0.76463448845064,0.713032083417272,0.539143706363615,0.934092012070533
1427,0.946156440489823,19,1.11563614602361,1.02842972562004,0.853304140161882,0.646167782833604,0.934092012070533
1428,0.729713988151688,19,0.845989906188151,0.803801781118992,0.68848975964031,0.541433186225201,0.934092012070533
1429,0.748426289161563,19,0.847758768288491,0.805342738547319,0.728310258544222,0.549584803791233,0.934092012070533
1430,0.963642048014908,19,1.12295781872157,1.05892569468761,0.93441668419927,0.705687442294326,0.934092012070533
1431,0.835238812364393,19,0.944155942745426,0.914173428778004,0.709915361436228,0.552165493441245,0.934092012070533
1432,1.11754608361746,19,1.29294209651263,1.23414415395386,1.01579602417461,0.766568474623031,0.934092012070533
1433,0.957217872744053,19,1.08013973757099,1.01605084986827,0.893564174625715,0.670928725860681,0.934092012070533
1434,0.964428118251556,19,1.11984830086498,1.046154628137,0.912021874938011,0.692142136943649,0.934092012070533
1435,0.809327141162394,19,0.953238292529496,0.92018210555957,0.735919096497317,0.553882195122802,0.934092012070533
1436,0.379885750681423,19,0.407673558394848,0.396357578949687,0.40502348652933,0.299199460264789,0.934092012070533
1437,0.924928127468384,20,1.07184669592007,1.03796001660131,0.780594917487993,0.600054624574744,0.937378113335388
1438,0.776336177220724,20,0.903821287512416,0.851320477602396,0.702852566101905,0.51287048383755,0.937378113335388
1439,1.02443367019641,20,1.16491623577212,1.13509819794432,0.887109273605703,0.644763203633447,0.937378113335388
1440,0.923983208335827,20,1.05630807169754,1.011109810817,0.814492593804471,0.605007074412887,0.937378113335388
1441,0.736870034599842,20,0.837491977758819,0.81629647220195,0.697050791676663,0.503443168184538,0.937378113335388
1442,0.925107616790327,20,1.0844290647249,1.01601083616208,0.85489148032311,0.641519126603037,0.937378113335388
1443,1.00033519848441,20,1.1791720874026,1.1349457407353,0.877481904315793,0.659917730563145,0.937378113335388
1444,0.579355215216572,20,0.697334230780792,0.647693993722163,0.506557107308608,0.400230231618535,0.937378113335388
1445,1.02737514493075,20,1.19741008048086,1.11748564292942,0.907133336964354,0.690045700195943,0.937378113335388
1446,1.20378588952381,20,1.43937155989067,1.26519889331659,1.06864764957332,0.802080226340834,0.937378113335388
1447,0.784101081911217,20,0.959108982092457,0.848012663686514,0.749365290133799,0.567592502943437,0.937378113335388
1448,0.853807741045758,20,1.04443811656139,0.948099741865565,0.823328189210214,0.624877481310377,0.937378113335388
1449,0.817376616976252,20,1.00212675107729,0.919335628471102,0.761223310544332,0.571841055500353,0.937378113335388
1450,0.682086720363161,20,0.891442562472712,0.784067421889114,0.649465836623224,0.490095936104108,0.937378113335388
1451,0.489679466927233,20,0.644132430044575,0.547199421266694,0.499412961929661,0.377463400977089,0.937378113335388
1452,1.08961025993134,20,1.37810595128471,1.20485281028605,0.96420123029839,0.737922009449929,0.937378113335388
1453,0.842129166774053,20,1.09875111905125,0.928108128214784,0.777312478634672,0.586043781761246,0.937378113335388
1454,0.665509052736988,20,0.903226106381369,0.762891089406439,0.637263320590903,0.478838150207573,0.937378113335388
1455,0.489293961682532,20,0.660080824116415,0.534690728711184,0.509704274660582,0.379491640029568,0.937378113335388
1456,0.748174757884955,20,1.03188572166876,0.840909744532162,0.728590671157685,0.542929279057382,0.937378113335388
1457,0.633725620794892,20,0.916039311305392,0.707333374581101,0.621092513374292,0.463185617414577,0.937378113335388
1458,0.518642708427081,20,0.791690294933298,0.577910915472466,0.474099512395249,0.380230820035221,0.937378113335388
1459,0.716876808643387,20,1.07184843063262,0.830650850741347,0.68497181960399,0.513506909398518,0.937378113335388
1460,0.582563110778694,20,0.850667111591073,0.640534517648245,0.595119055007344,0.44373172602883,0.937378113335388
1461,0.578795407698371,20,0.858365461398517,0.6500503774563,0.572207051294206,0.418959419383139,0.937378113335388
1462,1.01146966037989,20,1.45413949142501,1.11685160038233,0.90867471068782,0.673669170244958,0.937378113335388
1463,0.711310174929374,20,1.01402779749381,0.76530697329172,0.693988072455384,0.522224887483242,0.937378113335388
1464,0.830874717491833,20,1.22046002595656,0.886545998031414,0.739771238364646,0.563606261692017,0.937378113335388
1465,0.751100997962417,20,1.12793517634993,0.833905689643757,0.653250439252537,0.520666016823222,0.937378113335388
1466,0.498302276249679,20,0.715165923609125,0.533619465834012,0.504114015084145,0.371551123597905,0.937378113335388
1467,0.506612762168937,20,0.714339322395196,0.528683811918907,0.485127548090283,0.371333395618943,0.937378113335388
1468,0.396038102100599,20,0.606398483650115,0.408644865517074,0.433876054038446,0.314894103159437,0.937378113335388
1469,0.879697867404126,20,1.29680406325938,0.989009919394378,0.795083879452059,0.601044405832559,0.937378113335388
1470,0.526221113029252,20,0.786060507847275,0.557680046834854,0.495317376298348,0.381532799751341,0.937378113335388
1471,0.504765742759806,20,0.759483048437925,0.548036636051151,0.509021721369526,0.37466171716489,0.937378113335388
1472,0.746878628167101,20,1.16034722506176,0.835111582698499,0.720777176766742,0.538926708401205,0.937378113335388
1473,0.79101686098677,20,1.23501059594484,0.885053523095894,0.756893839901811,0.572594714331425,0.937378113335388
1474,0.908067570401354,20,1.39954976274158,0.999301795961912,0.840650747932147,0.641667466048691,0.937378113335388
1475,0.823396869206034,20,1.26495160991029,0.894588186338287,0.810990030545431,0.598108293949428,0.937378113335388
1476,0.810869651457663,20,1.26473238761063,0.886585341396301,0.784590686705974,0.589056064415646,0.937378113335388
1477,0.841035476315767,20,1.33343289751167,0.91523433495326,0.794195650068954,0.593601397083669,0.937378113335388
1478,0.378245679889659,20,0.547327691447173,0.400952318814303,0.393078387407207,0.294024848677253,0.937378113335388
1479,0.562527575176894,20,0.908916412842032,0.599494709816946,0.578792457074228,0.435167991950038,0.937378113335388
1480,0.29991611397279,20,0.429002668541315,0.320915394665517,0.325617616207425,0.238974169153493,0.937378113335388
1481,0.441080136048438,20,0.689911690490383,0.451000619637515,0.460909901246338,0.345281198508783,0.937378113335388
1482,0.479784794884293,20,0.749556543873541,0.501809012500459,0.503927088888263,0.375549034287306,0.937378113335388
1483,0.96255345961487,21,1.54632455462637,1.0238958407742,0.945265561706221,0.710798548068211,0.938004179558864
1484,0.31410703581125,21,0.432523465176692,0.333386045245154,0.335144463826432,0.244997928825118,0.938004179558864
1485,0.430744909276368,21,0.701432285689851,0.453343746065377,0.457147932800319,0.336375850155264,0.938004179558864
1486,0.795737193320812,21,1.306834013052,0.84798714877848,0.797631799520103,0.590194181069006,0.938004179558864
1487,0.722826299630119,21,1.11340440430783,0.765742231783576,0.726145317407572,0.549450481687294,0.938004179558864
1488,0.942341382127734,21,1.41754213929098,1.00596080789227,0.920246275858327,0.680237515924569,0.938004179558864
1489,1.07961277667395,21,1.60841856998708,1.14534233071462,1.02358635636542,0.741276888133421,0.938004179558864
1490,0.678859424835661,22,1.09592631190733,0.732454069744026,0.685069931322673,0.511107126997936,0.936499618599746
1491,0.702444492715328,22,1.05922633366568,0.771307551334938,0.716160514426568,0.539088034055408,0.936499618599746
1492,0.455034172661225,22,0.697728261658136,0.490933480825419,0.486429971159552,0.357453517785826,0.936499618599746
1493,0.782978657423777,23,1.21076703901639,0.844007915195325,0.772708186608447,0.564599713468824,0.936393902322347
1494,0.456754668283498,23,0.745872213895296,0.505430436134126,0.511640176254173,0.364155159774603,0.936393902322347
1495,0.163085091715101,23,0.238736771632072,0.181523447364242,0.187466762597565,0.131180579124962,0.936393902322347
1496,0.432063078155059,23,0.608728083660527,0.470715479732006,0.504097416554581,0.363886604973016,0.936393902322347
1497,0.732138983746679,23,1.05009069600437,0.777914732244698,0.789452514242809,0.587466170302485,0.936393902322347
1498,0.781604844576512,23,1.09606081948152,0.821684425513209,0.821586614652466,0.61061745964427,0.936393902322347
1499,0.446772120433117,23,0.605781974816743,0.473411362049417,0.514721270184912,0.367494080132951,0.936393902322347
1500,0.804602733175753,23,1.07085138592215,0.845066540343644,0.813921265402787,0.611700434214502,0.936393902322347
1501,1.01739694770075,23,1.17614175049616,1.03231401095415,1.0223166231128,0.733826213060559,0.936393902322347
1502,0.847360963305367,23,1.03048460245075,0.874816842290034,0.848207069726743,0.647976350129607,0.936393902322347
1503,0.965246954331616,23,1.15985470221791,0.998182687452035,0.991166401550499,0.740802905589557,0.936393902322347
1504,0.89873332571599,24,1.02992761781469,0.925073788351577,0.966945258179142,0.708229766493124,0.93607662087951
1505,0.684525357300982,25,0.771861031137007,0.71641893424934,0.753312006725706,0.557870539220436,0.937972974662724
1506,0.991300732257605,25,1.09304341541421,1.03838431404712,0.958112083134436,0.722662775813096,0.937972974662724
1507,1.12499812571786,25,1.2296927961773,1.15881626962187,1.19715413042369,0.889205084529901,0.937972974662724
1508,1.10948390749205,25,1.19538029376884,1.14620523143123,1.16037820233657,0.85593189865909,0.937972974662724
1509,0.881211119630366,25,0.923679801469455,0.904672482964864,1.00605132128179,0.741535851754486,0.937972974662724
1510,0.784465444680849,25,0.828043704847873,0.812850369294375,0.868036009087272,0.613823058649037,0.937972974662724
1511,0.54573577569919,25,0.56169961742589,0.563145925875789,0.621158253482992,0.44871687597746,0.937972974662724
1512,0.982463632217643,25,0.987401711904868,0.993768590122729,1.02213541033693,0.761138296692543,0.937972974662724
1513,1.12441040782191,25,1.07264125236727,1.10952114448321,1.06848983645781,0.8311482932372,0.937972974662724
1514,1.14175240889072,25,1.13058210864515,1.14970820594081,1.12672317160718,0.864179685351508,0.937972974662724
1515,0.992262819517703,25,0.984758318861945,1.00439554600018,1.03139289436472,0.781334159015692,0.937972974662724
1516,1.17341612257625,25,1.10835026583001,1.14053376776191,1.06322317623252,0.812043992160637,0.937972974662724
1517,1.25125132627299,25,1.18176067411698,1.24142257672326,1.24163517004615,0.942585772460456,0.937972974662724
1518,0.970773200418385,25,0.971423708233179,0.967321762463669,1.00258530473466,0.76696132220565,0.937972974662724
1519,1.02349291442795,25,0.982430572816288,0.990609368632654,1.0694707689505,0.806176755139231,0.937972974662724
1520,0.954284381381987,25,0.904444667165867,0.934933761532185,1.00947817713461,0.747180475909329,0.937972974662724
1521,1.32894246616396,25,1.27624315406519,1.28328921686477,1.33068426283317,0.996112401944187,0.937972974662724
1522,1.04368766966125,25,1.03426920361922,1.01944502878375,1.0720761276688,0.803122627310025,0.937972974662724
1523,0.974426069853481,25,0.977055001613659,0.960074149225764,1.06584508098142,0.77904501950648,0.937972974662724
1524,0.675579901384089,25,0.615014229934698,0.636085340484225,0.726612999655385,0.543592156969075,0.937972974662724
1525,1.31011038736257,26,1.23866352115434,1.2398121362898,1.24213306186183,0.928818772091358,0.939372160407265
1526,1.09841830648232,26,1.08750742306098,1.06248348260432,1.10729080946522,0.822631787471087,0.939372160407265
1527,0.725574412815692,26,0.712589856120476,0.692159279809652,0.794759240801704,0.567916122162093,0.939372160407265
1528,0.478337135981884,26,0.449195724031865,0.453226120923213,0.547659613694356,0.37834730292522,0.939372160407265
1529,1.0976588874698,26,1.06084895359771,1.00815376740465,1.05737628127574,0.731053187485174,0.939372160407265
1530,1.2428581640557,26,1.19891323005237,1.12947690820612,1.13304175897693,0.866705025232016,0.939372160407265
1531,0.976242738541719,26,0.953831135737424,0.923428667222383,1.00154396091115,0.726143579533431,0.939372160407265
1532,1.07942857017623,26,1.04499816567328,1.00124240050784,1.05583072601126,0.789557100621855,0.939372160407265
1533,0.977032077005711,27,0.925516589831582,0.89523640868648,1.0373300495063,0.760021298978037,0.937241009584395
1534,1.37762827231589,27,1.31353292663718,1.28860606797693,1.37741882042417,1.01713221612702,0.937241009584395
1535,1.18363949389716,27,1.13718866852679,1.10622010638407,1.21987498094854,0.888302719130872,0.937241009584395
1536,1.269000840779,27,1.20382524270674,1.16370528711912,1.27657573575601,0.953151123089073,0.937241009584395
1537,1.09926763340389,27,1.05642398056444,1.04779384392475,1.11911210961063,0.819115805796081,0.937241009584395
1538,0.771613375261942,27,0.71243961735321,0.71102376512105,0.816808253769415,0.58728688176851,0.937241009584395
1539,0.647543234858032,27,0.609551430434318,0.591825767932252,0.670225511772197,0.49038972003461,0.937241009584395
1540,0.863453657344031,27,0.81649931082092,0.790604030253402,0.925596888466273,0.684186979229953,0.937241009584395
1541,1.23335826943763,27,1.13925700921965,1.13023003808794,1.21376135514626,0.917778832145722,0.937241009584395
1542,0.776218642810121,27,0.738220489493094,0.713521026190117,0.846619113015048,0.6170852706788,0.937241009584395
1543,1.13246296669521,28,1.0455524963639,1.04961046863905,1.17233700075727,0.859444796369251,0.937939454887887
1544,1.27235351718516,28,1.15504002152354,1.16927264121618,1.27587079785231,0.950550867178135,0.937939454887887
1545,1.40194541278937,28,1.28857945638815,1.29097429069386,1.40474070111582,1.03264639011807,0.937939454887887
1546,1.4465177625583,28,1.33700577398466,1.32861504198127,1.43561825246048,1.0898676589593,0.937939454887887
1547,0.995937080584431,28,0.907493602655265,0.919971140442746,1.07618972597379,0.801045351332026,0.937939454887887
1548,0.892620715816166,28,0.804843853878537,0.812783714688349,0.936031777388982,0.693176149419458,0.937939454887887
1549,1.27765750773063,28,1.17079805158726,1.16077126722372,1.29273694483396,0.945813809783741,0.937939454887887
1550,1.02696689178665,29,0.956486675722577,0.944053547812276,1.06836508208757,0.789953212492292,0.940872212255314
1551,1.16559066071319,29,1.10084399718698,1.08005043160882,1.15938694242085,0.873314658042616,0.940872212255314
1552,1.10789538771909,29,1.03500917426452,1.02092940336469,1.12812280221767,0.859228324610292,0.940872212255314
1553,0.959034427323411,29,0.896851326966572,0.871669300326081,1.03484659453626,0.749994519514746,0.940872212255314
1554,0.538588723890856,29,0.485247547160409,0.498085820421658,0.644207100724042,0.453767274362402,0.940872212255314
1555,0.973240705927666,29,0.910977190651333,0.906378575464384,1.05556055429022,0.773293870857001,0.940872212255314
1556,1.08255551047752,29,0.999552905987151,0.995237695964867,1.13472263472869,0.842307812043552,0.940872212255314
1557,1.25091171845489,29,1.13349249136804,1.14207812747456,1.2279809723579,0.923317773943074,0.940872212255314
1558,0.987443874448601,29,0.870471723446814,0.907831524419309,1.02643711888458,0.768381042745106,0.940872212255314
1559,1.19586946095751,29,1.04661853055451,1.10773161604688,1.24384504456736,0.93534279561837,0.940872212255314
1560,1.09251935964519,29,0.92755796477652,1.01145247496845,1.14348369457488,0.847598714911858,0.940872212255314
1561,1.44329946812229,29,1.23393749538668,1.32874404592374,1.42973357178424,1.07391565508531,0.940872212255314
1562,1.35539834486948,29,1.13468534590913,1.24900208115083,1.37855920909832,1.03180190007829,0.940872212255314
1563,1.00442201845963,29,0.837718100127201,0.926208549464095,1.05866470560815,0.788500154489047,0.940872212255314
1564,1.29152510747555,29,1.04832128025299,1.19092803046174,1.29187769427768,0.980822339685541,0.940872212255314
1565,1.22446404039778,29,0.995495607595897,1.14392289875361,1.24918352865139,0.95063644285287,0.940872212255314
1566,1.34297686702791,29,1.06798331320377,1.23594659022508,1.37336752627916,1.03276578629608,0.940872212255314
1567,1.18155950536921,29,0.908638661196241,1.08803404354111,1.17289099279362,0.881908220493641,0.940872212255314
1568,1.4083171327079,29,1.06657690684006,1.29348525675323,1.40585201750483,1.07084202462588,0.940872212255314
1569,1.1089666838224,29,0.833416170149819,1.0101870158664,1.15389684908914,0.861614931852206,0.940872212255314
1570,1.23606527541826,29,0.900660762671917,1.1275522122061,1.24908963120283,0.944134204053361,0.940872212255314
1571,1.28745235564635,29,0.94665619157873,1.19296261088153,1.32360913548363,0.991271781546326,0.940872212255314
1572,1.16234306058364,29,0.830487036437437,1.04082167760401,1.19382583000319,0.903913947689198,0.940872212255314
1573,1.42177764291666,29,0.992415206597647,1.30273306382655,1.42347925815641,1.07705058294238,0.940872212255314
1574,1.53648040807355,30,1.08973967073209,1.42405384498145,1.5550549736135,1.17228529910007,0.943129790188725
1575,1.43424353222716,30,0.993332882448482,1.29273605863402,1.42962936189505,1.06428155412603,0.943129790188725
1576,1.5748578208251,30,1.07938786165061,1.44028806353026,1.56673473482606,1.16912818454226,0.943129790188725
1577,1.57253339502157,30,1.10138754706274,1.4037943439364,1.56760622165962,1.17551906695545,0.943129790188725
1578,1.7195751633382,30,1.17945531290046,1.56092942586168,1.66000910021653,1.28820857165717,0.943129790188725
1579,1.60537787651464,30,1.15220152785263,1.41914316895019,1.58205127217767,1.19903584747084,0.943129790188725
1580,1.49155801000507,30,1.07320446156109,1.37796822635545,1.44662283452783,1.10575541796917,0.943129790188725
1581,1.37092057932202,30,1.00042490141462,1.29050245716356,1.37925272412911,1.02660771953958,0.943129790188725
1582,1.5856756457319,30,1.20783693364271,1.4574272438385,1.62838544245733,1.25091965675245,0.943129790188725
1583,1.78452846338876,30,1.32199431711787,1.59583899795457,1.74749351808694,1.33579539634334,0.943129790188725
1584,1.31437078808992,31,1.02435614256651,1.27747858109113,1.40135645958582,1.05769398624733,0.94315840085257
1585,0.759890496443552,31,0.64700991668398,0.714310373968718,0.865198654448926,0.628808747820634,0.94315840085257
1586,1.00404497221888,31,0.815288510903221,0.912462278686823,1.03036243185222,0.77353353472049,0.94315840085257
1587,0.773947718707246,31,0.64414548941645,0.716242560329693,0.82590165741349,0.603807403114823,0.94315840085257
1588,0.550567767303281,31,0.45924030441123,0.506010939692065,0.606321488605371,0.454731614302485,0.94315840085257
1589,1.262852931646,31,1.07118808869776,1.1962558966437,1.23452354712403,0.958151639699458,0.94315840085257
1590,1.14270300279501,31,0.969654034448411,1.06876986815146,1.15091915992861,0.876329780724168,0.94315840085257
1591,1.06797073852627,31,0.921828282683193,0.99208229053526,1.08835829141749,0.840231832423116,0.94315840085257
1592,1.57605041105747,32,1.32927755612992,1.43679819120483,1.52405108807657,1.17563015085338,0.941951949021776
1593,1.04178980577375,32,0.916210035098131,0.968469669250564,1.0806768488361,0.795084725945025,0.941951949021776
1594,1.04825325636451,32,0.964203543711914,0.973527903748748,1.13685126822451,0.85237877681065,0.941951949021776
1595,1.12753456726037,32,0.994360674679826,1.06936508117212,1.16713173637956,0.869981377332843,0.941951949021776
1596,1.42716536949892,32,1.17587252401419,1.31315576426258,1.3383562490981,1.0432611321018,0.941951949021776
1597,1.48501786296094,32,1.21553762495497,1.35589479922974,1.41046736175005,1.09174712533253,0.941951949021776
1598,1.25436675889296,33,1.09300534869387,1.21113265852178,1.30758136722558,0.989081457089609,0.942967960007589
1599,1.33407461065089,33,1.12931106891997,1.26726131180797,1.33119320919346,1.00113933866884,0.942967960007589
1600,1.10216437989734,34,0.927799227640878,1.01849967701089,1.1027730024731,0.813836953470169,0.942209178710047
1601,0.784496338290569,35,0.687504072257893,0.733676570380548,0.826214938383842,0.6154082859356,0.943335806581281
1602,0.588923490903739,35,0.511109992767847,0.560946848634958,0.632197827893617,0.466583509860493,0.943335806581281
1603,1.26287065181992,35,1.01128058489664,1.1588523436608,1.192571590157,0.898276063666134,0.943335806581281
1604,1.29380773898728,35,1.01723371333212,1.18331634576569,1.1986005192826,0.93573196950227,0.943335806581281
1605,1.2454294339443,35,1.03130772777268,1.12029894041141,1.2609722678714,0.968905391162721,0.943335806581281
1606,1.32575169953071,35,1.01356299842385,1.22675578379298,1.23238677960357,0.954052087060228,0.943335806581281
1607,1.46673093984721,34,1.09027230833152,1.3226690795705,1.35443244852109,1.04093568352042,0.939713238548124
1608,1.35722187154975,34,1.03904317545362,1.2426564130361,1.26643983273842,0.970181547078064,0.939713238548124
1609,1.26928823086994,34,0.962064724229168,1.18312648387177,1.17240022275684,0.896444614169009,0.939713238548124
1610,1.69450945648699,34,1.25845830907802,1.62301469072769,1.55920671855021,1.19623672716129,0.939713238548124
1611,1.31514248332606,34,1.0046763128177,1.25519125552783,1.22779917365798,0.932861981787738,0.939713238548124
1612,1.35891969475878,34,1.04979258377105,1.29508807808496,1.29695210986704,0.984662309610251,0.939713238548124
1613,1.29636018149156,34,0.977936979389775,1.23897225584832,1.19744507388209,0.922075082667522,0.939713238548124
1614,1.394903299538,34,1.07318978798477,1.34861610557065,1.31864764509756,1.00802662206651,0.939713238548124
1615,1.49849569186896,34,1.12555577827941,1.42554905333026,1.37273031354068,1.06794958038177,0.939713238548124
1616,1.3110067491699,35,1.02718233861499,1.2353460348468,1.23304143731553,0.94064626099939,0.94058988927817
1617,1.21079205515383,36,0.953207267988779,1.12584955190761,1.10731132564104,0.825577135414545,0.941542540582558
1618,1.26207453179975,36,1.0432836297954,1.21890748397533,1.20276792159473,0.910860617197914,0.941542540582558
1619,1.24719843760181,36,1.00267518921592,1.18317078113153,1.17262896306221,0.871610762826763,0.941542540582558
1620,0.85187033631134,37,0.734347507900176,0.825037284082931,0.858398013646767,0.625512777187362,0.941231405046016
1621,1.11996034042335,37,0.979930859570119,1.11565291032656,1.08026350023316,0.821291057461336,0.941231405046016
1622,1.24861592576934,37,1.04281803450826,1.16402023001984,1.19579585262134,0.899295985374028,0.941231405046016
1623,0.947615912568141,37,0.827905115298206,0.923645316588235,0.927653656612146,0.691651042712971,0.941231405046016
1624,1.3426141614375,37,1.15442163629592,1.23775839575717,1.27659255629878,0.955256513206792,0.941231405046016
1625,1.3008953364721,38,1.12548335050283,1.21866643654474,1.21912619815387,0.923922892575063,0.942565342108138
1626,1.04013658399046,38,0.919849548956515,1.00619029455013,0.984309374072442,0.720657485406892,0.942565342108138
1627,0.878382365671298,39,0.793511277261465,0.852028701839436,0.858426760826084,0.621807754661839,0.944496364784825
1628,0.742976408789684,40,0.710136668120461,0.743784838252201,0.768773538272576,0.561426483748198,0.944320407700167
1629,1.31576913013742,40,1.19973782836364,1.32301181639186,1.28179474289222,0.952049732383266,0.944320407700167
1630,0.950101130655053,40,0.901696887104169,0.969129991763401,0.98081444732842,0.72446419467226,0.944320407700167
1631,1.16116642109559,40,1.14169276588563,1.18494281364687,1.18719188772907,0.88012207765052,0.944320407700167
1632,1.06656425060994,40,0.976100512664912,1.07281801926856,1.05119698774178,0.801209414644754,0.944320407700167
1633,0.947307152358021,40,0.859289325401455,0.946858628350901,0.969500293399778,0.72991471036917,0.944320407700167
1634,0.998719793314095,40,0.93469342326434,1.03320784096038,1.0391193982017,0.759585966987186,0.944320407700167
1635,1.32118282604465,40,1.18738857803599,1.30706337175249,1.27389774039774,0.937731926911109,0.944320407700167
1636,1.37227936934943,40,1.23040037111547,1.34978980856596,1.33262177156371,1.00739448329386,0.944320407700167
1637,1.2629948621745,40,1.13507944138893,1.26745097455932,1.22254149894616,0.909487922194811,0.944320407700167
1638,1.20873945939567,40,1.10196526537485,1.21083954327925,1.19489822719919,0.881538873017218,0.944320407700167
1639,0.924744222802473,41,0.858988336830967,0.93749690840609,0.909077704364398,0.678698472602077,0.945230343942962
1640,1.09540534203952,41,1.00421184562325,1.0928059111922,1.07020141819316,0.809612892359131,0.945230343942962
1641,0.978061184540577,41,0.927275746438568,0.995519917499754,0.96423882735973,0.723124843119341,0.945230343942962
1642,0.994323030769196,41,0.9700845790682,1.00225096060419,0.995187000139495,0.747999178662142,0.945230343942962
1643,1.01152125785154,41,0.983804894462881,1.01214399629312,0.986447393830855,0.74272654848308,0.945230343942962
1644,1.08757772470349,41,1.08918666389412,1.13035789580858,1.06373475561048,0.790382840327023,0.945230343942962
1645,0.893163515942769,41,0.906760903501727,0.903012446999272,0.892984899750382,0.673018199200391,0.945230343942962
1646,1.09532663179576,41,1.11027796072572,1.10509948340788,1.0497785786795,0.798976811196024,0.945230343942962
1647,1.14388091634468,42,1.1956588875933,1.17410509005746,1.1363544467551,0.873258961964496,0.947202850998364
1648,0.994655679823324,42,1.03022671865697,0.99970161423055,0.981894269487717,0.733748564386898,0.947202850998364
1649,0.452480233588599,42,0.49190035637258,0.46656860653285,0.466234900774621,0.338783933825917,0.947202850998364
1650,1.07228786521729,43,1.13587374959579,1.09469368885617,1.03132989674325,0.779019893116794,0.949263159582327
1651,0.891104741513558,43,0.953627556373362,0.903217364156935,0.87726947520328,0.654880238388501,0.949263159582327
1652,0.740869936899959,43,0.834337087061316,0.760606243145536,0.736736887443119,0.553898914262317,0.949263159582327
1653,0.796183417160254,43,0.8719448205807,0.815988002021339,0.797301653896925,0.59320416791448,0.949263159582327
1654,0.95828469384005,43,1.10157352666357,1.00132148854931,0.960792305614673,0.737280798440989,0.949263159582327
1655,0.976035287186023,43,1.08936548184502,0.989959039417608,0.975491538370696,0.736921156279925,0.949263159582327
1656,0.818222269821587,43,0.908005997411422,0.84045441156232,0.800694758910586,0.601014734244696,0.949263159582327
1657,0.519764457989883,43,0.57116651135836,0.548649319064026,0.528814054773386,0.395867578954224,0.949263159582327
1658,1.00315778074159,44,1.10190399169901,1.03983456719475,1.0075573273878,0.742885135209733,0.951367587240126
1659,1.0782186446173,44,1.21161714821897,1.14361755653823,1.08957483743251,0.808283992722163,0.951367587240126
1660,1.04921340191207,44,1.16003180409508,1.08525366053044,1.05352050632334,0.771347031523223,0.951367587240126
1661,1.14647419729296,44,1.24974902740989,1.15854936114102,1.12083801218526,0.839754636169786,0.951367587240126
1662,1.07332013064966,44,1.16100213499359,1.09833679912135,1.07854025193631,0.794249478251559,0.951367587240126
1663,0.910644875060122,44,0.97165120913315,0.926783976674117,0.899378648150349,0.668823021960167,0.951367587240126
1664,1.01013616851917,44,1.10198775934388,1.02382838861893,0.979000264145387,0.744291135672868,0.951367587240126
1665,0.28577129646261,44,0.325524440029573,0.30595686841658,0.302546129848635,0.211227099353448,0.951367587240126
1666,0.92061760925786,44,0.98294841345921,0.925252481995235,0.909387622539745,0.685905380686201,0.951367587240126
1667,0.592139191342268,44,0.632825530448528,0.608651491760579,0.603784543784531,0.442478510362556,0.951367587240126
1668,0.984739295665268,44,1.04887186676514,0.992946545720078,0.959960166644052,0.719422735199878,0.951367587240126
1669,1.18017345341083,44,1.27621622490471,1.20715946553379,1.20287417332233,0.881218222557823,0.951367587240126
1670,1.20720164629415,44,1.26140770036948,1.23548291421424,1.18143856168338,0.887511222604301,0.951367587240126
1671,1.16602558798522,44,1.21237345816965,1.17593317448835,1.13938876948146,0.868534786536047,0.951367587240126
1672,0.693361514543338,44,0.721262757709436,0.702945337843819,0.721261982578757,0.528362198170258,0.951367587240126
1673,1.04630270480481,44,1.09092091651708,1.05890920436586,1.04459632653522,0.781585172161614,0.951367587240126
1674,0.943124585049429,44,0.960151210472985,0.952932815929295,0.941202641588313,0.707561801368725,0.951367587240126
1675,0.76245227934051,44,0.799862763175562,0.771650766341253,0.751810778779999,0.54998641535112,0.951367587240126
1676,0.715241894511485,44,0.750247352273618,0.721489766818211,0.710042978857857,0.489005981681998,0.951367587240126
1677,0.974109288313386,44,1.00510843125137,0.987254524518618,0.975106339861405,0.723987835147183,0.951367587240126
1678,1.04245612393968,44,1.02913299132182,1.04580440642398,1.01988234855729,0.769772091002468,0.951367587240126
1679,1.17164447894213,44,1.15222763276447,1.1804874937523,1.15153105002062,0.869645773048174,0.951367587240126
1680,1.06616098584738,44,1.04809420154356,1.0688811823937,1.05237932547669,0.802096537954277,0.951367587240126
1681,1.14006431114375,44,1.11432170049136,1.13759025861814,1.14029479630759,0.867761728839201,0.951367587240126
1682,0.891483619837616,44,0.897540940668575,0.895162857400308,0.906045591175431,0.690904239030919,0.951367587240126
1683,1.22873054239156,44,1.23520526859718,1.23987209292753,1.23862493798747,0.955770043150851,0.951367587240126
1684,0.957689677201347,44,0.937587820228967,0.951386031114384,0.968273569819769,0.737823570607777,0.951367587240126
1685,1.32172760344595,44,1.32300595243911,1.33049139149718,1.30474837332212,1.00026726401248,0.951367587240126
1686,1.10822154756266,44,1.14065266704161,1.12531548268603,1.14130911114035,0.866929481106983,0.951367587240126
1687,0.546737568116022,44,0.605364725466198,0.593783771168729,0.581084620317419,0.420555108404443,0.951367587240126
1688,0.777404067207551,45,0.826163897178429,0.814252776507812,0.805292589120707,0.591600926052419,0.953012264697451
1689,0.774252599618784,45,0.846967457927666,0.799983454688894,0.797482134762816,0.586878071872872,0.953012264697451
1690,1.05827519491965,45,1.10226661611652,1.05299718516163,1.05792690498839,0.805354606664734,0.953012264697451
1691,1.10347073097061,45,1.21420884247004,1.11853934404031,1.11954709702151,0.844743756471212,0.953012264697451
1692,0.889916089193486,45,0.970772613106893,0.905120260838353,0.910116963245435,0.682711138985131,0.953012264697451
1693,0.736190670695742,45,0.822259220670487,0.768796273066471,0.789589306317443,0.588623193452948,0.953012264697451
1694,0.730534500697615,45,0.820445828527348,0.760724243874468,0.765902386596343,0.561965718511361,0.953012264697451
1695,0.955670726049748,45,1.07570103328591,0.975614546480782,0.957881445535961,0.722245393777056,0.953012264697451
1696,0.717634960167684,45,0.848509192440025,0.744572982478646,0.725816901299053,0.537311222966342,0.953012264697451
1697,0.926394752903649,45,1.0555082159983,0.944015401267962,0.920869567456786,0.691974317666372,0.953012264697451
1698,0.811778459518981,45,0.914820618858084,0.831406806971985,0.821143894632351,0.614366029981314,0.953012264697451
1699,0.880467572703662,45,1.00167035564864,0.899728928121327,0.895603070126727,0.668616480242549,0.953012264697451
1700,0.833526403124073,46,1.00063943814749,0.861127963603242,0.845688137962597,0.639864091416117,0.953899560389894
1701,0.932846800338899,46,1.09511610647136,0.94390243748803,0.939210076011099,0.706862339939745,0.953899560389894
1702,0.939170472675719,46,1.09812327378696,0.966319251034563,0.941287095487531,0.705817156239564,0.953899560389894
1703,0.870697018879555,46,1.03965878326668,0.898222132678215,0.89006251623454,0.673212325404307,0.953899560389894
1704,0.895803165817375,47,1.06800574464878,0.938267434736187,0.920822903836816,0.693248203931889,0.955594871728951
1705,0.976978249269836,47,1.21801341075001,1.01618950619878,0.985904057521569,0.742682117855898,0.955594871728951
1706,0.822865698898988,47,1.03239737287106,0.855400150694635,0.850896798802395,0.636874556680558,0.955594871728951
1707,0.796079380176539,47,1.00646668742949,0.828309756780924,0.820099884804615,0.606982051368011,0.955594871728951
1708,0.731832201418342,47,0.95047794424897,0.762907787366713,0.762925179674898,0.561304800664663,0.955594871728951
1709,0.989752388736965,47,1.3034359970553,1.01587527882442,1.01114589759088,0.759019590345512,0.955594871728951
1710,0.408999202900845,47,0.554370035204745,0.438178644505714,0.431070288566466,0.313691575267855,0.955594871728951
1711,0.759640086473074,47,1.06272712938977,0.793237749958597,0.795739752243925,0.591385375130481,0.955594871728951
1712,0.695994372160955,47,0.951219794375131,0.725396062893549,0.705649878037692,0.530953635856853,0.955594871728951
1713,0.574676648745031,47,0.81220389650926,0.595801480749918,0.603810066710537,0.444779906428031,0.955594871728951
1714,0.639624293946375,47,0.856924943198996,0.654126127498127,0.657952747205973,0.494702042835472,0.955594871728951
1715,0.379339061256499,47,0.500304189497698,0.394441109957817,0.391525103962037,0.289863072768065,0.955594871728951
1716,0.662163347826224,47,0.941034696876494,0.686180344380456,0.673366895161712,0.506573637658825,0.955594871728951
1717,0.621870827198895,47,0.810230859296408,0.638602252280918,0.662948274254274,0.494235524079138,0.955594871728951
1718,0.857648073063036,47,1.17206532496308,0.881945259031952,0.873852110359744,0.65463099034074,0.955594871728951
1719,0.747680273148824,47,1.02536323413777,0.77375486986936,0.76232126494755,0.579723043847884,0.955594871728951
1720,0.890870487239715,47,1.2037660982716,0.938337977963657,0.892435084877206,0.705416280684948,0.955594871728951
1721,0.632462568143626,47,0.835821343857532,0.666412463449717,0.650997386712356,0.484012745159104,0.955594871728951
1722,0.750297395755111,47,0.977170710784958,0.795654727821881,0.778881484412529,0.573575755471597,0.955594871728951
1723,0.992774114637534,47,1.19756726946314,1.03760183928917,0.958651705180131,0.75820961924885,0.955594871728951
1724,1.25546098916086,47,1.5551922231685,1.31284386929829,1.24173251192101,0.959186774355527,0.955594871728951
1725,0.66409622408799,47,0.813338158198939,0.700601303542257,0.676431936942314,0.503757448135454,0.955594871728951
1726,0.840628870294989,48,1.02887235531487,0.887281385355971,0.849514773432907,0.641364652751722,0.957374059307108
1727,0.498751167196139,48,0.606909812976641,0.535816080325522,0.537685182275454,0.39172649705861,0.957374059307108
1728,0.78662533497394,48,0.93895578304502,0.829562417247569,0.809767148449139,0.620231251005421,0.957374059307108
1729,0.473239664592746,48,0.550976464285694,0.4992161865942,0.476281773632965,0.363816427147262,0.957374059307108
1730,0.985754378390249,48,1.15552839014529,1.03496505095166,0.98982485577664,0.767293682443062,0.957374059307108
1731,1.00364029420376,48,1.1244008533824,1.04196778660733,1.02149006864627,0.79110227006525,0.957374059307108
1732,0.939532369202785,48,1.04949210326486,0.990140844169347,0.966324263524572,0.737498207392663,0.957374059307108
1733,1.02721487943331,48,1.14218464893267,1.07340716081804,1.06871314869274,0.832794098690088,0.957374059307108
1734,1.06706057390928,48,1.17449744545055,1.10726478644202,1.05380176085319,0.827485561799794,0.957374059307108
1735,1.11465080612843,48,1.20737568481712,1.14502446167404,1.12301164956298,0.888450727931719,0.957374059307108
1736,0.939464165962336,48,1.00314827283277,0.975133628323847,0.933476771692037,0.722183867107004,0.957374059307108
1737,0.845732921955847,48,0.915814451343045,0.872080453103703,0.874607330377533,0.665437560596605,0.957374059307108
1738,0.94569213225431,48,1.01063320547142,0.976232384354926,0.949671506295455,0.752256450645267,0.957374059307108
1739,0.872969600633208,48,0.898636885133799,0.885894692281998,0.895942789169914,0.686584750002572,0.957374059307108
1740,0.942686781026237,48,1.00204057398187,0.970547615083437,0.993040230305548,0.766392903474061,0.957374059307108
1741,0.637962728003188,48,0.680599292947844,0.664933449299268,0.678878312301022,0.515538453590759,0.957374059307108
1742,0.728321333111418,48,0.795763369246996,0.765514875526559,0.793863274003522,0.611159015059335,0.957374059307108
1743,1.01768616329586,48,1.07699580004084,1.06391204190277,1.04972767001193,0.815924713340243,0.957374059307108
1744,1.13058084911686,48,1.18928694391976,1.18239889034495,1.16144695089382,0.904044617770641,0.957374059307108
1745,1.14661236654485,48,1.17243187700292,1.18017120566839,1.15831927896111,0.894266674094279,0.957374059307108
1746,1.05337077800524,48,1.07654633577568,1.08952714357724,1.07446105334851,0.8326549820892,0.957374059307108
1747,1.05235810876792,48,1.06365457842388,1.08410560822426,1.05257497357531,0.820592586707021,0.957374059307108
1748,0.997968195606355,48,1.00139333626276,1.01903445063763,1.0119539482664,0.805567265096049,0.957374059307108
1749,0.533939343031163,48,0.5660929461095,0.562256818076161,0.562222871522199,0.414906440966742,0.957374059307108
1750,0.669149931919654,48,0.658093291406675,0.681823285875359,0.688546743109676,0.53076456642831,0.957374059307108
1751,1.18124198567943,49,1.10959705294336,1.21691791638914,1.15454458257696,0.908593337384806,0.958639280336392
1752,1.09155564585656,49,1.06398762291366,1.1192091021665,1.14996113623288,0.887472484834954,0.958639280336392
1753,1.063527736991,49,1.01728820805394,1.10112037419314,1.09817214332953,0.868679979660062,0.958639280336392
1754,1.06556791464308,49,0.996974837608746,1.10903584427154,1.07680386031284,0.85232648729113,0.958639280336392
1755,1.15367805978901,49,1.07217559642871,1.20899603375735,1.17235492542553,0.925767107049651,0.958639280336392
1756,1.14432895385916,49,1.06716677565147,1.18523774946916,1.17715346563085,0.899485799267116,0.958639280336392
1757,1.20310655934381,49,1.09440013403417,1.24717701783974,1.20204227609742,0.938510156638878,0.958639280336392
1758,1.09867947909782,49,1.00870974815816,1.133127338014,1.11251405667797,0.886556692547293,0.958639280336392
1759,1.06948842597395,49,0.969245868860932,1.09557806652596,1.11909853267143,0.865946010182177,0.958639280336392
1760,1.21766451083768,49,1.1124937730422,1.27492280597728,1.19629823780361,0.967078992388683,0.958639280336392
1761,1.14295350751194,49,1.0553939983523,1.20839054529321,1.17527747508659,0.919260520459824,0.958639280336392
1762,1.20144252055347,49,1.10429189361064,1.24894616576285,1.24157673138042,0.957989085234157,0.958639280336392
1763,0.893016736177265,49,0.854905228430784,0.924430707827591,0.935659829507949,0.713844924728325,0.958639280336392
1764,0.650356756597073,49,0.635317625325478,0.682447857328345,0.70861330384217,0.539541439444647,0.958639280336392
1765,1.1987775305557,49,1.12060919853688,1.25094038366789,1.19167746235348,0.960615135590867,0.958639280336392
1766,1.08707494772632,49,1.00338016568709,1.12793813775634,1.11565523398084,0.862904208287245,0.958639280336392
1767,1.27213588418011,49,1.18317623275899,1.31838250929756,1.2815669977308,1.03246401258939,0.958639280336392
1768,1.30181072492217,49,1.23412357187963,1.33826061948158,1.2987389462162,1.03183656466071,0.958639280336392
1769,0.960577557201132,49,0.930371289623571,1.00527915838136,0.983974387553643,0.764082097159959,0.958639280336392
1770,0.50586691403191,49,0.511124593039416,0.523065331506811,0.55066721059212,0.414548772145446,0.958639280336392
1771,1.24851635145703,49,1.1923739176073,1.28201845789186,1.23433187622482,0.96978058983787,0.958639280336392
1772,1.15899122508219,49,1.12903491065578,1.18792079985415,1.17956208093229,0.922815253094461,0.958639280336392
1773,1.0443960300258,49,1.03954291527162,1.06949088550986,1.08916958821526,0.853374018639288,0.958639280336392
1774,1.04238522496646,49,1.03722155413037,1.06628969951448,1.08786220954435,0.839783369568792,0.958639280336392
1775,0.901418565402668,49,0.913898426956772,0.928827301666424,0.957914645345696,0.744888607671271,0.958639280336392
1776,0.450657032456272,49,0.478468261217383,0.476188948545348,0.490909746377536,0.373381956028779,0.958639280336392
1777,0.69568884002507,49,0.709709502095653,0.699474034733742,0.72224007688301,0.562120482497583,0.958639280336392
1778,1.27300996114144,49,1.25474035452316,1.31143063339631,1.2470232560678,0.999439641303476,0.958639280336392
1779,0.998730521729492,49,1.04288933228986,1.03715954218486,1.02825338302274,0.810812211540155,0.958639280336392
1780,1.15912364114846,49,1.21040007344467,1.18115678510653,1.12121920112898,0.898608372853233,0.958639280336392
1781,1.09162331875114,49,1.1340617615038,1.12512192985906,1.10681792217396,0.879312851905321,0.958639280336392
1782,0.710416556450695,49,0.748297936414576,0.738495129349123,0.740949499776864,0.580740499900094,0.958639280336392
1783,1.195900115191,49,1.25686520401952,1.23413852761623,1.16221025470245,0.914954384481274,0.958639280336392
1784,1.04254570725523,49,1.12938516192747,1.08227520658086,1.03734304757458,0.813805272538914,0.958639280336392
1785,1.00371636199253,49,1.10179210056578,1.04038245922699,1.041523362171,0.798966857352534,0.958639280336392
1786,0.946667713457788,49,1.0443131801415,0.976272111065265,0.989889495392499,0.773690087455313,0.958639280336392
1787,0.84764736667935,48,0.948805952677629,0.879376993152567,0.910461133702711,0.702587141927852,0.958333503424145
1788,1.09152201737813,48,1.22777040383598,1.11783955551096,1.16793452805614,0.913849363500224,0.958333503424145
1789,0.803190445097407,48,0.924336289745716,0.843937417264426,0.866495727619273,0.677424888849407,0.958333503424145
1790,0.855499211758848,48,0.983303225711845,0.874066048854281,0.917489879699491,0.717755973559154,0.958333503424145
1791,1.06387772495595,48,1.25931401465723,1.0971339549099,1.09900523909427,0.865760408385955,0.958333503424145
1792,0.587303735320196,48,0.700831261189674,0.624228841396725,0.645355802831267,0.491341084349443,0.958333503424145
1793,0.725977933394073,48,0.873514872099731,0.762757053646891,0.794818520446912,0.604441138334919,0.958333503424145
1794,0.652129484150175,48,0.794813212294632,0.696097962266871,0.716164602295598,0.53854107483412,0.958333503424145
1795,0.364635305130135,48,0.435609341356685,0.401205414794264,0.366111108420709,0.279284582079013,0.958333503424145
1796,0.252668975711414,48,0.286491550783244,0.272905734739848,0.281803053951284,0.21357455208008,0.958333503424145
1797,0.538788797796283,48,0.590524064341884,0.566511139183554,0.59717182097114,0.464339627354883,0.958333503424145
1798,1.07549491017185,48,1.14150032644753,1.12558082241511,1.09210673977186,0.862759523919137,0.958333503424145
1799,1.08410928252431,48,1.09913991570132,1.12323903759201,1.11820222367824,0.882501184135171,0.958333503424145
1800,1.55144323005805,48,1.56500625982312,1.61325324255685,1.52418541728077,1.25569612902895,0.958333503424145
1801,1.05637861714857,48,1.06367377924216,1.08059433036679,1.13292419162512,0.900610176640484,0.958333503424145
1802,1.39946315980524,48,1.36077201441678,1.4650018925453,1.44095790714212,1.1648269979698,0.958333503424145
1803,1.19563358427226,48,1.16195574436133,1.25001450705322,1.24616613983393,0.982852796435159,0.958333503424145
1804,1.13101427261061,48,1.09222638317838,1.1902425157927,1.23112333643674,0.961382490144027,0.958333503424145
1805,0.698584017143332,48,0.699941349365713,0.747952291507353,0.729149328654358,0.576150843056062,0.958333503424145
1806,1.38969216471628,48,1.34897708846007,1.45054665893845,1.38096302955551,1.11710495548179,0.958333503424145
1807,1.30655974973653,48,1.27137300788842,1.37086957928815,1.35883704045809,1.09117964788007,0.958333503424145
1808,0.780551022104804,48,0.824017696041096,0.867179345890626,0.891464528791263,0.698416604187212,0.958333503424145
1809,1.13142641220145,48,1.11897321125204,1.17337663398718,1.19728800349956,0.94027390254393,0.958333503424145
1810,0.963459105815,48,0.93233804370663,0.986245758591944,0.993166504379607,0.789579559032592,0.958333503424145
1811,1.02371796368813,48,1.01328525628459,1.06184587985087,1.05726391892763,0.82667812281433,0.958333503424145
1812,0.621117446625965,48,0.61846274900892,0.63034712988821,0.655372501846371,0.508570018513789,0.958333503424145
1813,1.02803122482612,48,1.01733880370549,1.05856332725278,1.0475595580877,0.81710825314729,0.958333503424145
1814,0.849848225648095,48,0.834662393244459,0.871059454787034,0.899407195806277,0.709366510972153,0.958333503424145
1815,0.918871684333965,48,0.920244784319945,0.959923289327053,0.949614854958527,0.759845409574866,0.958333503424145
1816,0.531420121790838,48,0.559993856697669,0.543722885259704,0.580432592784484,0.456538351899684,0.958333503424145
1817,1.02395881485962,48,1.0790677772858,1.0809790528206,1.03094575986197,0.818204289336234,0.958333503424145
1818,1.06267364591865,48,1.132670783944,1.11053925388168,1.08932300106336,0.87691289849271,0.958333503424145
1819,1.01744593557909,48,1.09420195698314,1.05441972013514,1.06713213078992,0.835413117954779,0.958333503424145
1820,1.02921204625676,48,1.12628821992116,1.09224251205109,1.05453125788006,0.844270494831571,0.958333503424145
1821,0.897011897238063,48,0.957027354636943,0.945970893915926,0.9562193221587,0.747798846187629,0.958333503424145
1822,1.04706531168597,48,1.15505050622797,1.09823932952147,0.97870158221951,0.79860764940476,0.958333503424145
1823,0.856545410387265,48,0.976893898048703,0.910977095441834,0.940761185396517,0.743518000342341,0.958333503424145
1824,0.369455524624171,48,0.431301469129303,0.393057593443014,0.418729060162832,0.319887153652984,0.958333503424145
1825,1.10960150769627,48,1.23961345318404,1.17562664377951,1.1612976248497,0.923999966045641,0.958333503424145
1826,0.693387805691481,48,0.790839796666027,0.720495276574858,0.795778509564725,0.629698079064589,0.958333503424145
1827,1.23051570290451,48,1.38328843158504,1.27884087349515,1.24329259637264,1.0170534151639,0.958333503424145
1828,0.91960489032325,48,1.05581685887618,0.967895594985089,0.970349879167879,0.785214876351014,0.958333503424145
1829,1.10219464417899,48,1.22343833071008,1.15951220821368,1.12576770204866,0.916781612367669,0.958333503424145
1830,1.0042843398475,48,1.07594098433078,1.0402379372215,1.05361654549103,0.844749469969519,0.958333503424145
1831,0.438711980886786,48,0.505801060464927,0.472375608601873,0.478985416855586,0.377678723903543,0.958333503424145
1832,1.32018015762591,49,1.50222896214121,1.44317448213915,1.29571884667743,1.06521026402777,0.958077024008334
1833,0.567396842224613,49,0.686986369776484,0.634470720260042,0.611112872539547,0.485185422203381,0.958077024008334
1834,0.672072965338167,49,0.755942998470858,0.722936836495077,0.742952122934964,0.576197250688001,0.958077024008334
1835,1.0955891128237,49,1.30454247378307,1.2016346209043,1.14047180471936,0.910482128884648,0.958077024008334
1836,0.820026291036592,49,0.973349094275316,0.860385820479301,0.90046976419114,0.721604988627972,0.958077024008334
1837,0.704319174022675,49,0.826368352650845,0.738677208449197,0.792508311932557,0.620096592096448,0.958077024008334
1838,0.818758101069905,49,0.956063621896338,0.885748307802212,0.82610713646019,0.677323843710923,0.958077024008334
1839,1.008232475549,49,1.12775377469947,1.08769424541485,1.01269103998236,0.82820206578671,0.958077024008334
1840,0.842426611751133,49,0.953604975147539,0.908439197553449,0.888348083112136,0.704850470694738,0.958077024008334
1841,1.06413960451589,49,1.17986570812661,1.13464826117612,1.07323938198566,0.874800868135293,0.958077024008334
1842,0.632042995824677,49,0.687729579757581,0.667850619813293,0.672345888562545,0.53500675566547,0.958077024008334
1843,0.438543492288095,49,0.467749669813161,0.470446268364651,0.481153775712312,0.369316636640226,0.958077024008334
1844,0.827626086207461,49,0.891003145376107,0.887541321812705,0.881969554234784,0.697019207191902,0.958077024008334
1845,1.07852302262708,49,1.15405988046202,1.15023800069968,1.09094157363857,0.889484764670715,0.958077024008334
1846,1.01362707359582,49,1.03894407174688,1.06279868925804,1.01499074313132,0.81201309862414,0.958077024008334
1847,0.867537860182781,49,0.851197899408184,0.919012866309041,0.884201697773093,0.706570149732831,0.958077024008334
1848,1.17836637173061,49,1.15421847518486,1.21853690258169,1.18958951998183,0.978869940557556,0.958077024008334
1849,1.019599518228,49,0.970649599229877,1.06746935381999,1.03838114912864,0.83649081703366,0.958077024008334
1850,1.03024518877091,49,0.944857590125766,1.06822745557649,1.03074356153233,0.828670227254896,0.958077024008334
1851,1.35440715107539,49,1.24040579163839,1.43224076707731,1.3621627730303,1.09555862197968,0.958077024008334
1852,1.06661595095164,49,0.97138759460678,1.08694870512897,1.08755856024628,0.876302152138015,0.958077024008334
1853,1.20270793273326,49,1.10813986285274,1.28912823581362,1.24317417766802,1.00866689422068,0.958077024008334
1854,1.27918744197605,49,1.12878431112158,1.33056652566503,1.30762126960483,1.07219765760195,0.958077024008334
1855,1.19022757823298,49,1.03441819999583,1.25511904694892,1.21790153671414,0.993905146652262,0.958077024008334
1856,1.27746091863643,49,1.11001178306531,1.36665363518578,1.24990756598763,1.0376736169655,0.958077024008334
1857,1.08209784242193,49,0.969756143210092,1.16129091870809,1.11846933191057,0.912816308456002,0.958077024008334
1858,0.862539287914043,50,0.776523572070662,0.939941739122655,0.909063409340817,0.723592576755622,0.957702576088172
1859,0.765093540581845,50,0.710862337137224,0.83338608475107,0.850099177325762,0.666058083231722,0.957702576088172
1860,1.14177672432522,50,1.00667040949997,1.21900221846021,1.21041354178091,0.968856310106854,0.957702576088172
1861,0.80065196703805,50,0.729615026990847,0.863167432535539,0.898456483299883,0.699732624462732,0.957702576088172
1862,1.3633440097008,50,1.16210672059916,1.49020923610157,1.36425652867961,1.1117795287258,0.957702576088172
1863,1.46691852692326,50,1.26886088223641,1.59657580554577,1.49360778078217,1.22856812908905,0.957702576088172
1864,1.2173052958415,50,1.06601209937524,1.30028108243616,1.29418892829044,1.03540927588274,0.957702576088172
1865,1.24563287662604,50,1.101011368076,1.35615989232407,1.28582380889955,1.04801245355134,0.957702576088172
1866,1.23556324093742,50,1.10519414154166,1.30636825794897,1.27717903365754,1.06800659059181,0.957702576088172
1867,0.979800017894418,50,0.87644675272931,1.04467645498477,1.03576222773732,0.828357699817955,0.957702576088172
1868,1.37860637588105,50,1.24671557936219,1.48502790298488,1.42218667749794,1.17600976664654,0.957702576088172
1869,0.890878100296607,50,0.822449568109099,0.952959231625625,0.934646199908878,0.74090528078465,0.957702576088172
1870,1.01350312473203,50,0.942822753464301,1.04703116390206,1.073073533428,0.854999061650036,0.957702576088172
1871,1.03541077022514,50,0.982489303426228,1.0900657700923,1.09086807345513,0.894533312540027,0.957702576088172
1872,1.07559458597774,50,1.03882451085737,1.14547764073922,1.13712214725022,0.924574524221965,0.957702576088172
1873,1.07817689860589,50,1.06641062645142,1.16243531579396,1.1757976441448,0.951733072419203,0.957702576088172
1874,1.09063080508855,50,1.07629637471097,1.18908052059373,1.1438442051258,0.948350449284024,0.957702576088172
1875,0.943689057824493,50,0.943510612455176,1.01548893859547,1.01628738175843,0.830919638413838,0.957702576088172
1876,1.12031573954466,50,1.15736427366882,1.18949882620738,1.19597637910094,0.958129709173215,0.957702576088172
1877,0.60035188439446,50,0.604056515614533,0.632666127268137,0.685289008500356,0.538208720239192,0.957702576088172
1878,0.996207117398842,50,1.03723022948675,1.03314796330039,1.05915928779448,0.857869361396732,0.957702576088172
1879,0.676040601753994,50,0.701846492399002,0.71366160881561,0.725773325147734,0.586221579533118,0.957702576088172
1880,1.07230062222275,50,1.1191623844147,1.12909566169594,1.13476596647711,0.913707379074156,0.957702576088172
1881,0.63887340536096,50,0.689705577378367,0.677894233957236,0.716063181313178,0.568867009488884,0.957702576088172
1882,1.04709697763638,50,1.07920088642653,1.12110728967085,1.12617558739158,0.919069367689865,0.957702576088172
1883,0.957846145058854,49,0.973532567247561,1.01188537922593,1.0577026265465,0.863293148198445,0.957015060485324
1884,0.688561270137724,49,0.699491872042267,0.747346234879326,0.754888012945613,0.597037030924302,0.957015060485324
1885,0.940431452058257,49,0.949163257836714,0.982256705007339,1.05064130689761,0.85551446498437,0.957015060485324
1886,1.28269717693682,49,1.25499692680182,1.38238072288959,1.34328569768228,1.11589883432369,0.957015060485324
1887,1.10667654181647,49,1.04989661408256,1.19741893179074,1.14897886901712,0.954751604734614,0.957015060485324
1888,1.19345698555076,49,1.12826706867769,1.27500324561098,1.26062173643918,1.04588575203698,0.957015060485324
1889,1.23178232655075,49,1.14446842766839,1.3252461948908,1.29641514613551,1.01046276433565,0.957015060485324
1890,1.21382029389742,49,1.13291111783943,1.30695647823963,1.28232612175311,1.04695501824214,0.957015060485324
1891,1.07941179381681,49,1.02992586408361,1.13416460928638,1.15171540998804,0.938714822427929,0.957015060485324
1892,1.05869960130603,49,1.00631028123634,1.11388949893943,1.10972226409802,0.920615868557406,0.957015060485324
1893,1.116193322263,49,1.01511378120891,1.20007529551325,1.1577213313489,0.948805504185001,0.957015060485324
1894,0.962314209332945,49,0.900423897029411,1.03975973132922,1.03316709925701,0.851218527848411,0.957015060485324
1895,0.492759621331513,49,0.478687716892526,0.537059882386255,0.545510033111991,0.440353900960257,0.957015060485324
1896,1.22045216267519,49,1.10117171497625,1.27254521093464,1.27515762341757,1.04365805796418,0.957015060485324
1897,1.22267192952104,48,1.07293882426184,1.2851216542147,1.25392190213616,1.04245286585812,0.956530397244245
1898,1.02642224686543,48,0.930703478609576,1.0574155632055,1.10189799350933,0.871958149463571,0.956530397244245
1899,1.36288289600034,48,1.19728564633252,1.41997159250954,1.39356934103177,1.1477241787812,0.956530397244245
1900,0.99043747483324,48,0.841675819419698,1.05647149975459,1.02541788771356,0.831572655892221,0.956530397244245
1901,1.36169152982469,48,1.16082478153216,1.47305937433969,1.42059827515256,1.17602330574509,0.956530397244245
1902,1.03613099960291,48,0.903659762530839,1.09886474302146,1.13517307322954,0.922715363534978,0.956530397244245
1903,1.33835416896737,48,1.15720804537347,1.37042907586036,1.40388769779708,1.15865090942217,0.956530397244245
1904,1.29044107528815,48,1.13645697441654,1.37497100050772,1.33650333194779,1.11372479503065,0.956530397244245
1905,1.31337498209464,48,1.17878074932635,1.36453291925988,1.3508181167135,1.13550869001282,0.956530397244245
1906,1.3181120852108,48,1.18110180284817,1.32316339988813,1.339374723014,1.12081916185624,0.956530397244245
1907,1.07515836169399,48,1.0014671183343,1.11512720318841,1.13815336271942,0.920052079517972,0.956530397244245
1908,0.748232993722383,47,0.740639786816066,0.774694101659706,0.861574167260897,0.676317513875086,0.956064926160874
1909,0.75814110677483,47,0.745151778072776,0.81166121349974,0.859701615706769,0.684560070664185,0.956064926160874
1910,0.864633784747645,47,0.869710980312939,0.905814443207429,0.984785061234605,0.79075128082222,0.956064926160874
1911,1.00734413876935,47,1.00191946881413,1.06526638387328,1.1426800416013,0.926698615865287,0.956064926160874
1912,0.980532598751063,47,0.969496424060998,1.04993258278316,1.09156339711416,0.890637088344874,0.956064926160874
1913,1.22307604427577,47,1.22681504161906,1.2787669075435,1.30980840221398,1.09396161067581,0.956064926160874
1914,1.21783207094166,47,1.2438577798563,1.30634601909911,1.29249461211542,1.07731247505807,0.956064926160874
1915,1.07790434987775,47,1.08698589704083,1.15688543277118,1.16650615326142,0.966594461136803,0.956064926160874
1916,0.777948022774477,47,0.852905315811676,0.841943274810231,0.879806513675241,0.714477815125075,0.956064926160874
1917,0.70048859074565,47,0.759825559648341,0.739933771232752,0.765795393930917,0.634790996944244,0.956064926160874
1918,0.150760360484253,47,0.1488396921868,0.156051685043207,0.137192577034532,0.117417645094976,0.956064926160874
1919,0.439234787063678,47,0.487339414282938,0.484379182785404,0.535226524467883,0.417162599122177,0.956064926160874
1920,0.982202427441567,47,1.09562677366569,1.03162861527523,1.08067438434502,0.897015610643999,0.956064926160874
1921,1.35029729612302,47,1.51824163427145,1.44701586081206,1.40094932377979,1.18015592127251,0.956064926160874
1922,1.3381761158296,47,1.44895393573105,1.45088059596129,1.39657039367244,1.16834012661106,0.956064926160874
1923,1.19192404775322,47,1.31428168667113,1.27846243264558,1.24067832891418,1.02704612077551,0.956064926160874
1924,1.41942882550221,47,1.58258721110616,1.55534238834167,1.49163933784498,1.25414643138945,0.956064926160874
1925,0.779294458315607,47,0.85631580357509,0.777095386754861,0.848514074926877,0.705358430227301,0.956064926160874
1926,0.866790331761191,47,0.957247868539134,0.904126519607941,0.935181834124285,0.767177956519513,0.956064926160874
1927,0.73994002408049,47,0.821688155651977,0.806840634634186,0.818660739879424,0.666515499830299,0.956064926160874
1928,0.909647190593241,46,1.0065908311219,0.971046512785619,1.00494081762389,0.816526191980362,0.95443155263289
1929,0.740471052980483,46,0.818988561905956,0.792883970636865,0.82614279101038,0.664120972220806,0.95443155263289
1930,0.469060023567948,46,0.511856000679552,0.502437451212566,0.515343510495339,0.410277888191663,0.95443155263289
1931,0.40531562784653,46,0.443026451550598,0.421492835469009,0.481751139733582,0.380951628635884,0.95443155263289
1932,0.972924894942014,46,1.0989114507373,1.05106028154567,1.00563496837125,0.849772308473098,0.95443155263289
1933,1.02733431587533,46,1.1307227435422,1.05753249780327,1.10127436350397,0.896090070172758,0.95443155263289
1934,0.836283373894135,46,0.934068691287654,0.906411945813513,0.912987294331948,0.729838931361808,0.95443155263289
1935,1.01339927696075,46,1.11497040398715,1.09429944421862,1.0599535512341,0.874858886084882,0.95443155263289
1936,1.16341047336153,46,1.28844554336639,1.25857204495826,1.21384178152197,1.01480273937255,0.95443155263289
1937,0.845617599465987,46,0.904071493123035,0.927868166337259,0.919957924012408,0.740138932792897,0.95443155263289
1938,1.10264844859902,46,1.18225633799625,1.15367065632883,1.15559197814154,0.954117649270013,0.95443155263289
1939,1.1592801563523,46,1.23186175788255,1.23030804640281,1.18069035598283,1.01227360751256,0.95443155263289
1940,0.649959952420149,46,0.659088857320865,0.708408252435418,0.750313247479023,0.601549198472394,0.95443155263289
1941,0.572222011644404,46,0.577175307871593,0.623848945255816,0.697630420163971,0.550592269511235,0.95443155263289
1942,0.794196931710388,46,0.809263504569913,0.815002695300508,0.928897430440487,0.756371537658881,0.95443155263289
1943,1.2265043918791,46,1.26822810197659,1.30899082844284,1.32532224776982,1.11911282322828,0.95443155263289
1944,1.09960720308863,46,1.17570934806212,1.13574351578254,1.25213481847575,1.07551929751382,0.95443155263289
1945,0.967393909105815,46,0.964854450021684,1.01963228292062,1.06114915630777,0.880021560221351,0.95443155263289
1946,1.22050450085216,46,1.24728306109281,1.29567978525542,1.33151910650177,1.16082582263198,0.95443155263289
1947,1.20599212612563,46,1.19967184596925,1.23575795054135,1.34424337018544,1.1840647998599,0.95443155263289
1948,1.02809747961377,46,1.0169745296486,1.06443168152907,1.18089078907443,0.975353102812035,0.95443155263289
1949,1.10851778312711,46,1.08791318020964,1.16121368259816,1.26996240976877,1.04704916251156,0.95443155263289
1950,0.871570626630434,46,0.859165995416278,0.918155231077489,1.03189647597242,0.856083855378939,0.95443155263289
1951,0.684697687367312,46,0.663496095232266,0.721366260323021,0.797237475865981,0.641815298999198,0.95443155263289
1952,0.873295743070852,46,0.854119646965732,0.946290675333117,0.959747397411605,0.791720393361938,0.95443155263289
1953,0.739482295035119,46,0.712711979120952,0.787521657870889,0.811449019737881,0.665067750574171,0.95443155263289
1954,1.31740256584711,46,1.25162950322623,1.28504064888222,1.34049219472487,1.17350476871815,0.95443155263289
1955,1.28281904055319,46,1.24565849158977,1.33404892718613,1.29617009773961,1.12542352124862,0.95443155263289
1956,1.26467277008302,46,1.19084075292945,1.33141472738854,1.34031590440338,1.14990303612395,0.95443155263289
1957,0.624802643024609,46,0.584215677417875,0.672790564372769,0.746023709258987,0.59364380800713,0.95443155263289
1958,1.30926808686856,46,1.25214658646634,1.40484604290566,1.38966522997908,1.20151043271327,0.95443155263289
1959,1.00211281122106,46,0.958586940948256,1.02976792331869,1.13756265046756,0.96385589203606,0.95443155263289
1960,1.12778539809034,46,1.07954609017762,1.18949019836003,1.21444266326101,1.02049996827045,0.95443155263289
1961,0.865715200721865,46,0.810208218915407,0.903129828637369,0.961144223284268,0.790446234425514,0.95443155263289
1962,0.997235665466731,46,0.923006197923733,1.06381220158891,1.08142159676946,0.917896859103909,0.95443155263289
1963,0.886825385405823,46,0.821827764981754,0.945850937315119,0.968472523482776,0.796791611880531,0.95443155263289
1964,1.23716829447732,46,1.14587831919422,1.2879958795955,1.31664286161299,1.13161530271113,0.95443155263289
1965,1.28104055876364,46,1.13231285004072,1.38267999332347,1.32394921214164,1.15108898721536,0.95443155263289
1966,0.690384235487692,46,0.644182173707549,0.729458987279904,0.799790540789302,0.655120945981213,0.95443155263289
1967,1.31588968272091,46,1.17816342487669,1.41723126336931,1.36184861161913,1.18763419015129,0.95443155263289
1968,1.26225882757382,46,1.11410660801606,1.36963378997247,1.33633272007095,1.15829038407314,0.95443155263289
1969,1.11492078111367,46,1.00244402118477,1.17688472043236,1.17351423408166,1.04068551726584,0.95443155263289
1970,1.39301196049444,46,1.21159427143022,1.53422444596924,1.4519621097945,1.29269437135575,0.95443155263289
1971,0.925993547281453,46,0.82388036867624,0.981040782393362,1.07026875042536,0.899962348204975,0.95443155263289
1972,1.29296432959034,46,1.13149410323035,1.3898085350026,1.39771550375504,1.17241367813213,0.95443155263289
1973,0.743373861433101,46,0.679163960022355,0.807836218025115,0.902045349381514,0.743757665037993,0.95443155263289
1974,1.2161184888041,46,1.06077216900571,1.32758388960454,1.33017820755655,1.12106952326675,0.95443155263289
1975,1.28481781445468,46,1.1274683093721,1.41191841066095,1.40437635278487,1.21060162791973,0.95443155263289
1976,1.11716604736063,46,0.983733867505386,1.19461366137356,1.23327988868906,1.05892662565312,0.95443155263289
1977,1.16954944361455,46,1.03609197501658,1.26805827507741,1.30520000602598,1.12002666816445,0.95443155263289
1978,1.2194221120651,46,1.05986091845151,1.31654079990203,1.33336462071197,1.16652628207957,0.95443155263289
1979,0.428531938620855,46,0.379905267428381,0.467424647237013,0.51357683905072,0.40535174533936,0.95443155263289
1980,1.1050231200608,46,0.94105999261815,1.23651552321552,1.20358333977706,1.05263915967394,0.95443155263289
1981,1.16254825652402,46,0.976360239239773,1.28832468191262,1.32339072426455,1.12245038261907,0.95443155263289
1982,1.38989331458446,46,1.13237506845607,1.51356649216417,1.4902513346694,1.29413504379479,0.95443155263289
1983,1.38636721446862,46,1.14597586546043,1.56419497407722,1.48016318619555,1.28967150974765,0.95443155263289
1984,1.27437252108722,46,1.02436952970849,1.41951841734128,1.31230752050736,1.12998409694325,0.95443155263289
1985,1.35004196734818,46,1.08446801746441,1.53999891675024,1.35670413555155,1.19336136613873,0.95443155263289
1986,1.33408661576781,46,1.07914417073114,1.4892668045062,1.38265544062946,1.23102531835555,0.95443155263289
1987,1.36191601752358,45,1.11000910572933,1.51267181524633,1.36053109044065,1.20166570281185,0.954869710138719
1988,1.14277199267409,45,0.963022189303743,1.31374211022702,1.17171096185025,1.0059594028924,0.954869710138719
1989,1.39615096347304,45,1.18645400929925,1.59975534746727,1.44928291129951,1.29168085941197,0.954869710138719
1990,1.32881726741678,45,1.11230722682051,1.51113688737375,1.41333085625699,1.20968771906929,0.954869710138719
1991,1.07095544361417,45,0.921152207927346,1.19783134141296,1.18865793046882,1.01917701296319,0.954869710138719
1992,1.13781938493763,45,0.986397037576624,1.25708701819635,1.2090978579295,1.05091964588187,0.954869710138719
1993,1.2383008115187,45,1.12537620087406,1.32544449131069,1.27597094194844,1.05577184751001,0.954869710138719
1994,1.1197171091437,45,1.02167289487122,1.26172308322516,1.16124205680556,0.995668615838679,0.954869710138719
1995,0.522846756101376,45,0.492524005684682,0.598505563560265,0.641158329244061,0.519182421057316,0.954869710138719
1996,1.06620878202469,45,0.997397931307721,1.17237907501437,1.15226820025058,0.999993748562603,0.954869710138719
1997,0.927063435138353,45,0.911654400600427,0.964993554152818,1.04324243583532,0.883955746877065,0.954869710138719
1998,0.690263029571016,45,0.68688217567276,0.761171287049589,0.837361651662636,0.69254912960283,0.954869710138719
1999,1.24883122586954,44,1.18523873229678,1.3476085608912,1.30092794907311,1.10916640273219,0.953834196875549
2000,1.37350898155762,44,1.33924173418271,1.53522217030954,1.35569689111548,1.18241681408151,0.953834196875549
2001,0.834532612264606,44,0.835251001677038,0.916094279198476,0.93963664540971,0.77733639669924,0.953834196875549
2002,1.14461826774171,44,1.14481179774853,1.27259171536899,1.19943865699021,1.02493886624162,0.953834196875549
2003,0.582915874370055,7,0.609103429862922,0.756688408540234,0.687361423103731,0.575962788561044,0.723689064196442
