"year","ModNegExp","samp.depth","Spline","AgeDepSpline","RCS","SFRCS","EPS"
840,0.668146362383519,1,0.962287148293667,0.866300890705166,0.514527702623221,0.43246224500316,NA
841,0.408746753800557,1,0.56261289040436,0.526102529686623,0.319202292811082,0.258380962062797,NA
842,0.371984336299364,1,0.490346829704286,0.475309858115066,0.287880582869328,0.241511095327935,NA
843,0.968192058980335,1,1.22564486731817,1.2281960152432,0.737222870478413,0.620368878234905,NA
844,0.633725379935417,1,0.773519344671218,0.798141535266303,0.472060335961604,0.405710824017237,NA
845,0.932946403388473,1,1.10353615812252,1.16661447168106,0.723558837541686,0.628438330069381,NA
846,1.12073502654672,1,1.29263467339227,1.39150558713127,0.79637317019882,0.71242396526873,NA
847,1.1967327375571,1,1.35552227977135,1.47540070986406,0.857048385319079,0.764831144910809,NA
848,1.34776972450866,1,1.51066702880461,1.64997921861577,1.02905540524644,0.88100818212812,NA
849,1.04939195364249,1,1.17275697769513,1.27576038434859,0.821144098479363,0.673690562175133,NA
850,1.08803959703004,1,1.22064046860075,1.31359873428976,0.887978830645161,0.729008872803947,NA
851,1.01409344250864,1,1.14865458989407,1.21590621797446,0.831242873432155,0.678392331417668,NA
852,0.977587341245566,1,1.12286675617002,1.16412269509121,0.719835934829669,0.63178483802305,NA
853,0.715161848380306,1,0.835190652663865,0.845834504432936,0.508256274768824,0.442795770171514,NA
854,0.640573075509804,1,0.761114397632155,0.752496566544981,0.462857142857143,0.403698564726768,NA
855,0.716709051053828,1,0.865382758397004,0.836278495656261,0.501357367792377,0.427582544534378,NA
856,0.717485165557753,1,0.877940193753172,0.831594297700271,0.511295681063123,0.457492317371702,NA
857,0.453639765961002,1,0.560232493246703,0.522299869303867,0.308903308158706,0.275290853650104,NA
858,0.454132072530786,1,0.563150081864794,0.519424755505467,0.330488221235917,0.284545199256256,NA
859,0.606167265066486,1,0.75076842913381,0.688792177131755,0.465105105105105,0.375954997817338,NA
860,0.606826531011258,1,0.747166500426213,0.685080498161752,0.47485896492519,0.391488919334963,NA
861,0.417647472377602,1,0.509458087090697,0.468486449114473,0.292849284928493,0.256571910324081,NA
862,1.14028007695253,1,1.37576161627758,1.27098559935336,0.803808680248007,0.702766186277058,NA
863,1.56008321308097,1,1.86298051321544,1.7280396041848,1.10761330654164,0.938336931165601,NA
864,0.83803224693035,1,0.992797323117496,0.922532429124489,0.632228951430946,0.530481819924568,NA
865,0.762680611032908,1,0.898805858024292,0.834487870459817,0.55119006946817,0.456807290606406,NA
866,1.03074599107509,1,1.21188320167637,1.12106319582163,0.764031805425631,0.621820409449117,NA
867,0.993658012023956,1,1.16926011737469,1.07439614211865,0.754074784276127,0.626207075153002,NA
868,1.49212229604258,1,1.76288678555855,1.60410237698201,1.16995165489029,0.9380835335922,NA
869,0.727729798946876,1,0.865563362606871,0.777950796125991,0.541323287026136,0.431712051937399,NA
870,0.920248394175889,1,1.10319826507649,0.978359363839199,0.628775576485872,0.531749844228535,NA
871,0.383858905326563,1,0.463588191762812,0.405915967838148,0.283571595969065,0.219215951200138,NA
872,0.76856381996249,1,0.933122870207063,0.808496259729533,0.532511827483772,0.447724386181127,NA
873,1.11564695905313,1,1.35751782145764,1.16767826261091,0.789426321709786,0.651575792775467,NA
874,0.577696083484787,1,0.701751323277941,0.601673805528446,0.430707166587565,0.336696989172981,NA
875,0.192778268104358,1,0.232608958450328,0.199826887214857,0.129218282785135,0.109703823969009,NA
876,0.723272728466931,2,0.905630543122443,0.762926871193429,1.29574559250527,1.0901403938231,0.741660809142608
877,0.905675610709388,2,1.09424628356383,0.947259284453696,1.44343386411299,1.18342423606217,0.741660809142608
878,0.907835335504252,2,1.07381241728691,0.950744146772284,1.7177880273044,1.43154661324889,0.741660809142608
879,0.732704514894719,2,0.836660982295907,0.761194872104096,1.22277858809802,1.02953646266367,0.741660809142608
880,0.779114153912155,2,0.865439641771153,0.809810691662409,1.44543948961047,1.22942127352417,0.741660809142608
881,0.934496814423099,2,1.00074026572957,0.960209936711556,1.40639698778577,1.22113668061349,0.741660809142608
882,0.85567074279232,2,0.893257678995425,0.88464774320403,1.61689048218132,1.42266826685883,0.741660809142608
883,1.20943245064195,2,1.22074881987907,1.23578124377554,1.79900623559267,1.58407091559837,0.741660809142608
884,1.0813851189673,2,1.06348818489888,1.10526237692645,1.88064873414178,1.60239524797729,0.741660809142608
885,1.1790281019983,2,1.12954224036198,1.19892497540195,1.99117429080065,1.6273786842856,0.741660809142608
886,1.12239866712345,2,1.05073606546547,1.13726464109776,1.90427139390785,1.56932721047059,0.741660809142608
887,0.928832738847474,2,0.854852970010408,0.94262319477416,1.83969201139445,1.49682944400596,0.741660809142608
888,1.32392394177982,2,1.19499123786457,1.33628269716944,2.19532866763607,1.8993753371003,0.741660809142608
889,1.13177803444817,3,0.994626145283543,1.10868997999737,1.80938044235476,1.5473626188842,0.721785980854062
890,1.01991896913326,4,0.91089924400677,1.03106742719435,1.65995972895864,1.38595936196386,0.670375126866166
891,1.05091679527043,4,0.920377981981973,1.03589789898744,1.63119138651938,1.36633745952689,0.670375126866166
892,1.30661790667839,4,1.23269320970915,1.41123590284816,2.02621498972577,1.72018047175501,0.670375126866166
893,1.10171292877124,5,0.980810748806591,1.08217889994153,1.70037300629547,1.43443620931413,0.777721881124577
894,1.06840804191296,5,0.988780001879531,1.07987418118663,1.80050722945517,1.52502838676817,0.777721881124577
895,1.05219472507848,5,0.997126028081368,1.08350744997409,1.81256899589614,1.52630806380771,0.777721881124577
896,1.02652171147257,6,0.962358581523442,1.07927702081144,1.52519957834461,1.31091497876287,0.835559029791432
897,1.22681879751879,6,1.18232623235187,1.29335482898056,1.84127385229319,1.58048168233669,0.835559029791432
898,1.05168440531326,6,1.10165918829784,1.16239897883358,1.69948734492188,1.44052727485515,0.835559029791432
899,0.687158134503468,6,0.643281056625402,0.682412830683123,1.01611185464233,0.862180330060821,0.835559029791432
900,1.00789456804347,6,1.04313230681919,1.08059823390168,1.61099765990301,1.35406773253525,0.835559029791432
901,0.937400195100414,6,0.953270688220469,0.979232252551613,1.4243360183156,1.21593837898311,0.835559029791432
902,1.07534643919281,6,1.15469492778332,1.1360040178428,1.65425232876621,1.3905986222698,0.835559029791432
903,1.08725511840553,6,1.16112218773338,1.15439848810181,1.64556403806439,1.40150254118918,0.835559029791432
904,1.06614638600959,6,1.12358130817902,1.11345788528531,1.61803204785445,1.35460476540981,0.835559029791432
905,0.952556391506631,6,1.00274248957164,1.00465470789205,1.41459365633129,1.1960113839085,0.835559029791432
906,0.781449648529102,6,0.855813486017928,0.819873039517198,1.21674531410464,1.06164665320683,0.835559029791432
907,0.874319356955357,6,0.947021672054785,0.922605957420446,1.02590323970975,0.834517701872167,0.835559029791432
908,0.582820946445444,6,0.620771864145189,0.603506093954237,0.656569969641443,0.519324618143031,0.835559029791432
909,0.668262715792266,6,0.718029496857612,0.689893591861523,0.984429600103662,0.828213581546988,0.835559029791432
910,0.756981381611678,6,0.864010903513356,0.80750701123725,1.07549638242796,0.918405525291969,0.835559029791432
911,0.914225018440428,6,0.989756015318764,0.955420653090581,1.27619326773915,1.09777430141563,0.835559029791432
912,1.08296916613264,6,1.17956483481018,1.1189327986759,1.55597099185884,1.31912583247884,0.835559029791432
913,1.04493234348656,6,1.11141904747643,1.0770867725651,1.49541728488111,1.26504980956198,0.835559029791432
914,1.03024397647654,6,1.10801175467604,1.06812328650199,1.44357257384981,1.22098410104094,0.835559029791432
915,1.08726700772804,6,1.18748053367266,1.14851925401838,1.56467650550962,1.30166611110063,0.835559029791432
916,0.97097158996277,6,1.04590976051742,1.00549727588964,1.44347318844435,1.19317718697489,0.835559029791432
917,0.925941653682158,6,1.00995316218654,0.965287805622292,1.37055345858275,1.15070261771047,0.835559029791432
918,1.05842480646972,6,1.12971499275642,1.0709000684541,1.6080880957235,1.32300217687227,0.835559029791432
919,0.987266465348139,6,1.09405237872882,1.00651947445612,1.34515546181053,1.11225970208135,0.835559029791432
920,0.603268112276976,6,0.644545287428624,0.605402066101915,0.848913892900564,0.673155882393415,0.835559029791432
921,0.94119166498211,6,1.05347236276414,0.960946439280285,1.39464162165857,1.12411243594196,0.835559029791432
922,0.81572922849072,6,0.890167896253528,0.829644177043733,1.13296906578251,0.930096392302934,0.835559029791432
923,0.925216783998921,6,1.0596002963574,0.95171247231341,1.2273081467549,0.994770559774618,0.835559029791432
924,1.02903068900223,6,1.15248265761182,1.04797193494901,1.3597890205727,1.1074981909259,0.835559029791432
925,1.09583395501173,6,1.18831317823364,1.11513564107401,1.4124483651564,1.17163225706654,0.835559029791432
926,0.892162401234909,7,0.980772071832505,0.913983045989845,1.41618186737517,1.18326322653732,0.858133100495927
927,0.693055114572036,7,0.751674859147658,0.694329514234593,1.22793758043922,0.995471645263006,0.858133100495927
928,0.715265878437871,7,0.766089839864895,0.710864787155733,1.12222366028803,0.935687990922522,0.858133100495927
929,1.00602542847599,7,1.12077534179758,1.01232316503576,1.60431248284955,1.3175328751616,0.858133100495927
930,0.858670119257345,7,0.924182940608482,0.862445080603649,1.36980929154318,1.13603735933696,0.858133100495927
931,0.675040255676687,7,0.637661473277644,0.599534533813256,1.06609968177283,0.878616347495683,0.858133100495927
932,0.825086067259755,7,0.878146396421323,0.837367057514016,1.28699337430597,1.09797884201236,0.858133100495927
933,1.11496100480582,7,1.22790382002605,1.19778928532428,1.71915251079243,1.43944344732159,0.858133100495927
934,1.05337535389027,7,1.03627419061751,1.04053751664841,1.43411610456362,1.1668452230696,0.858133100495927
935,1.0311509454696,8,1.0313215859056,1.04345049923647,1.5816418579264,1.31564340185978,0.876929509964718
936,1.14380637723867,8,1.1079692141301,1.12738264316123,1.8250637904878,1.49521663803202,0.876929509964718
937,0.976371998715657,9,1.06306006546017,1.05334677147231,1.28724050949732,1.10955608814924,0.895721819149867
938,0.94580557616432,10,0.993268689958641,1.05221606033269,1.62549086996594,1.34712817123685,0.900743662222648
939,0.989410011760005,10,1.02670399195434,1.09453900593686,1.48561989253506,1.2451169122147,0.900743662222648
940,0.899971022578587,10,0.900364872160679,0.946506108751065,1.34208723136676,1.13524942960984,0.900743662222648
941,0.84670944337732,10,0.881011249855692,0.914306994103899,1.32427986662249,1.10884409202516,0.900743662222648
942,1.07509234060328,11,1.08025312408429,1.1417612097862,1.62668903105277,1.37981342380559,0.896915882367891
943,0.776299113930834,11,0.826543619619595,0.868728057294024,1.21366007289273,1.02357790386037,0.896915882367891
944,0.927816906149401,11,0.955411792099554,0.998024595560837,1.38934488502339,1.16257487609762,0.896915882367891
945,0.562005541278642,12,0.582009035067697,0.59504252610052,0.925419744599915,0.785782293690781,0.906581887240763
946,0.928518705555639,12,0.967223297812358,1.00480501114245,1.49324873273138,1.2440359473791,0.906581887240763
947,1.11754349813234,12,1.16165822149651,1.17177330802771,1.71191479463398,1.414522382595,0.906581887240763
948,0.955625443876621,12,0.994011868839197,1.01681802067105,1.4356642195211,1.16528962226556,0.906581887240763
949,1.13494881732411,13,1.24921191977516,1.25776676460016,1.65633842321578,1.36253239232278,0.911801619293889
950,1.17925560792287,13,1.25460520955642,1.24928344028732,1.65798273532401,1.39323177439665,0.911801619293889
951,1.02424505236358,13,1.09390255076087,1.13123433198294,1.58861400800959,1.33551625482154,0.911801619293889
952,0.429623859413075,13,0.438973736152877,0.452137066449239,0.669027460198777,0.567631319224668,0.911801619293889
953,1.05536464577856,13,1.11555646363652,1.13052900964962,1.57135873102403,1.33345262737941,0.911801619293889
954,0.955272555382902,14,1.06801506456106,1.05259522237818,1.38344048820481,1.19712099624402,0.922408964031576
955,0.615651717200161,14,0.712951515345337,0.682960022811289,0.939752248947156,0.784393536750081,0.922408964031576
956,1.02501293675554,14,1.16487835015705,1.09850267972816,1.54995177429133,1.29883137894974,0.922408964031576
957,0.797667755576421,14,0.907918300579274,0.868859056804323,1.17350634701031,0.978426601448334,0.922408964031576
958,0.906458795817773,14,1.02806931165149,0.997661240852569,1.36310681091099,1.14534183583315,0.922408964031576
959,1.13335252639098,14,1.23357583353953,1.18317604292427,1.64873912539074,1.39066720260754,0.922408964031576
960,0.899530946695631,16,1.04230418295215,0.943586812609986,1.35887958402134,1.1401239894011,0.932025097195417
961,0.657860816927279,16,0.774010259678595,0.719881380866247,1.00484592866981,0.830206185342912,0.932025097195417
962,0.732604276912257,16,0.863201931371812,0.802282378337631,1.14066724153848,0.952973918548107,0.932025097195417
963,0.577265950338204,16,0.644430540588791,0.599112079559182,0.897859477353802,0.748690633086024,0.932025097195417
964,0.948049936095021,16,1.05198050809554,0.979784280620817,1.54193904975895,1.26666592779862,0.932025097195417
965,0.880050064576709,17,0.995256154384965,0.94281410512054,1.37560620211988,1.14011560868141,0.940009453025346
966,1.0990189264083,17,1.21163861646597,1.13601943778657,1.69486595345864,1.39545404603542,0.940009453025346
967,1.11077312751613,19,1.18165722149743,1.13005929240235,1.5777777966457,1.30774305643551,0.945244268638444
968,0.886797567579557,19,0.932162579823062,0.897636460299102,1.29037458040702,1.04659910587195,0.945244268638444
969,0.772864426063565,19,0.817876622405425,0.828384267387698,1.15341485860899,0.954952574700819,0.945244268638444
970,0.829775437528202,19,0.891313636193833,0.859490165654877,1.26359090123128,1.0496264732271,0.945244268638444
971,1.01720280088163,19,1.04641474785286,1.01261108850938,1.4701833472722,1.22215525761872,0.945244268638444
972,0.868336833482079,19,0.890913714570702,0.888310188234377,1.2543107111711,1.05444067504116,0.945244268638444
973,1.12871297407662,19,1.15001192886252,1.13364621249864,1.60759488008313,1.35622055332496,0.945244268638444
974,1.04569793594683,19,1.06107760487873,1.08338810561321,1.46335476458419,1.22197022017874,0.945244268638444
975,0.953012556328426,19,0.956103859398361,0.969275606393128,1.38071522289176,1.14422699278308,0.945244268638444
976,1.13850796029594,20,1.1367362137478,1.15815832060248,1.64863159689017,1.36534120999567,0.950356092429684
977,0.969216333168703,20,0.994776765299556,0.992359093197251,1.4849275288097,1.21255024960802,0.950356092429684
978,1.05277352425871,22,1.06220998446455,1.08286740971804,1.59184266804911,1.31950945836904,0.954542587864931
979,0.99126044333561,22,0.985930698376861,1.02492555107142,1.46387444992235,1.1999193489416,0.954542587864931
980,1.22179037418944,25,1.20581552747563,1.24258760671434,1.77597983772658,1.45607659616019,0.959055513877222
981,0.694114594265865,26,0.687499374370657,0.719073140769817,1.03829252966343,0.86492301795864,0.959620190885481
982,0.41883669107607,27,0.407672023809575,0.426596877272845,0.607704580273137,0.506382879409224,0.961537091874481
983,1.28660540806122,27,1.29336838685922,1.33754158451132,1.84918577144826,1.51588180258727,0.961537091874481
984,1.22750973114243,27,1.21074502958171,1.24781365558171,1.83485026451466,1.5252115607991,0.961537091874481
985,1.10876980929103,27,1.09739297344179,1.13851910254834,1.63249877698866,1.36332808426803,0.961537091874481
986,1.25918651348375,27,1.21157189749288,1.2522236214404,1.87127998792317,1.5602968160439,0.961537091874481
987,1.10615078933018,27,1.04638588914273,1.11139186694418,1.59920066438943,1.3369898723472,0.961537091874481
988,1.04938869898053,27,1.00158069204252,1.05446241593463,1.52516432044809,1.27191094865235,0.961537091874481
989,1.01903026412521,28,0.970242702121554,1.02565501341377,1.5761133685783,1.30430676587848,0.963968783149379
990,0.651171148556119,29,0.620769998164468,0.659949657841418,0.975084782362934,0.808028005654063,0.964571278331384
991,0.973270624690837,29,0.902748900522588,0.952904096462024,1.44999299123767,1.18684056614511,0.964571278331384
992,1.24929523303448,29,1.19209059811722,1.24302687073655,1.82462700182266,1.51310932444472,0.964571278331384
993,1.13266593540523,29,1.07937702538958,1.122166601134,1.575492089153,1.30423295546044,0.964571278331384
994,1.13916928842396,30,1.08433496800284,1.12290904386782,1.63016482599922,1.34731674835976,0.965857642270017
995,0.839049415999879,30,0.800329194347547,0.833287754495581,1.19840436444561,0.989222639088729,0.965857642270017
996,1.12818112314667,30,1.09136800408409,1.1107355533986,1.58376981122718,1.33238881955889,0.965857642270017
997,0.969815832523266,31,0.97773586378311,0.967796643633126,1.36938038238237,1.14803978596808,0.967672664270094
998,1.22555802069862,31,1.22463478802341,1.21569152774618,1.68329228440626,1.4083277653814,0.967672664270094
999,0.947939162099892,32,1.00261696622075,0.965684799288473,1.3473268977879,1.13185713899802,0.969436352450202
1000,1.06700108109053,32,1.09894247315839,1.07783994942079,1.48720396500803,1.23104129470439,0.969436352450202
1001,0.958744969482518,32,1.02510193014824,0.959124653192788,1.33146385955455,1.10970583225187,0.969436352450202
1002,1.18623528825472,32,1.27320149004931,1.18777920986624,1.63052495785164,1.35097730188542,0.969436352450202
1003,1.01100264643611,32,1.12877024958411,1.0077190177149,1.38811943306267,1.16691756726069,0.969436352450202
1004,0.856510619707269,33,0.966006716398009,0.852781024869614,1.19874261906041,0.991796512988989,0.970967182297773
1005,0.802277638249592,33,0.942959627535346,0.807872119324631,1.14754607763099,0.945729426421449,0.970967182297773
1006,0.781534738194883,33,0.897304322554836,0.773512437228851,1.08522650552234,0.905160743803267,0.970967182297773
1007,0.652278456551706,33,0.762463381783234,0.642188096721035,0.920510619575777,0.745161417122422,0.970967182297773
1008,0.33989906453417,33,0.403940693563729,0.339751178345866,0.469898797094007,0.38610196625862,0.970967182297773
1009,0.432994726229745,33,0.521095887629297,0.440382239347795,0.604379136182121,0.501779786989984,0.970967182297773
1010,0.583196967149244,33,0.673064984825332,0.580887182441495,0.786163978754665,0.64189785125787,0.970967182297773
1011,0.970716382937532,33,1.08370461105451,0.967951816163949,1.28230812367462,1.06593595317371,0.970967182297773
1012,1.07137984817201,33,1.2058267065042,1.08400683773358,1.3762450517226,1.1608046092044,0.970967182297773
1013,1.04339101893708,33,1.12953427040247,1.02757320275681,1.36669937114002,1.1217573559171,0.970967182297773
1014,1.08593698384638,34,1.15194685934352,1.08053626987873,1.49426203558027,1.22275974839694,0.971847606206141
1015,0.915168425997934,34,0.949924851326125,0.899810894595703,1.24089584454047,1.01650039109481,0.971847606206141
1016,1.20620050742111,34,1.20540760542984,1.15989999383954,1.67620373716171,1.37235218893529,0.971847606206141
1017,0.932951352353519,34,0.910645597541779,0.903416293416193,1.27435380702945,1.05409786982576,0.971847606206141
1018,1.10892047372206,34,1.07166441797217,1.07687017706053,1.51243140263621,1.24062193727031,0.971847606206141
1019,1.30393839466247,34,1.26343279462443,1.29206712063034,1.76413931497192,1.42361037557745,0.971847606206141
1020,0.945847954137229,36,0.885214257112616,0.924175454601328,1.31181715721012,1.07074096528995,0.973327503117298
1021,1.09719401762864,37,1.02998490004292,1.07926675333274,1.48576915542972,1.23485535697545,0.973666716828162
1022,1.03780227504477,37,0.96704875029813,1.00758557511801,1.41345456062728,1.1512792146539,0.973666716828162
1023,1.00712689135319,37,0.976500171360372,1.01789801108241,1.39542878284059,1.14038564518549,0.973666716828162
1024,1.22362828162504,38,1.14503295673651,1.19917103100194,1.646349809529,1.33691115292817,0.974455574749429
1025,1.13362083613772,39,1.07533032505822,1.11416075954363,1.61304577176868,1.31170321416415,0.975404902522787
1026,1.0475437046722,39,0.963642545559216,1.01008871195544,1.43875924670905,1.17926803724118,0.975404902522787
1027,1.15227003836253,40,1.09420362082861,1.12802859443973,1.59739273685431,1.31115273317841,0.976388908136463
1028,0.93948849299309,40,0.882628779712335,0.913309805418225,1.29896342109611,1.04892482220149,0.976388908136463
1029,0.991639355481331,41,0.923339958963467,0.946630052463011,1.33751833062755,1.0797172711624,0.97712685158377
1030,1.13385408470084,42,1.04982056310033,1.08806955927233,1.53987143894777,1.25943463385083,0.978009164279721
1031,1.01432895794985,43,0.954335920065884,0.980990433190826,1.38891560331114,1.14281505528229,0.978343089382802
1032,0.981529210599685,43,0.926535678755863,0.953138885416543,1.33336095502026,1.09212171633682,0.978343089382802
1033,0.919811253285618,43,0.881064653999601,0.897075694720292,1.22899931423143,1.00703606241904,0.978343089382802
1034,0.807644849896621,44,0.755044350690676,0.777471860137162,1.06090706815213,0.875831139024375,0.978974053479362
1035,1.1956599232012,45,1.12180616091524,1.15646272777721,1.58726215758373,1.28887209337902,0.979807214600543
1036,1.16586824518529,45,1.08239676123511,1.12126871430953,1.55635259338916,1.28122919183705,0.979807214600543
1037,1.09598471795014,45,1.01736984869964,1.05078461793418,1.41176599184965,1.17328690644761,0.979807214600543
1038,1.01069573091406,45,0.933702516297545,0.961260579440615,1.33368674725528,1.09136195920244,0.979807214600543
1039,1.22697575541241,45,1.12648915257606,1.17251376065379,1.58952258549902,1.2933010905548,0.979807214600543
1040,0.953557189379247,45,0.882024377132366,0.910248078819547,1.25232148311273,1.02400793320176,0.979807214600543
1041,1.16364962472248,45,1.07399362002741,1.11487538043968,1.48366712799993,1.20868391731527,0.979807214600543
1042,1.26358651772409,45,1.17748740592688,1.19631344808222,1.58317582583022,1.29787504516578,0.979807214600543
1043,1.00678842327061,45,0.939388356881205,0.963893210037143,1.29830729310849,1.05040874130621,0.979807214600543
1044,1.21863297389554,45,1.1475096504004,1.16688929139748,1.58626649332654,1.28456720396928,0.979807214600543
1045,0.821086924490784,45,0.766412062399349,0.785781024842861,1.04278008534662,0.848096074876697,0.979807214600543
1046,1.16976607440445,46,1.09977822569745,1.13317154124188,1.49422542219731,1.22226397081469,0.980425495635225
1047,1.09113500999559,46,1.027179174338,1.04152351788048,1.37375570494394,1.10666854432096,0.980425495635225
1048,1.21849926325128,47,1.15815941186375,1.16691461986076,1.54798891931819,1.26382380789392,0.98060459937199
1049,1.12843594871557,46,1.07975058491888,1.08084986886732,1.43123757327051,1.17451268911208,0.981038045097963
1050,1.02258265927869,46,1.01408604313936,0.993537356750667,1.29542703966935,1.04615598850447,0.981038045097963
1051,0.985246668050874,46,0.984431425027277,0.955393883978024,1.31155130063138,1.06631627774426,0.981038045097963
1052,1.0016848398434,46,0.982884047248685,0.964455285623461,1.2764332034715,1.02392059920198,0.981038045097963
1053,1.01133378770826,46,1.00741849283463,0.976533441724638,1.33341581253986,1.0785516983466,0.981038045097963
1054,0.761667028411562,46,0.763742268032628,0.738350663622671,1.00776107007771,0.802483635304627,0.981038045097963
1055,0.339112277163166,47,0.32171050282257,0.32455969566529,0.431065220732244,0.354018236199559,0.981458133891322
1056,0.94220421122208,47,0.919650438497912,0.905045882697979,1.22161230622807,0.977274845772064,0.981458133891322
1057,1.09352568744343,47,1.06745475381582,1.05411424451352,1.41121910332887,1.13818364767363,0.981458133891322
1058,1.15864576294305,47,1.12027162755881,1.11224054747689,1.47571260532251,1.18515791394715,0.981458133891322
1059,1.0807611168915,47,1.04446317898069,1.051888777884,1.336180576112,1.10837627602825,0.981458133891322
1060,1.25416627583135,48,1.20081274067321,1.20933415271845,1.50957984693297,1.22040186733224,0.98171155963829
1061,1.04518131972433,48,0.979723271036374,1.00796999965677,1.29839764357684,1.04316483491706,0.98171155963829
1062,1.39884882125478,48,1.31478481876232,1.34530443982467,1.71227444141556,1.39027868191441,0.98171155963829
1063,0.910479107572373,49,0.834089114186107,0.86744434332469,1.11484565624886,0.888859986079817,0.982305411438534
1064,1.22490119767315,49,1.13216418105382,1.17231630179484,1.43168057752682,1.14110636273014,0.982305411438534
1065,0.896999573348911,49,0.823715666359372,0.855971180915779,1.10220178610254,0.877863152809543,0.982305411438534
1066,1.49196203128075,49,1.39724631364352,1.43588225567436,1.81141394446699,1.4282476342574,0.982305411438534
1067,0.959343967143299,50,0.908343982104849,0.923621796456661,1.16211932750914,0.937596003332485,0.982871288583671
1068,1.21402751258963,50,1.12406086040739,1.15861910514775,1.46075389067779,1.1546352024301,0.982871288583671
1069,0.917909999261978,51,0.908634724814623,0.90308616132304,1.14352013696371,0.911133944208863,0.983355451400472
1070,1.03540822384199,51,1.01355908331266,1.00977306309514,1.2178768555117,0.982983639547614,0.983355451400472
1071,1.1691348211807,51,1.13077471645357,1.12435024606461,1.39276426992064,1.09831614368825,0.983355451400472
1072,0.911186585031074,51,0.890541902698726,0.879921116025062,1.08343813692114,0.867705889268031,0.983355451400472
1073,0.713442416816259,51,0.693897618757365,0.692914871625492,0.849343418360673,0.682329842995996,0.983355451400472
1074,0.745235814206548,51,0.747098707903425,0.726809769053556,0.882560680567072,0.694616560909265,0.983355451400472
1075,1.16004476805353,51,1.13161220767339,1.11780163639249,1.3060991318567,1.04597881742754,0.983355451400472
1076,0.922788230878818,52,0.898634489380703,0.888949288626978,1.06971703381236,0.855461433855057,0.983882344695937
1077,1.11563471071756,52,1.07781406100923,1.07375404694606,1.29290141928484,1.01301329971705,0.983882344695937
1078,1.04143222829349,53,1.01972868951261,1.00885993641205,1.20075514247374,0.959963003740195,0.984309138151774
1079,0.998381095057508,53,0.959696151693771,0.962486463728396,1.14529976781859,0.906979318313932,0.984309138151774
1080,1.03609616861325,54,0.999825506149583,1.00483613968309,1.19263493290067,0.956963808482885,0.984772916775333
1081,1.27622946506525,54,1.21709391716574,1.23253156065555,1.41604085464066,1.14616692295407,0.984772916775333
1082,1.13991744864468,54,1.08836284108557,1.10797443327015,1.27164741604185,1.01161724148237,0.984772916775333
1083,1.11614778766331,54,1.039831604808,1.07241330068337,1.26129758851194,1.00348506012299,0.984772916775333
1084,0.703926527105423,54,0.656523887172725,0.686384332824632,0.797424799205286,0.635059591286501,0.984772916775333
1085,1.26703516917696,54,1.20842503788954,1.25258824718419,1.44043406302581,1.14745063768778,0.984772916775333
1086,0.752551070397067,54,0.675345861424729,0.726192813122237,0.845302961446413,0.672861635171864,0.984772916775333
1087,0.851947805010956,54,0.76685830141373,0.829294058341416,0.960710610135561,0.764199174478174,0.984772916775333
1088,0.993334969804134,54,0.905462036733447,0.987776079625564,1.13645955445142,0.900521043935011,0.984772916775333
1089,1.10832809933377,54,0.978011424748042,1.08312314176176,1.24287827410335,0.975027999812443,0.984772916775333
1090,1.2982128851614,55,1.12651026719951,1.27406541326141,1.39917823764574,1.09722761886467,0.985017996448554
1091,1.34850964183321,55,1.16227473665627,1.32590738441927,1.43873360113173,1.14609340389378,0.985017996448554
1092,1.25253971244499,55,1.0741630570838,1.23430637331002,1.34187994701076,1.07181669542392,0.985017996448554
1093,1.33318773878048,55,1.12486462658403,1.30436528165424,1.43778812642081,1.13393526703939,0.985017996448554
1094,1.15478111218161,56,0.980311678490866,1.14437902780349,1.27897736334894,1.00706626670308,0.985227847248555
1095,1.1308421029335,57,0.962464546261465,1.11790247197502,1.23659748574474,0.970285857440063,0.985242321812549
1096,1.35896149181238,58,1.16579548621253,1.35449909496135,1.47432077558892,1.17864829504289,0.985709165650806
1097,1.53136463369644,58,1.33459566809953,1.53045766274941,1.68305883659459,1.31980392070409,0.985709165650806
1098,1.33325339577018,58,1.15734651906713,1.3250605319732,1.47392543344623,1.16499991530468,0.985709165650806
1099,1.12722087543011,58,1.01254878130654,1.12776162745197,1.25514811549489,0.978941725639836,0.985709165650806
1100,0.680474403865248,60,0.608958094714986,0.682213243984947,0.773344649551723,0.612509665774943,0.985863277383259
1101,0.745621924886327,60,0.693238535044999,0.75345012086431,0.821980475412765,0.649583136096005,0.985863277383259
1102,0.912708209761051,61,0.871169332804487,0.926442565534512,1.0158801261089,0.80741249822311,0.9861551361347
1103,0.961441447853215,61,0.92156880450594,0.964480406117551,1.06972699686505,0.830002563327135,0.9861551361347
1104,1.26754805886574,61,1.23780423640057,1.27041425498159,1.36415086727014,1.08063204813707,0.9861551361347
1105,1.26707410224493,62,1.28586903022487,1.28571002184136,1.41846473867098,1.10443635670153,0.9865813430136
1106,1.26333523867118,62,1.28662259754333,1.27975119349693,1.37167416152902,1.07522471771357,0.9865813430136
1107,1.02494263263361,63,1.08992203604686,1.04902818290373,1.17595662341125,0.914142371342918,0.986863077563426
1108,0.370691212158007,63,0.393958121445385,0.379162120981709,0.456908424149881,0.356395031042156,0.986863077563426
1109,0.660900351473125,63,0.726585107844795,0.678390271492665,0.740075196123155,0.577077108562425,0.986863077563426
1110,0.984262065245887,63,1.09890031757818,1.00476777367592,1.06700468260458,0.789823445237385,0.986863077563426
1111,1.10322130627339,63,1.24202471586673,1.12594738125755,1.19038374077414,0.901452005600777,0.986863077563426
1112,0.418287406333176,63,0.461648707113261,0.425897415367653,0.469504062784684,0.372203707455818,0.986863077563426
1113,1.04181472428726,63,1.19752003508769,1.06949455827904,1.0939018762698,0.831084769612412,0.986863077563426
1114,0.950566385230128,63,1.06288502014515,0.961921590776838,1.0075674524397,0.78959000868386,0.986863077563426
1115,0.576179139108541,63,0.647344459433602,0.586605452779183,0.611615803060399,0.474234097582745,0.986863077563426
1116,0.751380350096012,63,0.842930459478737,0.767258093201887,0.829027797454558,0.638458859576031,0.986863077563426
1117,1.07761110079255,64,1.2100294328535,1.10661075226859,1.1744669933587,0.905811379018394,0.98709968737745
1118,1.17749348133324,65,1.31929629266541,1.21565600031984,1.26170842434718,0.987773011612154,0.987372354485128
1119,0.791976276572067,67,0.888288655082316,0.828672321323719,0.88573203133967,0.68397361837431,0.987811985578179
1120,0.899992845237699,67,1.00347854181797,0.934266865881355,1.00011716776,0.781682536255487,0.987811985578179
1121,0.883906316171367,67,0.968935105297788,0.923711945893191,0.96211879630481,0.740143139424337,0.987811985578179
1122,0.898117338376479,67,0.972964436397895,0.936700050504287,0.982177782099598,0.759177366492457,0.987811985578179
1123,0.679296559034408,67,0.73611451567657,0.720541911710576,0.752292383677571,0.589239068203868,0.987811985578179
1124,1.04576966248658,67,1.10358093075301,1.09437812105631,1.0734624014529,0.828234038451953,0.987811985578179
1125,1.25336104085691,67,1.31515977810364,1.32251030397692,1.33608228208458,1.031853058313,0.987811985578179
1126,1.15078027003683,67,1.21278855822182,1.21290807205642,1.18000517955765,0.905376330193059,0.987811985578179
1127,0.868385926391438,67,0.909508228742262,0.909351484105675,0.933973756597608,0.729754089927462,0.987811985578179
1128,0.716434932780509,67,0.749389289896797,0.752779404367115,0.762877138007347,0.597431036367888,0.987811985578179
1129,0.957240047972959,67,0.986372553412087,1.00509745096605,0.981357103893361,0.7400717593849,0.987811985578179
1130,0.703502835209792,67,0.733813599502847,0.739016677842919,0.765388857497588,0.581127051977597,0.987811985578179
1131,0.936905515749586,67,0.9691722025932,0.983920141366886,1.00719774816084,0.774387570739843,0.987811985578179
1132,1.01673259924124,67,1.04349712157289,1.07492826893553,1.06631290164951,0.814496669728413,0.987811985578179
1133,1.09680968726964,67,1.12354012455528,1.14949225668042,1.14495210138288,0.874928246949756,0.987811985578179
1134,1.28310952681116,67,1.32742455091867,1.3395811575483,1.31236542929845,1.02087144454454,0.987811985578179
1135,1.00607310828066,67,1.06073503232048,1.07254651584357,1.04183358027959,0.813256160761938,0.987811985578179
1136,0.693657009812737,67,0.756574118036285,0.740610105501284,0.725793898002748,0.559115369807449,0.987811985578179
1137,1.15903971396327,67,1.25786456974309,1.22622231718031,1.18687474345163,0.912427969529781,0.987811985578179
1138,0.976917503546841,67,1.08192959497326,1.03499016729809,1.00732429001003,0.761472964329756,0.987811985578179
1139,1.02270659037284,67,1.16044225355821,1.09232608314063,1.03893349309387,0.79267324919622,0.987811985578179
1140,1.18123962797094,67,1.40716453211606,1.25058940252727,1.1790509007536,0.921291332066295,0.987811985578179
1141,0.919864420673217,66,1.10878536316239,0.973582279315829,0.947185891682691,0.723396758604425,0.987631730656254
1142,0.789317549247686,66,0.996499197985607,0.834836256932187,0.783352817251218,0.599208752326698,0.987631730656254
1143,0.652262359107787,64,0.862219377267087,0.682671119136315,0.701101517880268,0.528822338999268,0.98736964117744
1144,0.431067953627727,63,0.575411271980092,0.452409447431161,0.460142315206786,0.34877385192339,0.987176659672398
1145,0.367205144194159,63,0.504943504203436,0.385583289458381,0.391180552319918,0.29708649842526,0.987176659672398
1146,0.298125511841788,63,0.395277574754109,0.308944817782908,0.329862452069529,0.247294228496914,0.987176659672398
1147,0.525945082428887,63,0.722067948023987,0.545037730465938,0.575821559427603,0.440254631879387,0.987176659672398
1148,0.960883115461647,63,1.38310891736541,1.0097445876789,1.01353285978727,0.757826041397094,0.987176659672398
1149,0.975710500004209,64,1.4104675361724,1.02757562466317,1.04477275816403,0.792062742918734,0.987375694432736
1150,0.439604832985457,66,0.61801726940075,0.460032725312546,0.447589556627227,0.34257772696931,0.987861588692217
1151,0.554127165926726,66,0.767375541971668,0.589080126343264,0.565503573631785,0.433547081869069,0.987861588692217
1152,0.221749861021888,66,0.280599384587773,0.230431640484826,0.218786414538465,0.16030319794039,0.987861588692217
1153,0.578663872444487,67,0.756636613496377,0.616874075579238,0.573559093980126,0.432323039965941,0.987986124935322
1154,0.687772811380372,67,0.857875388939822,0.744587029542458,0.69988189001811,0.529383623184416,0.987986124935322
1155,1.16770637663079,69,1.37796212147812,1.22010446939415,1.1845228860036,0.880093823780751,0.988448574148217
1156,1.11101557614451,69,1.27059040437309,1.18266845625243,1.11773854618707,0.861710081815428,0.988448574148217
1157,1.2748747508169,69,1.4140541434018,1.36122762861381,1.27711216985531,0.964591127620287,0.988448574148217
1158,1.24486928596727,69,1.37210722193065,1.32599023694813,1.27255242951841,0.974557506615294,0.988448574148217
1159,0.728977435776414,69,0.793425072892326,0.780653781592033,0.757707589245072,0.58206581308636,0.988448574148217
1160,0.705194396533336,72,0.760441837902316,0.74685219739997,0.690985250898582,0.534298467705346,0.989162435457575
1161,1.36542806030233,72,1.43661818655875,1.45069986411867,1.31060104604239,1.01193516826834,0.989162435457575
1162,0.826926595755464,72,0.857813736349849,0.884393508523066,0.853314744138268,0.646375516411932,0.989162435457575
1163,0.725839802409367,72,0.749331874538754,0.775746421098416,0.74319767492704,0.57574355974556,0.989162435457575
1164,0.950215923479112,72,0.969201570574454,1.01512276963423,0.971283772550874,0.740819778191069,0.989162435457575
1165,0.733491274022289,72,0.740521435514472,0.781383170122279,0.750024118235815,0.569384371602826,0.989162435457575
1166,0.968383897506107,72,0.958295724840071,1.03146521116333,0.945868504255698,0.71603981396531,0.989162435457575
1167,1.40571380059021,72,1.37642373901302,1.48874998438984,1.36050877960529,1.03143596367415,0.989162435457575
1168,1.08482353528324,72,1.06902938048147,1.15235029196649,1.03164635178013,0.801917267993136,0.989162435457575
1169,1.33283439102483,72,1.32488395825633,1.41251508839315,1.32741292146722,1.00582825560443,0.989162435457575
1170,0.990589080169337,73,0.993061024979278,1.04410522115207,0.978706989828471,0.743310729834885,0.989314212862445
1171,1.28636172201376,73,1.28549057134121,1.35054083098418,1.27698787497307,0.964827543631409,0.989314212862445
1172,0.569152173496386,73,0.571168136446561,0.596572644716357,0.577095479433604,0.438651621085615,0.989314212862445
1173,1.04934037994526,73,1.08204059634085,1.10875126608032,1.0388765287571,0.788397515311203,0.989314212862445
1174,0.619794682693402,73,0.632952625251982,0.645160699794056,0.623357569054854,0.467523175080294,0.989314212862445
1175,1.29262232512191,73,1.35764376919404,1.36459623658146,1.24830259177834,0.950133017702153,0.989314212862445
1176,0.635414847259062,73,0.669080955611465,0.672396444400921,0.648525934520992,0.484998540279727,0.989314212862445
1177,1.21230232291307,74,1.29084961081584,1.27984961378932,1.17443358262001,0.87894310711893,0.989452183583892
1178,0.660490423091795,74,0.71508113746963,0.705189059998667,0.653402810903875,0.481344352538252,0.989452183583892
1179,1.1053842885562,74,1.19074342482453,1.16293258443065,1.06422907562263,0.800103008272824,0.989452183583892
1180,0.877463732446077,75,0.962327447903063,0.938235236223404,0.86772091219418,0.645509211357568,0.989343155501069
1181,0.267404956030967,75,0.290387659376195,0.287128270968941,0.256072402679926,0.187890470345931,0.989343155501069
1182,0.698296693821309,75,0.749751470024528,0.734790079835116,0.648363753261804,0.497608601662548,0.989343155501069
1183,0.548905065499722,75,0.585037172995735,0.573336062551327,0.52193052347694,0.38102746167998,0.989343155501069
1184,1.29553720235926,75,1.3679418629022,1.36564466586085,1.21933398051255,0.918308260321233,0.989343155501069
1185,1.00051106798401,75,1.05580624236659,1.04566220084088,0.948372063202619,0.698906875296826,0.989343155501069
1186,1.29987989069384,75,1.39430092600924,1.37286116061635,1.21917534851971,0.917935612060935,0.989343155501069
1187,1.33534161070445,75,1.42796206387825,1.40369043099568,1.27605410287483,0.962841036408511,0.989343155501069
1188,1.15725578109648,76,1.23998035678503,1.22830922764958,1.11249481434832,0.826702948884069,0.98956156417356
1189,1.09938807207457,76,1.19583304992529,1.17382354507137,1.04777324352518,0.775531762362812,0.98956156417356
1190,1.05910224393436,76,1.15284391945843,1.09909988655513,1.01032071947316,0.76374738347168,0.98956156417356
1191,0.69253552574419,74,0.773113942824656,0.714827695891076,0.683039295223244,0.512229851289333,0.989271206129042
1192,0.886284517853381,74,0.9926959348299,0.927745462783525,0.879049812613432,0.669537020578277,0.989271206129042
1193,0.65661075573903,74,0.752988919811119,0.687576788621081,0.649374302262577,0.487588552297666,0.989271206129042
1194,1.01112243262558,74,1.16144799038351,1.06291465154113,0.989627717306224,0.745930113726976,0.989271206129042
1195,0.849937293280099,74,0.998961003281363,0.892811126423021,0.850330476601354,0.6319519881457,0.989271206129042
1196,0.607671545107599,74,0.728337541730592,0.632527761026345,0.586167671084843,0.430292444622877,0.989271206129042
1197,0.509424732755039,74,0.610525877469674,0.525126600145131,0.509864796992043,0.374374488861883,0.989271206129042
1198,0.961367583186666,75,1.16609675660672,0.999943156914633,0.948332363132099,0.711470732976012,0.989499615019938
1199,0.923447251502863,75,1.12107445030524,0.965626244894909,0.898809907871355,0.668873408556831,0.989499615019938
1200,0.00388204148168365,75,0.00508189041632833,0.00417573258361702,0,0,0.989499615019938
1201,0.665720640598041,75,0.792768400654804,0.688263842902312,0.673614974011015,0.494296448686844,0.989499615019938
1202,1.37987927532146,76,1.60421154998242,1.42302814287932,1.30920059154519,0.989476242117978,0.989623681020686
1203,0.740178091000327,76,0.861271219427145,0.775476532279333,0.74993425074656,0.561029721613732,0.989623681020686
1204,0.982086549336224,76,1.11140949969723,1.00987616617187,0.966945732247983,0.736727121397929,0.989623681020686
1205,1.44579198918215,76,1.61104290706509,1.47896438426316,1.36575474255721,1.03406256631115,0.989623681020686
1206,1.02744377503418,75,1.12088951900054,1.05974574039068,0.975205643593908,0.742163387076842,0.989641699205533
1207,0.523234037615581,75,0.561569511817882,0.536066050646185,0.524639702055656,0.388542207869524,0.989641699205533
1208,0.426599791278308,75,0.443408127013788,0.437261946207736,0.426173496255499,0.315637806922984,0.989641699205533
1209,0.862238591522605,75,0.888338878898708,0.891906508389866,0.84186141577059,0.621631741081638,0.989641699205533
1210,0.983669914681653,75,0.99127570975506,1.00638031547056,0.960510680541624,0.718157404849084,0.989641699205533
1211,1.31036937916339,75,1.27324499634116,1.34533337930721,1.25036327834426,0.941778826063851,0.989641699205533
1212,1.20747139797143,75,1.16205018707169,1.23229476372333,1.18315601497349,0.882137882405531,0.989641699205533
1213,1.2489487980765,75,1.15755867055211,1.2711878565535,1.18712815002258,0.891009117662303,0.989641699205533
1214,1.17467393201351,75,1.09428324749165,1.20145378015254,1.13081323657435,0.844902834483646,0.989641699205533
1215,0.789272781497907,75,0.726424054426827,0.804653336228716,0.761679508792165,0.565032799029986,0.989641699205533
1216,1.19439810307812,75,1.08994244993187,1.22377863853013,1.14070538001907,0.862726640029443,0.989641699205533
1217,1.32990323619089,75,1.21522447392882,1.36822204609644,1.26658370421229,0.955081624624662,0.989641699205533
1218,1.3166433520202,75,1.20050267186401,1.3354182912615,1.28529842515516,0.968100888432665,0.989641699205533
1219,1.25976909518544,75,1.12835876047215,1.27265497862192,1.20767942566165,0.901484320768996,0.989641699205533
1220,0.876363281249191,75,0.795898569310715,0.897830401331915,0.880194638540867,0.655872972313384,0.989641699205533
1221,1.24329301848353,75,1.11924638015016,1.25364194968794,1.19091208279489,0.879355651405354,0.989641699205533
1222,1.11406103857465,75,1.00905595637136,1.12906890437728,1.08122703320544,0.809817967571516,0.989641699205533
1223,1.22469513297899,76,1.11620417721599,1.24159428874651,1.19410729258542,0.897818443585507,0.989399303068873
1224,1.04053182327377,77,0.961384572179101,1.06224480846593,1.04159140377651,0.784291506228762,0.989067931509255
1225,0.587047517175867,78,0.527992833842068,0.590092933985373,0.6211588308293,0.455571833557845,0.989039850335306
1226,1.01703370753765,78,0.930884935245539,1.03325265052289,1.02033094150558,0.766707803172003,0.989039850335306
1227,0.662952825108053,78,0.595548540868384,0.673646512687738,0.672665154448818,0.488332713737129,0.989039850335306
1228,1.08595939598115,78,0.99199067709181,1.1003737721194,1.07430260302438,0.798480990626297,0.989039850335306
1229,1.02357886276269,78,0.941833276966188,1.04896657257561,1.0257002386126,0.768183875673332,0.989039850335306
1230,1.32120432210324,79,1.17133179092713,1.32936323925537,1.26524382432565,0.950636019874951,0.989062343611679
1231,1.22862761813107,79,1.08812724196494,1.24917147446792,1.16220175129621,0.878498155240549,0.989062343611679
1232,1.39357842238502,79,1.21071918771051,1.41015537466813,1.30657436833976,0.992045373292566,0.989062343611679
1233,1.23516387013212,80,1.06993405055423,1.24852113690213,1.21807023400045,0.915519124223985,0.989131206708167
1234,1.11714487382485,80,0.957829838519912,1.13202378383305,1.09875577770285,0.826664094888207,0.989131206708167
1235,1.1801424011245,80,1.00960846296483,1.19091168047125,1.20489015550424,0.894607871801517,0.989131206708167
1236,0.632605235246691,80,0.533419522099285,0.635858381353675,0.622449409913378,0.459877729665165,0.989131206708167
1237,1.17475574372253,80,0.992417302385176,1.18564633977213,1.16639975172831,0.877580825900579,0.989131206708167
1238,1.542287408593,80,1.28958188233171,1.55261682712392,1.48920060574649,1.12125471252423,0.989131206708167
1239,1.24703454569512,80,1.04445191673166,1.24757110302367,1.22654974929977,0.913182694871808,0.989131206708167
1240,1.11974048719732,81,0.941285252192389,1.12250688164235,1.11217984090134,0.814434852738367,0.989256927211503
1241,1.53095135288798,80,1.2635608815327,1.53179074497507,1.46640641019018,1.08213530380907,0.989078159138694
1242,0.713646540566796,80,0.601018398808689,0.716746635470729,0.714304420611315,0.523336006306389,0.989078159138694
1243,1.16616308010318,80,0.989955040706771,1.17743275830932,1.17544855137887,0.872277192541802,0.989078159138694
1244,1.23031637523097,80,1.06319254843593,1.23735149952354,1.21040556281406,0.897906568968092,0.989078159138694
1245,1.37141413458068,80,1.19031647109035,1.36917711520887,1.35545436158717,1.01003610939925,0.989078159138694
1246,1.38729771616914,80,1.22384788757673,1.37139135593933,1.37621615693219,1.03297285343072,0.989078159138694
1247,1.49133384198293,79,1.3488654841209,1.48889743480879,1.45584179514812,1.09184959021704,0.989035665009707
1248,0.997369101678495,79,0.931721569510598,0.997957050438941,0.993567364266967,0.744597355117707,0.989035665009707
1249,1.30387002573835,79,1.24468958423968,1.30569081764184,1.26352881321693,0.940503417205473,0.989035665009707
1250,1.0146230998314,79,1.00402651445473,1.0155886479191,1.00171139974105,0.743474639369275,0.989035665009707
1251,0.78423196094297,64,0.847662625581274,0.781407086082799,0.858972624655834,0.642733347463767,0.985445895207253
1252,0.735006508913872,64,0.823855123616618,0.726946601780509,0.790377852962228,0.591189253301005,0.985445895207253
1253,0.833230375162552,62,0.950437762593807,0.829187515846015,0.883153888427884,0.656574400959797,0.984802624770995
1254,0.527631511122791,61,0.62461254917343,0.522868640039193,0.549438976073603,0.391870713362529,0.984502493115817
1255,0.370328053776208,61,0.44607197494729,0.35774595255649,0.355084365179762,0.258833711811431,0.984502493115817
1256,0.537488628399424,61,0.661834642226354,0.530048417802902,0.545401419796721,0.39362491571812,0.984502493115817
1257,0.492803979589643,61,0.599848751941874,0.484430650349331,0.47225345501901,0.34675920413244,0.984502493115817
1258,0.166949312879148,61,0.218866477681024,0.167587368225581,0.173801250210438,0.1266538530104,0.984502493115817
1259,0.763621786346801,61,0.939482780449431,0.752582486001901,0.795416874825233,0.59772120804259,0.984502493115817
1260,0.61241166880914,70,0.741841356809264,0.632256369315127,0.576801193153582,0.428690392703828,0.986910026373312
1261,1.14773726294399,76,1.34977898519445,1.18428392153054,1.11626994227599,0.84210788930323,0.988198299604921
1262,1.0904140985478,77,1.25431305306953,1.1266155845655,1.06185412131256,0.808684345982645,0.9882139341535
1263,1.09393396983604,78,1.23899603000675,1.13263246009255,1.07432836652457,0.800992971146746,0.988389750814834
1264,0.903419814363546,78,0.995802608595904,0.921813816679283,0.875992993372513,0.641453713625562,0.988389750814834
1265,1.09661698252397,78,1.2118657883214,1.13895514284556,1.08643517038126,0.831659966967759,0.988389750814834
1266,1.17345032388132,78,1.2742703376896,1.20298235371911,1.14806241633041,0.880386410237226,0.988389750814834
1267,1.30015245052287,78,1.42609990543569,1.34451067709367,1.23750847453574,0.960565193968797,0.988389750814834
1268,0.92536448800551,79,1.01020563128174,0.955908879556405,0.92115599228881,0.690372341581613,0.988582224143064
1269,0.636034646540784,79,0.696243967588198,0.64718938439722,0.644780524884134,0.47855559675325,0.988582224143064
1270,1.07275668130122,80,1.1812801790798,1.10423585999103,1.07203281157823,0.780045761188354,0.988474870408353
1271,0.235742509061621,80,0.254893392518423,0.234636624276891,0.203104369115265,0.149626323463059,0.988474870408353
1272,0.983385678553355,80,1.08275494408257,1.01862823079555,0.954668389962735,0.710286080887802,0.988474870408353
1273,0.780044965627158,80,0.856554476896271,0.808991726040878,0.755443121813821,0.570535202797273,0.988474870408353
1274,0.916870703128652,80,1.02436740668202,0.956119131945917,0.906491305969801,0.672588047470921,0.988474870408353
1275,1.17185807269766,81,1.28930094568575,1.19979008691132,1.14234237117858,0.865775256368094,0.988589074699532
1276,0.843793448841643,81,0.940029245468516,0.865066721962949,0.832199499447293,0.621526278639624,0.988589074699532
1277,1.15070371634003,81,1.28034497106783,1.17364948164426,1.11656435068853,0.840084462476798,0.988589074699532
1278,1.15115728613895,80,1.30782352901628,1.17889378146749,1.14521089862091,0.858506079936297,0.988622338915196
1279,0.73959244978928,80,0.818851331598958,0.748848752749278,0.737146146740775,0.53938152898703,0.988622338915196
1280,0.786038804828582,80,0.891194866786832,0.799473965245257,0.754423323703383,0.554357487293665,0.988622338915196
1281,0.299459685790254,80,0.337852118472182,0.302975316508853,0.288308383653624,0.214215654929994,0.988812738925634
1282,1.12798058022113,80,1.29353509861113,1.15225959372811,1.09480285935266,0.823494372749542,0.988812738925634
1283,1.04219005768873,80,1.19905891232242,1.06883621496361,1.0387229038536,0.780918031344908,0.988812738925634
1284,1.02903566349277,81,1.17536696484687,1.04900972405628,1.01514398157345,0.770262870089972,0.98890803085299
1285,0.329801697501794,82,0.376274928479637,0.330848986874789,0.312992452184467,0.23637543474999,0.989118276676075
1286,0.671039140898037,82,0.761908692913479,0.683531914571195,0.634599629414817,0.457372204296058,0.989118276676075
1287,1.03985972598396,82,1.1748564421388,1.06829273049256,1.0606022655356,0.804169385322653,0.989118276676075
1288,1.09441706827853,82,1.24993060388999,1.11107269133376,1.14074703811873,0.860410997378478,0.989118276676075
1289,1.03789017752921,83,1.18555185443408,1.0639617580919,1.07075205612207,0.812485577313969,0.989050766706753
1290,0.788284788854874,83,0.875578712628951,0.797572807107226,0.830423791360274,0.622598568555133,0.989050766706753
1291,1.02651704812227,83,1.13378118446741,1.03038501479282,1.05002662100234,0.785900884189326,0.989050766706753
1292,0.863527709884568,83,0.950795508366469,0.872614552940119,0.901478362596149,0.679396707984075,0.989050766706753
1293,0.56147410941469,83,0.609884734736931,0.558057136844832,0.595084801046727,0.446338495038545,0.989050766706753
1294,0.967864222289491,83,1.04991606218521,0.972340441872371,1.01211494560903,0.757543574007395,0.989050766706753
1295,0.572148016964809,83,0.634198554109072,0.571472598659902,0.623924853005141,0.455035500232663,0.989050766706753
1296,1.124503124957,83,1.21618634532348,1.12747976645379,1.12386379501588,0.843677976541255,0.989050766706753
1297,1.28922064657553,84,1.40932474865435,1.29761809700801,1.29866911071616,0.981384428056353,0.988964963796207
1298,1.06325663784083,84,1.15061267448336,1.07092205992449,1.08232830319135,0.830052620485875,0.988964963796207
1299,1.01474736836874,84,1.11410027039422,1.01943739692425,1.05367290845785,0.796466689599714,0.988964963796207
1300,1.1581334141665,89,1.28268857715914,1.15712403546677,1.16837604273556,0.88879039293452,0.989284006345351
1301,0.935637383292539,89,1.05059678091601,0.939850237189167,0.947394554395419,0.719260546129294,0.989284006345351
1302,0.621354141893204,89,0.694239144755878,0.624744887838534,0.650723597395578,0.477455758714445,0.989284006345351
1303,0.995984720125273,89,1.13073851189577,1.00126922393674,1.01395574913832,0.760622779335916,0.989284006345351
1304,0.916997083331912,91,1.02209809992784,0.906340168283781,0.947797658117429,0.718810912155077,0.989205354276228
1305,0.743543110618541,91,0.835622905586664,0.733678723064953,0.796361168200031,0.593113430886088,0.989205354276228
1306,0.992609723017106,91,1.10582639154932,0.981496231229393,1.02485683288613,0.759419645657129,0.989205354276228
1307,0.631211502969396,91,0.696499767748779,0.627274559580738,0.668901398677106,0.493961144883969,0.989205354276228
1308,0.395806138907231,91,0.415431330561919,0.386342448453095,0.420709354395365,0.310587138569385,0.989205354276228
1309,0.928557555515051,91,0.989791909858026,0.919414116091714,0.973705246708734,0.710352448867612,0.989205354276228
1310,0.842151051865907,93,0.883047651578946,0.833976730434001,0.908900749127125,0.689026554768135,0.989388660309662
1311,0.66459996938888,94,0.674496752506673,0.658049614388562,0.727384777087468,0.536473508846041,0.989517091075901
1312,1.23528897424406,96,1.22789877099933,1.20845807453674,1.27787208905851,0.967356032777326,0.989779376854065
1313,1.11399259577461,97,1.07928760200037,1.08277160766508,1.15825140673233,0.881489102151091,0.989889360577539
1314,1.3698482221454,97,1.29352918951482,1.33609600185101,1.37374650636954,1.04956869489715,0.989889360577539
1315,0.941162873693752,97,0.873254677884808,0.920603902765202,0.99555480314399,0.752101771370389,0.989889360577539
1316,1.67719414812875,97,1.52118808126521,1.63485329990914,1.6904836859783,1.30097587064503,0.989889360577539
1317,1.03536207308832,97,0.926767053474193,1.00481241077063,1.06491784248938,0.812605746627004,0.989889360577539
1318,1.32375010266179,97,1.17634904011295,1.28786722290928,1.36881202668491,1.03791683125872,0.989889360577539
1319,0.596251368140126,97,0.511825574669381,0.581288941197039,0.636607199500919,0.446910812279174,0.989889360577539
1320,0.924940494960726,98,0.792898685138152,0.899320329414412,0.983625290818451,0.747832034153753,0.989860340242785
1321,1.37395462514192,98,1.15208436257474,1.32665210779372,1.38785547596893,1.06243443205403,0.989860340242785
1322,1.27045633829515,99,1.06189112903961,1.23167727393719,1.31235077244716,1.00356011843603,0.989824902273916
1323,0.980648705011906,99,0.815751506095982,0.953098645735544,1.03716839900952,0.779264026062127,0.989824902273916
1324,1.32508726817794,99,1.07866467314066,1.28030632057719,1.36734716615645,1.05801800163192,0.989824902273916
1325,1.44482426737961,99,1.17276500144043,1.39364679272365,1.44597832449185,1.10820075311398,0.989824902273916
1326,1.05733162873272,100,0.864972729206652,1.02809410282583,1.08036916923199,0.834797821300779,0.989750934610464
1327,1.40469123739844,100,1.14841730908955,1.36064781191159,1.42387479018223,1.10108341080043,0.989750934610464
1328,1.41385889313193,100,1.16249028137962,1.3637888985024,1.44151822540982,1.11256357368732,0.989750934610464
1329,1.07329433753558,100,0.913931280246803,1.04800368035971,1.12879939563217,0.864750870181245,0.989750934610464
1330,1.21388302130972,100,1.02230799652183,1.17569467540971,1.23231632561747,0.949201457661063,0.989750934610464
1331,1.34901254385963,100,1.14541727498045,1.30749603859146,1.35594340071701,1.03965801987401,0.989750934610464
1332,1.26881912788679,100,1.09055327589312,1.22339872822424,1.28233180113023,0.991856518301533,0.989750934610464
1333,1.32433104474283,100,1.16365064684363,1.27357870912392,1.34091068491035,1.03529396130104,0.989750934610464
1334,1.30991149801946,100,1.17806905882149,1.24605070827551,1.32048522527822,1.00664404918162,0.989750934610464
1335,0.695940250087162,100,0.6305267661418,0.666486343687772,0.726730772982778,0.543735762363638,0.989750934610464
1336,1.0475488277381,100,0.983363374325038,1.01508460339765,1.05753675632683,0.783545254658848,0.989750934610464
1337,0.850734806418405,100,0.809107370543204,0.829499169198435,0.882243900213856,0.662694669892276,0.989750934610464
1338,0.991042673559928,101,0.957987707890873,0.953902162540174,1.01136695184778,0.764216352760051,0.989764368957369
1339,0.981621266550711,101,0.960526819767251,0.948703359177462,0.998587919450083,0.744770720943816,0.989764368957369
1340,1.08206160648966,102,1.0663498815706,1.04370548839986,1.09216747612551,0.836084924627409,0.989864846911768
1341,0.821572973750245,103,0.805204865913153,0.789600150398483,0.876479741951793,0.660850576124064,0.990023204266215
1342,0.648336473558658,103,0.634786471048639,0.633410700083908,0.710415520809364,0.532170442225682,0.990023204266215
1343,0.802925370073339,103,0.780815982911747,0.776043968725383,0.840295326779919,0.638226024093197,0.990023204266215
1344,0.593990556855983,103,0.574454429997684,0.57416666679097,0.633897098115683,0.475280831482423,0.990023204266215
1345,1.39393882605727,103,1.32957882966232,1.34132820116677,1.38788978714783,1.06376896325965,0.990023204266215
1346,1.43966195051126,103,1.35843508382091,1.38439155323635,1.42865963338411,1.08728956626007,0.990023204266215
1347,1.09348619103679,103,1.00617280743683,1.04782307690178,1.12058682886245,0.847118762006637,0.990023204266215
1348,1.27153419060244,103,1.16630822172514,1.22731272060463,1.2889135990231,0.978421791139348,0.990023204266215
1349,0.956059665261301,103,0.862372429706579,0.912304146525116,0.977089909849632,0.735188357289135,0.990023204266215
1350,1.30469376653697,103,1.1602545281558,1.24785635799181,1.30494009785332,0.980787190229072,0.990023204266215
1351,1.02317221716229,104,0.91233953024593,0.986578936362547,1.03627117909957,0.776976745813943,0.990088101204921
1352,1.21115198019397,104,1.05935301206696,1.16691688262695,1.21981847528085,0.913635286535334,0.990088101204921
1353,0.957655910166426,104,0.829870051569821,0.922437904157746,0.986545877533645,0.736823813919642,0.990088101204921
1354,1.17532791885225,104,1.00913941748632,1.1290792493067,1.20260087316896,0.899577832515873,0.990088101204921
1355,1.17479311685907,105,1.00868147474827,1.13560250338393,1.21012415926448,0.908156538345707,0.990208702863055
1356,1.19961192035092,105,1.02052633577885,1.16260391290525,1.20369309306715,0.903732580401987,0.990208702863055
1357,1.33106202990106,105,1.11735063248162,1.28499730759138,1.30285864333746,0.994575279113871,0.990208702863055
1358,1.07764735205339,105,0.908013869497781,1.04049127841478,1.07312078461618,0.804724278322075,0.990208702863055
1359,1.45647256699565,105,1.24104710009161,1.41515371332788,1.45040811529745,1.11379724134383,0.990208702863055
1360,1.11808236763119,105,0.949460024516316,1.079079817421,1.12649404301411,0.85516366366261,0.990208702863055
1361,1.31168708236504,104,1.12305374257038,1.26151697860525,1.31240928266753,0.990888979598704,0.990118679158886
1362,1.03889466066881,104,0.910514220071698,1.0012743600838,1.06495677897176,0.80268182463963,0.990118679158886
1363,1.3817801391887,104,1.20675462647649,1.33513035747223,1.40187228952983,1.05766775491506,0.990118679158886
1364,0.985742758546477,104,0.863516599295095,0.949095599899928,1.0018222296472,0.755040101247836,0.990118679158886
1365,1.01355201291714,104,0.892326981869727,0.971645993107752,1.01907964736455,0.766670898896989,0.990118679158886
1366,1.18632063846106,104,1.067416463271,1.14316023864547,1.18936059583574,0.89597665523552,0.990118679158886
1367,1.26935403661387,104,1.16377540854524,1.22147191238605,1.26123295047032,0.953998135102887,0.990118679158886
1368,1.10930725578216,104,1.03830528007088,1.06955873845459,1.10599350972571,0.825453217798356,0.990118679158886
1369,0.694462246511825,104,0.666783103427877,0.671365348251712,0.717612439739095,0.536918698229123,0.990118679158886
1370,0.807262641488088,105,0.814289073237072,0.799608139461442,0.838422682303938,0.635515500294015,0.990179731710827
1371,1.00428365769501,105,0.99423614017026,0.977336165949398,1.0247885365309,0.776071244840923,0.990179731710827
1372,0.952103696208028,105,0.942364391689161,0.927313754764836,0.96886590625035,0.729223461857985,0.990179731710827
1373,1.3530536045158,105,1.36083351362089,1.31426495371966,1.3362400469788,1.01146444058993,0.990179731710827
1374,1.21330360117425,105,1.2248115837709,1.18412065088206,1.19011215014519,0.900971707671137,0.990179731710827
1375,0.838296735058334,105,0.842789600814267,0.812177973452019,0.840315322540596,0.634981779665322,0.990179731710827
1376,0.613844869790798,105,0.608893424597719,0.594341312755085,0.628501052859032,0.470989499607793,0.990179731710827
1377,0.871506359439823,105,0.876704041768749,0.841398398360228,0.870184197443196,0.649020559815901,0.990179731710827
1378,1.02514399451174,105,1.02901508042171,0.993134286996678,1.01107455691118,0.743860906868475,0.990179731710827
1379,0.841442616077782,105,0.844631948505534,0.818165136650703,0.839666317305606,0.623895436154327,0.990179731710827
1380,1.0368810705918,105,1.04230188825517,1.01073793757877,1.046748403162,0.776949956184449,0.990179731710827
1381,1.21625069480126,105,1.22000009020669,1.18203522100133,1.1993556725329,0.8939357955612,0.990179731710827
1382,0.863220907715387,105,0.859900919809228,0.838693925555398,0.879069029162514,0.657467928545928,0.990179731710827
1383,1.01422865011842,105,0.999626101801513,0.98944743254112,1.01867898334441,0.761006501033786,0.990179731710827
1384,1.05178601925541,105,1.02732378955552,1.02146293355138,1.03109209529418,0.774674482069526,0.990179731710827
1385,0.965251310363819,105,0.934865298245701,0.937718477120327,0.954599673575754,0.710480535741627,0.990179731710827
1386,0.961164215681353,105,0.925520232026683,0.932486739063906,0.941393234069717,0.706605624854302,0.990179731710827
1387,1.22012497757959,105,1.17872415770921,1.19587194850762,1.19145274073244,0.87900498376521,0.990179731710827
1388,1.32820366603567,105,1.29312865105727,1.30004308047135,1.30203517882516,0.968872422887821,0.990179731710827
1389,1.13945736260349,105,1.10711406590434,1.11615138795734,1.11953950373463,0.829562777136673,0.990179731710827
1390,1.02706096783891,105,1.00388756733039,1.00449292411259,0.997488153314361,0.744524451671769,0.990179731710827
1391,1.02727282063061,105,1.01499359295243,1.00938030234751,1.00994244645219,0.74550079074264,0.990179731710827
1392,0.901262916099352,105,0.892486620639011,0.887530725545466,0.908670107903458,0.677412383535211,0.990179731710827
1393,1.00400376499302,105,1.00453405068655,0.984744516050693,0.990453473317177,0.736024746350038,0.990179731710827
1394,1.21552300990912,105,1.21822127614138,1.18741861035913,1.16806965480547,0.862481987965489,0.990179731710827
1395,0.921170732111557,104,0.925103964524449,0.900450870406027,0.905919643956017,0.669885010850894,0.990077220555972
1396,0.677975972171867,104,0.683631670248351,0.674488857133174,0.70450844570084,0.523805260754713,0.990077220555972
1397,0.699361432665551,104,0.700413213080589,0.69068425063933,0.743276944591571,0.55027289477669,0.990077220555972
1398,1.11556663647789,104,1.13337236566206,1.09956442806779,1.13009106864868,0.837659360774336,0.990077220555972
1399,1.21648806578258,104,1.24636508652974,1.1905341332431,1.17950968288656,0.865506367638859,0.990077220555972
1400,1.11535743236272,104,1.14665449423722,1.0967843003512,1.08378992155381,0.7987691922702,0.99016855920075
1401,0.762396769683467,103,0.786493638997029,0.756328879603228,0.780427264492483,0.568847984147732,0.990038523402458
1402,1.21154846187345,104,1.23933662581515,1.19818347502578,1.17365682305066,0.876692353953259,0.990194791303987
1403,0.403999219565995,104,0.397091976293991,0.401171610020468,0.436506019957065,0.322201426918124,0.990194791303987
1404,1.12405347252053,104,1.15002517216221,1.10802809903158,1.07824940584952,0.800914747337962,0.990194791303987
1405,0.941075606371766,104,0.94250144866916,0.942280936655622,0.971960346474698,0.722532300505126,0.990194791303987
1406,0.500903001982494,104,0.483994504025637,0.49885200034519,0.530694001144203,0.388838103136269,0.990194791303987
1407,1.27117963678833,104,1.25303308120286,1.26005334660001,1.23711950295031,0.919349346340219,0.990194791303987
1408,1.11724725342688,104,1.09368733774741,1.10924195781259,1.09719908748228,0.818192706750087,0.990194791303987
1409,1.45355913491501,104,1.39971604783248,1.44461500485425,1.41501255234766,1.03759085550733,0.990194791303987
1410,1.01385441186244,105,0.95939665180421,1.00727891495486,1.01973913589619,0.751152924974048,0.99030296867548
1411,0.871048348694364,105,0.822304346776748,0.871070111285232,0.889494710770828,0.655986253313564,0.99030296867548
1412,0.787710948559373,105,0.743432466380602,0.78255061341638,0.792375800435528,0.577557836410591,0.99030296867548
1413,1.18934619423642,105,1.11338088592653,1.19016083871833,1.20875471323979,0.892086976254639,0.99030296867548
1414,1.03011677373196,105,0.954159936003743,1.02612278581331,1.02347091155418,0.752370247495392,0.99030296867548
1415,1.28735035610477,105,1.18591639248179,1.27408476156608,1.24058029081135,0.91902986435126,0.99030296867548
1416,1.29185994775531,105,1.1885113923939,1.29092145106132,1.25433905788118,0.931775243762634,0.99030296867548
1417,1.3831514972721,106,1.26024854537529,1.38286974530469,1.35388562340448,1.00530174553092,0.990351219754945
1418,1.23211043292831,106,1.15889756569293,1.24482456267832,1.23317688513888,0.906856229933974,0.990351219754945
1419,0.55186074231613,106,0.500896632157329,0.551058312427635,0.582037883162901,0.42456091888147,0.990351219754945
1420,1.11469657318675,106,1.04215272041636,1.11036766679218,1.10143294936234,0.811404546906415,0.990351219754945
1421,1.15731591298359,103,1.08833623992231,1.15857131340595,1.14292064217551,0.841903143533042,0.989988934257392
1422,0.957988524640158,103,0.903070600076801,0.962691101710471,0.985536433839414,0.724469524204121,0.989988934257392
1423,0.878363305263975,103,0.834814919837909,0.880779771182382,0.89069950070757,0.651127626662245,0.989988934257392
1424,1.0471551913636,103,1.01023087022519,1.04587323370324,1.04289288746079,0.762451927025025,0.989988934257392
1425,1.28081122703097,103,1.25005562758926,1.28486035159655,1.26145062633474,0.927883204309906,0.989988934257392
1426,0.907984768200012,103,0.885505474850733,0.911948457763037,0.906717596729768,0.66157747440414,0.989988934257392
1427,1.13951361143327,103,1.130040145463,1.14394756180785,1.11355840750936,0.819160539107901,0.989988934257392
1428,0.851859059901907,103,0.850493595478389,0.857145655025343,0.862071638866097,0.619031012124833,0.989988934257392
1429,0.894657975734802,103,0.902560759822849,0.898457879069385,0.916523278830405,0.664436145254961,0.989988934257392
1430,1.13466904821751,103,1.15129113692543,1.14438415204092,1.12695741192313,0.81832773353624,0.989988934257392
1431,0.681628691480533,103,0.677990172822392,0.687597924768213,0.696440007992458,0.505511327796223,0.989988934257392
1432,1.21150642559248,103,1.2452890008888,1.22590165409014,1.20949966981327,0.883194141119624,0.989988934257392
1433,1.16509708015029,103,1.20532200241065,1.17852554966657,1.16009135956339,0.843066620317932,0.989988934257392
1434,1.18755966116385,103,1.22650463147415,1.1953825998657,1.17808046494085,0.851468062861931,0.989988934257392
1435,0.813065875123434,103,0.84079990040648,0.82012989312043,0.82176029005498,0.599990084597711,0.989988934257392
1436,0.223450745312616,103,0.215926808626896,0.222120484143284,0.240532907028696,0.178491276561655,0.989988934257392
1437,1.14371498239212,103,1.17631549194765,1.16245137878408,1.13121795683926,0.822553645368098,0.989988934257392
1438,0.572220926465668,103,0.575784864959233,0.572514194267515,0.601362930537839,0.43716617105344,0.989988934257392
1439,1.35890227185665,103,1.38306908983945,1.38286663642673,1.34416262774503,0.972182204862223,0.989988934257392
1440,1.11680497092847,103,1.14403987583501,1.13271472345862,1.09511402598015,0.797194464233879,0.989988934257392
1441,0.679827958129119,102,0.67310483574081,0.685934079399271,0.683998352813436,0.49531358284932,0.989854651875798
1442,1.27299773495361,102,1.26186408451808,1.29543078344998,1.24548919700014,0.909140416428094,0.989854651875798
1443,1.28340800669045,103,1.27154144876919,1.29446539085767,1.24788014245328,0.911820383985464,0.990031268838472
1444,0.573238899334491,103,0.558907818056586,0.574068595218512,0.577040681201507,0.416533647445704,0.990031268838472
1445,1.22473704098226,103,1.20057107587495,1.2330625789535,1.17263808026687,0.854115024564641,0.990031268838472
1446,1.31393897885612,103,1.30243481779627,1.3371235724591,1.29034677796478,0.932333787175292,0.990031268838472
1447,0.911062114631242,103,0.904813469861168,0.917404318585949,0.88333660293185,0.637405800029421,0.990031268838472
1448,1.18679688562325,103,1.1988512282832,1.22052211548054,1.16738248876257,0.843156443856105,0.990031268838472
1449,1.10154100842216,103,1.10901838883427,1.11737655855747,1.09348353983755,0.78243881140139,0.990031268838472
1450,0.844357759736148,103,0.863513940883453,0.85903391788656,0.833024992645367,0.600899014080963,0.990031268838472
1451,0.671431657369125,99,0.685284116531278,0.67680254803202,0.695825133121504,0.500822888858476,0.989643192915147
1452,1.41099996557821,99,1.48736750166675,1.44251316572846,1.38103910162144,0.998334346353754,0.989643192915147
1453,0.867465482568918,99,0.918332752489771,0.88198329111049,0.861611891329045,0.626395840955393,0.989643192915147
1454,1.02151083977805,99,1.09133379028915,1.04613442763777,0.992977176247095,0.720630387973096,0.989643192915147
1455,0.506147432822684,99,0.545572957325465,0.511258450489722,0.524596031669229,0.37440993147594,0.989643192915147
1456,1.0174471778981,99,1.10688693248811,1.03745503249199,0.977494499077126,0.709767093128452,0.989643192915147
1457,0.849016688143621,99,0.93560807093408,0.863932536796531,0.82933418164509,0.594299839587387,0.989643192915147
1458,0.681305264185671,99,0.761242833792311,0.691375052300081,0.681819308908859,0.492751711299458,0.989643192915147
1459,0.641897310128757,99,0.706280825688584,0.652824110550952,0.635770530090046,0.460846844413957,0.989643192915147
1460,0.818131316526623,99,0.924751467448019,0.844288024707812,0.790374747541426,0.568776528062619,0.989643192915147
1461,0.526199290657668,97,0.58367492239723,0.53628672706596,0.534359955848928,0.384745676816194,0.989341485506675
1462,1.48913033126663,97,1.66768046993253,1.52603280344563,1.42175187451135,1.00580967077885,0.989341485506675
1463,1.02486159072235,97,1.14677851675137,1.0481989565997,0.985960512605702,0.70884782288781,0.989341485506675
1464,1.30037516838931,97,1.46348387326003,1.34233247023574,1.25591439453189,0.902415487824818,0.989341485506675
1465,1.16482055500362,97,1.3055086915348,1.19490803332269,1.11243157711793,0.788897711542895,0.989341485506675
1466,0.768908908768481,96,0.873344560956954,0.78372705139809,0.759779357453601,0.542220629922897,0.989278143161637
1467,0.59854337511505,96,0.676174061677616,0.608680175005688,0.594134153748383,0.423238549612837,0.989278143161637
1468,0.330932597118473,96,0.381466670994448,0.337279497004387,0.341932970332832,0.245598483456988,0.989278143161637
1469,1.02102716942459,96,1.1928970544349,1.0532339337003,1.00018555484557,0.726380370162948,0.989278143161637
1470,0.621194535634214,96,0.723627785929574,0.636376288188082,0.617059611516503,0.439688579612475,0.989278143161637
1471,0.87447148004365,89,1.0036607077386,0.889329014698416,0.844364725883946,0.598050088476178,0.988272205946392
1472,1.02817359657163,89,1.20668411513795,1.05207750618081,0.979524723394165,0.700815753347986,0.988272205946392
1473,0.902558602363563,89,1.05999307740393,0.918794101948253,0.86885528195517,0.620623934332775,0.988272205946392
1474,1.22598580017655,89,1.46119703504944,1.24763994396608,1.14350877211655,0.822868522674783,0.988272205946392
1475,0.9251153405538,89,1.12659458051788,0.940090989819085,0.897776956496444,0.63679191556652,0.988272205946392
1476,0.897381235684612,89,1.10946329757523,0.918741534627733,0.875357492045482,0.6169137670671,0.988272205946392
1477,1.01044494475144,89,1.27015643314419,1.02715552876854,0.973890336105271,0.690506481543787,0.988272205946392
1478,0.483677324042734,83,0.616377440170556,0.492363532499149,0.479051127499544,0.337688896882364,0.987441292286894
1479,0.679591488127406,83,0.918793892595709,0.692531597962245,0.666925837564494,0.478887484741672,0.987441292286894
1480,0.469092140408623,78,0.637642848953138,0.46982446709112,0.487163592722121,0.349258160594264,0.986390626011195
1481,0.360036655313271,65,0.47656242222994,0.361386328003887,0.382937496914943,0.272888516198266,0.983479273320941
1482,0.956805290470443,65,1.32807727056727,0.952289183746853,1.01267640521797,0.724990436764719,0.983479273320941
1483,0.953434031058358,65,1.3539438731273,0.956852964751681,0.994373401417941,0.711052202584848,0.983479273320941
1484,0.0880290656005512,65,0.132465157827821,0.0881008177239172,0.0957231336706083,0.0655155963535849,0.983479273320941
1485,0.35543217495687,65,0.488523062168376,0.36211944523165,0.385337649762116,0.279116052945304,0.983479273320941
1486,0.829490048670647,66,1.16445124124393,0.839235389040396,0.878811711337977,0.6285426419299,0.983568523483683
1487,0.892433236921676,66,1.24933851839284,0.901373898135307,0.955500426283078,0.680117120217433,0.983568523483683
1488,0.963116114401685,66,1.3237806208092,0.978532092213772,1.01568019734479,0.731638282106118,0.983568523483683
1489,1.40055856631795,66,1.98783231482503,1.40140719476697,1.45559706425261,1.03680799600367,0.983568523483683
1490,0.738655642606756,67,1.02084778412969,0.755908148302931,0.778333513444684,0.562411149074212,0.983539695236465
1491,0.963149379758602,65,1.35938279494478,0.977366485068873,1.01613345297805,0.730383339700364,0.982935480534794
1492,0.324629472991201,65,0.441867832059535,0.328875781483724,0.350288546254131,0.25000039724164,0.982935480534794
1493,0.739344460825598,65,1.0126219338434,0.746372385154956,0.785675116457931,0.566955140027326,0.982935480534794
1494,0.475403173215393,65,0.629599457279648,0.478109698849364,0.519443311674602,0.371011987334189,0.982935480534794
1495,0.17530946404323,65,0.235290539985689,0.18069102117921,0.176753421658761,0.128589327512576,0.982935480534794
1496,0.473416132357947,65,0.59427761372711,0.48297671618038,0.516234512988304,0.370696935081552,0.982935480534794
1497,1.06709293267456,65,1.38445720750907,1.06960430735631,1.13518916359785,0.808756405747935,0.982935480534794
1498,0.867393318049965,65,1.11070851338293,0.869046774513609,0.91656607349335,0.645519192784591,0.982935480534794
1499,0.273519285462952,65,0.315630975237344,0.273727811777206,0.297387728646657,0.206900824100087,0.982935480534794
1500,0.910744958263441,100,1.18561291586196,1.03002443211493,0.864754718598294,0.644916726926916,0.990012608490944
1501,1.08714245293972,100,1.36893257993226,1.2202946530961,1.07309894522481,0.785379560272551,0.990012608490944
1502,0.709990757776916,100,0.834686581251998,0.767054543970821,0.719608209360827,0.527645830892038,0.990012608490944
1503,0.993435656718737,100,1.16728194041825,1.09029744865526,0.983528861667218,0.733123130630435,0.990012608490944
1504,0.954847155494161,100,1.11446279731019,1.0643213144954,0.95263343521323,0.711873617554708,0.990012608490944
1505,0.560327899306913,101,0.616792280409444,0.596429393787933,0.568609683742495,0.423875067522831,0.990126638521496
1506,1.06523301749183,101,1.20345325289819,1.17715507849499,1.02956136103331,0.784990111282427,0.990126638521496
1507,1.11289061480853,101,1.24842478664761,1.23368525768878,1.07150379074558,0.808363412403417,0.990126638521496
1508,1.00325101418785,101,1.09201387187897,1.10370307705867,0.973043650940666,0.722839286353945,0.990126638521496
1509,0.878672392264726,101,0.927142512769307,0.944629029230345,0.874565612110165,0.643335736809065,0.990126638521496
1510,0.735070654351939,101,0.770133163730732,0.794996987428068,0.750745087098903,0.550979559754488,0.990126638521496
1511,0.654400553948958,101,0.675915738718604,0.693885137692351,0.660284579525344,0.485681840211429,0.990126638521496
1512,1.02072763523955,101,1.06110133230119,1.10656197326213,0.977391591485997,0.739408714625135,0.990126638521496
1513,1.17633047232118,101,1.19673544269484,1.26918646870631,1.11772217595031,0.847502807225924,0.990126638521496
1514,0.903235005659108,101,0.892747792854048,0.955342744891467,0.869606051710241,0.65016404013807,0.990126638521496
1515,1.06367557666383,101,1.03873369833819,1.13100334083661,1.00635450975323,0.75689532421663,0.990126638521496
1516,1.08950675619276,101,1.05125831029569,1.14638912945633,1.02847448338837,0.789360136223896,0.990126638521496
1517,1.3796808616601,101,1.35227078703341,1.46975862837793,1.2836552055787,0.982704294120299,0.990126638521496
1518,0.977167407287844,101,0.943096136877292,1.02155815104903,0.930959726873833,0.69562286216806,0.990126638521496
1519,0.944607574099161,101,0.90931698051763,0.990734845874448,0.910480613434304,0.681857110711401,0.990126638521496
1520,0.787717157939114,102,0.755086383687835,0.816129293847506,0.78203982639415,0.572937688950953,0.990271767177245
1521,1.37587936005325,102,1.35118633101398,1.44267852129116,1.28427921317412,0.983839064527507,0.990271767177245
1522,1.04552139238799,102,1.00702327499129,1.07889368264065,0.99332216414511,0.752130081225065,0.990271767177245
1523,1.04382814868802,102,1.01761339728622,1.07859770834823,0.984670529849559,0.741183319236106,0.990271767177245
1524,0.845855529812845,102,0.818209152698481,0.864898406496323,0.82078425520211,0.608560807016308,0.990271767177245
1525,1.27948980354484,102,1.24041797955369,1.30917319966362,1.20479687008499,0.900098529574358,0.990271767177245
1526,1.06867219122469,103,1.02038550712997,1.09080825380525,1.01373089752306,0.748979260146426,0.990348692420507
1527,0.637381010193968,103,0.600062327878668,0.648363231435342,0.626503008241902,0.459984696813961,0.990348692420507
1528,0.302297084063182,103,0.279725970703296,0.300921833731588,0.299905102453385,0.208628484111795,0.990348692420507
1529,0.948767931263278,104,0.891083103758118,0.9569102665986,0.907167976077404,0.66482720213754,0.990449108403275
1530,1.4673877456663,105,1.40402822417938,1.50653805892208,1.31192573698114,1.0027270297157,0.990592295650804
1531,1.00471086397821,105,0.942864640861103,1.01734452936222,0.935805306943266,0.682633710694554,0.990592295650804
1532,1.3217629702914,105,1.22964926155095,1.33650851089839,1.17262694862749,0.89446112357007,0.990592295650804
1533,1.3278614907474,105,1.22413112588386,1.34907045181602,1.21068241043139,0.909939155544721,0.990592295650804
1534,1.1677230719554,105,1.071491752097,1.17615678894423,1.0973853736999,0.80801494788073,0.990592295650804
1535,1.34930558753551,105,1.23572876782137,1.35649337133364,1.21959195757432,0.910281357067938,0.990592295650804
1536,1.29154391271783,105,1.20971735235473,1.2975693530309,1.17564419240201,0.885817393636688,0.990592295650804
1537,1.12177653088335,105,1.04083379925379,1.125697831461,1.02156318767231,0.768291117527892,0.990592295650804
1538,0.579437172115445,105,0.531653146957887,0.579328310244142,0.557161457247467,0.404793865764755,0.990592295650804
1539,0.852324220512664,105,0.788952940351974,0.846491850467993,0.818896317349786,0.613684097593401,0.990592295650804
1540,0.863893659408385,106,0.803585226223013,0.858543028851743,0.833059672221141,0.621404185216331,0.990691715080304
1541,1.27808378263495,106,1.19346571473733,1.26368383439694,1.1511984422822,0.880865471081486,0.990691715080304
1542,0.612195009484749,107,0.569331448168861,0.605980186968831,0.600347912954943,0.441914681298154,0.990825131324726
1543,1.26408886908606,107,1.19769188172693,1.25325997077864,1.13711683627508,0.862446883119471,0.990825131324726
1544,1.37787725764192,107,1.30287907650255,1.36068801416488,1.24212282598476,0.935290814626637,0.990825131324726
1545,1.22749608931381,107,1.17411920222855,1.20899996399675,1.12786242920287,0.838833087565642,0.990825131324726
1546,1.371454677641,107,1.31837592626452,1.35175265411802,1.2377480528379,0.937760024009947,0.990825131324726
1547,0.924212419815768,107,0.902495738961696,0.922749375418356,0.884013238471474,0.653351739631988,0.990825131324726
1548,0.826353919352255,107,0.80388986734703,0.805734801739843,0.786710617731538,0.589510802017181,0.990825131324726
1549,1.1251930588207,107,1.11012873672363,1.10668473837119,1.04246035382975,0.787043577241408,0.990825131324726
1550,0.969511785055207,107,0.957282607248088,0.950917288391182,0.893667722541219,0.665527115050486,0.990907373247332
1551,1.15459911630278,107,1.1577079432992,1.13309738433618,1.06651008470783,0.803975889821117,0.990907373247332
1552,1.03547581674443,107,1.04451016886273,1.01836490753861,0.969649727507154,0.732242055866118,0.990907373247332
1553,0.686393769202501,107,0.682508189263994,0.66618221292754,0.648020255029091,0.480665560195593,0.990907373247332
1554,0.447025335120794,107,0.430795254352098,0.44035863975078,0.441601488178373,0.328366496687991,0.990907373247332
1555,0.743498681548187,108,0.729211031126908,0.722336973799657,0.699860382617518,0.5156194245323,0.990972118165082
1556,1.17609832156579,108,1.14232623285082,1.14165770217446,1.00857373421947,0.792676965146338,0.990972118165082
1557,1.27171608995099,108,1.23046671233654,1.23420045425811,1.09677105581403,0.823966383056632,0.990972118165082
1558,0.98504182605026,108,0.940497955816304,0.965968745317101,0.918003901401811,0.683046912845047,0.990972118165082
1559,1.40299928791256,108,1.30723137763575,1.3551659476568,1.24210130635982,0.956159986131906,0.990972118165082
1560,0.881788928394057,109,0.81286108008449,0.861140566604705,0.819314048884973,0.615914007976213,0.991030551546862
1561,1.39288184311358,109,1.26001385690225,1.34668046095368,1.16194513155801,0.911350258179186,0.991030551546862
1562,1.14961994108703,108,1.01796844465933,1.10178177421995,1.02562499088716,0.77592418654633,0.990973153152924
1563,0.701551519782295,108,0.617491379983574,0.678627444824364,0.658083223023757,0.490251455561877,0.990973153152924
1564,1.41335363660103,108,1.2188648811181,1.35572056721251,1.22001065266416,0.940305806673273,0.990973153152924
1565,1.08629955799921,108,0.927184305704801,1.03973948976485,0.952454627566323,0.704347247375821,0.990973153152924
1566,1.43469540141807,108,1.21873397389073,1.38681773951957,1.25305542530932,0.969568316675137,0.990973153152924
1567,1.25391789448262,108,1.04726061426968,1.20510922477154,1.10540196448958,0.848784728188525,0.990973153152924
1568,1.41375070803821,108,1.16828295366785,1.3628929308463,1.20451928423853,0.931047575754436,0.990973153152924
1569,1.01936909543888,108,0.833992914412253,0.977252059582141,0.952524181853009,0.714570485342583,0.990973153152924
1570,1.11158200627787,108,0.893644778824655,1.06455753286768,0.956797430689405,0.740079248802546,0.990973153152924
1571,0.901548605646393,108,0.731265108087038,0.873720015769836,0.829759021432596,0.622247273673064,0.990973153152924
1572,0.830440594549076,108,0.655650629943874,0.793958952489205,0.746028780884376,0.554420652945237,0.990973153152924
1573,1.35430913033421,108,1.04769380849743,1.29652302524454,1.167816907979,0.901205387486491,0.990973153152924
1574,1.30874042014535,108,1.00875858111952,1.2527544946397,1.15843734969093,0.865754949053687,0.990973153152924
1575,1.35874285758577,108,1.04464798814974,1.31304484288263,1.19455400573951,0.905208685711422,0.990973153152924
1576,1.45744333878745,108,1.1094685613919,1.39982825784513,1.28339190733584,0.974340618121656,0.990973153152924
1577,1.60310289773117,108,1.21910397947038,1.53718676088998,1.36179090169031,1.04960469165824,0.990973153152924
1578,1.47310726216291,108,1.13243089779757,1.42069866718979,1.2955493950612,0.976426119678734,0.990973153152924
1579,1.56574186384732,108,1.20753127826795,1.49989721496398,1.36443799869601,1.04560619128935,0.990973153152924
1580,1.48149361248455,108,1.15313310415276,1.42920442538428,1.2792457673621,0.972070812514935,0.990973153152924
1581,1.18921482748567,107,0.947712060298155,1.14719655978111,1.04954674423513,0.7770144359065,0.99086074283402
1582,1.545206187378,107,1.27113609391489,1.49912989919819,1.35468009470401,1.02524686496417,0.99086074283402
1583,1.76162503692946,107,1.45877275068257,1.69841439898859,1.4909888793078,1.12870518984424,0.99086074283402
1584,0.958364103570554,106,0.824416178953398,0.930191850256375,0.872013986373471,0.639646756309221,0.990835029607524
1585,0.799636977363941,106,0.705348595264642,0.784997212142453,0.719134730303721,0.53777481338882,0.990835029607524
1586,0.648192006983143,106,0.586876744737093,0.63570095121368,0.603162094637757,0.434508490625013,0.990835029607524
1587,0.567130831551885,106,0.520287683139985,0.555135834859982,0.534430615826342,0.389584141884108,0.990835029607524
1588,0.738605135389178,106,0.694844967731197,0.715788611473663,0.67043346353113,0.494860992915629,0.990835029607524
1589,1.27392010498261,106,1.24236466993119,1.23354950842357,1.11177209064742,0.846403497064767,0.990835029607524
1590,0.969296030412007,107,0.960577744149157,0.936489047366727,0.855039546443179,0.62360592861235,0.990984103855083
1591,0.679394327176638,106,0.678951311140508,0.668401367951321,0.60912857058545,0.44794243356732,0.9909148932883
1592,1.17809287457981,106,1.17861294825009,1.13762911203437,1.04026482491439,0.783565059203539,0.9909148932883
1593,0.707980360447189,106,0.701061687921518,0.691029865984021,0.655131004388942,0.477725874078392,0.9909148932883
1594,1.12757791808136,106,1.12729672405617,1.09237797868151,1.00709721492767,0.737429248418956,0.9909148932883
1595,1.0782465972811,106,1.06570321072086,1.04193574920465,0.941827089307906,0.712493344916458,0.9909148932883
1596,1.2742584564835,106,1.25799062951471,1.23035953873861,1.1109308820876,0.831071371894131,0.9909148932883
1597,1.36100495416292,106,1.34078137964349,1.32042485108233,1.14686262339738,0.888319366097488,0.9909148932883
1598,1.12555496975563,106,1.1082654570412,1.09382637636537,0.992457035057127,0.741870228467713,0.9909148932883
1599,1.2916771014576,106,1.26278832467028,1.25427422181721,1.08534149631402,0.831224049930529,0.9909148932883
1600,0.86403946425936,106,0.850252563978729,0.845694925767604,0.766509872719231,0.565586166248593,0.9909148932883
1601,0.595825687714393,105,0.585159251521235,0.583073236553894,0.544506116337652,0.385537167624912,0.990743741905644
1602,0.41771139275858,105,0.40546684046708,0.411815903241059,0.395075730283179,0.284686136995926,0.990743741905644
1603,1.03463764908103,105,0.996187247940711,1.00144791182855,0.902310835479768,0.675542673480085,0.990743741905644
1604,1.16316429634821,105,1.11454706537799,1.12935995521144,0.99754029848347,0.748792223533551,0.990743741905644
1605,1.13884305536732,105,1.08340535217399,1.1092678842908,1.00518517257615,0.747991444205298,0.990743741905644
1606,1.03362845431039,105,0.966390769367681,1.00872711048782,0.897426475429996,0.671702346028658,0.990743741905644
1607,1.29273008062634,105,1.20300309490927,1.26955222285543,1.12241590079002,0.852875025213187,0.990743741905644
1608,1.15657183738737,105,1.06905516661433,1.13666239579017,1.01038453919154,0.7571850435561,0.990743741905644
1609,0.996805143636098,105,0.905278974981048,0.968785312270162,0.886211038714765,0.652201691374915,0.990743741905644
1610,1.4493802718547,105,1.32855147041687,1.42687161925246,1.25219191593009,0.945238395803135,0.990743741905644
1611,0.946528130050715,104,0.865854299558818,0.934392455861553,0.836260183193404,0.606313754563772,0.9907204719584
1612,1.01700440805557,104,0.931460308628541,1.00146018174268,0.889687152964115,0.66358739200332,0.9907204719584
1613,1.03122119212962,104,0.948175438769868,1.0188283653559,0.898644382097784,0.673657887409924,0.9907204719584
1614,1.20929313920449,104,1.13095346794264,1.18828328845422,1.04898630571667,0.777095383326088,0.9907204719584
1615,1.268516483769,104,1.20162198909887,1.25297253875247,1.09446842368727,0.80102610735134,0.9907204719584
1616,1.14221810174485,104,1.08675348373467,1.12078582720267,0.990153266131992,0.728629654682037,0.9907204719584
1617,1.02378609742602,104,0.978605480379869,1.01219925345943,0.89842547949917,0.654588485379622,0.9907204719584
1618,1.09880165086999,104,1.06802566290048,1.08402715124546,0.944617885097195,0.685732537663467,0.9907204719584
1619,1.0569990642908,104,1.04988446415957,1.04036681322598,0.92029460158746,0.661940470539931,0.9907204719584
1620,0.706246707778082,105,0.70954674557456,0.695586391530184,0.63811103278735,0.467300594937545,0.990789112150189
1621,0.891964412654881,103,0.905424585154611,0.869697102063279,0.780024352277696,0.578373645529304,0.990552909054931
1622,1.05539316618553,103,1.11014990281948,1.04111161990084,0.918397929641154,0.680732044343462,0.990552909054931
1623,0.660996938128003,103,0.694496647270136,0.667138913822458,0.612332055495608,0.441059875620207,0.990552909054931
1624,1.30068315323238,104,1.37954028541395,1.28886285039682,1.1160894275008,0.831988333235136,0.990629173046797
1625,1.06799620176484,104,1.13902325489303,1.06894634893602,0.951439019082521,0.695369433951573,0.990629173046797
1626,0.760396286642096,104,0.812728490316564,0.757725615931869,0.683799439901956,0.498432949217417,0.990629173046797
1627,0.421492045654331,104,0.451473307183145,0.433448456134502,0.40077048239126,0.281826817213853,0.990629173046797
1628,0.576150614575416,104,0.597413331707759,0.577581716784491,0.540137378343125,0.385995905906566,0.990629173046797
1629,1.25568876078919,104,1.34266967925561,1.25431317139988,1.1070081887574,0.820653107959292,0.990629173046797
1630,0.861369066120984,104,0.903884803991993,0.86939134814496,0.77805374628032,0.557508866574298,0.990629173046797
1631,1.22718877881176,104,1.27937557541826,1.23869877436062,1.08905031290832,0.780880019521286,0.990629173046797
1632,0.845967887138433,104,0.88168641400255,0.861586093101426,0.760487843577016,0.551544326615622,0.990629173046797
1633,0.623371783720128,104,0.635804279404618,0.635729193202902,0.566076454153768,0.404005250805163,0.990629173046797
1634,0.754469173406008,104,0.748288337742454,0.766396355194558,0.696921446363107,0.500974301086651,0.990629173046797
1635,1.31970216068538,104,1.29049522976874,1.32379282108275,1.15173696097203,0.850096820755923,0.990629173046797
1636,1.35759590981428,104,1.32902668997883,1.37935511522897,1.19021797186498,0.905390305308999,0.990629173046797
1637,1.25620459822606,104,1.2336010256407,1.28106255426471,1.12384468377841,0.823585427898681,0.990629173046797
1638,1.02408291662771,104,0.993099345891213,1.04627385123517,0.917531894256874,0.67085647847912,0.990629173046797
1639,0.880343503138272,104,0.853390790938414,0.894622559076794,0.784285621270311,0.568229445753247,0.990629173046797
1640,1.11306238073739,104,1.07499170151344,1.14231591311685,0.964197912825834,0.70296529334876,0.990629173046797
1641,1.03942140376658,102,0.989462065799739,1.04978387980443,0.949210175345166,0.685534405973222,0.990476544366724
1642,1.08824304711207,102,1.03930540627156,1.11134868179795,0.955154792029923,0.714218974906425,0.990476544366724
1643,1.20677763620233,102,1.15995438715165,1.24204268479169,1.03216716577149,0.772316225609127,0.990476544366724
1644,1.21522667659549,102,1.18034059131108,1.2423533298605,1.0633539177694,0.784969393095975,0.990476544366724
1645,0.816164471215448,102,0.825710376107204,0.844711900540572,0.743267261270034,0.539056032894351,0.990476544366724
1646,1.13389120780924,102,1.14622636834158,1.16481571959466,0.988989833478202,0.720750454820757,0.990476544366724
1647,1.23538946931204,102,1.26754917286095,1.27628753184673,1.09015301494709,0.794763409352795,0.990476544366724
1648,1.06218374837781,102,1.11174623413683,1.09801479747131,0.916009384166488,0.675099256935562,0.990476544366724
1649,0.47937672144668,101,0.511967518017888,0.502509184840557,0.455422417184989,0.32224200952049,0.990473651906222
1650,1.05621314461827,100,1.1731722276393,1.09723022403977,0.956181203402524,0.690751515508349,0.990339512944546
1651,0.636683180132816,93,0.702555216874558,0.652071934129051,0.616629639380852,0.430018210999011,0.989678010943272
1652,0.581158864413438,93,0.651929906154298,0.596726172830531,0.546632619541075,0.386024637434087,0.989678010943272
1653,0.670012923857066,93,0.748247121562624,0.689646272412561,0.626911815930695,0.445658170524644,0.989678010943272
1654,0.859354351735131,93,0.963777323039928,0.882272677782409,0.796220730355122,0.566352323205354,0.989678010943272
1655,0.982938213084358,93,1.09571843257778,1.00830874866206,0.884829152378743,0.632627568226835,0.989678010943272
1656,0.767298959912831,92,0.863157846230383,0.788148594418492,0.684019413911069,0.495012884421176,0.989689898362557
1657,0.49548429887848,92,0.54681427284876,0.508482287351329,0.471826900038297,0.336288138354288,0.989689898362557
1658,1.08041770041605,92,1.18921411128452,1.11556124625429,0.984532343829062,0.705796636649264,0.989689898362557
1659,1.1873732450627,92,1.29890425292844,1.2260195259512,1.0809704040155,0.782476987021605,0.989689898362557
1660,1.1450784941714,92,1.24488118360193,1.18772045733799,1.01451328264514,0.731746024190503,0.989689898362557
1661,1.24707172133618,91,1.35643901799942,1.29740302544085,1.11577470979012,0.805706078900957,0.989555883618254
1662,1.17794695081188,91,1.27921400042474,1.22703645522799,1.0680059114851,0.757922258131367,0.989555883618254
1663,0.929953950594182,91,1.01217149508552,0.969515035032379,0.84476328900784,0.601586724833149,0.989555883618254
1664,1.13103195190555,91,1.24318142288283,1.18543293823034,1.02056121965906,0.725138128288138,0.989555883618254
1665,0.220983255330303,90,0.246409396594525,0.232387741798658,0.213796002931186,0.151226269659711,0.989387619803839
1666,1.00258986129413,90,1.10373880508127,1.04600504658643,0.900098632296593,0.647504571038589,0.989387619803839
1667,0.395865169042246,90,0.43719174706011,0.41376946372788,0.37364736829614,0.264047473694457,0.989387619803839
1668,0.862632781853843,90,0.946402859552011,0.904308154558778,0.779516204554458,0.555625720486676,0.989387619803839
1669,1.19139340167765,90,1.28799923255163,1.24456916920132,1.09185979253529,0.761459409753275,0.989387619803839
1670,1.26092147072898,90,1.36853761763251,1.32192782008348,1.13662854245349,0.816364227452722,0.989387619803839
1671,1.07757944342958,89,1.16337161892086,1.12726741497179,0.995740114747568,0.715290484846872,0.989339478769114
1672,0.568833469347605,89,0.609650929801413,0.596242320988481,0.543120559348289,0.382591873307693,0.989339478769114
1673,1.02282425814545,89,1.08927825232188,1.07767087959884,0.917635885156362,0.659350225446226,0.989339478769114
1674,0.927923795992155,89,0.975434012521877,0.977070468939334,0.872519259101862,0.600709946706992,0.989339478769114
1675,0.735184068252496,89,0.775142425394645,0.770851150134279,0.702986890878476,0.492630319721787,0.989339478769114
1676,0.479863342804706,89,0.511125371982743,0.507554044409119,0.450612229586943,0.311505560187242,0.989339478769114
1677,0.999834746223764,89,1.04212333188235,1.05693863580773,0.942417589789168,0.667757428500062,0.989339478769114
1678,0.974670295108274,89,1.00063693573478,1.0362983015193,0.916697374806521,0.647639462442032,0.989339478769114
1679,1.30951145882076,89,1.32943275825269,1.39056030296601,1.18893884247194,0.828141904582211,0.989339478769114
1680,1.13641360426497,89,1.16129775527525,1.20588112309724,1.02519462771317,0.727621511092577,0.989339478769114
1681,1.13801157775857,87,1.15246381360472,1.20708399944416,1.02283256932087,0.716853199197572,0.989153179974198
1682,0.988342291057404,87,0.999893815100941,1.05813922247665,0.889625391824233,0.636996258971984,0.989153179974198
1683,1.24197989430047,87,1.28171416086745,1.32226067226109,1.11902641711839,0.8112958698079,0.989153179974198
1684,0.741835589611892,87,0.763436313456334,0.790895610398799,0.707283027182259,0.484251264643795,0.989153179974198
1685,1.49173037978878,87,1.56221569618175,1.59215626029697,1.30170418552006,0.954585606179901,0.989153179974198
1686,1.02675479468258,86,1.0853273210408,1.08938870351353,0.948342124857606,0.647224810364563,0.988960528443001
1687,0.481965546557133,82,0.535921784379719,0.515230818174422,0.471269915244413,0.326006582123158,0.98815801793234
1688,0.59754875577259,82,0.662065137130655,0.629979841312672,0.567627419191088,0.39252536166215,0.98815801793234
1689,0.592913074121224,82,0.66972717415556,0.634124628609814,0.568671046002037,0.391992980420309,0.98815801793234
1690,1.03880339086613,82,1.19172905857067,1.12627298827596,0.9598141143734,0.676397576529039,0.98815801793234
1691,1.1805354321565,78,1.36174887392198,1.27401366458824,1.07513202744953,0.764147601545205,0.987293279695899
1692,0.948440326145605,78,1.11826895233816,1.0316957486546,0.882887550403195,0.629316382271804,0.987293279695899
1693,0.556881607243709,78,0.665470338962744,0.593844456634522,0.538912219721042,0.382387679687651,0.987293279695899
1694,0.467910183851005,78,0.558984500344579,0.5000691961475,0.465517175955149,0.320637962835815,0.987293279695899
1695,0.807765705144641,78,0.982321330584415,0.878532906141209,0.771897093437394,0.543180925022919,0.987293279695899
1696,0.620429074081361,78,0.754223404286885,0.67472437785081,0.595071188859936,0.407552905896279,0.987293279695899
1697,1.0394708242417,78,1.27108481301835,1.14131835048928,0.966265153632071,0.687217696160015,0.987293279695899
1698,0.669965278860494,78,0.820701809872254,0.727141222051349,0.641402513262344,0.438126130828109,0.987293279695899
1699,0.802462096781089,78,0.985320178062757,0.878693585779401,0.770041410181218,0.540675647114445,0.987293279695899
1700,0.704843123266685,79,0.870276135923286,0.761207732746516,0.661036080952586,0.458265304573053,0.987422617403859
1701,1.02680787480921,68,1.21375427720516,1.11266779960006,0.987498205106011,0.693771317145215,0.985167087905827
1702,1.2142816024184,68,1.46364034112157,1.3454876759993,1.11979510542327,0.802427993439433,0.985167087905827
1703,0.842960739868063,68,1.02631032222773,0.926258426148507,0.802861400035661,0.567651065395623,0.985167087905827
1704,0.912501477026927,68,1.11960030079577,0.990714871200034,0.878402092324679,0.620030070074757,0.985167087905827
1705,0.94593434693022,68,1.16192889409196,1.02627524321743,0.8923899526689,0.636983754517367,0.985167087905827
1706,0.829560668564936,68,1.0454903675629,0.901231713038566,0.808872932203851,0.577096520236073,0.985167087905827
1707,0.607991794495233,68,0.76579315954524,0.67769319964913,0.60612307262767,0.426087810576546,0.985167087905827
1708,0.820490120298424,68,1.0968639387265,0.885853090717564,0.791023667221681,0.564046543002601,0.985167087905827
1709,0.982262453177522,68,1.3492942699222,1.06940236727363,0.927194923782501,0.658130158735651,0.985167087905827
1710,0.442431070737593,68,0.617252016537754,0.486672810703757,0.439102766265195,0.303511061461705,0.985167087905827
1711,0.948509378423671,52,1.36798353818835,1.01555470971193,0.949636424287347,0.663134278325478,0.980407229320705
1712,0.766358797209568,51,1.09738983067921,0.818799653058974,0.758913814692905,0.529571475735051,0.980016168891505
1713,0.459536714316955,51,0.684362250750212,0.494080234828837,0.482354635694199,0.332566684527434,0.980016168891505
1714,0.569974314125445,51,0.859265619828616,0.606099563138325,0.561440512161041,0.400098166955493,0.980016168891505
1715,0.00401230977457591,51,0.00798046150721106,0.00432227900999693,0,0,0.980016168891505
1716,0.476465519173128,51,0.740660164448378,0.523720744836815,0.47862913626395,0.335892992489347,0.980016168891505
1717,0.39700011370711,51,0.598436288097368,0.436187423206918,0.39145120617002,0.276197532628762,0.980016168891505
1718,0.967866532809556,51,1.55637244491539,1.0332875870328,0.948236532300848,0.674567134992615,0.980016168891505
1719,0.706463385972019,51,1.13548172031205,0.77217163690161,0.687691543432446,0.49087978555372,0.980016168891505
1720,0.861668954169147,52,1.41254889059147,0.924603369580795,0.831201032285003,0.597179467380518,0.98043899077734
1721,0.434184155663278,52,0.701099416323413,0.467603762868894,0.425616732958388,0.29700909098805,0.98043899077734
1722,0.596192856579674,52,0.922900456550741,0.632095388748298,0.587056437060242,0.415080743796068,0.98043899077734
1723,0.816373957259483,52,1.27524103342306,0.880568212664008,0.806903178631204,0.555665102794479,0.98043899077734
1724,1.04433667474921,52,1.59558158526095,1.11840359050607,1.01473049303959,0.725610299556276,0.98043899077734
1725,0.474052772550319,51,0.689960638118136,0.513583806663874,0.479944320705064,0.33108063589537,0.979911177821329
1726,0.645302342607515,51,0.924686040769359,0.701811778286063,0.643788316320424,0.44495270644267,0.979911177821329
1727,0.266464451804066,50,0.371086479120022,0.281821844529956,0.281384426372466,0.192282998723883,0.979923221773068
1728,0.747820043059171,50,1.0405082256955,0.791414358418694,0.754808664258908,0.532244596429818,0.979923221773068
1729,0.186610053041061,50,0.239430959229553,0.205343622963341,0.186593116100415,0.12548971951107,0.979923221773068
1730,0.722275214045697,63,0.920192636242684,0.794788339280777,0.686888987656053,0.497499062578932,0.985383516741739
1731,0.760650133457769,63,0.940209405868174,0.8418973816649,0.734377205428093,0.522939667450725,0.985383516741739
1732,0.912557292925505,65,1.11384232602911,1.0230263126605,0.849591108241767,0.623826896786368,0.986045835567221
1733,0.962214600720428,66,1.1357626767707,1.06444590457312,0.914087088817819,0.672594073199561,0.986080375362065
1734,1.06106120904188,68,1.24636105061655,1.21254136675444,0.986838752192804,0.72519126434478,0.986382548857282
1735,1.21748628254969,68,1.40068749291816,1.35319624217185,1.15960997499441,0.862943115594942,0.986382548857282
1736,1.07115260749907,68,1.21226513717753,1.1611520989839,1.03346785230224,0.764579346349076,0.986382548857282
1737,0.856332207623981,67,0.928389427765624,0.941816857487325,0.809015531631069,0.59173159742431,0.986390975989067
1738,1.02363471503718,67,1.09964381674299,1.12448947531259,0.981038546129919,0.717336830424744,0.986390975989067
1739,0.875119194295389,67,0.943119978576545,0.954644579136992,0.860279086984861,0.6112300732179,0.986390975989067
1740,0.983486886956768,69,1.07629194837703,1.07912694433593,0.938996212177055,0.683470282485839,0.987098201189922
1741,0.52271548105155,69,0.586481695580087,0.581375593389468,0.533627346504534,0.378884424735241,0.987098201189922
1742,0.732489459332238,69,0.789773456091899,0.797715821381101,0.708129778229816,0.508318058091027,0.987098201189922
1743,1.03531135579413,70,1.12793645934493,1.13043264437843,0.982110420912272,0.724481079009264,0.987394301624639
1744,1.01830946381199,70,1.15440095390736,1.11462320166532,0.978293384154262,0.719309022138851,0.987394301624639
1745,0.999380147611952,70,1.07694245610938,1.08589766024789,0.932080140431829,0.684504913929521,0.987394301624639
1746,1.05769519948348,70,1.14646669715275,1.13418275646693,0.988539357671087,0.7317413420953,0.987394301624639
1747,0.932255149214747,70,0.997725889212804,1.01205231450165,0.864553411272286,0.646613766432928,0.987394301624639
1748,1.04220690166233,70,1.13312309597825,1.13452630108224,0.981017776914561,0.73156145231256,0.987394301624639
1749,0.296284538515173,70,0.313928054697992,0.32379338048688,0.299208269970458,0.211675471099835,0.987394301624639
1750,0.49817147511615,76,0.545596087394336,0.544064872094361,0.46029073074025,0.334284176110694,0.988334926952804
1751,1.15120838194159,77,1.2201810187105,1.25008782737519,1.03427925024271,0.770646240419628,0.988382172768449
1752,0.934672770568213,77,0.972777350450214,1.01615543380277,0.854463002403913,0.643744259699102,0.988382172768449
1753,1.06889253999988,77,1.10703395649452,1.18005214866186,0.979149712170214,0.736180092565197,0.988382172768449
1754,1.06228698539292,77,1.08536220682385,1.16602522598768,0.979895541298188,0.723875658482402,0.988382172768449
1755,0.966742938699853,77,0.960623676026603,1.05764330647952,0.881407081464104,0.662287237357353,0.988382172768449
1756,1.04567948478944,77,1.00728750044612,1.13706738184646,0.94689229329,0.707458203849683,0.988382172768449
1757,1.1826012688691,77,1.12375423480803,1.27341820318298,1.06721673579108,0.80755657795279,0.988382172768449
1758,0.929892110125404,77,0.894502103765773,1.0253399629631,0.872187523109808,0.641335330689573,0.988382172768449
1759,0.995319220516464,78,0.94274415243586,1.08231066788416,0.894922384440327,0.666742003060485,0.988468610992257
1760,1.05645321667709,78,0.97605806638202,1.14055623673423,0.956962178782012,0.698635164088383,0.988468610992257
1761,1.19127825973009,78,1.09971358089892,1.29516321278993,1.05075717794596,0.77384418060835,0.988468610992257
1762,1.34897131115194,78,1.2403671443956,1.45333306992195,1.18389406701392,0.894273424938695,0.988468610992257
1763,1.21495972641121,78,1.12379188205238,1.31623220570496,1.06559307666324,0.802793770884251,0.988468610992257
1764,0.954740459249355,78,0.895917624207838,1.03023827166033,0.846202050691296,0.634983809045301,0.988468610992257
1765,1.2727056688338,78,1.18154624267099,1.37184066308352,1.10836030955396,0.831917652168903,0.988468610992257
1766,0.790582672554419,78,0.717781164759585,0.842877690392417,0.699326251544876,0.522261945689907,0.988468610992257
1767,1.27016032052339,78,1.17711375598446,1.3577778289538,1.10507592381467,0.828878347036675,0.988468610992257
1768,1.2061721884375,78,1.12571324277913,1.2925004196824,1.08170737999539,0.802740249151945,0.988468610992257
1769,0.943180093954073,78,0.900045630373661,1.01027961032418,0.8446714205211,0.624865371647251,0.988468610992257
1770,0.452319317140325,78,0.44003173609445,0.49675988473202,0.429623524374063,0.311744743429743,0.988468610992257
1771,1.41520556504629,78,1.38340777210215,1.52488826132678,1.24956884742232,0.941849730275082,0.988468610992257
1772,0.889743411224747,78,0.862865513701079,0.940274742798987,0.829127317576761,0.612260111879822,0.988468610992257
1773,1.24817529894694,78,1.23067695778738,1.34650227786627,1.10587691220943,0.8406373692539,0.988468610992257
1774,1.04606229874539,78,1.02809247119226,1.13613807705607,0.937551442555432,0.693510118996045,0.988468610992257
1775,0.794454196768662,78,0.795262178264026,0.859924194622054,0.712504325095192,0.523151557514985,0.988468610992257
1776,0.425740622326926,78,0.421641678942624,0.460435297850445,0.385210722536544,0.278041032830502,0.988468610992257
1777,1.00915642289557,78,1.03036972652596,1.08750308239187,0.910353059429871,0.668153050602255,0.988468610992257
1778,1.39759386364241,78,1.43747549731869,1.51317266571822,1.2474093530397,0.925231439166624,0.988468610992257
1779,0.736628028507734,78,0.760047601677491,0.80036699698863,0.681724405538579,0.496199417624882,0.988468610992257
1780,1.19120621856194,79,1.23315936160184,1.29275231059341,1.05681764388532,0.778560259270079,0.988640752894317
1781,0.986250847789369,76,1.01039116473884,1.0733309082171,0.89563126071165,0.650101498557324,0.988278393745882
1782,0.499983739799242,76,0.509781615410842,0.542121329097647,0.463797209034484,0.334730574125717,0.988278393745882
1783,1.31719456518382,76,1.39096014669705,1.44312157959554,1.18554305576573,0.883200341700217,0.988278393745882
1784,0.887662925433341,76,0.929840415930881,0.964009865101541,0.817667066025547,0.59772681770374,0.988278393745882
1785,1.34467806528021,76,1.42005923296721,1.4659024577711,1.21418731944675,0.896505605100254,0.988278393745882
1786,1.10617071906968,76,1.16560568977401,1.19405292718335,0.978635419296308,0.731704096009802,0.988278393745882
1787,0.611711390039097,76,0.653117019789112,0.663831065761081,0.570668269263491,0.407629835725315,0.988278393745882
1788,1.25535810129328,76,1.37123953935913,1.35576653841758,1.12692360197253,0.838524201491612,0.988278393745882
1789,0.726092322710292,76,0.811054997587131,0.789348245082147,0.669032604611532,0.490122028680628,0.988278393745882
1790,1.07355989706376,76,1.20668738818387,1.15880045658256,0.955061957014087,0.713795261517606,0.988278393745882
1791,1.26561621990073,74,1.44741586867504,1.36939069491189,1.11919767462094,0.841681413101665,0.987897431879021
1792,0.643661204203838,73,0.735338858910785,0.699420253329228,0.61571612872098,0.436857765408086,0.987843361225074
1793,0.875921424386636,73,1.00955161138382,0.952780422051353,0.832037130807855,0.596242838528479,0.987843361225074
1794,0.5320210806808,73,0.621203657418852,0.576672050408833,0.471117957303255,0.335889786842378,0.987843361225074
1795,0.299114699960376,73,0.34029770635166,0.323892170161679,0.281150207660889,0.198905237826279,0.987843361225074
1796,0.146049823779033,73,0.164985341113047,0.151971865126439,0.130467820102626,0.0915185809023774,0.987843361225074
1797,0.341594946987143,73,0.380727339404628,0.369550081440486,0.348721400635451,0.246555279827657,0.987843361225074
1798,1.24039263393624,73,1.35765584241598,1.340835334973,1.12109658282144,0.829459806351611,0.987843361225074
1799,0.989424721883859,73,1.03743608289014,1.06363687339156,0.932665001455306,0.679425734571614,0.987843361225074
1800,1.70073471370289,81,1.75569084147066,1.88999182297656,1.4724406437046,1.13217542876034,0.989270459476871
1801,0.759720861061968,80,0.751686262022555,0.813989515558916,0.716162651526995,0.510636236506527,0.989252812706731
1802,1.50233782841933,80,1.53347879650276,1.64684115505862,1.34047620957204,0.99480974712571,0.989252812706731
1803,1.1359391571172,80,1.14541115995149,1.23667372492367,1.03080242066022,0.752866074421638,0.989252812706731
1804,1.19161430780952,80,1.21322568388366,1.30442307892881,1.09149248588009,0.799535885324915,0.989252812706731
1805,0.432277771414011,80,0.421273377890023,0.460513458402516,0.40156882320333,0.280104249045196,0.989252812706731
1806,1.31872987865263,80,1.34499722205465,1.46213342892204,1.17461145178875,0.872456431628694,0.989252812706731
1807,1.17521229545543,80,1.20533418450035,1.28721578176336,1.03620124264379,0.777103382298739,0.989252812706731
1808,0.476821931830783,80,0.473148209945803,0.520366972602056,0.442050851161301,0.316030322292699,0.989252812706731
1809,1.11663961566977,80,1.17485117476428,1.21604168301264,1.02125699885824,0.747567412331213,0.989252812706731
1810,1.03773931184026,80,1.10728558669651,1.12606530695174,0.912577387435461,0.671042516681351,0.989252812706731
1811,1.24947835533539,78,1.40162612075586,1.37436496430556,1.13723611816478,0.832285717645222,0.988681341749696
1812,0.757764737889867,78,0.837698197235773,0.819821437412586,0.671776041013437,0.489125405007553,0.988681341749696
1813,0.927680622109933,78,1.05634768054849,1.01226741175943,0.847534339294516,0.620180707175507,0.988681341749696
1814,0.843521450387004,78,0.956262438631983,0.916683391406204,0.767160713471515,0.553912203801068,0.988681341749696
1815,0.963995482943101,78,1.14929141066408,1.04422554015618,0.886123297046262,0.63881135746457,0.988681341749696
1816,0.356403169879952,78,0.41609062512426,0.383006860044508,0.339231950986215,0.238945752524084,0.988681341749696
1817,0.84401521342731,78,1.0159195368705,0.921605363540996,0.783274861753717,0.570265982825364,0.988681341749696
1818,0.55420642808165,78,0.679357082217252,0.597409229351633,0.506495112213459,0.36673767225871,0.988681341749696
1819,0.839558288062024,78,1.0657858497756,0.911941610478172,0.782933664002025,0.571943764081893,0.988681341749696
1820,0.882869802751853,78,1.14505291166145,0.971278289199933,0.803275914235293,0.583368906902956,0.988681341749696
1821,0.575642062382721,78,0.755126544036123,0.632316215258466,0.555326199617111,0.398239256754465,0.988681341749696
1822,1.12012510993304,78,1.46590994555773,1.23381270908723,1.02301495102158,0.758259621162997,0.988681341749696
1823,0.822042005877523,78,1.03533550467804,0.885340691266124,0.765143795764286,0.552819133219998,0.988681341749696
1824,0.0441965615204503,78,0.0646896588916351,0.0489147275579895,0.0378434259228195,0.0307503274679371,0.988681341749696
1825,1.15801453169087,78,1.47594861158188,1.26749291317001,1.08369063076707,0.795267502766105,0.988681341749696
1826,0.337586579283429,78,0.394842184262729,0.362742602233913,0.346845930693169,0.236279196834583,0.988681341749696
1827,1.31950536960983,78,1.64766390626239,1.43210462890887,1.22679200283686,0.907633875588921,0.988681341749696
1828,0.808670510869222,78,0.985150777438415,0.882129037049935,0.771425224410592,0.554671285373605,0.988681341749696
1829,0.98756265974515,78,1.18953491037728,1.04797914456353,0.904244621596587,0.668546870469857,0.988681341749696
1830,1.06753176051464,78,1.28143681361595,1.14322790329033,1.01859477729261,0.733513833003403,0.988681341749696
1831,0.194325804173028,78,0.213960334142703,0.207553303257369,0.188513008733172,0.135026473021013,0.988681341749696
1832,1.39906190319922,78,1.6120160241971,1.51885575664429,1.26700889730624,0.928288448553209,0.988681341749696
1833,0.579234711677792,78,0.634533642808527,0.616160138676357,0.52441729532323,0.392430907031945,0.988681341749696
1834,0.846483220519259,78,0.913519366734157,0.885943389918414,0.777949899621824,0.556242263030453,0.988681341749696
1835,1.21331591330455,78,1.35105322667386,1.31046507717245,1.10074754997842,0.823743929835136,0.988681341749696
1836,0.847925854378541,78,0.898498827425519,0.89954808893919,0.761575485885281,0.55532841085756,0.988681341749696
1837,0.623464050587379,78,0.658449384515048,0.664839207318804,0.56639244800107,0.409076069736312,0.988681341749696
1838,1.05327549945102,78,1.09302100240129,1.13000216980072,0.95758354228673,0.702773942994072,0.988681341749696
1839,1.47800449174682,78,1.48911537853595,1.5911674349985,1.30945873866176,0.96893740363806,0.988681341749696
1840,0.997411133935462,79,0.987358149783784,1.06727135962655,0.927732591961818,0.669204904329667,0.988828816075251
1841,1.28015940447486,79,1.23009597944805,1.37315878460202,1.17303117080805,0.847489090276259,0.988828816075251
1842,0.6410723125041,79,0.599338587655761,0.672936927552924,0.625035621675719,0.442330262895062,0.988828816075251
1843,0.33218591130002,79,0.304679336317708,0.354581269618976,0.325834639526479,0.228635034640602,0.988828816075251
1844,0.955203303522959,79,0.869649160810742,1.01795876598083,0.878606214742695,0.642307622299707,0.988828816075251
1845,1.28377716871677,79,1.13765955994176,1.36258858433742,1.17103228544456,0.866389724405366,0.988828816075251
1846,1.27479153031272,79,1.10927312498218,1.33343888798293,1.16744279817171,0.859172193758457,0.988828816075251
1847,1.23079307824636,79,1.05055619165997,1.29876910056607,1.15392848385984,0.850696533381995,0.988828816075251
1848,1.42975553248877,79,1.20155877630078,1.51495225100462,1.30606525902929,0.954736325487552,0.988828816075251
1849,1.32837143441773,79,1.10047537403569,1.39619214725093,1.21499474426306,0.890614169857512,0.988828816075251
1850,1.18834221468256,81,0.966453493971887,1.25542195302701,1.10146090878647,0.811467724414564,0.989055468404136
1851,1.5666113961382,81,1.27034457377584,1.638521021678,1.41231999694604,1.05101928466955,0.989055468404136
1852,1.04847352179616,81,0.846414353604046,1.10648916441709,0.975558620614001,0.712374510482155,0.989055468404136
1853,1.21187901945679,81,0.99096842362398,1.28634777175811,1.14373945353884,0.837470397627713,0.989055468404136
1854,1.40134869833389,81,1.15113786476154,1.49579287198155,1.30972209988777,0.977199541951341,0.989055468404136
1855,1.26752629381282,81,1.03416171842307,1.35332998087805,1.17368515034737,0.87189507152905,0.989055468404136
1856,1.38088103860961,81,1.1410760386445,1.46734840053987,1.27016068202241,0.951312052645125,0.989055468404136
1857,1.09826778898969,81,0.909683134064734,1.15465776138323,1.0319874154245,0.767731866853388,0.989055468404136
1858,0.861349162423051,81,0.706877637381976,0.904306859193412,0.831854834083369,0.602037582952372,0.989055468404136
1859,1.16146457179201,81,0.970287260498108,1.23812221820159,1.10657340928386,0.807403389977001,0.989055468404136
1860,1.11463819539765,81,0.927724819095264,1.17476813378857,1.04042692376093,0.760250287576408,0.989055468404136
1861,0.650522109418398,81,0.534345664334804,0.682507133031744,0.630079302078252,0.446485380564143,0.989055468404136
1862,1.44265470669851,81,1.2208881563772,1.53206493398643,1.32780063426944,0.984346343771655,0.989055468404136
1863,1.56750143889096,81,1.33735221563344,1.67005045057776,1.42660358798719,1.06168436059735,0.989055468404136
1864,1.11265455726212,81,0.947775635804857,1.1748755342013,1.02051292685264,0.750257654728109,0.989055468404136
1865,1.43089384554506,81,1.24845597098989,1.50401774900647,1.27688210991776,0.947919877643589,0.989055468404136
1866,1.29693134528181,81,1.14501172326619,1.36606762630952,1.20299313749829,0.883620861533209,0.989055468404136
1867,0.964631326859481,81,0.864797308420158,1.01388665496468,0.905034700196151,0.654799640633947,0.989055468404136
1868,1.21468218391148,81,1.08507891902118,1.28591238652712,1.12052225788281,0.827287221566725,0.989055468404136
1869,0.608149625105324,81,0.555004863278497,0.64226020313149,0.584624227608085,0.420458320103741,0.989055468404136
1870,1.16343543109467,81,1.06715677217941,1.2351116815987,1.04925430810944,0.776922353936968,0.989055468404136
1871,0.899796216151741,81,0.828747573136854,0.942921387557098,0.861816840904828,0.611754595995208,0.989055468404136
1872,1.04267027589862,81,0.970993125585348,1.09990428739043,0.946979132024752,0.699981367790964,0.989055468404136
1873,1.43603442776795,81,1.33963631328841,1.47548708849506,1.32773723135367,0.980945471219969,0.989055468404136
1874,1.21331622972353,81,1.17523474687235,1.26983001293818,1.12578063536829,0.824524322941212,0.989055468404136
1875,1.14994361839222,81,1.10870405920999,1.21070265842946,1.08072426242062,0.789988363837725,0.989055468404136
1876,1.17354806598837,81,1.13254415703581,1.22161823770155,1.05965763594075,0.791528434071831,0.989055468404136
1877,0.430402212101322,81,0.410466769491302,0.454365637147747,0.427873396044178,0.306572231052982,0.989055468404136
1878,1.20224745954853,81,1.18801869015102,1.27405792388323,1.09197459515228,0.81182384286284,0.989055468404136
1879,0.691581999382482,81,0.690491054416847,0.73175921655556,0.6599922110546,0.477646695757273,0.989055468404136
1880,1.20245510024237,81,1.18919299331688,1.27195903561724,1.07715353984184,0.792088166179322,0.989055468404136
1881,0.537240217190849,80,0.526046066732707,0.569692385246281,0.540828285734223,0.378149903580326,0.988953432845724
1882,1.18300224121632,80,1.14658245911188,1.24970369454401,1.11480205467153,0.810132070657546,0.988953432845724
1883,0.994242100717712,80,0.983253117735849,1.06659589227726,0.962890214034301,0.691778950097294,0.988953432845724
1884,0.694516097060042,80,0.66055031828028,0.730895088683346,0.683109326457781,0.48795051960191,0.988953432845724
1885,1.11586686276953,80,1.04676622981369,1.16003924051283,1.05826632559747,0.764788354461275,0.988953432845724
1886,1.39431089297199,80,1.29509436994877,1.43821978003466,1.26839009427605,0.933621085428295,0.988953432845724
1887,1.14112793743976,80,1.0513180648904,1.1798937118827,1.07020480026379,0.771874433018036,0.988953432845724
1888,1.3526166923401,80,1.23313899900967,1.38431581546866,1.26787295428614,0.920227204836117,0.988953432845724
1889,1.23204779141885,80,1.10697312273651,1.28784411990759,1.1607208416338,0.843955627138816,0.988953432845724
1890,1.2915024742455,80,1.16026688558645,1.30809292622642,1.18509678873283,0.859544318100899,0.988953432845724
1891,1.06901704360108,79,0.94163880840967,1.11010980336505,1.02068175950177,0.734267513789586,0.988776658864374
1892,1.15865812707418,79,1.05060186943106,1.21322701112371,1.10053100170639,0.808392343032793,0.988776658864374
1893,1.13295621519494,79,0.991817539103432,1.16921628747391,1.05935445558015,0.768860240442389,0.988776658864374
1894,0.824222423095253,79,0.731333193095235,0.874789559849137,0.769235204686853,0.55111601741748,0.988776658864374
1895,0.473797757507598,79,0.404239464047779,0.496926638561765,0.471173257796158,0.334950048792196,0.988776658864374
1896,1.36168832326424,79,1.17555419824473,1.41501051659337,1.28525231945905,0.934696153001147,0.988776658864374
1897,1.29296745365023,79,1.09394125876178,1.35161471268109,1.22375764104753,0.87886256321046,0.988776658864374
1898,1.01342470701686,79,0.883851699992715,1.04491368157111,0.979654046647587,0.699618071862354,0.988776658864374
1899,1.27255051063308,79,1.07711794848112,1.33037600425962,1.17291679008193,0.83782320091388,0.988776658864374
1900,1.10277010159408,79,0.912027652228119,1.15368859832389,1.0186183976894,0.735772827842299,0.988776658864374
1901,1.40110872171177,78,1.16064762912539,1.47160420569706,1.31414019816505,0.943886288846781,0.988529312757098
1902,1.11674175220105,78,0.916332298516638,1.15801760853024,1.05063542067631,0.754199170747215,0.988529312757098
1903,1.46073414911761,78,1.20627365719591,1.54964146826223,1.36070391364583,0.981650936543432,0.988529312757098
1904,1.38749646624488,78,1.14626955721505,1.46771167135863,1.29887331341863,0.93535456418991,0.988529312757098
1905,1.34263700529746,78,1.1081805959548,1.41694470239255,1.24254456437644,0.909222679889072,0.988529312757098
1906,1.44394224387496,78,1.20952932482025,1.52377798043593,1.37558908739918,0.975151563265169,0.988529312757098
1907,1.17011272216083,78,1.00783181575822,1.22926990772895,1.1149429978625,0.79339438238217,0.988529312757098
1908,0.900970677348927,78,0.782065967166001,0.941926417111053,0.894932858015289,0.617989363564311,0.988529312757098
1909,0.814133855337386,78,0.718762920552801,0.84680104463188,0.79766694327346,0.558160241315924,0.988529312757098
1910,1.03892123605115,78,0.922707564386072,1.06635075707096,0.967248012828867,0.689478038551544,0.988529312757098
1911,1.17531678723131,76,1.04146105581738,1.23869786474036,1.11214872102654,0.803893140055343,0.988055728753575
1912,1.24849985968539,76,1.12746512424822,1.31743122697804,1.18600559241761,0.852218154420396,0.988055728753575
1913,1.39035352824133,76,1.29414997030278,1.45585810688205,1.2975449567727,0.940392521739257,0.988055728753575
1914,1.23959074578444,76,1.19308822061808,1.30116414784756,1.18925797884427,0.849495735824191,0.988055728753575
1915,1.14458482597744,76,1.13393481175423,1.19451913101758,1.09492075904244,0.774699362530187,0.988055728753575
1916,0.93576047918431,76,0.959536730511949,0.955593320628819,0.917943350251866,0.626695466432796,0.988055728753575
1917,0.945767683151473,76,0.986492535379682,1.00754002028761,0.919048838463071,0.650999152408606,0.988055728753575
1918,0.00437232240968647,74,0.00617421908892792,0.00467099149581953,0,0,0.98771641490619
1919,0.101971119745725,73,0.121465304160087,0.0996259650135474,0.0821261534359777,0.0647973109829122,0.987627425017433
1920,0.984562053404657,73,1.06928616358563,1.02440919884153,0.981982491307971,0.685837971053391,0.987627425017433
1921,1.34021792028402,72,1.48918439059269,1.39030295963322,1.28948043074893,0.907538088060267,0.987431253765744
1922,1.35472552863756,72,1.54931338484095,1.41869445736295,1.28413673842922,0.9206190021887,0.987431253765744
1923,0.933329371792717,72,1.07469927105038,0.969213856174585,0.915027532610421,0.64911190673975,0.987431253765744
1924,1.21660343738079,72,1.41872233613875,1.26331375993046,1.14230251908059,0.813571120917385,0.987431253765744
1925,0.71838173029892,71,0.873246151336455,0.732141393977689,0.699571010123115,0.488927399141705,0.987100647767549
1926,0.773180214166984,71,0.94713863423929,0.813238018493997,0.748028533362004,0.518961350965648,0.987100647767549
1927,0.885405638312631,71,1.08316101709488,0.924315096820647,0.867978487930256,0.62199210440526,0.987100647767549
1928,0.881842889162801,71,1.0855375885882,0.907277682552348,0.883796313586239,0.587675293053582,0.987100647767549
1929,0.536967391089353,71,0.633490834475034,0.567850239412848,0.53631100852789,0.367749530017893,0.987100647767549
1930,0.434336437522708,71,0.526330818240379,0.448068811368371,0.424739250008369,0.288926663316072,0.987100647767549
1931,0.390596566967695,71,0.460286507800599,0.414163687472501,0.367530716746877,0.246938726707724,0.987100647767549
1932,0.844072962148521,72,1.06347680249593,0.89892227134927,0.828237806424038,0.573351727128675,0.987340927966636
1933,1.03053355264611,72,1.23929186669189,1.09836566149404,1.00397496378722,0.715013855955618,0.987340927966636
1934,0.503694438879441,72,0.590068015705699,0.512786162680007,0.489619871844295,0.326981191808131,0.987340927966636
1935,0.960224924457826,72,1.12550117104643,1.01375335798305,0.895584412524436,0.64223223569137,0.987340927966636
1936,1.16401418053426,72,1.30531529699775,1.22262167994423,1.1255513692304,0.802157714394435,0.987340927966636
1937,0.889340391944667,72,0.96506941687723,0.946380864448178,0.880269549973826,0.620831743892175,0.987340927966636
1938,1.13005899703287,72,1.19459152841818,1.20205426762135,1.09980089045101,0.790998807196383,0.987340927966636
1939,1.145905165992,71,1.20256766582998,1.21842755902321,1.08426458817095,0.776568009184272,0.987270380128341
1940,0.465913457375674,74,0.47652964023737,0.466095315894681,0.456371578250367,0.3152321983067,0.988001073880339
1941,0.543759440877687,77,0.546418492079123,0.59468590530141,0.516467028021978,0.350446213272851,0.988808266524738
1942,0.93440526189762,77,0.917885724013574,1.00960180443937,0.861607239887102,0.604636588764119,0.988808266524738
1943,1.45665360807351,77,1.40110528400799,1.54320962885479,1.33310646587273,0.978545972216389,0.988808266524738
1944,1.25174319921964,77,1.17367523438031,1.34708222729772,1.15110716291963,0.835158188127513,0.988808266524738
1945,0.914039485631412,77,0.849613604583933,1.00385958450117,0.874213344150463,0.621377031254363,0.988808266524738
1946,1.64524116981347,77,1.51280553922525,1.7423931618765,1.50508600162285,1.09176442091934,0.988808266524738
1947,1.29911549093291,77,1.18263875858291,1.38293624276927,1.23345193736027,0.881172451725149,0.988808266524738
1948,1.3101168315069,77,1.18497975167743,1.40905504509206,1.16732401554358,0.850961979274006,0.988808266524738
1949,1.26210343477752,77,1.135811881089,1.3266677690697,1.18468417579525,0.850662927297386,0.988808266524738
1950,0.847368976651836,78,0.764672308380755,0.896158869920362,0.796727680358677,0.564653866822925,0.988839641430526
1951,0.72447724987779,78,0.64270729817119,0.785910553298654,0.707088550103701,0.490597138255486,0.988839641430526
1952,0.910677649419985,78,0.815215318289491,1.00541713768036,0.853183570985933,0.614099084130462,0.988839641430526
1953,0.510127300291958,78,0.45883253548339,0.549086278279811,0.508418248354996,0.348398076219552,0.988839641430526
1954,1.37476693357251,78,1.23867601907096,1.49132883795404,1.23789421687198,0.908308069982271,0.988839641430526
1955,1.4738189701673,78,1.33064156540816,1.59256853716715,1.33702880919497,0.974078176373792,0.988839641430526
1956,1.36781121838468,78,1.23865641939698,1.49939863144233,1.24573693474748,0.91590300621541,0.988839641430526
1957,0.466738687826735,78,0.405339428850059,0.505995605089353,0.477422707944868,0.323606221322703,0.988839641430526
1958,1.60779612801588,78,1.44677016722171,1.74311830480792,1.45271122834778,1.06748211420219,0.988839641430526
1959,1.39872859196722,78,1.28158698938424,1.50664286727105,1.31898042753304,0.927267402248788,0.988839641430526
1960,1.2486654523697,78,1.13557673102351,1.33516361697917,1.16343685742778,0.835308691734574,0.988839641430526
1961,0.727811731811733,78,0.669721217159107,0.782747911675909,0.713187302890191,0.493352601697857,0.988839641430526
1962,0.797737207635487,78,0.744284021058138,0.867624304014905,0.762708787663319,0.533777575931721,0.988839641430526
1963,0.637427957497716,78,0.588890093976629,0.699178762814437,0.621425600063954,0.420734631477944,0.988839641430526
1964,1.42223832729909,78,1.34287840741755,1.54402465146715,1.30488378208616,0.951391551703052,0.988839641430526
1965,1.26790368972201,78,1.17447667655628,1.39826557432859,1.15928506324184,0.844497495065177,0.988839641430526
1966,0.566206534439035,78,0.530024573231655,0.617194539411698,0.556189308890664,0.385388692775402,0.988839641430526
1967,1.52517481539693,78,1.46175033952897,1.6748363300396,1.42020021541653,1.01819747450371,0.988839641430526
1968,1.17674490400382,78,1.13678569289193,1.26867544821982,1.08687988353,0.806250538284243,0.988839641430526
1969,1.11485351546653,78,1.08053002695946,1.21567704903272,1.03965100456097,0.733466512860361,0.988839641430526
1970,1.3612142026101,78,1.31997156601715,1.49238888102827,1.20895060449957,0.893356734055688,0.988839641430526
1971,0.598777222058025,78,0.581450263345544,0.649855768873834,0.586670772730047,0.401650040864497,0.988839641430526
1972,1.08567887348094,78,1.06595035518769,1.20902197880621,0.991126856310036,0.716387751566666,0.988839641430526
1973,0.411159765192596,78,0.403074880089,0.416103148060171,0.410612106114027,0.271693787373938,0.988839641430526
1974,1.08434426507734,78,1.08335102060442,1.17806024877495,0.994766314163974,0.713645517772457,0.988839641430526
1975,1.0894919744701,78,1.06255300571764,1.20653005906094,1.0105441022526,0.703238086930262,0.988839641430526
1976,1.09349888308577,78,1.06668263287003,1.21009248161595,1.01440021132768,0.731852230438639,0.988839641430526
1977,1.12595843813339,78,1.100302673813,1.24490369076131,1.03319941139057,0.738554400002942,0.988839641430526
1978,1.06512735282815,78,1.02943939409823,1.17274423158216,0.978520622631622,0.71398222368057,0.988839641430526
1979,0.127213957091571,78,0.152246068399332,0.144859715399194,0.124147585641579,0.0850974473935671,0.988839641430526
1980,1.20209462651185,78,1.12473636084899,1.31447110103671,1.11225446042021,0.817337166199733,0.988839641430526
1981,1.13071305201866,78,1.04233274746757,1.2522887659512,1.03958329114852,0.754973228216476,0.988839641430526
1982,1.35648277293052,78,1.23790667074746,1.48434386269291,1.24965314488445,0.903324658978349,0.988839641430526
1983,1.43552470976909,78,1.28267570689433,1.58081603071339,1.30324194549977,0.944686998493222,0.988839641430526
1984,1.15370193531006,78,0.999806745792145,1.27708493416818,1.06998676553001,0.775446339939823,0.988839641430526
1985,1.16269533766829,78,0.999227754986648,1.28958975916318,1.03576933687905,0.771534089173175,0.988839641430526
1986,1.12895796141369,78,0.963698710992719,1.2530652074288,1.035595979389,0.736498566504205,0.988839641430526
1987,1.22721804310091,77,1.00929330092144,1.34685196981332,1.12924926324757,0.825483075680187,0.98872315746799
1988,1.19401721381667,77,0.985551073998959,1.30713937400341,1.11974551948088,0.809532072250907,0.98872315746799
1989,1.59349945461672,77,1.29182016587691,1.79384145790789,1.47818489014358,1.08075175998025,0.98872315746799
1990,1.15730340383528,77,0.919373909181414,1.28918071673314,1.08443012021423,0.762904904361368,0.98872315746799
1991,1.00217051801392,77,0.787636786326009,1.11856139581286,0.938951290986053,0.654949733642608,0.98872315746799
1992,0.97143395444705,77,0.744779429576989,1.07671779720007,0.9089176284506,0.648332693106439,0.98872315746799
1993,1.61826058297695,77,1.23768369693636,1.78236487755492,1.46716564984755,1.08741470223979,0.98872315746799
