"year","ModNegExp","samp.depth","Spline","AgeDepSpline","RCS","SFRCS","EPS"
1,1.04257657289214,1,5.64826506197697,5.64826506197697,1.85123966942149,1.46042636882527,NA
2,0.744952528021622,1,3.9840441062159,3.9840441062159,1.57662152530292,1.2398808067908,NA
3,1.09849685481824,1,5.79955787613707,5.79955787613707,2.18453188602442,1.73420085451411,NA
4,1.15142374567871,1,6.00128162835053,6.00128162835053,2.17351598173516,1.65386068754956,NA
5,0.744863505357032,1,3.8327512920558,3.8327512920558,1.39816031537451,1.09473183276297,NA
6,0.933154062800275,1,4.74050817701638,4.74050817701638,1.80397532556546,1.36860838517117,NA
7,0.703838968303329,1,3.53016566373561,3.53016566373561,1.27937336814621,0.929769742764161,NA
8,0.448089697484324,1,2.2189612743481,2.2189612743481,0.834688346883469,0.564186088051876,NA
9,0.391940374291994,1,1.9163756460279,1.9163756460279,0.717464598786244,0.512392193885254,NA
10,0.574526672528815,1,2.77370159293512,2.77370159293512,1.07541899441341,0.670896074410139,NA
11,0.69821533352921,1,3.32844191152214,3.32844191152214,1.29593267882188,0.930267913707484,NA
12,0.749942786191334,1,3.53016566373561,3.53016566373561,1.38028169014085,1.02509748416544,NA
13,0.748600989349825,1,3.47973472568224,3.47973472568224,1.36248236953456,0.950698713810412,NA
14,0.736094808519173,1,3.37887284957551,3.37887284957551,1.2875772134523,0.913938930267324,NA
15,0.700879636858845,1,3.17714909736205,3.17714909736205,1.21823204419889,0.923271276390827,NA
16,0.732228025498515,1,3.27801097346878,3.27801097346878,1.34715025906736,0.965988507370403,NA
17,0.912513070377023,1,4.03447504426926,4.03447504426926,1.60804020100503,1.19350168174722,NA
18,0.86618840582105,1,3.78232035400243,3.78232035400243,1.54867256637168,1.12054956415329,NA
19,0.865307682011082,1,3.73188941594907,3.73188941594907,1.47473309608541,1.09898814368728,NA
20,1.12469763650274,1,4.79093911506975,4.79093911506975,1.86535764375877,1.45516155338538,NA
21,1.07873180907485,1,4.53878442480292,4.53878442480292,1.73076923076923,1.36773959585595,NA
22,1.03141637106236,1,4.28662973453609,4.28662973453609,1.62346521145975,1.33022146230619,NA
23,1.06871928424003,1,4.38749161064282,4.38749161064282,1.66963673749143,1.35123809688685,NA
24,0.708816120744833,1,2.87456346904185,2.87456346904185,1.12871287128713,0.847685030935278,NA
25,1.13292321034806,1,4.53878442480292,4.53878442480292,1.7671809256662,1.33968003571252,NA
26,1.40163405168295,1,5.54740318587024,5.54740318587024,2.19217081850534,1.68960935989818,NA
27,0.644882456175654,1,2.52154690266829,2.52154690266829,1.03934669636229,0.726432921746297,NA
28,1.33156939360726,1,5.14395568144331,5.14395568144331,2.14736842105263,1.50966716097161,NA
29,0.872057198880232,1,3.32844191152214,3.32844191152214,1.37091988130564,0.9800142413272,NA
30,0.855859744947708,1,3.22758003541541,3.22758003541541,1.35143288084465,1.00353623880866,NA
31,0.933850488862314,1,3.47973472568224,3.47973472568224,1.46031746031746,1.0717583869248,NA
32,0.958773086394565,1,3.53016566373561,3.53016566373561,1.42961342086069,1.03310346130464,NA
33,0.85937512152124,1,3.12671815930868,3.12671815930868,1.35307872174591,0.943135537453044,NA
34,0.757428697173144,1,2.72327065488175,2.72327065488175,1.10607168983175,0.846159877920541,NA
35,0.950962034882336,1,3.37887284957551,3.37887284957551,1.34383954154728,0.996619780263528,NA
36,0.99097152906575,1,3.47973472568224,3.47973472568224,1.49651432997676,1.08411363653041,NA
37,1.04628856736342,1,3.63102753984234,3.63102753984234,1.49112426035503,1.1607991226687,NA
38,1.29387283992396,1,4.43792254869619,4.43792254869619,1.79591836734694,1.32289817061545,NA
39,1.24957133172935,1,4.23619879648273,4.23619879648273,1.71929824561403,1.26647460123164,NA
40,1.59530318931549,1,5.34567943365677,5.34567943365677,2.19526627218935,1.66526791318476,NA
41,1.6595948720191,1,5.49697224781687,5.49697224781687,2.40883977900552,1.80229021689244,NA
42,1.94073761908438,1,6.35429819472409,6.35429819472409,2.64864864864865,2.05979140983188,NA
43,2.00996740791193,1,6.50559100888419,6.50559100888419,2.61928934010152,2.00480034305082,NA
44,1.81251814404409,1,5.79955787613707,5.79955787613707,2.35208181154127,1.7245175448402,NA
45,2.21598384744849,1,7.00990038941784,7.00990038941784,2.6971586971587,2.03490629690491,NA
46,1.66087975901065,1,5.19438661949668,5.19438661949668,1.96190476190476,1.5167207060513,NA
47,1.90817313156328,1,5.9004197522438,5.9004197522438,2.07736207989854,1.66858189399058,NA
48,1.61648086029679,1,4.94223192922985,4.94223192922985,1.76576576576577,1.3836249166191,NA
49,1.88502450871574,1,5.69869600003033,5.69869600003033,2.07203667321545,1.69108813614109,NA
50,1.55203604417357,1,4.63964630090965,4.63964630090965,1.76559287183002,1.46307375855913,NA
51,1.3477138701497,1,3.9840441062159,3.9840441062159,1.4805890227577,1.15681726698786,NA
52,1.56981944926016,1,4.58921536285629,4.58921536285629,1.65239948119326,1.31492900005171,NA
53,0.819831905809381,1,2.37025408850819,2.37025408850819,0.915159944367177,0.700851630872065,NA
54,1.05822411825177,1,3.02585628320195,3.02585628320195,1.08387096774194,0.761308680455874,NA
55,0.873781003442948,1,2.47111596461492,2.47111596461492,0.96078431372549,0.718395513505057,NA
56,0.84735426917716,1,2.37025408850819,2.37025408850819,0.898293515358362,0.734333632627303,NA
57,0.929562045989647,1,2.57197784072166,2.57197784072166,0.975409836065574,0.725208817316871,NA
58,0.958148576049719,1,2.62240877877502,2.62240877877502,1.08333333333333,0.845072859274489,NA
59,1.09896273680541,1,2.97542534514858,2.97542534514858,1.26396327467483,0.954704402806241,NA
60,0.809619299443771,1,2.16853033629473,2.16853033629473,0.87627365356623,0.70569158953593,NA
61,1.16092334364826,1,3.07628722125531,3.07628722125531,1.33960784313725,1.06455087433438,NA
62,0.807911990013083,1,2.11809939824136,2.11809939824136,0.871111111111111,0.696531820600879,NA
63,1.32203923222048,1,3.42930378762887,3.42930378762887,1.40724316334072,1.14417256847939,NA
64,1.17892678492887,1,3.02585628320195,3.02585628320195,1.25279642058166,0.94819922600923,NA
65,1.0325674786882,1,2.62240877877502,2.62240877877502,1.05507246376812,0.822408057646547,NA
66,1.1437963461186,1,2.87456346904185,2.87456346904185,1.16581446311176,0.94681636359124,NA
67,1.05442344873668,1,2.62240877877502,2.62240877877502,1.03777619387028,0.925914162262459,NA
68,0.901532195767574,1,2.2189612743481,2.2189612743481,0.853185595567867,0.73658041175775,NA
69,0.89021056079826,1,2.16853033629473,2.16853033629473,0.86184681460272,0.73724366662279,NA
70,0.815761801661639,1,1.96680658408127,1.96680658408127,0.802351212343865,0.692072477286156,NA
71,1.09889249097196,1,2.62240877877502,2.62240877877502,1.07931801334322,0.948826974201002,NA
72,1.17421107010463,1,2.77370159293512,2.77370159293512,1.16755117513268,0.971875654084964,NA
73,1.27246402118795,1,2.97542534514858,2.97542534514858,1.24024024024024,1.02746021414079,NA
74,1.3507453926992,1,3.12671815930868,3.12671815930868,1.2561505065123,0.979041597021323,NA
75,1.32038181928431,1,3.02585628320195,3.02585628320195,1.2481426448737,1.0268298243171,NA
76,1.48925008079201,1,3.37887284957551,3.37887284957551,1.41052631578947,1.18004384590134,NA
77,1.48169653392782,1,3.32844191152214,3.32844191152214,1.42702702702703,1.16358516533134,NA
78,1.24703420881949,1,2.77370159293512,2.77370159293512,1.12408759124088,0.97397080408484,NA
79,1.41966363852363,1,3.12671815930868,3.12671815930868,1.26622902990518,1.04308281588932,NA
80,1.47989013500566,1,3.22758003541541,3.22758003541541,1.4557270511779,1.0562325544852,NA
81,1.14413916257035,1,2.47111596461492,2.47111596461492,1.05134099616858,0.817909394949741,NA
82,0.943090719622628,1,2.01723752213463,2.01723752213463,0.975609756097561,0.738792919423599,NA
83,0.976034988100093,1,2.067668460188,2.067668460188,1.01503094606543,0.651888831142635,NA
84,0.985441120827853,1,2.067668460188,2.067668460188,1.09646609360076,0.694488897358372,NA
85,0.970620056093535,1,2.01723752213463,2.01723752213463,0.99290780141844,0.656979093601142,NA
86,0.734903015353066,1,1.51292814160097,1.51292814160097,0.698254364089775,0.479292618560152,NA
87,0.642952067285531,1,1.31120438938751,1.31120438938751,0.592833876221498,0.424373721264433,NA
88,0.998478221765372,1,2.01723752213463,2.01723752213463,0.912052117263844,0.693066931048305,NA
89,0.45352503252277,1,0.907756884960584,0.907756884960584,0.405470635559131,0.325067681597903,NA
90,0.991791154566668,1,1.96680658408127,1.96680658408127,0.896551724137931,0.716269247519716,NA
91,0.898311925883659,1,1.7650828318678,1.7650828318678,0.922787193973635,0.677277510239432,NA
92,1.01019165903164,1,1.96680658408127,1.96680658408127,0.975,0.682700476956296,NA
93,1.01943679517392,1,1.96680658408127,1.96680658408127,0.91533948030176,0.700142821173484,NA
94,1.00233344736449,1,1.9163756460279,1.9163756460279,0.950848972296694,0.731703031115491,NA
95,1.33078497472546,1,2.52154690266829,2.52154690266829,1.20689655172414,0.928469677735349,NA
96,1.42330925269967,1,2.67283971682839,2.67283971682839,1.33213644524237,1.00134077680378,NA
97,1.54440063074008,1,2.87456346904185,2.87456346904185,1.33780385582565,1.07817562580427,NA
98,1.09340975908967,1,2.01723752213463,2.01723752213463,0.989399293286219,0.758385574679322,NA
99,1.15820690718091,1,2.11809939824136,2.11809939824136,1.02887139107612,0.792682580337928,NA
100,1.16835833820388,1,2.11809939824136,2.11809939824136,1.14619883040936,0.840915256602875,NA
101,1.31883507914772,1,2.37025408850819,2.37025408850819,1.30426164519326,0.98834622136937,NA
102,1.35854999087532,1,2.42068502656156,2.42068502656156,1.25023255813953,0.991196020605757,NA
103,1.59860073848476,1,2.82413253098848,2.82413253098848,1.49618320610687,1.15233547576965,NA
104,1.26677080681536,1,2.2189612743481,2.2189612743481,1.23076923076923,0.881458258853527,NA
105,1.5678635441767,1,2.72327065488175,2.72327065488175,1.45384615384615,1.06965790140601,NA
106,0.966213886219858,1,1.66422095576107,1.66422095576107,0.887608069164265,0.628118795588444,NA
107,1.21049690333176,1,2.067668460188,2.067668460188,1.08199811498586,0.801985155720199,NA
108,1.45872026566298,1,2.47111596461492,2.47111596461492,1.23826714801444,0.949513790844064,NA
109,1.11057873600955,1,1.86594470797453,1.86594470797453,0.98292220113852,0.686879482674731,NA
110,1.36178136201414,1,2.26939221240146,2.26939221240146,1.12099644128114,0.853088194781013,NA
111,1.52541367974188,1,2.52154690266829,2.52154690266829,1.21107266435986,0.937421137845957,NA
112,1.72228059872003,1,2.82413253098848,2.82413253098848,1.42805100182149,1.10295183695202,NA
113,1.33308564480686,1,2.16853033629473,2.16853033629473,1.14015151515152,0.803552416408105,NA
114,1.15621999428709,1,1.86594470797453,1.86594470797453,0.970037453183521,0.717336997390025,NA
115,1.29135956574245,1,2.067668460188,2.067668460188,0.996527777777778,0.775210309014853,NA
116,0.793603026756344,1,1.26077345133414,1.26077345133414,0.63752276867031,0.476794988577237,NA
117,1.34365559842751,1,2.11809939824136,2.11809939824136,0.97029702970297,0.763638361535354,NA
118,1.32182292065817,1,2.067668460188,2.067668460188,0.950331125827815,0.741550146482015,NA
119,1.59188472693272,1,2.47111596461492,2.47111596461492,1.10112359550562,0.892270102808902,NA
120,1.37488477510948,1,2.11809939824136,2.11809939824136,0.991568296795953,0.762009698857969,NA
121,1.35231449848145,1,2.067668460188,2.067668460188,1.05224564619615,0.795802610407354,NA
122,1.06339844033316,1,1.61379001770771,1.61379001770771,0.8,0.580736217137189,NA
123,1.23872618522272,1,1.86594470797453,1.86594470797453,0.930817610062893,0.728732199280775,NA
124,1.07926101814437,1,1.61379001770771,1.61379001770771,0.831168831168831,0.4968577296527,NA
125,1.25706150851978,1,1.86594470797453,1.86594470797453,0.936708860759494,0.727255438764774,NA
126,1.30044526019416,1,1.9163756460279,1.9163756460279,0.867862969004894,0.698955246914855,NA
127,1.37878815201241,1,2.01723752213463,2.01723752213463,1.01083032490975,0.75601782693939,NA
128,1.49283047441176,1,2.16853033629473,2.16853033629473,1.14015151515152,0.817345446085493,NA
129,1.36359864333282,1,1.96680658408127,1.96680658408127,1.02535211267606,0.770040398093079,NA
130,0.669007405007664,1,0.95818782301395,0.95818782301395,0.513,0.358511482505931,NA
131,1.134640158652,1,1.61379001770771,1.61379001770771,0.835589941972921,0.637703479135084,NA
132,1.17822562981835,1,1.66422095576107,1.66422095576107,0.924273858921162,0.723730724567358,NA
133,1.00659425084241,1,1.41206626549424,1.41206626549424,0.752988047808765,0.605290793779713,NA
134,1.04966778395973,1,1.46249720354761,1.46249720354761,0.773715415019763,0.604502083621776,NA
135,1.63983232435817,1,2.26939221240146,2.26939221240146,1.15165876777251,0.907882878846649,NA
136,1.17393920676823,1,1.61379001770771,1.61379001770771,0.797783933518006,0.668188278567333,NA
137,1.29255209089698,1,1.7650828318678,1.7650828318678,0.91747572815534,0.704377156285605,NA
138,1.5241368834734,1,2.067668460188,2.067668460188,0.950214592274678,0.751183475354039,NA
139,1.60895704085016,1,2.16853033629473,2.16853033629473,1.03660714285714,0.775514794201344,NA
140,1.05449790295945,1,1.41206626549424,1.41206626549424,0.74059003051882,0.511370931196724,NA
141,1.25080380989583,1,1.66422095576107,1.66422095576107,0.89937106918239,0.649567487333588,NA
142,1.22064316727,1,1.61379001770771,1.61379001770771,0.860392967942089,0.568706642078967,NA
143,1.3819130492079,1,1.81551376992117,1.81551376992117,0.859504132231405,0.631140967731268,NA
144,1.50646253051747,1,1.96680658408127,1.96680658408127,1.00595238095238,0.740301611086797,NA
145,1.59356284122539,1,2.067668460188,2.067668460188,1.01427212178877,0.709140619637249,NA
146,1.17320624711053,1,1.51292814160097,1.51292814160097,0.763956904995103,0.534321037608717,NA
147,0.708222340233598,1,0.907756884960584,0.907756884960584,0.448275862068965,0.311747117508418,NA
148,0.910427267899901,1,1.15991157522741,1.15991157522741,0.538738738738739,0.418300024535535,NA
149,1.07517178328273,1,1.36163532744088,1.36163532744088,0.635294117647059,0.462998089167669,NA
150,0.841214026273938,1,1.05904969912068,1.05904969912068,0.505087881591119,0.387464402920204,NA
151,0.805873438464705,1,1.00861876106732,1.00861876106732,0.482822655524605,0.352413683639111,NA
152,0.93216096818186,1,1.15991157522741,1.15991157522741,0.514187446259673,0.387582833915362,NA
153,0.896785685920898,1,1.10948063717405,1.10948063717405,0.49438202247191,0.37843100526194,NA
154,1.2708882038282,1,1.56335907965434,1.56335907965434,0.731397459165154,0.552050031880014,NA
155,1.2368681927733,1,1.51292814160097,1.51292814160097,0.76171875,0.57128503726202,NA
156,1.24381807525937,1,1.51292814160097,1.51292814160097,0.801644398766701,0.607194547008177,NA
157,1.54258034983328,1,1.86594470797453,1.86594470797453,0.937621832358674,0.66533297694312,NA
158,1.17379342939327,1,1.41206626549424,1.41206626549424,0.717213114754098,0.509025876231943,NA
159,1.98105382769824,1,2.37025408850819,2.37025408850819,1.15877712031558,0.873017943327787,NA
160,1.56798612645405,1,1.86594470797453,1.86594470797453,0.933400605449041,0.688168881013227,NA
161,1.32075314732127,1,1.56335907965434,1.56335907965434,0.828877005347594,0.569527197522226,NA
162,0.770955708329306,1,0.907756884960584,0.907756884960584,0.447761194029851,0.313056541501229,NA
163,0.64583672924601,1,0.756464070800487,0.756464070800487,0.380324543610548,0.256003748746695,NA
164,1.03871159081616,1,1.21034251328078,1.21034251328078,0.616649537512847,0.421311769059334,NA
165,1.21806881504191,1,1.41206626549424,1.41206626549424,0.686947988223749,0.474257816452565,NA
166,0.961932147871114,1,1.10948063717405,1.10948063717405,0.533980582524272,0.365858636952063,NA
167,0.00439448250106291,1,0.00504309380533658,0.00504309380533658,0,0,NA
168,0.00441643503242278,1,0.00504309380533658,0.00504309380533658,0,0,NA
169,0.00443827481308226,1,0.00504309380533658,0.00504309380533658,0,0,NA
170,0.00446000025029188,1,0.00504309380533658,0.00504309380533658,0,0,NA
171,0.00448160979374945,1,0.00504309380533658,0.00504309380533658,0,0,NA
172,0.0045031019358092,1,0.00504309380533658,0.00504309380533658,0,0,NA
173,0.00452447521166068,1,0.00504309380533658,0.00504309380533658,0,0,NA
174,0.00454572819947766,1,0.00504309380533658,0.00504309380533658,0,0,NA
175,0.00456685952053731,1,0.00504309380533658,0.00504309380533658,0,0,NA
176,0.00458786783931012,1,0.00504309380533658,0.00504309380533658,0,0,NA
177,0.00460875186352084,1,0.00504309380533658,0.00504309380533658,0,0,NA
178,0.00462951034418093,1,0.00504309380533658,0.00504309380533658,0,0,NA
179,0.00465014207559288,1,0.00504309380533658,0.00504309380533658,0,0,NA
180,0.00467064589532696,1,0.00504309380533658,0.00504309380533658,0,0,NA
181,0.00469102068417084,1,0.00504309380533658,0.00504309380533658,0,0,NA
182,0.00471126536605251,1,0.00504309380533658,0.00504309380533658,0,0,NA
183,0.00473137890793721,1,0.00504309380533658,0.00504309380533658,0,0,NA
184,0.00475136031969879,1,0.00504309380533658,0.00504309380533658,0,0,NA
185,0.00477120865396603,1,0.00504309380533658,0.00504309380533658,0,0,NA
186,0.0047909230059447,1,0.00504309380533658,0.00504309380533658,0,0,NA
187,0.00481050251321577,1,0.00504309380533658,0.00504309380533658,0,0,NA
188,0.00482994635551048,1,0.00504309380533658,0.00504309380533658,0,0,NA
189,0.0048492537544629,1,0.00504309380533658,0.00504309380533658,0,0,NA
190,0.00486842397334059,1,0.00504309380533658,0.00504309380533658,0,0,NA
191,0.00488745631675409,1,0.00504309380533658,0.00504309380533658,0,0,NA
192,0.0049063501303458,1,0.00504309380533658,0.00504309380533658,0,0,NA
193,0.00492510480045904,1,0.00504309380533658,0.00504309380533658,0,0,NA
194,0.00494371975378784,1,0.00504309380533658,0.00504309380533658,0,0,NA
195,0.00496219445700831,1,0.00504309380533658,0.00504309380533658,0,0,NA
196,0.00498052841639219,1,0.00504309380533658,0.00504309380533658,0,0,NA
197,0.00499872117740318,1,0.00504309380533658,0.00504309380533658,0,0,NA
198,0.005016772324277,1,0.00504309380533658,0.00504309380533658,0,0,NA
199,0.00503468147958569,1,0.00504309380533658,0.00504309380533658,0,0,NA
200,0.00505244830378684,1,0.00504309380533658,0.00504309380533658,0,0,NA
201,0.00507007249475862,1,0.00504309380533658,0.00504309380533658,0,0,NA
202,0.00508755378732114,1,0.00504309380533658,0.00504309380533658,0,0,NA
203,0.00510489195274496,1,0.00504309380533658,0.00504309380533658,0,0,NA
204,0.00512208679824731,1,0.00504309380533658,0.00504309380533658,0,0,NA
205,0.00513913816647691,1,0.00504309380533658,0.00504309380533658,0,0,NA
206,0.00515604593498787,1,0.00504309380533658,0.00504309380533658,0,0,NA
207,0.00517281001570348,1,0.00504309380533658,0.00504309380533658,0,0,NA
208,0.00518943035437055,1,0.00504309380533658,0.00504309380533658,0,0,NA
209,0.00520590693000488,1,0.00504309380533658,0.00504309380533658,0,0,NA
210,0.00522223975432866,1,0.00504309380533658,0.00504309380533658,0,0,NA
211,0.00523842887120031,1,0.00504309380533658,0.00504309380533658,0,0,NA
212,0.00525447435603752,1,0.00504309380533658,0.00504309380533658,0,0,NA
213,0.00527037631523399,1,0.00504309380533658,0.00504309380533658,0,0,NA
214,0.00528613488557066,1,0.00504309380533658,0.00504309380533658,0,0,NA
215,0.00530175023362186,1,0.00504309380533658,0.00504309380533658,0,0,NA
216,0.0053172225551571,1,0.00504309380533658,0.00504309380533658,0,0,NA
217,0.00533255207453903,1,0.00504309380533658,0.00504309380533658,0,0,NA
218,0.00534773904411817,1,0.00504309380533658,0.00504309380533658,0,0,NA
219,0.00536278374362495,1,0.00504309380533658,0.00504309380533658,0,0,NA
220,0.00537768647955963,1,0.00504309380533658,0.00504309380533658,0,0,NA
221,0.00539244758458058,1,0.00504309380533658,0.00504309380533658,0,0,NA
222,0.00540706741689152,1,0.00504309380533658,0.00504309380533658,0,0,NA
223,0.00542154635962812,1,0.00504309380533658,0.00504309380533658,0,0,NA
224,0.00543588482024461,1,0.00504309380533658,0.00504309380533658,0,0,NA
225,0.00545008322990069,1,0.00504309380533658,0.00504309380533658,0,0,NA
226,0.00546414204284933,1,0.00504309380533658,0.00504309380533658,0,0,NA
227,0.00547806173582586,1,0.00504309380533658,0.00504309380533658,0,0,NA
228,0.00549184280743879,1,0.00504309380533658,0.00504309380533658,0,0,NA
229,0.0055054857775628,1,0.00504309380533658,0.00504309380533658,0,0,NA
230,0.00551899118673423,1,0.00504309380533658,0.00504309380533658,0,0,NA
231,0.00553235959554959,1,0.00504309380533658,0.00504309380533658,0,0,NA
232,0.0055455915840673,1,0.00504309380533658,0.00504309380533658,0,0,NA
233,0.00555868775121316,1,0.00504309380533658,0.00504309380533658,0,0,NA
234,0.00557164871418979,1,0.00504309380533658,0.00504309380533658,0,0,NA
235,0.00558447510789045,1,0.00504309380533658,0.00504309380533658,0,0,NA
236,0.00559716758431751,1,0.00504309380533658,0.00504309380533658,0,0,NA
237,0.00560972681200585,1,0.00504309380533658,0.00504309380533658,0,0,NA
238,0.00562215347545154,1,0.00504309380533658,0.00504309380533658,0,0,NA
239,0.00563444827454601,1,0.00504309380533658,0.00504309380533658,0,0,NA
240,0.00564661192401598,1,0.00504309380533658,0.00504309380533658,0,0,NA
241,0.00565864515286945,1,0.00504309380533658,0.00504309380533658,0,0,NA
242,0.00567054870384789,1,0.00504309380533658,0.00504309380533658,0,0,NA
243,0.00568232333288487,1,0.00504309380533658,0.00504309380533658,0,0,NA
244,0.00569396980857145,1,0.00504309380533658,0.00504309380533658,0,0,NA
245,0.0057054889116283,1,0.00504309380533658,0.00504309380533658,0,0,NA
246,0.00571688143438493,1,0.00504309380533658,0.00504309380533658,0,0,NA
247,0.0057281481802661,1,0.00504309380533658,0.00504309380533658,0,0,NA
248,0.00573928996328554,1,0.00504309380533658,0.00504309380533658,0,0,NA
249,0.00575030760754722,1,0.00504309380533658,0.00504309380533658,0,0,NA
250,0.00576120194675418,1,0.00504309380533658,0.00504309380533658,0,0,NA
251,0.00577197382372512,1,0.00504309380533658,0.00504309380533658,0,0,NA
252,0.00578262408991884,1,0.00504309380533658,0.00504309380533658,0,0,NA
253,0.00579315360496658,1,0.00504309380533658,0.00504309380533658,0,0,NA
254,0.00580356323621244,1,0.00504309380533658,0.00504309380533658,0,0,NA
255,0.00581385385826181,1,0.00504309380533658,0.00504309380533658,0,0,NA
256,0.00582402635253809,1,0.00504309380533658,0.00504309380533658,0,0,NA
257,0.00583408160684746,1,0.00504309380533658,0.00504309380533658,0,0,NA
258,0.0058440205149521,1,0.00504309380533658,0.00504309380533658,0,0,NA
259,0.00585384397615155,1,0.00504309380533658,0.00504309380533658,0,0,NA
260,0.00586355289487246,1,0.00504309380533658,0.00504309380533658,0,0,NA
261,0.00587314818026675,1,0.00504309380533658,0.00504309380533658,0,0,NA
262,0.00588263074581804,1,0.00504309380533658,0.00504309380533658,0,0,NA
263,0.00589200150895649,1,0.00504309380533658,0.00504309380533658,0,0,NA
264,0.00590126139068196,1,0.00504309380533658,0.00504309380533658,0,0,NA
265,0.00591041131519564,1,0.00504309380533658,0.00504309380533658,0,0,NA
266,0.00591945220953985,1,0.00504309380533658,0.00504309380533658,0,0,NA
267,0.00592838500324627,1,0.00504309380533658,0.00504309380533658,0,0,NA
268,0.00593721062799242,1,0.00504309380533658,0.00504309380533658,0,0,NA
269,0.00594593001726636,1,0.00504309380533658,0.00504309380533658,0,0,NA
270,0.00595454410603964,1,0.00504309380533658,0.00504309380533658,0,0,NA
271,0.00596305383044835,1,0.00504309380533658,0.00504309380533658,0,0,NA
272,0.00597146012748234,1,0.00504309380533658,0.00504309380533658,0,0,NA
273,0.00597976393468238,1,0.00504309380533658,0.00504309380533658,0,0,NA
274,0.00598796618984547,1,0.00504309380533658,0.00504309380533658,0,0,NA
275,0.00599606783073786,1,0.00504309380533658,0.00504309380533658,0,0,NA
276,0.00600406979481612,1,0.00504309380533658,0.00504309380533658,0,0,NA
277,0.00601197301895581,1,0.00504309380533658,0.00504309380533658,0,0,NA
278,0.00601977843918796,1,0.00504309380533658,0.00504309380533658,0,0,NA
279,0.0060274869904431,1,0.00504309380533658,0.00504309380533658,0,0,NA
280,0.00603509960630284,1,0.00504309380533658,0.00504309380533658,0,0,NA
281,0.0060426172187589,1,0.00504309380533658,0.00504309380533658,0,0,NA
282,0.00605004075797939,1,0.00504309380533658,0.00504309380533658,0,0,NA
283,0.00605737115208253,1,0.00504309380533658,0.00504309380533658,0,0,NA
284,0.00606460932691733,1,0.00504309380533658,0.00504309380533658,0,0,NA
285,0.00607175620585146,1,0.00504309380533658,0.00504309380533658,0,0,NA
286,0.00607881270956598,1,0.00504309380533658,0.00504309380533658,0,0,NA
287,0.00608577975585705,1,0.00504309380533658,0.00504309380533658,0,0,NA
288,0.00609265825944426,1,0.00504309380533658,0.00504309380533658,0,0,NA
289,0.00609944913178572,1,0.00504309380533658,0.00504309380533658,0,0,NA
290,0.00610615328089957,1,0.00504309380533658,0.00504309380533658,0,0,NA
291,0.00611277161119205,1,0.00504309380533658,0.00504309380533658,0,0,NA
292,0.00611930502329183,1,0.00504309380533658,0.00504309380533658,0,0,NA
293,0.00612575441389052,1,0.00504309380533658,0.00504309380533658,0,0,NA
294,0.00613212067558938,1,0.00504309380533658,0.00504309380533658,0,0,NA
295,0.00613840469675192,1,0.00504309380533658,0.00504309380533658,0,0,NA
296,0.00614460736136248,1,0.00504309380533658,0.00504309380533658,0,0,NA
297,0.00615072954889047,1,0.00504309380533658,0.00504309380533658,0,0,NA
298,0.00615677213416043,1,0.00504309380533658,0.00504309380533658,0,0,NA
299,0.00616273598722743,1,0.00504309380533658,0.00504309380533658,0,0,NA
300,0.00616862197325811,1,0.00504309380533658,0.00504309380533658,0,0,NA
301,0.0061744309524169,1,0.00504309380533658,0.00504309380533658,0,0,NA
302,0.00618016377975752,1,0.00504309380533658,0.00504309380533658,0,0,NA
303,0.00618582130511955,1,0.00504309380533658,0.00504309380533658,0,0,NA
304,0.00619140437303007,1,0.00504309380533658,0.00504309380533658,0,0,NA
305,0.00619691382261002,1,0.00504309380533658,0.00504309380533658,0,0,NA
306,0.00620235048748553,1,0.00504309380533658,0.00504309380533658,0,0,NA
307,0.00620771519570375,1,0.00504309380533658,0.00504309380533658,0,0,NA
308,0.00621300876965332,1,0.00504309380533658,0.00504309380533658,0,0,NA
309,0.00621823202598928,1,0.00504309380533658,0.00504309380533658,0,0,NA
310,0.00622338577556229,1,0.00504309380533658,0.00504309380533658,0,0,NA
311,0.00622847082335211,1,0.00504309380533658,0.00504309380533658,0,0,NA
312,0.00623348796840519,1,0.00504309380533658,0.00504309380533658,0,0,NA
313,0.00623843800377634,1,0.00504309380533658,0.00504309380533658,0,0,NA
314,0.00624332171647424,1,0.00504309380533658,0.00504309380533658,0,0,NA
315,0.00624813988741085,1,0.00504309380533658,0.00504309380533658,0,0,NA
316,0.00625289329135451,1,0.00504309380533658,0.00504309380533658,0,0,NA
317,0.00625758269688666,1,0.00504309380533658,0.00504309380533658,0,0,NA
318,0.00626220886636209,1,0.00504309380533658,0.00504309380533658,0,0,NA
319,0.00626677255587265,1,0.00504309380533658,0.00504309380533658,0,0,NA
320,0.00627127451521425,1,0.00504309380533658,0.00504309380533658,0,0,NA
321,0.00627571548785713,1,0.00504309380533658,0.00504309380533658,0,0,NA
322,0.00628009621091927,1,0.00504309380533658,0.00504309380533658,0,0,NA
323,0.00628441741514288,1,0.00504309380533658,0.00504309380533658,0,0,NA
324,0.00628867982487379,1,0.00504309380533658,0.00504309380533658,0,0,NA
325,0.00629288415804383,1,0.00504309380533658,0.00504309380533658,0,0,NA
326,0.00629703112615591,1,0.00504309380533658,0.00504309380533658,0,0,NA
327,0.00630112143427184,1,0.00504309380533658,0.00504309380533658,0,0,NA
328,0.00630515578100278,1,0.00504309380533658,0.00504309380533658,0,0,NA
329,0.00630913485850227,1,0.00504309380533658,0.00504309380533658,0,0,NA
330,0.00631305935246158,1,0.00504309380533658,0.00504309380533658,0,0,NA
331,0.00631692994210767,1,0.00504309380533658,0.00504309380533658,0,0,NA
332,0.00632074730020321,1,0.00504309380533658,0.00504309380533658,0,0,NA
333,0.00632451209304903,1,0.00504309380533658,0.00504309380533658,0,0,NA
334,0.00632822498048857,1,0.00504309380533658,0.00504309380533658,0,0,NA
335,0.00633188661591451,1,0.00504309380533658,0.00504309380533658,0,0,NA
336,0.00633549764627736,1,0.00504309380533658,0.00504309380533658,0,0,NA
337,0.00633905871209602,1,0.00504309380533658,0.00504309380533658,0,0,NA
338,0.00634257044747011,1,0.00504309380533658,0.00504309380533658,0,0,NA
339,0.00634603348009427,1,0.00504309380533658,0.00504309380533658,0,0,NA
340,0.00634944843127401,1,0.00504309380533658,0.00504309380533658,0,0,NA
341,0.00635281591594337,1,0.00504309380533658,0.00504309380533658,0,0,NA
342,0.00635613654268409,1,0.00504309380533658,0.00504309380533658,0,0,NA
343,0.00635941091374637,1,0.00504309380533658,0.00504309380533658,0,0,NA
344,0.00636263962507113,1,0.00504309380533658,0.00504309380533658,0,0,NA
345,0.00636582326631361,1,0.00504309380533658,0.00504309380533658,0,0,NA
346,0.00636896242086842,1,0.00504309380533658,0.00504309380533658,0,0,NA
347,0.00637205766589589,1,0.00504309380533658,0.00504309380533658,0,0,NA
348,0.00637510957234959,1,0.00504309380533658,0.00504309380533658,0,0,NA
349,0.00637811870500518,1,0.00504309380533658,0.00504309380533658,0,0,NA
350,0.00638108562249028,1,0.00504309380533658,0.00504309380533658,0,0,NA
351,0.00638401087731553,1,0.00504309380533658,0.00504309380533658,0,0,NA
352,0.00638689501590664,1,0.00504309380533658,0.00504309380533658,0,0,NA
353,0.00638973857863746,1,0.00504309380533658,0.00504309380533658,0,0,NA
354,0.00639254209986402,1,0.00504309380533658,0.00504309380533658,0,0,NA
355,0.00639530610795941,1,0.00504309380533658,0.00504309380533658,0,0,NA
356,0.00639803112534961,1,0.00504309380533658,0.00504309380533658,0,0,NA
357,0.00640071766855003,1,0.00504309380533658,0.00504309380533658,0,0,NA
358,0.00640336624820293,1,0.00504309380533658,0.00504309380533658,0,0,NA
359,0.00640597736911551,1,0.00504309380533658,0.00504309380533658,0,0,NA
360,0.00640855153029867,1,0.00504309380533658,0.00504309380533658,0,0,NA
361,0.0064110892250065,1,0.00504309380533658,0.00504309380533658,0,0,NA
362,0.00641359094077629,1,0.00504309380533658,0.00504309380533658,0,0,NA
363,0.00641605715946921,1,0.00504309380533658,0.00504309380533658,0,0,NA
364,0.00641848835731148,1,0.00504309380533658,0.00504309380533658,0,0,NA
365,0.00642088500493602,1,0.00504309380533658,0.00504309380533658,0,0,NA
366,0.00642324756742465,1,0.00504309380533658,0.00504309380533658,0,0,NA
367,0.00642557650435067,1,0.00504309380533658,0.00504309380533658,0,0,NA
368,0.00642787226982184,1,0.00504309380533658,0.00504309380533658,0,0,NA
369,0.00643013531252381,1,0.00504309380533658,0.00504309380533658,0,0,NA
370,0.00643236607576383,1,0.00504309380533658,0.00504309380533658,0,0,NA
371,0.00643456499751477,1,0.00504309380533658,0.00504309380533658,0,0,NA
372,0.00643673251045952,1,0.00504309380533658,0.00504309380533658,0,0,NA
373,0.00643886904203554,1,0.00504309380533658,0.00504309380533658,0,0,NA
374,0.0064409750144797,1,0.00504309380533658,0.00504309380533658,0,0,NA
375,0.00644305084487339,1,0.00504309380533658,0.00504309380533658,0,0,NA
376,0.00644509694518767,1,0.00504309380533658,0.00504309380533658,0,0,NA
377,0.00644711372232877,1,0.00504309380533658,0.00504309380533658,0,0,NA
378,0.00644910157818354,1,0.00504309380533658,0.00504309380533658,0,0,NA
379,0.00645106090966517,1,0.00504309380533658,0.00504309380533658,0,0,NA
380,0.00645299210875891,1,0.00504309380533658,0.00504309380533658,0,0,NA
381,0.00645489556256793,1,0.00504309380533658,0.00504309380533658,0,0,NA
382,0.0064567716533592,1,0.00504309380533658,0.00504309380533658,0,0,NA
383,0.0064586207586094,1,0.00504309380533658,0.00504309380533658,0,0,NA
384,0.00646044325105086,1,0.00504309380533658,0.00504309380533658,0,0,NA
385,0.00646223949871753,1,0.00504309380533658,0.00504309380533658,0,0,NA
386,0.00646400986499089,1,0.00504309380533658,0.00504309380533658,0,0,NA
387,0.00646575470864581,1,0.00504309380533658,0.00504309380533658,0,0,NA
388,0.00646747438389646,1,0.00504309380533658,0.00504309380533658,0,0,NA
389,0.00646916924044201,1,0.00504309380533658,0.00504309380533658,0,0,NA
390,0.00647083962351237,1,0.00504309380533658,0.00504309380533658,0,0,NA
391,0.0064724858739138,1,0.00504309380533658,0.00504309380533658,0,0,NA
392,0.00647410832807435,1,0.00504309380533658,0.00504309380533658,0,0,NA
393,0.0064757073180893,1,0.00504309380533658,0.00504309380533658,0,0,NA
394,0.00647728317176634,1,0.00504309380533658,0.00504309380533658,0,0,NA
395,0.00647883621267071,1,0.00504309380533658,0.00504309380533658,0,0,NA
396,0.00648036676017011,1,0.00504309380533658,0.00504309380533658,0,0,NA
397,0.00648187512947948,1,0.00504309380533658,0.00504309380533658,0,0,NA
398,0.00648336163170557,1,0.00504309380533658,0.00504309380533658,0,0,NA
399,0.00648482657389136,1,0.00504309380533658,0.00504309380533658,0,0,NA
400,0.00648627025906028,1,0.00504309380533658,0.00504309380533658,0,0,NA
401,0.00648769298626017,1,0.00504309380533658,0.00504309380533658,0,0,NA
402,0.00648909505060705,1,0.00504309380533658,0.00504309380533658,0,0,NA
403,0.00649047674332875,1,0.00504309380533658,0.00504309380533658,0,0,NA
404,0.00649183835180814,1,0.00504309380533658,0.00504309380533658,0,0,NA
405,0.00649318015962627,1,0.00504309380533658,0.00504309380533658,0,0,NA
406,0.00649450244660517,1,0.00504309380533658,0.00504309380533658,0,0,NA
407,0.00649580548885048,1,0.00504309380533658,0.00504309380533658,0,0,NA
408,0.00649708955879371,1,0.00504309380533658,0.00504309380533658,0,0,NA
409,0.00649835492523434,1,0.00504309380533658,0.00504309380533658,0,0,NA
410,0.00649960185338157,1,0.00504309380533658,0.00504309380533658,0,0,NA
411,0.00650083060489585,1,0.00504309380533658,0.00504309380533658,0,0,NA
412,0.00650204143793009,1,0.00504309380533658,0.00504309380533658,0,0,NA
413,0.00650323460717059,1,0.00504309380533658,0.00504309380533658,0,0,NA
414,0.00650441036387769,1,0.00504309380533658,0.00504309380533658,0,0,NA
415,0.0065055689559261,1,0.00504309380533658,0.00504309380533658,0,0,NA
416,0.00650671062784497,1,0.00504309380533658,0.00504309380533658,0,0,NA
417,0.00650783562085761,1,0.00504309380533658,0.00504309380533658,0,0,NA
418,0.00650894417292094,1,0.00504309380533658,0.00504309380533658,0,0,NA
419,0.00651003651876458,1,0.00504309380533658,0.00504309380533658,0,0,NA
420,0.00651111288992972,1,0.00504309380533658,0.00504309380533658,0,0,NA
421,0.00651217351480755,1,0.00504309380533658,0.00504309380533658,0,0,NA
422,0.00651321861867749,1,0.00504309380533658,0.00504309380533658,0,0,NA
423,0.00651424842374501,1,0.00504309380533658,0.00504309380533658,0,0,NA
424,0.00651526314917916,1,0.00504309380533658,0.00504309380533658,0,0,NA
425,0.00651626301114983,1,0.00504309380533658,0.00504309380533658,0,0,NA
426,0.00651724822286455,1,0.00504309380533658,0.00504309380533658,0,0,NA
427,0.00651821899460512,1,0.00504309380533658,0.00504309380533658,0,0,NA
428,0.0065191755337638,1,0.00504309380533658,0.00504309380533658,0,0,NA
429,0.0065201180448792,1,0.00504309380533658,0.00504309380533658,0,0,NA
430,0.00652104672967186,1,0.00504309380533658,0.00504309380533658,0,0,NA
431,0.0065219617870795,1,0.00504309380533658,0.00504309380533658,0,0,NA
432,0.00652286341329188,1,0.00504309380533658,0.00504309380533658,0,0,NA
433,0.00652375180178542,1,0.00504309380533658,0.00504309380533658,0,0,NA
434,0.00652462714335739,1,0.00504309380533658,0.00504309380533658,0,0,NA
435,0.00652548962615985,1,0.00504309380533658,0.00504309380533658,0,0,NA
436,0.00652633943573321,1,0.00504309380533658,0.00504309380533658,0,0,NA
437,0.00652717675503947,1,0.00504309380533658,0.00504309380533658,0,0,NA
438,0.00652800176449512,1,0.00504309380533658,0.00504309380533658,0,0,NA
439,0.00652881464200374,1,0.00504309380533658,0.00504309380533658,0,0,NA
440,0.00652961556298822,1,0.00504309380533658,0.00504309380533658,0,0,NA
441,0.00653040470042269,1,0.00504309380533658,0.00504309380533658,0,0,NA
442,0.0065311822248641,1,0.00504309380533658,0.00504309380533658,0,0,NA
443,0.00653194830448346,1,0.00504309380533658,0.00504309380533658,0,0,NA
444,0.00653270310509679,1,0.00504309380533658,0.00504309380533658,0,0,NA
445,0.00653344679019573,1,0.00504309380533658,0.00504309380533658,0,0,NA
446,0.00653417952097776,1,0.00504309380533658,0.00504309380533658,0,0,NA
447,0.00653490145637621,1,0.00504309380533658,0.00504309380533658,0,0,NA
448,0.00653561275308985,1,0.00504309380533658,0.00504309380533658,0,0,NA
449,0.00653631356561222,1,0.00504309380533658,0.00504309380533658,0,0,NA
450,0.00653700404626058,1,0.00504309380533658,0.00504309380533658,0,0,NA
451,0.0065376843452046,1,0.00504309380533658,0.00504309380533658,0,0,NA
452,0.00653835461049469,1,0.00504309380533658,0.00504309380533658,0,0,NA
453,0.00653901498809004,1,0.00504309380533658,0.00504309380533658,0,0,NA
454,0.00653966562188636,1,0.00504309380533658,0.00504309380533658,0,0,NA
455,0.00654030665374321,1,0.00504309380533658,0.00504309380533658,0,0,NA
456,0.00654093822351118,1,0.00504309380533658,0.00504309380533658,0,0,NA
457,0.0065415604690586,1,0.00504309380533658,0.00504309380533658,0,0,NA
458,0.00654217352629809,1,0.00504309380533658,0.00504309380533658,0,0,NA
459,0.00654277752921266,1,0.00504309380533658,0.00504309380533658,0,0,NA
460,0.00654337260988161,1,0.00504309380533658,0.00504309380533658,0,0,NA
461,0.00654395889850611,1,0.00504309380533658,0.00504309380533658,0,0,NA
462,0.00654453652343446,1,0.00504309380533658,0.00504309380533658,0,0,NA
463,0.00654510561118706,1,0.00504309380533658,0.00504309380533658,0,0,NA
464,0.00654566628648106,1,0.00504309380533658,0.00504309380533658,0,0,NA
465,0.00654621867225479,1,0.00504309380533658,0.00504309380533658,0,0,NA
466,0.00654676288969183,1,0.00504309380533658,0.00504309380533658,0,0,NA
467,0.00654729905824484,1,0.00504309380533658,0.00504309380533658,0,0,NA
468,0.00654782729565902,1,0.00504309380533658,0.00504309380533658,0,0,NA
469,0.00654834771799542,1,0.00504309380533658,0.00504309380533658,0,0,NA
470,0.00654886043965386,1,0.00504309380533658,0.00504309380533658,0,0,NA
471,0.0065493655733956,1,0.00504309380533658,0.00504309380533658,0,0,NA
472,0.00654986323036576,1,0.00504309380533658,0.00504309380533658,0,0,NA
473,0.00655035352011543,1,0.00504309380533658,0.00504309380533658,0,0,NA
474,0.00655083655062353,1,0.00504309380533658,0.00504309380533658,0,0,NA
475,0.0065513124283184,1,0.00504309380533658,0.00504309380533658,0,0,NA
476,0.00655178125809912,1,0.00504309380533658,0.00504309380533658,0,0,NA
477,0.00655224314335653,1,0.00504309380533658,0.00504309380533658,0,0,NA
478,0.00655269818599408,1,0.00504309380533658,0.00504309380533658,0,0,NA
479,0.00655314648644831,1,0.00504309380533658,0.00504309380533658,0,0,NA
480,0.00655358814370913,1,0.00504309380533658,0.00504309380533658,0,0,NA
481,0.00655402325533988,1,0.00504309380533658,0.00504309380533658,0,0,NA
482,0.00655445191749702,1,0.00504309380533658,0.00504309380533658,0,0,NA
483,0.00655487422494973,1,0.00504309380533658,0.00504309380533658,0,0,NA
484,0.00655529027109913,1,0.00504309380533658,0.00504309380533658,0,0,NA
485,0.0065557001479973,1,0.00504309380533658,0.00504309380533658,0,0,NA
486,0.00655610394636607,1,0.00504309380533658,0.00504309380533658,0,0,NA
487,0.00655650175561557,1,0.00504309380533658,0.00504309380533658,0,0,NA
488,0.00655689366386252,1,0.00504309380533658,0.00504309380533658,0,0,NA
489,0.0065572797579483,1,0.00504309380533658,0.00504309380533658,0,0,NA
490,0.00655766012345678,1,0.00504309380533658,0.00504309380533658,0,0,NA
491,0.00655803484473192,1,0.00504309380533658,0.00504309380533658,0,0,NA
492,0.00655840400489515,1,0.00504309380533658,0.00504309380533658,0,0,NA
493,0.00655876768586252,1,0.00504309380533658,0.00504309380533658,0,0,NA
494,0.00655912596836161,1,0.00504309380533658,0.00504309380533658,0,0,NA
495,0.00655947893194826,1,0.00504309380533658,0.00504309380533658,0,0,NA
496,0.00655982665502302,1,0.00504309380533658,0.00504309380533658,0,0,NA
497,0.00656016921484747,1,0.00504309380533658,0.00504309380533658,0,0,NA
498,0.0065605066875602,1,0.00504309380533658,0.00504309380533658,0,0,NA
499,0.00656083914819272,1,0.00504309380533658,0.00504309380533658,0,0,NA
500,0.00656116667068508,1,0.00504309380533658,0.00504309380533658,0,0,NA
501,0.00656148932790128,1,0.00504309380533658,0.00504309380533658,0,0,NA
502,0.00656180719164447,1,0.00504309380533658,0.00504309380533658,0,0,NA
503,0.00656212033267205,1,0.00504309380533658,0.00504309380533658,0,0,NA
504,0.00656242882071039,1,0.00504309380533658,0.00504309380533658,0,0,NA
505,0.00656273272446954,1,0.00504309380533658,0.00504309380533658,0,0,NA
506,0.0065630321116576,1,0.00504309380533658,0.00504309380533658,0,0,NA
507,0.00656332704899498,1,0.00504309380533658,0.00504309380533658,0,0,NA
508,0.00656361760222843,1,0.00504309380533658,0.00504309380533658,0,0,NA
509,0.00656390383614489,1,0.00504309380533658,0.00504309380533658,0,0,NA
510,0.00656418581458519,1,0.00504309380533658,0.00504309380533658,0,0,NA
511,0.00656446360045749,1,0.00504309380533658,0.00504309380533658,0,0,NA
512,0.00656473725575061,1,0.00504309380533658,0.00504309380533658,0,0,NA
513,0.00656500684154713,1,0.00504309380533658,0.00504309380533658,0,0,NA
514,0.00656527241803635,1,0.00504309380533658,0.00504309380533658,0,0,NA
515,0.00656553404452707,1,0.00504309380533658,0.00504309380533658,0,0,NA
516,0.00656579177946013,1,0.00504309380533658,0.00504309380533658,0,0,NA
517,0.00656604568042089,1,0.00504309380533658,0.00504309380533658,0,0,NA
518,0.00656629580415145,1,0.00504309380533658,0.00504309380533658,0,0,NA
519,0.00656654220656276,1,0.00504309380533658,0.00504309380533658,0,0,NA
520,0.0065667849427465,1,0.00504309380533658,0.00504309380533658,0,0,NA
521,0.00656702406698687,1,0.00504309380533658,0.00504309380533658,0,0,NA
522,0.0065672596327722,1,0.00504309380533658,0.00504309380533658,0,0,NA
523,0.00656749169280631,1,0.00504309380533658,0.00504309380533658,0,0,NA
524,0.0065677202990199,1,0.00504309380533658,0.00504309380533658,0,0,NA
525,0.00656794550258156,1,0.00504309380533658,0.00504309380533658,0,0,NA
526,0.00656816735390884,1,0.00504309380533658,0.00504309380533658,0,0,NA
527,0.00656838590267897,1,0.00504309380533658,0.00504309380533658,0,0,NA
528,0.00656860119783962,1,0.00504309380533658,0.00504309380533658,0,0,NA
529,0.00656881328761937,1,0.00504309380533658,0.00504309380533658,0,0,NA
530,0.00656902221953808,1,0.00504309380533658,0.00504309380533658,0,0,NA
531,0.00656922804041715,1,0.00504309380533658,0.00504309380533658,0,0,NA
532,0.00656943079638959,1,0.00504309380533658,0.00504309380533658,0,0,NA
533,0.00656963053290995,1,0.00504309380533658,0.00504309380533658,0,0,NA
534,0.00656982729476419,1,0.00504309380533658,0.00504309380533658,0,0,NA
535,0.00657002112607929,1,0.00504309380533658,0.00504309380533658,0,0,NA
536,0.0065702120703328,1,0.00504309380533658,0.00504309380533658,0,0,NA
537,0.00657040017036228,1,0.00504309380533658,0.00504309380533658,0,0,NA
538,0.00657058546837452,1,0.00504309380533658,0.00504309380533658,0,0,NA
539,0.00657076800595475,1,0.00504309380533658,0.00504309380533658,0,0,NA
540,0.00657094782407557,1,0.00504309380533658,0.00504309380533658,0,0,NA
541,0.0065711249631059,1,0.00504309380533658,0.00504309380533658,0,0,NA
542,0.00657129946281974,1,0.00504309380533658,0.00504309380533658,0,0,NA
543,0.00657147136240478,1,0.00504309380533658,0.00504309380533658,0,0,NA
544,0.00657164070047092,1,0.00504309380533658,0.00504309380533658,0,0,NA
545,0.00657180751505871,1,0.00504309380533658,0.00504309380533658,0,0,NA
546,0.00657197184364759,1,0.00504309380533658,0.00504309380533658,0,0,NA
547,0.00657213372316404,1,0.00504309380533658,0.00504309380533658,0,0,NA
548,0.00657229318998968,1,0.00504309380533658,0.00504309380533658,0,0,NA
549,0.00657245027996916,1,0.00504309380533658,0.00504309380533658,0,0,NA
550,0.006572605028418,1,0.00504309380533658,0.00504309380533658,0,0,NA
551,0.00657275747013029,1,0.00504309380533658,0.00504309380533658,0,0,NA
552,0.00657290763938629,1,0.00504309380533658,0.00504309380533658,0,0,NA
553,0.00657305556995996,1,0.00504309380533658,0.00504309380533658,0,0,NA
554,0.00657320129512626,1,0.00504309380533658,0.00504309380533658,0,0,NA
555,0.00657334484766854,1,0.00504309380533658,0.00504309380533658,0,0,NA
556,0.00657348625988564,1,0.00504309380533658,0.00504309380533658,0,0,NA
557,0.00657362556359899,1,0.00504309380533658,0.00504309380533658,0,0,NA
558,0.00657376279015959,1,0.00504309380533658,0.00504309380533658,0,0,NA
559,0.00657389797045488,1,0.00504309380533658,0.00504309380533658,0,0,NA
560,0.233525742357909,2,0.566096108538881,0.53359771566482,0.115702479338843,0.0912766480515793,0.436978182224289
561,0.217080184605037,2,0.511033528480516,0.479130085647252,0.129722024233785,0.102015509419496,0.436978182224289
562,0.249971495900532,2,0.572986183369395,0.534620656755981,0.14246947082768,0.113100055729181,0.436978182224289
563,0.233525936205893,2,0.520309297012945,0.483560766284865,0.127853881278539,0.0972859227970328,0.436978182224289
564,0.21708037556198,2,0.469992710439372,0.435628249973072,0.11957950065703,0.0936283804336751,0.436978182224289
565,0.151297943956391,2,0.316957829590412,0.29354219625825,0.0863605209047293,0.0655184865241518,0.436978182224289
566,0.249971744851315,2,0.511202329283549,0.473735306201163,0.137075718015666,0.0996181867247315,0.436978182224289
567,0.266417428127833,2,0.528821421647279,0.491280202387689,0.151761517615176,0.102579288736705,0.436978182224289
568,0.249971863825975,2,0.480920349292829,0.448489638496709,0.141604855023601,0.101130038266826,0.436978182224289
569,0.249971921985571,2,0.466283864829463,0.436952616635631,0.146648044692737,0.0914858283286553,0.436978182224289
570,0.233526355935378,2,0.422151660657234,0.397836429020538,0.137447405329593,0.0986647787265513,0.436978182224289
571,0.33220015242571,2,0.58394683518909,0.553568821587284,0.197183098591549,0.14644249773792,0.436978182224289
572,0.315754584678838,2,0.538747678410857,0.51373765918376,0.187588152327221,0.130893301176796,0.436978182224289
573,0.332200262786871,2,0.55114502777923,0.528431828567233,0.192175703500343,0.136408795562287,0.436978182224289
574,0.299309070051281,2,0.483046314409453,0.46545020383844,0.174033149171271,0.131895896627261,0.436978182224289
575,0.315754746537285,2,0.496735752137063,0.48079343381508,0.196891191709845,0.141182935692597,0.436978182224289
576,0.332200422230339,2,0.509994130086561,0.495628919308537,0.201005025125628,0.149187710218403,0.436978182224289
577,0.430874213853128,2,0.646799706862462,0.630835250308183,0.268436578171091,0.194228591119903,0.436978182224289
578,0.299309277915956,2,0.438570618887383,0.429159822542066,0.179359430604982,0.133660720178183,0.436978182224289
579,0.315754951300308,2,0.452757045889427,0.444507657432897,0.186535764375877,0.145516155338538,0.436978182224289
580,0.282863753911374,2,0.396700820117928,0.390892305811692,0.163461538461538,0.129175406275285,0.436978182224289
581,0.365091919182026,2,0.501803312710863,0.496410348833898,0.210095497953615,0.172146306886683,0.436978182224289
582,0.463765707070169,2,0.624807506827639,0.62058256474961,0.268677176148047,0.217440613292137,0.436978182224289
583,0.447320130849198,2,0.590596531793149,0.588867084945503,0.267326732673267,0.200767507326776,0.436978182224289
584,0.299309567187572,2,0.386972710423413,0.387308729413909,0.17671809256662,0.133968003571252,0.436978182224289
585,0.332200859597093,2,0.421513696988145,0.423606945254729,0.199288256227758,0.153600850899835,0.436978182224289
586,0.463765891377206,2,0.57799828474131,0.583441838235577,0.29101707498144,0.203401218088963,0.436978182224289
587,0.447320312405454,2,0.547138635483309,0.554801678509511,0.28421052631579,0.199808888952124,0.436978182224289
588,0.233527252665326,2,0.279774917195716,0.284991611688495,0.14540059347181,0.103940904383188,0.436978182224289
589,0.332201035774119,2,0.391527546904564,0.400745816009313,0.211161387631976,0.156802537313854,0.436978182224289
590,0.463766064924578,2,0.537910368752927,0.552957635795462,0.296296296296296,0.217458223434018,0.436978182224289
591,0.562439846757579,2,0.642825796281538,0.662713393442845,0.347191830780452,0.250896554888269,0.436978182224289
592,0.529548641229507,2,0.597634745285753,0.616521662098297,0.349181605611847,0.243389816116915,0.436978182224289
593,0.529548681771407,2,0.591939582531817,0.609501569482768,0.327724945135333,0.250714037902383,0.436978182224289
594,0.496657475023735,2,0.5513964499016,0.565283052607014,0.300859598853868,0.223123831402282,0.436978182224289
595,0.381538150968987,2,0.421565552621335,0.429372935830389,0.249419054996127,0.180685606088401,0.436978182224289
596,0.5459944231439,2,0.60248924140319,0.608657477485166,0.341715976331361,0.266016465611576,0.436978182224289
597,0.463766344607627,2,0.511400781853261,0.511708779596412,0.285714285714286,0.210461072597913,0.436978182224289
598,0.447320758870119,2,0.493650333577975,0.48881413322563,0.276315789473684,0.203540560912228,0.436978182224289
599,0.414429549228997,2,0.45794641185956,0.448623770541673,0.25887573964497,0.19637593315858,0.436978182224289
600,0.381538339034805,2,0.422161818275447,0.409268252186694,0.25414364640884,0.190149885268469,0.436978182224289
601,0.57888585508624,2,0.641885459062693,0.616146266406891,0.367867867867868,0.286082140254427,0.436978182224289
602,0.430875280415298,2,0.477786271684572,0.454563893789646,0.263959390862944,0.202034143098145,0.436978182224289
603,0.348647198584357,2,0.386213217488688,0.364701323283981,0.214755295836377,0.157455949746279,0.436978182224289
604,0.430875349654351,2,0.476595331436989,0.447461578583895,0.252252252252252,0.190314977408373,0.436978182224289
605,0.480212253526946,2,0.529297644533655,0.495093375278858,0.276190476190476,0.213518934347028,0.436978182224289
606,0.430875416841091,2,0.472197169004528,0.440956144189,0.230818008877616,0.185397988221175,0.436978182224289
607,0.5624404364213,2,0.612236256752246,0.571876547299286,0.306306306306306,0.240016567168619,0.436978182224289
608,0.447321105378445,2,0.482306594443927,0.45162885808394,0.2475442043222,0.202032653432785,0.436978182224289
609,0.430875513905517,2,0.459386870655367,0.432204271467794,0.249485949280329,0.20673868327466,0.436978182224289
610,0.414429921956671,2,0.435915708479816,0.413108896237277,0.234270414993307,0.183040706801877,0.436978182224289
611,0.34864745951248,2,0.360840097832259,0.345348991692837,0.190661478599222,0.151722576929044,0.436978182224289
612,0.480212476712562,2,0.488533981031303,0.473218883988353,0.282336578581363,0.216220183992446,0.436978182224289
613,0.628223116799881,2,0.627135303031812,0.6158719105199,0.343225806451613,0.24108108214436,0.436978182224289
614,1.92427515327184,2,1.59765633827218,1.59574246217064,0.975853304284677,0.729896183029161,0.436978182224289
615,1.48021888081289,2,1.22352136862496,1.22889419588529,0.829170994707424,0.623058738911972,0.436978182224289
616,1.52956856754166,2,1.25497720710718,1.26779038004869,0.786876544498973,0.589720942923046,0.436978182224289
617,1.41444562335958,2,1.15476519900349,1.17413454860873,0.759408602150538,0.559721562162846,0.436978182224289
618,1.5131453780348,2,1.21715494697017,1.24148182691797,0.89880113443517,0.615962816442102,0.436978182224289
619,2.10525398535697,2,1.68614101010048,1.73038052686448,1.16305275309943,0.935030964050988,0.436978182224289
620,1.67762963167377,2,1.33836375894949,1.38205485760259,0.875324644827991,0.640597533272082,0.436978182224289
621,1.94079010088862,2,1.54410177846073,1.60526742432622,0.965662272441934,0.785917833771454,0.436978182224289
622,2.17105572275304,2,1.7233768953363,1.8023882385528,1.07678455488724,0.902753404340329,0.436978182224289
623,2.13818695111581,2,1.68565430160047,1.75747922741866,1.07801363092451,0.874593505198363,0.436978182224289
624,2.13818599905981,2,1.68703768558771,1.76622871876794,1.06666666666667,0.811399189487751,0.436978182224289
625,1.77635488000403,2,1.39866421457596,1.45930856863904,0.891407749672992,0.716221243259722,0.436978182224289
626,1.46385094488283,2,1.15481576552226,1.20464076303803,0.728412279220003,0.61364020361639,0.436978182224289
627,1.61188222586952,2,1.27580924175364,1.32970296485555,0.836451854561926,0.644134305519834,0.436978182224289
628,1.97374271454229,2,1.56622949788554,1.62598769181088,1.14990010577036,0.863433273751688,0.436978182224289
629,2.00665749649172,2,1.5940656623719,1.64423939473985,1.0202705623028,0.761419230994137,0.436978182224289
630,1.87509428481371,2,1.49018317052511,1.52673186353015,0.953967224399026,0.713951004429147,0.436978182224289
631,1.05269808476034,2,0.835906060320109,0.850911642991108,0.51775837411262,0.351486897714238,0.436978182224289
632,1.11847779061318,2,0.899196443727068,0.915116694973499,0.552798700339684,0.399965216197371,0.436978182224289
633,1.26649328650949,2,1.03231212489951,1.04908463249916,0.639853674224152,0.470973406719884,0.436978182224289
634,1.77642180139119,2,1.43667142541487,1.450503999457,0.928781756242525,0.671179747276208,0.436978182224289
635,1.6283928460234,2,1.32105618534617,1.32889830681723,0.828191167574108,0.628121240104226,0.436978182224289
636,1.51326259249723,2,1.23008426289003,1.23275400334938,0.728599007170436,0.539356573477996,0.436978182224289
637,1.79288066491429,2,1.46895109414828,1.46639607260289,0.901932647644326,0.720924133958008,0.436978182224289
638,1.56261191515175,2,1.28307278727052,1.27545288445588,0.803831926643743,0.596052333659109,0.436978182224289
639,1.13494665995366,2,0.939542677455971,0.929196609561874,0.635192424857839,0.454453871288125,0.436978182224289
640,1.59550558578965,2,1.32937081006765,1.30761157478239,0.883134394341291,0.68528529004494,0.436978182224289
641,1.39810467788513,2,1.18442848045905,1.15543374054769,0.872161480235492,0.647543144638147,0.436978182224289
642,1.36520784174053,2,1.16594045905772,1.12938716578778,0.86737400530504,0.612735877569748,0.436978182224289
643,1.003408331255,2,0.824099741274654,0.804887902740083,0.579880243920359,0.399555633954849,0.436978182224289
644,0.986904271531799,2,0.851570991029868,0.814932473090615,0.69839492347891,0.49614422317838,0.436978182224289
645,1.25011151483493,2,1.06432247887976,1.02031016753293,0.748432737600443,0.553505727051112,0.436978182224289
646,1.36525667314871,2,1.16720640330588,1.11424226759416,0.769303259377625,0.577624883662257,0.436978182224289
647,1.11856584277222,2,0.932564331245837,0.898116964790338,0.669189499904196,0.494971961440916,0.436978182224289
648,1.43103693895345,2,1.24685629223453,1.1758751767741,0.864791770082676,0.698501603561108,0.436978182224289
649,1.46396636193985,2,1.25919580441919,1.19254222211331,0.852298850574713,0.702690852939586,0.436978182224289
650,1.43104525463306,2,1.25203298358424,1.17492449623008,0.891482784351349,0.683630278728478,0.436978182224289
651,1.11852412419258,2,0.978056451711415,0.917048040723691,0.780982905982906,0.532903364857491,0.436978182224289
652,1.03627550302166,2,0.911538584528211,0.851741461613463,0.662288221697275,0.468719808874851,0.436978182224289
653,0.954062181748884,2,0.819727080487409,0.774646293739684,0.621399601292363,0.407841033545551,0.436978182224289
654,1.28305054326727,2,1.10189734904364,1.04235449886508,0.732439335887612,0.526149170033694,0.436978182224289
655,0.838923957046456,2,0.715648943230545,0.680204188904775,0.548856693527062,0.360877263025807,0.436978182224289
656,1.29947880404803,2,1.12360021905353,1.06435543069291,0.840416753981559,0.592675407847036,0.436978182224289
657,1.16787931738992,2,1.00812342137209,0.959429448892528,0.80068919195164,0.551682232205654,0.436978182224289
658,1.18435341122069,2,1.00274178178681,0.966075548891091,0.753483480006176,0.516977369887058,0.436978182224289
659,1.26661055574605,2,1.06007221855691,1.03096277287469,0.830803367757455,0.573685326178407,0.436978182224289
660,1.11857717707491,2,0.924191653821419,0.907730422155983,0.701662311919993,0.487132452330396,0.436978182224289
661,1.29953501717844,2,1.06126959304915,1.05218988079946,0.808708901363272,0.604628212331412,0.436978182224289
662,1.59565344644909,2,1.28656173360853,1.28685680459427,0.832996557401587,0.645436634830388,0.436978182224289
663,1.52982141379703,2,1.23236766837899,1.24417704008888,0.8476711967278,0.639810760434403,0.436978182224289
664,1.34884152587951,2,1.08447271755942,1.10746234854043,0.774696356275304,0.594233214149352,0.436978182224289
665,1.2830068814395,2,1.02886669577259,1.0648498483047,0.802936736654316,0.589984412959537,0.436978182224289
666,1.69423346172191,2,1.34664821629218,1.40538148178927,0.975730442978322,0.75380130995234,0.436978182224289
667,1.54626822783981,2,1.21342646904804,1.26291025217572,0.790225289037152,0.613190890887628,0.436978182224289
668,1.52974099502692,2,1.20193088806784,1.27188261918389,0.942570869990225,0.694324195070283,0.436978182224289
669,1.10211453817306,2,0.85930723475237,0.90525146155467,0.640358284576874,0.479054379984891,0.436978182224289
670,0.871849205518364,2,0.676071544268426,0.709322040230666,0.495289114937258,0.349690237973551,0.436978182224289
671,0.83891624406461,2,0.649933729003646,0.692079121253088,0.5244575868668,0.375944766190003,0.436978182224289
672,1.36526597684352,2,1.05454320033928,1.13507712858416,0.886225055432373,0.561639565992498,0.436978182224289
673,1.13501474227074,2,0.872852290989349,0.935160020638152,0.698856459012034,0.458574049434207,0.436978182224289
674,1.29950300844926,2,0.996354417010532,1.07338810184611,0.847092661691542,0.54148211326036,0.436978182224289
675,1.41459461949102,2,1.08170963128893,1.18386871665233,1.03930848295602,0.646370647232049,0.436978182224289
676,1.29950769337284,2,0.992741921742337,1.07403720926564,0.85049504950495,0.55160198186099,0.436978182224289
677,1.56273167875372,2,1.19405126964937,1.28415679814085,0.99076861328517,0.623111249289091,0.436978182224289
678,1.348818309805,2,1.03137273687509,1.12673058943174,0.825073110666461,0.601866027325991,0.436978182224289
679,1.23373196807509,2,0.946089346325196,1.01661862781924,0.684892587433096,0.494341387617106,0.436978182224289
680,1.41463601376529,2,1.08972545534462,1.17812174104884,0.880981817406689,0.648907649377731,0.436978182224289
681,1.06923289540806,2,0.827572201979151,0.883100357336613,0.653125,0.453400350910725,0.436978182224289
682,1.57917569901521,2,1.23057433189382,1.30524908880006,0.941988445224514,0.707281310060507,0.436978182224289
683,1.41467426407619,2,1.11199267128433,1.17142772155122,0.861546499477534,0.542245856091724,0.436978182224289
684,1.20081925974457,2,0.954477170575462,0.997615465420558,0.846505690883948,0.56187692335241,0.436978182224289
685,1.57913499774298,2,1.27394510520872,1.31958720466214,0.897668382107739,0.66019090482633,0.436978182224289
686,0.937627939310942,2,0.763846036210027,0.779955072877871,0.581149919160151,0.391429412082098,0.436978182224289
687,0.954123967552422,2,0.777216683616913,0.782323463723159,0.559659090909091,0.348052193974058,0.436978182224289
688,1.2666582164955,2,1.05055523938476,1.04577803837943,0.807776015918913,0.535588411617088,0.436978182224289
689,1.13506216765265,2,0.951754180002378,0.936800169157141,0.721047770700637,0.462597048488504,0.436978182224289
690,1.05280258225493,2,0.896476669490989,0.872054666411886,0.644658975775997,0.454227495583395,0.436978182224289
691,0.904743384333124,2,0.782731062140647,0.752484140982631,0.596862033195021,0.451050620020447,0.436978182224289
692,0.986989592793613,2,0.864281416813446,0.82255675226571,0.662007143838439,0.512194222059643,0.436978182224289
693,1.29957610572844,2,1.13033248424859,1.07368175102479,0.826374357384588,0.632587770881363,0.436978182224289
694,1.1679960776647,2,1.01209806010831,0.95998076552358,0.68174093496733,0.521550546190893,0.436978182224289
695,1.01993606495019,2,0.890097922513761,0.840239529595687,0.572718507522077,0.456730807942478,0.436978182224289
696,0.822487144406363,2,0.740675788153467,0.68938999860033,0.514187103653404,0.393879432119082,0.436978182224289
697,1.01993913823079,2,0.892074105765813,0.841134031156529,0.530879390382763,0.41817760077863,0.436978182224289
698,1.13506000389975,2,1.00804220176854,0.945977607193621,0.675545634920635,0.478337612215921,0.436978182224289
699,1.16797014557537,2,1.02934403607613,0.971784979072379,0.689078699595247,0.499838463542964,0.436978182224289
700,0.806080489949985,2,0.699596757662807,0.66692973068296,0.467510672271646,0.330348110594604,0.436978182224289
701,1.06924673210104,2,0.940923020520157,0.897349517499084,0.696804681057165,0.439659703872663,0.436978182224289
702,1.25029108222332,2,1.05416525048451,1.02476438497871,0.70925160697888,0.454003296248782,0.436978182224289
703,1.11863929364987,2,0.951899732521641,0.929227741493674,0.716765873015873,0.464357313586183,0.436978182224289
704,1.2996138317935,2,1.09057891945496,1.07573774723149,0.807488238714452,0.490756583094934,0.436978182224289
705,1.26668854607009,2,1.06108367346157,1.05603562459031,0.846404886692436,0.462186710614338,0.436978182224289
706,1.08575232849953,2,0.896635902376904,0.900854015633087,0.631397099069513,0.347434946665971,0.436978182224289
707,1.26670966040591,2,1.03839186166095,1.05247191438077,0.732398436172021,0.408517662886464,0.436978182224289
708,1.54637734627131,2,1.25797791745277,1.28493373617581,0.845588235294118,0.468596507560112,0.436978182224289
709,1.90834652300617,2,1.53433080611776,1.57317909794065,1.00282389600273,0.610480301775219,0.436978182224289
710,1.20087710783513,2,0.972420393904984,1.00912549208681,0.671160923060469,0.401331151466817,0.436978182224289
711,1.61220210443195,2,1.29097782140028,1.33782767850133,0.809619518486672,0.519856128088069,0.436978182224289
712,1.51345681050803,2,1.21562259390099,1.26817259511911,0.754715542223804,0.514711177124211,0.436978182224289
713,1.52997787884623,2,1.21827883065701,1.26347455250115,0.854958833163649,0.542795256065099,0.436978182224289
714,1.48056886809867,2,1.1876117887019,1.23949489780573,0.798510174418605,0.579276781242996,0.436978182224289
715,1.39837951717188,2,1.11403769696116,1.15354030503111,0.795538871566185,0.561793102685555,0.436978182224289
716,1.38191697321216,2,1.10491145389318,1.144264252991,0.717958089668616,0.491404816784139,0.436978182224289
717,1.67805203310642,2,1.343619963913,1.38800674830198,0.912212242762469,0.574577927847289,0.436978182224289
718,1.64516276252201,2,1.3189117469777,1.35820932631901,0.864839613827468,0.627270290944502,0.436978182224289
719,1.51352442548633,2,1.22200177799064,1.25813997719001,0.834521563637959,0.589501838701369,0.436978182224289
720,0.95416718414397,2,0.775440239195206,0.797265846004521,0.541062868859272,0.363434683448002,0.436978182224289
721,1.06930649412279,2,0.876358406373131,0.899919817627223,0.596298611653773,0.398912201397308,0.436978182224289
722,1.62864874734909,2,1.33779407901139,1.36836852688197,0.866232763272978,0.563539340117981,0.436978182224289
723,1.25026760410173,2,1.03360640824287,1.05399808574329,0.703290884333867,0.437336008134234,0.436978182224289
724,1.39837497390875,2,1.14964665314701,1.16539731364595,0.761951493060423,0.442950003962232,0.436978182224289
725,1.67804786848034,2,1.38677941108665,1.40052374700413,0.874884129384788,0.542024649103272,0.436978182224289
726,1.52996205419475,2,1.27730285162693,1.28508304983533,0.807596176333021,0.525300191266321,0.436978182224289
727,0.723858057107748,2,0.606189078117567,0.607106566298665,0.424542823717751,0.246803519059633,0.436978182224289
728,1.39836129291796,2,1.17752873069273,1.17428884018978,0.774556303549572,0.510967620045892,0.436978182224289
729,1.16804633552805,2,0.987488679981641,0.980859120905791,0.63440719968697,0.417972921102544,0.436978182224289
730,1.44773963205265,2,1.22283877594545,1.21075996887632,0.781157771030199,0.573905864016989,0.436978182224289
731,1.00355327671645,2,0.848964149564655,0.838122082924654,0.506301395392177,0.375606968884414,0.436978182224289
732,1.11871266436247,2,0.95096658141016,0.935993103855674,0.617258118513559,0.43286609833795,0.436978182224289
733,1.39838722709361,2,1.19451046597298,1.1722817961464,0.734799082208737,0.556135694664311,0.436978182224289
734,1.38192323069629,2,1.18984280137683,1.16352739442749,0.858250276854928,0.557891489322434,0.436978182224289
735,1.16801322671801,2,1.02656552541738,0.997337236788685,0.661890417650411,0.460543031310559,0.436978182224289
736,1.08578600468792,2,0.947887392717821,0.919482436833944,0.636245095224423,0.420881047348579,0.436978182224289
737,1.7109974380352,2,1.47492103296051,1.43068881619856,0.83432432671394,0.585294075584485,0.436978182224289
738,1.06932230901657,2,0.950178715299687,0.911383645538544,0.601941747572815,0.424110265844942,0.436978182224289
739,1.05287749581855,2,0.939218586003584,0.896281248581411,0.593680982613846,0.411167549050245,0.436978182224289
740,1.34903889176957,2,1.19267912741428,1.13676229957521,0.61907338693053,0.482033468810434,0.436978182224289
741,1.06938456763817,2,0.939473258913872,0.894039200409264,0.540674603174603,0.352848774727902,0.436978182224289
742,1.16811920450061,2,1.02109900260328,0.970244268077308,0.516368603503294,0.393615058545386,0.436978182224289
743,1.10225756745735,2,0.999731845829915,0.933531215817369,0.568895021505178,0.409192481281891,0.436978182224289
744,1.21739784762801,2,1.12542099655617,1.03901431960798,0.60847760207618,0.462457693284269,0.436978182224289
745,1.21747920327431,2,1.08410547216503,1.01309222245937,0.518029429771782,0.383363163103873,0.436978182224289
746,1.44810204996651,1,1.10948063717405,1.10948063717405,0.555555555555556,0.411482357110953,NA
747,0.724051902750076,1,0.554740318587024,0.554740318587024,0.259433962264151,0.207171823287085,NA
748,1.05316766166437,1,0.806895008853853,0.806895008853853,0.441988950276243,0.293993157759237,NA
749,1.31646112565809,1,1.00861876106732,1.00861876106732,0.452488687782805,0.360848929700386,NA
750,1.57975518130117,1,1.21034251328078,1.21034251328078,0.491803278688525,0.401227735090383,NA
751,1.25064094601994,1,0.95818782301395,0.95818782301395,0.414847161572052,0.299735581368709,NA
752,1.51393547894091,1,1.15991157522741,1.15991157522741,0.421245421245421,0.391788770835211,NA
753,0.658233545944734,1,0.504309380533658,0.504309380533658,0.24390243902439,0.179491732897166,NA
754,1.31646852811942,1,1.00861876106732,1.00861876106732,0.421940928270042,0.345871405485398,NA
755,0.921528960014138,1,0.706033132747121,0.706033132747121,0.304347826086957,0.251132318296576,NA
756,1.33258446537247,2,1.30897666963053,1.13700020124884,0.924456559483298,0.749525470835723,0.230659280512261
757,1.09838866018588,2,0.956986447603288,0.894277267974466,0.697510310174005,0.543743040550995,0.230659280512261
758,1.10890984984684,2,0.95413209895478,0.903881988421658,0.662535805819388,0.50989069126602,0.230659280512261
759,1.06919395282111,2,0.983168274768877,0.916279887838455,0.841888100346592,0.667701098263244,0.230659280512261
760,1.36437993931332,2,1.25083010070809,1.18430822686067,1.18955185631485,0.957213753433839,0.230659280512261
761,1.64454339593662,2,1.46330920565261,1.41686498927003,1.41048892784435,1.11059395234362,0.230659280512261
762,1.74066781782144,2,1.54528571267858,1.51922896401896,1.56431246109103,1.20439258088861,0.230659280512261
763,1.20464593953511,2,1.02770957545937,1.02675064649506,1.05955481884916,0.770172237681972,0.230659280512261
764,1.63909363391434,2,1.39822055694065,1.41432652060549,1.47877185213514,1.1568461372316,0.230659280512261
765,1.02972104650224,3,1.07104208600877,0.959260531859292,1.22298284474696,0.869493194566292,0.494787060305538
766,1.13158777012494,3,1.01630553642371,1.01279030102612,1.49375363680612,1.12227249242144,0.494787060305538
767,1.01345636208452,3,0.888881959297639,0.926350924557494,1.13850692416339,0.87852910650331,0.494787060305538
768,0.956050595809737,3,0.836371840510963,0.858351224959364,1.06180089030417,0.79290796280966,0.494787060305538
769,1.06536949111101,3,1.1559000780698,1.07618773005694,1.3286640169036,1.04365786669507,0.494787060305538
770,1.31006019446173,3,1.11481213013855,1.26893729633662,1.41234573682347,1.0963186306679,0.494787060305538
771,1.25790563209846,3,1.07196862378579,1.12241278167354,1.42610144440669,1.05911935094637,0.494787060305538
772,1.2699876224623,3,1.07290221278871,1.1331491282527,1.43731182378817,1.03916901609733,0.494787060305538
773,1.46981147884077,3,1.26602400412113,1.32033441220182,1.54555402184634,1.10261606376355,0.494787060305538
774,1.16226044970739,3,0.909412715338607,0.986726742505361,1.37804931852687,0.972834745943757,0.494787060305538
775,1.23898437817324,3,1.04139806105255,1.05326156025306,1.30512148167255,1.00733274389389,0.494787060305538
776,1.34322305336095,3,1.23153822907032,1.29871518912403,1.59441153366263,1.25163209586068,0.494787060305538
777,1.30830816048079,3,1.02105114457586,1.10802607180096,1.55087704185719,1.08983316130553,0.494787060305538
778,1.57895704915825,3,1.34466785623506,1.46289394134745,1.74064820659023,1.35703521354733,0.494787060305538
779,0.975772576787864,3,0.88975658121117,0.940032270570371,1.20036613397902,0.930680430233026,0.494787060305538
780,0.97258929227331,3,0.899741828557059,0.936705507546984,1.23674078999608,0.942935741118083,0.494787060305538
781,1.27468653279694,3,1.17698047783883,1.212260496987,1.48640358807913,1.14985216163078,0.494787060305538
782,1.04337393575276,3,1.11096482921484,1.11571039254119,1.34107587162703,0.983366527661432,0.494787060305538
783,0.969166472574038,3,0.857986402976466,0.852336994628503,1.09870984949852,0.804849253298884,0.494787060305538
784,0.953810883837657,3,0.83847483495045,0.826963706948561,1.24377544803385,1.02500496402235,0.494787060305538
785,1.12722184471147,3,1.0255987046934,0.959959483966506,1.29113999385391,1.00462451814158,0.494787060305538
786,1.1522236152606,3,1.03569160163304,1.01292160000466,1.29472153228838,1.00266513854285,0.494787060305538
787,0.934046299182701,3,0.86331552717475,0.854256146817384,1.02841769710265,0.784524690909776,0.494787060305538
788,1.0451631884935,3,1.0359068308096,0.971584204685446,1.19696590593904,0.881482068212321,0.494787060305538
789,1.00789768682756,3,1.00164306808684,0.945996386002235,1.06764393142008,0.797612315577286,0.494787060305538
790,0.923041214083781,3,0.897771178413355,0.87720455595842,1.02944663888858,0.791025047870804,0.494787060305538
791,0.894140776538684,3,1.00903256734043,0.910571395045205,1.14017212760531,0.818518002470771,0.494787060305538
792,1.02322488393755,3,0.948393127429067,0.950270385874022,1.12704500637713,0.853126352087199,0.494787060305538
793,0.957453374796398,3,0.870859459978922,0.839160482445865,0.906619404101433,0.638434413391772,0.494787060305538
794,1.37355189868671,3,1.23482089880071,1.20081150045169,1.2182564040185,0.895338360808503,0.494787060305538
795,1.38367142726168,3,1.24290276626658,1.21356263359742,1.38152849863504,1.05154203925215,0.494787060305538
796,0.953521795072036,3,0.995498125766307,0.923082997813891,1.19615160361264,0.896755912081719,0.494787060305538
797,1.08180460220672,3,1.19407293397056,1.16128236041588,1.4178861357687,1.05045471768868,0.494787060305538
798,1.22666205909134,3,1.19782498296662,1.18811119580274,1.35193347092793,1.04077314062996,0.494787060305538
799,1.04174361968558,3,0.887123772259142,0.893883495515322,1.09865900492055,0.824255611379203,0.494787060305538
800,1.03652203881688,3,0.986621803662789,1.00856678514122,1.31753095178971,0.982321768480732,0.494787060305538
801,1.40304051419072,3,1.34682328312662,1.37169940714893,1.64352761382034,1.28102510360465,0.494787060305538
802,1.53400628761332,3,1.34801814276332,1.37831209219923,1.88508673580576,1.26742065937068,0.494787060305538
803,1.20391714453909,3,1.12782121951583,1.17578389165415,1.38177952048087,1.06148889875367,0.494787060305538
804,1.36544398670834,3,1.26038053875461,1.30144811401002,1.56294378443017,1.19570479788505,0.494787060305538
805,1.32151625405263,3,1.13869185936468,1.17001284864822,1.775870878075,1.21157614280813,0.494787060305538
806,1.21795672674193,3,1.07063066929137,1.06807614926597,1.31994980561451,1.02538649903971,0.494787060305538
807,1.07937466711512,3,1.07906603415163,1.10177902330604,1.27101905044775,0.929033588639658,0.494787060305538
808,0.81703883256504,3,0.875602132856447,0.867971747449522,1.00402450041187,0.758792752501323,0.494787060305538
809,1.14327251133057,3,1.02393475505986,1.02909504645376,1.01934700939353,0.74857126126109,0.494787060305538
810,0.965607197274116,3,1.00329570356225,0.991296338078432,0.997450957375176,0.759733436181893,0.494787060305538
811,0.916177395066427,3,0.899616636949168,0.908845244823439,1.06474765212267,0.846479107759192,0.494787060305538
812,1.00643015385903,3,0.986901626729396,1.06373953622629,1.13717292019913,0.875327947194838,0.494787060305538
813,0.861795327965857,3,0.961719127526519,0.85465732169797,1.02590068132494,0.834783472585074,0.494787060305538
814,0.730540895198378,3,0.830870837037821,0.741343041978183,0.902595867763073,0.731090418676946,0.494787060305538
815,0.95664744447679,3,0.87894252273695,0.895656330146731,0.957971820943953,0.773752469021579,0.494787060305538
816,0.899768725393123,3,0.928814384369246,0.897176654793366,1.08426087923361,0.866059751708007,0.494787060305538
817,1.20131082195934,3,1.07818980006115,1.36917114102229,1.41630890576009,1.140802926527,0.494787060305538
818,1.50443652304401,3,1.23880513077326,1.44905650784402,1.40482440933962,1.09845150474973,0.494787060305538
819,1.400337488706,3,1.17800770115911,1.40262277862079,1.70974893499037,1.2854458747146,0.494787060305538
820,1.71394445392231,3,1.43720533254097,1.62353511059169,2.08755656464097,1.66617592725847,0.494787060305538
821,1.60969752680957,3,1.33259465884394,1.50423606078842,1.81773483375268,1.38161182700021,0.494787060305538
822,1.71533149840488,3,1.41806513485862,1.5848027076562,1.99581409603843,1.36334653488967,0.494787060305538
823,0.983024959959027,3,0.864448406326685,0.954817485329065,1.29636873110519,0.939963918193596,0.494787060305538
824,1.22878718410087,3,1.0266303994241,1.12666548603609,1.14106230551096,0.957043932793982,0.494787060305538
825,1.40255580866776,3,1.42792888419646,1.61305418699709,1.61839184918431,1.38743653438224,0.494787060305538
826,0.964514961790325,3,0.858623512837939,0.979262196984874,1.2408844071825,1.02935772648394,0.494787060305538
827,1.37070309325084,3,1.28273113501367,1.44117433774972,1.35760229666513,1.08077951959553,0.494787060305538
828,1.33077166209991,3,1.21098271650038,1.47851938273881,1.62683484785851,1.31829904129514,0.494787060305538
829,1.23639099129012,3,1.16533419730659,1.42440239975778,1.48326439143487,1.18171560608923,0.494787060305538
830,1.23096033443071,3,1.07332363327803,1.15453780173984,1.23989845283508,1.02541454847425,0.494787060305538
831,0.903928669355512,3,1.02645876289817,1.04299512035653,1.05851576352597,0.927218789745273,0.494787060305538
832,1.17309854539877,3,1.1524795379666,1.2027776150873,1.43276510220224,1.22791379007688,0.494787060305538
833,1.02703682154976,3,1.04786597986805,1.17091456600972,1.25188773190804,1.07216325506243,0.494787060305538
834,0.910371961929095,3,0.936231588870656,1.03710539481693,1.11029057451553,0.962333786408634,0.494787060305538
835,1.20311019400781,3,1.14131169426788,1.13231761688931,0.910589931384057,0.94219679484782,0.494787060305538
836,1.11868410541051,3,1.12824956127909,1.10691231655064,1.11051718934102,0.909046911631801,0.494787060305538
837,0.895384253201835,3,1.16828775238589,1.0224365219099,1.19288565920057,0.982238721904978,0.494787060305538
838,1.17257112755966,3,1.23140739723634,1.14565224582926,1.08994905454828,0.819440235343337,0.494787060305538
839,1.22553823747348,3,1.25720628240117,1.16480823277622,1.18209067542983,0.890549533165342,0.494787060305538
840,0.66093257020075,3,0.775014579661945,0.686904886105072,0.730557046683749,0.752091967870059,0.494787060305538
841,0.843758360484378,3,1.12743433200306,0.876521777969042,1.08004728575616,0.854162805725745,0.494787060305538
842,0.958237318047156,3,1.28830699491112,0.997064056946282,1.19376921514752,0.989032138948985,0.494787060305538
843,0.946696277513464,3,1.15889600356408,0.995875979237431,1.20445097072735,0.974788448954468,0.494787060305538
844,0.950899515635967,3,0.998738846250674,0.899039532394604,0.999748827177056,0.759712821143865,0.494787060305538
845,0.868121701782551,3,1.0457870174761,0.991254391021453,0.95889797142057,0.723381712764077,0.494787060305538
846,0.718303059342745,3,0.883307180530051,0.92454781886407,1.00900675639894,0.757788028418733,0.494787060305538
847,0.744865334639023,3,0.932248687034046,0.954213413676529,0.911919428901913,0.609849782699907,0.494787060305538
848,1.12654230701456,3,1.19578158327877,1.10007397140445,1.03944410306665,0.573475481610085,0.494787060305538
849,1.25356745937526,3,1.43189909903121,1.33845325122072,1.22878390877437,0.689218387303537,0.494787060305538
850,0.865012864302267,3,1.18826244893233,0.908865079613858,1.23063586895013,0.784486111310909,0.494787060305538
851,0.68254877065913,3,1.03504926523877,0.71686572180202,0.981920764416766,0.705642463857112,0.494787060305538
852,0.840110017132595,3,1.03656300570865,1.02173102032372,1.03094642812073,0.783953818039999,0.494787060305538
853,0.806814157354549,3,0.984464595455697,1.05054941619353,1.31260011071399,1.11369206574704,0.494787060305538
854,0.779660446212844,3,1.27528723778855,1.20765565199564,1.26628236251318,0.966265378779817,0.494787060305538
855,0.799144036158719,3,1.15396256968686,1.11225005566842,1.35900987335479,1.12361618621739,0.494787060305538
856,0.8999051484202,3,1.06204240301174,0.951570454784759,1.1736645821054,0.839106144661713,0.494787060305538
857,0.885628415319125,3,1.03134659912077,0.936236677116262,1.36004448257971,0.860105654414803,0.494787060305538
858,1.0145304671187,3,1.34394878087528,1.21424557371543,1.51334514851764,1.38259201981453,0.494787060305538
859,0.94217482107098,3,1.10319392345891,1.06794262668566,1.2758643283373,0.989761338427574,0.494787060305538
860,1.50380015297578,3,1.44696727463046,1.41383819286747,1.74204785465707,1.29549187713682,0.494787060305538
861,1.02041958599389,3,1.10800999441266,1.14992701555704,1.50085069724761,1.17381775553888,0.494787060305538
862,0.74833123474068,3,1.03458193925959,0.896955965965913,0.938543063329845,0.732420594083896,0.494787060305538
863,0.805522361411435,3,1.08029316417774,0.85881142730917,1.02214819614546,0.857474839342599,0.494787060305538
864,0.67287306939429,3,0.792660031703685,0.712729188430724,1.02437187919022,0.741449680225163,0.494787060305538
865,1.56888081328734,3,1.41101676658832,1.45822002947774,1.80703722767721,1.37870126817669,0.494787060305538
866,1.56677813905046,3,1.42686941021404,1.60695925556572,1.87074667826673,1.42676203043896,0.494787060305538
867,1.55269468618546,3,1.39288751891395,1.4486582600834,1.83603489140314,1.43564519238221,0.494787060305538
868,0.961859582493135,3,0.958653601253496,0.959183569788914,1.53824615706125,1.10377240353181,0.494787060305538
869,1.06009649263836,3,0.93121916983588,0.974711441135518,1.17507990772424,0.870932929153153,0.494787060305538
870,1.23124713779122,3,0.973598854285227,1.1991679775805,1.55622437872431,1.07088557691306,0.494787060305538
871,1.0866034233505,3,0.929466556008455,1.00153457109833,1.17747961668206,0.889969094965693,0.494787060305538
872,1.30503859333705,3,1.1481652323455,1.24445779944441,1.50538955955595,1.14712161755952,0.494787060305538
873,0.991941045264262,3,0.982540660477944,1.00905670082082,1.25819101954511,0.938073588306236,0.494787060305538
874,0.782443041363571,3,0.734408380821252,0.784238288196298,1.03016952208387,0.818164530708693,0.494787060305538
875,1.13709292114508,3,1.03837766275339,1.07926011801889,1.32591126361149,1.03722901023066,0.494787060305538
876,1.0260567876754,3,1.16518788173544,1.08906613278678,1.44739719093236,1.09849354077249,0.494787060305538
877,1.01106291693703,3,0.746352274274547,0.950544429524334,1.26042726219206,0.850618881996315,0.494787060305538
878,1.62096156497352,3,1.38511446935613,1.71282226768189,1.70072646945329,1.34027267459368,0.494787060305538
879,1.63767685896047,3,1.22741505615723,1.31910178275623,1.83921891415162,1.18525189932945,0.494787060305538
880,1.32848341967936,3,1.10779995045195,1.21362021935218,1.31137295595992,1.02388464268747,0.494787060305538
881,1.47967938748786,3,1.22125964631142,1.3598136477607,1.36951519316648,1.13132875556173,0.494787060305538
882,1.39295778423804,3,1.14847874033966,1.21201750849733,1.76675817476741,1.35881339237552,0.494787060305538
883,0.929169644333905,3,0.809486859288631,0.872649681715938,1.06356597580041,0.850268216927881,0.494787060305538
884,1.13303057998628,3,0.996089111323466,1.06884865552318,1.31758162787756,1.05389309909911,0.494787060305538
885,1.09999739919665,3,1.02868533160226,1.04159531291721,1.2986878309139,0.980335316301779,0.494787060305538
886,1.16936105800264,3,1.21772916295436,1.20723839681814,1.5011787542275,1.16009530633867,0.494787060305538
887,1.55150182362043,3,1.33060494257449,1.45781425244884,1.77893441128145,1.3964785749215,0.494787060305538
888,1.16051016702018,3,0.901392636427934,1.13494509934076,1.31887163824608,0.911649515616749,0.494787060305538
889,0.777683426207561,3,0.851355881790332,0.893843089984203,1.01628109877696,0.843421669556563,0.494787060305538
890,1.52574190382196,3,1.34748194488163,1.45976871175567,1.73338201616731,1.35499537516525,0.494787060305538
891,1.50332138621564,3,1.35033267716188,1.56382141195858,1.64857971113139,1.45845878951071,0.494787060305538
892,1.09820609257178,3,0.997937313870109,1.02717694203877,1.38382405917227,1.04938272042146,0.494787060305538
893,1.18071368831466,3,1.11416376033102,1.15017098511305,1.4751986095714,1.14182538355408,0.494787060305538
894,1.00209619299943,3,1.05276876785294,1.05961524689926,1.29139028266018,0.961072557412254,0.494787060305538
895,0.662928364730641,3,0.717567259090832,0.686249639600044,0.901803431037791,0.600059091041204,0.494787060305538
896,1.15137961193753,3,1.29376619399454,1.26698661533502,1.65664926482825,1.29430293823197,0.494787060305538
897,0.933216894979453,3,0.85492404477545,0.877118588959032,1.10760218174357,0.862217580923201,0.494787060305538
898,0.990503952728421,3,0.973859017062058,0.936232418838875,1.12975205303015,0.867746434978713,0.494787060305538
899,0.75725897069551,3,0.711971511270907,0.71142222663325,0.899340317996105,0.665420199730447,0.494787060305538
900,0.852166568315841,3,0.842878861500232,0.788343521275157,0.628041319948604,0.657421083557771,0.494787060305538
901,0.775559321163879,3,0.793057643638574,0.804019247011106,0.81540256636697,0.613340849846543,0.494787060305538
902,0.896466847323714,3,0.918172717675777,0.83762424639098,0.589645465393423,0.541415940227358,0.494787060305538
903,1.17142995652642,3,1.20194195690291,1.1059826667717,1.13911183170728,0.863067884069232,0.494787060305538
904,1.13903229184884,3,1.35238347787034,1.0689822344152,1.30670556109702,0.856750508952843,0.494787060305538
905,0.924903705447601,3,0.834363680619939,0.853675179828407,1.07905246700919,0.905141862416641,0.494787060305538
906,0.661118482893454,3,0.907434951774065,0.666843541723749,0.849179827050841,0.604115311862399,0.494787060305538
907,0.553561465043176,4,0.700319688824313,0.617443912883087,0.690422430120474,0.523465700284324,0.696594305274092
908,0.768547556339762,4,0.902686966692755,0.789900930345293,0.905144015536504,0.693692033181479,0.696594305274092
909,0.99033247326889,4,1.11708409128967,1.04787952955238,1.12737690655144,0.869940592827123,0.696594305274092
910,0.72075840178427,4,0.912794177505466,0.799293947805844,0.938708987808315,0.681521535521228,0.696594305274092
911,0.942188820551009,4,1.25277015291692,0.986963078942278,1.2400973914676,0.916591137472709,0.696594305274092
912,0.660569354534445,4,0.73701245429655,0.641394635315269,0.649556353222071,0.504788235720922,0.696594305274092
913,0.687975988909223,4,0.89605628290472,0.709897995840586,0.880948048562819,0.619834958478877,0.696594305274092
914,0.872998516437454,4,0.993320350754065,0.886248864998628,1.1203799264027,0.818836147670653,0.696594305274092
915,0.678065927894012,4,0.863414145849201,0.795666615376776,0.924587721700213,0.656359165857255,0.696594305274092
916,0.882943359543931,4,0.964130490650052,0.898946856056859,1.03722590847125,0.675790217025278,0.696594305274092
917,0.954735809557596,4,1.03176859481764,0.913679488168399,1.10928273480468,0.791358508752811,0.696594305274092
918,0.792322061818035,4,0.899138407854688,0.808191481742699,1.01163243885004,0.732372160040312,0.696594305274092
919,0.953758444509286,4,1.03053066214698,0.95797851908432,1.19684773155804,0.865977154770225,0.696594305274092
920,1.1215660281744,4,1.22299305762141,1.12303561429652,1.37079339168428,0.993942516207465,0.696594305274092
921,1.14653877279636,4,1.18754595813202,1.16000697099419,1.36700656578608,1.03326876745047,0.696594305274092
922,0.756641978675467,4,0.779002477061202,0.744272479236617,0.98410094235818,0.679495195536886,0.696594305274092
923,1.02321778006556,4,1.05494499660485,0.998777070549875,1.1688361546439,0.879989508864454,0.696594305274092
924,0.744057364531955,4,0.771044900736893,0.766681435024705,1.02855097628706,0.67405762180543,0.696594305274092
925,0.866150245807763,4,0.884947599076763,0.814217460576761,0.867743832567536,0.580377375434699,0.696594305274092
926,1.07954723896419,4,1.1021119152149,1.07083568865777,1.16232554063668,0.88932040100565,0.696594305274092
927,0.783696076305999,4,0.793498187110143,0.776418216160527,0.860811431256435,0.665645323313205,0.696594305274092
928,0.932913081016875,4,0.920352613268054,1.00744323386942,1.10523903945162,0.828474720500964,0.696594305274092
929,0.994803697452618,4,0.973636615475361,0.961861222273362,1.12279553379626,0.845628768068257,0.696594305274092
930,1.03156666382472,4,1.0166157288148,1.01195337344091,1.05849232208759,0.792070547827525,0.696594305274092
931,0.904315042355151,4,1.03505834651923,0.991389936401194,1.12656214410158,0.833965914819833,0.696594305274092
932,0.855761003682023,4,0.949767797574232,0.94443220972107,1.08290913510663,0.804764281318992,0.696594305274092
933,1.20045657379252,4,1.12276861759617,1.14203612098363,1.34793488149318,0.992746183908617,0.696594305274092
934,0.939602845878777,4,0.850881756272309,0.878828571742428,1.01060095726824,0.76523601789195,0.696594305274092
935,1.33915970812693,4,1.23123102095471,1.30215406370693,1.52067537252557,1.14916855809115,0.696594305274092
936,1.24432099286102,4,1.14741336971693,1.16628609480901,1.46280302414764,1.11716426395575,0.696594305274092
937,1.04346866668414,4,0.95553962360117,0.986954998528577,1.19519057752423,0.858589764961571,0.696594305274092
938,1.26785381343108,4,1.15456564345697,1.18881641684055,1.35971254359277,0.982751072573884,0.696594305274092
939,1.33068792014779,4,1.21654664068548,1.28778998822412,1.40991169443409,0.972372964635553,0.696594305274092
940,1.244772047248,4,1.13821972718175,1.25178568621123,1.34282579690035,1.00328654607289,0.696594305274092
941,1.20918039276386,4,1.12305103738329,1.13324725401513,1.44996854217627,1.01845151110328,0.696594305274092
942,0.998133601457197,4,0.951424467356018,0.918352589554574,1.19062463644083,0.846698209656662,0.696594305274092
943,1.29244217896703,4,1.14028525971643,1.15946508505471,1.39097908248697,1.05515127534843,0.696594305274092
944,0.863065810439761,4,0.821785942926597,0.728770616755302,1.1221027042246,0.811425218229399,0.696594305274092
945,1.03587633071199,4,0.970882588650111,0.962585364224023,1.12746158841354,0.830622436926753,0.696594305274092
946,1.01801240654818,4,0.943695197280082,0.941485511896893,1.12130858853685,0.787124617713425,0.696594305274092
947,0.790194975719633,4,0.811155356033737,0.784308572512895,0.972328464653702,0.69528051577289,0.696594305274092
948,0.833633442259922,4,0.802053692651147,0.760127618583748,0.901620481180352,0.655771964258592,0.696594305274092
949,0.867589639603511,4,0.894458535338801,0.836461599263388,1.04420612825867,0.770929273759264,0.696594305274092
950,0.750755745081362,4,0.853281093989414,0.797697296882745,0.898877342069988,0.641283446447581,0.696594305274092
951,0.824238029308653,4,0.894657873355486,0.844505756984629,0.973434594409887,0.69432086167518,0.696594305274092
952,1.12386466821331,4,1.14484727776976,1.07929982769538,1.45838235890075,1.09286696885278,0.696594305274092
953,1.15252098333105,4,1.09959262611638,1.07545990300258,1.22995676125083,0.97014175142329,0.696594305274092
954,0.995311589024364,4,0.912208547299397,0.915622086352129,1.02512637311151,0.77117433941947,0.696594305274092
955,1.01723245560664,4,0.934804786154421,0.93439804130394,0.987952563999548,0.765685835927474,0.696594305274092
956,0.914367890463659,4,0.788321455278256,0.840972616327638,1.00155522886224,0.788795274321938,0.696594305274092
957,1.03664766745012,4,0.945573159284113,0.959968341479649,1.10934333903104,0.80745123572251,0.696594305274092
958,1.118466907502,4,0.979801912019047,1.00470413254439,1.0431124536064,0.834289037363431,0.696594305274092
959,0.747685999888955,4,0.677901578484534,0.792729225789756,0.862128517482457,0.656075944458093,0.696594305274092
960,1.15814727216229,4,0.956355120011527,1.02653533908767,1.1448354654582,0.847302394749676,0.696594305274092
961,1.11901343319949,4,0.958000105824347,0.925595400536695,1.24130360367208,0.949723676508989,0.696594305274092
962,1.58148470922084,4,1.27858768424792,1.41256562233519,1.51953746024971,1.30597238598111,0.696594305274092
963,1.36708918924369,4,1.10415315731581,1.22004293336125,1.42393733901916,1.06721734537995,0.696594305274092
964,1.72566063152437,4,1.35120927756441,1.52454420198204,1.59700739587357,1.33195041802584,0.696594305274092
965,1.64374950588018,4,1.19849329563284,1.49806940926808,1.69588463715297,1.35550191432805,0.696594305274092
966,1.95836733165787,4,1.3866041557078,1.62275921780877,1.75947684933951,1.40353723071922,0.696594305274092
967,1.22124658844963,4,0.936472863076327,1.07497211020331,1.24484801518335,0.965489753611798,0.696594305274092
968,1.11102903371207,4,0.831654443003761,0.992369821819962,1.14660239823565,0.886510123268666,0.696594305274092
969,0.960941163901674,4,0.765473568310981,0.872899875506296,1.01470139711368,0.781785302950797,0.696594305274092
970,1.05655337449299,4,0.765179244084478,0.967491013757994,1.1595987532609,0.883823575063593,0.696594305274092
971,0.947059128700368,4,0.815609794385574,0.910897081267569,1.05968388987927,0.846194419611331,0.696594305274092
972,1.42314423372254,4,1.14398896896527,1.30562155148339,1.60168562149189,1.27568810547314,0.696594305274092
973,1.6788911036069,4,1.44008463278511,1.61851831504678,1.92946979298385,1.66798964765948,0.696594305274092
974,1.69908330700902,4,1.20124651525732,1.42204278836331,1.49860230354471,1.2281673788588,0.696594305274092
975,1.17872679087964,4,0.966560992892059,1.10999236358269,1.3661868190133,1.11791824656096,0.696594305274092
976,1.12568070176164,4,0.913849638237206,1.00831407760255,1.20562007180301,1.00443623283022,0.696594305274092
977,1.3412820900584,4,1.06948832231665,1.19967227314268,1.42217458346157,1.13711092589207,0.696594305274092
978,1.05671441746122,4,0.845903717543034,0.943932556434127,1.1585709531333,0.900784122055286,0.696594305274092
979,1.08404037249082,4,0.908033323226998,1.05035587311932,1.29380696143262,1.0390496362479,0.696594305274092
980,0.834336385266581,4,0.661599768261056,0.741920796356506,0.82501338530013,0.491701772514751,0.696594305274092
981,1.6252223405697,4,1.26187965870219,1.39450400424752,1.63203784973813,1.30663507896015,0.696594305274092
982,1.87736056119678,4,1.57272497909086,1.68831673131501,1.88572640510195,1.55881008751166,0.696594305274092
983,1.07359007165414,4,0.871189509838256,0.988281162668744,1.11975912314228,0.914061209786891,0.696594305274092
984,1.041167684421,4,1.02488315394743,1.07729011016766,1.16070357117084,0.984096023013498,0.696594305274092
985,1.31467454102393,4,1.22723891889003,1.28448148916315,1.36980748594072,1.17162701153023,0.696594305274092
986,0.928404653341639,4,0.971998841837225,0.995328567632843,1.03381586271648,0.837848738338394,0.696594305274092
987,1.41572195186223,4,1.29109893785888,1.31926261401711,1.47359514126716,1.20624395768062,0.696594305274092
988,1.3715514359563,4,1.14382140122297,1.13477983906939,1.58576705003569,1.25997760416546,0.696594305274092
989,1.09394931352841,4,0.995752287182159,1.0251623420318,1.26039720986506,0.90348095582059,0.696594305274092
990,1.00632234956571,4,0.918286762874463,0.90619334048866,1.26870867367003,0.808755490939292,0.696594305274092
991,0.777576452720333,4,0.718957680366784,0.706711431415716,1.13068181164716,0.599082583525889,0.696594305274092
992,1.13217728450915,4,1.07882064254446,1.04405885919503,1.27359263364506,0.867343257401659,0.696594305274092
993,1.08756373233021,4,1.07037295187107,0.994803393828299,1.21711627688488,0.734872720238974,0.696594305274092
994,1.21801891440632,4,1.258609881305,1.14358363945975,1.37043428345886,1.07044372905153,0.696594305274092
995,1.360922809414,4,1.36047063619422,1.23640330181268,1.37248229585628,1.07268212070605,0.696594305274092
996,0.603050586014983,4,0.676049372279409,0.587705259538609,0.923435935757593,0.569098270611358,0.696594305274092
997,1.03267740027364,4,1.12003532727552,1.01173608839669,1.25983610747389,0.920081399973459,0.696594305274092
998,0.695651051167214,4,0.707203582540433,0.632723680777609,0.744730217579111,0.521875709009778,0.696594305274092
999,0.710453342266094,4,0.713750385268375,0.643214381945371,0.765345611226308,0.571534714540706,0.696594305274092
1000,1.02865450527597,4,1.042634464284,0.943114216482593,1.10527392742681,0.852955183670601,0.696594305274092
1001,1.00417668168006,4,1.17614898162451,1.03173023846129,1.19576464642407,0.953552317329144,0.696594305274092
1002,0.82718376752778,4,0.850907633127634,0.829519546385163,0.96274778162411,0.733659703125532,0.696594305274092
1003,1.177307085893,4,1.16495820377022,1.07054778906429,1.07848599770459,0.918442418151177,0.696594305274092
1004,1.51623089560414,4,1.40626126021362,1.34887004801882,1.44691833378433,1.18658163125386,0.696594305274092
1005,0.875047065656495,4,0.796408298612835,0.773047459846313,0.918801309634286,0.718554404341862,0.696594305274092
1006,0.603555431442595,4,0.647943868200309,0.596235125800441,0.718585768895868,0.543119549264004,0.696594305274092
1007,1.46911426401611,4,1.40530290287194,1.32875726225682,1.45976197699293,1.178747422293,0.696594305274092
1008,1.14331059963051,4,1.26919650552075,1.16266217753281,1.34003708961009,1.03261691983284,0.696594305274092
1009,1.03883129252716,4,0.965606195883544,0.946694883533122,1.13451045350339,0.872699395672044,0.696594305274092
1010,1.13456321291025,4,1.0234498024617,1.00090079201981,1.16157030165744,0.881418538062622,0.696594305274092
1011,0.894570115359119,4,0.807306953064587,0.79846807792605,0.947001504187996,0.716126394485933,0.696594305274092
1012,0.915064138084334,4,0.856143523404489,0.875812669894492,0.964277421845333,0.72830396793344,0.696594305274092
1013,0.90297996320201,4,0.882154173018852,0.909041353648776,1.06976839450886,0.809312983682568,0.696594305274092
1014,0.906297276247192,4,0.822768020774281,0.817258809474768,0.995335221719505,0.737852369285953,0.696594305274092
1015,0.960351694325772,4,1.022441439692,0.995901909817051,1.22403224876119,0.89165101949527,0.696594305274092
1016,1.18598297093906,4,1.13939358941638,1.16267896768105,1.31036463827289,1.01950996237723,0.696594305274092
1017,1.02422305908542,4,1.0241655057135,1.05382641089358,1.19263101532873,0.907430470448136,0.696594305274092
1018,1.0517240302594,4,0.976185318018028,1.04497306911622,1.17224762732491,0.932752971316229,0.696594305274092
1019,1.35970129337974,4,1.17040876031131,1.2464663241768,1.46420128134374,1.14511363829953,0.696594305274092
1020,1.34030516889092,4,1.14986604587318,1.21500965478262,1.44775361803115,1.03068755016808,0.696594305274092
1021,1.43644932029718,4,1.22230281906249,1.28587485670721,1.50293897110716,1.22682275397511,0.696594305274092
1022,1.3912228693193,4,1.17475477956078,1.30336141375628,1.471455626067,1.18360388117321,0.696594305274092
1023,1.11302705957372,4,0.939990555450972,0.992822777400114,1.17811363122282,0.896200450221434,0.696594305274092
1024,1.30027208240545,4,1.09378550434292,1.13138595349666,1.37296987211144,1.09317460827882,0.696594305274092
1025,1.04296708048729,4,1.00883600772805,1.02831750197469,1.30256220197745,1.177670406008,0.696594305274092
1026,1.08634754836946,4,0.93972567378437,0.998914545223831,1.04159240131711,0.841903182221928,0.696594305274092
1027,1.30668989585493,4,1.11844470661879,1.18109385133679,1.3109318028682,1.0794923248161,0.696594305274092
1028,1.29373485471526,4,1.16447081058035,1.18582203579089,1.2261871867394,1.00576810144917,0.696594305274092
1029,1.01150566877351,4,0.948094843707598,0.986767137535839,1.13549836199944,0.877275753605968,0.696594305274092
1030,1.30923975241531,4,1.15688321104826,1.19804493424291,1.27055360960539,0.954022009422582,0.696594305274092
1031,1.00381666230018,4,0.899505507747491,0.903029248584912,1.02100536862845,0.7947133701353,0.696594305274092
1032,1.43752767136822,4,1.40269662362372,1.41542173285805,1.46843334045245,1.16838777464562,0.696594305274092
1033,1.27943942233914,4,1.14942796669324,1.12654629973106,1.33537157550676,1.04339644543129,0.696594305274092
1034,1.09087191761793,4,1.10627278821314,0.99874319495694,1.283928222051,0.933567500523267,0.696594305274092
1035,0.98409527085356,4,0.865286995665551,0.872576951941238,1.08437031347882,0.821374692531786,0.696594305274092
1036,1.04014862984009,5,0.983662825003297,0.938102846033772,1.19004063876163,0.842720957905345,0.754147960962579
1037,0.922426335466513,5,1.00251794233215,0.942946754192218,1.28495135420554,1.00003864770259,0.754147960962579
1038,0.763016315662535,5,0.748303324909566,0.748900713474036,0.849313039946311,0.630276918302064,0.754147960962579
1039,1.06086134778552,5,1.11109679182215,0.978099378092713,1.29775909324305,0.955950438252407,0.754147960962579
1040,1.03975760235729,5,1.03467783096651,0.965980093981602,1.30437801800873,1.01004200484217,0.754147960962579
1041,0.88951390949854,5,0.841279391661366,0.800455707361625,0.859976401570484,0.660588102845745,0.754147960962579
1042,1.13424071617349,5,1.01051489923101,1.02530389933532,1.37356042583954,1.08637232974088,0.754147960962579
1043,0.828599913965628,5,0.811632939479468,0.716607857589725,1.11661554140416,0.80224899570606,0.754147960962579
1044,0.955905373114284,5,1.11435249059739,1.01105306099571,1.38929283787919,1.07517525241244,0.754147960962579
1045,1.09730039369448,5,1.05891160043124,0.980806940114719,1.4505328234289,1.05138972288425,0.754147960962579
1046,1.16803766216208,5,1.12969591921276,1.00378288979163,1.55398665491944,1.16025720981117,0.754147960962579
1047,1.0660151890575,5,1.02878778211144,0.996057052628106,1.33534190334695,1.04837290707156,0.754147960962579
1048,0.753868339433004,5,0.708082862997772,0.697104743550252,0.983845750389517,0.711119538712768,0.754147960962579
1049,0.982778919165507,5,0.897016405681484,0.917032228580785,1.19376828579772,0.875537072690931,0.754147960962579
1050,1.26341195738949,5,1.24544131600176,1.23989988023223,1.63766960575116,1.30085003710653,0.754147960962579
1051,1.20754272950316,5,1.15296721967487,1.13825971513595,1.51746809287144,1.1330725390152,0.754147960962579
1052,1.11295321158576,5,1.15567608262521,1.12675478445881,1.57046524185609,1.23240772200472,0.754147960962579
1053,1.20690763415312,5,1.16256217463547,1.10169460001714,1.55935667629054,1.1326129686999,0.754147960962579
1054,1.03606916843726,5,1.01647509778466,1.00622972956613,1.32608785980711,0.999513104181837,0.754147960962579
1055,1.04239981772152,5,1.00182152952372,0.995619811497162,1.45389194064349,1.13167407251437,0.754147960962579
1056,0.936694636270927,5,0.874930678365682,0.896405077171204,1.16487596941191,0.910399728057815,0.754147960962579
1057,1.07716799014012,5,1.12860165794363,1.09917549606419,1.4341320925323,1.13928894179988,0.754147960962579
1058,1.25674480439738,5,1.12958406863161,1.21005106441161,1.3780418265805,1.09821730925008,0.754147960962579
1059,1.06864470444835,5,1.08563648132304,1.03099154036141,1.41085096835136,1.0919635041227,0.754147960962579
1060,1.27971557215609,5,1.19727570889076,1.16864604602611,1.59901919830233,1.23629399531535,0.754147960962579
1061,1.18298039644747,5,1.1743992319135,1.13941334208346,1.5619107985657,1.17573651806759,0.754147960962579
1062,1.01808361401193,5,1.13028065410907,0.995811529196053,1.52052868342793,1.17318255359712,0.754147960962579
1063,0.896523301160911,5,0.939627382486876,0.878655080737558,1.24528238152603,0.859415563621987,0.754147960962579
1064,0.727340008906698,5,0.832828481988767,0.781709474392394,1.27648740037363,0.859240291769685,0.754147960962579
1065,1.14665990772928,5,1.15783021022432,1.08127456039161,1.56120565049038,1.33271176469213,0.754147960962579
1066,0.886159123865812,5,0.981224094958677,0.865547490476698,1.31027980310055,0.916527621086493,0.754147960962579
1067,0.946432516273153,5,0.945187933541118,0.875689601688547,1.34075328407346,0.866881651541578,0.754147960962579
1068,0.920106279236431,5,1.00347027446126,0.907026218609552,1.49415957468917,1.0884619239694,0.754147960962579
1069,1.09948869572583,5,1.12189393522861,1.03069948381945,1.45715229100121,1.02948378269301,0.754147960962579
1070,0.735647860415643,5,0.848043385076463,0.766413837949412,1.09353017292068,0.870828283348087,0.754147960962579
1071,0.744556956045006,5,0.760749198091957,0.69120143319761,0.941586718133921,0.656045240078736,0.754147960962579
1072,1.09657726040893,5,1.17920931172348,1.06353278720389,1.30950917217896,0.985569446880679,0.754147960962579
1073,0.857030227290383,5,0.922523769970228,0.843412613348135,1.04971848234746,0.754017448635972,0.754147960962579
1074,0.968521232763881,5,1.00718670004549,0.905610946353364,1.15628811011733,0.842732256434998,0.754147960962579
1075,0.944570055592716,5,1.08715058054845,0.923143933728319,1.28008536138025,0.964819534633385,0.754147960962579
1076,0.969541825192468,5,1.08817214086468,0.918181369998309,1.22571485491565,0.941130036807084,0.754147960962579
1077,0.88908511819273,5,0.999071430972786,0.882057057833394,1.20417085799066,0.904040341447414,0.754147960962579
1078,0.91737838785061,5,0.927289781883833,0.846950472464274,1.12080771338387,0.821897667796744,0.754147960962579
1079,1.02127052767381,5,1.0311571844899,0.94582675351886,1.2884805677572,0.945341568699107,0.754147960962579
1080,1.2377481982066,5,1.21811606545942,1.11859850182326,1.44490910105879,1.17685791696818,0.754147960962579
1081,1.22900371432013,5,1.2842781252018,1.18827690125864,1.54544514008845,1.13922989376635,0.754147960962579
1082,1.02695257572658,5,1.02407087144245,0.978209568557914,1.19796690180783,0.912064286438536,0.754147960962579
1083,0.617291167747899,5,0.727577922194128,0.57445663766071,0.937494524253511,0.567311544247736,0.754147960962579
1084,0.98647925353192,5,0.98565378694555,0.917939402587664,1.34046028649655,0.824395456943072,0.754147960962579
1085,1.10678505252567,5,1.11295323432214,1.15942244260297,1.32472775787926,0.875779137012396,0.754147960962579
1086,1.24855705136045,5,1.2459083327052,1.03158678854633,1.47303048249267,1.00629572540594,0.754147960962579
1087,1.26551619361179,5,1.28559772136605,1.17216541655067,1.5370715005974,1.03718700928206,0.754147960962579
1088,1.11399784005126,5,1.24712048401824,1.13342850180831,1.48089174743382,0.9201601227708,0.754147960962579
1089,1.2075265504378,5,1.22461330655454,1.10713283008067,1.40262222317236,0.894176177814298,0.754147960962579
1090,0.32414771622431,5,0.341379460540256,0.295984353295705,0.47071659641866,0.258403464250804,0.754147960962579
1091,0.72667373966006,5,0.749343679783212,0.662432202334613,0.880506673811737,0.55732696910314,0.754147960962579
1092,0.831976561455398,5,0.934960620907007,0.851287560150806,1.15890633251809,0.6834925233519,0.754147960962579
1093,0.868758449988454,5,0.921661124295889,0.81587128487841,1.08562641201439,0.760454724701494,0.754147960962579
1094,0.93233838391559,5,1.0604430256999,0.949301780147151,1.22247347264488,0.89726280353756,0.754147960962579
1095,1.11843443305791,5,1.15483216489326,1.03996430173376,1.28347104509983,0.992201030818499,0.754147960962579
1096,0.976840980855285,5,1.07333380840167,1.02434045355909,1.33120977986711,0.888227622907793,0.754147960962579
1097,0.74743003514326,5,0.766800768525725,0.823875185571479,0.938070395963874,0.556508170119253,0.754147960962579
1098,1.09636456301326,5,1.17990394169569,1.10876653509643,1.19737658015517,0.880131188700227,0.754147960962579
1099,1.02942896905241,5,1.00636799878875,0.975616340791836,1.05428893974248,0.762456833732208,0.754147960962579
1100,0.753749687266424,5,0.729291961560753,0.719091644032134,0.768723367192451,0.560165524510538,0.754147960962579
1101,0.952748508980626,5,1.00922731205018,0.975298772225187,1.07163323758837,0.828128950563674,0.754147960962579
1102,1.46595285530612,5,1.35129111595074,1.40270108740562,1.35806699576398,1.02585504181155,0.754147960962579
1103,1.09038126654483,5,1.08706765600811,1.14749697647187,1.23995424921165,1.02473249307793,0.754147960962579
1104,1.19320224552728,5,0.981065655566991,1.16816392865712,1.22268208860184,0.906900139157474,0.754147960962579
1105,1.20340503496237,5,0.987620151234645,1.13730841528198,1.16920052852431,0.979212899917481,0.754147960962579
1106,1.38831207371149,5,1.14744301065943,1.25761262970015,1.33284706865887,1.04398569555825,0.754147960962579
1107,1.42327848663455,5,1.18598004359348,1.42184586649566,1.52201886238464,1.23343473703464,0.754147960962579
1108,1.46427694829105,5,1.08649480293105,1.43402997960678,1.14178461800032,0.928530796259661,0.754147960962579
1109,1.03771967392508,5,0.718964098694416,0.99289188366427,0.900951856696083,0.715923536636884,0.754147960962579
1110,1.25386086767993,5,0.965101188331324,1.21864799203854,1.1868511553931,0.92178031124882,0.754147960962579
1111,1.47001766704709,4,1.12724222413946,1.32988082892248,1.36158158171349,1.15616872664008,0.690002653026686
1112,1.41870303067109,4,1.11925927036567,1.44207035831988,1.5665713650612,1.28626489097751,0.690002653026686
1113,1.69278217268873,4,1.39081369918236,1.73466749561343,1.88082546779677,1.56972223486966,0.690002653026686
1114,1.49865001563611,4,1.24088843787041,1.46463612421948,1.78320575404404,1.35604651613637,0.690002653026686
1115,1.30172790463379,4,0.982086970761754,1.17776935797687,1.4485010214941,1.1538849748506,0.690002653026686
1116,1.41181326775547,4,1.07536355367387,1.24150762903194,1.66583208054621,1.29025511485588,0.690002653026686
1117,1.62822856342235,4,1.24369130582321,1.49877337886505,2.35916603199942,1.80968817031221,0.690002653026686
1118,1.50636117304755,5,1.1888502207709,1.38005393631587,1.9683609512014,1.45401999665484,0.776802878867568
1119,1.17906115221551,5,0.958485755144681,1.11297968711244,1.51276073200202,1.07710634366817,0.776802878867568
1120,1.23932710455996,5,0.992506343246549,1.14502113994026,1.47498883549475,1.03988260631097,0.776802878867568
1121,0.78417084425097,5,0.697138824687679,0.726384454800208,0.85778227385326,0.619088999358196,0.776802878867568
1122,1.19233641018553,5,0.903132842517724,1.08293950886471,1.31752289375496,0.984303111286561,0.776802878867568
1123,1.30907219126364,5,1.10540359218409,1.20689652129294,1.36024576861112,1.06098879492416,0.776802878867568
1124,1.45820267110564,5,1.239158504472,1.3641951961824,1.47967607616496,1.19500664856133,0.776802878867568
1125,1.25836425599087,5,1.26834807430483,1.10918250265997,1.6288169076127,1.36702345866001,0.776802878867568
1126,1.01139206169957,5,0.744052114931454,0.902144844551903,1.14896582320641,0.832131575576107,0.776802878867568
1127,1.24988271265098,5,1.08430564413392,1.12528868443126,1.28504812360856,0.997176671942273,0.776802878867568
1128,1.34838589034234,5,1.15217562108549,1.21673947203159,1.36460481374259,1.09329171982616,0.776802878867568
1129,1.29811086504046,5,1.16957325204848,1.16556724640748,1.40367244742694,1.20077112335404,0.776802878867568
1130,0.89321288731824,5,0.846617985429648,0.770835238071709,1.21349577653578,0.787459149416674,0.776802878867568
1131,0.83227965868258,5,0.840992631302607,0.797885882969058,0.913167947505761,0.656114284201937,0.776802878867568
1132,0.948110341097872,5,0.994610518382933,0.817031510978526,1.03184022141026,0.805487524614509,0.776802878867568
1133,0.809722197085619,5,0.904926354140238,0.774842039826088,1.00764247699364,0.770485274317756,0.776802878867568
1134,0.807043201988236,5,0.970939624601867,0.812191288550267,0.699627595525764,0.748055968238943,0.776802878867568
1135,0.814653604572605,6,0.900451270595862,0.798491744351013,1.03568249171544,0.788603352441425,0.784963074640931
1136,1.09492931650973,6,1.07772835729413,1.00799586542121,1.06581672705215,0.84844951427085,0.784963074640931
1137,1.26466804545783,6,1.3785370906634,1.30352601753239,1.45672147387792,1.17472122295747,0.784963074640931
1138,1.20426179004167,6,1.19127088256549,1.12494844327058,1.31585851864075,0.973280821574404,0.784963074640931
1139,1.02854885189868,6,1.04203118109293,0.944456067861201,1.22074076801944,0.89922196848941,0.784963074640931
1140,1.06584316250986,6,1.12448913794046,1.01108618786172,1.25221149680017,0.919537292831132,0.784963074640931
1141,1.31661679698431,6,1.39906349712132,1.23351668704471,1.41940959931234,1.05327735697581,0.784963074640931
1142,1.13481718659823,6,1.13950557855783,1.06061955743849,1.1260869091476,0.814032968378236,0.784963074640931
1143,0.738385362429021,6,0.763169540368503,0.682098297314799,0.717157648571424,0.554607213005178,0.784963074640931
1144,0.749316779859543,6,0.781025252838225,0.719280998475799,0.807689522819171,0.544868072324064,0.784963074640931
1145,0.73358824086826,6,0.948865691506026,0.724568668654144,0.921302686093491,0.647169054065477,0.784963074640931
1146,1.12308852208481,6,1.25026007632592,1.068702535222,1.1906199665977,0.899039609938623,0.784963074640931
1147,1.10076350974427,6,1.11075849559444,1.00331340384509,1.08723463789516,0.773823686245226,0.784963074640931
1148,0.800393960430803,6,0.788260560103859,0.730936601338651,0.805129969364419,0.580941287256583,0.784963074640931
1149,0.87245212213369,6,0.830388697656461,0.794027541431355,0.844140394816044,0.601314157109478,0.784963074640931
1150,0.47307062598584,6,0.46006988075174,0.48761186482861,0.562252120087818,0.379681336880943,0.784963074640931
1151,0.729973372233678,6,0.705639277070957,0.683715756607506,0.755215598617051,0.554289967000364,0.784963074640931
1152,1.40084197009793,6,1.2265772913307,1.32483754325195,1.33402397707218,0.974052131194403,0.784963074640931
1153,1.37040001058085,6,1.21912702678007,1.33464686468049,1.30583780368847,1.10255283750712,0.784963074640931
1154,1.44168935969572,6,1.30978980131518,1.42262901495478,1.47569718892395,1.2291031803005,0.784963074640931
1155,1.51225195564166,6,1.3280646575926,1.45867159353375,1.48467697406116,1.2116650589748,0.784963074640931
1156,1.41030862834022,6,1.16378674673403,1.36897626457206,1.42378836149777,1.11583122487775,0.784963074640931
1157,1.39169949558012,6,1.17128865133571,1.35730851069047,1.48309019966344,1.14412212809391,0.784963074640931
1158,1.22657935917167,6,0.985463178841598,1.16789653217456,1.21634375397301,0.907418237852681,0.784963074640931
1159,0.975424886372992,6,0.744673852131183,0.967837571061542,1.08988009206731,0.765278417031204,0.784963074640931
1160,1.44901658481847,6,1.06559641052088,1.3590131672281,1.23690129856393,0.939080722017331,0.784963074640931
1161,1.01413218399768,6,0.893225401652839,1.06921289482917,1.01945609009811,0.702715938069784,0.784963074640931
1162,1.43213871032706,6,1.01110819969667,1.32212361239149,1.22760808623937,0.980376372603971,0.784963074640931
1163,1.11416114906892,6,0.806202116407851,1.11567697729491,1.17920581848479,0.841900527756848,0.784963074640931
1164,1.22847165198184,6,0.926189400504804,1.13037148755613,1.2459281065073,0.838811931551736,0.784963074640931
1165,1.35649176445315,6,0.979011358755995,1.23108351253626,0.99202200999272,0.72617966746141,0.784963074640931
1166,1.99009449717791,6,1.44263192689767,1.90875906096866,1.70220301731541,1.34836667067102,0.784963074640931
1167,1.51966511856093,6,1.04941605417935,1.51877726335118,1.64737676855671,1.27346312561442,0.784963074640931
1168,1.69141953057843,7,1.2913651981101,1.63889049385489,1.74004370687991,1.31034682235904,0.830356638439052
1169,1.50257692783353,7,1.18523413080611,1.46716793232067,1.51328105440204,1.10820748961337,0.830356638439052
1170,1.48192569799691,7,1.25709532192533,1.47474336785389,1.46709424170497,1.10674010968247,0.830356638439052
1171,1.60123866855803,7,1.19525651210305,1.54197489743181,1.61845518828367,1.08138360052978,0.830356638439052
1172,1.58795690522742,7,1.26491175249152,1.51172431713188,1.19428897671984,0.938982704709356,0.830356638439052
1173,1.33495655487223,7,1.05866923850968,1.30629832492135,1.15835976054076,0.841000627339176,0.830356638439052
1174,0.758687721856656,7,0.737373603957469,0.766590612585454,0.769873046566198,0.603541909691563,0.830356638439052
1175,0.741214405509083,7,0.583205285472715,0.681169841178703,0.599014938584151,0.44313862177469,0.830356638439052
1176,0.942870707762335,7,0.851683691766958,0.925532843698147,0.923815573890348,0.702481465392585,0.830356638439052
1177,0.854379596060228,7,0.818520733040071,0.873530946731831,0.838266235676551,0.637484208716852,0.830356638439052
1178,1.18645564181423,7,1.1552013079351,1.17960044384045,1.10232922680365,0.940053774039664,0.830356638439052
1179,1.39941775685136,7,1.31959209495608,1.34566753887998,1.16717723435605,1.00674033858507,0.830356638439052
1180,1.08315726462823,7,0.982771753298494,1.00484415995346,0.990173381024279,0.746257988908571,0.830356638439052
1181,0.707480837241847,7,0.622939067425403,0.715667304352375,0.719959551869262,0.533321050475162,0.830356638439052
1182,0.682216100559899,7,0.700486226715242,0.68235346384977,0.709595813309821,0.515939940221021,0.830356638439052
1183,0.96385214221597,7,0.924365877439604,0.920925445390577,0.874502781733022,0.6575322331077,0.830356638439052
1184,1.24506661363703,7,1.1603814813759,1.17808590004007,1.10699314860792,0.835144658940792,0.830356638439052
1185,1.14092846335422,7,1.10468866555156,1.09078117736886,1.10827337175252,0.805803202117362,0.830356638439052
1186,1.09105347090569,7,1.04707658302071,1.03760606153226,1.00368491830167,0.750286288343665,0.830356638439052
1187,1.15652296474677,7,1.10513133896984,1.09377505656899,1.02428194399403,0.759632681771705,0.830356638439052
1188,1.28155697899499,7,1.20245601941959,1.21775360718426,1.03245403880114,0.828075642403221,0.830356638439052
1189,1.11684967134161,7,1.20013543002813,1.13137210173373,0.890405986230509,0.714880005622769,0.830356638439052
1190,1.08037249391351,7,1.03960724608646,1.04851127385952,0.994104501888531,0.742147321283201,0.830356638439052
1191,1.29670737561288,7,1.21484592930772,1.25428388013854,1.08867068360461,0.833111175218821,0.830356638439052
1192,0.92290385944215,7,0.867041761724391,0.857612090336388,0.823674926716059,0.629623247834599,0.830356638439052
1193,1.08718222319141,7,1.05258224105411,1.07763775798642,0.902828343762848,0.635164544917303,0.830356638439052
1194,0.912543735289061,7,0.904458705914608,0.944348043203372,0.690508273477336,0.52959460163044,0.830356638439052
1195,0.926706931346754,7,0.936967277685506,0.932075099361821,0.760054222204709,0.527099042430349,0.830356638439052
1196,1.00858973822507,7,0.999876222591729,1.00974932013218,0.928178758308473,0.707128012707051,0.830356638439052
1197,1.07499423504764,7,1.06237878067053,1.0718167327359,1.02563102504731,0.76457818956006,0.830356638439052
1198,1.06623778513791,7,1.10518616494816,1.1028166389377,0.963876266107729,0.733305740325286,0.830356638439052
1199,1.20858901781034,7,1.20718448844564,1.23121776267207,1.11486774485642,0.8070732764675,0.830356638439052
1200,1.02886369479839,7,1.03906827946554,1.05275648211174,0.765921605286361,0.622299399657381,0.830356638439052
1201,1.24665855367683,7,1.31718725293403,1.24800957226672,1.1026343183219,0.76525067637647,0.830356638439052
1202,1.09169690928011,7,1.1733677451321,1.10980030307103,1.00524932303069,0.743933799214873,0.830356638439052
1203,1.06100443190647,7,1.14103163243498,1.08548162295411,0.950938852656616,0.711539755728486,0.830356638439052
1204,0.919972140106343,7,1.07698763890517,0.947068705618115,0.876555434627954,0.679095726035549,0.830356638439052
1205,0.778918687709549,7,0.850878208099972,0.780492456221098,0.752631758496203,0.552746778121746,0.830356638439052
1206,0.702642275267385,7,0.747359521883027,0.696453865033516,0.662338864884244,0.484363478810988,0.830356638439052
1207,0.89274067695085,7,1.10429799012654,0.903455208114503,0.877419493592019,0.656616530344224,0.830356638439052
1208,0.885198936213321,7,1.01524347579058,0.881394922741252,0.855708940884743,0.641027602912519,0.830356638439052
1209,0.769130018561568,7,0.880498169687895,0.772457466263,0.765231577693434,0.591077045233954,0.830356638439052
1210,0.788717126473572,7,0.895150561252166,0.769503747948152,0.903242545394217,0.57235928754162,0.830356638439052
1211,0.88115850716254,7,1.0376198637486,1.01026337522901,0.886824766811018,0.672404150092958,0.830356638439052
1212,0.828443000073427,7,0.993941925480238,0.835850666312114,0.85062749760928,0.611397468177829,0.830356638439052
1213,0.613961635560948,7,0.762005609096309,0.614765244911044,0.638259872748032,0.458632562913164,0.830356638439052
1214,0.688283155745363,7,0.82379770164691,0.727917780141003,0.92218548425259,0.64399974005939,0.830356638439052
1215,0.872214389174101,7,1.04119386572943,0.921783854683767,0.960570472510511,0.741682850081271,0.830356638439052
1216,0.904079843065876,7,1.05254476751424,0.895152023122721,0.971688735426211,0.721849297144403,0.830356638439052
1217,0.695842973097967,7,0.763761497492422,0.718638661769389,0.858835220167342,0.532670121313576,0.830356638439052
1218,0.810803767633235,7,1.00382362870917,0.877644285098525,0.925488984286728,0.615046105496274,0.830356638439052
1219,0.681225835451369,7,0.894507288278351,0.835071012329921,0.825182650113999,0.515401903820697,0.830356638439052
1220,1.08876474461987,7,1.15493480730102,1.11734534228515,1.08916172515711,0.776672203848956,0.830356638439052
1221,1.10579958101028,7,1.16596408703029,1.13837765057709,1.10787787042951,0.778235658872088,0.830356638439052
1222,1.24220913071077,7,1.29588549435951,1.28603349512215,1.22012916727683,0.910194290756979,0.830356638439052
1223,0.883830777689698,7,0.9986095985194,0.97823753345127,0.963403960321403,0.688096570116085,0.830356638439052
1224,1.04211837975033,7,1.11991748120824,1.07793744384721,1.11433808361215,0.839603324283029,0.830356638439052
1225,1.08326049724134,7,1.06946247470924,1.15599215269677,1.06361525526127,0.785626363388263,0.830356638439052
1226,0.980692869690417,7,1.05130850873661,1.06368686701883,0.985764447614131,0.705266570642322,0.830356638439052
1227,1.06741256666499,7,1.08152490379381,1.10869746021922,1.03507765758704,0.77517392840721,0.830356638439052
1228,0.963430463927228,7,0.978453522915772,0.961864535647454,0.99350394914242,0.749762243834886,0.830356638439052
1229,0.759108921986089,7,0.854271552149483,0.938691110954738,0.847414249524102,0.608951203302395,0.830356638439052
1230,0.838733353352131,7,0.978693327485489,1.02248648328178,0.937706916033249,0.701404854626034,0.830356638439052
1231,1.09599077752303,7,1.10431186838314,1.1338163701851,1.08871835011203,0.828672386110342,0.830356638439052
1232,0.861995732656632,7,0.94065139308853,0.93622646307145,0.881434533892952,0.678211934712733,0.830356638439052
1233,0.925418691387642,7,0.915077985586476,0.93310742153073,0.975253202190596,0.718601058394124,0.830356638439052
1234,0.866297074308475,7,0.870728032572309,0.881555146668536,0.972494458049351,0.742546791784481,0.830356638439052
1235,0.912633798689787,7,0.921091458177322,0.959670713820776,0.989089125006008,0.735195558919817,0.830356638439052
1236,1.10283557572193,7,1.21348693289302,1.263985930821,1.15480492807687,0.929510203171925,0.830356638439052
1237,0.817681439934998,7,0.913932294078301,0.949274277151301,0.934191912341533,0.695270621032786,0.830356638439052
1238,1.10302823829865,7,1.04789364085316,1.23140989039318,1.05974565292611,0.828270663794118,0.830356638439052
1239,0.918727948540603,8,1.05936786541089,1.02697574392378,0.936942028155049,0.692719227326562,0.847443557844005
1240,0.555996635349091,8,0.678505253286513,0.681449397521861,0.780270757018816,0.536543380634759,0.847443557844005
1241,0.967488232352173,8,1.05456160900291,1.06842519986258,1.04060689756678,0.747041747338569,0.847443557844005
1242,1.06223839865538,8,1.12486313814767,1.16927651563636,1.17289268009986,0.889424441420423,0.847443557844005
1243,0.861410741902241,7,0.88083562498699,0.935534057613178,0.947367741732844,0.676678651842654,0.819312183886969
1244,0.824163934655922,7,0.919445624280685,0.958764163271186,0.944877424154755,0.70590703272984,0.819312183886969
1245,0.836246844646011,7,0.888350890676747,0.904827486405219,0.914473493680837,0.676174542643751,0.819312183886969
1246,1.04352514955662,7,1.11981400518818,1.16987623113329,1.11656456015539,0.863400211212001,0.819312183886969
1247,0.93850699942209,7,0.990117814538507,1.05279228330341,0.993269860447853,0.707969245116122,0.819312183886969
1248,0.831988430059108,7,0.865680662734774,0.900965539332082,0.852412643231664,0.626275758088077,0.819312183886969
1249,1.03176192714672,7,1.05538794315689,1.10593019752155,1.07967369165594,0.815581471146366,0.819312183886969
1250,0.879128480363376,7,0.90350932962013,0.913736792037686,0.965802710958504,0.739549839483247,0.819312183886969
1251,0.872528347554895,7,0.963348063189509,1.04655928549489,0.976097148832497,0.692395973024278,0.819312183886969
1252,0.851360575185212,7,1.02111048984986,1.04995828357275,0.886616671141893,0.635476112942762,0.819312183886969
1253,1.16057851299675,7,1.25380393386243,1.26526837991342,1.07753506470656,0.87086602742227,0.819312183886969
1254,0.71865748283802,7,0.89568841322461,0.922350540908044,0.769651557950974,0.500833368008802,0.819312183886969
1255,0.9154907313362,7,1.10654923715531,1.14509982087668,0.904516863570048,0.703199951750729,0.819312183886969
1256,0.942563768116289,7,1.1231418570908,1.14909900156431,0.946896150353718,0.724092561051497,0.819312183886969
1257,0.800329798036587,7,0.9087207225156,0.920670394444759,0.866588906481025,0.644752516441579,0.819312183886969
1258,0.0921252378719553,7,0.137532286872644,0.198110932781726,0.088603053503443,0.0658880613593459,0.819312183886969
1259,0.831118241669165,7,0.88451345742789,0.793229978738173,0.849547400608628,0.603152875139308,0.819312183886969
1260,1.07117138246777,7,1.1176720895038,1.10556421224756,1.0077396604552,0.777441727533537,0.819312183886969
1261,0.964202931485995,7,1.0104966527054,1.05811526275977,0.948992051557085,0.719549503870733,0.819312183886969
1262,1.02122454776778,7,1.05712347467082,1.21387422658017,0.877970284933864,0.583228208596665,0.819312183886969
1263,1.05647192164135,7,1.12086576677857,1.25985292601125,0.890495154921191,0.705551284481827,0.819312183886969
1264,1.00242549426233,7,1.01566313623507,1.21033724753349,0.955996567239626,0.710627675787919,0.819312183886969
1265,0.900394667955518,7,1.06244256511102,1.20253295693715,0.9689925467276,0.789658755152496,0.819312183886969
1266,0.900883774804473,7,0.854627920489716,0.994263384463134,0.870549165360317,0.630611302874969,0.819312183886969
1267,1.2721081368678,7,1.26281482725712,1.43987868090961,1.1878748505056,0.920157942476895,0.819312183886969
1268,0.852422751440049,7,0.861533949144091,1.02042614524902,0.881858541987875,0.640941403378951,0.819312183886969
1269,1.15464810520845,7,1.14881537435871,1.31115865808407,1.06066117265127,0.80849065138247,0.819312183886969
1270,1.28399713040203,7,1.26811754347401,1.45764584272389,1.16923960382685,0.942175574157845,0.819312183886969
1271,1.14030460395468,7,1.14095092232464,1.29739721668703,1.13476264187369,0.849529033613063,0.819312183886969
1272,1.09516655949246,7,1.11056536227999,1.20995667166137,1.02700871500382,0.752003948025837,0.819312183886969
1273,0.816585528171264,7,0.818082823531895,0.90017190716044,0.845760615303647,0.591197735820913,0.819312183886969
1274,0.927348963874497,7,0.908890637101802,1.04919090234476,0.892331696701719,0.644057003380558,0.819312183886969
1275,0.938044564091665,7,1.03171946101278,1.17942899992968,0.916001872921067,0.693100553097043,0.819312183886969
1276,0.978881329766492,7,0.990968600218361,1.08159886602929,0.908219074922808,0.607729656532275,0.819312183886969
1277,0.994987127577493,7,1.04911453639758,1.12305689342912,0.955703571802889,0.730107238309454,0.819312183886969
1278,0.714029413960037,7,0.74351416096596,0.803622758222228,0.814655575481548,0.568942817863249,0.819312183886969
1279,0.86402693303266,7,0.884566453466065,0.956075560540345,0.875891035545824,0.622326409706466,0.819312183886969
1280,0.648753317269064,7,0.650062944144863,0.699980961843954,0.633863500541304,0.406123465165568,0.819312183886969
1281,0.853338714332248,7,0.923199531341338,0.954349955683868,0.737681121460543,0.499615395153275,0.819312183886969
1282,1.08710669078647,7,1.16520972722006,1.12669625846314,0.827095965668456,0.595535625492765,0.819312183886969
1283,0.90403648280064,7,1.17616576493039,1.19279926792349,0.803241032381962,0.553599072751105,0.819312183886969
1284,0.87754809202564,7,1.03625942263955,1.01521319348799,0.790237344243915,0.50579489893725,0.819312183886969
1285,0.899066735076278,7,1.11184784962299,1.13239527473918,0.835089763286214,0.499418351343909,0.819312183886969
1286,0.983871372907376,7,1.19916673322724,1.1926466550629,0.880383026450818,0.590805224198066,0.819312183886969
1287,0.730371697099131,7,0.889731520828787,0.856807620692707,0.627688535773655,0.402925722536187,0.819312183886969
1288,0.591075350209646,7,0.820875908854006,0.78426734480635,0.693613041065561,0.394396275582037,0.819312183886969
1289,0.701647681063625,7,0.861501227155722,0.890193388112246,0.607293944152855,0.399608754515013,0.819312183886969
1290,0.988823819421012,7,1.17926242576492,1.15609022700414,0.911100584778313,0.65360868215381,0.819312183886969
1291,0.63785401016651,7,0.820265496009652,0.742333924696531,0.664693865419275,0.422482687383563,0.819312183886969
1292,0.842368058028347,7,1.05473595890813,1.00982120116363,0.796319867542569,0.566137077804455,0.819312183886969
1293,0.765232161479369,7,1.09601279366277,1.00568502449772,0.800391991063611,0.555456524925925,0.819312183886969
1294,0.624083279420388,7,0.759966039137209,0.701369783144191,0.62021592282333,0.365395609481044,0.819312183886969
1295,0.829263842995416,7,1.02934136455508,0.951319116406764,0.796290054446905,0.531224641313413,0.819312183886969
1296,0.664192643405739,7,0.874567669706174,0.812458755028133,0.601382931392604,0.393969982264811,0.819312183886969
1297,0.53498317736533,7,0.694347749089297,0.664929362267728,0.47333546738224,0.302308252576895,0.819312183886969
1298,0.824600331134471,7,1.10741192625554,1.05651157462692,0.676912305330762,0.490892225278604,0.819312183886969
1299,0.684734650083882,6,0.792444177824537,0.851453450744706,0.536255640499275,0.382466323799165,0.771525386739338
1300,0.724871952364567,6,1.07375028457013,1.09473513468848,0.688427421391446,0.454207351466236,0.771525386739338
1301,0.915438536650916,6,1.03716563086167,1.03293208619784,0.901803015667516,0.661351877606316,0.771525386739338
1302,0.668042054338039,6,0.900339314963718,0.918909948417429,0.750797938882133,0.501176888914963,0.771525386739338
1303,0.814274876289557,6,1.02981633023578,1.08141583788457,0.902075069914283,0.635524115574975,0.771525386739338
1304,0.788099934219879,6,0.888391312239143,0.971405290529771,0.846756172560361,0.556297682164329,0.771525386739338
1305,0.971525775819929,6,1.03392475470524,1.13513023744622,0.893066460242202,0.644306856245888,0.771525386739338
1306,0.821864719176517,6,0.961677042815887,1.06790482785953,0.912012442227491,0.639768191240756,0.771525386739338
1307,0.718330582225245,6,0.778185226359202,0.892519220055389,0.732194505927321,0.409692912807397,0.771525386739338
1308,0.995046499541953,6,0.974219603299523,1.12816346290855,0.924805774429012,0.649069074937216,0.771525386739338
1309,0.935753022209211,6,0.892468163395075,1.09679339056848,0.914681569247744,0.620073249055189,0.771525386739338
1310,0.959878730099132,6,0.974921899088005,1.28244887439723,1.04760879994595,0.763075546154989,0.771525386739338
1311,1.12880817797555,6,1.08697729623802,1.33483953397913,1.10975127603686,0.866202595412316,0.771525386739338
1312,1.16624105116538,6,1.18533714361186,1.43425020354468,1.00772211443989,0.552797644518241,0.771525386739338
1313,1.15074697163716,6,1.15142664527839,1.3882405063615,1.11012104525893,0.849532015131294,0.771525386739338
1314,1.18948694137456,6,1.22093527869666,1.51689178663658,1.04670193872974,0.895955722795549,0.771525386739338
1315,1.06019537821579,6,1.08964633757129,1.27138989930079,0.951807731556136,0.73796013389945,0.771525386739338
1316,1.17595331380829,6,1.26672342710615,1.42009682974149,1.05958185328763,0.823839663248652,0.771525386739338
1317,1.07034143524913,6,1.2514129811525,1.45893113113153,1.06567911488089,0.871291447843415,0.771525386739338
1318,1.18559438800029,6,1.25919120760371,1.35102174050967,1.08533602563737,0.844446252023919,0.771525386739338
1319,1.0163214525217,6,1.25877996154317,1.31602936584942,1.03365563384578,0.813984382684124,0.771525386739338
1320,0.397319440515588,6,0.373615675206871,0.410704284446535,0.489838255820719,0.232360523167445,0.771525386739338
1321,0.5359367279274,6,0.507113675969436,0.543127420491644,0.606901843103388,0.310728520772688,0.771525386739338
1322,0.393249455532124,6,0.428545035189456,0.401188524755442,0.578382518721856,0.28825081948689,0.771525386739338
1323,0.603859683827617,6,0.712481955726525,0.617832062237163,0.696752602792898,0.416466959283489,0.771525386739338
1324,0.743840984912682,6,0.87017584297722,0.774221615728116,0.771207814002875,0.500521027363832,0.771525386739338
1325,0.966697647742765,6,1.21682793089675,1.06671094351315,0.920188856681936,0.62905176340505,0.771525386739338
1326,0.853065956741794,6,1.06126912935043,0.932673725201026,0.857192488068613,0.574898193970328,0.771525386739338
1327,0.658883258488383,6,0.855787453880208,0.693184114960924,0.770119656837393,0.473136333087133,0.771525386739338
1328,0.65196836162305,6,0.869552589252998,0.761031303614642,0.661491079162392,0.420205565665618,0.771525386739338
1329,0.684316673836404,6,0.990776217778764,0.745368350124989,0.715183735796516,0.470178982744981,0.771525386739338
1330,0.480303659100938,6,0.749549222348633,0.568252436185243,0.362952006113467,0.230622238495714,0.771525386739338
1331,0.607991642685044,5,1.0141219771834,0.798957293417476,0.620302910580795,0.45422769938023,0.801065366267668
1332,0.600389538259362,5,1.18977368893144,0.778655674274268,0.637959173989909,0.521332909123643,0.801065366267668
1333,0.356473114403557,5,1.07142357634287,0.81226970108794,0.687420201005332,0.527110124919963,0.801065366267668
1334,0.373708685260699,5,1.13527737819823,0.678498291243145,0.632971187439038,0.479001645386932,0.801065366267668
1335,0.235191193463869,5,0.727247546688436,0.497579047543913,0.391570262602401,0.326153319893579,0.801065366267668
1336,0.381180440071853,5,0.637023890496631,0.520961097652343,0.307962635290318,0.290475726814942,0.801065366267668
1337,0.519134365406744,5,1.02554338796624,0.821844097562099,0.705685926965895,0.513324732890409,0.801065366267668
1338,0.561312766805921,5,1.01493810088267,0.814723872758685,0.714342985223316,0.516365496424009,0.801065366267668
1339,0.721926226585594,5,1.32896785306872,0.905698633061609,0.937012116257641,0.675722459694796,0.801065366267668
1340,0.571805223490057,5,0.993384137725063,0.84252472306002,0.740542623616578,0.550788797246597,0.801065366267668
1341,0.711485574600572,5,1.13561199174512,0.92485694340956,0.803271758324123,0.611575104696364,0.801065366267668
1342,0.554675324819164,5,0.786492549081899,0.677599801212421,0.371017536097432,0.272351492272656,0.801065366267668
1343,0.521565911252534,5,1.02001580328381,0.885680538655237,0.745120410507133,0.561217952832846,0.801065366267668
1344,0.703129599741027,5,1.04400335942845,0.871993520133506,0.75848850904704,0.53643097378515,0.801065366267668
1345,0.781246671328463,5,1.21535076650444,1.09117154991078,0.842402457208395,0.63113773609758,0.801065366267668
1346,0.759114528900374,5,1.10222873035875,1.00840474076343,0.761887114706589,0.581127058881724,0.801065366267668
1347,0.784913697234362,5,1.13138754562836,1.06308077802986,0.768944192285002,0.587493208550571,0.801065366267668
1348,0.714722222164174,5,1.0454310439604,0.95213838905041,0.769877403482682,0.58268391477105,0.801065366267668
1349,0.547840106986849,5,0.85560712489231,0.745312053016665,0.715057737466763,0.535828766399376,0.801065366267668
1350,0.663355595572393,5,0.982734130548663,0.874812637023918,0.783088458064911,0.601931904285573,0.801065366267668
1351,0.556162246698704,5,0.886851379028477,0.809421582768179,0.716309669916248,0.531662029236792,0.801065366267668
1352,0.50691517782424,5,0.711643367082672,0.656233545713851,0.553447590450195,0.416394036714164,0.801065366267668
1353,0.795318561167366,5,1.13432763890001,1.05947966699541,0.81075456944262,0.610691728610732,0.801065366267668
1354,0.679432170035592,5,0.923464093974528,0.86150136866221,0.710119302692222,0.520075113044325,0.801065366267668
1355,0.755851198494651,5,1.02637711835908,0.965719240665211,0.805224981335365,0.639627751548981,0.801065366267668
1356,0.79609537244912,5,1.05655944552146,1.05402897201391,0.865263517319366,0.659561525436104,0.801065366267668
1357,0.776425628511276,5,1.04669867582521,1.05180001210444,0.761091896361256,0.611003176455402,0.801065366267668
1358,0.781982341443297,5,1.03996166160488,1.00714372466088,0.857370722247949,0.61744292359476,0.801065366267668
1359,0.705509078027321,5,0.919886808219324,0.914379534992875,0.66036372934447,0.50316369575209,0.801065366267668
1360,0.427302636115211,5,0.481456666861365,0.571050549665032,0.507521444678335,0.376826504116225,0.801065366267668
1361,0.789918829863715,5,1.03266747758944,1.05457435379723,0.840256603216824,0.655528234914154,0.801065366267668
1362,0.916677264338979,5,1.12707771673484,1.15149451862605,0.947171444956357,0.699903821198316,0.801065366267668
1363,0.889499073919408,5,1.13053471579078,1.1999504041043,0.643038843192277,0.684218719984057,0.801065366267668
1364,0.829584175722428,5,1.00909083362297,1.06734186594276,0.562127563090202,0.616182643624209,0.801065366267668
1365,0.926077581892653,5,1.14518928406052,1.21320374689942,0.995083319126438,0.777584279136607,0.801065366267668
1366,0.844662654871019,5,1.13031712853969,1.10648535958152,0.974278263895263,0.75347401169091,0.801065366267668
1367,0.874261105437154,6,1.06108438234108,1.17532575608161,0.946119715707812,0.743401854927543,0.831031064115623
1368,0.875420477308327,6,1.09108933672192,1.21900794481427,1.01301453864651,0.771556960121965,0.831031064115623
1369,0.695869226094016,6,0.886803177675954,0.856129917518882,0.727779234052567,0.551864268696905,0.831031064115623
1370,0.757530501980985,6,0.952225779166322,1.00298883428678,0.805874397333302,0.600833371520888,0.831031064115623
1371,0.79469374112736,6,1.02119897030526,1.05740527976397,0.827262627796563,0.622840936671338,0.831031064115623
1372,0.857007106235468,6,0.943692770958576,0.981566743940028,0.830659805700269,0.612874561028625,0.831031064115623
1373,0.595444668000755,6,0.734722448434701,0.795379614076758,0.625414719340014,0.448518078433439,0.831031064115623
1374,0.644247772370367,6,0.830157965093375,0.846471858543427,0.64726096937751,0.513530460838432,0.831031064115623
1375,0.668760867766056,6,0.81379860543007,0.826819760013445,0.699050001494402,0.49752644601746,0.831031064115623
1376,0.806496430111695,6,1.00108315233891,1.0723327062192,0.794522355964983,0.601404555322301,0.831031064115623
1377,1.00857127842501,6,1.23704626050783,1.32265784019339,1.05804747322348,0.791539930426764,0.831031064115623
1378,0.795340908336745,6,0.995127497133656,1.03067982403802,0.798224579372732,0.643662219013085,0.831031064115623
1379,0.789994755834587,6,0.936501414407905,0.99605019776827,0.799155808250541,0.585831033799481,0.831031064115623
1380,0.909537960707913,6,1.09653381484833,1.16835250748218,0.876568080192636,0.677174113496619,0.831031064115623
1381,1.25905618390409,6,1.36532065413076,1.44518161173652,1.13760279122529,0.857911479918794,0.831031064115623
1382,0.836769548005612,6,0.933742585345347,1.08762131796516,0.899308048661999,0.645947182431526,0.831031064115623
1383,0.924763534873094,6,1.05393346456806,1.15811492731228,0.940772428593703,0.699566282114858,0.831031064115623
1384,0.892286092933781,6,0.996545469069931,1.07112774222038,0.903809578015882,0.692535232493142,0.831031064115623
1385,0.943932617462037,6,1.12620493182542,1.21643628081043,0.838202536680556,0.599183481260022,0.831031064115623
1386,0.864410420029039,6,1.11050066891456,1.1945797057321,0.89815065400828,0.632635391590201,0.831031064115623
1387,0.689439883408155,6,0.837927007361216,0.865775099945926,0.690574043573535,0.466963981191155,0.831031064115623
1388,0.764555644773354,6,0.916571771437394,0.905965152540761,0.733661643090936,0.551919242127516,0.831031064115623
1389,0.853334552946635,6,1.01983213181355,1.06009910317671,0.632802905792147,0.51718800559494,0.831031064115623
1390,0.81897521976192,6,0.99717779982203,1.00107175845952,0.731226591325765,0.57979982444315,0.831031064115623
1391,0.684837185008035,6,0.962412129986579,0.941869894797024,0.710269558353017,0.534181683818488,0.831031064115623
1392,0.768300135417925,6,1.03183264852987,0.921169836576663,0.821267049225691,0.61554642253803,0.831031064115623
1393,0.553332120736754,6,0.815274388291552,0.712991333334737,0.68090389118821,0.483307376882336,0.831031064115623
1394,0.623819369164697,6,0.911758987732356,0.832672355111012,0.775458815459151,0.571644311853846,0.831031064115623
1395,0.796053725422043,6,1.21355970243893,1.03754094584789,0.903332487245317,0.667585966462893,0.831031064115623
1396,0.750718178129539,6,0.935203211022751,0.875243987962868,0.78944155650854,0.579431283043654,0.831031064115623
1397,0.784516621939964,6,1.15435004521931,1.10700129125387,0.982784662535763,0.739162057938427,0.831031064115623
1398,0.743877116419605,6,0.912053468162747,0.843999447515182,0.774653438848332,0.557478127352225,0.831031064115623
1399,0.136412998657533,6,0.177053541417983,0.172342877775568,0.172784338933238,0.125963588534986,0.831031064115623
1400,0.627043971826354,6,0.841951417843864,0.728202683692971,0.65948042311338,0.491459758698167,0.831031064115623
1401,0.651967253549128,6,0.9249598998853,0.775200923086548,0.705893890573363,0.522278481859147,0.831031064115623
1402,0.565179258983582,6,1.18673255764454,0.964509476786675,0.867726738742758,0.646206897952049,0.831031064115623
1403,0.793315968426852,6,1.34460466696743,1.10385679187174,1.04171544757995,0.77936916095054,0.831031064115623
1404,0.642663837033554,6,1.17744975845702,0.964485349516789,0.946854907306666,0.712947111929673,0.831031064115623
1405,0.683729927465899,6,1.21573614450575,1.00931328681044,0.882066216543911,0.650944929177703,0.831031064115623
1406,0.910628639571011,6,1.25496812136215,1.05096292724796,0.943798816125409,0.712946568415969,0.831031064115623
1407,0.698493951210696,6,0.989854795208889,0.830803228369192,0.713890062082945,0.539137690127733,0.831031064115623
1408,0.541220768696248,6,0.756861972804704,0.621378981128235,0.572909259592381,0.396676237083155,0.831031064115623
1409,0.887656340154611,6,1.26276662211976,1.02654048692975,0.77654447945115,0.601728663909096,0.831031064115623
1410,0.719485380680533,6,1.01730200233107,0.761399996446476,0.54356364472084,0.456987172885574,0.831031064115623
1411,0.598547718148587,6,0.810978142995481,0.619546740387238,0.523182046154611,0.335528787443306,0.831031064115623
1412,0.700760907951304,6,0.970944287457999,0.668547439400655,0.794416359391253,0.558470039599549,0.831031064115623
1413,0.540899212319904,6,0.702523613131387,0.595083252731386,0.499031110244807,0.350664678064254,0.831031064115623
1414,0.578180660341864,6,0.764147205939575,0.672737214966812,0.584176569647066,0.44521569660749,0.831031064115623
1415,0.549202960139874,6,0.713908821982715,0.616424594984003,0.441954624090055,0.322973363197159,0.831031064115623
1416,0.829264444385237,6,1.04780767308169,0.967608839942066,0.87168657629709,0.65476307926104,0.831031064115623
1417,0.759349273143493,6,0.970754467240515,0.922777038007871,0.817026891421162,0.612646416449856,0.831031064115623
1418,0.633507406035079,6,0.791212523115418,0.724251907473315,0.647709965756782,0.486964408644661,0.831031064115623
1419,0.979199152485233,6,1.256814347808,1.18793160361054,1.03129889859325,0.793949773608961,0.831031064115623
1420,0.851246947058417,6,1.02032063587836,1.14101574409413,0.925269517938954,0.672674589861579,0.831031064115623
1421,0.819414067555011,6,0.930693422879348,0.990940640277655,0.872748722432997,0.635408764299846,0.831031064115623
1422,0.858595916853841,7,0.889770351850401,0.893789326994628,0.889692208113491,0.666266487588493,0.863842671318068
1423,0.913111756005532,7,0.957357391367072,0.901326124035785,0.943286863572093,0.706131493496723,0.863842671318068
1424,1.18459531116901,7,1.25657834911206,1.30147889479523,1.14288910827073,0.861175752908863,0.863842671318068
1425,1.12157417700485,7,1.10263565738892,1.16983107663172,1.04819650370121,0.774134498599862,0.863842671318068
1426,1.20705145661225,7,1.1136544479609,1.2185512154783,1.05530253496616,0.888085346245408,0.863842671318068
1427,1.12347088138496,7,1.06138606769478,1.16466453875497,1.11786069030216,0.854257898117019,0.863842671318068
1428,1.22929558963043,7,1.1315568553122,1.26376210186213,1.2840928742729,0.929348231823077,0.863842671318068
1429,1.18787092144304,7,1.08852297412705,1.21113698935538,1.27601670146269,0.916517277422831,0.863842671318068
1430,1.00752259666935,7,0.930305632084564,1.05226255663454,1.09668964513116,0.783837328192046,0.863842671318068
1431,1.00779523465171,7,0.988700769947167,1.08913266779143,1.1515630390924,0.792855022571363,0.863842671318068
1432,0.947921013228093,7,0.962119425837144,1.03452570221623,0.941976031462823,0.691569684586761,0.863842671318068
1433,0.975157469887437,7,1.05869306996601,1.1348127775325,1.12685386286008,0.865274263422958,0.863842671318068
1434,0.932025945283049,7,1.07480251273499,1.1343929777024,0.984022716678917,0.817290073316242,0.863842671318068
1435,0.969800120373102,7,1.04804977926576,1.11150219464658,0.949350278259119,0.756605151452927,0.863842671318068
1436,0.784695868732824,7,0.943276153483983,0.961050960165304,0.832711858159601,0.682098019275969,0.863842671318068
1437,0.699723935575433,7,0.882469370494522,0.906376466207669,0.854112493558788,0.689041344680273,0.863842671318068
1438,0.749373901648299,7,0.923357202861927,0.969712367193131,0.90654420658333,0.70063054541275,0.863842671318068
1439,0.630673135407733,7,0.768015356007119,0.767983291631274,0.583772485556213,0.610599396475625,0.863842671318068
1440,0.881378019038418,7,1.07807739047403,1.04330331119823,1.06067758858812,0.766053261759508,0.863842671318068
1441,0.9236212253186,8,0.983463852007969,0.945805967307049,0.816681941719973,0.746356321661685,0.872009520808924
1442,0.87434069011347,8,0.867002059122948,0.903787337311347,0.94502205243562,0.72696871180253,0.872009520808924
1443,1.2060902465123,8,1.29520245600966,1.32826607584183,1.36017700925164,1.03707490215076,0.872009520808924
1444,0.837855572955042,8,0.789145256389061,0.824076891147718,0.835628014398006,0.67419280118578,0.872009520808924
1445,0.812609944467096,8,0.828941697971256,0.84301705413149,0.846763133100419,0.658626811486099,0.872009520808924
1446,0.959319655398245,8,1.01618830779062,0.973610673891637,1.10575728728054,0.778565994569075,0.872009520808924
1447,1.07408823159036,8,1.17061201691738,1.16976726268378,1.18439027696773,0.882638155563664,0.872009520808924
1448,0.710539497749982,8,0.787257424956551,0.69727417586029,0.83430151663625,0.58422940833054,0.872009520808924
1449,0.797178406347425,8,0.888508720986437,0.791536488233421,0.880545813400037,0.647465196659523,0.872009520808924
1450,0.567472763940106,8,0.714367218348565,0.673377884065968,0.728221226298843,0.457681578397508,0.872009520808924
1451,1.06746141278632,8,1.22825849469949,1.13455688895512,1.20956471454958,0.873807506070368,0.872009520808924
1452,0.925137779427044,8,1.03902171073535,0.981322186054529,1.03823392043309,0.748544903945839,0.872009520808924
1453,0.938521428307861,8,1.08726301559254,1.02429354698387,1.11009818955405,0.7920752032105,0.872009520808924
1454,1.04805705847437,8,1.22221023255664,1.12828432555467,1.1299242518643,0.826656953926036,0.872009520808924
1455,0.942960427760141,8,1.11519762979337,1.04036274372792,1.08856348984933,0.814232755137817,0.872009520808924
1456,0.801425517920536,8,1.03469665219174,0.929931766602576,0.995082973662899,0.740694378274007,0.872009520808924
1457,0.774115415543651,8,0.981266545889585,0.851524048274161,0.884352866803782,0.655666872632406,0.872009520808924
1458,0.750292164711818,8,0.934772909817774,0.84717195691581,0.906978914772544,0.659823646861354,0.872009520808924
1459,0.698817398356331,9,0.988458673087862,0.918091715587577,0.805193326050279,0.613434646582408,0.888143474561192
1460,0.868891967205475,9,1.05557430269622,0.998348838876214,0.94027606511386,0.688784176497935,0.888143474561192
1461,0.723073237713998,9,0.931951871123718,0.842740550319112,0.726310414185723,0.550749396809691,0.888143474561192
1462,0.663427525544301,9,0.936083524340953,0.842613880228998,0.820414344285185,0.601995380213785,0.888143474561192
1463,0.756054138911551,9,1.00037108980653,0.885782896208082,0.879277983504453,0.638291158562139,0.888143474561192
1464,0.683130448922336,9,0.989060502651426,0.849999258765281,0.77565651311669,0.557549828673527,0.888143474561192
1465,0.698187452667796,9,1.00549484443229,0.829203263915016,0.769281553744195,0.572162286396027,0.888143474561192
1466,0.576103465938805,9,0.89029876614754,0.733065471462861,0.62904649488133,0.470507357148185,0.888143474561192
1467,0.828617599749292,9,1.05303891112087,0.927266091077368,0.91804915890807,0.670973457536913,0.888143474561192
1468,0.822194601966854,9,1.09351767440514,0.930572328831632,0.948625400005588,0.688370009023216,0.888143474561192
1469,0.760559823361995,9,0.989976227854,0.812416649118342,0.834557324287268,0.607352781573142,0.888143474561192
1470,0.810350152354988,9,1.04173777781306,0.894502264128564,0.955405984927994,0.705830252333367,0.888143474561192
1471,0.782046748081137,9,1.00715735785301,0.827626291028476,0.870287060748397,0.636878491828701,0.888143474561192
1472,0.728075141703324,9,0.966084325452121,0.791594251465556,0.789291599755044,0.573523896909206,0.888143474561192
1473,0.685734812933277,9,0.937141538311537,0.76875345021766,0.754653428601438,0.555521065419768,0.888143474561192
1474,0.749486984210193,9,0.98903708926311,0.815919809438675,0.801620084046981,0.601172604413166,0.888143474561192
1475,0.696693386315129,9,0.940341574630334,0.770889265417369,0.753447684391328,0.53252996851325,0.888143474561192
1476,0.628753509042073,9,0.840018989703365,0.703567803572335,0.714328473849505,0.50837416981581,0.888143474561192
1477,0.766004292483438,9,1.03058637580436,0.819436438151303,0.833070075173307,0.640795487721721,0.888143474561192
1478,0.8669795959002,9,1.13223633729549,0.967605271410754,0.903848944086382,0.661673638650539,0.888143474561192
1479,0.659954938446749,9,0.833782957156503,0.707412384078566,0.72319911374222,0.515409201867712,0.888143474561192
1480,0.57549698943202,9,0.747592769464164,0.637157402679697,0.622153667371977,0.460208794940672,0.888143474561192
1481,0.814365793869198,9,1.05998387389556,0.90854506685852,0.828078159442894,0.639156361137799,0.888143474561192
1482,0.734491233754382,9,0.895111158961369,0.78267104552722,0.81150249479741,0.594302265607863,0.888143474561192
1483,0.768357630580152,9,0.932054077561941,0.793038137233598,0.830447553567741,0.608646562332914,0.888143474561192
1484,0.819075316237376,9,0.995985004116328,0.89245263573649,0.858860009009033,0.650780312298341,0.888143474561192
1485,0.838385872538939,9,1.03638089657475,0.922399607166403,0.861738163022074,0.642669482355541,0.888143474561192
1486,0.934520747607614,9,1.12596229270197,1.05525551463912,0.95105334197699,0.713590197680616,0.888143474561192
1487,0.916642317168249,9,1.06267269662577,1.02277236879386,0.921698680870891,0.716925540517517,0.888143474561192
1488,0.922556872558885,9,1.07046033862649,1.0205072729143,0.961994997241814,0.74568747426927,0.888143474561192
1489,0.891929408414938,9,1.04404438859743,1.00511432627001,0.912446491680621,0.70793997672336,0.888143474561192
1490,1.06302009477765,9,1.20675909744652,1.15812664070498,1.03825463207754,0.803942714546077,0.888143474561192
1491,0.992729411693359,9,1.1897398462515,1.09197754305917,0.996630496703117,0.709820171095799,0.888143474561192
1492,1.02009705473839,9,1.10461455447148,0.913224944463203,1.04482160543927,0.820488870264048,0.888143474561192
1493,0.926395791440807,9,1.04405193095584,0.992550829226449,0.968761174447848,0.74396958214462,0.888143474561192
1494,0.921857598283003,9,1.08872350794113,1.0020430511967,0.926777367655374,0.691240148392869,0.888143474561192
1495,0.689243483968708,9,0.77732112399659,0.752869655947585,0.750471410581275,0.55448593289463,0.888143474561192
1496,0.49153534022245,9,0.575645400333115,0.547293863339324,0.49878089763047,0.366306313794107,0.888143474561192
1497,0.813218100733439,9,0.949805349280197,0.89916517559693,0.825880686077139,0.609618714542629,0.888143474561192
1498,0.649725023390732,9,0.768810196755876,0.760376108268277,0.683629399446086,0.485075204105782,0.888143474561192
1499,0.776121540773049,9,0.899028719130399,0.871164383060216,0.842929998591385,0.629246499790783,0.888143474561192
1500,0.697029110913502,9,0.776313593908802,0.772488634487845,0.760882637041278,0.554414509357521,0.888143474561192
1501,0.885710261611629,9,0.969746847936749,0.970129628392886,0.987920755372741,0.725320045155961,0.888143474561192
1502,1.02235974653847,9,1.16664741227676,1.14383724422328,1.09235647769977,0.80390334287632,0.888143474561192
1503,0.834970470223084,9,0.918989631181167,0.964453866640018,0.917822707005864,0.656538142350594,0.888143474561192
1504,0.93750414628712,9,0.975510755514898,1.06054307292321,0.977816996878116,0.725766372285364,0.888143474561192
1505,0.919626057278806,9,0.961214300789236,1.03441507074081,0.979124699903877,0.710594331347263,0.888143474561192
1506,0.878846333202114,9,0.907080022522453,0.941609551940907,0.875257177257679,0.676073788637514,0.888143474561192
1507,1.17175237526678,9,1.2446950078425,1.36399856189438,0.981018866849267,0.924064306743155,0.888143474561192
1508,0.849758636236207,9,0.857795448012012,1.00831522233043,0.943172459282865,0.700842262042208,0.888143474561192
1509,0.913661342698701,9,0.861917507749952,0.991567836015849,0.934726406074256,0.69732994146996,0.888143474561192
1510,1.14582385849775,9,1.09666827522458,1.25807005663476,1.15799402952011,0.894475055226141,0.888143474561192
1511,1.31369286854186,9,1.29014374228356,1.47423118046818,1.31961713019923,1.03847613387945,0.888143474561192
1512,1.24159339251471,9,1.18392251363498,1.36359805493004,1.36529168219909,1.00129182989248,0.888143474561192
1513,1.17859978821472,9,1.12412223926336,1.27649811012771,1.30160615156444,0.944863555215088,0.888143474561192
1514,1.11665446637991,9,1.08669124763464,1.23091671182818,1.1769832223154,0.883622909481868,0.888143474561192
1515,0.906304142497813,9,0.909648615186538,1.0336132144781,0.934154721492975,0.736009233133377,0.888143474561192
1516,0.897209692180904,9,0.970180445023726,1.07356116807301,0.912719812263769,0.714430099383481,0.888143474561192
1517,0.853343942516757,9,0.938379373491498,1.04158402546011,0.869612339064005,0.693665192803633,0.888143474561192
1518,0.859387890658677,9,0.878433376185896,0.956100347727369,0.966533930696432,0.733767850469585,0.888143474561192
1519,0.976815412486506,9,1.03162744784808,1.11979739054021,0.949066469932762,0.743086940635302,0.888143474561192
1520,0.995730347844697,9,1.02245657837162,1.14932793796288,0.954527095101666,0.786650988713801,0.888143474561192
1521,1.04395654618437,9,1.08304363495532,1.17718282010693,1.16179298767491,0.870355964864483,0.888143474561192
1522,0.550108877257345,9,0.548149092221612,0.601238446601739,0.644871621763702,0.462112176112158,0.888143474561192
1523,0.904431411433088,9,0.943166572795848,1.01657900609629,0.980235803020191,0.628199639477608,0.888143474561192
1524,0.684481545088991,9,0.706963999726671,0.752758234034122,0.789738580849262,0.56621028274998,0.888143474561192
1525,0.998567952140068,9,1.06422706405906,1.1232819879878,1.05548463178494,0.748906080589894,0.888143474561192
1526,0.924973000814454,9,0.968564739909192,1.01744756429927,1.02441097213486,0.753931971577019,0.888143474561192
1527,0.978656774627031,9,1.02400701009449,1.10289991618488,1.02317901885175,0.764395073876466,0.888143474561192
1528,0.894901410444345,9,0.947071029136188,1.05815172930012,0.925634401188939,0.670877237059543,0.888143474561192
1529,1.10782225684642,9,1.24500511469901,1.33960342925364,1.24783737059866,0.942689008905327,0.888143474561192
1530,1.17502875278152,9,1.24572781941093,1.32162085918223,1.23246172544195,0.94140133328111,0.888143474561192
1531,0.918056802297003,9,1.05937583463245,1.10819794619931,1.07249503431483,0.803754015939826,0.888143474561192
1532,0.904944403250085,9,0.948061691379234,1.0142268641218,0.8171449389777,0.650339360858128,0.888143474561192
1533,1.05609248288682,9,1.16923223080375,1.21007442884109,1.11053187880335,0.854127395361017,0.888143474561192
1534,0.748245625219118,9,0.809714006516825,0.812689015579771,0.840775198010352,0.619559619996227,0.888143474561192
1535,0.75847760928062,9,1.03681361749481,1.04663897204001,0.99979610820234,0.756082597556784,0.888143474561192
1536,0.945590142568223,9,1.09436672048721,1.0944242445697,1.04108223447617,0.79397829998809,0.888143474561192
1537,0.888374895445191,9,1.12508083279153,1.04177681709239,1.01124772258857,0.781992180091231,0.888143474561192
1538,0.653712024865332,9,0.859878879447611,0.838072677741767,0.810625022180539,0.609362057512725,0.888143474561192
1539,1.01395664186211,9,1.22634731736882,1.16990672153828,1.11001146653031,0.820917310117085,0.888143474561192
1540,0.665423733373991,10,0.95832885088395,0.897762221937273,0.741521874653515,0.558656305237738,0.904705916750143
1541,0.641504343158972,10,0.912165101038225,0.849155616957399,0.729908346649281,0.531961339413657,0.904705916750143
1542,0.531045528483096,10,0.698819262557863,0.631482447971041,0.578468493986438,0.395774488565818,0.904705916750143
1543,0.76461792508219,10,1.06462543226433,0.940508118080339,0.794348833542463,0.545918284665376,0.904705916750143
1544,0.744317454479603,10,1.07144310918751,0.928724371064595,0.758488557892859,0.53108202361075,0.904705916750143
1545,0.809528696740042,10,1.1817473812795,1.00265779802401,0.882409404717695,0.601038178308072,0.904705916750143
1546,0.741336772738566,10,1.12389750728861,0.952977710206409,0.847356507662971,0.596888268834331,0.904705916750143
1547,0.600433749849127,10,0.956383687890866,0.797063976124588,0.685055208411896,0.495131745590892,0.904705916750143
1548,0.550488170306425,10,0.867806632116949,0.72209677874799,0.629719458736641,0.448159743441753,0.904705916750143
1549,0.410757875638643,10,0.676865061753591,0.552084605499044,0.510877447275981,0.352872740991896,0.904705916750143
1550,0.591546247784435,10,0.863307229162161,0.722693454857432,0.676415349349627,0.460814004076784,0.904705916750143
1551,0.596822667023654,10,0.879913939671078,0.743367952832132,0.625150953510562,0.437242453591049,0.904705916750143
1552,0.530238440911167,10,0.777364180909333,0.648867608916992,0.557399930090555,0.391760705448053,0.904705916750143
1553,0.713385266140217,10,1.02039591800349,0.834115651214348,0.728993952675674,0.529016486256178,0.904705916750143
1554,1.02886659604221,10,1.46647818996102,1.23099832016318,1.04717524595022,0.750438761457342,0.904705916750143
1555,0.80084041984568,10,1.13998191879005,0.989605783139564,0.815296682935024,0.605100087893449,0.904705916750143
1556,0.809111369660283,10,1.11379341926275,0.950257653949246,0.814681117981889,0.586310383016129,0.904705916750143
1557,0.781343690981314,10,1.06391584355707,0.957068340372388,0.778851736960766,0.588124676192987,0.904705916750143
1558,0.669113491395958,10,0.924145905189465,0.825334715275458,0.670237154250059,0.493763137343581,0.904705916750143
1559,0.527102124493376,10,0.730588886047474,0.631438847389568,0.526751141848524,0.40208552987669,0.904705916750143
1560,0.673979500475602,10,0.869199126348953,0.797143751275069,0.698518805937594,0.509313372435569,0.904705916750143
1561,0.65634123314749,10,0.842899237381951,0.777944983960226,0.681176489442388,0.493758584554574,0.904705916750143
1562,0.746727804420301,10,0.939929550482039,0.869332093209743,0.751089301436767,0.528242914410404,0.904705916750143
1563,0.725646447936392,10,0.904399409788415,0.894367165544019,0.649219429866075,0.512866004452969,0.904705916750143
1564,0.837286787569547,10,1.06138035761736,1.0748272301127,0.70109787680089,0.507609144432916,0.904705916750143
1565,0.932774510470306,10,1.10236442172912,1.1172639718292,0.758394850274573,0.613358834681412,0.904705916750143
1566,0.933211485696011,10,1.09171617290771,1.12179678599733,0.752278160386688,0.618004757599222,0.904705916750143
1567,0.839319288234286,10,0.939628973188924,0.960534693535178,0.780852462276497,0.569591944257342,0.904705916750143
1568,0.939380249075268,10,1.12687977095505,1.10413201520687,0.822056028390407,0.611182898767886,0.904705916750143
1569,1.07732981031006,10,1.22789611657287,1.31595698448771,1.07703432071479,0.845675916049554,0.904705916750143
1570,1.18861363285918,10,1.28920531151011,1.38373904588959,1.12346670448505,0.824751053014814,0.904705916750143
1571,0.820738527398553,10,0.876160907927082,0.947202726497395,0.830398369941359,0.603456742649064,0.904705916750143
1572,1.03244951634612,10,1.12490301689449,1.21511298905784,1.03886572381671,0.763296999844702,0.904705916750143
1573,0.836520420392482,10,0.905779718784779,1.03236573253926,0.732610862844568,0.585560347725231,0.904705916750143
1574,0.78095601739212,10,0.968352187410049,1.02685532463154,0.750751427093217,0.562661441707742,0.904705916750143
1575,0.935814386004983,10,1.01606003287833,1.12093993876264,0.898498549513218,0.676266199719149,0.904705916750143
1576,0.834445786479823,10,0.932706701436386,0.988733473026833,0.845951620951672,0.63882506898249,0.904705916750143
1577,0.732796865295044,10,0.804052569938009,0.872031300917482,0.705246338260172,0.537066969153757,0.904705916750143
1578,0.852279930276606,10,0.915244337091395,1.01425509077283,0.804078084747084,0.592350450342213,0.904705916750143
1579,0.547341286581308,10,0.683746367006413,0.756597053537716,0.447573830968468,0.348824313235155,0.904705916750143
1580,0.678622557484082,10,0.794872319458706,0.868282533209603,0.542594063779339,0.387717217610597,0.904705916750143
1581,0.887164541773409,10,1.01170387596413,1.11136194754417,0.810021801615631,0.614212330839672,0.904705916750143
1582,1.02720085377953,10,1.16623957245776,1.38801172706201,1.02764861010222,0.631342942497906,0.904705916750143
1583,1.14028921696923,10,1.17482227128863,1.42856416138857,1.06209782936794,0.833752034072633,0.904705916750143
1584,0.939430485586919,10,0.967290188186439,1.19935555583674,0.848226901493026,0.665983476683316,0.904705916750143
1585,0.843333623290318,10,0.807910213109515,1.03434432064872,0.763372794589468,0.505732038818346,0.904705916750143
1586,1.04459554598795,10,0.979694600041139,1.28119953901466,1.00895969410582,0.717740432213211,0.904705916750143
1587,0.869551104780876,10,0.81003015717814,1.04495525372299,0.854822220167766,0.617094527379895,0.904705916750143
1588,1.16527452524491,10,1.06153931305175,1.3930783717084,1.06688145408956,0.805516687330218,0.904705916750143
1589,1.14703913718524,10,1.01749882481339,1.31712999212434,1.10930437353426,0.816811935078352,0.904705916750143
1590,0.897365846222095,10,0.798636538202494,1.07955259640322,0.786114141176467,0.625430327382747,0.904705916750143
1591,0.961248034236655,10,0.846809384850029,1.14132540751408,0.940221590004631,0.663636518521648,0.904705916750143
1592,1.33650107241187,10,1.175619295514,1.61561740557287,1.30085313587677,0.992637585044929,0.904705916750143
1593,1.40897504646093,10,1.27885989271095,1.74659467601929,1.40643046384429,1.02309233849482,0.904705916750143
1594,1.68529674226953,10,1.54795643497193,2.11193967486515,1.60574388075747,1.23027152074397,0.904705916750143
1595,1.59722665435684,10,1.39536406335558,1.89661935136144,1.51078335056754,1.1486645475568,0.904705916750143
1596,1.11842376037884,10,1.02876699991518,1.37078088881055,1.02589014750149,0.768998066203577,0.904705916750143
1597,1.01564211134067,10,0.955494517772845,1.21593819211877,0.945571270338154,0.7080463253041,0.904705916750143
1598,0.840201695225841,10,0.833218251856908,1.03695313277364,0.833842777512484,0.60388996069323,0.904705916750143
1599,0.77972049719402,10,0.81145904511907,0.965438215507715,0.693373199819211,0.527485387967932,0.904705916750143
1600,0.895632068127306,10,0.914765633386934,1.07627931408254,0.868557150947881,0.626035856990479,0.904705916750143
1601,0.766627901451553,10,0.789527059606246,0.913394339952515,0.682502855964811,0.517969631446267,0.904705916750143
1602,0.852468876696482,10,0.865836938816781,1.04908448340049,0.799461704217562,0.553448440299679,0.904705916750143
1603,0.740314499053765,10,0.841723544377037,0.92611957027264,0.695089049842637,0.454975013004003,0.904705916750143
1604,0.732032803372007,10,0.827482338344297,0.900516032492654,0.634721916019875,0.491130700170481,0.904705916750143
1605,0.817725626694,10,0.939042668598094,1.00781659049228,0.791105336881597,0.552939517326525,0.904705916750143
1606,0.868058154550562,10,1.03029865510791,1.03400732835885,0.749303731241643,0.486334978900416,0.904705916750143
1607,1.03925758446176,10,1.16452244206469,1.18637261861927,0.962093272545213,0.684657023772774,0.904705916750143
1608,0.985714130009958,10,1.12605693979765,1.12668502286838,0.861715237188242,0.678058846797986,0.904705916750143
1609,0.712965722639023,10,0.840660925772875,0.840155736152307,0.679657718109454,0.466061393138228,0.904705916750143
1610,0.938307352859611,10,1.12475959812675,1.13190835586026,0.902139340402666,0.685070566574979,0.904705916750143
1611,0.854068255870241,10,0.963362041571595,1.01677016247308,0.816597184004792,0.578165898063386,0.904705916750143
1612,0.52779169701793,10,0.631644241928008,0.629250668059272,0.550634526113464,0.39488343483875,0.904705916750143
1613,0.731045990575934,10,0.884625396135247,0.866833862020414,0.711246133231226,0.555551210582118,0.904705916750143
1614,0.796972433296336,10,0.959245230062488,0.938826899782964,0.762388928479668,0.559147524484197,0.904705916750143
1615,0.875071204323725,10,1.07772319069234,1.0529814926904,0.822798712640168,0.608024222480326,0.904705916750143
1616,0.768995595648191,10,0.937913459645418,0.864967055904982,0.787710848049578,0.566247972711411,0.904705916750143
1617,1.15009500623752,10,1.38367592151741,1.28485808657454,1.10587455231088,0.796842215729364,0.904705916750143
1618,0.879371640828225,10,1.07480191567391,1.054397430318,0.840910554300931,0.609212514436324,0.904705916750143
1619,0.968864751205852,10,1.19734430595625,1.18049301011448,1.01503362140502,0.718501447842864,0.904705916750143
1620,0.98078460921916,10,1.20451994183939,1.1890417876027,0.969347316238463,0.731618602652864,0.904705916750143
1621,0.886232619132809,10,1.09893996359053,1.08959603771359,0.780763634413813,0.628836545082055,0.904705916750143
1622,0.49183445973205,10,0.545696289383505,0.602929085595892,0.550323952409368,0.380012600751429,0.904705916750143
1623,0.653339449922571,10,0.788823377760326,0.756514887105692,0.748189208126755,0.507182377226059,0.904705916750143
1624,0.900792888899454,10,1.06829882577934,1.0499532990367,0.927301215812628,0.644458201348311,0.904705916750143
1625,0.505065669265885,10,0.634414518972561,0.683612607126677,0.570075098543726,0.391877760993516,0.904705916750143
1626,0.888671858427758,10,1.00445152070778,1.04384243964828,0.968799332092996,0.665516568628328,0.904705916750143
1627,0.748358175608094,10,0.794275657460702,0.883697814901436,0.79707960315092,0.5606918523415,0.904705916750143
1628,0.967889789124914,11,1.03209967971412,1.15945094912568,1.0691840060293,0.773316112855608,0.906495284450575
1629,1.01123685952354,11,1.05389022328434,1.20234398229132,1.11682371494708,0.829242255420485,0.906495284450575
1630,0.974182478266464,11,1.00659249896962,1.20134943322109,1.04660402184538,0.733178633301075,0.906495284450575
1631,0.785216970038305,11,0.754316361208286,0.936787902677897,0.842418403381935,0.536383858550973,0.906495284450575
1632,1.118135238103,11,1.190948036602,1.3711271277462,1.06090771102381,0.878768329653987,0.906495284450575
1633,0.843854874752013,11,0.893350773952098,1.12392194262883,0.869531254006861,0.674399392768822,0.906495284450575
1634,1.00415045635085,11,1.14159063603553,1.42019480472134,0.944351833092203,0.822491945049819,0.906495284450575
1635,0.885572383434536,11,0.860260913479653,1.10035899937919,0.831135847838279,0.674934671199084,0.906495284450575
1636,1.1692538468392,11,1.16750745070377,1.46106043964154,1.07839738911398,0.888969780256746,0.906495284450575
1637,1.31493047582787,11,1.33405579305793,1.67589481424075,1.29186986516016,0.968680504979829,0.906495284450575
1638,1.27927868931191,11,1.24424613684081,1.59979662898795,1.22224074719107,1.02902646004877,0.906495284450575
1639,1.09887154499948,11,1.03208131617489,1.31063204789693,1.13389884844288,0.913303335783988,0.906495284450575
1640,1.20339763310283,11,1.22768194198275,1.47099977369085,1.25116632167444,0.975941282831122,0.906495284450575
1641,1.00830577430712,11,1.03486513808162,1.17112984678525,1.04890468992657,0.802645154429052,0.906495284450575
1642,0.880481272162571,11,0.925619962834669,1.03296905749461,0.893188806419427,0.672784258763813,0.906495284450575
1643,0.926215661304744,11,1.0217174972633,1.12963935012717,0.929197234207345,0.696276164670842,0.906495284450575
1644,0.689922772827867,11,0.740447221834602,0.740581180435932,0.752128892110606,0.532820130425612,0.906495284450575
1645,0.500809225810421,11,0.499381035659936,0.583967764969457,0.585425061936821,0.387674655314236,0.906495284450575
1646,0.756837560308167,11,0.849824592772106,0.892337160123638,0.784225549607705,0.603865493131502,0.906495284450575
1647,0.809802222387423,11,0.930561048685956,0.994335951476874,0.881923612411216,0.666277512113765,0.906495284450575
1648,0.826815594755823,11,0.929645224910471,0.993774385091825,0.937306137544158,0.658244108663924,0.906495284450575
1649,0.961621187137199,11,1.1228465375198,1.16448659292256,1.0010137646318,0.743331205103329,0.906495284450575
1650,0.666809558459955,11,0.779221698619412,0.807738311341814,0.772679022070318,0.521648318254858,0.906495284450575
1651,0.774453756918636,11,0.922387781537616,0.895454991662447,0.880104491978101,0.64924322471003,0.906495284450575
1652,0.810567183691359,11,0.957382320849411,0.969831482163958,0.91954688360142,0.623115812781717,0.906495284450575
1653,0.936347777748391,11,1.08551415374275,1.12112877839842,1.02499842020271,0.745812146499198,0.906495284450575
1654,0.501003986272157,11,0.553740300761147,0.595396101296785,0.609869142973074,0.403936590071979,0.906495284450575
1655,0.921806804795816,11,1.0351667373792,1.11124101854949,0.958944132017063,0.683108917925728,0.906495284450575
1656,1.0327339470881,11,1.17389604161595,1.22996822827098,1.05772218587445,0.767714899355875,0.906495284450575
1657,1.1125148122054,11,1.32174669442976,1.35869507211093,1.06261848327905,0.781523291760928,0.906495284450575
1658,1.0685275258756,11,1.23743827005532,1.31424159216104,0.887784011796252,0.701411163407089,0.906495284450575
1659,0.985819321463523,11,1.11653739808825,1.18269290847407,0.988821111970585,0.722042003398213,0.906495284450575
1660,0.845493532206926,11,0.961620252730027,1.01541035190572,0.845633585736505,0.621647825817437,0.906495284450575
1661,1.05367171145464,11,1.18209989638873,1.26287173917721,1.06922548519125,0.814084455775754,0.906495284450575
1662,0.811500547961878,11,0.910523832736214,0.976350631937768,0.833434119016776,0.593022249909173,0.906495284450575
1663,1.06287971827095,11,1.24096101658551,1.20583902984075,1.11583683328338,0.798162155744548,0.906495284450575
1664,0.786051868878371,11,0.918662305049652,0.947927466018753,0.840573286129209,0.58891235149892,0.906495284450575
1665,0.822042652653061,12,0.961162953087421,1.01418095924295,0.872055636494485,0.599016919777627,0.912673902842012
1666,0.706462089740406,13,0.807389975635098,0.846646185840619,0.798339712393572,0.559818179236243,0.918571090404867
1667,0.816934748847528,13,0.982945555287824,0.999657394667021,0.886496751249488,0.629539393543723,0.918571090404867
1668,0.690039051744093,13,0.833640150827237,0.849582568677329,0.752560441125718,0.530111605633735,0.918571090404867
1669,0.796585824432555,13,0.904181586484662,0.937094922100483,0.82503214147376,0.572718455953049,0.918571090404867
1670,0.853891543556143,13,0.980119260429205,1.00825461942775,0.921899953819578,0.655219734875956,0.918571090404867
1671,0.959267872281199,13,1.1406379426186,1.12268513735009,1.01185391876077,0.731282697151675,0.918571090404867
1672,0.76085142806697,13,0.902523622151821,0.89327530485311,0.816100030666398,0.568841757731372,0.918571090404867
1673,0.916121223287549,13,1.14747652422789,1.14742860992304,0.983777409069468,0.693342339253817,0.918571090404867
1674,1.0012207780982,13,1.24448216550763,1.19092089354542,1.05840983508241,0.75415685817453,0.918571090404867
1675,0.708354591680145,13,0.925613854398141,0.911208767705926,0.793934340881146,0.550193683143649,0.918571090404867
1676,0.786025157494551,13,0.948681436567757,0.946845031796133,0.824330910083501,0.585749425876969,0.918571090404867
1677,0.704370993287448,13,0.854843907862094,0.842255896204456,0.763411107844203,0.52984584564683,0.918571090404867
1678,0.775321842584653,13,1.03236704710215,0.974711014377359,0.828263503531596,0.574031010655354,0.918571090404867
1679,0.779766817465207,13,0.975433835596052,0.947845406598851,0.797066780965936,0.56181082238857,0.918571090404867
1680,0.7019046108701,13,0.832838777706224,0.807994386216114,0.725299778472521,0.509975751652847,0.918571090404867
1681,0.781056932791205,13,0.907630147592784,0.931006752608328,0.768402163362308,0.545218516946948,0.918571090404867
1682,0.792883711357581,13,0.928214272659773,0.955786242320988,0.859425871868789,0.588759703901058,0.918571090404867
1683,0.901077637667862,13,0.997959916865872,1.04397699110055,0.936171800661969,0.644033270358142,0.918571090404867
1684,0.843012270597784,13,0.908219846852551,0.979125509633484,0.844434586771924,0.57527750834661,0.918571090404867
1685,0.837049280869738,13,0.880700909615444,0.964019195617253,0.850818413050581,0.594581113913408,0.918571090404867
1686,0.899049378809862,13,0.943236861720604,1.03866326336405,0.886543866393736,0.643052683998872,0.918571090404867
1687,0.908510879592224,13,0.935767807948813,1.07419002635445,0.903878055833063,0.667327447657668,0.918571090404867
1688,0.922495503674695,13,0.973867023100159,1.10790025373859,0.950169794300037,0.711744795422363,0.918571090404867
1689,1.18090005379274,13,1.18419313949133,1.39674526316678,1.17586237244251,0.89867893401277,0.918571090404867
1690,0.986823943508747,13,0.965725361676569,1.17214833143386,1.02444979844545,0.783401678503464,0.918571090404867
1691,1.02479750900129,13,0.990815509503061,1.21954439748698,1.0250963595731,0.762435419688517,0.918571090404867
1692,1.22839692962627,14,1.17879555711955,1.47811332254599,1.20992981376639,0.924875149908997,0.922159527036933
1693,1.29238793026459,14,1.22542716642959,1.54804011494947,1.20697601894258,0.958407834992028,0.922159527036933
1694,1.32054698200234,14,1.28921299086845,1.59702361204352,1.15496137088111,0.94027794349504,0.922159527036933
1695,1.08722195917865,14,1.0724977848412,1.31250314468548,1.06174700438871,0.779376685636744,0.922159527036933
1696,0.83370627970825,14,0.843394040690806,1.0094793194387,0.82167489612577,0.627016256752223,0.922159527036933
1697,0.937980418946997,14,0.959225184386458,1.15210705008059,0.969336054164347,0.694496004899033,0.922159527036933
1698,0.964125227510756,14,0.986964863601682,1.16319336859951,0.939186634302119,0.691871652731967,0.922159527036933
1699,1.03642712581425,14,1.04724305965314,1.21596713696625,1.04945326662666,0.731788785429824,0.922159527036933
1700,0.876395875635179,14,0.874619788439165,1.01544757439762,0.890847772600853,0.618034547708623,0.922159527036933
1701,0.914995296899162,14,0.937654421546514,1.10652280462595,0.92560142278901,0.580559615505984,0.922159527036933
1702,0.766092995772534,14,0.824671469885774,0.964824234335472,0.69872106285426,0.485602424522151,0.922159527036933
1703,0.985410784761466,14,1.00383517151326,1.16726359241744,0.946357342079781,0.698830111495002,0.922159527036933
1704,0.902478270141647,14,0.909123093949316,1.04961929127417,0.898422945944846,0.637295572243744,0.922159527036933
1705,0.987191515941907,14,0.994980138982114,1.1522781872047,0.925529143045418,0.655614096963255,0.922159527036933
1706,0.909226270996188,14,0.913856938798323,1.0362983255963,0.886372084210913,0.652289696780482,0.922159527036933
1707,0.954788360271157,14,0.94399099462193,1.00731998351609,0.932735385024392,0.6691860379611,0.922159527036933
1708,0.866987073675726,14,0.89721013724036,1.05049950581298,0.817990684514999,0.556712510852593,0.922159527036933
1709,0.870265164017371,14,0.850802427701667,1.05868767212905,0.77735949871747,0.545963598621994,0.922159527036933
1710,1.09502654136121,15,1.07258766890622,1.28262765082138,1.00937219714513,0.763907997086688,0.928076147970806
1711,0.95627234632647,15,0.921022105735867,1.1318964242215,0.934325645355628,0.686341531059625,0.928076147970806
1712,1.13580258707525,15,1.05295750999848,1.36215484785944,1.04643989428298,0.789631618962486,0.928076147970806
1713,1.36552208605958,15,1.26850164217745,1.66660489117655,1.18315382638555,0.938799445885958,0.928076147970806
1714,1.10246133154824,15,1.01584380468122,1.36109516638766,1.00841966751822,0.727530672360266,0.928076147970806
1715,1.04248427565853,15,0.958319491322463,1.26638446125201,0.925016192809064,0.742236958348523,0.928076147970806
1716,0.915734554914693,15,0.794611948582209,1.0947452042808,0.90976810772042,0.660010178155341,0.928076147970806
1717,1.19586822224489,15,1.06307160325089,1.45263546809982,1.16537757622645,0.868329987431598,0.928076147970806
1718,1.15249634278505,16,0.989250629752113,1.24122688738691,1.05352957269329,0.769767486129535,0.933976081159307
1719,1.22973158440628,17,1.06910028961062,1.38004157524322,1.17267540175341,0.857168996481353,0.937692911817518
1720,1.15252299396629,17,0.999617789947623,1.32343794317457,0.992015299752615,0.785001469997895,0.937692911817518
1721,1.29077018826185,17,1.11155609494594,1.3770505137595,1.09080322348945,0.889784504848251,0.937692911817518
1722,1.10545363511904,17,0.940880068791333,1.26106418332087,0.940740358651221,0.716251335859809,0.937692911817518
1723,1.17467859485407,17,0.988314849530974,1.299702947776,1.03596973283681,0.724705157764435,0.937692911817518
1724,1.08317043575064,17,0.946535311579204,1.22414243518602,0.967252230379556,0.690437966330198,0.937692911817518
1725,1.38920886717503,17,1.1919379897198,1.62737753898976,1.18399242444522,0.973613286973152,0.937692911817518
1726,1.51159106853136,17,1.29417474459508,1.71659416007908,1.26330462482143,0.972897477855874,0.937692911817518
1727,1.0337519759926,17,0.8674876400251,1.07397102845831,0.947287910558943,0.731058103375821,0.937692911817518
1728,1.08379540031778,17,0.93833605757407,1.2624833242911,1.00646338151079,0.757402994993134,0.937692911817518
1729,1.14365494073986,17,0.99685718806854,1.31579501909107,1.05841193315291,0.831426404416756,0.937692911817518
1730,0.875595202527921,17,0.766772249021768,1.00980141233159,0.879520104833449,0.643248430007315,0.937692911817518
1731,1.14666266014732,17,1.03432635132592,1.28672657849296,1.13506095078906,0.857053531271291,0.937692911817518
1732,1.15249154167005,17,1.03087180383004,1.2215997658481,1.13102385691587,0.842148265126927,0.937692911817518
1733,1.22038897257162,17,1.11234410766439,1.3891443115843,1.19165050225076,0.837151481262213,0.937692911817518
1734,1.03513415660238,17,0.958501245491533,1.1659699786027,0.901311687513352,0.697932234043647,0.937692911817518
1735,0.95841558051448,17,0.91123456476695,1.06499131313231,0.916068355242928,0.645819674813197,0.937692911817518
1736,0.900530105465191,17,0.881120889531128,0.989786004615718,0.893413150289286,0.666232774296403,0.937692911817518
1737,0.817250127342992,17,0.789785718151813,0.932968031610564,0.792456874066753,0.581782652112364,0.937692911817518
1738,1.05081983647863,17,1.05064021510309,1.13023373051457,1.02656143041957,0.79287371486534,0.937692911817518
1739,1.15733401318742,18,1.21472793650564,1.24393627728145,1.12103520096906,0.869304648086662,0.942031612006157
1740,1.17617610256797,18,1.24751353508117,1.33245558703419,1.15307991366265,0.904314006956093,0.942031612006157
1741,1.17173997411076,18,1.23752024981826,1.23822527594817,1.13448120180439,0.860870497277439,0.942031612006157
1742,1.27934310332199,18,1.41209196394912,1.41549216692959,1.29667126770438,1.0147761658489,0.942031612006157
1743,1.15048618329764,18,1.31476724473453,1.31726812508395,1.18555900504093,0.951383707071078,0.942031612006157
1744,0.875259752834098,18,1.01839900205891,1.01809134991898,0.933824470801061,0.68769489975954,0.942031612006157
1745,0.366548189945899,18,0.427652626620932,0.44935258355317,0.417105000606891,0.271375213066355,0.942031612006157
1746,0.543673819040602,18,0.620644413409921,0.640090484204246,0.549563912162799,0.373422050982388,0.942031612006157
1747,0.641826077887032,18,0.744070479675067,0.748653218343082,0.6426681023614,0.440081698222335,0.942031612006157
1748,0.42627460688925,18,0.477151637906343,0.478262673737964,0.405695183663719,0.25771607879964,0.942031612006157
1749,0.636414463942132,18,0.744488923483415,0.72382176606044,0.658811310771781,0.458641980311274,0.942031612006157
1750,0.690797408694485,18,0.782985706457454,0.794522590055594,0.702785475453881,0.489549463425614,0.942031612006157
1751,0.782904431837188,18,0.895304469716832,0.890623901161127,0.804211689055489,0.544331294192972,0.942031612006157
1752,0.687221002880785,18,0.753767139909602,0.78560462455297,0.622906791689922,0.454895923125666,0.942031612006157
1753,1.15681468729665,18,1.25619475596479,1.26544386340518,1.12202949560907,0.816828622300249,0.942031612006157
1754,1.06726973736636,18,1.14707601970096,1.13925429539136,1.11148523900442,0.792885570468608,0.942031612006157
1755,0.981978351338911,18,1.04270933832051,1.10848923699584,0.932595998224479,0.722304964879331,0.942031612006157
1756,1.11121619776097,18,1.15886747836864,1.2406231412166,0.959719220765565,0.77248233787342,0.942031612006157
1757,1.128971563422,18,1.11526856308273,1.25803421163926,1.0745167740471,0.811711975648892,0.942031612006157
1758,0.928280815566173,18,0.915672616945082,0.986645480967898,0.9063127725261,0.688348566047187,0.942031612006157
1759,1.22932492309463,18,1.18899595790883,1.28335133845965,1.16248914034852,0.935209250323493,0.942031612006157
1760,1.14869817532481,19,1.09297979207029,1.29186646669115,1.150661476814,0.90427520356219,0.944525691819183
1761,1.05499004723598,19,0.976941884154962,1.14127709611895,1.10574372014572,0.841263049120538,0.944525691819183
1762,1.23563623490551,19,1.14535999950953,1.40076785411279,1.26442955608751,0.988673049395223,0.944525691819183
1763,1.00352131674141,19,0.930607630747799,1.12119214790792,1.01065460266339,0.755997509563319,0.944525691819183
1764,0.927095217131144,19,0.881065777889606,1.04162295795496,0.977235723014081,0.723954052655475,0.944525691819183
1765,1.31484644565202,19,1.27653958182428,1.41201011854515,1.35155967370055,1.04328294676441,0.944525691819183
1766,1.2321807284053,19,1.18349334164166,1.36118272083067,1.27972793130089,0.970332090055735,0.944525691819183
1767,1.13226024186711,19,1.08311616837253,1.17963656269915,1.17758545498099,0.886133459291538,0.944525691819183
1768,0.799490674662366,19,0.794639636479284,0.877044767497546,0.880275372989517,0.636592220028779,0.944525691819183
1769,0.999639538023672,19,0.979765863985755,1.13655295010887,1.06747705392882,0.768588038280276,0.944525691819183
1770,0.727471311459752,19,0.721926370438304,0.818750535572771,0.778426588192831,0.521976511317703,0.944525691819183
1771,0.918748359430788,19,0.890836019950011,1.02611332897452,0.987864713647731,0.70778775667606,0.944525691819183
1772,0.98385098569236,19,0.952491859709968,1.10528432727395,1.0703140812183,0.77473618854075,0.944525691819183
1773,1.0211504483919,19,0.975840485677519,1.10638982124605,1.1190475765645,0.794819512484923,0.944525691819183
1774,1.05660181209326,19,1.02731204948467,1.10964085429651,1.11049610518401,0.822328063231768,0.944525691819183
1775,1.02884209392809,19,0.979039670134891,1.13909656849904,1.0835757068397,0.774508094608951,0.944525691819183
1776,0.975636159340095,19,0.925680249012615,1.10940778601816,0.994652913574881,0.742672883734476,0.944525691819183
1777,1.04069525778687,19,0.960583848483581,1.16345765715658,1.04412621650516,0.780710659916125,0.944525691819183
1778,0.958470874236633,19,0.898343332859946,1.11356407375913,1.05227570041084,0.781858638545994,0.944525691819183
1779,1.02520728918267,19,0.925093139619193,1.07333992317664,1.07294278997904,0.830816317264778,0.944525691819183
1780,1.25083977940109,20,1.15984336959473,1.42178606866516,1.32646088462822,1.0351682004572,0.946688047227293
1781,1.17288470071341,20,1.07858531413014,1.33111408033295,1.17477956094739,0.902200980734524,0.946688047227293
1782,0.939769187430833,20,0.853469212216118,1.03692745918753,1.01357510778934,0.742924820213093,0.946688047227293
1783,1.24104369010597,20,1.14305957458554,1.37810953680177,1.25027431044294,0.957741525862476,0.946688047227293
1784,1.21976490863743,20,1.11057794814132,1.32663930624791,1.2170877949794,0.938557100886958,0.946688047227293
1785,1.12966110082468,20,1.02395800386128,1.29371419390188,1.17746078794124,0.894210682276746,0.946688047227293
1786,1.17458580420637,20,1.09740681456063,1.41544427588494,1.26345892623662,0.928176634754252,0.946688047227293
1787,1.19454976407966,20,1.11588719123454,1.39371065318633,1.26392840417371,0.897864073425047,0.946688047227293
1788,1.32964210128661,20,1.2578591531254,1.5620492616048,1.38285861326207,1.03493318873133,0.946688047227293
1789,0.999916406022016,20,0.976697788595519,1.19937705865106,1.06185172925322,0.77178327926545,0.946688047227293
1790,1.11555562119294,20,1.04654339609704,1.29181636781532,1.1688816664286,0.849734143795412,0.946688047227293
1791,0.764973948664526,20,0.73738387499939,0.875214426009251,0.849463651223745,0.588586435240625,0.946688047227293
1792,0.706053778673344,20,0.68937379066941,0.806423869621435,0.791783917339477,0.535778946989037,0.946688047227293
1793,0.752061157166244,20,0.745072560403142,0.927178525060401,0.823880625532067,0.582457475783982,0.946688047227293
1794,0.787803464776912,20,0.771700226933956,0.956901600635976,0.810591144263605,0.593162644949343,0.946688047227293
1795,0.832630874637427,20,0.806685517190853,1.00098493692413,0.870077090773196,0.617310291259152,0.946688047227293
1796,1.10522315898571,20,1.09512660505859,1.22577313029934,1.10635310978657,0.817562113730526,0.946688047227293
1797,1.11934859266313,20,1.1230095478271,1.28767148437961,1.18754360159936,0.912804662983751,0.946688047227293
1798,1.12526724845986,20,1.09064830539137,1.28576275201584,1.19241768721817,0.913688674763424,0.946688047227293
1799,1.1265606701502,20,1.10933273406368,1.32130515643415,1.18161146921673,0.916747064273237,0.946688047227293
1800,1.06717647624235,20,1.08578235293413,1.22298109889684,1.18838240204792,0.89167839654864,0.946688047227293
1801,1.0080671653839,20,1.0240320211442,1.16768542544919,1.14073066292483,0.832107588037595,0.946688047227293
1802,1.30078661501546,20,1.29370224863498,1.5155833650319,1.31713108401529,1.00903891439224,0.946688047227293
1803,1.01219915123481,20,1.01997438425767,1.19417239986068,1.07478863817815,0.737261820427929,0.946688047227293
1804,0.894107539297809,20,0.911474182442383,1.02155921698722,0.979538970806093,0.676449121570283,0.946688047227293
1805,0.776058172054338,20,0.774102122032051,0.888035869023528,0.83814992911292,0.574136659196225,0.946688047227293
1806,0.988003788288034,20,0.995517174544327,1.14993929697505,0.945699687542783,0.681518297133998,0.946688047227293
1807,0.942350833877338,20,0.972876730536602,1.11610066950547,0.963724115230664,0.693948256647373,0.946688047227293
1808,0.937068408421935,20,0.990794234272657,1.12219957749867,1.02575116093945,0.739807429306825,0.946688047227293
1809,0.805644917010535,20,0.847240905620464,0.944954917509996,0.883546527304685,0.631893629078598,0.946688047227293
1810,0.983860864933199,20,1.065217028142,1.18158577292372,1.04848544775749,0.770955522998624,0.946688047227293
1811,0.914126819599781,20,1.00579741198222,1.09270522264938,1.00023476585412,0.719268767840593,0.946688047227293
1812,0.999979538903246,21,1.08898515860604,1.17356609745653,1.0104834473551,0.770955561120001,0.949964567059639
1813,1.08299527677597,21,1.18239712744353,1.28014446335454,1.07010219847996,0.813822450858201,0.949964567059639
1814,1.04389625770766,21,1.17892666917742,1.23117434320787,1.0494557691024,0.794872439069072,0.949964567059639
1815,0.856869270801835,21,0.989017049828794,0.974446862077146,0.891464959931066,0.664517497742542,0.949964567059639
1816,0.883376165195716,21,1.0507555087716,0.986449225670447,0.891878721413788,0.684032848733883,0.949964567059639
1817,0.984314749501053,22,1.17137512661759,1.16165951081907,0.950681220930796,0.71178007656129,0.952595273088708
1818,0.632392146153657,22,0.777245776170898,0.765637009822657,0.68409906218496,0.472317724721524,0.952595273088708
1819,0.580059741065124,22,0.709908927827043,0.704316495620761,0.6340618764628,0.410738094713721,0.952595273088708
1820,0.613880109665755,22,0.763688222576483,0.763779922383042,0.663715794688145,0.447703551419323,0.952595273088708
1821,0.510225022194946,22,0.627485557689257,0.61846353472561,0.519955565583251,0.366563576553714,0.952595273088708
1822,0.476978003722922,22,0.588021940365862,0.564896306901118,0.519397751329934,0.342736944452747,0.952595273088708
1823,0.625493622454405,22,0.795770960427793,0.744963204955974,0.634686597081694,0.411638902520949,0.952595273088708
1824,0.598306047241779,22,0.733833900908543,0.669733476199701,0.646737267617304,0.437732963924153,0.952595273088708
1825,0.890560485568909,22,1.09809048179779,1.05021059174872,0.940212965697496,0.637971538254691,0.952595273088708
1826,0.93653793817,22,1.14934304168815,1.14894072227954,0.970429100643537,0.688094005060006,0.952595273088708
1827,1.14251484109353,22,1.4029717705338,1.38864107602962,1.13629506322632,0.8017930980929,0.952595273088708
1828,1.01940255136554,22,1.24808018350218,1.17057657396984,1.03564824297042,0.731629110159435,0.952595273088708
1829,1.06309753696402,22,1.33864076238797,1.24922929627947,1.03551938722317,0.7509892598645,0.952595273088708
1830,0.965126294143631,23,1.20479671562456,1.098999435274,0.955496649869175,0.711847105479774,0.954247829266952
1831,0.930174793563165,23,1.19896214378629,1.16641353128624,0.89389186288895,0.666175941512587,0.954247829266952
1832,0.818805846261037,23,1.11859480937241,1.02107188116666,0.805336138206361,0.591792587550582,0.954247829266952
1833,1.02108441555666,23,1.43281675833277,1.26717289796253,0.951841288013417,0.702352986587546,0.954247829266952
1834,0.828822390235243,23,1.22721288862253,1.0076638541585,0.775360616538783,0.567043073076069,0.954247829266952
1835,0.722215272219567,23,1.14403362994009,0.875680898715031,0.714941471887888,0.53581475221597,0.954247829266952
1836,0.528418992181225,23,0.908028038575428,0.666460037901085,0.51842123010231,0.371958359341724,0.954247829266952
1837,0.575171493926872,23,1.03548369006332,0.69483088527909,0.576777484663587,0.4068326508625,0.954247829266952
1838,0.474286624030221,22,0.930650501828049,0.603432859597161,0.478087471863523,0.322173535329237,0.953819653388706
1839,0.205049230516737,22,0.382408077822065,0.250995570076545,0.226278721766431,0.138288401773875,0.953819653388706
1840,0.239142493799305,22,0.549284376045613,0.29321056856166,0.181920543483222,0.15144322813042,0.953819653388706
1841,0.222109129310662,22,0.516470951076632,0.256459546842951,0.17808257770184,0.145553221850005,0.953819653388706
1842,0.161218381409986,22,0.347322258519158,0.187720873330205,0.158670235390263,0.109892238847633,0.953819653388706
1843,0.232359669687214,22,0.545941701538834,0.283557288364626,0.180966860005939,0.137784641406703,0.953819653388706
1844,0.175586116664665,22,0.405749484797845,0.209945493221492,0.203626638418441,0.134907015914283,0.953819653388706
1845,0.337227005260452,22,0.72040672599799,0.412390120226703,0.346244487418886,0.232597932951523,0.953819653388706
1846,0.333714085150727,22,0.798136691152966,0.440941626931055,0.376790391659758,0.269937785737047,0.953819653388706
1847,0.442624252698012,22,0.810198780347602,0.514026881111908,0.46662827217941,0.319806534987862,0.953819653388706
1848,0.686723479677463,22,1.17961859340953,0.803518922702536,0.698584347257221,0.51109780676916,0.953819653388706
1849,0.680109069269423,22,1.08753177601239,0.783996661679774,0.724701231365218,0.52253609040875,0.953819653388706
1850,0.711137606937294,22,1.07111615164943,0.840695472705202,0.714345786655355,0.516269094210018,0.953819653388706
1851,0.358385564173632,22,0.507581365837907,0.430812177272246,0.375986404348509,0.249714972312108,0.953819653388706
1852,0.742496079411862,22,1.0222272443665,0.840415428092654,0.728837412622533,0.504197782525991,0.953819653388706
1853,0.703487881456812,22,0.875418083588989,0.799988935527863,0.719565739520143,0.504109603807615,0.953819653388706
1854,0.959133943337721,22,1.15121431101257,1.01363652447649,0.90350660793663,0.646726870543602,0.953819653388706
1855,0.910634232077831,22,1.0093881562098,0.961863164240345,0.813676658739782,0.568481571254832,0.953819653388706
1856,1.05653550058761,22,1.09734480393508,1.21406106978067,0.991138962921658,0.707103865856022,0.953819653388706
1857,1.22475781988339,22,1.20900114122864,1.29565122987209,1.07411212450177,0.799424980717084,0.953819653388706
1858,1.16454552209361,22,1.12469735711975,1.27746701425569,1.08919040859767,0.771183711740581,0.953819653388706
1859,1.18564435953031,22,1.08048404605592,1.31063629748175,1.09062494783476,0.809142314589267,0.953819653388706
1860,1.03482572253012,22,0.924712932152098,1.21389312861792,0.958103052997476,0.706514399603501,0.953819653388706
1861,1.24119543035941,22,1.05581582775979,1.41636546213836,1.11538950300804,0.830942866132305,0.953819653388706
1862,1.39095231125028,22,1.14524739311795,1.6034285919098,1.19879541162197,0.888052248396327,0.953819653388706
1863,1.26017235884925,22,1.02583867437922,1.45847711637217,1.12436007460126,0.816975295329954,0.953819653388706
1864,1.54929571297964,22,1.25152813051919,1.72384747948726,1.36502511800624,1.02210397119609,0.953819653388706
1865,0.984299508980725,22,0.784090859094863,0.99229143169967,0.931159195422596,0.658859758675034,0.953819653388706
1866,1.5105183586135,22,1.18406986108813,1.55320643429555,1.29662841109488,0.99560512513821,0.953819653388706
1867,1.40177492280853,22,1.08093763529771,1.61140895683354,1.14407154164385,0.88277845922727,0.953819653388706
1868,1.04147981005092,22,0.806713782051924,1.19646469392281,0.926543311006882,0.657076150232758,0.953819653388706
1869,1.32136906643268,22,1.03879265193322,1.38724953622939,1.18122201026902,0.879573940831419,0.953819653388706
1870,1.15100140580284,22,0.919670100812231,1.15746244146148,1.09067429753651,0.800810650447162,0.953819653388706
1871,1.19797079571798,22,0.950949811696043,1.29077188619701,1.11625356135537,0.828149120218254,0.953819653388706
1872,1.12439788513227,22,0.85374789747698,1.16605014526688,1.07415599719047,0.764828020844563,0.953819653388706
1873,1.29233235745205,22,0.973733085767201,1.39757547251873,1.19651344436101,0.853426746975285,0.953819653388706
1874,1.1887013425721,22,0.905109601172884,1.30833895082624,1.12405272625443,0.79683413219597,0.953819653388706
1875,0.986222258793196,22,0.755089404986565,1.04190015862292,0.954907905638974,0.667743362935044,0.953819653388706
1876,1.64807276151409,22,1.23164703778895,1.79036578686162,1.43207966822935,1.09153618597676,0.953819653388706
1877,1.51253370679474,22,1.12583369143968,1.61088418870339,1.33771370497805,0.98555995236986,0.953819653388706
1878,1.53897684434697,22,1.12435310100744,1.5937040307314,1.34921079405548,1.02057497683833,0.953819653388706
1879,1.36668184699083,22,1.01549128847779,1.39925258739516,1.25760779557007,0.957524049253135,0.953819653388706
1880,0.811351078029284,22,0.584520450929801,0.892314837602297,0.809553207711311,0.589848687612236,0.953819653388706
1881,1.40497785204034,22,1.00853363267121,1.48444069717815,1.27475366300559,0.981779006767366,0.953819653388706
1882,1.2442946182589,22,0.859065316350443,1.32269556829302,1.10218815261787,0.849417149049221,0.953819653388706
1883,1.33927659287319,22,0.903511388138671,1.50329038066943,1.16483630646531,0.866548096037139,0.953819653388706
1884,1.53431724142961,22,1.03121224753111,1.66513370240323,1.38257502910033,1.03097535306114,0.953819653388706
1885,1.67443344746682,22,1.12725168343498,1.79263613918041,1.49061718194539,1.13748443228434,0.953819653388706
1886,1.78067637174636,22,1.18201999481248,1.84787523082766,1.57242554931446,1.21245036188012,0.953819653388706
1887,1.52650051537845,22,1.02263971168055,1.58498941189453,1.37279545077818,1.04372585743869,0.953819653388706
1888,1.63712137810585,22,1.09100135747884,1.62417119295472,1.45583523754276,1.12090172596882,0.953819653388706
1889,1.82299476662415,22,1.21369060111,1.94529763542913,1.60285969958513,1.25197950732479,0.953819653388706
1890,1.45722915817802,22,0.970452108333993,1.62234100661486,1.29552512201132,0.985561020200475,0.953819653388706
1891,1.37489713705822,22,0.92128319732737,1.54334565291546,1.23592576596395,0.916227261856711,0.953819653388706
1892,1.56793507395445,22,1.04250286108465,1.69515216516854,1.378396263112,1.06512144949407,0.953819653388706
1893,1.3205989620365,22,0.933346161793168,1.40032988087183,1.20676865849823,0.923720076497133,0.953819653388706
1894,1.42540932528256,22,0.985119859266787,1.5276543322318,1.29197482986597,0.981156340602512,0.953819653388706
1895,1.28897054420794,22,0.897209638415236,1.37837696925949,1.14405448965916,0.870079047279262,0.953819653388706
1896,1.49712512063266,22,1.09384260313068,1.50275445528635,1.37078352335344,1.05780541892768,0.953819653388706
1897,1.50597650397653,22,1.10045567512945,1.5433178505402,1.3742753030185,1.06848860840794,0.953819653388706
1898,1.62031113170751,22,1.24915810116156,1.67964111969232,1.57023019035585,1.24435074865525,0.953819653388706
1899,1.15857319845248,22,0.908198137590243,1.20593611393832,1.202687982474,0.877755607055551,0.953819653388706
1900,1.25258105655453,22,1.04584954416173,1.39248679784143,1.31297439178367,0.992024790428134,0.953819653388706
1901,0.943090537416165,22,0.783617170473507,0.985258638416236,0.994953520190259,0.718256368582088,0.953819653388706
1902,0.895208525764396,22,0.749235258927075,1.0021353740599,0.941676254051968,0.683289392769444,0.953819653388706
1903,1.18422529203089,22,1.01140083715815,1.28784018264467,1.18554549533168,0.858652345229571,0.953819653388706
1904,0.987229511913791,22,0.811198307967638,0.994448051113424,0.942992289536004,0.6817009038383,0.953819653388706
1905,1.02801119194555,22,0.880198049014788,1.10201524245262,1.04497866368577,0.744526604574547,0.953819653388706
1906,0.772515511218022,22,0.657540552029786,0.840517330692594,0.827198436077624,0.57871988337002,0.953819653388706
1907,1.32787835626628,22,1.17532612929164,1.39254101096833,1.32253417442341,1.02835653880683,0.953819653388706
1908,1.00268262275631,22,0.883981503782356,1.0530730040531,1.00222335532463,0.741488901466211,0.953819653388706
1909,1.19332018473039,22,1.05767833735409,1.21798271599897,1.23205086431718,0.968926913915169,0.953819653388706
1910,1.17475301539729,22,1.09845010715657,1.22935557545819,1.26759620729351,0.978924420841826,0.953819653388706
1911,1.45318623061731,22,1.17530286289746,1.63173440653697,1.28031384425127,0.995606755881056,0.953819653388706
1912,1.45594898878471,22,1.26592478724916,1.54021625321435,1.33753936559129,1.04420271805142,0.953819653388706
1913,1.30118033294074,22,1.04681294275927,1.4666958506134,1.17937431856235,0.893621622170591,0.953819653388706
1914,1.08485359500102,22,0.910278485990447,1.1982440755237,1.02252996062242,0.771158649125467,0.953819653388706
1915,1.11793659784419,22,0.921153916504618,1.27321173964551,1.05721203527524,0.748197746862641,0.953819653388706
1916,1.11526177357643,22,0.98515447676545,1.26229278618332,1.07572332430875,0.816207317862726,0.953819653388706
1917,1.19846150252511,22,1.02798961209941,1.36834058381026,1.1353315369238,0.839434226683007,0.953819653388706
1918,1.09630869575233,22,0.932972744966621,1.20430471524452,1.00917179748427,0.725046566556761,0.953819653388706
1919,1.33622700213792,22,1.24439697987752,1.4227943833726,1.32019650766808,1.05093176798704,0.953819653388706
1920,1.07860251419101,22,0.991649624250312,1.17633980779913,1.10593732244577,0.809319013084303,0.953819653388706
1921,1.22458120272105,22,1.08388051480107,1.32793134196292,1.16043894964899,0.882210809248828,0.953819653388706
1922,1.20464022832083,22,1.11117352047407,1.20096776212318,1.16048607778536,0.866217968268635,0.953819653388706
1923,0.863917386969344,22,0.768661384758405,0.980354213084823,0.869117068306406,0.631756915824233,0.953819653388706
1924,0.880530701954334,22,0.793022914131069,0.970210316432992,0.84351040535693,0.613721354946553,0.953819653388706
1925,0.748954631154974,22,0.720637815338844,0.728765522327282,0.737460911208291,0.52547511281132,0.953819653388706
1926,0.948047110908489,22,0.860249334984389,0.983869272663926,0.837733445247858,0.640442790555238,0.953819653388706
1927,0.909010745857541,22,0.813039477180227,0.9548179394597,0.820943234242896,0.630705272877423,0.953819653388706
1928,1.1067458786582,22,0.989194335307246,1.10444553969258,0.922660278377372,0.691960153786687,0.953819653388706
1929,1.27649430843459,22,1.10861811939347,1.40005500324277,1.10811635720369,0.83717110824942,0.953819653388706
1930,1.20979042841974,22,1.05827909934089,1.27131209994447,1.14117028923622,0.876303678898802,0.953819653388706
1931,1.30522160087612,22,1.12559854944135,1.49114594288987,1.16770688430147,0.928102492754888,0.953819653388706
1932,1.26100391409835,22,1.07447700469818,1.38780254237861,1.22887522763116,0.93420686933552,0.953819653388706
1933,1.36912727510102,22,1.16084948188861,1.55024807956576,1.27723549782001,0.995686022452939,0.953819653388706
1934,0.890719049467133,22,0.74190536451862,1.03078090246882,0.847106914053026,0.634892128092902,0.953819653388706
1935,1.41732642844539,22,1.14932701427411,1.61485651667609,1.31310272553814,1.03694558538902,0.953819653388706
1936,1.30443238065136,22,1.0695070623329,1.54673151733034,1.22980386404667,0.963244656376589,0.953819653388706
1937,1.28694903123716,22,1.02299741274818,1.54000368730798,1.24342251333314,0.988759532213556,0.953819653388706
1938,1.26089038897971,22,1.03621620923146,1.47938688295397,1.1891816889167,0.9520610680591,0.953819653388706
1939,1.02522069223518,22,0.819485331251177,1.20787662002402,0.975910854696097,0.73341305760959,0.953819653388706
1940,1.14095563980849,22,0.907392612405044,1.35596860263885,1.05244162794512,0.842164155968029,0.953819653388706
1941,1.30661700432365,22,1.07470373646342,1.43794605700672,1.24751844057429,0.968683732235665,0.953819653388706
1942,1.42636555416096,22,1.18921451393756,1.68394641725376,1.32026878036211,1.0621845540214,0.953819653388706
1943,1.42327903663251,22,1.13947224464751,1.57647907873508,1.3038965408692,1.01027783857747,0.953819653388706
1944,1.19749247953407,22,0.947778844387632,1.368867869561,1.15100918666341,0.866732840051824,0.953819653388706
1945,1.03539342762228,22,0.811746700117341,1.21464412956272,0.94418894116692,0.695668282152014,0.953819653388706
1946,1.16425170664766,21,0.898470731900858,1.40755318455018,1.07512700723295,0.776977705211521,0.951068570518213
1947,1.45963102338327,21,1.12886209911351,1.69916358495053,1.33725026906594,1.05149520890317,0.951068570518213
1948,1.34272939222112,21,1.03879089430902,1.57308395684454,1.21774785102809,0.942813335519172,0.951068570518213
1949,1.26384371704097,21,1.01701317519957,1.44027433013174,1.20610970510506,0.884536670513397,0.951068570518213
1950,1.08833632746377,21,0.837554589865043,1.36293710082586,0.923839870981802,0.681999043216852,0.951068570518213
1951,1.49120946807759,21,1.15187852088005,1.77486018459071,1.3809767856958,1.04428559465434,0.951068570518213
1952,1.0386077618417,21,0.806683092172983,1.25298708913998,0.988134175531924,0.748391701348048,0.951068570518213
1953,1.19646346909372,21,0.899103614731252,1.43117808833089,1.13757320310872,0.842523743139085,0.951068570518213
1954,1.25873274698793,21,0.970311383815621,1.51355480672945,1.14137728954886,0.886918726520079,0.951068570518213
1955,1.22307898338824,21,0.94716870887591,1.43816257626987,1.11790917993206,0.832939187927768,0.951068570518213
1956,0.962733603151151,21,0.739108057342595,1.18548779811537,0.933522328342954,0.655889772658987,0.951068570518213
1957,1.5254227186832,21,1.14885134009723,1.74726779756849,1.32704558604775,1.04633735245108,0.951068570518213
1958,1.66995944276847,21,1.28477669591224,1.88823707508453,1.41620576878282,1.12446887228779,0.951068570518213
1959,1.62763444585811,21,1.24575317871773,1.91877923092636,1.34970795410219,1.13008794484946,0.951068570518213
1960,1.09657258669595,21,0.888033804915303,1.34058949066892,1.0993331148961,0.837088107315068,0.951068570518213
1961,1.19886504477105,21,0.961478223195392,1.40176010218177,1.10086819986239,0.835737929167101,0.951068570518213
1962,1.35409788418538,21,1.06161701260204,1.46635124046196,1.21404401777711,0.951059219342013,0.951068570518213
1963,1.3781971791662,21,1.07964582544281,1.59623349043396,1.29091077087281,0.975413765843668,0.951068570518213
1964,1.15015982833056,21,0.894635716105922,1.41385513572353,1.07402051505723,0.814824105238802,0.951068570518213
1965,1.08229586231935,21,0.892977782254665,1.2479796762001,1.07773311083373,0.776738179254819,0.951068570518213
1966,1.26776872922907,21,1.04472257082243,1.45460237891896,1.22241154752592,0.950053792373603,0.951068570518213
1967,1.09721806272848,21,0.893232722383408,1.31287067631989,1.11885102370572,0.837848960436452,0.951068570518213
1968,1.22481294839714,21,1.03669148467544,1.39682746045222,1.16499270830422,0.889461850187049,0.951068570518213
