"year","ModNegExp","samp.depth","Spline","AgeDepSpline","RCS","SFRCS","EPS"
-268,1.47914118686742,2,1.44225542784007,1.59081312325191,2.97821598917918,2.14593780786872,0.757279355475613
-267,0.958831054824746,2,0.956296795855875,1.03059565669686,2.22575057736721,1.51271596025348,0.757279355475613
-266,0.932478493243109,2,0.949361192074998,1.00174462187129,2.11734693877551,1.43654339413784,0.757279355475613
-265,1.00803573620241,2,1.04533046070866,1.08194584195008,2.32490112063283,1.66433104483005,0.757279355475613
-264,1.07475142736654,2,1.13398125225795,1.15374749334249,2.22627465574991,1.70093108131046,0.757279355475613
-263,0.922624307562003,2,0.986741743603226,0.98965586293995,2.12261806130903,1.48111116530173,0.757279355475613
-262,0.286232449876874,2,0.30953540984402,0.306180725951663,0.712687902648533,0.466426903364965,0.757279355475613
-261,0.599226444228094,2,0.649906847942717,0.641633837467418,1.1725554060752,0.891116281726895,0.757279355475613
-260,0.803425565862234,2,0.872915597091715,0.857676875421408,1.69500571864278,1.27105818418415,0.757279355475613
-259,0.566929425623569,2,0.609673493758371,0.606946947212954,1.12723052371972,0.873708083589547,0.757279355475613
-258,0.862382494595782,2,0.919936015863927,0.921898464245933,1.81290818286592,1.38946235445305,0.757279355475613
-257,1.07408553705503,2,1.13725632655457,1.14485178772031,2.06965769826736,1.58459936975555,0.757279355475613
-256,0.717742223067414,2,0.752530803284883,0.764285771997135,1.35598503740648,1.13665500111135,0.757279355475613
-255,1.54506113920332,2,1.61341730659232,1.63949272568442,2.72436311909996,2.4016153851244,0.757279355475613
-254,1.24987225320683,2,1.29495327881613,1.32929051892013,2.21393523061825,1.90844847513373,0.757279355475613
-253,1.4002420133439,2,1.45300620998216,1.48835628679972,2.4009916724938,2.12803167325197,0.757279355475613
-252,1.32980076031888,2,1.38845955382245,1.41450735846441,2.4801918265221,2.23449573465688,0.757279355475613
-251,1.57865726693123,2,1.67728071735237,1.67230736484968,2.74352331606218,2.61591533758759,0.757279355475613
-250,0.660276185085746,2,0.71672073272186,0.696405117642912,1.42759287613829,1.04868817285739,0.757279355475613
-249,0.950451981339583,2,1.05443859782801,1.00076978297069,1.80857874519846,1.42179147979772,0.757279355475613
-248,0.666074902724341,2,0.755744168402664,0.703411883829008,1.23731896732666,0.937136610691979,0.757279355475613
-247,0.57715167966871,2,0.669259962359333,0.603766236670098,1.03790126787159,0.791954814425442,0.757279355475613
-246,0.740547971862094,2,0.876536973995815,0.775487987300266,1.42478775125172,1.08730552888321,0.757279355475613
-245,0.762816973528805,2,0.915069010447306,0.795558413452746,1.42278712766707,1.01280795682547,0.757279355475613
-244,0.33473285225389,2,0.404734659520105,0.347962634159236,0.713422007255139,0.486771835201409,0.757279355475613
-243,0.727518567346633,2,0.897268005090486,0.760248338815795,1.39478693805828,0.912961073430069,0.757279355475613
-242,0.699502318300254,2,0.844681664332099,0.723261910011682,1.38414680003008,0.977479667259848,0.757279355475613
-241,0.605704834287974,2,0.738876516861306,0.628382109312388,1.07793004704439,0.897451301348271,0.757279355475613
-240,0.779020725037354,2,0.921316306351393,0.801686777035876,1.5126892252894,1.0889126971467,0.757279355475613
-239,1.11453299374363,2,1.29134610016246,1.14296343098351,2.28388766865391,1.55536746700788,0.757279355475613
-238,1.09311373456983,2,1.22668505167655,1.11494501376211,1.97183098591549,1.40709296619922,0.757279355475613
-237,0.933343579470571,2,1.02747921768902,0.949971654748391,1.65306954925556,1.24408299487712,0.757279355475613
-236,0.994861710882531,2,1.04612109160687,1.00504081855814,1.89220684632192,1.40829047058408,0.757279355475613
-235,1.43721243251229,2,1.51130224521566,1.45481661076692,2.64718414885306,1.76049229191202,0.757279355475613
-234,0.543795181211037,2,0.546186329834486,0.546300382451078,1.06449428055388,0.785941867908295,0.757279355475613
-233,0.839102603993376,2,0.847086371699283,0.845732088802135,1.67790697674419,1.20292260428075,0.757279355475613
-232,1.24694339775892,2,1.25115892652542,1.25862369006494,2.2184418830718,1.65205391775597,0.757279355475613
-231,1.06798837271389,2,1.06644389133209,1.08079788618229,1.94627743508822,1.39817963413512,0.757279355475613
-230,0.806428812216149,2,0.778896667890089,0.811957861843752,1.57512674758027,1.18889555694687,0.757279355475613
-229,0.91719063850133,2,0.868852712060216,0.922634321032365,1.78574175190341,1.32278559722342,0.757279355475613
-228,0.87313503248759,2,0.809572202405398,0.877115101305832,1.69215399984631,1.32318322813132,0.757279355475613
-227,0.871470998319433,2,0.787831619161277,0.872465612564464,1.54909706546275,1.22890085348855,0.757279355475613
-226,1.29958864865715,2,1.15328449633136,1.30076451194719,2.13695124351992,1.63560752917802,0.757279355475613
-225,1.48489828706356,2,1.29313153525095,1.48444515505422,3.0296835391283,2.25372797021102,0.757279355475613
-224,1.11391702518964,2,0.951904024183145,1.10903615299096,2.2497574385511,1.62276534088888,0.757279355475613
-223,0.984575230254891,2,0.83035555905688,0.979335657913717,1.94162436548223,1.41093647024591,0.757279355475613
-222,1.04123494284319,2,0.869711497648592,1.03605732199295,2.0266750848394,1.58747243849706,0.757279355475613
-221,1.44083651326825,2,1.19402164558517,1.42883004413546,2.67064654201397,2.17434858262872,0.757279355475613
-220,1.68152897720939,2,1.38909070316721,1.66321928898119,3.18541266794626,2.44093678245545,0.757279355475613
-219,1.27311829449506,2,1.05483194520876,1.25787279079685,2.49163079866093,1.89116362748128,0.757279355475613
-218,1.42714760936963,2,1.18919220568906,1.40646732259604,2.7589054022175,1.98949445691445,0.757279355475613
-217,1.45803839256226,2,1.22785042473031,1.43435988871462,2.74293590627154,2.22686289663374,0.757279355475613
-216,1.41121366841925,2,1.20525414607655,1.38612460989912,2.90813758389262,2.39548918992273,0.757279355475613
-215,0.50300119804084,2,0.4378957462357,0.493535006479518,1.14070025935532,0.832016671492381,0.757279355475613
-214,1.2295736728941,2,1.09399606846951,1.20515240737298,2.23885611886806,1.55708833518808,0.757279355475613
-213,1.09474436123475,2,0.996868033133646,1.07178854468094,2.24809805579036,1.67222987262371,0.757279355475613
-212,0.819416580237545,2,0.763295739192788,0.801453829956384,1.62284641136605,1.13497852074698,0.757279355475613
-211,0.9462146570882,2,0.903212658757264,0.924310065936108,1.90740586123403,1.37887899302077,0.757279355475613
-210,0.83970742901663,2,0.81995769690297,0.819919133264261,1.77272727272727,1.2229409202804,0.757279355475613
-209,1.16795198475034,2,1.1679389634343,1.13777294938371,2.31744716121011,1.90988192163106,0.757279355475613
-208,1.18155123432621,2,1.20819279577018,1.14966817022137,2.17676572751833,1.77161511764352,0.757279355475613
-207,0.897520380329975,2,0.938166600852485,0.872339354652436,1.74068943036427,1.31811314040743,0.757279355475613
-206,0.854883565275105,2,0.911719782548987,0.829416072021175,1.71247357293869,1.31939883280303,0.757279355475613
-205,1.08821720515931,2,1.18223125186554,1.05392094303079,2.18648832850571,1.65396512259862,0.757279355475613
-204,1.26338411934433,2,1.39806752633888,1.22250351504652,2.58611691022965,1.92332305489416,0.757279355475613
-203,0.676874831083336,2,0.759540266804548,0.653645769755673,1.54051690633502,1.01699550364872,0.757279355475613
-202,0.225202236269576,2,0.257973849231048,0.21838114376445,0.497936984246062,0.343439602846503,0.757279355475613
-201,0.874654596960809,2,1.00550838056804,0.845668055913842,1.46158784506741,1.18725273115254,0.757279355475613
-200,1.00180199726901,3,1.10312770714737,0.957913198469676,1.6057484283709,1.28316606459198,0.753586345906458
-199,0.62606751148417,3,0.632912241426733,0.629140548595484,1.00080667938621,0.640690382236148,0.753586345906458
-198,0.872465826585134,3,0.940344118355871,0.839900500597813,1.48073986926681,1.04905170595264,0.753586345906458
-197,1.01870112573158,3,1.10049791040546,0.915040205038687,1.6806689475474,1.25472696753236,0.753586345906458
-196,1.15404670733906,3,1.25944262725201,1.0888195066568,1.97463727297475,1.49409751384149,0.753586345906458
-195,1.28540705906193,3,1.37140250229291,1.25201987982782,2.41081212245133,1.81676976047335,0.753586345906458
-194,1.03142868283775,3,1.02284946505584,1.06844403106533,1.51619036915668,0.965450974353079,0.753586345906458
-193,0.973580660409342,3,1.00094012590824,0.94867675622243,1.61106703384216,1.07972078162815,0.753586345906458
-192,0.856684370934413,3,0.864542219100036,0.835366481163047,1.29909188898146,1.01982295712291,0.753586345906458
-191,0.71642792735699,3,0.714454745398169,0.700597746486919,1.25130875105084,0.818574903017025,0.753586345906458
-190,0.746432043381079,3,0.785974485716878,0.773846520827576,1.52969313942591,1.01586104906627,0.753586345906458
-189,0.904670542777784,3,0.806530725888128,0.780097247806893,1.60240031555908,1.04796564651964,0.753586345906458
-188,0.904627309572084,3,0.904061206954036,0.893814527093953,1.54480747678718,1.02009591450596,0.753586345906458
-187,1.3626151828629,3,1.37866760423505,1.32874213421737,2.79715361734763,1.90618213671223,0.753586345906458
-186,1.0887264547147,3,1.04403739583928,1.10609510078957,2.29199190002106,1.74169498237922,0.753586345906458
-185,1.10412251955368,3,1.04435464973133,1.10431772731734,1.83514003006622,1.38734104215329,0.753586345906458
-184,1.48721137967915,3,1.4453567865808,1.4490498173322,2.29537415979602,1.77957460079221,0.753586345906458
-183,1.26897503044001,3,1.16880445557321,1.3706955292157,2.67935065371586,2.08958313508625,0.753586345906458
-182,0.620232207651899,3,0.47857778221254,0.51524774269497,1.09798919076851,0.774187634787393,0.753586345906458
-181,0.882239013763991,3,0.930162605791206,0.855744695215375,1.60277174475671,1.16057820011647,0.753586345906458
-180,0.644652867057581,3,0.599082730635036,0.630307760735823,1.18897283791701,0.855022294271766,0.753586345906458
-179,1.40084268380306,3,1.3532302539549,1.36626736037197,2.29557247030656,1.79124787826146,0.753586345906458
-178,1.59328870631515,3,1.45423603167432,1.55366683238396,2.39907180376649,1.98083963059249,0.753586345906458
-177,0.967833470379244,3,1.08630884521584,0.982571016929256,2.01769820025695,1.54559746741536,0.753586345906458
-176,1.33106327618676,3,1.23363496036683,1.30469687182569,2.01737680750702,1.26156211574722,0.753586345906458
-175,1.19886807958529,3,1.08454257300574,1.17260736573687,2.09615338108462,1.38367753680204,0.753586345906458
-174,0.961231397611426,3,0.793797419464019,0.886733477740399,1.38585513254984,1.0264750600859,0.753586345906458
-173,0.92728402090585,3,0.891504749596433,1.00474370543057,1.45399561775741,0.97164741123873,0.753586345906458
-172,0.926768351843058,3,0.760576170038324,0.824929036089639,1.36467705855244,0.937473799149884,0.753586345906458
-171,0.433387587140518,3,0.378896637855681,0.408008744231643,0.770999783755144,0.517460121803248,0.753586345906458
-170,0.952637561693852,3,0.854402595472897,0.932455790720483,1.51803057430421,0.956520271995543,0.753586345906458
-169,1.11978012249299,3,1.00437550957511,1.09719579555586,1.75309053343076,1.13827297840646,0.753586345906458
-168,1.06423075269401,3,0.962044195632205,1.06506927460031,1.59970502233378,1.21182770934854,0.753586345906458
-167,1.66502159213697,3,1.50776086475339,1.7113807652974,1.55425725408949,0.977250093290457,0.753586345906458
-166,1.29350216770934,3,1.16842756311728,1.4219797474308,2.33336389762362,1.82047436721189,0.753586345906458
-165,0.97428792644585,3,0.844090677521407,0.961957463544344,1.62289290214039,1.01081377020905,0.753586345906458
-164,1.22039184168798,3,1.11600175611039,1.19514602392871,1.88465632033729,1.27818571890874,0.753586345906458
-163,1.37173569198363,3,1.25830819018197,1.35231808148085,2.47268095252945,1.70851549540653,0.753586345906458
-162,2.01146737276553,3,1.87547577964845,1.89766030339534,3.20528973449483,2.54931912106049,0.753586345906458
-161,1.9538446444914,3,1.76133193218629,2.02610815304629,3.77361059560041,2.9561019843681,0.753586345906458
-160,0.780681905225856,3,0.749488126351687,0.820401625923344,1.60583907514356,1.1384383832839,0.753586345906458
-159,0.506214044652728,3,0.487164314934175,0.442807293012836,0.941147366032054,0.631782579896697,0.753586345906458
-158,1.11012933387012,3,1.15349196505185,1.20108071765763,2.51784042694458,1.76351063187357,0.753586345906458
-157,0.366347393784882,3,0.415811936415355,0.324076374379363,0.716155439543321,0.466747440167593,0.753586345906458
-156,0.527240214992303,3,0.56994340326974,0.591301822355498,1.34155663567752,0.853571798691329,0.753586345906458
-155,0.392213836078149,3,0.480752088272709,0.408705853558921,0.910281362445141,0.568841758568959,0.753586345906458
-154,0.395511810857821,3,0.503040682188422,0.417096966451381,0.794818493875209,0.492673561522458,0.753586345906458
-153,0.696850176469596,3,0.814440301888846,0.733397498146183,1.44624508197574,1.08707450572396,0.753586345906458
-152,0.876951772398899,3,1.0135607161708,0.862638002381414,1.32417533013369,0.951767057232492,0.753586345906458
-151,0.684302266294321,3,0.794914018611368,0.711580955881807,1.17474801335378,0.728321322029075,0.753586345906458
-150,0.879094969582664,3,0.967853589049676,0.903646421683273,1.93027117251203,1.30474606862605,0.753586345906458
-149,1.27272650195671,3,1.41006187438346,1.24257452937973,2.43181182577157,1.83364723190687,0.753586345906458
-148,1.75003022715196,3,1.67791457923372,1.56969110427419,2.99816927116715,2.21192596527089,0.753586345906458
-147,0.673845366609775,3,0.703063990786674,0.662629757556457,1.10464157509878,0.814451481733621,0.753586345906458
-146,1.03593905471408,3,1.11106545816576,1.02356588687313,1.71082804264436,1.34940366938756,0.753586345906458
-145,1.12012644484763,3,1.23823175797462,1.11736076582548,1.87198392177706,1.4716808779956,0.753586345906458
-144,1.20076635021295,3,1.33202386453443,1.24210258315248,1.90159154969843,1.35093870289341,0.753586345906458
-143,1.10846665660404,3,1.22790491118292,1.09367049065436,1.74702343969234,1.12035029220132,0.753586345906458
-142,0.769080523739179,3,0.735373942566482,0.740845433452394,1.31674313191954,0.771553745622244,0.753586345906458
-141,1.00990473666364,3,1.06021563329692,0.990570013606106,1.7167393125961,1.30602449863282,0.753586345906458
-140,1.21914958894035,3,1.28179361640465,1.20993292172836,1.89799356231432,1.39785433848354,0.753586345906458
-139,1.16726747649401,3,1.22326139225993,1.15954600317698,2.29747127729778,1.667585386888,0.753586345906458
-138,0.32522330615222,3,0.355344322680864,0.327205853607582,0.549591579162448,0.329841291211937,0.753586345906458
-137,0.693643545259523,3,0.740415483938532,0.687740318239193,1.0924761214442,0.768866849823993,0.753586345906458
-136,0.922177777593416,3,0.986039552109953,0.949732970587284,1.38895437975161,0.987162407534629,0.753586345906458
-135,0.873276628655539,3,0.799446654217648,0.746022630456824,1.46033744115454,0.913753969738242,0.753586345906458
-134,1.21724778109145,3,1.20107451084993,1.25431505616989,2.32172395250624,1.48178596815791,0.753586345906458
-133,1.1539542613803,3,1.10317139029194,1.11202123462787,1.75568392216405,1.24155317583486,0.753586345906458
-132,0.905337914749756,3,0.909273425324145,0.920698640295255,1.78576173128392,1.27713619214802,0.753586345906458
-131,0.847549149225389,3,0.790582969891836,0.825024863867452,1.13402225035316,0.851657165295421,0.753586345906458
-130,1.31866269427549,3,1.17468649870151,1.20356740665838,1.71034426607004,1.34126830961208,0.753586345906458
-129,0.652395976014821,3,0.571122764940813,0.634294533966603,0.938464797083306,0.464478456341565,0.753586345906458
-128,0.852630864354881,3,0.697346736498516,0.834997164021209,1.45409033982107,0.894095110264472,0.753586345906458
-127,1.29943053152354,3,1.15308588132644,1.2726050170744,1.81373369342185,1.30931966055504,0.753586345906458
-126,0.829770168760604,3,0.709441413196081,0.839445107720329,0.95730966631151,0.668438645710398,0.753586345906458
-125,1.07891139861868,3,0.913228102187562,1.01193758514034,1.6643018886125,1.1664181249329,0.753586345906458
-124,1.51724993390198,3,1.43637235243337,1.47725307642334,2.75562060602187,2.11592701532367,0.753586345906458
-123,1.54107234720553,3,1.33716884689475,1.43453072717551,2.67362248950694,1.88537411125847,0.753586345906458
-122,1.10479798361228,3,0.852346247277653,1.01665237987999,1.81924764322489,1.41689333616409,0.753586345906458
-121,1.41461881187344,3,1.16276031461762,1.391027045122,2.17349485689339,1.33734289650962,0.753586345906458
-120,1.32016664495206,3,1.12842548990782,1.36471937787837,2.21078459031094,1.57059200257021,0.753586345906458
-119,1.1574016912682,3,0.925143521596161,1.13475585350099,1.74247739011164,1.24807241089336,0.753586345906458
-118,1.35913020620585,3,1.09742357080648,1.34001150436174,1.75370692378908,1.32432529365872,0.753586345906458
-117,1.2618436445472,3,1.00959411048673,1.23608367665842,2.00875333786965,1.5345044109745,0.753586345906458
-116,1.47841016590225,3,1.1828265147115,1.44807900740349,2.45643745153538,2.05145094549852,0.753586345906458
-115,1.13156433866118,3,1.00524280598061,1.14670990609832,2.05872155032889,1.59878783387759,0.753586345906458
-114,0.91842642820508,3,0.783779223531251,0.926347261052543,1.89472026458,1.32786630908859,0.753586345906458
-113,1.31864842551393,3,1.06767773311525,1.28624087051784,2.18972032253638,1.66189200366348,0.753586345906458
-112,1.28435550129099,3,1.04118123554974,1.25685573570995,2.13073246592221,1.55930409937087,0.753586345906458
-111,1.07898170071823,3,0.881967369485545,1.06027639904786,1.76477412651246,1.28949999048728,0.753586345906458
-110,1.31291699955537,3,1.09066283312135,1.29151437895699,2.11462147781543,1.4747997230799,0.753586345906458
-109,0.956465982734717,3,0.834770651147128,0.925553865488746,1.39338049491674,1.0276530366067,0.753586345906458
-108,0.628355518055848,3,0.49095979618228,0.596830835244883,1.03686597163777,0.603264884679132,0.753586345906458
-107,1.45349838703494,3,1.263611005951,1.42280612924075,2.27444244516305,1.70518259017331,0.753586345906458
-106,1.51890795055337,3,1.35299626613911,1.49742990071195,2.68807399498632,1.93538702211384,0.753586345906458
-105,0.885749757160608,3,0.756310073771329,0.869298272618641,1.46886126238503,0.827960218866182,0.753586345906458
-104,1.68763100219606,3,1.55387088140708,1.6718614193332,3.30496704240431,2.35554480315521,0.753586345906458
-103,1.53075562651643,3,1.46765682564393,1.4955992391909,2.35905716958025,1.75655675662402,0.753586345906458
-102,1.0677585567205,3,1.09995808855196,1.03896034622255,1.72191031868483,1.14997235440386,0.753586345906458
-101,1.16592840858861,3,1.17161736888683,1.03351740587525,1.1776499983637,0.708819185969792,0.753586345906458
-100,0.597032133004692,3,0.625081708758225,0.585898081633118,1.0584139114431,0.685654501898112,0.753586345906458
-99,0.180936476389368,3,0.203504031882382,0.175478391740917,0.157054268855067,0.0973032939945349,0.753586345906458
-98,0.738679301938066,3,0.835342950368162,0.726441627114569,1.1864308048017,0.788544989020047,0.753586345906458
-97,1.15683455425166,3,1.279758437368,1.12278047595238,1.67768139718759,1.19047361120541,0.753586345906458
-96,0.844824805269658,3,0.823278465141592,0.823278079037044,1.26522872270723,0.757656376564348,0.753586345906458
-95,0.910024082785881,3,0.992358235840073,0.882014662851803,1.18824149991891,0.855756304885302,0.753586345906458
-94,1.34777210172904,3,1.69474081328489,1.22127762647297,2.11720117468719,1.37482720738896,0.753586345906458
-93,0.645681154839354,4,0.887806381227823,0.769942283053987,1.04751110326624,0.617900857621252,0.781176293406865
-92,0.918648740692671,4,1.18140494509419,1.01474630483542,1.45315930620854,0.937555668184737,0.781176293406865
-91,0.483882871784139,4,0.633333119375558,0.559643740646306,0.739029811306392,0.483386411810546,0.781176293406865
-90,0.389186211181009,4,0.552615400242401,0.477160415693554,0.676133605093323,0.447642488965072,0.781176293406865
-89,0.596089442244912,4,0.851117491367274,0.749849605212343,1.08345475070478,0.70351456479917,0.781176293406865
-88,0.650017705335245,4,0.72416432302723,0.6775491952884,1.02065765452285,0.615078341064782,0.781176293406865
-87,0.963838182019271,4,1.11940084765694,0.922981751793472,1.33615555983391,0.922320145026623,0.781176293406865
-86,0.933524781770813,4,1.07916636389013,1.00738843753879,1.18319419481584,0.877787979488361,0.781176293406865
-85,0.660627995425317,4,0.651710935143465,0.676745234983875,0.973140662608387,0.700611841329436,0.781176293406865
-84,1.29419697417883,4,1.3829508645246,1.3076844770081,1.78435205420066,1.31167866418175,0.781176293406865
-83,1.19777875551765,4,1.0752560735206,1.14550580547722,1.49718810941049,1.02497924228819,0.781176293406865
-82,1.19850218263026,4,1.23297144901014,1.21145150830023,1.66998560107065,1.2156757576434,0.781176293406865
-81,1.1830402183971,4,1.18601527385567,1.18027304424148,1.70532465711782,1.19185020361951,0.781176293406865
-80,0.594028152842724,4,0.643775425244285,0.623210392123453,0.922653924529885,0.649533938239119,0.781176293406865
-79,1.44081966796211,4,1.50886845386015,1.48942699908221,1.88459350615968,1.43022877885099,0.781176293406865
-78,1.10221389389246,4,1.15592928859415,1.10670648920511,1.41402285117276,1.08961580886051,0.781176293406865
-77,1.38750798159301,4,1.41867842679732,1.39262043413528,1.77218690611022,1.34103892187601,0.781176293406865
-76,0.971148732926065,5,1.12940560651596,1.07884665257448,1.26710510046323,0.927174786645962,0.831144323419714
-75,0.393100177663716,5,0.551386838964421,0.529500470577588,0.616405121603944,0.403634903423289,0.831144323419714
-74,0.561913744820457,5,0.613735947696356,0.599942199688177,0.781053722788374,0.519353960051705,0.831144323419714
-73,1.09298257291773,5,1.14356644636055,1.09940415450807,1.38193874954299,1.01756463573036,0.831144323419714
-72,0.827453928354027,5,0.962005957280112,0.914929152867064,1.26782707606675,0.731397559932194,0.831144323419714
-71,0.673225386991547,5,0.663401004168924,0.746018134881432,0.758632914379964,0.478887896034573,0.831144323419714
-70,0.613650196595667,5,0.678164834330234,0.680090193899823,0.692311191888005,0.354318590248799,0.831144323419714
-69,0.69070789885052,5,0.778922390444534,0.742286088064328,0.910734956621807,0.659022869687721,0.831144323419714
-68,1.02747142599177,5,1.08039951299919,0.978187606204511,1.31961399535722,0.953156573090869,0.831144323419714
-67,0.676904400813535,5,0.7402013011134,0.728059352861657,0.977940861733207,0.637672990785892,0.831144323419714
-66,1.3314744817845,5,1.40063516917637,1.44943462455609,1.76141561205253,1.12914346458951,0.831144323419714
-65,1.10987646693584,5,1.14844972788136,1.30137802501134,1.34640307138244,0.925502324071388,0.831144323419714
-64,1.00708004164019,5,0.947500324033014,1.02501405221126,1.3660905612306,0.925043598562258,0.831144323419714
-63,1.02765856960804,5,1.03128052381103,1.04172584456507,1.32386220376445,0.927480868167652,0.831144323419714
-62,1.59787224268523,5,1.62053388749693,1.63777650539415,2.16685950070416,1.5963974504649,0.831144323419714
-61,0.491510075548926,5,0.548354895813177,0.539839659394268,0.727550004243509,0.452449366771098,0.831144323419714
-60,0.810983556793262,5,0.754742916075162,0.782308466214723,1.10204443958076,0.700291185964771,0.831144323419714
-59,1.41327863030798,5,1.35931646469696,1.41296960721752,1.71279414141231,1.21519342632188,0.831144323419714
-58,1.38259843780887,5,1.32530910992182,1.3814092036368,1.70192958159909,1.18353065926942,0.831144323419714
-57,0.690956566768693,5,0.688063144916617,0.516341266338974,0.980840401996585,0.649645094443293,0.831144323419714
-56,0.91429406604803,5,0.990518500724847,0.990909273861576,1.33754416825851,0.918673957144347,0.831144323419714
-55,0.676237575525498,5,0.696300307403125,0.71953827947233,0.720254984442634,0.415201066389324,0.831144323419714
-54,0.68236864421998,5,0.756803423273764,0.701531722506991,0.902724478115733,0.619008337255301,0.831144323419714
-53,1.18385743417056,5,1.22523290871576,1.26995862688406,1.44415840135526,0.919932358364728,0.831144323419714
-52,0.955244870050177,5,1.00956712491945,1.04458817401146,1.28536144949911,0.822826688562814,0.831144323419714
-51,0.520355156456455,5,0.542861468023098,0.562679779371048,0.679946784589397,0.443300108231498,0.831144323419714
-50,1.00787623766341,5,1.04611215963496,0.948141434006816,1.34023494638866,0.926392281902596,0.831144323419714
-49,0.904078862310531,5,0.915918131962645,0.904885326310819,1.18407905424976,0.85907763399058,0.831144323419714
-48,1.44573227543577,5,1.43906881773329,1.42593700693933,1.88437304487482,1.33634311245332,0.831144323419714
-47,1.53715652244256,5,1.44820149571551,1.24853211389827,1.45301612042673,1.2114068958508,0.831144323419714
-46,0.847934295811569,5,1.09973669749933,1.04469846486525,1.11583689197302,0.7213070250259,0.831144323419714
-45,0.476937308007141,5,0.469593780679466,0.447404259357887,0.670981765912794,0.644128606490906,0.831144323419714
-44,1.28461889969859,5,1.36884508030665,1.39915975645431,1.6612048329843,1.13502372143136,0.831144323419714
-43,1.0744483226595,5,1.03242691259667,1.0880613868912,1.35709083650519,0.88403300186658,0.831144323419714
-42,0.845221766277362,5,0.867847506453448,0.783506830416896,0.980109877897209,0.646100740322743,0.831144323419714
-41,0.670919446044113,5,0.814186831494333,0.796815703799753,1.21999696782966,0.751064485300528,0.831144323419714
-40,1.04135933093547,5,1.20482836867144,1.03261803623364,1.39996169189204,0.952772726697554,0.831144323419714
-39,0.7787375430221,5,0.938047237491704,0.79769259328193,0.967535040178492,0.687435713198721,0.831144323419714
-38,0.512481934066228,5,0.669776621642477,0.564871213550318,0.757371358967287,0.402150335374859,0.831144323419714
-37,0.46444403790943,5,0.623554652540083,0.45694818343776,0.750447196364187,0.47232816856145,0.831144323419714
-36,0.688143418184655,5,0.936228605570008,0.803618900656385,1.17785072806045,0.788871612614281,0.831144323419714
-35,0.526533987650445,5,0.606247397093724,0.629632918718751,0.726173807312863,0.507332663892329,0.831144323419714
-34,0.64963641872737,5,0.756144717596641,0.651415652009129,0.949108682032482,0.660010015689826,0.831144323419714
-33,0.525625023493847,5,0.672977788167885,0.498643310183619,0.795856961149706,0.506234304106029,0.831144323419714
-32,1.10358010959564,5,1.22423444746484,1.14306106234063,1.60057684138475,1.17122935377933,0.831144323419714
-31,1.03402922069694,5,1.12397885635185,0.91182543952365,1.34541155842724,0.934557609753579,0.831144323419714
-30,1.52681412006261,5,1.52304905619646,1.50686061633302,1.93265139094073,1.35961353921921,0.831144323419714
-29,0.870994156017603,5,0.762980522201956,0.83446289122149,1.12303139381451,0.750949021413614,0.831144323419714
-28,0.528892720811629,5,0.580065970370144,0.452504810649989,0.648931440380852,0.391623475213739,0.831144323419714
-27,1.28446772319551,5,1.30541446347371,1.33323826292241,1.76581579311142,1.11945869598332,0.831144323419714
-26,1.54745350929265,5,1.49034392458552,1.56113087939348,1.95682162319264,1.41405675757194,0.831144323419714
-25,1.58800931485031,5,1.46623453998729,1.59138317706188,1.807853171247,1.33803979928873,0.831144323419714
-24,0.754474211487303,5,0.675078073895057,0.726562367307388,1.02246844282602,0.65222964631261,0.831144323419714
-23,0.673508282853617,5,0.587563526010315,0.636247125589516,0.930019909769724,0.635212688545076,0.831144323419714
-22,1.21192252235556,5,1.07862881103533,1.13415953624452,1.53726449844871,1.08315761519945,0.831144323419714
-21,0.657039939584801,5,0.569265655652292,0.639632697240375,0.843061058545743,0.592552892730597,0.831144323419714
-20,1.20786609927733,5,1.04426302507585,1.15686417579966,1.46335848851098,1.0236083207891,0.831144323419714
-19,1.37481243189338,5,1.22717568281933,1.35749894517341,1.71646914207936,1.26259312755922,0.831144323419714
-18,1.44520903928731,5,1.29131102773097,1.46780704555268,1.84736863233726,1.25992763149937,0.831144323419714
-17,1.51596200886135,5,1.22701696857959,1.42680370823155,1.83682496408427,1.38440523481101,0.831144323419714
-16,0.991525231809156,5,0.832986572064695,0.935395414224476,1.17509901908045,0.677316339368987,0.831144323419714
-15,1.73239460806297,5,1.16096692448861,1.34461632451069,1.78143434644538,1.27604527753629,0.831144323419714
-14,0.956860186083658,5,0.804628871529226,0.935478736670559,1.20383615838945,0.840581984115579,0.831144323419714
-13,0.651492751103732,5,0.571228971219388,0.635340586902521,0.80659922739652,0.553181568131206,0.831144323419714
-12,0.873890457117167,5,0.813369338616818,0.866987187696053,1.16536145648244,0.798136279994243,0.831144323419714
-11,1.04448796933826,5,0.806128093335906,0.99471786937138,1.42406938336243,0.95739331829284,0.831144323419714
-10,1.46237717327049,5,1.22594004136314,1.54357347244943,1.9151645131301,1.40193492696356,0.831144323419714
-9,1.32901638100896,5,1.11239336253251,1.30424131736337,1.73025826435116,1.24865954002221,0.831144323419714
-8,1.70227725076079,5,1.71824488257384,1.65512617478743,2.14466781413619,1.6802981599083,0.831144323419714
-7,0.753946150498938,5,0.793310624302078,0.890739444359505,1.08809389217663,0.752990915410141,0.831144323419714
-6,0.836711402301685,5,0.825136047025731,0.960136882560371,1.3296296824197,0.909715770634503,0.831144323419714
-5,0.75567799456009,5,0.658829186381755,0.73752836455966,1.00789542416176,0.663272829800244,0.831144323419714
-4,0.908017537000036,5,0.861103545784477,0.990079550669463,1.26243067619904,0.879578664333891,0.831144323419714
-3,1.83846366669648,5,1.78510805402325,1.85038794350926,2.20866566957583,1.80866200836577,0.831144323419714
-2,0.694093155844833,5,0.657328085130777,0.68246007636665,0.960161734452214,0.691373004623532,0.831144323419714
-1,1.25793217961184,5,1.2623382938164,1.235255049291,1.64081770937027,1.22019477464106,0.831144323419714
0,1.46295931039309,5,1.60477278510975,1.54572119005545,1.82198045083365,1.33305129800027,0.831144323419714
1,0.95916862624525,5,1.03890564928423,0.976764451643749,1.29511866639672,0.903309876311819,0.831144323419714
2,0.80670085449477,5,0.635296306909998,0.61362894193293,0.890098394382749,0.590391093574943,0.831144323419714
3,1.02357854470887,5,1.1619606522333,1.02622635334357,1.44991582365454,1.00531843180646,0.831144323419714
4,0.501051146726197,5,0.642663247613808,0.439404348238168,0.722655937712424,0.472415948401933,0.831144323419714
5,0.282019253336447,5,0.38686320613973,0.318815701861008,0.4150626277736,0.276824267968911,0.831144323419714
6,0.656761886603367,5,0.878003514577054,0.672612226630357,0.940716205482334,0.669546981707924,0.831144323419714
7,1.03793740682719,5,1.48628087829815,1.09085506461406,1.34208099740065,1.1248267612393,0.831144323419714
8,1.3789192655606,5,2.03230231459853,1.44299314251522,1.6777693378486,1.30161746157013,0.831144323419714
9,0.618468980457582,5,0.908780338215032,0.628553986599083,0.769938270395141,0.54506745866111,0.831144323419714
10,0.463540904909803,5,0.675754686202052,0.458538604442647,0.649834005895652,0.399636880538233,0.831144323419714
11,0.380209993448998,5,0.639272344249349,0.442271543631812,0.478836577592977,0.315965691198336,0.831144323419714
12,0.484732403487656,5,0.672487157031776,0.481542223492613,0.687753071885655,0.445583586846955,0.831144323419714
13,0.482604717805008,5,0.668178186031128,0.496059951263493,0.679133625614269,0.455516387848421,0.831144323419714
14,0.56810471221833,5,0.893839469193813,0.649847694397648,0.788068184685566,0.60466925871216,0.831144323419714
15,0.631526449993839,5,0.817380312519684,0.696347000557484,0.880689702079893,0.61617479759636,0.831144323419714
16,0.370302611998569,5,0.475672906836482,0.372725013550988,0.537789765823882,0.34753743580608,0.831144323419714
17,0.598191442520078,5,0.734014356244215,0.612474039392375,0.872067422180588,0.590582080608936,0.831144323419714
18,0.531244828404541,5,0.600612412075425,0.521000567365387,0.751586011809111,0.477980229318611,0.831144323419714
19,1.21484785854572,5,1.36085472029142,1.28021668732301,1.84334429859496,1.18677349154131,0.831144323419714
20,0.68175235472127,5,0.731197502644779,0.685149786571654,0.932388916800199,0.615500275162001,0.831144323419714
21,0.626353565985183,5,0.593999754314849,0.634085570597652,0.804339479004184,0.527620704199759,0.831144323419714
22,1.51281072564436,5,1.4011473460627,1.56105593238095,1.92179487099941,1.30931907657643,0.831144323419714
23,1.64890509553653,5,1.42678609913674,1.76443166272295,2.17293783631013,1.45639301891097,0.831144323419714
24,0.698473498223909,5,0.573836429157177,0.703359170526688,1.08497280147881,0.675619020436559,0.831144323419714
25,1.07180103030249,5,0.90200628690586,1.14062837556353,1.38904252323367,0.966564557522836,0.831144323419714
26,1.8010111364306,5,1.47234998371044,1.96977043529634,2.22800744469924,1.49870276649067,0.831144323419714
27,1.47826589599955,5,1.27659523872543,1.72254210980776,1.85526658021201,1.32524733077166,0.831144323419714
28,1.4474278748678,5,1.30890602226623,1.66894955541717,1.79459578227896,1.3509265206148,0.831144323419714
29,1.74463996112409,5,1.42047313287367,1.8134147126189,1.98569659209626,1.48223614282956,0.831144323419714
30,1.97722756559342,5,1.74026464062706,2.15880972847793,2.27414559160329,1.67984045372789,0.831144323419714
31,1.37027742765708,5,1.15720043915856,1.48052155071832,1.72359954808717,1.1661859849942,0.831144323419714
32,1.37961823764833,5,1.13805390516006,1.46681528788303,1.70221557397326,1.16940686624707,0.831144323419714
33,0.878575916069359,5,0.774251194434036,1.01659856598335,1.14495776665961,0.785547358501105,0.831144323419714
34,0.680215372058507,5,0.637760600627286,0.773325675808781,0.901600223611549,0.603194504539265,0.831144323419714
35,0.763503128156678,5,0.787967347814059,0.86491449984493,0.978087568721259,0.673330878840031,0.831144323419714
36,0.719806836653918,5,0.695099782454384,0.749792633775991,1.09742643114068,0.756106403190493,0.831144323419714
37,0.704917331148267,5,0.677272498948392,0.740003844094269,0.938738196258272,0.593632781583322,0.831144323419714
38,0.958755433905287,5,0.989970520113178,1.05666627814164,1.15579582452667,0.763810461905408,0.831144323419714
39,0.516960441228644,5,0.80083650968669,0.636629007091781,0.985092292928017,0.605679211072112,0.831144323419714
40,0.211980140341527,5,0.338584086888154,0.25821213317524,0.338808012871411,0.209422106398985,0.831144323419714
41,0.172874990258372,5,0.283773811999396,0.168687359228168,0.414509251403355,0.267030400914715,0.831144323419714
42,0.697625615631832,5,0.757372308176885,0.776602294616284,0.917375974857885,0.623066168250555,0.831144323419714
43,0.978206919751322,5,1.13470734066305,1.23654979141175,1.33814325931732,0.924133346447088,0.831144323419714
44,0.738967668487448,5,0.912306949356576,0.929390842095787,0.963442804301727,0.666283501020938,0.831144323419714
45,1.18019959332132,5,1.34890315212261,1.43722736354725,1.57883638780606,1.06266369734918,0.831144323419714
46,0.754523044201956,5,0.95281805250817,1.14461882359107,1.05217446502598,0.641855016341091,0.831144323419714
47,0.916383069271044,5,1.06648861352158,1.10092181781244,1.18158174619075,0.80684195926058,0.831144323419714
48,1.30453235961108,5,1.24996463534284,1.62823451532186,1.4936535673606,1.03467054035121,0.831144323419714
49,1.77008234619178,5,1.74458722031324,2.13699226368313,2.00811392577079,1.43059696856161,0.831144323419714
50,1.08118281147847,5,0.982622575804577,1.16862507541527,0.990340417316672,0.559387427075508,0.831144323419714
51,0.990071836718758,5,1.04419263281544,1.18761397454198,1.21465834293344,0.92937169569159,0.831144323419714
52,0.64412323346217,5,0.764845686873413,0.67780004405634,0.839644117372217,0.558843915820396,0.831144323419714
53,1.24749762027838,5,1.34310615664609,1.3641294830805,1.526273383402,1.11283751121806,0.831144323419714
54,1.16366060578601,5,1.11851347460829,1.29518479497001,1.34731762346858,0.652289892541036,0.831144323419714
55,1.53314978246587,5,1.45109723768325,1.69324198836587,1.61807146323988,1.18344477017786,0.831144323419714
56,0.684860505744677,5,0.756873859268971,0.825320801721037,0.905436695653692,0.633861707486136,0.831144323419714
57,0.434843769620505,5,0.48270297959787,0.550807919644419,0.612060370121191,0.386589263756896,0.831144323419714
58,0.380909199412935,5,0.410432533946114,0.433779497524285,0.447685252839243,0.32149086599348,0.831144323419714
59,0.530081724463829,5,0.595049088884941,0.641368488498881,0.669480035929698,0.453978143771128,0.831144323419714
60,0.35993915883938,5,0.396300455384879,0.412111599240476,0.412160410258446,0.291447562013992,0.831144323419714
61,1.22367457960712,5,1.31154800460777,1.41936798393785,1.50873034208584,1.06510529072578,0.831144323419714
62,1.72035341073493,5,1.74126686009888,2.07788334558827,2.10736859439668,1.51457000461594,0.831144323419714
63,0.820935441131884,5,0.807796674387609,0.917901891168687,0.994330580268102,0.633231880286771,0.831144323419714
64,1.3702938880697,5,1.4171535455541,1.64174120567837,1.70292008255692,1.14182131219998,0.831144323419714
65,1.65091188814506,5,1.71973990590504,1.90626646894035,1.85603149858311,1.30646936184079,0.831144323419714
66,0.66830818165323,5,0.708934267126233,0.775861985533036,0.848517977841472,0.539894038161496,0.831144323419714
67,1.00048499291819,5,1.0700115348187,1.11754680843402,1.25124736664246,0.824087273216551,0.831144323419714
68,0.687338180120985,5,0.704339801590406,0.78646926190501,0.798385846661638,0.564270353649454,0.831144323419714
69,0.566302208755695,5,0.59053416325004,0.671904708557547,0.64238906344573,0.442662184438417,0.831144323419714
70,0.674259015628818,5,0.637911925991522,0.735829245594764,0.908259995393068,0.526872067119809,0.831144323419714
71,1.02292170937713,5,1.05473848686092,1.1520842032677,1.19160071015911,0.83414636288667,0.831144323419714
72,0.897151975812153,5,1.00967640293727,1.05945410608291,1.14809322667499,0.734063827860579,0.831144323419714
73,1.01663449527313,5,0.924466478549579,1.00879102499661,1.31589023209694,0.85686246687644,0.831144323419714
74,0.737231644724354,5,0.810143623666167,0.791478416306789,1.04256109736272,0.634141678312503,0.831144323419714
75,0.536478340675569,5,0.597748472006823,0.669119052672481,0.614193069464103,0.419893483814404,0.831144323419714
76,1.17918620088794,5,1.25819196139291,1.42188794018156,1.47427816797011,0.941200625138154,0.831144323419714
77,1.53165198664699,5,1.57486531106759,1.76974172205773,1.73607884269243,1.15848932553752,0.831144323419714
78,1.36767632676336,5,1.44008431584735,1.63312761367688,1.60773473778994,1.11180469153485,0.831144323419714
79,1.12024938987505,5,1.18510242094922,1.31871312161706,1.41584531000484,0.943852047793875,0.831144323419714
80,0.695516686734902,5,0.715067820264967,0.802746818566727,0.876632375914549,0.580734861474395,0.831144323419714
81,0.739603735134343,5,0.757708456640372,0.774231926507583,0.963348396046225,0.586741104910208,0.831144323419714
82,0.947633808790512,5,1.0883514726474,1.13400727129908,1.12478560165375,0.720863266533337,0.831144323419714
83,0.977650725225395,5,1.06030893645102,1.11039209376256,1.18903809253193,0.807352948866485,0.831144323419714
84,0.582074181370797,5,0.716427277742661,0.769116311597155,0.757037054556101,0.491035262792855,0.831144323419714
85,0.52627713778323,5,0.608777678808583,0.649257653621175,0.632810703680742,0.425219339964631,0.831144323419714
86,0.999075567324801,5,1.12057020608223,1.21298720722739,1.23106126137882,0.86310977738478,0.831144323419714
87,0.547442602748439,5,0.59432276302392,0.635696389534665,0.717565193653027,0.431452345445877,0.831144323419714
88,1.45260191239713,5,1.55216384215422,1.53943913973087,1.85092733916304,1.30260958492209,0.831144323419714
89,1.04072283791562,5,1.10724242702158,1.16840118028988,1.30626160130845,0.872974163673877,0.831144323419714
90,1.67077886332777,5,1.78697261874961,1.87034064024359,1.83419754095546,1.27119359499271,0.831144323419714
91,0.402698434412578,5,0.48486487621787,0.490697583462908,0.446479350423408,0.328416274002431,0.831144323419714
92,0.814725803549467,5,0.930495835060263,0.942726042031077,0.948407224640246,0.670619098643443,0.831144323419714
93,0.808118900447989,5,0.96522245410927,0.916119397688326,0.928590111638223,0.682180221696831,0.831144323419714
94,1.0918265874958,5,1.29732914055911,1.25567582551774,1.23394388256722,0.876701890129328,0.831144323419714
95,0.534773099181559,5,0.627900312162984,0.614077931682175,0.682124770412543,0.447121277320889,0.831144323419714
96,0.768058645856227,5,0.975925982112106,0.755599195411877,0.851445983442236,0.637751652633215,0.831144323419714
97,0.769518433169954,5,0.998501198714929,0.94235336432414,0.980158879768035,0.570136612016614,0.831144323419714
98,0.560756712925309,5,0.831314200458168,0.708430533808355,0.636515275510858,0.501372814866263,0.831144323419714
99,0.749833632088732,5,1.00006694990301,0.807301170614801,1.03548729835701,0.68121580201732,0.831144323419714
100,0.606606491701723,6,0.699405700440924,0.656784160563921,0.772409511160537,0.479139953660934,0.841992326485171
101,0.333997560766725,6,0.439362125691489,0.412739805171725,0.392095391133522,0.253733717219306,0.841992326485171
102,0.445130015149946,7,0.638793213556423,0.516641058074025,0.580357226642677,0.349908371173861,0.860986712396021
103,0.454498159702087,7,0.57725981235602,0.575524101869798,0.591502329611782,0.351586334896528,0.860986712396021
104,0.835904165937472,7,1.0204934757722,1.00639700092308,0.845380862001853,0.537827538267538,0.860986712396021
105,0.805437824239954,7,0.934191715844647,1.04577061379873,0.833936061274575,0.561985866644289,0.860986712396021
106,1.05726604550751,7,1.19465630364363,1.37840479931997,1.10035285364119,0.751803127104494,0.860986712396021
107,0.869962537970497,7,0.936995969037517,1.11968621575301,0.865057461914802,0.592097450922399,0.860986712396021
108,1.16673942733036,7,1.32794547869145,1.57970558741677,1.12921806964571,0.815422089577767,0.860986712396021
109,1.16284671804386,7,1.2795355198632,1.58403023902547,1.09969734565191,0.783449446956322,0.860986712396021
110,1.20293594689499,7,1.21161378175211,1.47357371364766,1.21635433418885,0.863352206840986,0.860986712396021
111,1.3528678949837,7,1.39016469828805,1.7277326668039,1.40145199714203,0.941468730584206,0.860986712396021
112,0.984278602745266,7,0.932512809831718,1.30696859854302,1.01493856796205,0.702876521791629,0.860986712396021
113,1.05942230917876,7,1.12461251255629,1.3212308485882,1.08747562721489,0.788176119266338,0.860986712396021
114,1.25218180538429,7,1.37585763001191,1.68589893930713,1.24418858357889,0.874934419764838,0.860986712396021
115,0.844909744208168,7,0.928010621125938,1.11534906362131,0.874801431149689,0.584289830187903,0.860986712396021
116,0.406411107282139,7,0.404558994845819,0.555902153680506,0.467129593224432,0.311031882217594,0.860986712396021
117,0.483883489456217,7,0.543990914546705,0.655402075789165,0.448521724295597,0.365848808349072,0.860986712396021
118,0.531941835891804,7,0.604194216782437,0.736522335034825,0.584135663001143,0.399650812958318,0.860986712396021
119,0.575240960024469,7,0.705716652255742,0.86234415762595,0.598500932208273,0.432992122801051,0.860986712396021
120,1.30729169393223,7,1.54974280341996,1.7629242399192,1.44174994316112,0.915362757291695,0.860986712396021
121,1.31774694612498,7,1.73990723808617,1.82212145684457,1.35947852919654,0.963543204860445,0.860986712396021
122,0.773876985879197,7,1.00487994946702,1.16814186527598,0.780529058815748,0.543766941057966,0.860986712396021
123,0.684008552171125,7,0.930158639868555,0.931990744994205,0.711524115536328,0.475904496643703,0.860986712396021
124,0.715587962332032,7,0.932325494667303,0.916604946540311,0.712079346221087,0.496168435818764,0.860986712396021
125,0.338553045741735,7,0.47267775135139,0.465912289575137,0.359796814224414,0.247571510807637,0.860986712396021
126,0.364876520769249,7,0.538177584066253,0.451083604432018,0.441606093280977,0.303051692206003,0.860986712396021
127,0.690221306446815,7,1.09212859169,0.941450699749694,0.797284363872015,0.520181155289836,0.860986712396021
128,0.57796422175343,7,1.04700973914821,0.823166985414598,0.641180631631225,0.449258582849715,0.860986712396021
129,0.543008737669652,7,0.944312910053073,0.751199267873821,0.570857511650323,0.402520379527799,0.860986712396021
130,0.438679129943341,7,1.02285473444286,0.780306374007178,0.573106503943905,0.399728739189845,0.860986712396021
131,0.162391210486548,7,0.286035174426707,0.22805543748246,0.186171708031824,0.117665830427854,0.860986712396021
132,0.874469333932776,7,1.63979399214001,1.22509757469602,0.96036605537728,0.602214960505961,0.860986712396021
133,0.427204827227262,7,0.806908311708411,0.598858173586066,0.472327156294823,0.297160131474133,0.860986712396021
134,0.477546269885281,7,0.848171123176347,0.642336055434108,0.547746680523974,0.351129386750433,0.860986712396021
135,0.640800555891227,7,1.21651796749829,0.913639349975256,0.710677145415744,0.458310771618797,0.860986712396021
136,0.643227478632118,7,1.22702317614669,0.932555269669919,0.671574306147314,0.455399834882954,0.860986712396021
137,0.158681868854949,7,0.309181101254029,0.207135826302608,0.196112860743687,0.120158789225566,0.860986712396021
138,0.486358387630095,7,0.886334214893907,0.699398637718391,0.52272489799956,0.315359186152693,0.860986712396021
139,0.754359755669073,7,1.29504603105684,1.07024984007429,0.751597912233027,0.50432355761058,0.860986712396021
140,0.544400643269472,7,1.10551111791797,0.921584998694007,0.62968855637873,0.367954208158562,0.860986712396021
141,0.243942306250154,7,0.479233280912922,0.300744540382222,0.300000713409926,0.180149102490065,0.860986712396021
142,0.433491866040061,7,0.814047009069867,0.596926124077017,0.477358804969742,0.289872207037469,0.860986712396021
143,0.80567978115098,7,1.38296692907701,1.03628227836372,0.920469948712597,0.596212718115494,0.860986712396021
144,0.54726908908964,7,0.994224817590796,0.763549680421288,0.643975641927408,0.403354665582939,0.860986712396021
145,0.734913079586652,7,1.30737207270919,0.952608898540406,0.784022252181224,0.54912692016465,0.860986712396021
146,0.642226239720306,7,1.15831095378808,0.804389785125965,0.726507218985329,0.458196522542838,0.860986712396021
147,0.540012661419715,7,0.982204892700398,0.792063143980889,0.536994564071757,0.405660450555651,0.860986712396021
148,0.38620316844845,7,0.825260838550485,0.600214249547768,0.406180920309277,0.268284312214851,0.860986712396021
149,0.690895131324274,7,1.34914880992731,1.0734401830642,0.709144808936067,0.514596197744092,0.860986712396021
150,0.150218458896181,7,0.307436258822044,0.269481705520725,0.151208063420618,0.10617426577203,0.860986712396021
151,0.368378864042757,7,0.708935853099721,0.536218717855433,0.395033417537407,0.260231485119336,0.860986712396021
152,0.411477992307215,7,0.786124247937966,0.61223871938465,0.418216591396736,0.276454736076603,0.860986712396021
153,0.775215584053534,7,1.4812131955319,1.15131673604448,0.760934280472039,0.446856876748959,0.860986712396021
154,0.144100543737925,7,0.262566015139151,0.213222558181315,0.15547379272718,0.106612520161314,0.860986712396021
155,0.982180800069551,7,1.97962089456568,1.442127995887,1.06661867504385,0.727269664267201,0.860986712396021
156,1.02126620241561,7,2.00762858064743,1.54315668290927,0.992506511011541,0.680354632598553,0.860986712396021
157,0.587569728933105,7,1.07521265239712,0.764004658860074,0.601188198134162,0.411667279957265,0.860986712396021
158,0.336620359119801,7,0.662882356252103,0.50076957849467,0.343461592839414,0.232205816258382,0.860986712396021
159,0.343006899710073,7,0.687112725500237,0.534337207177011,0.363328388907587,0.249883838831811,0.860986712396021
160,0.453418969861033,7,0.939116683408223,0.632851804245881,0.472049246584084,0.321842776391402,0.860986712396021
161,0.161456136480131,7,0.328644918124677,0.23207568790576,0.176958269284656,0.121937019669198,0.860986712396021
162,0.42610222041138,7,0.870887389796796,0.600488748994382,0.466257029916982,0.3692643114473,0.860986712396021
163,0.672607693363643,7,1.34925476339002,0.881827358668634,0.771691707099829,0.508147286764604,0.860986712396021
164,0.190050587226012,7,0.375954004355458,0.262231325580428,0.213899951029455,0.127099489731212,0.860986712396021
165,0.17515660133159,7,0.29598515253983,0.23530622795669,0.134285133729382,0.0894211627785253,0.860986712396021
166,0.478104244348235,7,0.913235219717753,0.694637421127577,0.517504184947092,0.334089007063169,0.860986712396021
167,0.738852372718311,7,1.32574223785979,1.1277567029079,0.732824090746147,0.494317526346244,0.860986712396021
168,0.24038309643699,7,0.422762465764477,0.305928633973305,0.212578097755568,0.136501211589369,0.860986712396021
169,0.763007565386623,7,1.37347978714511,1.14061693657703,0.80923146442477,0.530072777078319,0.860986712396021
170,0.749597489587825,7,1.16590355424358,1.04773198013451,0.746698498517682,0.481833430945179,0.860986712396021
171,0.475574847669344,7,0.714869033762874,0.738068170047463,0.52703282589094,0.329977893550178,0.860986712396021
172,0.379626531228902,7,0.49450594730183,0.496213136841325,0.431421697064156,0.263632536673554,0.860986712396021
173,1.33435640456597,7,1.83542292168433,1.84262418127478,1.39880881333356,0.953603689635143,0.860986712396021
174,0.774508204015704,7,1.0593672660208,1.11396033780276,0.786319130889616,0.534065529760821,0.860986712396021
175,0.947462245795571,7,1.41959769049537,1.47207022072456,0.992902189889477,0.725447915155265,0.860986712396021
176,0.882280145969924,7,1.16167157479471,1.3099972924377,0.936253691758785,0.659531154605742,0.860986712396021
177,1.0677813599458,7,1.42180556914108,1.53132555750785,1.07045026372418,0.734673216916442,0.860986712396021
178,0.618185531320398,7,0.787170480323853,0.863215082423744,0.629914121817438,0.442231560602101,0.860986712396021
179,0.33102944917977,7,0.483063772614704,0.496555345062193,0.404782187980855,0.26144060734009,0.860986712396021
180,0.957695722925009,7,1.23311980309488,1.29982846827816,1.01058641158363,0.685673475983365,0.860986712396021
181,0.793377142167366,7,0.944362188073268,1.10753974247856,0.835282283508546,0.533636963531686,0.860986712396021
182,1.21572684341439,7,1.54186345077533,1.65332945762031,1.14353336934866,0.802898474817067,0.860986712396021
183,0.809993193978623,7,1.06639749169068,1.1359687549273,0.775881391350919,0.522043691149079,0.860986712396021
184,0.66588762285795,7,0.864616282405021,0.924068994301942,0.487928762594985,0.321565638526121,0.860986712396021
185,0.256322301675995,7,0.372560347420348,0.397032128520855,0.251677719544674,0.183753155671078,0.860986712396021
186,0.437546214952498,7,0.542851402576593,0.569832180020276,0.434293607813086,0.302347200328109,0.860986712396021
187,0.941976624856109,7,1.26899925947687,1.36138085725982,0.983283404233134,0.664546359923121,0.860986712396021
188,1.21823691625928,7,1.56525484604598,1.79246355862691,1.33089671469304,0.904231950799286,0.860986712396021
189,0.765086917269453,7,0.915635320088196,1.06010251881949,0.469136933367649,0.463398214195424,0.860986712396021
190,0.537753280037217,7,0.711792701358457,0.740019078905955,0.41382964479347,0.394357523883872,0.860986712396021
191,0.795317239390693,7,0.983290390406916,1.0952867706174,0.85386327331277,0.619520911140592,0.860986712396021
192,0.726305068370001,7,0.946697208866366,0.887759593624649,0.774016880539832,0.557837115804934,0.860986712396021
193,0.466610440271964,7,0.553083388657392,0.63204289955377,0.486891335919197,0.335172278671842,0.860986712396021
194,0.700742363246145,7,0.879608171815102,0.927203273123047,0.770230740719347,0.492470905254476,0.860986712396021
195,0.357588925782063,7,0.508871887537745,0.510171154779721,0.351824887445658,0.232687581458035,0.860986712396021
196,1.00688220650175,7,1.16702760943371,1.39200636136347,0.769908385317102,0.612546178535678,0.860986712396021
197,1.79669112352518,7,2.1506607026516,2.46436184101287,1.73034939004301,1.19249952916974,0.860986712396021
198,0.930936106279174,7,1.2917613276843,1.43592944812104,0.80505344506525,0.505743294470438,0.860986712396021
199,0.965305997789236,7,1.17617313971349,1.29768041674247,0.875888554685532,0.550862564562977,0.860986712396021
200,0.639404635876808,7,0.85084221607125,1.06117050541287,0.740196205503959,0.516126170461765,0.860986712396021
201,0.450236069682368,7,0.527075820846862,0.600756166255811,0.367622339857358,0.261475443461616,0.860986712396021
202,0.89160201254133,7,1.1937586781987,1.3293449013303,0.980871103749387,0.686883416214875,0.860986712396021
203,1.09965967804149,7,1.46803183827629,1.66319285629391,1.13463544741013,0.869838426065875,0.860986712396021
204,0.920974960710708,7,1.20600408199538,1.32366291915054,0.882733121443961,0.638035424562658,0.860986712396021
205,0.566225956889542,7,0.73403077587659,0.79213903119389,0.593268821456656,0.403464970244834,0.860986712396021
206,0.739336613048601,7,1.01206740640932,0.951609425976204,0.735144012086415,0.518453855066863,0.860986712396021
207,0.720504073921037,7,1.05046722199871,0.965420111744293,0.698806390775109,0.495788375491604,0.860986712396021
208,0.579917118875069,7,0.785708672868674,0.765961537319753,0.577669424108855,0.393745104290133,0.860986712396021
209,0.549046009377561,7,0.798363113102709,0.713010277640257,0.604350121697814,0.373200278195594,0.860986712396021
210,0.328918453280593,7,0.429358063582912,0.396221641302227,0.377173556563435,0.252140343062456,0.860986712396021
211,0.582685455872224,7,0.861595948578023,0.755069423246022,0.644818342015442,0.42101034175644,0.860986712396021
212,0.648536784651927,7,1.09413304818439,0.900484441439066,0.813348859220497,0.536865741418661,0.860986712396021
213,0.722464348067554,7,1.24733691091353,0.958471327296001,0.900257416209928,0.582766237152769,0.860986712396021
214,0.163491122618254,7,0.367659437761897,0.239899230522521,0.185175903464084,0.115662153010592,0.860986712396021
215,0.628509131249646,7,1.02967345253232,0.81428581493715,0.815812117071163,0.523637882185898,0.860986712396021
216,0.410688590986277,7,0.908006825554429,0.62055456996631,0.6143697524552,0.375309810953884,0.860986712396021
217,0.80249933103645,7,1.33588978319871,1.10300769113013,0.947438715638158,0.688856344778059,0.860986712396021
218,0.746166990293985,7,1.14739490458297,0.93227056541544,0.771120759339781,0.528922808683423,0.860986712396021
219,0.474206600701568,7,0.942957480618106,0.607312151905344,0.464111460012728,0.304606708023218,0.860986712396021
220,0.646867713337085,8,0.952933652892483,0.793028510765166,0.771896529632703,0.52797308423726,0.876714883168886
221,0.286617104818533,8,0.541570667459793,0.367841368861105,0.363012977857881,0.258259431024549,0.876714883168886
222,0.309007366002354,8,0.572325004636935,0.398977242109217,0.345743240330057,0.226410605971094,0.876714883168886
223,1.04763357832688,8,1.34809787023548,1.23172790696771,1.19172685559638,0.814076013603437,0.876714883168886
224,0.974357729030744,8,1.25200236332078,1.24883480883533,1.00532850004814,0.728622062100541,0.876714883168886
225,0.555907334737667,8,0.711765398904308,0.659852553448706,0.625655561892316,0.408887257909275,0.876714883168886
226,0.694374259336026,8,0.798559886165668,0.755658374388875,0.834241893110766,0.55866495267184,0.876714883168886
227,1.28641712870927,8,1.64938231705928,1.52742512400572,1.39085303274588,0.939670438057718,0.876714883168886
228,0.759690196629627,8,0.832182262726281,0.866937103689146,0.683117010256153,0.516306205110478,0.876714883168886
229,0.837311510251211,9,1.02665412664993,1.07727268895861,0.867578785966696,0.64079852963713,0.8873597042809
230,0.595311126854915,9,0.902657053898188,0.77038677240927,0.762103332792096,0.52869425115304,0.8873597042809
231,0.428970712490262,9,0.503737914426406,0.582952374914634,0.518419103556551,0.35578003077885,0.8873597042809
232,1.36109869876688,9,1.64073216726226,1.65845622597885,1.53006506575315,1.12393912990687,0.8873597042809
233,1.19639550543716,9,1.44264797489343,1.59931696034914,1.35052258715997,0.979730157346047,0.8873597042809
234,0.808668288216377,9,0.897356222548406,1.04271686941971,1.00311779055488,0.677891171598686,0.8873597042809
235,0.715064046839624,9,0.750050063568541,0.88146218072076,0.744712553391355,0.504195691843607,0.8873597042809
236,0.783590331889862,9,0.848227905905186,1.07297839790977,1.09423798339188,0.752045946999734,0.8873597042809
237,1.07992041197871,9,1.15887387779572,1.28970288670717,1.28338138991839,0.940677911835572,0.8873597042809
238,0.632241520024532,9,0.632474906423473,0.730663054610643,0.820676826901021,0.558154014796198,0.8873597042809
239,1.22008179248926,9,1.32468366498321,1.41125888620008,1.49213820477735,1.05106452342515,0.8873597042809
240,0.964965829519549,9,1.0353270171016,1.15039080628071,1.19784475006337,0.803357532574022,0.8873597042809
241,0.780485538235115,9,0.858558401956165,1.01179517613242,0.985927865537565,0.659265045642551,0.8873597042809
242,0.953254637358896,9,0.973207838174126,1.08907617568799,1.16201436696754,0.827269824452366,0.8873597042809
243,1.29324890279488,9,1.33772847126511,1.37869762783188,1.51525356749773,1.08519671330512,0.8873597042809
244,1.18888182478488,9,1.26669555811871,1.38656745116036,1.41545475496409,0.995642139913881,0.8873597042809
245,0.545711060985117,9,0.586131360267221,0.637070752788087,0.64008381965715,0.426285999072366,0.8873597042809
246,0.700705364530053,9,0.70222481931307,0.813608889332803,0.828958663819207,0.618489219330759,0.8873597042809
247,1.0096817211759,9,1.03544338458904,1.14750678884821,1.18685781930306,0.823487425719778,0.8873597042809
248,0.493044992825143,10,0.534830154861298,0.588853201160424,0.599435979818107,0.410972254309307,0.895820440028509
249,1.02859249012271,10,1.20119517073469,1.26346896174287,1.1887761630321,0.799168647590843,0.895820440028509
250,1.14540616603634,10,1.29807703350252,1.37583045060946,1.30283092526357,0.900773327262248,0.895820440028509
251,0.982733846758533,10,1.09213528261429,1.1494270894662,1.11791287527194,0.782715545409282,0.895820440028509
252,1.09885425556775,10,1.16707423199761,1.28802394069472,1.23370289057891,0.874539011469681,0.895820440028509
253,0.533411278781127,10,0.655059041509793,0.640848159277976,0.559009147504228,0.388066694630945,0.895820440028509
254,1.05978357920392,10,1.27154496317525,1.25678647261745,1.24699965391999,0.864429280509101,0.895820440028509
255,0.781737250568591,10,0.924256915096391,0.933937105007475,0.86444845361815,0.620809138143957,0.895820440028509
256,0.8501513583889,10,1.09120282700393,1.10530258287536,1.02349070827007,0.734796407230816,0.895820440028509
257,0.6014558077604,10,0.827647609219643,0.76020836942032,0.717847078418587,0.48991737853172,0.895820440028509
258,0.475414815597109,10,0.645445785158209,0.496573305379877,0.598197256620999,0.39672523345494,0.895820440028509
259,0.826966317462998,10,1.06852626866276,0.987783955066704,0.916092288144419,0.63421725037501,0.895820440028509
260,0.877244978635367,10,1.16825769218803,1.07540925992322,0.946351449159568,0.694978317601149,0.895820440028509
261,0.591311147077868,10,0.771551195075145,0.68812576916903,0.595991380144712,0.437084637883254,0.895820440028509
262,0.39996215579976,10,0.53881660862918,0.498750783517711,0.298588735499228,0.171893797877007,0.895820440028509
263,1.20005663174702,10,1.49705418487682,1.36752142214894,1.31727335487707,0.948893581104225,0.895820440028509
264,1.02596020904874,10,1.28103122815749,1.13626716504994,1.09350003274389,0.761990242980284,0.895820440028509
265,0.652137411679523,10,0.861850869854895,0.733615659839924,0.523173536379984,0.381217706178219,0.895820440028509
266,0.751875240259836,10,1.02939279484748,0.901647844916425,0.625965741469183,0.452322388850074,0.895820440028509
267,0.876398074883299,10,1.17010674026052,1.05980657698652,0.794429285770949,0.546782643610092,0.895820440028509
268,1.06517129940546,10,1.46578454686042,1.21030912741639,1.10001054842514,0.744122984100152,0.895820440028509
269,0.77398740660362,10,1.0169155342376,0.876045881736935,0.826084910861369,0.550948573359762,0.895820440028509
270,0.401511404654284,10,0.465590307024192,0.435178863673266,0.448808890711285,0.296160415219772,0.895820440028509
271,0.80021571623885,10,1.03330489079453,0.893898433445253,0.849670654817236,0.563343776986227,0.895820440028509
272,0.498299719720504,10,0.676221419859196,0.590277860485285,0.525468161329375,0.322802337705999,0.895820440028509
273,0.732155885851672,10,0.955364293201684,0.832136431176283,0.813072074420706,0.513355424333988,0.895820440028509
274,0.450198412923078,10,0.612847018987765,0.476994984070719,0.434415565387778,0.268242491062548,0.895820440028509
275,0.382624372485567,10,0.489286375157058,0.411122935445155,0.428074938008143,0.287899500655912,0.895820440028509
276,1.0126222844327,10,1.26573262180544,1.15492995155051,1.01153005317181,0.68907065831785,0.895820440028509
277,0.935048761857351,10,1.13138473772688,1.01644147797865,1.05702036571332,0.669535498243327,0.895820440028509
278,0.554501593288094,10,0.612443433345449,0.587357508665553,0.614673391807959,0.397740357517546,0.895820440028509
279,0.444287516297159,10,0.481245968873681,0.499531347708442,0.469790124830425,0.320911362520558,0.895820440028509
280,1.18722520153261,10,1.30413783017752,1.33013377784525,1.21776824205939,0.826365253570068,0.895820440028509
281,1.09325284602853,10,1.15284755639079,1.21167519725878,1.15739781789857,0.788433778839885,0.895820440028509
282,1.3468160910328,10,1.42116003781021,1.50735093264789,1.42341210558317,0.966874427879425,0.895820440028509
283,1.19196554802812,10,1.17760672605998,1.25789804211283,1.224921694924,0.843526295574011,0.895820440028509
284,1.10096994631218,10,1.141191857234,1.26422663537405,1.11528556623481,0.78886117476036,0.895820440028509
285,1.48862538911079,10,1.48878369423171,1.65779356598704,1.52432946814511,1.06088618135062,0.895820440028509
286,0.890665055759733,10,0.827255168149396,0.964287462034479,0.943594314290091,0.651529462092255,0.895820440028509
287,0.929815361637762,10,0.928891106119292,1.04471358560842,0.805585587394577,0.582192593128962,0.895820440028509
288,1.29133715875696,10,1.25525162595068,1.43134469840929,1.2660163804291,0.892502958444323,0.895820440028509
289,1.04211463612512,10,1.02170723621136,1.14385972011261,1.0592777662192,0.722865103578359,0.895820440028509
290,0.936645193317209,10,0.890678417369212,1.02586989713752,0.988628781721437,0.673403975782922,0.895820440028509
291,0.431664853657818,10,0.421655373627008,0.486963307016122,0.482256309580897,0.322289318905927,0.895820440028509
292,1.23299415515863,10,1.22707829948507,1.38369450126327,1.27794612875908,0.882035833019089,0.895820440028509
293,0.710004472211911,10,0.712855704052613,0.805751746406061,0.70293420510402,0.442144705328829,0.895820440028509
294,0.760164106742727,10,0.72078685170399,0.822081197930182,0.8118515465282,0.53127257634982,0.895820440028509
295,1.22087952041316,10,1.23753637276051,1.35785773426414,1.28322221650024,0.798903261041576,0.895820440028509
296,1.37976939632163,10,1.41193996209698,1.53034065222223,1.28772976588235,0.863546304516184,0.895820440028509
297,0.696553371201739,10,0.728980922297707,0.761014496589489,0.638207590904504,0.427535251298159,0.895820440028509
298,0.386722851701311,10,0.431294680110916,0.451018014114313,0.361993846846443,0.240540971775043,0.895820440028509
299,1.12311356467749,10,1.18031427776742,1.25393766923987,1.02239192700697,0.719881237469552,0.895820440028509
300,1.45368001931675,10,1.51700434910424,1.5920314732912,1.42387713511183,0.959259325379617,0.895820440028509
301,1.18797928774014,10,1.204127593072,1.25925328736928,1.23591215514566,0.873734567975296,0.895820440028509
302,0.522979271647918,10,0.544288554123975,0.583665307375467,0.535824564189944,0.387411730472001,0.895820440028509
303,1.05050209761161,10,1.18344159038869,1.20842492571824,1.16285465350108,0.800680667169831,0.895820440028509
304,1.23407987215509,10,1.31501439290016,1.32524487396747,1.21765011841733,0.864678502616464,0.895820440028509
305,0.932732350872596,10,1.00983813687426,0.965817439778336,0.856659821620723,0.598990827359601,0.895820440028509
306,0.686348176825919,10,0.755478360932953,0.830991714513682,0.652707859861731,0.444263123757074,0.895820440028509
307,0.54597601414806,10,0.581903628349298,0.59717003121702,0.59181634946052,0.398611819343473,0.895820440028509
308,1.00343846708298,10,1.14161521570848,1.06786130890657,1.10213260341947,0.709046735861133,0.895820440028509
309,0.44239027414936,10,0.475519505836455,0.481036568507809,0.481174252922465,0.31704055200541,0.895820440028509
310,1.05675233450892,10,1.22003035266145,1.19079704116251,1.20758813650021,0.800255582021824,0.895820440028509
311,1.05160421527127,10,1.26096079840494,1.22973226428903,1.16667674640762,0.807505899177734,0.895820440028509
312,1.15159750240737,10,1.2979146991892,1.26040189970278,1.16262579153188,0.788896771459259,0.895820440028509
313,0.469005702947865,10,0.539907659836355,0.514284952025766,0.493760226896174,0.276839566237566,0.895820440028509
314,1.12042567647983,10,1.36982393484453,1.28252937485151,1.20761725626439,0.786175308710617,0.895820440028509
315,0.389343681780695,10,0.422663689312796,0.430662180671063,0.383572577754022,0.248661395585461,0.895820440028509
316,1.05035838988329,10,1.37787232363488,1.2304558589722,1.22291894555213,0.785803240103257,0.895820440028509
317,0.905396894727006,10,1.37763986011927,1.25424623583797,1.20374812333805,0.783843086130011,0.895820440028509
318,0.600123781413901,10,0.674524914596181,0.640591932281054,0.652574495665726,0.420558476651667,0.895820440028509
319,0.793862929188112,10,0.946275760327577,0.877597861656646,0.865685440340821,0.554217836266675,0.895820440028509
320,1.41726967348709,10,1.68910638587292,1.57196051588883,1.40943590519654,0.943586300215324,0.895820440028509
321,0.547953676212895,10,0.721915098459021,0.630315565644603,0.562256995331115,0.365187950602252,0.895820440028509
322,0.410957520264525,10,0.491312983911473,0.454650627156648,0.467156374860639,0.277461415538031,0.895820440028509
323,0.957753709193593,10,1.20519001939275,1.03899443503767,1.02951859138385,0.638514089914885,0.895820440028509
324,0.765392578496702,10,0.935888837177398,0.844847256048708,0.808306859916636,0.526957712854034,0.895820440028509
325,0.702444623003783,10,0.890283459440977,0.766627941953968,0.730522616956752,0.430064366531015,0.895820440028509
326,0.665137772805328,10,0.771133177922604,0.706050163578228,0.63169111996081,0.440174964894326,0.895820440028509
327,0.705024040077894,10,0.846372054290507,0.757442635526699,0.606037597145239,0.391314168425693,0.895820440028509
328,0.504617619503548,10,0.628553627499303,0.542327871052479,0.452470620162171,0.299217906391943,0.895820440028509
329,1.15352829859697,10,1.44261453633027,1.29173265954247,1.14624065893012,0.739604605555668,0.895820440028509
330,0.804092673742937,10,0.951963645767248,0.895150567041412,0.794842188453444,0.542213878574339,0.895820440028509
331,0.604480495038625,10,0.702174880106392,0.650370031757685,0.512463690833402,0.344082563096947,0.895820440028509
332,0.761830279121143,10,0.947918802968258,0.869923352058119,0.770529186639407,0.491717953774357,0.895820440028509
333,1.17508870634914,10,1.3368712117128,1.23630774123851,1.2023284728154,0.823375677983566,0.895820440028509
334,1.29643006404754,10,1.59297622036037,1.38266146803821,1.32418698022113,0.904069098088161,0.895820440028509
335,0.656581039265867,10,0.781754349164392,0.736123998730283,0.716388605373077,0.485132918590361,0.895820440028509
336,0.860683822934344,10,1.05875560613281,0.94891973519152,0.956910488005021,0.636509691750476,0.895820440028509
337,0.67514551443063,10,0.85300775906174,0.769848681805824,0.77803774557982,0.515683207338896,0.895820440028509
338,0.833752256171822,10,1.09162886466937,0.955497632197922,0.935267286384267,0.645516423024273,0.895820440028509
339,0.843414734504838,10,1.04392130904682,0.898019973035893,0.834932779427499,0.561770900833605,0.895820440028509
340,0.893652508211373,10,1.09207706848802,0.964247357467749,0.844451812569583,0.548099522975373,0.895820440028509
341,0.434615094027792,10,0.560674749866394,0.477888304497221,0.515684475286415,0.31833301145193,0.895820440028509
342,0.596458274860629,10,0.76144740234869,0.669715033148584,0.644615936006004,0.419732359030075,0.895820440028509
343,0.794428378822008,10,1.00710216540408,0.880919128557077,0.868781179990979,0.555105837557256,0.895820440028509
344,0.786907890255952,10,0.989391616580533,0.818612770073004,0.84866071983285,0.565277389104802,0.895820440028509
345,0.817196218511331,10,0.99206793081753,0.881193823695913,0.783423366760926,0.519294560178984,0.895820440028509
346,0.924003894044628,10,1.28704588259898,1.06344776804207,1.08544554271387,0.699701355744043,0.895820440028509
347,0.750886245871447,10,0.989317006047227,0.8730895028922,0.899514029907967,0.578024186514269,0.895820440028509
348,0.526115739439982,10,0.651526122262138,0.585829728931238,0.514192799692823,0.346641816781949,0.895820440028509
349,1.10072672990297,10,1.41077144079898,1.22862445300408,1.13152091113493,0.762910758660717,0.895820440028509
350,0.598470873749078,10,0.95971082390498,0.815844636078339,0.725167130564026,0.505852795666548,0.895820440028509
351,0.637996278250928,10,0.861898093843095,0.704765118261261,0.708806848038346,0.474546356034684,0.895820440028509
352,0.766155439231087,10,1.03560041979727,0.916701354547586,0.747948436136547,0.493459630634821,0.895820440028509
353,0.903104259616971,10,1.0909744714802,0.981661405359529,0.810185654198686,0.55201274495655,0.895820440028509
354,0.965330246012049,10,1.18134702290069,1.05365937398199,0.839174416761983,0.581356129844772,0.895820440028509
355,0.8387399237783,10,0.965703634205413,0.912758118076987,0.764582061557422,0.561231239854163,0.895820440028509
356,0.883177548645719,10,1.07650289729565,0.965100917106794,0.912165198394313,0.583784542666554,0.895820440028509
357,0.489157441005655,10,0.604061424408068,0.51168937215252,0.496042130692805,0.350199975211229,0.895820440028509
358,0.789907620686868,10,1.0024873398349,0.832185785575055,0.815783190612817,0.57020500456067,0.895820440028509
359,0.341012234415718,10,0.421835910931561,0.369062562006532,0.375161464781514,0.22891976619217,0.895820440028509
360,1.00803168298196,10,1.17043800145769,1.05476308218957,0.920831612892615,0.647531717601199,0.895820440028509
361,1.01872171070377,10,1.17252609584867,1.07521782395188,0.983939936449494,0.681184758616986,0.895820440028509
362,1.00126355615824,10,1.1048758951492,1.03476280564561,1.00861118887938,0.669617102073207,0.895820440028509
363,0.75448598067102,10,0.874679308890181,0.803685318431007,0.704174215319216,0.45879532102969,0.895820440028509
364,0.800841088892254,10,0.897199538047157,0.811279538595501,0.811501889521238,0.518778846568295,0.895820440028509
365,1.05633488435596,10,1.20074732684007,1.11770205363038,0.970736108685726,0.689680807562876,0.895820440028509
366,0.972600031357768,10,1.10829541660362,1.05967271059063,1.08926373433372,0.691296736188678,0.895820440028509
367,0.921152048429075,10,1.34807398056219,0.968858083011997,1.14355502698233,0.845129708324491,0.895820440028509
368,0.903711351558118,11,1.14569408321843,0.954054065607776,0.919706076471601,0.632672627772713,0.911954937230878
369,0.498251777258909,11,0.580902866029536,0.524861254930276,0.444763532137594,0.290664620966314,0.911954937230878
370,0.478530556086172,11,0.55192711564511,0.517887052021518,0.440900818281685,0.300870093340642,0.911954937230878
371,0.930773828581153,11,1.14029393706487,1.01502515466453,0.87671567910248,0.612811791414918,0.911954937230878
372,1.09224811756641,11,1.38660591055347,1.18540947729506,1.0893529251562,0.740710374747098,0.911954937230878
373,0.56111463436682,11,0.684373077751275,0.634673611882211,0.546169031296953,0.349182765506421,0.911954937230878
374,0.726399052598373,11,0.851036099112019,0.807236503654385,0.745075254864826,0.501805196956748,0.911954937230878
375,1.11622496942083,11,1.28162457694332,1.19176352550884,1.02293131893507,0.745645463961223,0.911954937230878
376,0.871366847882727,10,1.18598475442026,0.988356604019445,0.888310419845277,0.607605490599221,0.899783211148009
377,0.586688834878334,10,0.920752209169414,0.700080951242175,0.606805325944416,0.42737037027141,0.899783211148009
378,0.7429224026532,10,1.02365452760426,0.817707422119035,0.784032070112844,0.529417828342583,0.899783211148009
379,0.556664177335332,10,0.737290786616446,0.624807002538412,0.529183505972744,0.362247396575352,0.899783211148009
380,0.653478665588308,10,0.864714188103061,0.734087958589214,0.671336915655144,0.453945834227768,0.899783211148009
381,0.939053324280419,10,1.36350496063571,1.11126085700749,1.03221882835475,0.705869107256001,0.899783211148009
382,0.665671561634872,10,0.885090338186945,0.731673450723552,0.674067916203214,0.451378092048186,0.899783211148009
383,0.835676658337921,10,1.16236345780076,0.923985622107703,0.87990331724836,0.596791952484021,0.899783211148009
384,0.855190524828404,10,1.20788850658333,0.965973251041663,0.887879714251047,0.632692874518671,0.899783211148009
385,0.740702265864439,10,1.06331152553864,0.847356208253392,0.78868493901763,0.529301199697069,0.899783211148009
386,0.844240664234936,10,1.17638132738183,0.932162464437773,0.855845313080332,0.554753596528594,0.899783211148009
387,0.496870858861917,10,0.690249972033709,0.54130304217039,0.482902320485136,0.296536562635061,0.899783211148009
388,0.632431934389253,10,0.860935867473047,0.673962696979023,0.625262893234812,0.408589803368885,0.899783211148009
389,0.802772828007364,10,1.06021885098445,0.863003331450491,0.787460743988356,0.527374811890666,0.899783211148009
390,0.547328078471911,10,0.809539355897587,0.619989276672564,0.566651894507023,0.339382370660804,0.899783211148009
391,0.403891714223731,10,0.542432469633667,0.441966262081108,0.395105038613607,0.263977164582143,0.899783211148009
392,0.652659393782905,10,0.822553582531041,0.705012350179229,0.638400783533204,0.441877475459468,0.899783211148009
393,0.471938174566594,10,0.600236876959182,0.523032974098405,0.506555723786131,0.336617942646784,0.899783211148009
394,0.878414375651222,10,1.07540073910988,0.924546256930607,0.840676223282184,0.565714942224554,0.899783211148009
395,1.20971088662382,10,1.45176761135669,1.21227542674831,1.19552702815101,0.842775373958524,0.899783211148009
396,0.913280260667876,10,1.02413508014901,0.969952123118133,0.77315803083159,0.569076510325888,0.899783211148009
397,0.952022106822139,10,1.08362098810473,1.02469384600217,0.830126145075968,0.552780303179575,0.899783211148009
398,1.1245997647655,10,1.22079085680644,1.20821229305868,1.1539689095316,0.790117083774203,0.899783211148009
399,0.841466086001099,10,0.896848272148294,0.903975672806058,0.833366705821643,0.579192262484411,0.899783211148009
400,0.839817889286293,10,0.879968732485809,0.903014026841519,0.81610033553739,0.587525671986381,0.899783211148009
401,1.28638786997824,10,1.31293649852853,1.37851517858335,1.28850134325146,0.911429893241282,0.899783211148009
402,0.634343158381752,10,0.608827054594073,0.675724509611708,0.591683923083586,0.406721000429724,0.899783211148009
403,0.905971275400447,10,0.890391030443296,0.958095481874717,0.935065883393232,0.650002058547238,0.899783211148009
404,0.97304151907274,10,0.975506550553073,1.03200418986362,1.02979472943188,0.688012043771372,0.899783211148009
405,1.07035573053858,10,1.05882804121503,1.13464743454635,1.0934992388107,0.746421426629056,0.899783211148009
406,1.34866306774183,10,1.2933556594209,1.44131755019107,1.32531547567948,0.864754236312074,0.899783211148009
407,1.24235631567551,10,1.19473562051339,1.3207003732842,1.20467285232876,0.845862227149798,0.899783211148009
408,1.31523996964828,10,1.32050497326179,1.4739199189478,1.46885866324536,0.98641465117015,0.899783211148009
409,0.638173117583871,10,0.610830168259952,0.681389300811378,0.723009158211891,0.477171102041333,0.899783211148009
410,1.0666502845308,10,1.09370395765257,1.16549906575549,1.16468162613028,0.813350816586225,0.899783211148009
411,0.59394674817176,10,0.597181407949134,0.640045202086661,0.682029182973523,0.444213816136034,0.899783211148009
412,1.02988086847347,10,1.08008473135065,1.15392240695162,1.174776842888,0.798867669814097,0.899783211148009
413,1.2332431833511,10,1.2279164933923,1.27956268700299,1.30222821284834,0.912786341275828,0.899783211148009
414,1.29542648516573,10,1.28366199079791,1.34333923448448,1.2051750237311,0.869882920771514,0.899783211148009
415,1.42984648948445,10,1.46999670025265,1.51292329162784,1.50224836994939,1.06283195413699,0.899783211148009
416,0.776771979349565,10,0.833515107566837,0.835710074651832,0.81657198238307,0.547054606961487,0.899783211148009
417,0.499336285779387,10,0.540192059031912,0.526853132112683,0.514428759095819,0.347373133288194,0.899783211148009
418,0.650446681140156,10,0.730959502007821,0.683193161495346,0.675869100853358,0.440725680502381,0.899783211148009
419,0.650248088029038,10,0.706839940279055,0.673754058106582,0.65396018687171,0.450902502653018,0.899783211148009
420,0.688857002728899,10,0.756583422854053,0.730904052668563,0.714830221247552,0.467142152483619,0.899783211148009
421,0.825491451694556,10,0.925177261501588,0.859649797160653,0.849853823061845,0.559193332264467,0.899783211148009
422,0.883135724730123,10,0.98731576217108,0.924429082926521,0.875783664686157,0.598941590910829,0.899783211148009
423,0.412902971028315,10,0.460001918670399,0.431215697708258,0.368531961122896,0.245503624163652,0.899783211148009
424,0.616228440275844,10,0.658080370095828,0.624441291071082,0.600477960242354,0.407581524666096,0.899783211148009
425,1.12745939867108,10,1.22835806804848,1.17767055254363,1.18190077281641,0.8053720638184,0.899783211148009
426,1.5664249958272,10,1.69710579568737,1.65019172032841,1.64209353485633,1.13675126280967,0.899783211148009
427,0.98694560582809,10,1.06821279559389,1.01330450745825,1.03158403750481,0.710527422304642,0.899783211148009
428,1.41200163857227,10,1.4834094728335,1.49024476271333,1.51947765149763,1.02403613712135,0.899783211148009
429,0.844664135959635,10,0.889119372631682,0.888547913742504,0.78751348757384,0.561258283343218,0.899783211148009
430,1.11802220474444,10,1.16136357357116,1.16506888181234,1.16151066736573,0.802575337685201,0.899783211148009
431,0.887143423354172,10,0.892995753876344,0.884018956309735,0.883296301996028,0.599526935739418,0.899783211148009
432,0.735926346405261,10,0.739192617693924,0.754584439945494,0.655711525148676,0.492897199649552,0.899783211148009
433,1.12833522739543,10,1.15769670516145,1.14999659943176,1.14118075905352,0.729345512831814,0.899783211148009
434,0.82380351861445,10,0.820280380024281,0.834824510298071,0.868958779008079,0.573997692320355,0.899783211148009
435,0.784293175863936,10,0.748382196279581,0.798035950934941,0.755201853164198,0.531213113593146,0.899783211148009
436,1.17645870215089,10,1.14035588979226,1.2083816115045,1.08689171470588,0.706529297308682,0.899783211148009
437,0.918849507573026,10,0.913169627538493,0.953888155692588,0.952436204368807,0.618592661675428,0.899783211148009
438,1.19798874229029,10,1.19707179577997,1.22930188595153,1.1489009146631,0.787611868597608,0.899783211148009
439,1.15909054611985,10,1.14071591119827,1.17450232362403,1.02697479677427,0.700766742826019,0.899783211148009
440,0.674953990983959,10,0.642053698086273,0.679484470113942,0.574324403952717,0.360231125730025,0.899783211148009
441,1.07552058253151,10,1.0494309762635,1.11263648655921,0.981809224644148,0.68977727590448,0.899783211148009
442,0.879536701488748,10,0.908057540172284,0.820230820254544,0.836105053676958,0.519021064872791,0.899783211148009
443,1.30389427193004,10,1.30553919821952,1.37449266137123,1.32233514549798,0.876615182370927,0.899783211148009
444,0.920901202747465,9,0.880038610424093,0.948412637544438,0.892468252175378,0.595256070269843,0.887983115242046
445,0.788422980203742,9,0.855391781623089,0.820463419507663,0.825688920073524,0.507348110611024,0.887983115242046
446,0.168980018639452,9,0.186886611123075,0.195831136617556,0.231191601088894,0.143551040373071,0.887983115242046
447,0.679611335830881,9,0.768202737746773,0.744060982898223,0.740083852664569,0.481546418681539,0.887983115242046
448,1.11249669120301,9,1.19649379631012,1.17302840199162,1.04060426478779,0.675557858457749,0.887983115242046
449,1.32549654182491,9,1.34013492336256,1.37020513435503,1.33666718884043,0.868804473201329,0.887983115242046
450,1.22886732215536,9,1.27900404444146,1.27439642160716,1.30373290521906,0.865397722720027,0.887983115242046
451,1.06200520440409,9,1.1141879017207,1.07322677696139,1.07140030205728,0.697023538737548,0.887983115242046
452,1.09307412061444,9,1.12057051241064,1.0882788754683,1.07082926131164,0.740033086458124,0.887983115242046
453,1.14930852155175,9,1.20423604306133,1.08521217484427,1.22483332498329,0.765732512023137,0.887983115242046
454,0.87132197131161,9,0.941414387278628,0.922479825102146,1.01601765717557,0.65718564613514,0.887983115242046
455,0.761341124996442,9,0.796456422989371,0.762544338819257,0.841284308854657,0.53551099647822,0.887983115242046
456,0.782124868447713,9,0.808381844272287,0.77346730267021,0.802475952784358,0.567457051230085,0.887983115242046
457,1.1337339910607,9,1.22356103274914,1.1629830113745,1.17618062001849,0.829241571989495,0.887983115242046
458,1.04933991802052,9,1.12169927204359,1.08024401355508,1.08519051721804,0.755024350815762,0.887983115242046
459,0.86174107559007,9,0.928458484657233,0.872389851452773,0.895727332849833,0.566094677763662,0.887983115242046
460,0.310895452876966,9,0.347671662623461,0.311872142683612,0.341552258666789,0.220044943036597,0.887983115242046
461,0.84462165201812,9,0.979122299721552,0.884073160926836,0.983263236566002,0.605696172127037,0.887983115242046
462,1.48956998344621,9,1.61184093165536,1.51357829235718,1.55639923875395,1.08668072117032,0.887983115242046
463,0.715981727802021,9,0.789863641718881,0.731725798974655,0.814130228365261,0.515962446706057,0.887983115242046
464,0.87623686624251,9,1.03892214514439,0.902200381512685,1.0011798223339,0.634505755640762,0.887983115242046
465,1.16766710466429,9,1.38187767529957,1.15539197515485,1.39788142333913,0.885812790101246,0.887983115242046
466,0.739024953163505,9,0.884333049935459,0.747579698315511,0.841920617267941,0.540139402144998,0.887983115242046
467,0.913619487560856,9,1.1498899403949,0.93445996932055,1.01702481690923,0.64912219160658,0.887983115242046
468,1.02829786869961,9,1.44553671900858,1.06717957511546,1.17649136693721,0.759728570421425,0.887983115242046
469,0.406453730477888,9,0.51454504353891,0.451363993029751,0.393880991547389,0.271228774652436,0.887983115242046
470,0.675921614216656,9,0.887557812971197,0.697647000364692,0.730529242685122,0.441229558526631,0.887983115242046
471,0.693850179216252,9,0.881273525356239,0.696064074401849,0.781622979821401,0.482629026047677,0.887983115242046
472,0.731499286836178,9,0.977967330686836,0.732597433295338,0.791054206002073,0.52720007412232,0.887983115242046
473,0.16309361819708,10,0.227240113986278,0.190677938903522,0.19503115081272,0.125561169714665,0.897709589433135
474,0.512929726474592,10,0.722626572557291,0.543785415550733,0.525083873213011,0.322263200124418,0.897709589433135
475,1.00452884877703,10,1.26917785283216,1.05465074232113,1.01520932056886,0.700838466176639,0.897709589433135
476,1.13919960118709,10,1.45817119000459,1.19327886801032,1.18995584105412,0.820740675545484,0.897709589433135
477,0.901438353829788,10,1.09039400465299,0.946485224588502,0.977597093155018,0.66642179876222,0.897709589433135
478,0.685297601187312,10,0.786531108068833,0.713081418329109,0.74009216570889,0.509863186582002,0.897709589433135
479,0.835744461301022,10,0.929688219781522,0.868159722868839,0.877173957988196,0.593007887558964,0.897709589433135
480,1.10079877360431,10,1.22878246030092,1.16315184757898,1.19665030225293,0.826156808649355,0.897709589433135
481,0.697993786509085,10,0.792642735019212,0.754189956600588,0.75871299350496,0.511723962752,0.897709589433135
482,0.757972672509246,10,0.814914453223016,0.793595831443017,0.819314673033033,0.560139291664117,0.897709589433135
483,0.971364691770407,10,0.97437166876214,0.99288406066637,1.06616024375803,0.712667385899984,0.897709589433135
484,0.910712021197794,10,0.940785850244214,0.979833080147038,1.00715447278264,0.681237902273033,0.897709589433135
485,0.978735705008243,10,0.986132933723698,1.05124431504637,1.0906615589104,0.732061277170076,0.897709589433135
486,0.881464267374963,10,0.923130963361926,1.00349859214998,1.04526923258412,0.695315591856426,0.897709589433135
487,1.15128677482459,10,1.09828071315027,1.23150390277213,1.19440962810088,0.825705745119201,0.897709589433135
488,1.01330157702165,10,0.917806082812452,1.09976191755425,1.0791505357716,0.71754404722895,0.897709589433135
489,1.12086837003016,10,0.989230629545961,1.19364119079704,1.10056487972542,0.786362014081418,0.897709589433135
490,1.4040691474282,10,1.29867955399024,1.52631468869953,1.4415362857504,1.03568490673469,0.897709589433135
491,1.21402683733372,10,1.10641568819,1.31187672563667,1.12740268975194,0.836570220061877,0.897709589433135
492,1.13796995284905,10,1.00195481565282,1.20623771322867,0.937812732329752,0.682390749919478,0.897709589433135
493,0.8287870246919,10,0.747851432778274,0.890040138851968,0.887120636616352,0.582326989043478,0.897709589433135
494,1.42610258620571,10,1.2988135750317,1.51404893168449,1.52822503353937,1.08022440689654,0.897709589433135
495,1.19779105794905,10,1.1102903987879,1.29601148681219,1.26498817559752,0.900993696802071,0.897709589433135
496,1.28208771340898,10,1.16216854729972,1.31486502710011,1.33961078703321,0.943772363195014,0.897709589433135
497,0.952970293238021,10,0.906415441187974,1.02763757380099,1.05430280658677,0.715065957786311,0.897709589433135
498,1.10968969101383,10,1.03468351634072,1.1646253735684,1.2150972954043,0.809963524203262,0.897709589433135
499,0.854756404361659,10,0.897742677289707,0.972678863136549,0.949732761889913,0.593108132746347,0.897709589433135
500,0.879997663877893,10,0.90484622016578,0.948560222249941,0.82155808969251,0.555727605598151,0.897709589433135
501,0.798149512197654,10,0.781624887814944,0.821998507218137,0.880531650537509,0.579881897446424,0.897709589433135
502,1.16904355849334,10,1.19875634651836,1.20920125510947,1.33485099106497,0.891157397392052,0.897709589433135
503,0.945238662564874,10,0.986151608255014,0.968115258371253,1.0397646476765,0.699249582600698,0.897709589433135
504,1.12172543814585,10,1.21912597617282,1.18323605881674,1.06285402323146,0.816392714230669,0.897709589433135
505,1.05350801802214,10,1.18435795115368,0.987197186605708,1.27374008291153,0.83664118432079,0.897709589433135
506,0.907779498686714,10,1.13985860529468,1.05162915711791,1.03267936431684,0.726859639607467,0.897709589433135
507,0.726675992946157,10,0.867698305071771,0.757023914128169,0.824489187009766,0.554231712228807,0.897709589433135
508,0.602846656440121,10,0.786748742505085,0.632732354957026,0.680101598134761,0.443701621535536,0.897709589433135
509,0.449695197291983,10,0.54609325973942,0.44017959346475,0.474433436523266,0.326722250423313,0.897709589433135
510,0.607529115178648,10,0.650667839487805,0.62417279472461,0.685120591243471,0.453263977886074,0.897709589433135
511,0.763935250336388,10,0.786885331212299,0.781327976768841,0.854211813102768,0.568003112525936,0.897709589433135
512,0.497000844768825,10,0.603316341397015,0.534386382250264,0.585305091475168,0.387018566172968,0.897709589433135
513,0.856599088296451,11,0.981505836900245,0.898319864629719,0.92903222255598,0.637081939423484,0.905150756773306
514,1.00040273472987,11,1.14940462497258,1.06874843047863,1.16802505268049,0.771261424025837,0.905150756773306
515,1.05602414470605,11,1.20137927367647,1.13797701793512,1.20719708424651,0.816370652263571,0.905150756773306
516,0.890150428648624,11,0.958022368386747,0.937792203863113,0.967866995612622,0.654464930207332,0.905150756773306
517,1.03912628728968,11,1.07776448583754,1.08542237356362,1.13800338690553,0.764839806423001,0.905150756773306
518,1.38574860259787,11,1.38781341859308,1.39704704159937,1.43759212107437,0.979913569478483,0.905150756773306
519,0.531965928906043,11,0.49896824213658,0.508319778691152,0.534826120530835,0.361787369000334,0.905150756773306
520,1.01366262870419,11,0.916412463656433,1.02435554247228,0.992375968335047,0.6818808795468,0.905150756773306
521,0.811497106743168,11,0.739940608905123,0.81816235784512,0.820116991594284,0.573535342796259,0.905150756773306
522,1.01684309833431,11,1.02617247365117,1.12670618716583,1.17829810496842,0.804273467951791,0.905150756773306
523,1.51775572395756,11,1.33088936824028,1.52148001713125,1.54832815797338,1.050079198522,0.905150756773306
524,1.36755669899836,11,1.17795020177074,1.39168781576494,1.40156138136458,0.997099915228778,0.905150756773306
525,1.2530606747609,11,1.08407486058908,1.24140689234161,1.28770190706715,0.922586534343388,0.905150756773306
526,0.788384837282891,11,0.661374489202856,0.764915007602491,0.836705922321703,0.561565711649893,0.905150756773306
527,1.46581586814985,11,1.24645125865653,1.48133208077954,1.54919711848963,1.04393455552626,0.905150756773306
528,1.15940926637963,11,1.03675478421344,1.20611187211199,1.21839844570457,0.791650912451314,0.905150756773306
529,1.37621732575884,11,1.21452866944158,1.37694468846904,1.38176174353309,0.941762047732726,0.905150756773306
530,1.78141969900509,11,1.40071984777752,1.77852585387448,1.71475784843111,1.2567413761862,0.905150756773306
531,0.683892816998292,11,0.545408948072832,0.651238873928958,0.727790282216869,0.451258546712119,0.905150756773306
532,1.0812975630148,11,1.01117215782096,1.08402882897411,1.14105662212444,0.768971163482988,0.905150756773306
533,1.31232481634075,11,1.21624754833771,1.35571140780221,1.33532498859205,0.906976687257797,0.905150756773306
534,1.20620220136322,11,1.14741858965448,1.19257654920593,1.24142526446104,0.809598411733859,0.905150756773306
535,0.690317192363333,11,0.749371834664095,0.759182799238219,0.74488291241086,0.458876998440369,0.905150756773306
536,0.850859433612493,11,0.835659161983681,0.80520903017576,0.90432375776577,0.562763870474278,0.905150756773306
537,0.99820784252996,11,1.01420353035639,0.949501685132001,1.06201671424374,0.703719637664634,0.905150756773306
538,0.869861751587258,11,0.941535997019092,0.864586547272356,0.972496171587918,0.627713304157605,0.905150756773306
539,0.657270376517292,11,0.752239865202608,0.661920672448396,0.708658039596013,0.48479655411324,0.905150756773306
540,0.767823239941117,11,0.85418588895426,0.771880989228735,0.698127480759005,0.551803984126904,0.905150756773306
541,0.783339556670329,11,0.851083363745962,0.757964299162633,0.833686567964925,0.548570517376584,0.905150756773306
542,0.531545591891802,11,0.570111849653921,0.535881176748438,0.563363926020132,0.362577861901643,0.905150756773306
543,0.611085212996103,11,0.665361041057063,0.590594391025076,0.620153266989931,0.395832421820176,0.905150756773306
544,0.850474955935427,11,0.985736385605109,0.844306557869881,0.941144109262592,0.610632460861866,0.905150756773306
545,0.866070371004605,11,0.851767755270143,0.827912038056106,0.843201643979946,0.569479749643497,0.905150756773306
546,1.13177714526332,11,1.12174609264969,1.08194500681307,1.0192866236998,0.694103090593508,0.905150756773306
547,0.922464051222104,11,0.907171715230707,0.899041163507697,0.929354464951272,0.66624253493256,0.905150756773306
548,1.07648691265473,11,0.989525576506813,1.01954347779631,1.06886584890762,0.684682238996796,0.905150756773306
549,1.38020328537991,11,1.28208708971205,1.36137387011853,1.30012571834913,0.848752384115909,0.905150756773306
550,1.26705776013759,11,1.16437110083129,1.25561018290642,1.23579267923066,0.831382927118157,0.905150756773306
551,1.54740704584902,11,1.37182906551444,1.5053142630363,1.59446171168229,1.03316865312736,0.905150756773306
552,1.5426570744755,11,1.34163630949609,1.51562340399698,1.40539551703176,0.972375684637356,0.905150756773306
553,1.62871810910661,11,1.37216819574408,1.49227173097658,1.49675841706036,0.997155104960434,0.905150756773306
554,0.972005803516911,11,0.798931125848086,0.918801380514439,0.958003556410566,0.651222890080187,0.905150756773306
555,0.895434134223689,11,0.785276886251734,0.831646996425307,0.889793243601191,0.64223007008718,0.905150756773306
556,1.13357957251033,11,0.979013422485587,1.07610936663231,1.15740184887475,0.772062264282108,0.905150756773306
557,1.20605214005934,11,1.03292834557882,1.11559753387017,1.23636120982403,0.801863370979885,0.905150756773306
558,0.951526303800109,11,0.817524799403861,0.889933614515456,0.964710223661389,0.636467014410242,0.905150756773306
559,1.23090960755934,11,1.08689681036766,1.18591907721265,1.24226818554184,0.867425623229211,0.905150756773306
560,0.957004229027315,11,0.857016702501548,0.824406936435973,0.976153389435097,0.60883258744457,0.905150756773306
561,0.836767655568453,11,0.703570332029671,0.780997894378299,0.85444053354542,0.558254323266266,0.905150756773306
562,1.13738354689092,11,1.01683391556172,1.11153277212038,1.20765954272445,0.7874199824497,0.905150756773306
563,1.49731135538426,11,1.28093231885236,1.4228793343572,1.5172803384191,1.01308114151946,0.905150756773306
564,0.69485669735949,11,0.610104104668881,0.652613428774728,0.735948248299832,0.487134597120776,0.905150756773306
565,0.806168800017588,11,0.622926699451173,0.731311840833247,0.7506898932928,0.510103438749428,0.905150756773306
566,1.26848859332473,11,0.992992936155053,1.17900460010005,1.26165173557251,0.804194456101905,0.905150756773306
567,1.52190678871206,11,1.25921445195433,1.44576020773549,1.4233373756937,0.970830259651413,0.905150756773306
568,0.867839972827137,11,0.738092354422156,0.887956789492207,0.781535847985352,0.540912407325951,0.905150756773306
569,1.32042331806977,11,1.14616871461183,1.24074410258859,1.33456274177145,0.897694808501668,0.905150756773306
570,0.953232794913404,11,0.803436046629517,0.921592279521273,1.05753402363668,0.690563173665259,0.905150756773306
571,1.59851359744176,11,1.26248880777268,1.54521940288277,1.60319152990379,1.08283966799393,0.905150756773306
572,1.52510150412992,11,1.18993710687161,1.47909194729932,1.57884879819989,1.0672236717839,0.905150756773306
573,1.51294781342864,11,1.15740247367207,1.45893513656567,1.45799288143668,0.978069664149551,0.905150756773306
574,1.49616844256676,11,1.12031344227146,1.43591623848223,1.44678363117598,0.903524308631772,0.905150756773306
575,2.00776012604505,11,1.56140865422014,1.95493125895223,1.81924271347903,1.32098231473457,0.905150756773306
576,1.09291649082567,11,0.872408178588983,1.05792062936987,1.10957048915696,0.7325352614326,0.905150756773306
577,0.925302422720766,11,0.754233723343589,0.919234324265722,0.895287125086238,0.581893362135949,0.905150756773306
578,0.739454029465448,11,0.577944677181262,0.600925164505638,0.783054724122018,0.505427724792545,0.905150756773306
579,1.19412117033797,11,0.990456496610206,1.10403851068169,1.24621446053089,0.81851919713679,0.905150756773306
580,1.03293989335857,11,0.781328122477669,0.94548375995319,1.03706519386674,0.707841913939341,0.905150756773306
581,1.45739156022513,11,1.14572672381242,1.40569978505119,1.509288745889,0.926255989846811,0.905150756773306
582,1.32103262731362,11,1.04239369666862,1.27243759211451,1.23143656883439,0.799658323805116,0.905150756773306
583,1.14601514311236,11,0.921201014502155,1.09311311853296,1.10499239266437,0.753139437225786,0.905150756773306
584,0.894451966676545,11,0.741319454446139,0.887146120136763,0.873625592079901,0.567843020438479,0.905150756773306
585,1.09605046082415,11,0.870132373479025,1.06442838486463,1.11827098099596,0.739642177985833,0.905150756773306
586,1.38602380031195,11,1.07949344311222,1.29087721912546,1.21341723244717,0.793062146735461,0.905150756773306
587,1.35471130886114,12,1.19365069633481,1.29665071284222,1.31353862840618,0.885610622261233,0.912591758854904
588,0.810276885719755,12,0.710743977745608,0.769076119689786,0.81348684898109,0.547662092497248,0.912591758854904
589,1.43757640469398,12,1.31305176148513,1.39627806660127,1.40672014051405,0.959278998043704,0.912591758854904
590,1.24946704671294,12,1.14241758389446,1.17380483927824,1.20239000336212,0.797039684707668,0.912591758854904
591,0.787550988781687,12,0.698214626974703,0.744573950661214,0.81594722726789,0.529424973946452,0.912591758854904
592,1.18686268384644,12,1.10816573186618,1.16090859802486,1.21321860473494,0.788658595534699,0.912591758854904
593,1.16345076811406,12,1.08533099075345,1.12466042025108,1.12633703461396,0.721606815850852,0.912591758854904
594,0.889154219111481,12,0.848277404466345,0.859258054117887,0.895244739590018,0.580773084009636,0.912591758854904
595,0.554865333219033,12,0.517712802467359,0.524034835662321,0.586279014981753,0.407156100890302,0.912591758854904
596,1.18416244738966,12,1.11424845305049,1.12906039360735,1.17436915195317,0.830245955976415,0.912591758854904
597,1.27931490780431,12,1.20934284326442,1.22135324672278,1.2099981614807,0.854574916312838,0.912591758854904
598,1.08329594943509,12,1.03014320388162,1.03247414288049,1.06876082473587,0.693745050076685,0.912591758854904
599,0.622750460108134,12,0.572985954084706,0.592111330003759,0.604833009763012,0.40859140969125,0.912591758854904
600,1.26481889884597,12,1.19594553374149,1.21564906452115,1.20570274996001,0.854469533518253,0.912591758854904
601,1.46462353709564,12,1.37876327974266,1.43416440608716,1.40505876154813,1.00027807339947,0.912591758854904
602,1.35517715939827,12,1.23100591441114,1.27972675435779,1.21139111983568,0.888783672995757,0.912591758854904
603,0.519366212322831,12,0.504165399852141,0.489132917005328,0.50677101545855,0.330906324596085,0.912591758854904
604,1.02730636770919,12,0.995715206330807,0.966971577005395,0.969515629601462,0.698030068442143,0.912591758854904
605,1.00078796537437,12,0.984630348303866,0.943200625480425,0.982068837168103,0.684067893155939,0.912591758854904
606,1.14332593602725,12,1.14680383800892,1.10819742528058,1.10030531886095,0.750352475027193,0.912591758854904
607,1.34084587846502,12,1.39930009318651,1.31385383073627,1.23495094208566,0.859418255079145,0.912591758854904
608,1.38220045538339,12,1.42355076866075,1.34356933427442,1.31123049176649,0.895392857881284,0.912591758854904
609,1.03577174794593,12,1.22236128786941,1.08512221498149,1.07009882517021,0.752155970954384,0.912591758854904
610,0.752550826015949,12,0.774751282749632,0.707368539165296,0.716702737547439,0.496142890866728,0.912591758854904
611,0.503641141261671,12,0.482197640655222,0.461106738304152,0.504802682734414,0.326823621315681,0.912591758854904
612,0.685787272833254,12,0.719581366276162,0.653270975031217,0.670338982040243,0.441659092638409,0.912591758854904
613,0.919365629060559,12,1.00620096217186,0.880675611390706,0.958193064922931,0.618744693952889,0.912591758854904
614,0.975559356753092,12,0.959530967604976,0.915721554458001,0.895697840745122,0.629002880854938,0.912591758854904
615,0.460838043418451,12,0.460365023959885,0.432094055874839,0.47179107534167,0.300678836918518,0.912591758854904
616,0.927127185509722,12,0.957120226951123,0.881797566466421,0.904513265547137,0.609448379749854,0.912591758854904
617,0.961298937418764,12,0.960499227070848,0.934856848318741,0.892758861553124,0.638923408771954,0.912591758854904
618,1.23986629469226,12,1.22818006372559,1.20574976389415,1.10400178324088,0.77761874088818,0.912591758854904
619,0.998839561167555,12,0.998703276730279,0.940420377701967,0.952930038376409,0.654673425511577,0.912591758854904
620,0.581956376424877,12,0.529496211540089,0.54070335318617,0.592399539805317,0.383820753376398,0.912591758854904
621,1.51195335097969,12,1.43548437389607,1.42670474760164,1.43411174532833,1.01110249429108,0.912591758854904
622,1.32210460655533,12,1.30115560763968,1.28266185701146,1.30146069853877,0.858484686903709,0.912591758854904
623,1.21231793368037,12,1.14130177215554,1.19206120262141,1.10939187077264,0.754829830275972,0.912591758854904
624,1.49409860528128,12,1.42162727575924,1.40942127987519,1.33164538756427,0.909431220728978,0.912591758854904
625,0.822477704822327,12,0.767753394484895,0.712703550215233,0.702444164949535,0.48902023055372,0.912591758854904
626,0.679266660160495,12,0.612530771168366,0.637513040901595,0.570348321444628,0.386721404323321,0.912591758854904
627,1.0151818567628,12,0.942413620097083,0.989338460846978,0.911403887312878,0.64408421997786,0.912591758854904
628,1.30317491047903,12,1.2433811916792,1.29756753863908,1.20793501439689,0.821725756163491,0.912591758854904
629,1.61651660069691,12,1.57900100413858,1.59485625941585,1.39318257499484,0.875412992425555,0.912591758854904
630,0.516281700129171,12,0.49282402634251,0.479173849379966,0.479281951019645,0.313626109215648,0.912591758854904
631,0.838712530593796,12,0.862614721997756,0.795108345586787,0.845779792249905,0.5568096995391,0.912591758854904
632,0.542037846894369,12,0.552268318393088,0.523295445868765,0.54313304169443,0.349433532077867,0.912591758854904
633,1.13041236509367,12,1.16879539698448,1.09926706309851,1.07381962974419,0.759519229661118,0.912591758854904
634,1.06189891225663,12,1.11050897818914,1.03864298280493,1.01673905865703,0.675202519513962,0.912591758854904
635,1.00892748045763,12,1.12256878514048,1.00127547401681,0.927684139417618,0.630264730544617,0.912591758854904
636,1.42992170967968,12,1.60023800234626,1.41301043333551,1.28204182819723,0.918100700612849,0.912591758854904
637,1.27650457044644,12,1.44970396078701,1.25359483795744,1.1916034325911,0.807875641549109,0.912591758854904
638,0.82188516703448,12,0.947804659424363,0.753481739788267,0.793005823778282,0.529729228356894,0.912591758854904
639,0.286321386271536,12,0.336223489362715,0.278497235132688,0.288848106563987,0.182273984217756,0.912591758854904
640,0.409142281306474,12,0.53682073673699,0.415898942581561,0.437657052675276,0.287088756242286,0.912591758854904
641,0.869466911940785,12,1.17149577209898,0.865895167320087,0.874117423130225,0.580282683056958,0.912591758854904
642,1.0272612327159,12,1.34257645364708,0.991713787914877,1.03879634568818,0.681737032044727,0.912591758854904
643,0.698332437635985,13,0.987670629929241,0.712840661175814,0.637361306385301,0.414108265740592,0.914602431864269
644,0.669108006269173,13,0.909370400219775,0.669773595699369,0.572101957996894,0.416592259396439,0.914602431864269
645,0.281829572355416,13,0.355809535082794,0.267855424337531,0.254331738381048,0.163998136871366,0.914602431864269
646,0.847184634948597,13,1.16144784426006,0.833461663049435,0.818029311490325,0.538827287940839,0.914602431864269
647,0.297454087195126,13,0.408059610492401,0.269261531296481,0.328969662618015,0.198665938242233,0.914602431864269
648,0.735994152373317,13,0.963802394272599,0.708338948181909,0.728125976948535,0.476890247297932,0.914602431864269
649,0.886027829764554,13,1.17182524169232,0.872032527856711,0.917629411531469,0.598664850179731,0.914602431864269
650,0.877883070432617,13,1.14655337641121,0.91062868515184,0.911733067091283,0.611026138908262,0.914602431864269
651,0.483409390611613,13,0.65431304301004,0.538024424091467,0.545723134648914,0.363058375303592,0.914602431864269
652,0.98961337525582,13,1.25184656163208,1.0552768204247,1.06567658202051,0.669922858065299,0.914602431864269
653,0.562566192226378,13,0.760731117027885,0.602508195020551,0.720194122649605,0.457361515478954,0.914602431864269
654,0.963100762158542,13,1.10813080425509,0.977981004185071,0.992066254965452,0.686033701892185,0.914602431864269
655,0.996947832223273,13,1.1753467933192,1.01913752863595,1.03333079924889,0.711010939397747,0.914602431864269
656,0.957466246862648,13,1.11266803110545,0.987864388968805,1.03615663930112,0.684588940949348,0.914602431864269
657,0.94269558001697,13,1.03509847384615,1.01052366382687,0.962202667273425,0.648331664226192,0.914602431864269
658,0.669130389709042,13,0.744401320186749,0.758983364949407,0.728832137831167,0.475585218858222,0.914602431864269
659,0.860320926760147,13,0.861749401110098,0.872662565191969,0.886331471014158,0.592955647627821,0.914602431864269
660,0.394953976258782,13,0.436117336866868,0.460233466963944,0.475959336374737,0.300900634700444,0.914602431864269
661,1.19684512514217,13,1.15198602624201,1.18099650562145,1.24877009502573,0.831625660561426,0.914602431864269
662,1.70850061502629,13,1.6365924889497,1.70226487871814,1.68392631342994,1.13975750635476,0.914602431864269
663,0.871948697449924,13,0.805175132973574,0.896943682789518,0.883571247195905,0.58312909411213,0.914602431864269
664,1.26501629502824,13,1.20314735430529,1.24387128312016,1.13392406592679,0.773327513182195,0.914602431864269
665,1.32256377719595,13,1.26786826128136,1.31440126750698,1.23000084840812,0.834983150446337,0.914602431864269
666,1.24765894014821,13,1.1962010630297,1.20264857283228,1.1103586066669,0.779885684883692,0.914602431864269
667,1.37682371992091,13,1.27770204820823,1.31109658995395,1.37975092665417,0.939662256019394,0.914602431864269
668,1.0801741837062,13,1.00935266928147,1.07322185008423,1.11187458942154,0.728084700636063,0.914602431864269
669,0.613350003550938,13,0.561701748304226,0.582892877081325,0.650417379474262,0.422832750533581,0.914602431864269
670,0.715262406030086,13,0.689353400060454,0.714189504329275,0.779022922696824,0.505338294808136,0.914602431864269
671,0.934801470513604,13,0.957705299406158,0.9417474614564,0.948398196954869,0.637224198679102,0.914602431864269
672,0.979817075844812,13,1.03312852671364,1.0123818045753,1.00747576413508,0.679589052497776,0.914602431864269
673,0.915933750562042,13,0.963760568005184,0.932788008713073,0.900059696545359,0.586078470431011,0.914602431864269
674,1.32476936480406,13,1.37294495349012,1.29432117923363,1.28389624430401,0.889239600911431,0.914602431864269
675,0.903413476583592,13,0.925865902569302,0.889771784564284,0.950717912289355,0.605542062752682,0.914602431864269
676,0.866490580010568,13,0.924370086572365,0.877763358038948,0.871334887862078,0.574859365300768,0.914602431864269
677,0.608083492850165,13,0.635220555026812,0.58668952881897,0.592230724987762,0.407944395894587,0.914602431864269
678,0.541690120941518,13,0.552953530529149,0.509306180298403,0.562749439422716,0.379496097264184,0.914602431864269
679,0.956528241199986,13,0.984592835651956,0.923160595257055,1.0536325346828,0.668392520723203,0.914602431864269
680,0.870651206128073,13,0.968469858552256,0.85595898002171,0.901516240846714,0.580992290088239,0.914602431864269
681,0.679344791656007,13,0.756317561371891,0.670840929636136,0.704139588593421,0.452474828333776,0.914602431864269
682,1.08301013441804,13,1.22051793759364,1.08210141761685,1.1201211530569,0.70720860419243,0.914602431864269
683,1.25908176493934,13,1.37748875066329,1.18924997735909,1.26758727675979,0.81288184680122,0.914602431864269
684,1.07239213685535,13,1.21676129543527,1.0703988818081,1.13759017438679,0.732233488507209,0.914602431864269
685,1.30706908222164,13,1.50991580142318,1.31191718290718,1.3654242494132,0.905869993772046,0.914602431864269
686,0.593871643725996,13,0.722398379993342,0.632296692589707,0.653067160574125,0.407853743402623,0.914602431864269
687,0.80024910040397,13,0.897939853578354,0.705511534635516,0.849769313440964,0.562272871014122,0.914602431864269
688,1.02204301410645,13,1.175129946561,0.992716663668595,1.08300595163584,0.686420933004719,0.914602431864269
689,1.12842445082758,13,1.31862238741668,1.11355613259868,1.26630350506767,0.81895188416692,0.914602431864269
690,0.625580608446785,13,0.730244920903064,0.585190090081659,0.693889398582327,0.438075769918288,0.914602431864269
691,0.694861621258783,13,0.771346033985507,0.651450291294632,0.666202581023342,0.414511197588032,0.914602431864269
692,0.711426028847653,13,0.783547978571607,0.661913195430626,0.696659387488564,0.438187263585114,0.914602431864269
693,0.701551548373493,13,0.866797676969022,0.716125917230324,0.730775200746925,0.486223023561384,0.914602431864269
694,0.890057753289744,13,1.03567015543356,0.870576571793685,0.852256168578678,0.618440189830743,0.914602431864269
695,0.576014542337625,13,0.671286812959393,0.563971288103099,0.591943176967747,0.38834036825328,0.914602431864269
696,0.974989038059683,13,1.08216405503034,0.950465332072256,1.01830275633721,0.681407677978229,0.914602431864269
697,1.04329969501344,13,1.14669816461729,0.978576744598657,1.05630181172008,0.709477648916827,0.914602431864269
698,0.612503751855436,13,0.635399040634739,0.567699181127714,0.6130605728684,0.401076352474883,0.914602431864269
699,1.24402734127759,13,1.35135127778562,1.21091201300054,1.19974538208672,0.760058712933312,0.914602431864269
700,0.831924851312083,13,0.860561056652563,0.781871984560558,0.793561948254049,0.542035984739503,0.914602431864269
701,0.772697190723326,13,0.747399322173669,0.737019587097606,0.757870046231456,0.501600995667466,0.914602431864269
702,1.47476342212438,13,1.45071047359755,1.41581517762837,1.26721104772151,0.89372498248599,0.914602431864269
703,1.30844328802392,13,1.29045425207185,1.24331793131454,1.18391910464695,0.847521406007053,0.914602431864269
704,0.869042546856988,13,0.800895196868073,0.811675942381583,0.841105807094853,0.573041804190666,0.914602431864269
705,0.664268310626005,13,0.560600111182928,0.612273962344093,0.693010224942338,0.463372493180019,0.914602431864269
706,0.626410464567862,13,0.524482985491689,0.586930093148541,0.626681972342926,0.430416303399129,0.914602431864269
707,0.967529586541341,13,0.794626742091206,0.889001101168851,0.903552023962764,0.607689147119787,0.914602431864269
708,1.23619817789506,13,1.02639074053833,1.15592929736684,1.20691084544355,0.823835072858425,0.914602431864269
709,1.30869874774484,13,1.08877505494861,1.24047456534925,1.33001639947907,0.894914154737349,0.914602431864269
710,1.62922021768985,13,1.32575386083095,1.54082395045811,1.60778422600305,1.07150544817082,0.914602431864269
711,1.6058835464942,13,1.26507634977112,1.51268399824674,1.64363692097712,1.08342297174956,0.914602431864269
712,1.34908808189938,13,1.04951794495149,1.26375250391266,1.38881197711396,0.906341942993834,0.914602431864269
713,1.41980290300602,13,1.13858397852414,1.34007598504028,1.39483193670615,0.956374329238042,0.914602431864269
714,1.90122099450449,13,1.51958213091641,1.86305910243211,1.68001963468371,1.20687606436253,0.914602431864269
715,1.4329357637073,13,1.16063859683954,1.35350304601641,1.3063946831368,0.851354118853872,0.914602431864269
716,1.26166831359464,13,1.04481711721244,1.19199629650029,1.13686458134008,0.716460224427082,0.914602431864269
717,1.02210588335635,13,0.869527841058699,0.964014739900578,0.876558629488406,0.683253841173416,0.914602431864269
718,1.19010246207683,13,1.00763665892065,1.13612122968223,1.08718180300751,0.756493223984774,0.914602431864269
719,1.16139736354577,13,1.00665949383782,1.11712331340139,1.08670707653349,0.734173664376854,0.914602431864269
720,0.93357844058247,13,0.816078607983578,0.892433942424989,0.855919017810174,0.552930282713937,0.914602431864269
721,0.622856394509975,13,0.563455980277846,0.591827324588033,0.606325907887987,0.420676598108927,0.914602431864269
722,0.839129426294468,13,0.735148146679934,0.790572006947563,0.745061116321001,0.524168980376351,0.914602431864269
723,0.507480702180965,13,0.41627482697265,0.453468313648301,0.476175309653086,0.31556782033268,0.914602431864269
724,0.876380841998952,13,0.878485755458537,0.927037651647421,0.890628001974812,0.567110461704438,0.914602431864269
725,1.16363008079125,13,1.00175124643034,1.08370414851109,1.1232215318349,0.781222281519279,0.914602431864269
726,1.09087921705526,13,0.939097753948461,1.02995711781869,0.990502713601696,0.624223646529134,0.914602431864269
727,1.06021575378424,13,0.870083455172329,1.00573025329384,1.05916560938126,0.688915696872684,0.914602431864269
728,1.63828753544696,13,1.43139280392433,1.58353630390173,1.5951093674678,1.10689646251807,0.914602431864269
729,1.12718099462627,13,0.975404883384913,1.10256890526118,1.10838147181084,0.728673257168106,0.914602431864269
730,1.459089628695,13,1.23123775407451,1.38646217486933,1.51321008214833,0.97193779046205,0.914602431864269
731,1.22801874420359,13,1.11320461920833,1.22973249037698,1.32522213327156,0.929614861091634,0.914602431864269
732,1.6492787034695,13,1.37603260459503,1.58092934922333,1.68097340188304,1.12980304074694,0.914602431864269
733,1.75606767445203,13,1.50785218305896,1.67777454368858,1.56160429525981,1.18579927095291,0.914602431864269
734,1.48172524504854,13,1.26571998287856,1.37842718730335,1.47807358344391,0.968951128823137,0.914602431864269
735,0.716079225108164,13,0.606000937146166,0.654064422984822,0.778382449589787,0.480737333551134,0.914602431864269
736,0.435057276796874,13,0.381426795400921,0.402863757720226,0.502944697053522,0.29969684132487,0.914602431864269
737,1.11257458272364,13,0.970147313510526,1.04260647950235,1.20243933341476,0.792260993229041,0.914602431864269
738,0.725630207303836,13,0.635554872600719,0.672233042390345,0.770617741143524,0.447923086232527,0.914602431864269
739,0.58243057597042,13,0.51149362239262,0.535812476530563,0.664285020616491,0.408748667752936,0.914602431864269
740,1.59831304538181,13,1.41065047836749,1.47989058154078,1.65063405859165,1.1283322867698,0.914602431864269
741,1.53412538173355,13,1.35149463670846,1.37630780721677,1.61525963565878,1.10714848041788,0.914602431864269
742,0.953906578066274,13,0.849731829333814,0.877730602694704,0.980839852661381,0.675413376109631,0.914602431864269
743,1.16880843718254,13,1.11682865981547,1.16691357049434,1.24770412799579,0.88762098725118,0.914602431864269
744,1.50759249109605,13,1.43036755751321,1.46598755172053,1.54085908959505,1.06959741021711,0.914602431864269
745,0.707447007127192,13,0.669983955894492,0.70268440994599,0.75471923258275,0.527672104013078,0.914602431864269
746,1.43793822982565,13,1.2681813309281,1.34954778320974,1.46922045137715,1.02565046545546,0.914602431864269
747,0.854273419071472,13,0.757768657440438,0.790071603727826,0.931123161233165,0.66797637997732,0.914602431864269
748,1.33497417073787,13,1.16044835102452,1.23462009367898,1.32055548723702,0.937331863447013,0.914602431864269
749,0.866894060581386,13,0.744656540309265,0.810966904692766,0.910059904810662,0.648398308023209,0.914602431864269
750,1.01116843911968,13,0.886590444613401,0.948567098431979,1.0742046106997,0.731263534641906,0.914602431864269
751,0.742996464855051,13,0.646704759639615,0.685110378703101,0.763724652920494,0.515368213041381,0.914602431864269
752,1.29680922004443,13,1.12396884247213,1.21552805050345,1.45835030649048,0.974425582464331,0.914602431864269
753,0.867501647661066,13,0.699154794590803,0.777326622629428,0.936120901317803,0.608925013840011,0.914602431864269
754,1.08921719933772,13,0.875293084763016,0.997789912199267,1.05328771385509,0.706591180134207,0.914602431864269
755,1.11754615585524,13,0.881888152839652,1.03586840203081,1.17422878609708,0.771131052861769,0.914602431864269
756,1.52955143101781,13,1.24901217309877,1.41639588231841,1.5572557328945,1.07714155475858,0.914602431864269
757,1.51338688687567,13,1.18349804927211,1.35195018108173,1.59693920910597,1.06883397940053,0.914602431864269
758,1.8001724902524,13,1.36335155421373,1.59372584933994,1.83973299270225,1.29590786602568,0.914602431864269
759,1.29488736579209,13,0.965402780434894,1.16610885119352,1.30137354880308,0.880547510720384,0.914602431864269
760,1.11455760212886,13,0.862587450952718,1.00892179355229,1.16516322279224,0.783690924380137,0.914602431864269
761,0.915549590762735,13,0.671566307369079,0.799912346188861,0.899830142451525,0.582055143880116,0.914602431864269
762,1.67770424666381,13,1.28666700738911,1.61199955140163,1.66973377862677,1.09952381026699,0.914602431864269
763,1.40713677991017,13,1.08396099141187,1.31843549668921,1.44958691017497,0.981271753296422,0.914602431864269
764,1.36342120989166,13,1.11498122964761,1.27023529391477,1.38800930969899,1.00604111306058,0.914602431864269
765,1.50139979149336,13,1.18198298021412,1.42549623072696,1.57784925811323,1.07471061152316,0.914602431864269
766,1.70703654488482,13,1.43514353014901,1.59669780051045,1.7217232392096,1.24152580586293,0.914602431864269
767,1.11996699868638,13,0.921185825601294,0.977100332454388,1.16837449061147,0.782592803152242,0.914602431864269
768,1.16765507380252,13,1.03561630237757,1.01200739494796,1.20761004161843,0.836424833571851,0.914602431864269
769,1.31707933582807,13,1.16151489501776,1.2294357886373,1.39209897251598,0.944798491792055,0.914602431864269
770,0.411266650249215,13,0.390863941229705,0.37780593521042,0.448560446260042,0.292001510438854,0.914602431864269
771,0.594977447087827,13,0.554455531868889,0.545629154377945,0.608093595087555,0.415593729749219,0.914602431864269
772,1.08312675550864,13,1.04298049808873,0.999466983685077,1.11064021590693,0.76507072556141,0.914602431864269
773,1.44021213866739,13,1.40121225310261,1.33447135961175,1.48604806882312,1.02675018836413,0.914602431864269
774,0.703500420100083,13,0.709802399034548,0.643274792545086,0.769872448205622,0.50047085257566,0.914602431864269
775,1.02033937166622,13,1.01649946385531,0.94109756736413,1.09869836020833,0.740954800963253,0.914602431864269
776,1.10140464270328,13,1.11394429775028,0.945108885741436,1.18439600091314,0.743105050558272,0.914602431864269
777,0.780922855048028,13,0.799323354749253,0.705022181978988,0.863328639539782,0.552894863164548,0.914602431864269
778,1.02795409279911,13,1.03334933620388,0.944160193001984,1.07347849224534,0.727156341293688,0.914602431864269
779,0.79116977512839,13,0.801611217081451,0.716563508840196,0.831128535442765,0.544090237712594,0.914602431864269
780,1.04354208114618,13,1.02958629086096,0.947771034537809,1.09787218886517,0.824743490289439,0.914602431864269
781,1.20712185622709,13,1.21564565291001,1.08825691787462,1.22103439613707,0.843055180369478,0.914602431864269
782,0.722834261914771,13,0.742704906756268,0.662119613582159,0.779682746854811,0.503670711839413,0.914602431864269
783,0.719528489481146,13,0.696056600655428,0.671513390190425,0.78697152785549,0.497602209797471,0.914602431864269
784,1.04039776854552,13,1.03837225057792,0.966857231280294,1.10349020839761,0.739100382394014,0.914602431864269
785,1.43785956234116,13,1.36833206539405,1.32232560936519,1.49598158334187,1.01460305623809,0.914602431864269
786,0.711971505774722,13,0.65493676627789,0.650269841479531,0.749251311605307,0.479401675692565,0.914602431864269
787,1.07215920713235,13,0.976578319679714,0.969484603347568,1.12398947330593,0.787790732346932,0.914602431864269
788,1.13910746441199,13,1.01426458135317,1.04566341117427,1.21150583180328,0.786273323976866,0.914602431864269
789,1.20023576601987,13,1.06950457615053,1.11194361779621,1.23996620183378,0.843745241781719,0.914602431864269
790,1.07914242149009,13,0.92547404207223,0.98644965936441,1.08836407826663,0.710850513773658,0.914602431864269
791,1.00425298356341,13,0.868395140198483,0.952825726985415,1.10915151099672,0.744928643056932,0.914602431864269
792,1.28440014737978,13,1.0928324516266,1.19353387926914,1.33125530075298,0.921299863917401,0.914602431864269
793,1.22488685192372,13,0.992743409802903,1.13020363342493,1.29917317470808,0.863716711692259,0.914602431864269
794,1.37363330276206,13,1.11378562362876,1.32289715425072,1.43729452426507,0.987842878233204,0.914602431864269
795,1.48073445027764,13,1.18990744499974,1.3931937040026,1.63708953847406,1.09494100084922,0.914602431864269
796,1.52865366316262,13,1.16296258021301,1.4069292567998,1.50786837828634,0.987585188978146,0.914602431864269
797,1.25070055399748,13,0.94837080763135,1.11768024865846,1.29378553603709,0.800696910939598,0.914602431864269
798,0.918592691422655,13,0.731347680323415,0.8636026525053,1.06356160793575,0.685736720638431,0.914602431864269
799,1.01423258206345,13,0.779522124044612,0.908489020102451,1.0452612962924,0.693419639219907,0.914602431864269
800,1.69185174019429,13,1.3270303312834,1.54754645104052,1.66829603184582,1.05116649469794,0.914602431864269
801,1.90282318757605,13,1.45942297600522,1.75537280032575,1.84199378116907,1.26523657938499,0.914602431864269
802,1.61082337827196,13,1.27537108402983,1.44615738468634,1.62254671760196,1.1212684482888,0.914602431864269
803,1.31153858606322,13,1.06974940639824,1.18886511884414,1.35695990623702,0.884181774916736,0.914602431864269
804,1.28833697612616,13,1.05820965288879,1.16798122811496,1.33007582265397,0.890613191200073,0.914602431864269
805,1.48779159901222,13,1.15004824466781,1.24566531425612,1.42494642491434,0.956563764266915,0.914602431864269
806,0.977989937970153,13,0.824799730742787,0.864713431486834,1.0595057917092,0.66864491390365,0.914602431864269
807,0.778992007144497,13,0.66826563128407,0.705862418474841,0.853201437237169,0.532688208327104,0.914602431864269
808,1.13573586626835,13,1.05647909171482,1.05378781700797,1.19013040095593,0.772982786632394,0.914602431864269
809,0.306492226262597,13,0.2741642954046,0.274098571607922,0.313359239034369,0.201856210383343,0.914602431864269
810,1.01592645274859,13,1.02178147115008,0.991329054690772,1.14920767572372,0.75210202137633,0.914602431864269
811,0.972600277679195,13,1.00617829341786,0.911994514871346,0.978224850839108,0.641399124157507,0.914602431864269
812,0.789430545724016,13,0.806037114336566,0.74862038610754,0.870303474624632,0.583530933451987,0.914602431864269
813,1.0324569221808,13,1.04611343864399,0.986953309177634,1.12182932314084,0.729811789446407,0.914602431864269
814,1.16652036278993,13,1.19423756356247,1.09726366914069,1.32840293716773,0.897725148381554,0.914602431864269
815,1.14745902834523,13,1.14742990307763,1.08909103364111,1.28211462467911,0.825170710206502,0.914602431864269
816,0.553533920757809,13,0.538285493320388,0.519124692451013,0.574634565220465,0.397505377230428,0.914602431864269
817,1.04167021429158,13,0.967755382733605,0.938911874450017,1.09507528631091,0.729014047186697,0.914602431864269
818,0.818752599302765,13,0.713555157310643,0.774223162232117,0.791780805238013,0.517678707886219,0.914602431864269
819,0.592702367650841,13,0.57770660796804,0.548594788157662,0.52475821105197,0.339624196360979,0.914602431864269
820,1.49193679437181,13,1.48401004922545,1.37222769998387,1.42994273131486,0.989383990778101,0.914602431864269
821,1.70122535532247,13,1.55431176214598,1.53877995927713,1.61502189808927,1.13714189277681,0.914602431864269
822,1.39919730491929,13,1.30048823070181,1.31242302276638,1.47245925746969,0.979788959327668,0.914602431864269
823,0.906153138335868,13,0.781210259320961,0.816671805222029,0.874281848596233,0.571249450425817,0.914602431864269
824,0.811253289508778,13,0.770213549946497,0.795545967160893,0.898907635884576,0.613359163680256,0.914602431864269
825,0.64699416975093,13,0.579563322225277,0.596237787418211,0.677925941314483,0.427541696765172,0.914602431864269
826,1.1662025852488,13,1.04534171765977,1.06702218929353,1.16412328313608,0.81392236183532,0.914602431864269
827,1.72956796782037,13,1.55324807397881,1.57265198168771,1.75362403192838,1.1681736725222,0.914602431864269
828,1.99494988857759,13,1.76014271719159,1.7799290590318,1.97599328473217,1.38686911252139,0.914602431864269
829,1.14851734153147,13,1.03496405675958,1.01739097175328,1.10667567323204,0.746161825197822,0.914602431864269
830,0.511200111131699,13,0.468066373383831,0.461265641428032,0.505670824339949,0.314048256495998,0.914602431864269
831,1.08775298272053,13,0.973054879214576,0.993018932947577,1.12051779299553,0.716439122145755,0.914602431864269
832,1.18788581794631,13,1.08299129460143,1.08344162813517,1.11125539852317,0.692236055600101,0.914602431864269
833,1.36028065595714,13,1.31630937677736,1.26654545280561,1.24961343043085,0.883256461860298,0.914602431864269
834,1.17927250465471,13,1.15108366108489,1.10140699739119,1.11125976418059,0.783587768552455,0.914602431864269
835,0.86953489133925,13,0.846215508286357,0.80593911624926,0.825406021256155,0.571481872952788,0.914602431864269
836,0.651093536048558,13,0.653645321092992,0.634305371768636,0.743341133933261,0.462137791227156,0.914602431864269
837,0.288409082351498,13,0.283187819022509,0.253926703934801,0.301418224930999,0.192614168747487,0.914602431864269
838,0.654415177409496,13,0.692926586133197,0.623785587525814,0.758171156815323,0.49633314072027,0.914602431864269
839,0.604934914438912,13,0.594979722220072,0.558888840316301,0.645946669838126,0.43736220977948,0.914602431864269
840,0.740940245369691,13,0.733746267767554,0.665101436942636,0.810424939638076,0.513527099678627,0.914602431864269
841,1.11180336671721,13,1.07432902889335,1.04092882118443,1.24887465102998,0.821009021313586,0.914602431864269
842,1.42498993398139,13,1.29893061705233,1.29935919355341,1.5131137801054,1.0491057702916,0.914602431864269
843,1.66143125604944,13,1.54185161759822,1.54324611602813,1.77157229694642,1.19885689671008,0.914602431864269
844,1.31657166358055,13,1.19989423493186,1.20913790667481,1.43889069705861,0.939554683508465,0.914602431864269
845,1.27589306298101,13,1.09619768332813,1.15727605100063,1.37045387780235,0.940311893944004,0.914602431864269
846,0.651089576563616,13,0.584747342034295,0.545071424713791,0.635298255900119,0.402923467238335,0.914602431864269
847,0.841975220566232,13,0.725128996134784,0.733149058015961,0.864085703494878,0.569135376800396,0.914602431864269
848,1.22438678129352,13,1.06444891528114,1.10313349721349,1.24566749690528,0.817400988564016,0.914602431864269
849,1.64136755386348,13,1.44747517265707,1.43428253508985,1.60284404201774,1.17635257553633,0.914602431864269
850,1.72685725438485,13,1.4982536281758,1.47980343262562,1.60283601171922,1.15175153715113,0.914602431864269
851,0.894222985842166,13,0.78186940052656,0.816584156970798,0.892701667928207,0.613263821415004,0.914602431864269
852,1.22684240837936,13,1.11823552176945,1.12815594473469,1.17880664568395,0.828517376922499,0.914602431864269
853,1.1420535549268,13,1.05122029858521,1.04504734748074,1.0987671202077,0.701055972666012,0.914602431864269
854,1.40735140719521,13,1.3884009795843,1.29187665384154,1.55385882995002,1.03921227334749,0.914602431864269
855,1.17388351735642,13,1.1912703151659,1.13097396807955,1.239726762359,0.86632771627487,0.914602431864269
856,0.77722887771256,13,0.8847686826834,0.808367577867919,0.922896451671592,0.620078379738349,0.914602431864269
857,0.262961160176822,13,0.275885399472557,0.238256904405734,0.266949857112251,0.159363104813756,0.914602431864269
858,0.868523496735287,13,0.918768033968689,0.800023153071652,0.866668869455516,0.584232048843986,0.914602431864269
859,0.692384143940081,13,0.804498201102579,0.659837241080617,0.721911278654058,0.466571740620667,0.914602431864269
860,0.556425937567736,13,0.675279966388548,0.548372522323528,0.664783088391254,0.43309845360969,0.914602431864269
861,0.781729551316502,13,0.964175918619679,0.754291587344037,0.846252082704666,0.579477951498007,0.914602431864269
862,0.768565554388548,13,0.837377128853499,0.698385563113416,0.789963043750277,0.520313380228015,0.914602431864269
863,1.03641043271223,13,1.05211195196786,0.981399186842244,1.10418245497591,0.766749269026489,0.914602431864269
864,0.934615308041695,13,1.04243867417896,0.877676643360325,1.0171017773047,0.691945859517061,0.914602431864269
865,0.765576674034706,13,0.85847222367904,0.729433813102045,0.804296645440202,0.545276263918212,0.914602431864269
866,0.854287825237674,13,0.90788664969011,0.791792611871733,0.85282186526103,0.610811973666467,0.914602431864269
867,0.89929027219322,13,0.903191571063406,0.809458331981085,0.892841120490363,0.602906813563072,0.914602431864269
868,0.719477204540447,13,0.736008698714313,0.658093005925657,0.763337570186708,0.486665298802084,0.914602431864269
869,0.993281847833467,13,1.02560731236806,0.900368410510278,0.97322911315787,0.661636089452421,0.914602431864269
870,1.391762635324,13,1.40203286084677,1.26216171590624,1.3416740103689,0.955224073823717,0.914602431864269
871,1.39328745185095,13,1.39782769090622,1.28362748979189,1.32083208759768,0.958974639058992,0.914602431864269
872,1.12208765625169,13,1.13046872194438,0.989451767655483,1.09627610331958,0.7341097193517,0.914602431864269
873,1.12348684338961,13,1.01398317747022,0.978538353334903,1.01694764296285,0.67125773440384,0.914602431864269
874,0.896316916891391,13,0.827179726652998,0.789143201755417,0.881576239817877,0.540840106541473,0.914602431864269
875,0.708093293226173,13,0.621164018363801,0.632555644478926,0.717763250380564,0.424783933915407,0.914602431864269
876,1.35737922766871,13,1.30148390083352,1.1378318418405,1.34615515931297,0.935595202199118,0.914602431864269
877,1.26955911449743,13,1.2084596462694,1.13150335415233,1.33014123474503,0.921732132607193,0.914602431864269
878,0.687549685234293,13,0.734392302779935,0.649023334653039,0.746702592025505,0.479824998580514,0.914602431864269
879,0.845807016618075,13,0.882956566074103,0.780840166153646,0.961904990030814,0.62860605521901,0.914602431864269
880,1.31582499275346,13,1.20775469730811,1.19067977595728,1.25487214155069,0.879483873795521,0.914602431864269
881,1.17595276423431,13,1.09108011371129,1.08304554332535,1.18725652307131,0.776265691520663,0.914602431864269
882,0.769366605242428,13,0.709586788555761,0.702646359925487,0.798970432281209,0.530406566557327,0.914602431864269
883,0.962915211702054,13,0.899750625057024,0.877192048470484,0.972894244102967,0.638613923171266,0.914602431864269
884,0.667844363284922,13,0.589761038914179,0.638213675588251,0.686465653103445,0.467580607046209,0.914602431864269
885,0.742383867461203,13,0.690217426547674,0.712850868165829,0.723360857173936,0.461649077951182,0.914602431864269
886,1.31752192785217,13,1.27783842042451,1.18891214618133,1.1636821755261,0.852496889978478,0.914602431864269
887,1.09496433375449,13,0.955762910181308,0.983135131192979,0.911336054229845,0.698496961644196,0.914602431864269
888,1.37422152907506,13,1.24284575910209,1.21096232331927,1.22478816981422,0.941530930637794,0.914602431864269
889,0.676250452921032,13,0.610723132390527,0.600136410224447,0.57807323239171,0.403541128106602,0.914602431864269
890,1.4526001263746,13,1.30808004302302,1.3193289201005,1.37021924094232,0.944182924912361,0.914602431864269
891,1.21787605010644,13,1.056927918599,1.09655061098309,1.23524261456492,0.813721310820974,0.914602431864269
892,0.954995011080554,13,0.833541066787508,0.863397124486906,0.91872103631952,0.626027916746552,0.914602431864269
893,1.21583623664972,13,1.11012360377586,1.11357017386043,1.06508223663084,0.72567117708588,0.914602431864269
894,1.50354157316355,13,1.33753786163766,1.3618589981378,1.43699038850938,0.943805506601919,0.914602431864269
895,1.42575209328833,13,1.30126985896091,1.30067593117724,1.3637317049519,0.913072751812436,0.914602431864269
896,1.44466555655196,13,1.34230629973024,1.34528771424985,1.44128188631803,1.02058627283357,0.914602431864269
897,0.751575774640811,13,0.695891528913119,0.686579911901038,0.734424515715276,0.483094159469115,0.914602431864269
898,0.880001118309518,13,0.871927720792698,0.798539410530992,0.932825971652437,0.595919159603864,0.914602431864269
899,1.00311636302255,13,0.990360216641716,0.930723292985338,0.984834123868283,0.639626288172246,0.914602431864269
900,0.809345815310133,13,0.831857751646698,0.746199977411639,0.813470137064702,0.537697209833622,0.914602431864269
901,0.747515788026361,13,0.760985685608426,0.685008473168657,0.746004219285428,0.500380545485139,0.914602431864269
902,0.656237565875428,13,0.705930075863777,0.613292920780409,0.674497776235424,0.439399889354998,0.914602431864269
903,0.515733832018295,13,0.525067527554166,0.483601298302267,0.516615504866603,0.335935082886607,0.914602431864269
904,1.07147049682121,13,1.13308054575109,1.00247657580787,1.05769785226176,0.724970830528415,0.914602431864269
905,1.13116602774212,13,1.1535339869736,1.03412749993548,1.10168909025157,0.737308855624163,0.914602431864269
906,0.644629469603632,13,0.693977868793726,0.593699883044492,0.667442791404697,0.425281864736079,0.914602431864269
907,0.576853906115889,13,0.574767411012379,0.513731852759184,0.622791463211083,0.369033167280697,0.914602431864269
908,1.2021559482337,13,1.2646975429637,1.10652359229966,1.15890063387818,0.788232008467264,0.914602431864269
909,1.37351846237139,13,1.3954274079116,1.28237596697403,1.33338157669063,0.935816929966716,0.914602431864269
910,1.18204936078703,13,1.24339274759561,1.08754617133195,1.18356595683615,0.832470705807514,0.914602431864269
911,1.22600947545994,13,1.28307069638435,1.12830308992008,1.18617919974002,0.855381265303267,0.914602431864269
912,1.32051276561404,13,1.38800306024402,1.22332780554574,1.28614685102145,0.849651282621568,0.914602431864269
913,0.497107186391719,13,0.520712754241934,0.470301582817677,0.541001489440527,0.350630882996517,0.914602431864269
914,0.807673750284719,13,0.89052099925682,0.773264970491374,0.883475844739154,0.531092058398334,0.914602431864269
915,0.605907609425477,13,0.638837751657339,0.569522155574177,0.653295871519935,0.396403293117896,0.914602431864269
916,1.01894620361407,13,1.07597592263548,0.953505398943615,1.037488432634,0.666120457439053,0.914602431864269
917,1.19985977566375,13,1.27302255615221,1.11458956485863,1.14617747949034,0.778023965264585,0.914602431864269
918,1.22082784174992,14,1.34183148798238,1.17040072733633,1.22781643099279,0.830570742493318,0.920774117782162
919,1.11758133127454,14,1.17333834631949,1.04572625512472,1.09311508549132,0.717217219717552,0.920774117782162
920,0.956751464861112,14,1.03585560853466,0.899783603829935,0.916905738348436,0.550202745077995,0.920774117782162
921,0.926291115111588,14,1.03063282905892,0.87377113403455,0.933252116421551,0.617450624038388,0.920774117782162
922,0.204770611501444,14,0.222381630168037,0.196659714246754,0.242966696041957,0.164811005382558,0.920774117782162
923,1.16861380430969,14,1.26308428251177,1.08533086739145,1.15354709455726,0.821412251528453,0.920774117782162
924,0.732777077501538,15,0.774680089824895,0.700244118748912,0.767134018076245,0.476397755262865,0.923997168180146
925,0.792289073731609,15,0.836093367776014,0.756054123184514,0.809243273661953,0.518920955424449,0.923997168180146
926,1.21124630007716,15,1.16835211439462,1.15898521732616,1.23148085072433,0.862918636559885,0.923997168180146
927,0.671431681822684,15,0.647779639555853,0.651916546199717,0.766241986654807,0.519511447843889,0.923997168180146
928,1.01311107081306,15,1.04170116278588,0.980329925475816,1.0635768966015,0.714454320108541,0.923997168180146
929,0.832202681532638,15,0.778309143684283,0.776104084682938,0.921173136774689,0.589748399499626,0.923997168180146
930,1.04613441628266,15,0.969596620223858,1.01564725274234,1.21656152356643,0.827859772609537,0.923997168180146
931,1.22396797541478,15,1.05761538715468,1.17882993943716,1.32579344474708,0.889235646198175,0.923997168180146
932,1.03284680063125,15,0.897744700821815,0.99099412511182,1.11600788546004,0.764641914644697,0.923997168180146
933,1.44760137880599,15,1.18607146936493,1.37229293424731,1.47726683482468,1.03483426163675,0.923997168180146
934,1.00998474411911,15,0.842491635624044,0.95646973137417,1.09323600408955,0.765512141536344,0.923997168180146
935,1.34595566174975,15,1.04186030624101,1.27168687560513,1.35421975152482,0.972895176169698,0.923997168180146
936,1.65398120846967,15,1.28891119112514,1.55854969658784,1.67681434746421,1.16559796740013,0.923997168180146
937,1.15801602654018,15,0.945222471341563,1.08341431219723,1.23006106720532,0.84311327086896,0.923997168180146
938,1.41997174309488,15,1.12188052317822,1.32229320755887,1.40452228846064,1.0116000278843,0.923997168180146
939,1.43388540052017,15,1.16924585207922,1.37432025656434,1.477690408753,1.04990463089744,0.923997168180146
940,1.49708417289619,15,1.16415973893466,1.4414837703141,1.43357610390778,1.06742639735758,0.923997168180146
941,1.66508323178895,15,1.26430748270792,1.57861073428594,1.52486983888892,1.16133608529351,0.923997168180146
942,1.26784218608574,15,0.943042583261033,1.19192517709147,1.30825092921877,0.91469991549421,0.923997168180146
943,1.53761604501644,15,1.16318857396041,1.44334566106307,1.57511030194432,1.10053571059639,0.923997168180146
944,1.04090692532756,15,0.818042720079788,0.990321800160154,1.09740751822416,0.753695544844767,0.923997168180146
945,1.16354210114926,15,0.937070429652618,1.11635649422274,1.27184795175239,0.888379421600333,0.923997168180146
946,1.34545538140174,15,1.09610040360247,1.28764516551273,1.39843571403521,1.01034792042381,0.923997168180146
947,0.973991024770813,15,0.790469778336492,0.923569415293918,1.01178170870203,0.691412993085412,0.923997168180146
948,0.994324850927029,15,0.830312644371758,0.938681874568183,1.0514270225822,0.733952584326797,0.923997168180146
949,1.00798864343159,15,0.832812634675992,0.96208789238618,1.08068143887521,0.722196210245984,0.923997168180146
950,1.21348825258252,15,1.01581635972798,1.14803582397481,1.27731444839395,0.868436773494543,0.923997168180146
951,1.46392913235607,15,1.25427524755652,1.38466555322754,1.53110183139471,1.11870898610689,0.923997168180146
952,0.924462886190951,15,0.763454090001105,0.878345693647511,1.03585472040003,0.690117079410418,0.923997168180146
953,1.26600613457254,15,1.08791556262221,1.19171895793378,1.39059190309837,0.924337435625829,0.923997168180146
954,0.941503040866579,15,0.786184166063356,0.877515519863441,1.03611692938559,0.669810063544374,0.923997168180146
955,0.972704035762492,15,0.827422289555978,0.906000852230778,1.1490621854626,0.741018409885027,0.923997168180146
956,1.27747969886507,15,1.08279017091962,1.21934281650825,1.43122729793045,0.925043360516422,0.923997168180146
957,1.07353030760612,15,0.893985964057805,1.01073316024019,1.10330358017802,0.748433187193661,0.923997168180146
958,0.725074389044177,15,0.592973130976807,0.683466760999501,0.803203286274233,0.532651604851282,0.923997168180146
959,1.24244999746879,15,0.99058107740081,1.17297929971904,1.25817093139781,0.904647154410106,0.923997168180146
960,1.60983591510846,15,1.27345521339646,1.52351352012982,1.62380847708533,1.11598266730205,0.923997168180146
961,1.17336025754813,15,0.911367947383976,1.11435890318586,1.24892053713153,0.855566067742604,0.923997168180146
962,1.14467473828152,15,0.881351239249485,1.05048970852309,1.28928699898736,0.884916427201967,0.923997168180146
963,1.32503463500972,15,1.00216243259181,1.25930592929346,1.43966599170977,0.989398212269025,0.923997168180146
964,1.34264864280682,15,0.992806140544398,1.27813073112579,1.37197458474031,0.978128606561962,0.923997168180146
965,1.4708265459258,15,1.05889543352362,1.39514783702484,1.49999781879917,1.09681887587422,0.923997168180146
966,1.83532647094669,15,1.33288067675569,1.77918833776123,1.80302082370498,1.36006767037858,0.923997168180146
967,1.86780757378897,15,1.3611407993259,1.7909327712254,1.83228861588335,1.38286104160326,0.923997168180146
968,1.86135444557564,15,1.34635805495473,1.77358615691852,1.79618939896631,1.3639503879841,0.923997168180146
969,1.1069880504709,14,0.883489032782691,1.0014886703919,1.23211357910075,0.901882658973499,0.919629487718518
970,1.39785928687471,14,1.08097503960141,1.32544829291162,1.45531567847386,1.06275156978378,0.919629487718518
971,1.11796781807287,14,0.875005562633318,1.07546570166912,1.32212356175854,0.878322609690795,0.919629487718518
972,0.722880239959481,14,0.579077489785757,0.70060193847272,0.843942245217512,0.581099948819532,0.919629487718518
973,1.5774377820581,14,1.25688126423816,1.4942159996582,1.65922131882919,1.19241706363678,0.919629487718518
974,1.4927572318659,14,1.37660726440673,1.45144513537362,1.43587366953519,1.03198302339338,0.919629487718518
975,0.643833020009573,14,0.542268123370028,0.607198461402587,0.702576241807523,0.468406591777126,0.919629487718518
976,0.749513289119551,14,0.703455396046049,0.73672746721298,0.859867503447184,0.592110252861592,0.919629487718518
977,1.05490264905045,14,0.962432852604929,0.991320891376303,1.15501870423861,0.800210139039923,0.919629487718518
978,1.12182957962611,14,1.07397156550752,1.06664019724365,1.14530557421553,0.760836441776028,0.919629487718518
979,1.19211990036174,14,1.13255170841444,1.10442136747041,1.28333715079544,0.894824847890877,0.919629487718518
980,0.460681816092083,14,0.419588871547705,0.43319674237209,0.585323459798754,0.371391536432748,0.919629487718518
981,0.356659141887251,14,0.338792721025976,0.348837968669731,0.453959331553775,0.268977706463097,0.919629487718518
982,1.01080138151754,14,0.963540449931662,0.955488807885291,1.17327105543572,0.784882218577971,0.919629487718518
983,0.98437316319247,14,0.904929833809101,0.941282827503981,1.1108211703635,0.745869476680276,0.919629487718518
984,1.10092646836712,14,0.960250756593805,1.0260221634317,1.21760866965451,0.807266063583645,0.919629487718518
985,1.61209141484768,14,1.39956852860784,1.5274743968899,1.51037270122292,1.12031180486633,0.919629487718518
986,1.40820010779562,14,1.2517981874371,1.34702255643458,1.5412064057883,1.06353114254856,0.919629487718518
987,1.43644518565076,14,1.29709300838751,1.33749118902369,1.46179071510986,1.02768151877821,0.919629487718518
988,1.23407122386279,14,1.07348255706783,1.17805895886503,1.27209227325934,0.882114104816434,0.919629487718518
989,1.33990165798246,14,1.24406899181813,1.33279330735121,1.40056754831687,0.978452889691435,0.919629487718518
990,0.827690521454547,14,0.727994238383881,0.776533532119245,0.829380204603779,0.568283008973209,0.919629487718518
991,1.35588646297741,14,1.18519444265219,1.29548904983492,1.41512372401437,1.02122519620733,0.919629487718518
992,1.0961709636289,14,0.958041817289549,1.04364100468058,1.18860998674132,0.796911016026415,0.919629487718518
993,1.21314631423015,14,1.09405433033263,1.16711473739683,1.30406454248049,0.861417420026311,0.919629487718518
994,1.2380623830951,14,1.1453547191429,1.18131679909302,1.26026230142482,0.891824152759728,0.919629487718518
995,1.59172855956584,14,1.48872143499666,1.52269989529902,1.53329381058159,1.10262996209341,0.919629487718518
996,0.990649807258048,14,0.978948479175315,0.929721364019484,1.1141923536159,0.739440120150983,0.919629487718518
997,1.37218191842605,14,1.37732797055985,1.29163428701662,1.49877315723854,1.0301478395132,0.919629487718518
998,0.465486896560632,14,0.475280819806863,0.426949866669279,0.521360182650808,0.329248917308421,0.919629487718518
999,0.316598423233106,14,0.330553509937976,0.302538320162485,0.401450601086489,0.237198883705506,0.919629487718518
1000,0.989280869089393,13,1.04405000663413,0.941445760608775,0.974832667463031,0.6739673056062,0.914959266341763
1001,0.578247319443175,13,0.593963199405055,0.5420744797016,0.594420862362395,0.393071759778792,0.914959266341763
1002,0.824360200167266,13,0.919535290738233,0.797321118705391,0.902570525996184,0.58676349798277,0.914959266341763
1003,0.635958216278623,13,0.681551260331144,0.606497919041406,0.660558763279878,0.431543312375835,0.914959266341763
1004,0.943679935146313,13,1.01633055806291,0.907581608989516,0.976317038878196,0.656189167291735,0.914959266341763
1005,0.274097534907299,13,0.247272719594939,0.244343222129488,0.288017855669693,0.166803102777781,0.914959266341763
1006,1.10801935506677,13,1.17645555511401,1.07447165880301,1.06746521935832,0.728383679271729,0.914959266341763
1007,1.58123974518969,13,1.64177804867849,1.534416682324,1.50623497003604,1.04394360024841,0.914959266341763
1008,1.1290901314188,13,1.23959080320955,1.15851037385226,1.21868173451674,0.814444039365723,0.914959266341763
1009,1.26771208340815,13,1.383522986753,1.2781739649015,1.31592751372609,0.921069971980914,0.914959266341763
1010,1.22537860222845,13,1.19107763726145,1.17194497644852,1.13412503713271,0.793724421628,0.914959266341763
1011,1.12385120352182,13,1.09775283636155,1.07698243708395,1.09419902747998,0.768652698854574,0.914959266341763
1012,1.06853067672235,13,1.07210493701088,1.04904810725235,0.992435927562199,0.725996697503703,0.914959266341763
1013,0.983191606437979,13,0.956624482207877,0.923763929061729,0.93677539108299,0.647984877204341,0.914959266341763
1014,0.277886362757039,13,0.264072628696326,0.28054678559221,0.357523958680315,0.218359821114309,0.914959266341763
1015,0.748450082950562,13,0.757786676044126,0.765967677013566,0.838028220898376,0.557829154759795,0.914959266341763
1016,1.01457101393727,13,0.975197439377303,0.996695574791424,1.13171956823884,0.774548308453838,0.914959266341763
1017,0.896410485846502,13,0.839026207991247,0.880787489685106,0.945135436396607,0.646560964639911,0.914959266341763
1018,1.060914332957,13,0.97327920783687,1.05505955356258,1.10291428553694,0.753937143988334,0.914959266341763
1019,1.23136248800694,13,1.08869211089968,1.18695760511386,1.21702889182076,0.823765291818263,0.914959266341763
1020,1.54646291923156,14,1.42280059857859,1.5382360378216,1.53197613691976,1.06050181278964,0.918670368066454
1021,0.94971378483903,14,0.824926591670615,0.91415614294217,0.990474496009163,0.630815711240536,0.918670368066454
1022,1.08182228137452,14,0.94705946018616,1.13611016794786,1.12515667734669,0.687018860127846,0.918670368066454
1023,0.601774979082,14,0.540974805146672,0.609824598889077,0.683934862384385,0.449106014525323,0.918670368066454
1024,1.31449177709797,14,1.11034035290007,1.27562019282117,1.22440553330857,0.893043279311472,0.918670368066454
1025,1.35308990555511,14,1.14539005476782,1.33047422541651,1.28759267443264,0.897317135607529,0.918670368066454
1026,1.26683582926701,14,1.08898860973823,1.26746423559247,1.19501957791632,0.855104116391002,0.918670368066454
1027,1.46353906382802,14,1.22663988592739,1.46935808080409,1.46962844672808,0.999086069347543,0.918670368066454
1028,1.33796976786735,14,1.14015283113905,1.35608618531132,1.26348512930093,0.942002663757419,0.918670368066454
1029,1.46718835999656,13,1.28028054871033,1.4510564087014,1.4609445171648,1.16072730048846,0.912257368057248
1030,1.38952411379468,13,1.27467929848833,1.370089209488,1.29600160176442,0.952940611349347,0.912257368057248
1031,0.770311226559904,13,0.671128055503664,0.690093649388433,0.899609296532242,0.563233721216585,0.912257368057248
1032,1.18327660128036,13,1.16273239412246,1.06919486214987,1.25383155463563,0.844544375120863,0.912257368057248
1033,1.26422846241201,13,1.32368961449932,1.24498107981238,1.23994126353371,0.941043227086742,0.912257368057248
1034,1.02836261508468,14,1.13370483634541,1.03492323800451,1.01898233087052,0.694832774817713,0.920958834069426
1035,0.799804786369077,14,0.877297800906543,0.787345574312101,0.77064030048547,0.515091052633833,0.920958834069426
1036,0.59687620933002,14,0.672937489768357,0.554055321214886,0.618775856979221,0.413663266246895,0.920958834069426
1037,0.494290886610277,14,0.572128189889067,0.489998401374186,0.530475564410832,0.344092275609654,0.920958834069426
1038,0.410752248555475,14,0.497022499089225,0.392217312890597,0.42497457528391,0.28048163836733,0.920958834069426
1039,0.79644466854053,14,0.928427866204657,0.811261984536886,0.804257063917503,0.559673844594535,0.920958834069426
1040,0.793770413302295,14,0.992751819514448,0.786444597088731,0.901515929105365,0.595041044756973,0.920958834069426
1041,0.832624253311756,14,0.972839945583097,0.86521434346316,0.818094851452311,0.551782236172433,0.920958834069426
1042,0.822838326494023,14,0.980015749651031,0.826331456626235,0.825381897049391,0.558197383109983,0.920958834069426
1043,0.822865362905304,14,0.954909339931879,0.826355971143584,0.768466859487263,0.539090864747613,0.920958834069426
1044,0.537311572385827,14,0.610545785218826,0.535906611400252,0.541966028926355,0.37657954661716,0.920958834069426
1045,0.699138436330668,14,0.821907148667356,0.723627654927009,0.709535383575961,0.49113721062049,0.920958834069426
1046,0.889369342824095,14,1.0022702271141,0.915707141022736,0.889614902199463,0.659531519267875,0.920958834069426
1047,1.19638578451995,14,1.30566272617665,1.15162309128292,1.08688185239458,0.841282437453575,0.920958834069426
1048,1.26389660650157,14,1.28652611718519,1.25926722313128,1.10057528206957,0.847012086738911,0.920958834069426
1049,0.91958588588108,14,0.879860211810817,0.921520398146132,0.784490772060373,0.580852990627119,0.920958834069426
1050,0.877192937502309,14,0.830218937567903,0.859540251093691,0.858691178835156,0.603904918803289,0.920958834069426
1051,1.07851785905239,14,1.0224924362478,1.07894768212176,1.05103227796238,0.767819725660513,0.920958834069426
1052,1.42060030326078,14,1.29008041105563,1.41026018494879,1.39123282349095,0.990672294278533,0.920958834069426
1053,1.2382921788161,14,1.13887705192192,1.26204886453819,1.22762774040811,0.830069057451152,0.920958834069426
1054,1.11662050498054,14,0.946246440734376,1.1321929810102,1.09002718281229,0.753722071296216,0.920958834069426
1055,1.31287634100647,14,1.10957853546012,1.24288099759519,1.26143652041048,0.886908387017876,0.920958834069426
1056,1.29997243576972,14,1.08632423641887,1.31561110921887,1.18715713502083,0.870732079775063,0.920958834069426
1057,0.84587135433032,14,0.668007390844359,0.834607464635041,0.739467898522087,0.49147686724764,0.920958834069426
1058,0.924518210016675,14,0.768114257237653,0.921410539332704,0.883968424932592,0.620184637278502,0.920958834069426
1059,1.10530064247393,14,0.895085892225624,1.13226290339873,1.05513369807377,0.771150502572874,0.920958834069426
1060,1.40177986854444,14,1.1888745793136,1.42527544041615,1.23612553314887,0.99001168053408,0.920958834069426
1061,1.83835132120384,14,1.56185088742025,1.83723892252534,1.60789285614562,1.25065898384593,0.920958834069426
1062,1.24488652565796,14,0.974821436732187,1.08065139933217,1.15446595817309,0.859532923507852,0.920958834069426
1063,0.972916497475622,14,0.839497988031386,0.993556828354507,0.966324815511161,0.666464083757502,0.920958834069426
1064,1.04007358414351,13,0.890345910500472,0.994751044895533,0.932630590745627,0.711211602883308,0.918532279365727
1065,1.36197961296724,13,1.17496277995859,1.29499026489754,1.17585257558079,0.894116025531293,0.918532279365727
1066,1.24171586331336,13,1.20266574628381,1.19994188645343,1.16595556627459,0.916744661642553,0.918532279365727
1067,0.682034272227183,13,0.667113040513133,0.693525135871873,0.675845802153649,0.501383793709225,0.918532279365727
1068,0.947928384077613,13,0.88838632663626,0.910990106194926,0.922011425134494,0.687093442670236,0.918532279365727
1069,0.863494778786736,13,0.818832096896112,0.848654225489484,0.797660895340502,0.603738187189311,0.918532279365727
1070,1.15611566162414,13,1.1549392764554,1.11852091822373,1.06577671756934,0.826438196678488,0.918532279365727
1071,0.832488366228639,13,0.826992695767091,0.775919869034167,0.853071834574931,0.60687646249982,0.918532279365727
1072,0.99071559485025,13,1.01311897502377,0.953297857413047,1.04386611351177,0.736785412857187,0.918532279365727
1073,0.93315031477742,13,0.961451289491383,0.898618952636859,0.86625685496618,0.652931788789751,0.918532279365727
1074,0.848866766660754,13,0.941728656957605,0.843201063948178,0.929546518604529,0.666466860915863,0.918532279365727
1075,0.651541558890057,13,0.681816757724497,0.628441604529423,0.687081714512951,0.491182946508207,0.918532279365727
1076,1.00552101702079,13,1.07167740375595,0.951857127178288,1.08463082607814,0.742346329564445,0.918532279365727
1077,0.923106693641665,13,1.02106795243727,0.915997951561366,0.975112569170484,0.676724626438641,0.918532279365727
1078,0.569050686909232,13,0.684149083558558,0.563967464671567,0.578567135689233,0.402234123588868,0.918532279365727
1079,1.10665974047348,13,1.31731475167525,1.03199284551079,1.1216929427407,0.886894046441254,0.918532279365727
1080,0.911287029165985,13,1.08985721895743,0.908644563095234,0.917164306423052,0.616495302148103,0.918532279365727
1081,1.15459147924695,13,1.26161293693985,1.11239150267877,1.17561191330886,0.827358811357268,0.918532279365727
1082,1.02528349379817,13,1.18839666768421,0.98995669792228,1.07624823248216,0.73529427415862,0.918532279365727
1083,0.75600545590558,13,0.846847914518656,0.737800683092908,0.849316851082885,0.550618702809748,0.918532279365727
1084,0.732772041724887,13,0.839545461124109,0.713833400047229,0.781202783924294,0.509099322597951,0.918532279365727
1085,0.821566771867002,13,0.961790792874767,0.795675451975438,0.884828353882114,0.580949689469997,0.918532279365727
1086,0.900969767797781,13,1.06750760876036,0.878808075375429,0.88743331197044,0.630419311813367,0.918532279365727
1087,0.882237156868655,13,1.05897426960736,0.862689816536127,0.891857403529456,0.587942217948276,0.918532279365727
1088,1.3108253288038,13,1.63833168895302,1.28072418965179,1.27400849913445,0.924942924957068,0.918532279365727
1089,0.987696709951547,13,1.25684204236292,0.966307310799768,1.02402232416439,0.760198978644764,0.918532279365727
1090,0.188320155376341,13,0.254339177059539,0.184746060043375,0.212206270668142,0.131264800794487,0.918532279365727
1091,0.319759651476447,13,0.389755607908247,0.311668530677458,0.401729179542724,0.202247993276039,0.918532279365727
1092,0.834803702114379,13,1.14752260559807,0.802564806959919,0.905521429944505,0.583572360274694,0.918532279365727
1093,0.802799568831796,12,1.07016881314049,0.78841846067807,0.857243968132805,0.550123835000865,0.909243694272392
1094,0.869625525950153,12,1.1638976165555,0.839503785951744,0.896926389648026,0.620862797899786,0.909243694272392
1095,0.894253666070896,12,1.26619028792835,0.858995480051291,0.886559590485539,0.604390279398351,0.909243694272392
1096,0.939566611186262,12,1.37094601216002,0.917023587563943,0.906080652623028,0.638196966263122,0.909243694272392
1097,0.310178738902748,12,0.402472244174069,0.306432486042871,0.370585017988568,0.205559169766569,0.909243694272392
1098,0.570643800871512,12,0.721393202138338,0.568220474545828,0.595434944102117,0.371400804271023,0.909243694272392
1099,0.52744701748959,12,0.722860621867651,0.534933060221613,0.568499704334807,0.339138270109552,0.909243694272392
1100,0.669111561054358,12,0.893878983526511,0.677266778806628,0.7676200167578,0.457573360016094,0.909243694272392
1101,1.13179094085117,12,1.48090095681968,1.09381607039695,1.10117367062217,0.776786534866467,0.909243694272392
1102,0.936678496250724,12,1.18939874458866,0.920756150832028,0.924569047132508,0.63362024624028,0.909243694272392
1103,0.899310453045727,12,1.15716091808355,0.88740105330368,0.911134576788391,0.612090765690613,0.909243694272392
1104,0.787756933531553,12,1.00212705260629,0.76103003841072,0.87533836216994,0.569227480251645,0.909243694272392
1105,0.648067813055559,12,0.941694387297507,0.629835786431463,0.736672122866069,0.477691270611967,0.909243694272392
1106,0.81150724014116,12,1.06645476816525,0.81443493256126,0.86678695209983,0.588730824892511,0.909243694272392
1107,0.537619303623101,12,0.635451362586343,0.535430255084909,0.616565012498783,0.372897759481059,0.909243694272392
1108,0.672400370170294,12,0.832328071568387,0.680813227256771,0.677838734560415,0.41913640372154,0.909243694272392
1109,0.35938928798161,12,0.452103356359667,0.364041884718724,0.410560150294287,0.236399918132986,0.909243694272392
1110,0.924539000190909,12,1.13199705381406,0.944232304096747,0.913079378451142,0.631874303583508,0.909243694272392
1111,0.845700435127579,13,0.907375574452704,0.874472459328071,0.849704456169741,0.556700105463245,0.914594347724126
1112,1.26137637547009,13,1.38167687969381,1.24191698130666,1.16645830922422,0.799496981594853,0.914594347724126
1113,0.9475884200162,13,0.955453309679397,0.917946696659167,0.882534073411546,0.592338396752174,0.914594347724126
1114,0.993780653504082,13,0.974896346752858,0.963064114455147,0.927307811455113,0.609283487827516,0.914594347724126
1115,1.06382183156224,13,1.09673610748101,1.03552341561446,0.904086067151978,0.65690532761217,0.914594347724126
1116,1.17426444858251,13,1.18612553347058,1.15059124255346,1.05133412020581,0.804068821087423,0.914594347724126
1117,1.38219625177141,13,1.36272462863397,1.3815964432933,1.16538176941555,0.886444335436293,0.914594347724126
1118,1.16409287739847,13,1.16168922091869,1.13653477977739,0.975206410045245,0.752994662284261,0.914594347724126
1119,0.79063888855751,13,0.741970471227704,0.747197377489859,0.768702085620803,0.495319843871053,0.914594347724126
1120,0.963464695954582,13,0.970554812507169,0.927748839747636,0.949989719646892,0.654221583919933,0.914594347724126
1121,0.596900889810883,13,0.586222731649172,0.580437432860109,0.604461760830509,0.363333968372775,0.914594347724126
1122,1.17035556636436,13,1.19421769662513,1.14307880143258,1.1318393733038,0.803961230096598,0.914594347724126
1123,0.843019064042549,13,0.853143770529661,0.826961911084338,0.874711615788684,0.554167905952081,0.914594347724126
1124,0.915541394763921,13,0.929704770835706,0.886700983723053,0.843289857887114,0.553707644481872,0.914594347724126
1125,1.40994998831697,14,1.42770186979585,1.39204699492499,1.28363855964531,0.907887166801226,0.916389840714921
1126,1.03634632949067,14,1.02380360208352,1.02419442816774,1.03431365784392,0.705000169148299,0.916389840714921
1127,0.774416270683428,14,0.792396667102358,0.772228580259562,0.735208040736999,0.460212213138837,0.916389840714921
1128,0.956383431290788,14,1.00575358117445,0.964013208378606,0.88490695804674,0.590281018490496,0.916389840714921
1129,1.22515080827463,14,1.2930351600515,1.21835601061817,1.17153681922666,0.816928128446767,0.916389840714921
1130,0.777800143475212,14,0.869624667518541,0.751355961796687,0.775500917001485,0.52329774437181,0.916389840714921
1131,0.41661179715707,14,0.533108729125891,0.454218460703195,0.384106882789506,0.222611588614503,0.916389840714921
1132,0.432655747652802,14,0.508825386808657,0.452273003486735,0.402967896345143,0.242010431898831,0.916389840714921
1133,0.752182394065556,14,0.87214593822676,0.756855521553244,0.735491449812649,0.462096586623545,0.916389840714921
1134,0.877546286840075,14,1.04569328251232,0.886554146652778,0.833514827679101,0.509384630192169,0.916389840714921
1135,1.00715555632681,14,1.20295966340238,1.0153527286997,0.977976753724704,0.632170129213325,0.916389840714921
1136,1.02790092900723,14,1.12875548034361,1.00373185863656,0.983783028839642,0.669695895430153,0.916389840714921
1137,1.26841039322362,14,1.41162623300758,1.26170874346479,1.13560482342913,0.757869797354642,0.916389840714921
1138,1.17279614093683,14,1.2838651654694,1.16073452730665,1.1069298331849,0.739872146007375,0.916389840714921
1139,0.948527295752115,14,1.04971749596432,0.946525144163748,0.876879777386451,0.601673464579063,0.916389840714921
1140,0.224400958001346,14,0.273063858263275,0.237939593547348,0.279225367281281,0.159724280179421,0.916389840714921
1141,1.00990416899981,14,1.19535835844493,1.00863341084559,1.02031779564118,0.711543922375031,0.916389840714921
1142,1.18355698938569,14,1.46353731966874,1.21452775649704,1.07775997824417,0.757608770155949,0.916389840714921
1143,0.577155524008116,14,0.67932114440789,0.592588610108556,0.583069591856636,0.360407037895964,0.916389840714921
1144,0.588726581368333,14,0.746504761459898,0.617946886350622,0.593191370321722,0.369147730453978,0.916389840714921
1145,0.98049685790844,14,1.15432020238508,1.00665242949884,0.888347034135832,0.607959106192582,0.916389840714921
1146,0.732212511244764,14,0.848627809454355,0.742830203424444,0.69653784177277,0.437717549790738,0.916389840714921
1147,1.13264004439396,13,1.25662206866206,1.15282468113651,1.07549109842973,0.727538128205619,0.911648236701069
1148,0.60190823508589,13,0.663731248198461,0.614699465260379,0.535977434106637,0.353677588122844,0.911648236701069
1149,0.741013234003269,13,0.786147924670094,0.746945665539033,0.703828192368045,0.462248630368348,0.911648236701069
1150,0.20083891844723,13,0.233902151620021,0.213361621545735,0.201883161690116,0.125689205569981,0.911648236701069
1151,0.998457972730717,13,1.06710839048741,1.00428149297479,0.904955682545759,0.638964995025988,0.911648236701069
1152,1.58267642056305,13,1.73588786892053,1.60844364701611,1.38933987624842,1.01948967961865,0.911648236701069
1153,1.49074161012035,13,1.5938679038087,1.55045737099393,1.40702305189169,0.965336410425745,0.911648236701069
1154,0.700179695231038,13,0.716909829834864,0.705284301934411,0.684289944551579,0.47205346580945,0.911648236701069
1155,0.995020139765783,13,1.00513703557461,1.04272220051256,0.90550387903041,0.593612981445781,0.911648236701069
1156,0.924558399732475,13,0.862157071719492,0.922107274150322,0.869701901133854,0.609297314328175,0.911648236701069
1157,1.17902733851936,13,1.17289322754213,1.23199409761437,1.00637189650055,0.727336070021098,0.911648236701069
1158,0.952014974131613,13,0.949691236457783,0.984269861898269,0.846341716108687,0.564946706030731,0.911648236701069
1159,1.00433447981357,13,0.979130134559526,1.02105549762012,0.968858525153696,0.57149121735083,0.911648236701069
1160,0.956055453229268,13,0.931416455248361,0.955759621681547,0.896319726233936,0.61966425663714,0.911648236701069
1161,0.809505821546839,12,0.786248658753923,0.850147339436151,0.716309819963893,0.500760849763736,0.899206638098785
1162,1.47339879481278,12,1.48151091475616,1.54002306132448,1.2812844203203,0.930727549044109,0.899206638098785
1163,1.30397253178112,12,1.37116166522298,1.34266746345273,1.10591153058901,0.819555096293756,0.899206638098785
1164,0.66850984148006,12,0.638416458818387,0.704274683325872,0.671849422565538,0.417007572075135,0.899206638098785
1165,0.836718266579755,12,0.807730659324058,0.894952424096528,0.687260802088327,0.478530300164949,0.899206638098785
1166,0.814141736892776,12,0.879369531678473,0.884428868510066,0.749890656730808,0.54458771637641,0.899206638098785
1167,0.818276101997867,12,0.816579337860236,0.836686063051174,0.715084392579356,0.494207855645139,0.899206638098785
1168,0.801160480051348,12,0.80957791652078,0.850234193657075,0.766072696727861,0.498841371711178,0.899206638098785
1169,0.811489534658517,12,0.748881459838548,0.846577793711388,0.739377210679794,0.504520104374685,0.899206638098785
1170,1.07076615700251,12,1.01365698499472,1.12768173929249,0.968914399486524,0.69348626842169,0.899206638098785
1171,1.56038769374573,12,1.48632831740871,1.61417525332131,1.25117880000965,0.957740733416095,0.899206638098785
1172,1.43074237748326,12,1.38612666563496,1.47908055557789,1.14910563410039,0.883206497562709,0.899206638098785
1173,1.56931654724,12,1.37956848686629,1.55446001444197,1.15001270240147,0.874363381270041,0.899206638098785
1174,0.678745435026935,12,0.642401479431721,0.668139126979747,0.644073522353692,0.426020113707927,0.899206638098785
1175,0.681060787303489,12,0.665066897075595,0.738939782237084,0.593128629284449,0.41695785466231,0.899206638098785
1176,0.961519272808185,12,0.884327587899697,0.999606761476144,0.880727045937031,0.598496696686337,0.899206638098785
1177,0.294874952714671,12,0.262963307562565,0.314183126201769,0.26733963735611,0.169241743553932,0.899206638098785
1178,1.20020154664746,12,1.05021987680329,1.24661384827147,0.999885211607238,0.750672819621367,0.899206638098785
1179,1.12634986353046,12,0.967689250818531,1.16878498970544,0.891095112200305,0.638507795094684,0.899206638098785
1180,1.14154275622184,12,1.05893475630704,1.23450922583142,0.953574299669241,0.691631735459473,0.899206638098785
1181,1.03164709985489,12,0.885433481014919,1.08958073321557,0.933056743516551,0.61773456894353,0.899206638098785
1182,1.0093951611043,12,0.880722744429282,1.0325344032683,0.905562993495565,0.640881670893666,0.899206638098785
1183,1.77667591906975,12,1.57689194450044,1.9231266800912,1.42716486860848,1.10066806239744,0.899206638098785
1184,1.75627718089856,12,1.61604351788218,1.95450643543382,1.44797420194477,1.15849084498194,0.899206638098785
1185,1.29291481817423,12,1.15865557112352,1.41638940517439,1.0366192451239,0.827439455760442,0.899206638098785
1186,0.584367641687804,12,0.503629602976574,0.610574533235196,0.526837228000767,0.372191007956145,0.899206638098785
1187,1.07007646167709,12,0.926694477690626,1.09865498922249,0.923320591182385,0.656233257503352,0.899206638098785
1188,0.779886526479596,12,0.69703015065648,0.81159192847565,0.703722372849261,0.489512867917471,0.899206638098785
1189,0.966037263414273,12,0.91893399606298,1.04355981228733,0.889544046765559,0.658104884777931,0.899206638098785
1190,1.00932601638746,12,0.958721926724105,1.08984420895032,0.928588988287619,0.642542187337533,0.899206638098785
1191,1.55544898791518,12,1.49252608283099,1.65778918306316,1.30151154432701,0.934784157631916,0.899206638098785
1192,1.17091020765995,12,1.1363844862642,1.25799925308449,0.986320341887601,0.723526338267246,0.899206638098785
1193,1.02748479575711,12,1.02507056492032,1.10220837673488,0.847672921081646,0.605872340879228,0.899206638098785
1194,1.03370897430822,11,1.04544363505841,1.10428183932457,0.84755567365518,0.581932754967625,0.89233063081749
1195,0.953071720302453,11,1.03899601896393,1.02439379067695,0.860272444775808,0.577019781508637,0.89233063081749
1196,0.693798487250139,11,0.738052179764201,0.745385914881953,0.694294585726187,0.446875030659615,0.89233063081749
1197,0.854396194780909,11,0.932272214803777,0.891861648083513,0.848669601703291,0.560309660239719,0.89233063081749
1198,0.800822960889217,11,0.915878206565107,0.842065215961571,0.773012346237288,0.494252601284044,0.89233063081749
1199,0.58063255373632,11,0.691106875907589,0.600258627091508,0.582801721536861,0.377719895159435,0.89233063081749
1200,0.651659473230661,11,0.781085442825415,0.679547259613142,0.613738653628603,0.397298000300061,0.89233063081749
1201,0.90451329205459,11,1.25757619992605,0.954350335347928,0.836669708122163,0.57696102294493,0.89233063081749
1202,0.807132823500249,11,1.08634954780303,0.879665490684459,0.792094487088621,0.496792518331316,0.89233063081749
1203,0.917562545487925,10,1.31649038674629,0.972532846064572,0.831924673758118,0.549177918814749,0.884661730991192
1204,0.631083684501291,10,0.838451238236944,0.65994527952639,0.627271115745611,0.374114864841489,0.884661730991192
1205,0.592583759294615,10,0.795552916478865,0.623846480736519,0.594420119501729,0.37465243565795,0.884661730991192
1206,0.458774825162036,10,0.630669452434619,0.438589835633712,0.455048818211774,0.272240359371325,0.884661730991192
1207,0.614140768233272,10,0.836325271957395,0.59621150448439,0.623172160101754,0.384491370348581,0.884661730991192
1208,0.829675609641853,10,1.14492336572164,0.892933146129046,0.785338273022336,0.495805686975834,0.884661730991192
1209,0.569559608202699,10,0.799904693756965,0.61140354097009,0.559730167176802,0.349747455948099,0.884661730991192
1210,0.701706939699665,10,0.964715760589935,0.7437844118317,0.659593824668904,0.434620174994197,0.884661730991192
1211,1.2874035800013,10,1.79361826046219,1.4238799748115,1.1804926126469,0.79827729950731,0.884661730991192
1212,0.730633104115465,9,0.93622172042501,0.78769759497583,0.636693081631717,0.424678155774242,0.862732134648158
1213,0.570442231594826,9,0.729716603476861,0.617258007116966,0.49007849799732,0.332408854981285,0.862732134648158
1214,0.603599421030396,9,0.81678884985867,0.699955054364774,0.534120766204942,0.360940389473198,0.862732134648158
1215,0.939365594090093,9,1.21540581952167,0.941706764152676,0.800521713156001,0.562208519617792,0.862732134648158
1216,0.766744394728453,9,0.980698875299338,0.856417800169735,0.641764322410874,0.458743634341286,0.862732134648158
1217,0.422441521299351,9,0.583152089855158,0.525303076653885,0.446201125711448,0.298353130853814,0.862732134648158
1218,0.753260872823685,9,0.898559451217623,0.85010509359045,0.708985264749701,0.480399991202276,0.862732134648158
1219,0.539785507540216,9,0.627180114857425,0.586270540168694,0.463040528251206,0.31525233601378,0.862732134648158
1220,1.15391353612287,9,1.40599715932215,1.35724427106818,1.0586374525812,0.719184385847133,0.862732134648158
1221,0.751807795511686,9,0.818692440348026,0.812359796309518,0.683744456274671,0.453349914895484,0.862732134648158
1222,1.07230399955913,9,1.28440691383926,1.1968330149747,0.948943709045082,0.622041860067892,0.862732134648158
1223,0.975689568763519,9,1.05541617941701,1.09254653149322,0.818298707872054,0.485911444015099,0.862732134648158
1224,0.944854353818437,9,1.05005860848547,1.07749786176987,0.761502735555476,0.420576941591322,0.862732134648158
1225,1.23958043512973,9,1.3443834666151,1.35066200761387,0.95454854528846,0.64784821024966,0.862732134648158
1226,0.895134091472284,9,0.982286752290051,0.931909047170188,0.7504129965564,0.479327817330008,0.862732134648158
1227,0.952346779061958,9,1.07781557358621,1.08017263292878,0.830800707048952,0.507634968371679,0.862732134648158
1228,1.04888506537469,9,1.1206448932502,1.12142140361132,0.928281661155759,0.577578128135126,0.862732134648158
1229,0.799162345416048,9,0.864625418223881,0.875007093880142,0.595070277446038,0.366479718301433,0.862732134648158
1230,0.888254508771087,9,0.987157360715004,0.919129608244024,0.669765124018164,0.46396439729889,0.862732134648158
1231,1.0781511835208,9,1.32718879287187,1.27595683899429,0.697413714651615,0.630503572192349,0.862732134648158
1232,0.720024887680924,9,0.799311538079924,0.778316279435229,0.632905497782192,0.412351895184252,0.862732134648158
1233,0.611614167648402,9,0.688839840649804,0.687042250279732,0.545240371075256,0.347454926885382,0.862732134648158
1234,0.405115500328998,9,0.490265899236634,0.451160950300955,0.367731830438058,0.24673817089886,0.862732134648158
1235,0.911664872396137,9,1.09505217937115,1.00798021077145,0.745317040618035,0.493192552098853,0.862732134648158
1236,0.816064584182021,9,0.94903517829764,0.852371171514281,0.661538917368107,0.377755107341045,0.862732134648158
1237,0.823705028684794,9,0.992493434523803,0.884502838899524,0.729163363642749,0.462887736702291,0.862732134648158
1238,1.07957343488938,9,1.33376888199791,1.15771539739579,0.881916807017927,0.586102383435165,0.862732134648158
1239,0.77233036250556,9,1.04001145843801,0.814160045912803,0.671470121349221,0.45627214648998,0.862732134648158
1240,0.546481764519788,9,0.673642599683109,0.561661066866054,0.440728207540562,0.294577681814568,0.862732134648158
1241,1.04795722474765,9,1.34815035272487,1.16720096733854,0.857835567958264,0.561137109525332,0.862732134648158
1242,1.05323608921573,9,1.37915833453695,1.10474111789622,0.857181966356075,0.555207732178955,0.862732134648158
1243,0.832614435265367,9,1.07205344411414,0.8603863563652,0.648769303438053,0.445867480498825,0.862732134648158
1244,0.792387645902813,10,1.05795361782144,0.826474776878809,0.584148146214177,0.401585929464588,0.868877494785614
1245,0.699454343459613,10,0.94768850132774,0.74724019546218,0.53995543919648,0.347909122138368,0.868877494785614
1246,0.392404626252367,10,0.47541695503775,0.421638055709477,0.330308033835369,0.205556099543964,0.868877494785614
1247,0.73488391305916,10,0.951293278125038,0.794735241740722,0.551887447760768,0.368929447931036,0.868877494785614
1248,0.555359759412987,10,0.741018067230179,0.632590611719721,0.416573512307811,0.297546239398976,0.868877494785614
1249,0.980781727897436,10,1.32964281097838,1.07412757220593,0.729141638646069,0.500589079317962,0.868877494785614
1250,0.586230906900475,10,0.799807018686559,0.653010977569625,0.38517328406593,0.253273547378085,0.868877494785614
1251,0.286301022519922,10,0.370200986575424,0.315899311538094,0.199346036533692,0.126132526735736,0.868877494785614
1252,0.570715713046744,10,0.75376964838287,0.684727116727675,0.436920466554946,0.30244469888509,0.868877494785614
1253,1.23770968894192,10,1.68263659423849,1.37623030857754,1.01386009191934,0.712775664798369,0.868877494785614
1254,0.561844137561475,10,0.870045375882084,0.610646595915709,0.490509730156574,0.328635887937361,0.868877494785614
1255,1.03414867147391,10,1.29683141497342,1.12164494490001,0.813540163970521,0.564633530834537,0.868877494785614
1256,0.852873857449281,10,1.06173532005253,0.93268471252017,0.683884194264392,0.445585264105556,0.868877494785614
1257,1.09615095330272,10,1.34406817775516,1.19182884676856,0.816604124388598,0.567695793866582,0.868877494785614
1258,0.00405972781854707,10,0.00562136806991444,0.00463602261141441,0,0,0.868877494785614
1259,0.881498992515943,10,0.950437020916608,0.964995877271957,0.701471673783511,0.44118243752027,0.868877494785614
1260,1.2825308903518,11,1.49307411309301,1.39815666439638,1.06535071836082,0.709087320645878,0.880806377508635
1261,0.99858407309541,11,1.12338070416838,1.08357234422741,0.844182787079631,0.550448379782567,0.880806377508635
1262,0.659680938660351,11,0.758210823697663,0.721930356916203,0.54993430960653,0.360122487762672,0.880806377508635
1263,0.941526457103242,11,1.07119187416333,0.984830693520179,0.737428639748972,0.558366988545534,0.880806377508635
1264,0.929906163993353,11,1.09010444899638,1.01285012268073,0.857501174218685,0.538207408617795,0.880806377508635
1265,0.632500934578976,11,0.631573519375691,0.59363837370148,0.532628193855089,0.358287792262427,0.880806377508635
1266,0.653394755677765,11,0.651291423265137,0.686677823316187,0.565837087724261,0.37907767637277,0.880806377508635
1267,1.26269480988918,11,1.32584494405975,1.35296062200269,1.10878589557113,0.767592665213847,0.880806377508635
1268,1.0293068937672,11,1.01966439380927,1.11069454246583,0.931228471001436,0.645084067735167,0.880806377508635
1269,1.088620726263,11,1.0743439687696,1.12763823794602,0.959801138760296,0.696275068685458,0.880806377508635
1270,0.979243248866742,11,0.914606621278089,1.08027356916317,0.890156797185339,0.611985195995675,0.880806377508635
1271,1.1612787259745,11,1.14159832455841,1.16509391095721,1.02471400458422,0.719368484364177,0.880806377508635
1272,1.17778125200368,11,1.16453199059172,1.24251985761335,1.02324045082167,0.746059487935678,0.880806377508635
1273,0.780499621376761,11,0.720831005084057,0.811546169642483,0.691226620343955,0.483316898476812,0.880806377508635
1274,0.731086335883609,11,0.662710776399359,0.764310453258094,0.629899820721965,0.439905871140244,0.880806377508635
1275,1.48579877980514,11,1.31937880230864,1.57614376403522,1.18958785462312,0.846025383028331,0.880806377508635
1276,1.05615993573645,11,0.993653967241941,1.12451022231528,0.898810530561507,0.654862546652566,0.880806377508635
1277,1.42046333869244,11,1.24543700508934,1.48933410554857,1.17766771682942,0.894790053795002,0.880806377508635
1278,1.13598944676309,11,1.02867960532571,1.14674941892622,0.989160810118139,0.699288010577104,0.880806377508635
1279,1.01215073515976,10,0.96446126318143,1.05861546593621,0.973422878952332,0.680791863522288,0.872486371711457
1280,0.597197733390219,10,0.622869710164713,0.636512088171636,0.527450008811535,0.368968757345326,0.872486371711457
1281,0.737868105386242,10,0.769408548586993,0.773583488463546,0.660147891125645,0.474862600373349,0.872486371711457
1282,1.0650970570996,10,1.13683347806407,1.12516831996836,0.963504099534585,0.69978920740557,0.872486371711457
1283,1.00875262852909,10,1.06052371266632,1.06262504865598,0.942845088055928,0.641060419539535,0.872486371711457
1284,1.13917125841233,10,1.26150731434005,1.18158238748052,1.06870852058262,0.734435670263613,0.872486371711457
1285,0.825335275626431,10,0.907965611155976,0.870301531583676,0.824786667433778,0.530778027796799,0.872486371711457
1286,1.12109803292318,10,1.32156378214262,1.17638400774026,1.04643409984855,0.703724460701952,0.872486371711457
1287,1.03750802222854,10,1.20501468924634,1.13395439879167,0.971321847991627,0.683953067410098,0.872486371711457
1288,0.510115087983437,10,0.639190381930965,0.566260761273907,0.549665842330108,0.354639040505226,0.872486371711457
1289,0.496741225668533,10,0.589057132221233,0.523201673408452,0.43531298129752,0.323061170754575,0.872486371711457
1290,0.862493318782912,10,1.04318211482531,0.904205450368054,0.817041610130602,0.558065453179911,0.872486371711457
1291,0.602433657117959,10,0.755695148391683,0.629923904291233,0.553413252545895,0.331847982926478,0.872486371711457
1292,0.868720973398771,10,1.07118151770164,0.906550030404369,0.771109100872615,0.521443308341281,0.872486371711457
1293,0.739356320567226,10,0.949639052171217,0.764517211747459,0.739484097111287,0.484938111137881,0.872486371711457
1294,0.545960514973258,10,0.681867661746834,0.572263967931445,0.506753543869874,0.334252928745536,0.872486371711457
1295,0.81327583232071,10,1.01308111941718,0.848295250513461,0.704958729583995,0.483060608942235,0.872486371711457
1296,0.769944147574261,10,1.06595828000314,0.80257760473305,0.725456595786801,0.510063095997601,0.872486371711457
1297,0.39050145758469,10,0.494124121813806,0.41223297509902,0.37840716855845,0.258512329078955,0.872486371711457
1298,0.909285833213022,10,1.15827288775621,0.942527221336235,0.894469203914747,0.608353804607448,0.872486371711457
1299,1.06830490700008,10,1.29608156415103,1.12706993838308,0.962827827250382,0.673946770868277,0.872486371711457
1300,0.717645821173673,10,0.833710531755443,0.749805101055152,0.670433073623864,0.45438026415284,0.872486371711457
1301,1.20316018451847,10,1.42719550699986,1.26888553939089,1.11930931379411,0.786840830519145,0.872486371711457
1302,1.18270545382423,10,1.33827558460336,1.238438956611,1.07471394964713,0.715917989566391,0.872486371711457
1303,0.772195149720671,10,0.8650987447726,0.783316496869005,0.75261241230701,0.505945283193263,0.872486371711457
1304,0.414549006022554,10,0.461309100122565,0.426249646408076,0.394069454506636,0.264990799592233,0.872486371711457
1305,0.792241489208478,10,0.846647244174385,0.806939770339456,0.710972826233621,0.481182184474173,0.872486371711457
1306,0.889023180403361,10,0.873934310888492,0.893294508420145,0.730855102433999,0.512398453701878,0.872486371711457
1307,0.882700257169906,10,0.902981878147208,0.913618622680399,0.673318510855277,0.475531011969635,0.872486371711457
1308,1.28166850727381,10,1.26865237181517,1.31913224169073,1.1185037670184,0.647644683129131,0.872486371711457
1309,1.08952823557275,10,1.05786906973131,1.10862113210221,0.959014393473881,0.666781334178884,0.872486371711457
1310,1.27111990026563,10,1.24150935166983,1.30962051243074,1.06360113234399,0.735492274289735,0.872486371711457
1311,1.29762244219485,10,1.23749440510636,1.32527755322707,1.06042775014069,0.777623230063762,0.872486371711457
1312,0.73854023398555,10,0.712384964913857,0.758754791612785,0.618654881902111,0.454894920713803,0.872486371711457
1313,1.12305184610639,10,1.07981726788245,1.1446637380203,0.930931300332499,0.692854094905124,0.872486371711457
1314,1.5058670311191,10,1.43859698976049,1.53212894767082,1.21616398725124,0.876800382110037,0.872486371711457
1315,1.21101144606776,10,1.16053127943892,1.23391195863008,1.08676934652162,0.737350405838059,0.872486371711457
1316,0.531217715160794,10,0.515955252248716,0.532316344708687,0.509321826778711,0.34838141135024,0.872486371711457
1317,0.837666001579916,10,0.83131983511901,0.862281454632212,0.714920065673886,0.528135696467968,0.872486371711457
1318,0.688408143534245,10,0.712599980187034,0.670766842784022,0.678063769214915,0.449550369794237,0.872486371711457
1319,0.967384412505573,10,0.962067590370823,0.993941048854956,0.979382345151158,0.6511929420716,0.872486371711457
1320,1.13211831740941,11,1.04379362450227,1.16228629313369,1.08856216552342,0.722058594247599,0.882472995723968
1321,1.02841584090685,11,0.965930169008286,1.0540463403456,1.00196031448573,0.660715662818792,0.882472995723968
1322,1.09330135651766,11,1.06741488296137,1.04488723790318,1.12334151732989,0.745722530925672,0.882472995723968
1323,0.573069420229568,11,0.655446151452241,0.627995242988476,0.634026410942125,0.433055096043883,0.882472995723968
1324,0.854641422336338,11,0.896024451966509,0.871435831907592,0.918595164826683,0.627851793833702,0.882472995723968
1325,1.32259234828141,11,1.28799232143792,1.39384363943112,1.22197113307196,0.840552757562978,0.882472995723968
1326,1.06478780041859,11,1.04468760002756,1.09952025736311,1.10628198970965,0.743095814908577,0.882472995723968
1327,1.06982414249111,11,1.03409311160488,1.10207224991976,1.07234421621099,0.71963641520575,0.882472995723968
1328,1.06875956526023,11,1.03603356844775,1.09846715269429,0.908987978871649,0.690023422275094,0.882472995723968
1329,1.44248374132253,11,1.3908655606757,1.51193805628102,1.33411891441124,0.932850954862768,0.882472995723968
1330,0.842844445162756,11,0.947148447079361,0.948818955909752,0.9374803191339,0.638588375847997,0.882472995723968
1331,1.14249680208792,11,1.23315465094284,1.19348858448184,1.0583460897126,0.72733168778907,0.882472995723968
1332,0.940257379705564,11,1.0583654475645,0.96496050859229,0.914033523608169,0.641518001020122,0.882472995723968
1333,0.838098009843305,11,0.94901655432201,0.876630423851182,0.766586701904341,0.534318113125752,0.882472995723968
1334,0.894971087359508,11,0.944260895738318,0.909856586150227,0.840377118548313,0.589979549132549,0.882472995723968
1335,0.701285763291375,11,0.899508759550499,0.735064622480678,0.725214828299093,0.509170219989798,0.882472995723968
1336,0.697821161225398,11,0.812610909639956,0.705971601205182,0.663725441628113,0.444344911853955,0.882472995723968
1337,0.817054625997865,11,1.00407072278964,0.82943228913019,0.739616583564826,0.51408086151322,0.882472995723968
1338,0.281041048896671,11,0.388011046141353,0.327342191813246,0.259444182216914,0.169291689811613,0.882472995723968
1339,0.535693225804333,12,0.709160388028056,0.606673467330755,0.420610274361762,0.289680061008025,0.893733813423162
1340,0.876667169508181,12,1.14867458122622,0.979695905725695,0.763170250864549,0.519320831966387,0.893733813423162
1341,0.620109868501713,12,0.825744305994625,0.677593474286588,0.528152745961801,0.362874198194575,0.893733813423162
1342,0.725574529812861,12,1.00649318307529,0.791900381977714,0.715940649011318,0.464786016690517,0.893733813423162
1343,0.933417551414604,12,1.29546293615433,1.01783632416154,0.893963505633237,0.59606837301819,0.893733813423162
1344,0.438926211551848,12,0.662765583348617,0.476519925884263,0.4113289424205,0.269203856673747,0.893733813423162
1345,0.413888669350805,12,0.617176199421613,0.473720429860707,0.324729396126096,0.231117340771506,0.893733813423162
1346,0.852481650827129,12,1.22494400169882,0.933734626479235,0.781896864068038,0.492781905823427,0.893733813423162
1347,0.740611508475531,12,1.24369662917931,0.820970104785879,0.686572894536359,0.472910419594631,0.893733813423162
1348,0.795649685362661,12,1.15736127165791,0.879064031731277,0.710254671048054,0.469381492696554,0.893733813423162
1349,0.603623572819075,12,0.794684069585443,0.622076942976521,0.532870213560415,0.353237080418497,0.893733813423162
1350,0.808473082161789,12,1.13952370428016,0.860795693987575,0.748781845364362,0.505058460500437,0.893733813423162
1351,1.01086186206079,12,1.37571261278824,1.04408402797221,1.0112385432718,0.664602747262816,0.893733813423162
1352,0.464122527417938,12,0.625642505555363,0.477309527943868,0.451560511818543,0.286762264172284,0.893733813423162
1353,0.917638316984147,12,1.23039071509387,0.872338328950552,0.87895720564341,0.574210203483751,0.893733813423162
1354,0.801350557340591,12,1.00355491434828,0.793450292397455,0.745904202340821,0.493464791898773,0.893733813423162
1355,0.419777570887373,11,0.52034477323116,0.424996360864938,0.387427154313392,0.248095382025139,0.890614613035604
1356,1.0188540731044,11,1.28753460583143,0.965017154471139,0.875943406027535,0.591407283321836,0.890614613035604
1357,0.731929350153914,11,0.887624255316113,0.703855131515297,0.654181565104548,0.427108606310635,0.890614613035604
1358,0.666190352824479,11,0.88454824123117,0.678951671187208,0.652712219728958,0.418848297636073,0.890614613035604
1359,1.11348105981974,11,1.3459484709313,1.07325300365059,0.97843985168935,0.653395671866312,0.890614613035604
1360,0.523765890695968,11,0.597542546989758,0.509270348057057,0.478389922671388,0.307351361328633,0.890614613035604
1361,0.830692512529748,11,0.938733000494828,0.80668037720526,0.738211551807941,0.49283758151447,0.890614613035604
1362,1.27583822745333,11,1.39887949056285,1.24114859585026,1.07643827447582,0.758981271564764,0.890614613035604
1363,0.526647883288093,11,0.583638451738059,0.490172414852594,0.49016702111565,0.323836188116455,0.890614613035604
1364,0.616620557010184,12,0.616431212083002,0.593523668481544,0.563282613700235,0.366803800942483,0.900151780926895
1365,1.04284391270501,12,1.13687612892601,0.991977116676245,1.04863986471508,0.643572921857158,0.900151780926895
1366,1.24232649277399,12,1.23837046027177,1.20126101044229,1.16685694300481,0.780774686881937,0.900151780926895
1367,0.608337549196995,12,0.557347788594959,0.574144835191933,0.575206781471711,0.40444873400759,0.900151780926895
1368,1.00397672738703,13,0.874477221767618,0.956429934021894,0.946338184907152,0.648165736935029,0.910508487996148
1369,0.769253470782646,13,0.657294830462385,0.727193532781635,0.75419061020252,0.510040090459577,0.910508487996148
1370,1.44296784921068,13,1.31431471297645,1.38788737437202,1.48727774098707,1.00517534963952,0.910508487996148
1371,1.64511628580638,13,1.40897589187308,1.57608729100122,1.55034760665588,1.12121440499596,0.910508487996148
1372,1.65298457768038,13,1.30188676874694,1.57155813306716,1.5506041986591,1.06464403327992,0.910508487996148
1373,1.48441579363387,13,1.09482369647373,1.3959697315693,1.39269851150253,0.949628297243611,0.910508487996148
1374,1.60355685770237,13,1.19432978967944,1.50707607514015,1.42815006438344,0.939839678210767,0.910508487996148
1375,0.757397457955154,13,0.564333481794724,0.725819164769769,0.662708733771221,0.436260450709417,0.910508487996148
1376,0.620759505128062,13,0.473506708984623,0.591679952769545,0.564280142882779,0.396559298690824,0.910508487996148
1377,1.5285491042996,13,1.06410968366554,1.45263295996139,1.39172066394991,0.975656040618848,0.910508487996148
1378,1.24965641447519,13,0.84539873242603,1.16866404270415,1.10685208683926,0.794765640951496,0.910508487996148
1379,1.65123740421597,13,1.09655064591993,1.4855077262091,1.45614092326523,1.07298136423935,0.910508487996148
1380,2.11220540691013,13,1.32461006217253,1.96191133706568,1.75981844985789,1.29688362712688,0.910508487996148
1381,1.68659627100831,13,1.05315046844785,1.55154910545458,1.4457343600599,1.05675844415291,0.910508487996148
1382,1.29602004786456,13,0.808496052005701,1.17757215027773,1.16480870388777,0.829019055743825,0.910508487996148
1383,1.3829335161377,13,0.893509706545169,1.26168587233537,1.25080278730875,0.919342755028348,0.910508487996148
1384,1.46611321938111,13,0.947159273570573,1.34353059189501,1.30424903538971,0.946581952541842,0.910508487996148
1385,2.03858352789414,13,1.28725602480824,1.91305264111133,1.79727819319953,1.25855135512028,0.910508487996148
1386,2.08771180243599,13,1.36798211453426,1.97931037241271,1.90597836430038,1.29718319131218,0.910508487996148
1387,1.23523962515103,13,0.817734718189407,1.11306819924279,1.09566995649184,0.776868529701228,0.910508487996148
1388,1.80412979989396,13,1.18917064360757,1.58986940026007,1.56626926665574,1.12207968192453,0.910508487996148
1389,1.70455595989003,13,1.17646944999838,1.52949437046406,1.50187514290802,1.03698748929523,0.910508487996148
1390,0.975661988152439,13,0.697205042814048,0.908246515670331,0.882022972047719,0.607936225034766,0.910508487996148
1391,1.40384785726632,13,1.05285349105795,1.29608445645763,1.3115460200323,0.927190751427712,0.910508487996148
1392,1.72342497012327,13,1.27937354660931,1.586830896479,1.55146687162686,1.07146377523492,0.910508487996148
1393,0.83235179065937,13,0.649647285040432,0.762529013046403,0.780116832199716,0.534922846761229,0.910508487996148
1394,1.00085826137974,13,0.797253273357704,0.902983963037099,0.929589774882436,0.637229877747791,0.910508487996148
1395,1.60030906753676,13,1.33913822706276,1.42766498353155,1.44156222794853,1.04009007210377,0.910508487996148
1396,1.59152818269524,13,1.2452976895918,1.41710563371624,1.40817259709047,1.01855281522638,0.910508487996148
1397,1.12388028661833,13,0.969149036125067,0.999817009336755,1.07272651809599,0.693206972536741,0.910508487996148
1398,1.13458714233244,13,0.951395999648284,0.98780095685144,1.01814459368361,0.703235386435759,0.910508487996148
1399,0.247939618731861,13,0.209243123338599,0.220544725822555,0.237942073554285,0.158882066032649,0.910508487996148
1400,0.548387601019464,13,0.527560216935307,0.493516653731232,0.485180734099284,0.330368394216457,0.910508487996148
1401,0.752749457492959,13,0.815933605148537,0.680712889916692,0.710961002752529,0.482742756713177,0.910508487996148
1402,1.05207746308699,13,1.05278779587607,0.937762866924235,0.962075222986257,0.671195653858235,0.910508487996148
1403,0.913674029233918,13,0.89637173785104,0.810729242282877,0.897400600750317,0.597738454421955,0.910508487996148
1404,1.1146164373665,13,1.04646763352509,0.950063054362577,1.01141992839223,0.691099317213378,0.910508487996148
1405,1.27569533019802,13,1.24690031245256,1.2471773840434,1.1619433783835,0.787596799282358,0.910508487996148
1406,1.39783432124296,13,1.39061517703653,1.33123610815113,1.29037840818585,0.901360810926583,0.910508487996148
1407,0.831497855941505,13,0.855553889147843,0.748433982282539,0.778251327733291,0.534024445085891,0.910508487996148
1408,0.89365423598147,13,0.895859512083992,0.815837775485887,0.842124573466469,0.591899847285315,0.910508487996148
1409,1.5152236870154,13,1.45737967125501,1.39629625433453,1.39894422206511,0.993930218517522,0.910508487996148
1410,1.16555307808065,14,1.2083115475736,1.08172451279793,1.00143912294688,0.742736725481194,0.919756565011337
1411,1.15527341512711,14,1.19161751776841,1.07957283196659,1.0369721363179,0.765370522246762,0.919756565011337
1412,0.983468518062563,14,1.03982175253865,0.90153659747265,0.887044113273528,0.621276242168694,0.919756565011337
1413,0.828751083476319,14,0.912690958941824,0.773382810629055,0.730963846100311,0.50612467549057,0.919756565011337
1414,0.799759178035234,14,0.911723950369979,0.764415419747065,0.682376911023902,0.506972446336511,0.919756565011337
1415,0.649411922800004,14,0.747811202411919,0.60630225756493,0.590037131594383,0.417969075891592,0.919756565011337
1416,0.804825987963094,14,0.878232843481489,0.748327297036527,0.742933094056062,0.526589669398009,0.919756565011337
1417,0.875603776808747,14,0.905980674637976,0.769690044170348,0.818342652685375,0.538646928326501,0.919756565011337
1418,0.981359115611057,14,1.0789147305002,0.894925661120259,0.972619960337904,0.623682048302957,0.919756565011337
1419,0.854700206163081,14,0.925608155023441,0.807862130894581,0.757406415901086,0.517830016434277,0.919756565011337
1420,0.759632614261972,14,0.846996512181305,0.735271624640686,0.706971588909569,0.489559072270573,0.919756565011337
1421,0.806544367768412,14,0.797974237651121,0.73553803311967,0.738402704975122,0.513784192593491,0.919756565011337
1422,0.885193819504503,14,0.879557837395897,0.834699776953853,0.812765767578115,0.57936091379201,0.919756565011337
1423,0.34895850675986,14,0.31677046467376,0.340515020759645,0.281754489579337,0.211443212547566,0.919756565011337
1424,0.776166100118877,14,0.715466263424279,0.71806760778341,0.703697321742432,0.510131288566103,0.919756565011337
1425,1.06029829942542,14,0.944262857967714,0.987618985252164,0.991763236175222,0.690197882590764,0.919756565011337
1426,1.49399580426319,14,1.28249917382298,1.39006054424716,1.38898670538783,0.982558030376926,0.919756565011337
1427,1.54396345973567,14,1.31590042821295,1.46287076503194,1.41887074023765,1.01868179486725,0.919756565011337
1428,1.79991078365156,14,1.46239735446162,1.70596008945513,1.70624617045159,1.18977805312298,0.919756565011337
1429,0.992567125663564,14,0.805919203807618,0.940020355607738,0.891525789834926,0.603058112380235,0.919756565011337
1430,1.56222677772471,14,1.24262495286613,1.45552150365807,1.38548873332729,0.927188796382854,0.919756565011337
1431,1.51563900607799,14,1.18424915877213,1.40425656196401,1.34460234943188,0.921548447749266,0.919756565011337
1432,1.25215990801678,14,0.978331910864056,1.16476668435168,1.15270943970194,0.716928419338742,0.919756565011337
1433,1.34816248787539,14,1.02327949851163,1.25963030876273,1.21837639636566,0.805658622909977,0.919756565011337
1434,1.75610201257639,13,1.40419243205569,1.67971697930899,1.58583333942118,1.03842009825228,0.909947498262841
1435,1.42242074063475,13,1.23093788438564,1.35216388189451,1.19597609355642,0.803712894561245,0.909947498262841
1436,1.38151710158485,13,1.19904425445787,1.33898592167601,1.26486519802944,0.851778820475737,0.909947498262841
1437,0.680644706671019,13,0.642291826086028,0.656804825431738,0.642542392245069,0.415240132789472,0.909947498262841
1438,0.560708799557812,13,0.476513013262729,0.527995629766724,0.525164456617167,0.352670730606088,0.909947498262841
1439,1.03277240757964,13,0.914208138822913,0.970814415601489,0.952625995027357,0.657272954583426,0.909947498262841
1440,1.11392017467452,13,1.01788129625243,1.07826093368149,0.94460816286917,0.638435270521619,0.909947498262841
1441,1.32737635979543,13,1.24354611373411,1.26917544185592,1.07313248983443,0.763188452662838,0.909947498262841
1442,0.700921872519734,13,0.652425605980168,0.665059083288737,0.616663565017241,0.399457495311628,0.909947498262841
1443,1.07323939382908,13,1.01786293209074,1.02947668839869,0.917832222257818,0.624530286716009,0.909947498262841
1444,0.964319107120081,13,0.930506980742149,0.926879449047768,0.814608018214758,0.555952314828439,0.909947498262841
1445,0.219126932323598,13,0.231254991482659,0.21594735458534,0.184708667571728,0.124164116262299,0.909947498262841
1446,1.07891937273078,13,1.06094317315781,1.02535365556399,0.897896957550341,0.606369108234543,0.909947498262841
1447,1.30703718987199,13,1.30073144576694,1.25071818243004,1.1195133672167,0.775803934739458,0.909947498262841
1448,1.08967890370656,13,1.10840189626631,1.07296513715662,0.945707822462996,0.646592063798771,0.909947498262841
1449,0.622505972287536,13,0.618158790683089,0.592602260507693,0.557774089354775,0.38117757289019,0.909947498262841
1450,1.02480804886904,13,1.07575124735198,0.964211286718794,0.948038577765131,0.629393878735045,0.909947498262841
1451,1.75641630329893,13,1.78320633223417,1.67240801678611,1.56181567678742,1.04856172462918,0.909947498262841
1452,1.10893038579177,13,1.09870208819797,1.06555056399405,1.02951931229327,0.676845871828463,0.909947498262841
1453,0.969402283706613,13,0.992056588375741,0.935177505113565,0.898864742684603,0.597258476132534,0.909947498262841
1454,1.16463123474536,13,1.19750297455922,1.10118857125917,1.01391595581418,0.686887169913389,0.909947498262841
1455,0.749589144921957,13,0.78779016085306,0.692576616053412,0.694868829464634,0.460340901232922,0.909947498262841
1456,0.803499802671942,13,0.846463850040653,0.772510912167259,0.669061635927215,0.451938025259336,0.909947498262841
1457,0.78674550334906,13,0.887329734773852,0.786827909653974,0.647140300150057,0.433828719999592,0.909947498262841
1458,0.723720020922759,13,0.775666409563864,0.706933214404155,0.608894762435936,0.430666658379565,0.909947498262841
1459,0.682097192860448,13,0.794123265668905,0.696806981274404,0.597630496072613,0.402045089072394,0.909947498262841
1460,1.06983192452088,13,1.1743779871013,1.0398963008662,0.962755770749955,0.631136907461116,0.909947498262841
1461,0.866682057401123,13,0.940464959749764,0.852496025998475,0.759281342913314,0.531062894272353,0.909947498262841
1462,0.838355900729356,13,0.939934534463093,0.817133000110017,0.746995209815496,0.515780804193844,0.909947498262841
1463,1.0267170686449,13,1.16076277145047,1.0307152915525,0.911812044004399,0.624217930311056,0.909947498262841
1464,1.14596817496529,13,1.29935617071737,1.13975467005812,0.994742117239131,0.680358158461262,0.909947498262841
1465,0.851574354065682,13,1.04864511949623,0.911841343458299,0.882072875536715,0.589449693029929,0.909947498262841
1466,0.810222865333687,13,0.946275209823041,0.831130808599509,0.755483003598866,0.507834319434485,0.909947498262841
1467,0.809186026237439,13,0.971573550335887,0.800558945169409,0.765631386998837,0.504026352042615,0.909947498262841
1468,0.800089545810635,13,0.889183930319206,0.793241136495038,0.745096304946872,0.496248962752033,0.909947498262841
1469,0.59622332971348,13,0.660654395439105,0.581581249911052,0.533348112346946,0.364160388239862,0.909947498262841
1470,0.973281303189101,13,1.09735813602673,0.954957028616882,0.801612732301037,0.539758457269061,0.909947498262841
1471,0.568827793026979,13,0.635387104784059,0.553309736967656,0.496106460460227,0.337367553748108,0.909947498262841
1472,1.19238194699812,13,1.32368675490286,1.18974524927306,1.09150240590941,0.746731759780485,0.909947498262841
1473,1.36008943732488,13,1.56416117602088,1.37335681883655,1.28129519165759,0.837874575829466,0.909947498262841
1474,0.973437004992928,13,1.058470962179,0.922920069948407,0.924947541247574,0.606838527401273,0.909947498262841
1475,0.386980933007421,13,0.375299244212291,0.361241014617338,0.351980617579068,0.231608799654004,0.909947498262841
1476,0.563018835278058,13,0.588655952877671,0.53477686293283,0.54104326245553,0.352281995342721,0.909947498262841
1477,0.771284719372746,13,0.751326338712181,0.740107685999774,0.686880699824651,0.461420423611998,0.909947498262841
1478,1.22519770547557,13,1.23826091562823,1.26870488357074,1.08461943679745,0.706805167681233,0.909947498262841
1479,1.43596526987653,13,1.42994488984917,1.43077302769697,1.28354317872744,0.852642049051869,0.909947498262841
1480,0.904545518863621,13,0.836626382450489,0.840809543388686,0.812938047427571,0.529969045448576,0.909947498262841
1481,1.31849916802472,13,1.31553603834073,1.29458027619285,1.19680093540457,0.779657412489129,0.909947498262841
1482,0.920490049350575,13,0.885235978793113,0.88384944876408,0.865574756320593,0.554310176432506,0.909947498262841
1483,0.69660908107229,13,0.646999295211565,0.668557803051705,0.633588086780483,0.418388084747676,0.909947498262841
1484,1.06015925781018,13,0.938797508608667,1.0167818660193,0.879624108608853,0.613833049933404,0.909947498262841
1485,1.34056011428459,13,1.22721022339769,1.30479690299132,1.15346819727052,0.752330058304461,0.909947498262841
1486,1.25977864299473,13,1.25159242082151,1.31092898830409,1.17586939734747,0.779570066634944,0.909947498262841
1487,0.912809042196043,13,0.844901849981045,0.873585741140395,0.800485169389297,0.52732728640409,0.909947498262841
1488,0.804361910877781,13,0.680707031180384,0.779085126722353,0.725334193793893,0.486056978694691,0.909947498262841
1489,1.18194477154069,13,1.08060361875055,1.14663801935893,1.00194787515189,0.676016734886529,0.909947498262841
1490,1.72499748470741,13,1.62399624977158,1.71332082273187,1.5302483444807,1.0117494597377,0.909947498262841
1491,1.50741139690381,13,1.42403483664216,1.52277603506097,1.32461976501572,0.930100895225886,0.909947498262841
1492,1.04938844403164,13,0.882138842162026,0.926606548136407,0.881924224502786,0.617776481318011,0.909947498262841
1493,0.850796099746829,13,0.767942879801538,0.809943882251684,0.756053024032267,0.513508124782409,0.909947498262841
1494,1.20196543946011,13,1.09545878768023,1.14286788068892,1.05167295396298,0.682055747422269,0.909947498262841
1495,0.416689104873629,13,0.342822496192545,0.404738277714276,0.391620239389997,0.257052468465981,0.909947498262841
1496,0.642482485634974,13,0.658452603637817,0.64862072403168,0.687314208729284,0.439372251771558,0.909947498262841
1497,1.15664352030374,13,1.10844976436151,1.08915551503901,1.05584251331583,0.709542369376338,0.909947498262841
1498,1.22851929570723,13,1.19051244296839,1.18766434374871,1.07728509230318,0.706735127805129,0.909947498262841
1499,0.863070604387789,13,0.742416751390418,0.807342219897036,0.652064209997089,0.460624826114786,0.909947498262841
1500,0.4631529134742,13,0.432251743820321,0.427064149413242,0.409766516622379,0.276513797956594,0.909947498262841
1501,1.04459143424937,13,0.926173841292951,0.980459645538244,0.915121898950364,0.631467486354006,0.909947498262841
1502,1.68646308166059,13,1.56436739244348,1.54234862792387,1.47180444222548,0.994319305642665,0.909947498262841
1503,1.18536915575659,13,1.0552777236192,1.14559995481765,1.09440278579589,0.717070911175373,0.909947498262841
1504,1.42750833699206,13,1.31780915862911,1.37211711780396,1.29480003688787,0.89874472593428,0.909947498262841
1505,1.17206930590427,13,1.11813974814505,1.17903409771482,0.885258182495704,0.695366510397314,0.909947498262841
1506,0.194125821632113,12,0.223366489828709,0.212216064477955,0.175936490053943,0.124694903415446,0.906940024123481
1507,1.63785825627099,12,1.47965022011783,1.58786034579522,1.48508979596622,0.990822162030025,0.906940024123481
1508,1.27281179089378,12,1.22146621414751,1.30548893729523,1.29335065311405,0.842754174590809,0.906940024123481
1509,0.955637648300148,12,0.901350864447832,0.945042183613645,0.796562710788811,0.540178717729981,0.906940024123481
1510,0.828997145323497,12,0.881540929723902,0.864716474357763,0.931145349028484,0.624615376997089,0.906940024123481
1511,1.11006684065254,12,1.03924018948816,1.04246530736512,0.964850928238325,0.630070056416968,0.906940024123481
1512,1.25553931257149,12,1.13686582836192,1.07587358776195,1.07000598551475,0.731799954953025,0.906940024123481
1513,0.730625453025864,12,0.75110836332636,0.745485994007163,0.667235719492807,0.433587229972273,0.906940024123481
1514,1.07580673702424,12,1.01467154796187,1.04318812746366,1.02824093486126,0.654820570536499,0.906940024123481
1515,1.14376956893094,12,1.07679173245091,1.10456749276847,1.00323044339984,0.712059965725647,0.906940024123481
1516,0.640794409410926,12,0.608484064371581,0.623169140615329,0.553924446526298,0.375973161479793,0.906940024123481
1517,0.941448813469147,12,0.881875343485843,0.897595096906943,0.831368944954643,0.567997296391312,0.906940024123481
1518,0.951685614156138,12,0.895541881986695,0.916428661469511,0.825595300052698,0.581571678868717,0.906940024123481
1519,1.6159685425685,12,1.51175640436678,1.56909836655314,1.39871870051593,0.991800488037583,0.906940024123481
1520,1.09922461495599,12,1.03301778348279,1.06003020809653,0.925879764430582,0.669738063784235,0.906940024123481
1521,1.31201084879674,12,1.39419730745978,1.37169546571429,1.34651993012392,0.923505746718745,0.906940024123481
1522,0.517812774008584,12,0.475002508959797,0.502698939077351,0.478275757594822,0.31525016557196,0.906940024123481
1523,1.18381849432401,12,1.12615918498548,1.16989136377979,1.1116716119446,0.726895322205891,0.906940024123481
1524,0.469779509149386,12,0.438800642400777,0.432490971062709,0.449079595943,0.288682931135073,0.906940024123481
1525,1.22321477234092,12,1.15597646155531,1.19250622536432,1.09339955202113,0.769411260947296,0.906940024123481
1526,1.15822415784291,12,1.10785519022115,1.1492223151808,1.16238712972016,0.772229474719431,0.906940024123481
1527,0.936391486092327,12,0.884400117778915,0.946412687273157,0.944567829415588,0.616333949556579,0.906940024123481
1528,0.532782241911152,12,0.494502251316302,0.529554622641448,0.439339414825809,0.325434048775371,0.906940024123481
1529,1.30733030664643,12,1.19063008992864,1.29772362998189,1.19558073727274,0.818469365694153,0.906940024123481
1530,1.49481688353708,12,1.31217107846022,1.48798622263469,1.33763126344313,0.917270552557994,0.906940024123481
1531,1.18379615253461,12,1.03153006994774,1.1547592927779,1.06875810445289,0.705130081614937,0.906940024123481
1532,1.54320004377558,12,1.37947757881651,1.51547699056617,1.34020589817354,0.887782991025856,0.906940024123481
1533,0.945080269911583,12,0.809795239872175,0.945491571639592,0.859038314381386,0.543137900773841,0.906940024123481
1534,0.790612113602169,12,0.688420758026513,0.758206950306545,0.707421346205007,0.473835365410909,0.906940024123481
1535,1.27318449238739,12,1.11498350356454,1.26788903459891,1.07628543981305,0.739336593179406,0.906940024123481
1536,1.4716263610474,12,1.32442585953542,1.47123493601445,1.37721437687899,0.884139005378317,0.906940024123481
1537,1.12533753505162,12,1.00779946126002,1.14103457207874,0.982362848330029,0.685571780177235,0.906940024123481
1538,0.643343433668015,12,0.558489851405916,0.627018982639902,0.559678343980076,0.374923340578367,0.906940024123481
1539,1.23922756755087,12,1.1252322222709,1.29364375112132,1.07947248731197,0.723195372458656,0.906940024123481
1540,1.37511720855962,13,1.20839498908233,1.36524783505546,1.31708532445721,0.849499953449647,0.913337512331277
1541,1.24702923754791,13,1.10635417883013,1.22717670717011,1.15548650855561,0.75915716749209,0.913337512331277
1542,1.16305450953678,13,1.05618589185185,1.1366722461212,0.95261698895613,0.659631249501863,0.913337512331277
1543,1.11644752298097,13,0.985739110008985,1.09655842883523,1.07176111508137,0.698781722562205,0.913337512331277
1544,1.54491892552867,13,1.41405132333537,1.52804552471796,1.44696489870319,0.962645995926135,0.913337512331277
1545,0.776383530810907,13,0.76114487857487,0.792474308487923,0.722788338249776,0.46755103753152,0.913337512331277
1546,0.598197938583043,13,0.564020855854336,0.576931912336543,0.569645082747754,0.352506002223344,0.913337512331277
1547,0.741517755961422,13,0.67047559500082,0.708569295050805,0.679774421268958,0.444269696049243,0.913337512331277
1548,1.13457294869095,13,1.08249564022253,1.11658699647296,1.01757494894837,0.70519560140186,0.913337512331277
1549,1.1188710923685,13,1.10360619909534,1.12911556187999,0.981988341153522,0.662880198597001,0.913337512331277
1550,1.24592393859933,13,1.25234545984237,1.25291143582725,1.16406424105431,0.75677481579235,0.913337512331277
1551,0.819724857987367,13,0.841191748721104,0.823260916784427,0.743021795768565,0.476713694837051,0.913337512331277
1552,0.845952269867499,13,0.851866080626818,0.844571004936824,0.774358378899953,0.504209536269283,0.913337512331277
1553,0.996810959946894,13,1.01608961720014,1.00671571394394,0.871356583254978,0.603497125340629,0.913337512331277
1554,1.15936488817555,13,1.21776513132199,1.15512985159234,1.04555718461898,0.695884329620652,0.913337512331277
1555,1.22759945935896,13,1.28768162746421,1.23880687195249,1.12006905455909,0.759302607894021,0.913337512331277
1556,1.27207456061396,13,1.34339571266596,1.28753607616881,1.18859512537152,0.799231090574272,0.913337512331277
1557,0.919633669958246,13,0.97385700041142,0.909603602221578,0.799758517763296,0.553889118502934,0.913337512331277
1558,0.321540988429446,13,0.348649993408842,0.321356822271234,0.283150838933519,0.182747375375877,0.913337512331277
1559,0.71801013462946,13,0.78746910048375,0.736044015653631,0.690558161345037,0.435210413518407,0.913337512331277
1560,0.526188652650095,13,0.590032268064908,0.536078110228789,0.492302094176162,0.366088141605973,0.913337512331277
1561,0.800488262636286,13,0.853514134240197,0.794178370509676,0.719642808350394,0.467170848832647,0.913337512331277
1562,0.800461970501784,13,0.91790413477544,0.851765802649107,0.804695423317004,0.52949294218071,0.913337512331277
1563,1.23631704319217,13,1.27810831993247,1.19860035575925,1.09807000601102,0.744142105503806,0.913337512331277
1564,1.38748673265831,13,1.47344312217411,1.37903183438302,1.24427300112712,0.817488295417988,0.913337512331277
1565,0.930438983498938,13,0.990872764715571,0.924427151286689,0.788917613098384,0.551378671394577,0.913337512331277
1566,0.96051935339334,13,1.13349642161207,1.05385625484087,0.95601757366401,0.610163916751141,0.913337512331277
1567,0.679543712685589,13,0.730366167200293,0.675866146866958,0.587535415993008,0.393237509993564,0.913337512331277
1568,1.07047424339506,13,1.1614162739429,1.07566954715894,0.919436843679112,0.623372786069456,0.913337512331277
1569,1.3454866512668,13,1.45182653734607,1.29286216992488,1.22792187907165,0.81605534157705,0.913337512331277
1570,0.993116975993109,13,1.09235064309714,0.970416568360562,0.838435864186966,0.563304698870124,0.913337512331277
1571,0.969156374989557,13,1.18650599105731,0.972776774947102,0.874084130118557,0.576301842479565,0.913337512331277
1572,0.96341211659302,13,1.15196129651851,1.09499640289797,0.87805543954744,0.58552784401316,0.913337512331277
1573,0.507917170148014,13,0.57004980558776,0.513783450481775,0.477802442433835,0.303777992422487,0.913337512331277
1574,0.488522050071441,13,0.585186064225733,0.471045324071472,0.430250827571072,0.286535445871531,0.913337512331277
1575,0.921070629564951,13,1.10998007484125,0.906910428581922,0.812402737315047,0.539124250495274,0.913337512331277
1576,0.917263449126747,13,1.14569610522542,0.909590113791679,0.837409619930145,0.568229556946519,0.913337512331277
1577,0.861123440704277,13,1.11750167181006,0.881949420532237,0.774703143513379,0.488192032147053,0.913337512331277
1578,0.796595419872364,13,0.969008547958956,0.755869308344658,0.708008735390512,0.45917282855155,0.913337512331277
1579,0.597504678256097,13,0.740534238650635,0.589828927060979,0.554762995290179,0.34612520367836,0.913337512331277
1580,0.657001421956262,13,0.812965174166714,0.650318106031482,0.576831399455425,0.371128435413281,0.913337512331277
1581,0.39244806051255,13,0.450092566743818,0.390146709013786,0.336051817195545,0.221906949341576,0.913337512331277
1582,1.19284888236327,13,1.51442145983784,1.25729660522097,0.970191979220634,0.6878489959681,0.913337512331277
1583,0.922703395583928,13,1.04481023088167,0.922134030876727,0.761109443637598,0.493809367873436,0.913337512331277
1584,0.338976630369413,13,0.382162394118844,0.336592944015814,0.301811334567584,0.200301477294409,0.913337512331277
1585,0.37764630394048,13,0.558674848515962,0.491051731610374,0.431093918112936,0.27560801005194,0.913337512331277
1586,0.764795715969849,13,0.94257525943876,0.837077095089985,0.752376158012115,0.474363610610142,0.913337512331277
1587,0.96446916342452,13,1.07190262611717,0.993104869496931,0.876482934880304,0.583344652380143,0.913337512331277
1588,1.28428818511799,13,1.40373042435625,1.34525284787189,1.20263155507938,0.801077873392909,0.913337512331277
1589,1.29504938357879,13,1.32745856668729,1.32925352681755,1.03147623647656,0.718208900198662,0.913337512331277
1590,0.823595654765472,13,0.874058719997338,0.90499189821757,0.797040284529927,0.518692708243195,0.913337512331277
1591,0.801683429368888,13,0.827938361363112,0.832214366585165,0.719689980894454,0.485991168490439,0.913337512331277
1592,0.997152001196754,13,1.01175840682004,1.06495829771957,0.902285201380073,0.61735786123257,0.913337512331277
1593,1.01804903888558,13,0.937848940345515,1.04596137451428,0.829897236397583,0.553266272387405,0.913337512331277
1594,0.99540246163404,13,0.973357111325901,1.06348701316622,0.926484298535345,0.59861436994709,0.913337512331277
1595,1.48648354525434,13,1.39036426003085,1.57973542154614,1.446075385994,0.969913910103818,0.913337512331277
1596,1.09252560220948,13,0.991495729820099,1.0870003423866,0.990557976216223,0.685121234952534,0.913337512331277
1597,1.23921492081473,13,1.21498801051404,1.32262168438613,1.21575550955046,0.805539459242581,0.913337512331277
1598,0.880731790907881,13,0.767558186472567,0.856054452445183,0.842587165513973,0.557779360985668,0.913337512331277
1599,1.27244535321323,13,1.10679010043482,1.2678744991904,1.11175373233986,0.777193884941412,0.913337512331277
1600,1.29567314458558,13,1.15730775663649,1.31014265677594,1.1860776996145,0.829003367272053,0.913337512331277
1601,0.856484418774471,13,0.744637449958414,0.841606501540424,0.754652602283369,0.519527607942781,0.913337512331277
1602,0.95843399859069,13,0.838064682125441,0.949579999248921,0.850357403855139,0.570595391888224,0.913337512331277
1603,1.35265603927966,13,1.25171686493967,1.38927927639934,1.33064193103397,0.882278848148666,0.913337512331277
1604,1.34888000285404,13,1.22904403698691,1.35857221077667,1.28410944747251,0.84814612186027,0.913337512331277
1605,0.924518993050723,13,0.85840299010394,0.92525644111151,0.832093685539561,0.551881083229095,0.913337512331277
1606,0.789271409779227,13,0.718508689837187,0.75666911259382,0.632085308000349,0.416333429761604,0.913337512331277
1607,0.903845806723824,13,0.801199820459315,0.864427835992101,0.71574236683606,0.509061602915721,0.913337512331277
1608,1.39946448847937,13,1.26810947045746,1.34013606014658,1.2088217313857,0.789134386639342,0.913337512331277
1609,0.798661157590182,13,0.768662469651382,0.781728552971913,0.731543406938441,0.475726327922296,0.913337512331277
1610,1.11158764164969,13,1.1054012478576,1.13142038458905,0.987059325025349,0.657234946970211,0.913337512331277
1611,1.19277417986128,13,1.19630567707881,1.18724800534916,1.05782864967493,0.702250327675703,0.913337512331277
1612,0.644523070017436,13,0.609214943960876,0.61118039156794,0.542511785897192,0.363642146539382,0.913337512331277
1613,1.40145517438548,13,1.32144242626278,1.26083860662065,1.12454835804145,0.778042971747548,0.913337512331277
1614,1.12490413150335,13,1.23660172627924,1.10272012932657,0.99709366604358,0.665077333381003,0.913337512331277
1615,0.822167126937108,13,0.808937782359392,0.749066061082747,0.705002597001834,0.467791099356549,0.913337512331277
1616,0.713712672850641,13,0.729015813143667,0.677839513256733,0.619567995583507,0.420442226097018,0.913337512331277
1617,0.922055006781344,13,1.00929832383937,0.905991191042221,0.768537987253149,0.533575057271843,0.913337512331277
1618,0.856207137116094,13,0.925310286272805,0.823690070630936,0.756756213377668,0.504433500014368,0.913337512331277
1619,0.980602260905617,13,1.13790308954509,0.97038674313294,0.880345968986319,0.60074115733635,0.913337512331277
1620,0.916451516801123,13,1.06652050925244,0.900340391198627,0.805462780587785,0.556427448393206,0.913337512331277
1621,1.20971494267569,13,1.38253500309639,1.20344050579043,1.0710997265708,0.764774506603665,0.913337512331277
1622,0.766578625444375,13,0.93189929449944,0.744067956911429,0.681353669872716,0.462268388507836,0.913337512331277
1623,0.50789990811894,13,0.598637619839815,0.498420555411424,0.427830136513266,0.297458349539083,0.913337512331277
1624,0.629529881374973,13,0.692205006863095,0.614970246748497,0.469158083327749,0.338356427820526,0.913337512331277
1625,0.569158770935136,13,0.634368283195018,0.56809737790345,0.505452406890813,0.333913672206235,0.913337512331277
1626,0.843761012771194,13,0.981650533542099,0.840732562660462,0.687405194114333,0.423233354483468,0.913337512331277
1627,1.01895821024846,13,1.05341738665646,0.969585277952001,0.890761967525366,0.591264714218375,0.913337512331277
1628,0.816349793379011,13,0.825065104289677,0.809470587742986,0.784081287490534,0.522349167132492,0.913337512331277
1629,1.16990337283445,13,1.18207348635434,1.20755225497983,1.02811363080865,0.719556301077346,0.913337512331277
1630,1.21964681853809,13,1.1475701159012,1.16957572506897,1.0418385806852,0.727230815472929,0.913337512331277
1631,0.655543530848304,13,0.625398054397616,0.64538606101517,0.606429685872951,0.395941165581683,0.913337512331277
1632,0.992142644809215,13,0.943284066673192,0.998599625194345,0.887453656715768,0.597193800151815,0.913337512331277
1633,0.938468066643391,13,0.829518625784551,0.892064777154903,0.774917060293725,0.555443655015081,0.913337512331277
1634,1.57937648293908,13,1.39508756290978,1.56520883363893,1.35656185394178,0.949058640884537,0.913337512331277
1635,0.89538973251314,13,0.771395053529808,0.870632365087221,0.742726208312568,0.543727550180194,0.913337512331277
1636,1.22055704078884,13,1.04734502650877,1.26115173392512,1.06690794814006,0.715796724153813,0.913337512331277
1637,1.77286401912992,13,1.5075158711889,1.78430661880103,1.55039169572047,1.05192813989548,0.913337512331277
1638,1.48555216440908,13,1.27080464447505,1.48740078290308,1.36133349411519,0.911251364745364,0.913337512331277
1639,1.46898486832785,13,1.26845450483486,1.46474549242838,1.27298845041281,0.875416887743173,0.913337512331277
1640,1.51142187449568,13,1.36204967407917,1.56928904417316,1.33453640044935,0.922778929587544,0.913337512331277
1641,0.790495908219611,13,0.812826248430035,0.955107706449346,0.828909252735814,0.546932381888802,0.913337512331277
1642,1.31574131586902,13,1.13563389750081,1.31428910618622,1.20018199127245,0.821389195411759,0.913337512331277
1643,1.23575898431651,13,1.12434614987276,1.25203825287126,1.10049249447122,0.745963984863171,0.913337512331277
1644,0.844110204585999,13,0.757753486198279,0.832473115035288,0.781843756859205,0.511832859145943,0.913337512331277
1645,0.316820915508073,13,0.278105996153401,0.313139943542483,0.27051848683485,0.187079645696257,0.913337512331277
1646,1.01275693043923,13,0.973097310654369,1.02843480942104,0.950467159928312,0.632004867943308,0.913337512331277
1647,1.14600408766172,13,1.0944485033101,1.13702764651675,1.05347173940197,0.70302694686223,0.913337512331277
1648,1.08206917763911,13,1.05578252622486,1.07938137549743,0.957462891025724,0.647995324655439,0.913337512331277
1649,0.663601180357362,13,0.6646813314369,0.667551574834427,0.602162309027929,0.396454511172745,0.913337512331277
1650,0.72101637377803,13,0.734704983967709,0.723722765118698,0.652314949977225,0.423339704587611,0.913337512331277
1651,1.17033371301073,13,1.20745181205679,1.14969469700164,1.08062465506519,0.672674465595088,0.913337512331277
1652,0.82795419265583,13,0.814086039014185,0.814207826810638,0.757541048612839,0.492837343749978,0.913337512331277
1653,0.543053375856403,13,0.554012433051673,0.535969052456851,0.519199727809372,0.322072396939334,0.913337512331277
1654,0.894251616628013,13,0.905016062071101,0.889577978007865,0.788478513005624,0.478566134720317,0.913337512331277
1655,1.51966585421541,13,1.51707124339307,1.52104052373459,1.35529664229872,0.866590790404659,0.913337512331277
1656,1.11472338877839,13,1.09037093990822,1.10409019721726,1.00128804106715,0.639503240394199,0.913337512331277
1657,1.10096804251022,13,1.09951193098519,1.13867572716404,0.974044390594185,0.6329155505442,0.913337512331277
1658,0.486959881982202,13,0.498146767018021,0.515831109222651,0.431694333593354,0.279064818193237,0.913337512331277
1659,0.831817167499179,13,0.800225094459153,0.825365133717176,0.760441024004864,0.490752266628187,0.913337512331277
1660,1.11006197804695,13,1.09087178744111,1.12974041991542,0.997098304188684,0.670249228219906,0.913337512331277
1661,1.57650752890146,13,1.53621446091281,1.59250023743533,1.32620273329573,0.887722727171409,0.913337512331277
1662,1.29149554555321,13,1.20399882415405,1.2278153889322,1.00659594248932,0.696135839018406,0.913337512331277
1663,1.46309468274191,13,1.33962385577001,1.42175895985466,1.09540009054443,0.774497832095682,0.913337512331277
1664,0.995905107356028,13,0.988123234887219,1.01255851447096,0.915117295326903,0.611980382185942,0.913337512331277
1665,1.31859104000965,12,1.29028521320566,1.26740271517914,1.18757971470473,0.79370531832777,0.903349681377587
1666,0.517112239908342,12,0.500507506489913,0.505832082877847,0.468070821760584,0.296507406877608,0.903349681377587
1667,0.859066964935732,12,0.871058878929127,0.846558799930616,0.745278382026867,0.510047552616234,0.903349681377587
1668,0.779230196884294,12,0.79780116291069,0.712989538437722,0.704996629261844,0.474431227862939,0.903349681377587
1669,0.986559567827916,12,1.02052315167921,0.971827256990596,0.881444257245504,0.565302499322783,0.903349681377587
1670,1.07749627535445,12,1.15964361821128,1.07548821157314,0.96224535337953,0.59204290055006,0.903349681377587
1671,1.31106251040343,12,1.48381620788813,1.30636069961214,1.06384179078886,0.654765014372392,0.903349681377587
1672,0.684581595631189,12,0.793627926634947,0.692024443985787,0.59055829147773,0.388151426869461,0.903349681377587
1673,0.496200131481726,12,0.570738978892743,0.501016789633433,0.432327932056573,0.268790370616617,0.903349681377587
1674,0.785156681044692,12,1.00810010791067,0.790048525414423,0.679829204271343,0.426154486414558,0.903349681377587
1675,0.5454664422049,12,0.667615005868775,0.550313131530945,0.4891041165598,0.306787751132866,0.903349681377587
1676,0.839381951813352,12,1.08186055789717,0.860728205744622,0.728348946191798,0.47881926308457,0.903349681377587
1677,0.671688424050038,12,0.834947338541682,0.694496788249956,0.553599990973664,0.394101529307064,0.903349681377587
1678,1.03682594059801,12,1.35220069239705,1.07184644936454,0.890461640930876,0.586271050793269,0.903349681377587
1679,0.665850887303156,12,0.859282940807747,0.67208159190024,0.605740991757649,0.374521040667048,0.903349681377587
1680,0.793482576377649,12,1.01108297742926,0.818062692590542,0.709041137117805,0.437279144282927,0.903349681377587
1681,0.686007726128589,12,0.955027381303521,0.748145960060347,0.689924990442842,0.464663470873097,0.903349681377587
1682,0.817157741208719,12,1.06013756198397,0.858838116382772,0.752988009306303,0.48708941832964,0.903349681377587
1683,0.832524237587721,12,0.993123187769357,0.871291612360811,0.755847466095091,0.495912472273247,0.903349681377587
1684,0.659928218474184,12,0.78884610087452,0.663792445133196,0.592219102718148,0.391063180956241,0.903349681377587
1685,0.182575157317755,12,0.195607872817285,0.172483788521992,0.154971873000989,0.104618734898167,0.903349681377587
1686,0.655320222161418,12,0.735060075553863,0.660282975317044,0.519265562098122,0.353459269359354,0.903349681377587
1687,0.846747832157121,12,0.928111501034349,0.833750371725078,0.726223330257197,0.482812254568418,0.903349681377587
1688,1.01374479936598,12,1.06762901885275,1.03393496880892,0.865187302952624,0.572579671564213,0.903349681377587
1689,1.43081357869402,12,1.48018626782116,1.46443131495967,1.23572011834281,0.823270621096282,0.903349681377587
1690,1.16195616160648,12,1.16782665255789,1.13289773836637,0.996430534801261,0.667254591761916,0.903349681377587
1691,1.1956614987705,12,1.18346374390258,1.18730703058217,1.0495056667363,0.685960700382869,0.903349681377587
1692,1.41263737619781,12,1.3936421857571,1.40846915967107,1.23946896257067,0.836992213270489,0.903349681377587
1693,1.71373913171222,12,1.5291974062389,1.69868112834254,1.43633522941821,0.984040692623009,0.903349681377587
1694,0.502095037580444,12,0.481412106833108,0.479392391551715,0.442121118285534,0.277202450988699,0.903349681377587
1695,0.800441305700203,12,0.78132488606361,0.785119350076356,0.714460433427948,0.460737020407991,0.903349681377587
1696,0.684475993412597,12,0.695664091921091,0.654174180831525,0.59085988405696,0.388407586815786,0.903349681377587
1697,1.15574637236293,12,1.09310695136757,1.13331031898995,0.971750178693013,0.651403224487758,0.903349681377587
1698,1.29334892120722,12,1.22080692737152,1.3419433680311,1.09918113771473,0.746925264030223,0.903349681377587
1699,1.20202273488208,12,1.28882147912221,1.22431869912858,1.03770080990227,0.681265011822534,0.903349681377587
1700,1.11092214853407,12,1.163268902087,1.1047998219655,0.969937952534321,0.587042333234574,0.903349681377587
1701,1.43564591310853,12,1.44225427566708,1.41382708380809,1.29680309735319,0.797834326281299,0.903349681377587
1702,0.713546757348124,12,0.785356536344881,0.713659598125933,0.715292084316493,0.426623658653906,0.903349681377587
1703,0.891723279792578,12,0.981321027490492,0.932107780229539,0.81649305377354,0.533513159351723,0.903349681377587
1704,0.557509079539023,12,0.572806096716191,0.549617928573741,0.491673733893863,0.325776686067559,0.903349681377587
1705,0.370631579915058,12,0.409771137435216,0.37555690103694,0.307370625354163,0.204283621061009,0.903349681377587
1706,1.04808787678271,12,1.13911025847342,1.06126733986694,0.905309896578427,0.571007418990085,0.903349681377587
1707,0.677628305469226,12,0.701065329767996,0.681887684669905,0.571074718731875,0.36371234384469,0.903349681377587
1708,0.732252791507179,12,0.823994283103936,0.741922082618697,0.612824057784406,0.405162095403125,0.903349681377587
1709,1.01447004976564,12,1.13694195303378,1.01858321659785,0.866392155191951,0.559646196695455,0.903349681377587
1710,1.10586145422799,12,1.18880522921552,1.1042778866171,0.963779431771886,0.630741387402873,0.903349681377587
1711,0.913123837137192,12,1.00234920373108,0.922001524886269,0.752042077421723,0.510582004349104,0.903349681377587
1712,0.809498756660388,12,0.915761751965354,0.806047059854627,0.726293737200608,0.486035164390807,0.903349681377587
1713,1.07843883908665,12,1.17639362589549,1.08449439912684,0.915867576913667,0.633554510747783,0.903349681377587
1714,0.774837473383916,12,0.776981068270565,0.770485557736623,0.674685412330737,0.456406184603308,0.903349681377587
1715,0.866854487797837,12,0.866970817212876,0.866976337069589,0.718859512499226,0.504888973346002,0.903349681377587
1716,0.67740145290013,12,0.601055344056062,0.649820134287897,0.576784898869022,0.38270353868188,0.903349681377587
1717,0.803876266200426,12,0.745671131889354,0.778539496535814,0.678214979115913,0.456562792557697,0.903349681377587
1718,1.18457094019731,12,1.06736575083548,1.18791841852912,1.01332051849454,0.686953704850371,0.903349681377587
1719,1.24470813607046,12,1.15864742382141,1.26270154120781,1.10280466285539,0.7516711654854,0.903349681377587
1720,1.37243712745348,12,1.16547798937433,1.35623396498767,1.07694586372789,0.744938154391648,0.903349681377587
1721,1.7293435007089,12,1.45613761605705,1.75757584660839,1.4342460876988,0.994662981138953,0.903349681377587
1722,1.5466149127492,12,1.23568508246539,1.50776863439981,1.30745357559082,0.862643428129616,0.903349681377587
1723,1.01262741131545,12,0.875803932772577,1.00523137849461,0.923999958305745,0.607966724338544,0.903349681377587
1724,1.2516668412276,12,1.0903465623443,1.26528402664798,0.924451033237251,0.626314351819248,0.903349681377587
1725,0.962027295289778,12,0.874743896260565,1.00444701020162,0.816930016898607,0.559059807820787,0.903349681377587
1726,1.68596257832504,12,1.47340126171652,1.68940376088582,1.29593799986915,0.879065421676042,0.903349681377587
1727,1.04491684968745,12,0.875602547753804,1.03752985402054,0.861420186329891,0.573934164495698,0.903349681377587
1728,1.14930896384228,12,0.983028742106922,1.16148956042071,0.949694392506599,0.635960969229204,0.903349681377587
1729,0.927723364083834,12,0.820134102454077,0.945687223458383,0.788757200900695,0.525621459442906,0.903349681377587
1730,1.11997328147031,12,0.955426547949103,1.13440973135917,1.00085157961359,0.643714413166313,0.903349681377587
1731,1.425320393198,12,1.29552039332346,1.45591977205256,1.21384455159074,0.826829580506742,0.903349681377587
1732,0.725592508965519,12,0.703887991162236,0.782669466242081,0.686526392071233,0.431090100584338,0.903349681377587
1733,0.905653560999368,12,0.893813919501131,0.980684863121755,0.867462384167833,0.570971769710574,0.903349681377587
1734,1.50436455734555,12,1.37471521447551,1.51551326933946,1.31196388771654,0.875166664534239,0.903349681377587
1735,0.684594076081634,12,0.618211338719028,0.668109222957587,0.592308796305683,0.385227288992737,0.903349681377587
1736,0.958869043432221,12,0.92901476095413,0.968192315175907,0.863691606914108,0.553935973137479,0.903349681377587
1737,0.522308317392527,12,0.493170516845227,0.514778989182188,0.431935799683491,0.280710278207518,0.903349681377587
1738,1.31156416543976,12,1.2953794093124,1.29717254794701,1.18904104396708,0.752396149215908,0.903349681377587
1739,1.62777934176416,12,1.6170455816217,1.57177222080918,1.37312546709451,0.929180734072873,0.903349681377587
1740,0.893106282902034,12,0.901611267449857,0.922899977803942,0.759722612600285,0.512968668420318,0.903349681377587
1741,0.945488511090428,12,0.962815848039931,0.946259871644941,0.768651655825913,0.53361676806526,0.903349681377587
1742,0.80279760016357,12,0.815440987689118,0.808785970929573,0.693504201890539,0.464802350343719,0.903349681377587
1743,1.2981621883322,12,1.17050630006327,1.25170217306034,1.00910409074156,0.665200552651872,0.903349681377587
1744,0.955002636869958,12,1.00091567479743,0.991082673926047,0.831776654370919,0.545672722159416,0.903349681377587
1745,0.634367254295528,12,0.661699325414567,0.632972730475007,0.532620541622639,0.347343796263757,0.903349681377587
1746,1.03739622035699,12,1.15351552556933,1.09547675130824,0.901938586629515,0.622858406074543,0.903349681377587
1747,1.18979762359795,12,1.27814459946181,1.23220304869574,1.04571217579598,0.671412696177508,0.903349681377587
1748,0.325718450099202,12,0.341174941327798,0.275359112075193,0.31555434907937,0.187615325399285,0.903349681377587
1749,0.98091605720277,12,0.988008468256564,0.940658717943784,0.833966121145783,0.546750959752596,0.903349681377587
1750,1.08442786690263,12,1.08350863321992,1.11903619452589,0.943408928972179,0.613715146721964,0.903349681377587
1751,0.937105638987467,12,0.953463060048235,0.935668842674164,0.792552507947016,0.506424979902263,0.903349681377587
1752,0.41126454673469,12,0.408399214571935,0.407280931720161,0.360793560080149,0.237669608113361,0.903349681377587
1753,0.918206813619392,12,0.916180451595726,0.967787557557317,0.824461154535636,0.514540116380441,0.903349681377587
1754,1.26845082181472,12,1.23806635796451,1.32612693414716,1.09123916578613,0.739288615924097,0.903349681377587
1755,0.95220345256811,12,0.872331144298275,0.902641157827248,0.77710453020094,0.497326370804503,0.903349681377587
1756,1.22450505178989,12,1.11740108467078,1.19824469672053,1.02316137344362,0.674882784622104,0.903349681377587
1757,1.56534230935747,12,1.38379632568009,1.59344597566007,1.32180007250425,0.871620521571195,0.903349681377587
1758,1.33541497644333,12,1.19611118682008,1.40590169178683,1.13741925805226,0.791647099506065,0.903349681377587
1759,1.15622237678752,12,1.01955809458926,1.22474577570398,0.980840645677162,0.642622059606528,0.903349681377587
1760,0.887975408727629,12,0.814848172595207,0.857588228185986,0.809311338777963,0.540709728497235,0.903349681377587
1761,1.39437761523525,12,1.30787595617275,1.37519622805826,1.06115063663189,0.755275048778334,0.903349681377587
1762,1.27541819688784,12,1.17442553674776,1.25273584437538,1.06105890432461,0.705843351343544,0.903349681377587
1763,1.12712451160501,12,1.03800193173795,1.18867921387651,1.01268254292195,0.663751015792582,0.903349681377587
1764,1.14070430556126,12,1.14485932144726,1.17628344529359,0.995934263326244,0.679722624742236,0.903349681377587
1765,1.13395397188495,12,1.20420741214964,1.12019741957545,1.0392102942691,0.652858756929407,0.903349681377587
1766,0.977758013201824,12,1.03500131388701,1.02353564040472,0.912486651291241,0.565296930174836,0.903349681377587
1767,1.01120808606219,12,1.11887953831237,1.1136676367525,0.913542245715305,0.548544559841889,0.903349681377587
1768,0.837991070136949,12,0.848918406828613,0.850988402249029,0.706353114251265,0.479026644659018,0.903349681377587
1769,0.59962411927107,12,0.73768776762456,0.592763972953033,0.599596285655755,0.39038565927063,0.903349681377587
1770,0.582254146218697,12,0.691179478656942,0.547570793558294,0.526542189603614,0.323602040379997,0.903349681377587
1771,0.962640532913772,12,1.07175572766283,1.02008835099946,0.862993237669926,0.571778656496842,0.903349681377587
1772,0.472754718919623,12,0.537112230980153,0.499814213186819,0.424625553231395,0.280802637239252,0.903349681377587
1773,0.727980031118506,12,0.842964027280807,0.76684346200232,0.664236751398052,0.420136270603348,0.903349681377587
1774,0.896275313901638,12,1.12283454495362,0.882361041890411,0.841086427069051,0.552366834597903,0.903349681377587
1775,0.430367414281139,12,0.490128153415526,0.43943353121541,0.417140313535542,0.26620304153595,0.903349681377587
1776,0.807415383619681,13,0.854375031132239,0.828430094150315,0.649675384057125,0.420197287762988,0.906308290846922
1777,1.17917859124175,13,1.22597715860098,1.21419874948868,1.12304690675735,0.755269625196607,0.906308290846922
1778,0.859143891287588,13,0.884691070363114,0.856504248245398,0.858089946940905,0.525720036510111,0.906308290846922
1779,0.679164923283544,13,0.691325748665332,0.684283655474265,0.703359898877499,0.457624464753508,0.906308290846922
1780,0.861659326913928,13,0.84277394298476,0.880211435057151,0.832066430215441,0.491692297818998,0.906308290846922
1781,1.04167645441916,13,0.960491015728007,1.05923919651952,0.964695263710026,0.598273225422932,0.906308290846922
1782,1.17285094560747,13,1.01405461002956,1.26653800985427,1.11435930883367,0.731238552356547,0.906308290846922
1783,1.46561721603236,13,1.24275291596326,1.4930052975951,1.31522598612342,0.915389889900449,0.906308290846922
1784,1.56755917421096,13,1.269149183124,1.61579905591222,1.39845978912699,0.943765786516114,0.906308290846922
1785,1.01636914723345,13,0.846108047764402,1.01491185082891,0.93483955961705,0.604204377792683,0.906308290846922
1786,1.20025186064217,13,0.942296954620457,1.2365566109861,1.01764280722335,0.677795082623265,0.906308290846922
1787,1.4879860324574,13,1.13878965814275,1.54273589952458,1.36560813582474,0.931912456334883,0.906308290846922
1788,1.85186456631245,13,1.38138049862258,1.84892989615891,1.71983528849149,1.17493474427823,0.906308290846922
1789,0.820766886331253,13,0.694754190828805,0.845760104723059,0.821357143048196,0.539091084566428,0.906308290846922
1790,1.66563415416999,13,1.27605980891341,1.76101876396183,1.30247627861996,0.914805558218507,0.906308290846922
1791,1.55066428971964,13,1.16008672659776,1.44030610936599,1.38996432011401,0.936971826250063,0.906308290846922
1792,1.70018859208966,13,1.21977052135976,1.76713633895026,1.57552291329727,1.0667750425591,0.906308290846922
1793,1.31452524294273,13,0.961920271630707,1.37978196208846,1.19095667139825,0.792194386105437,0.906308290846922
1794,1.14165519311046,13,0.82347009311023,1.17968884494492,1.09219213501484,0.700989681806832,0.906308290846922
1795,1.53983247467187,13,1.15775988132179,1.51747501549719,1.48698377086859,1.00351874311822,0.906308290846922
1796,1.23091522133093,13,0.923256500929814,1.29771307753543,1.18119527579875,0.764913271030432,0.906308290846922
1797,1.08280419247776,13,0.833917513266342,1.16961937955987,1.10089505887826,0.693523943977304,0.906308290846922
1798,0.939410149620976,13,0.723108969309433,0.994337989281602,0.932577927696265,0.592168927557111,0.906308290846922
1799,1.08070426182819,13,0.885368672817663,1.11681795971309,1.04965884232583,0.631154934916471,0.906308290846922
1800,1.23024064970806,13,1.01414457857707,1.26574240687997,1.14904665146374,0.74650782961027,0.906308290846922
1801,1.02700388333172,13,0.858774701294608,1.01051386770214,0.886916282832789,0.566556174675695,0.906308290846922
1802,1.22810552079609,13,1.04789390249795,1.30437425506628,1.17285027068502,0.757102451913904,0.906308290846922
1803,1.40011253371529,13,1.16932571426498,1.49555060366233,1.25832271620208,0.872899333545734,0.906308290846922
1804,1.21701616439606,13,1.03766292502579,1.2631142507226,1.15172417786685,0.764595714767625,0.906308290846922
1805,1.06711019105208,13,0.938551832054789,1.16718058130436,1.03536091856283,0.687904140165986,0.906308290846922
1806,0.831912869747026,13,0.739148293887503,0.897836307052454,0.699612644797918,0.466146169461759,0.906308290846922
1807,1.11036321654911,13,0.968823514973839,1.18245137910776,0.972930002095268,0.656681682491639,0.906308290846922
1808,0.989555040062842,13,0.835599286962207,1.03270231571092,0.903412553819352,0.59838286541988,0.906308290846922
1809,0.755579780350479,13,0.64889969417664,0.805864736770794,0.733333565482314,0.470934139465994,0.906308290846922
1810,1.20101395535382,13,1.04245579456059,1.26585071825418,1.07216101593759,0.70805465752676,0.906308290846922
1811,1.4000404627351,13,1.21265756248486,1.47897595802119,1.23622874550664,0.803495033862013,0.906308290846922
1812,1.296029279376,13,1.12320639592439,1.35404925396397,1.1219608232168,0.742407155092455,0.906308290846922
1813,1.09852837156398,13,0.945296424425961,1.17770833249069,1.04724938723603,0.704623489816899,0.906308290846922
1814,1.49271740274024,13,1.33255513461945,1.59940088249752,1.41709306299283,1.00457713019967,0.906308290846922
1815,1.56845088264239,13,1.37438002736252,1.54589402521584,1.42562649359695,0.932719537171189,0.906308290846922
1816,1.57309658941779,13,1.45330696913705,1.56980789311581,1.39585036763931,0.947154068226013,0.906308290846922
1817,1.25895997535417,13,1.1817319364314,1.34382857263983,1.05192329318528,0.694039431433725,0.906308290846922
1818,0.751385006005011,13,0.68766547415278,0.790044508600471,0.62107908990583,0.394802995594685,0.906308290846922
1819,0.728153977347099,13,0.719774423912836,0.771204685986427,0.63508456737005,0.389266483175569,0.906308290846922
1820,0.899057308522634,13,0.853972945055947,0.952381572206038,0.730180200884666,0.455022775692621,0.906308290846922
1821,0.791406273216159,13,0.807265559803861,0.801064536355404,0.667306920821927,0.43150475816648,0.906308290846922
1822,0.852514763295075,13,0.853730195829474,0.925483417470299,0.697930456345129,0.470368843198792,0.906308290846922
1823,0.946482304976371,13,0.977394786778407,0.986711922878583,0.883402043913973,0.592641280284579,0.906308290846922
1824,0.664819018095004,13,0.699364826628357,0.703374932902641,0.582429396156639,0.388761239817225,0.906308290846922
1825,0.79330234577096,13,0.811839641369539,0.856555421776397,0.645975806618542,0.41856804986616,0.906308290846922
1826,0.453685936135204,13,0.475124569819986,0.486327214624501,0.369658795138622,0.229202738048378,0.906308290846922
1827,1.23271763503306,13,1.36871189850698,1.33432833176327,1.09732873413578,0.750992655284313,0.906308290846922
1828,1.2025888220736,13,1.2949773089339,1.30626022857304,0.926310237944755,0.643821051255127,0.906308290846922
1829,0.828798350233054,13,0.884617440800982,0.919760495250742,0.68633261410281,0.4960656954628,0.906308290846922
1830,0.618362607905377,13,0.612733420035168,0.684318530680009,0.513997363354485,0.324521220974199,0.906308290846922
1831,1.39913602844528,13,1.43780884029865,1.46395949884947,1.27380434760502,0.827467745116285,0.906308290846922
1832,1.19537479920184,13,1.24290005616974,1.21387966612659,1.05522910109852,0.67538788993322,0.906308290846922
1833,1.25111622576756,13,1.31604714927749,1.3180702117985,1.03181769809413,0.70603362836877,0.906308290846922
1834,1.09486697330943,13,1.19748963438152,1.10050463251099,0.812638073417245,0.525056493671685,0.906308290846922
1835,1.07588187106932,13,1.16989579870348,1.04231972207138,0.927456328616392,0.649789201412673,0.906308290846922
1836,0.712919019284257,13,0.807191848147898,0.702844459740471,0.613553065075191,0.433531964480442,0.906308290846922
1837,1.08492314381579,13,1.2940118949998,1.09301527491066,0.869592273590341,0.605185856054945,0.906308290846922
1838,0.977245321951668,13,1.21958831018633,0.977444620876684,0.827647987564669,0.531472107444152,0.906308290846922
1839,0.812546866485963,13,0.968409648673711,0.825286241671956,0.688999958433561,0.482489824756712,0.906308290846922
1840,0.573887507482496,13,0.67969896283042,0.55749635532736,0.471077517769364,0.319071831761187,0.906308290846922
1841,0.666901081164463,13,0.81689508484127,0.735650294046826,0.544951370813842,0.36474535370189,0.906308290846922
1842,0.377397707149915,13,0.495216283899598,0.398118960964067,0.30140847972228,0.197176728336165,0.906308290846922
1843,0.712658027520487,13,0.893906074822891,0.750380007829769,0.589509043772692,0.415930126246733,0.906308290846922
1844,0.710026840182087,13,0.922028862890097,0.707900865216502,0.598851194954423,0.404902375148566,0.906308290846922
1845,0.635768741900873,13,0.856033385424664,0.689465586935655,0.571238509444012,0.370488395445708,0.906308290846922
1846,0.744040126766214,13,1.02203859087528,0.821835408348078,0.640385837689439,0.422544905682654,0.906308290846922
1847,0.604867261211367,13,0.821646332525374,0.662145458936085,0.640592924384642,0.408769150507639,0.906308290846922
1848,0.713647232797303,13,0.885499320268627,0.787860458006148,0.62709015248746,0.39759834661028,0.906308290846922
1849,0.8001681288595,13,0.98522391433044,0.872582132770435,0.708084033125197,0.463012754299847,0.906308290846922
1850,0.97226119023006,13,1.22689083493673,1.0649585104277,0.894364963003175,0.552050717074093,0.906308290846922
1851,0.290653016538421,13,0.348224794718065,0.322805423616719,0.237256256168988,0.150166418797252,0.906308290846922
1852,0.982897333808731,13,1.19800851856689,1.07917268269657,0.888162601865278,0.55822564510521,0.906308290846922
1853,0.918733251554541,13,1.05733722030634,0.985047689577133,0.748119315305128,0.497815579901581,0.906308290846922
1854,1.03559377709873,13,1.13957762889094,1.13012167020397,0.891513581204945,0.56243568023072,0.906308290846922
1855,0.924112896073268,13,0.99642163393714,1.01241543558912,0.728829364408581,0.469012704758985,0.906308290846922
1856,0.830043579539872,13,0.818890745794539,0.88896068663618,0.647756398723519,0.416873732564172,0.906308290846922
1857,0.667308880409657,13,0.730267684828855,0.714819517698839,0.61774948455027,0.410664092356442,0.906308290846922
1858,1.08171645383771,13,1.05027479151079,1.15033059796079,0.962218383848472,0.645944920062752,0.906308290846922
1859,1.21530888801724,13,1.17963088723148,1.32441545389861,1.06937316987682,0.676972625314741,0.906308290846922
1860,1.1912740634316,13,1.10749986545893,1.28459922835291,1.01553749377613,0.719047734252504,0.906308290846922
1861,0.986364988893397,13,0.909350845613834,1.09955962555557,0.878132724574824,0.599197805615546,0.906308290846922
1862,1.20196891738769,13,1.10027863603648,1.27760099660304,1.07625115916823,0.745166815744869,0.906308290846922
1863,1.44612778371924,13,1.28195616817244,1.56172419252137,1.29798133380418,0.919167111338186,0.906308290846922
1864,1.26894530694183,13,1.20338927017345,1.38300328897779,1.08723981903717,0.776921549966728,0.906308290846922
1865,1.12210914757393,13,1.01441688470887,1.23019617468287,1.05360733431938,0.716090414671398,0.906308290846922
1866,1.53458159616224,13,1.42208285926072,1.55078012559268,1.43879037782748,1.00390082023453,0.906308290846922
1867,1.24982319595282,13,1.16144013087225,1.29163363836749,1.16037228523049,0.774014328663209,0.906308290846922
1868,0.540345474830521,13,0.486021472054162,0.587742961375114,0.439849164919198,0.26871710395506,0.906308290846922
1869,1.16918550441264,13,1.13126406721432,1.20448907124815,0.996748983623445,0.682962921022311,0.906308290846922
1870,1.28170757000621,13,1.23055972780378,1.39471744660706,1.10619924734654,0.778613889145056,0.906308290846922
1871,0.801931278449097,13,0.821742662477829,0.832752690583288,0.729394954997025,0.474853747138028,0.906308290846922
1872,0.950524942012736,13,0.946278441954859,1.03286636158325,0.843688209758854,0.561943032773831,0.906308290846922
1873,0.775458084188954,13,0.789619626590018,0.867761068999546,0.769298737442273,0.505234246894816,0.906308290846922
1874,0.54507528496251,13,0.595511026378944,0.566069321087327,0.447008854824028,0.308983231733977,0.906308290846922
1875,0.719893959415428,13,0.74779395659732,0.775739462271406,0.596699081347507,0.431395296052882,0.906308290846922
1876,0.994124387712991,13,1.05919884551366,1.09865364539859,0.872252526803736,0.557913958757966,0.906308290846922
1877,1.02801763671538,13,1.14874325727254,1.09722437088011,0.819797439181728,0.57805637972167,0.906308290846922
1878,1.18442350441684,13,1.28453022025106,1.24560444348027,1.11035853206944,0.72497038969353,0.906308290846922
1879,0.609536966795745,13,0.646702963980134,0.676089186792013,0.578703801315721,0.360848369711675,0.906308290846922
1880,0.578825552990601,13,0.622942066086745,0.635716643751784,0.548374075338411,0.347016837364673,0.906308290846922
1881,0.873388384635646,13,0.96108769970121,0.969046391428531,0.791303479029942,0.515732305685308,0.906308290846922
1882,1.07258584191075,13,1.17514229709517,1.18662786152886,0.901741524119171,0.649436688693975,0.906308290846922
1883,1.05071590655845,13,1.15380683595418,1.12381858419094,0.785844349236994,0.544842640679684,0.906308290846922
1884,1.05113701957952,13,1.12429166262512,1.12535199096236,0.897224966274662,0.62477264221002,0.906308290846922
1885,1.31675017165501,13,1.43043462972425,1.4292351118538,1.14084333216827,0.802538457138439,0.906308290846922
1886,0.946411423045462,13,1.04866744743163,1.01665146209665,0.795487915397479,0.520174415129,0.906308290846922
1887,1.08758467448605,13,1.22102819693943,1.18420450608552,0.933642337776677,0.66372026813447,0.906308290846922
1888,0.783343787124802,13,0.835688555994582,0.865118928692136,0.712162772571492,0.480790399446667,0.906308290846922
1889,0.918472350111388,13,1.01406679332123,0.976982642922125,0.77797183580877,0.516415698970962,0.906308290846922
1890,0.549207816326466,13,0.620593859519036,0.559202339112248,0.551452710638502,0.347650817455066,0.906308290846922
1891,0.929115964071464,13,1.09672428366903,1.00855720342533,0.812362843837987,0.539725823753178,0.906308290846922
1892,0.953143048216418,13,1.1502408986861,1.05799161024162,0.854680624073456,0.573794098712271,0.906308290846922
1893,0.300857446549757,13,0.305880469153768,0.331707675676001,0.24740899322883,0.162631863918179,0.906308290846922
1894,0.720559883847321,13,0.86926899236762,0.733084669046437,0.672797793194147,0.453300542122609,0.906308290846922
1895,1.12471357531575,13,1.3115392844405,1.16570186130841,1.07902393042641,0.74994612334614,0.906308290846922
1896,0.81706824622466,13,0.947544884916299,0.834641131143737,0.779460199922668,0.462408786012548,0.906308290846922
1897,1.02112273230324,13,1.19457274520796,1.10334722412083,0.880195996786849,0.549832705258667,0.906308290846922
1898,1.27394744842899,13,1.64846564272393,1.34237727437791,1.30699625102234,0.868224599276972,0.906308290846922
1899,0.73974788976449,13,0.852919345961148,0.819294324006846,0.702078243401111,0.427870965574816,0.906308290846922
1900,0.576129887753323,13,0.679407477207452,0.592398476636344,0.463307332539276,0.294251386345273,0.906308290846922
1901,0.62529351212662,13,0.742976686101256,0.620814355611421,0.542845593976135,0.363363208906492,0.906308290846922
1902,0.43643073354701,13,0.516617147262315,0.4661969393871,0.347906110155108,0.223349048295653,0.906308290846922
1903,0.888446160485568,13,1.06032814471104,0.933048602633414,0.772632955351661,0.482818539647998,0.906308290846922
1904,0.864557835575622,13,1.01235815736651,0.888664776267234,0.692209369609125,0.467174865451061,0.906308290846922
1905,0.794904187773405,13,0.869311583787238,0.849739674173691,0.665728631036793,0.405074467743017,0.906308290846922
1906,0.557040519953568,12,0.583513437006406,0.611148072905005,0.439873934467905,0.283105762928405,0.898972135032597
1907,1.35801287373388,12,1.44282575103944,1.48020220651955,1.25735864880006,0.858470100190503,0.898972135032597
1908,1.39304492212385,12,1.43386164421836,1.52413190328114,1.24159612352562,0.833988112889215,0.898972135032597
1909,0.877827656531969,12,0.946233041416655,0.92423738510157,0.719950808527966,0.45131953867583,0.898972135032597
1910,0.548734187725877,12,0.585895345285549,0.559890234544914,0.388484507467709,0.245641515610712,0.898972135032597
1911,1.08803295456254,12,1.19820852285845,1.19177790328536,0.905151172974851,0.586301830722911,0.898972135032597
1912,1.39982896810278,12,1.43833599085302,1.45035533805375,1.08831921422408,0.819076671963244,0.898972135032597
1913,1.2633126841308,12,1.3226404968806,1.34501600778029,1.03055253481105,0.736328115316965,0.898972135032597
1914,1.05593650700148,12,1.06008492382846,1.11591433637192,0.92679014932347,0.594678734096386,0.898972135032597
1915,0.933186204156816,12,0.966254137387742,0.961617644326306,0.71192331618484,0.447617318734438,0.898972135032597
1916,0.605212295370214,12,0.592788234272954,0.670119240321131,0.481773500415955,0.303069720390142,0.898972135032597
1917,1.05830421575095,12,1.05215451555711,1.1443759596359,0.90181315730369,0.618155156757383,0.898972135032597
1918,0.935391025224543,12,0.911455557741784,0.961074484914827,0.776341442246021,0.489910906120172,0.898972135032597
1919,1.25152330664323,12,1.24392804344682,1.3123225394322,1.02069470714577,0.746164454738227,0.898972135032597
1920,0.892247720265403,12,0.850364898817613,0.971549038618598,0.71575812243207,0.466975594263164,0.898972135032597
1921,1.16399359224858,12,1.07124921677294,1.24100336659084,0.968186109444643,0.646876382030237,0.898972135032597
1922,1.02916023207692,12,1.00172622221893,1.15738878206804,0.809722706733754,0.548386073391912,0.898972135032597
1923,0.311326445083984,12,0.276384722746883,0.368992022660497,0.249029544133186,0.159508459513066,0.898972135032597
1924,0.899402746746327,12,0.849887082494745,0.949278194355853,0.693713876319149,0.41049199297807,0.898972135032597
1925,1.19483478451642,12,1.08526147592833,1.25533273589528,0.950005150925361,0.61654332651336,0.898972135032597
1926,1.24052536108919,12,1.15914955253212,1.31293400067606,1.08901106343132,0.641834054096471,0.898972135032597
1927,1.44194090319655,12,1.29771587161272,1.43990063152463,1.15962859523141,0.729696496963127,0.898972135032597
1928,1.3099631823851,12,1.16761840615958,1.35710644953145,0.989434912162083,0.604788886878967,0.898972135032597
1929,1.01019897604638,12,0.920979493492477,1.07824081462653,0.785083112457792,0.493387923271682,0.898972135032597
1930,0.957999882833412,12,0.848652944896046,1.00101712503063,0.662600100511868,0.467064529363745,0.898972135032597
1931,1.16264234828976,12,1.01528137820809,1.19782196388098,0.834533513071626,0.570878795354395,0.898972135032597
1932,1.29888901058169,12,1.14349025959317,1.47823180907597,1.08778266924009,0.742617883625322,0.898972135032597
1933,1.3373849635564,12,1.20436240603891,1.45690911435589,1.05301668439602,0.74898185225027,0.898972135032597
1934,0.592713840810152,12,0.575916298142447,0.656101631363817,0.440088191231759,0.312849831489697,0.898972135032597
1935,1.29140232033075,12,1.12092360036798,1.32623799099799,1.05864485810974,0.680932850699205,0.898972135032597
1936,0.866080578965742,12,0.739312240039599,0.922718842395016,0.594795762742852,0.392953151863474,0.898972135032597
1937,1.05238126992983,12,0.988778656658342,1.15193859608053,0.764062324628497,0.519430015631356,0.898972135032597
1938,1.54175983947307,12,1.41207700592416,1.6582261186239,1.17657880894242,0.811695486847029,0.898972135032597
1939,0.741637674784042,12,0.625456979757732,0.811901596339194,0.556185740647364,0.363861534345108,0.898972135032597
1940,0.98519224686618,12,0.871833365888716,1.03945859102235,0.641903014154251,0.435024287872471,0.898972135032597
1941,1.60544435304165,12,1.46751858981518,1.72496331590386,1.23322408938003,0.933883946820799,0.898972135032597
1942,1.20311829567895,12,1.06605656382375,1.35445741010211,0.937036325577759,0.675215068363759,0.898972135032597
1943,1.06696107300685,12,1.01114534932661,1.18080468800228,0.849447483926297,0.554974019607358,0.898972135032597
1944,1.04605869838737,12,1.06210929942217,1.14506511677556,0.737654424738739,0.509897446305396,0.898972135032597
1945,1.01528882101947,12,1.03410889925329,1.09115612182172,0.714093840878083,0.48515282127474,0.898972135032597
1946,0.83200198859359,12,0.814271138991376,0.895743446456012,0.647320516225957,0.411550378341414,0.898972135032597
1947,1.09378418246415,12,1.19573972378267,1.18823357781869,0.807741164192335,0.584052216606324,0.898972135032597
1948,1.15929761799064,12,1.25494211348169,1.18981941474543,0.837397115978822,0.522528053200842,0.898972135032597
1949,1.05993976202691,12,1.27946371168854,1.17996969046533,0.865142018442228,0.552685605841276,0.898972135032597
1950,0.733115875430805,12,0.866494483376751,0.818368707441936,0.598003476312713,0.380734400986863,0.898972135032597
1951,0.479447631325528,12,0.526312794932828,0.553863139348727,0.347484170424558,0.218511227470107,0.898972135032597
1952,0.548038922564202,12,0.664340137759062,0.611630242665686,0.419239449747183,0.269614488259781,0.898972135032597
1953,0.977574527173898,12,1.11655214465347,1.04783658242168,0.731623736067531,0.459891111287588,0.898972135032597
1954,0.67854738723805,12,0.893266911829106,0.725676313842479,0.584853506733465,0.381855792949364,0.898972135032597
1955,0.856404165251907,12,1.00666348843025,0.979490506119415,0.755495420749508,0.452788721113421,0.898972135032597
1956,0.511807069076633,12,0.596978608132057,0.648555019867124,0.411149620035232,0.245511665293548,0.898972135032597
1957,0.818135560784254,11,0.938510951691644,0.94071863124377,0.615601225259319,0.386388754449715,0.893278461406678
1958,0.756294849771048,11,0.813579103279356,0.876174831661783,0.579009841642283,0.352503740905076,0.893278461406678
1959,0.86996534169505,11,0.898987360894611,0.999390210841824,0.624982785889821,0.409338166314879,0.893278461406678
1960,1.09353266628997,11,1.18016564499796,1.22321571879742,0.910741615690459,0.523969534888131,0.893278461406678
1961,0.828475676815267,11,0.839601565934374,0.944330676279363,0.669544530570766,0.404514763101149,0.893278461406678
1962,0.985054993938692,11,0.95554963635668,1.11777858359034,0.767151066897418,0.483811646375427,0.893278461406678
1963,1.03048418013051,11,1.03146221390299,1.18682859267264,0.800711336693547,0.521476951798782,0.893278461406678
1964,0.81880763794285,11,0.805785340912184,0.952879906016906,0.637428496829753,0.413958721833847,0.893278461406678
1965,1.24348626896342,11,1.26076394227306,1.34166365366736,1.02307778739804,0.700848975376651,0.893278461406678
1966,1.18957861484056,11,1.11459333479889,1.3712082538464,0.875162961315304,0.576123164517986,0.893278461406678
1967,1.11136254299084,11,1.00382926401337,1.22256751328006,0.916812083549246,0.628440305021913,0.893278461406678
1968,1.09368526338139,11,1.0251689757507,1.2398763631114,0.780195612217981,0.574850766015992,0.893278461406678
1969,1.54706289247874,11,1.48144511975153,1.69513831494906,1.47854632186456,0.935260798643325,0.893278461406678
1970,1.4051807866634,11,1.31658240695679,1.48889914487677,1.23501606580623,0.825795636396379,0.893278461406678
1971,0.794495077631355,11,0.806604509560355,0.88379912072014,0.617294302096592,0.396956852425635,0.893278461406678
1972,0.748202217500866,11,0.694388432017541,0.800291599438713,0.673087374156512,0.462951766024019,0.893278461406678
1973,0.967869604341284,11,0.910391828495715,1.12452044296989,0.880080636460229,0.599131505306143,0.893278461406678
1974,0.664189441804177,11,0.643852170608577,0.654109528090695,0.525142866118949,0.333152945352924,0.893278461406678
1975,1.39346670891859,11,1.29659173028019,1.60809862719996,1.23140276257645,0.803334206726468,0.893278461406678
1976,1.13779493057317,11,1.05868119551107,1.24882986493735,1.07404035793055,0.712771987730316,0.893278461406678
1977,0.952774832984949,11,1.06272515815092,1.171364834531,0.823452419687472,0.605474410713612,0.893278461406678
1978,0.886441570541438,11,0.886042524336267,1.00771799303066,0.718910048368283,0.508386719155965,0.893278461406678
1979,0.763970425779129,11,0.773728829502279,0.779262272094025,0.543814876682122,0.438841327830482,0.893278461406678
1980,0.468630172485452,11,0.501675530887224,0.498854661979592,0.364633529543374,0.250836730878237,0.893278461406678
1981,1.26562529468117,11,1.20857734803303,1.30487063528568,1.07800417128925,0.733638464857728,0.893278461406678
1982,0.974024650255693,11,1.03146399387312,1.01342725337927,0.792828172097083,0.579564850161413,0.893278461406678
1983,1.1473893776882,11,1.2003199863839,1.28176808449142,1.07294323026489,0.69359499394059,0.893278461406678
1984,1.17468377670661,11,1.19318895180506,1.31089824048247,1.07058261354119,0.741211072899528,0.893278461406678
1985,1.0038248244164,11,1.08486767036322,1.08405115148992,0.845243491638913,0.53533020305672,0.893278461406678
1986,1.02582199208904,11,1.16310096608474,1.1974353099119,1.0518361976697,0.696969014822344,0.893278461406678
1987,0.868227209811999,11,0.879068481891655,0.98916608912771,0.717183183876305,0.39568506167375,0.893278461406678
1988,0.769144403882468,11,0.765823082794372,0.878114273854844,0.552566345982566,0.366965165893228,0.893278461406678
1989,0.270276133903857,11,0.268559948442649,0.332240064925507,0.198827260863129,0.129978807621489,0.893278461406678
1990,0.955786954297357,11,0.933950852899495,1.12015137915442,0.744565626615963,0.50179050986898,0.893278461406678
1991,0.99278793737669,11,0.988529746099422,1.17723563073688,0.776269669266821,0.523596608525542,0.893278461406678
1992,0.956640803215703,11,0.9884021601101,1.03905801251739,0.717260754485984,0.460200345860234,0.893278461406678
1993,1.04825007540994,11,1.0471180821081,1.2355829125146,0.817040116823329,0.531594392475886,0.893278461406678
1994,1.43078124400432,11,1.42842327802331,1.74738866904732,1.05275189347755,0.68051320050935,0.893278461406678
1995,1.20350404386891,11,1.21306402360938,1.44210836381333,0.835719850453127,0.578372869560794,0.893278461406678
1996,0.924328751240747,11,0.993814902102953,1.08942208668241,0.786491701293833,0.52700861161522,0.893278461406678
1997,1.15576446386842,11,1.20208269803756,1.32155185604462,0.954717441294753,0.663653628932071,0.893278461406678
1998,1.41586434766362,11,1.47568521659557,1.70515667065119,1.22838626625596,0.817340090234804,0.893278461406678
1999,1.1018197186258,11,1.15781140168189,1.27048089431045,1.01758200483295,0.652907696752852,0.893278461406678
2000,0.681382307684528,11,0.716861485263428,0.829800467877581,0.49719420183982,0.341564914413848,0.893278461406678
2001,0.736991245587777,11,0.824745142362294,0.894797571368457,0.580409237254464,0.36300928676417,0.893278461406678
2002,0.227749996321277,11,0.253717749726101,0.274909680253533,0.169104278918321,0.101064014032434,0.893278461406678
2003,0.626265731749823,11,0.761801551687658,0.759213298353491,0.532405610603592,0.342424635655153,0.893278461406678
2004,0.672377977160215,11,0.810406942783372,0.839119932081064,0.546561121669471,0.369529557975181,0.893278461406678
2005,1.05416582219327,11,1.25462508749613,1.24269811962146,0.778307030465937,0.507444115299109,0.893278461406678
2006,0.913256003808859,11,1.07416136342422,1.0963667534535,0.630896090331485,0.402136108275606,0.893278461406678
2007,1.15725597085528,11,1.46874674030457,1.37743657091486,0.839336460238256,0.604371204599977,0.893278461406678
2008,0.846907260134503,6,0.880222669507964,0.947896878433829,0.494091191001266,0.317488464323224,0.862393259126188
2009,0.730231188297962,6,0.820062252833504,0.819313972466875,0.469758772128972,0.293568212149214,0.862393259126188
