"year","ModNegExp","samp.depth","Spline","AgeDepSpline","RCS","SFRCS","EPS"
984,1.1201854428298,1,1.15995286963542,1.17409894885499,2.43313280888478,1.88376892097864,NA
985,1.07556563789968,1,1.10753936459002,1.12186112162523,2.26285714285714,1.72889891621969,NA
986,0.984741661627703,1,1.00831779484141,1.02247467589286,2.18163966617575,1.5905238483715,NA
987,1.21788723444005,1,1.2393537036281,1.25923247980417,2.44944330833901,1.84914737264443,NA
988,0.689291319032007,1,0.696270496634595,0.709919919864399,1.38166705148926,1.01964214843998,NA
989,0.728547919249363,1,0.728956097549031,0.747668578631318,1.40903929139223,1.0806517426529,NA
990,0.737383991410606,1,0.728885211196104,0.75426287958448,1.56186612576065,1.13409338049355,NA
991,0.805256963804893,1,0.784306630878373,0.821242289306267,1.64097463948284,1.18094683253445,NA
992,0.656526547155141,1,0.628772632224719,0.667762956950611,1.38837759663424,0.986574201282947,NA
993,0.730331054455103,1,0.687092143252881,0.741043432139409,1.4798459563543,1.11155749699964,NA
994,1.29511912227363,1,1.19775716403368,1.31130266016942,2.47459299457326,1.9150601907172,NA
995,1.67242804743558,1,1.52486600127195,1.69012934474375,3.02401902497027,2.45454316985979,NA
996,1.49728939725001,1,1.35241610655182,1.51064227194236,2.65968586387435,2.12678626102864,NA
997,1.6030711658347,1,1.44305261848643,1.61506534259421,2.82132564841499,2.17674361585288,NA
998,1.38798048943947,1,1.25336568007339,1.39667004833086,2.40790742526519,1.86818525282878,NA
999,1.19542004797039,1,1.08987444080982,1.20168188260788,2.1954261954262,1.66466177561698,NA
1000,1.12835651602563,1,1.04478360688766,1.13332053723364,2.10085836909871,1.50347167232653,NA
1001,1.22186181662448,2,1.14888697871867,1.26742519049189,2.49610068792173,1.84937259941174,0.687646247014074
1002,1.07811719406177,2,1.03890643682221,1.1119521421561,2.17546250490431,1.56592703774522,0.687646247014074
1003,0.863446007808796,2,0.852906517115539,0.892280156592912,1.74891619254772,1.26110145334449,0.687646247014074
1004,0.923531196088041,2,0.937168251738238,0.951181643366641,1.78859047644584,1.2752083191813,0.687646247014074
1005,0.901528851190562,2,0.939840578717565,0.92587032416318,1.75321002204088,1.21823513680728,0.687646247014074
1006,0.919642749723019,2,0.985397454185303,0.94028617834862,1.74650043992219,1.25231885262895,0.687646247014074
1007,0.875917097731023,2,0.961196660495397,0.894052977063134,1.69351109479227,1.22004628421741,0.687646247014074
1008,0.697532665982921,2,0.782009493523615,0.710358554697205,1.32256540016163,0.955022347361164,0.687646247014074
1009,0.555793426438869,2,0.635444857388121,0.564024404874983,1.06043812776237,0.744341751198549,0.687646247014074
1010,0.668685771579308,2,0.771970124701729,0.678352455990825,1.24406423042742,0.931788884768343,0.687646247014074
1011,0.877732097116085,2,1.02024426387401,0.888968090574599,1.55859524886258,1.15450720716141,0.687646247014074
1012,0.926456810751844,2,1.07928709640978,0.936814517023026,1.56069962793909,1.19489661375622,0.687646247014074
1013,1.17323613674957,2,1.36472776357485,1.18444025165827,1.94247208451096,1.49146851283514,0.687646247014074
1014,1.11898188599971,2,1.29858104934827,1.12762665219076,1.84157182630782,1.40591496210621,0.687646247014074
1015,0.512988832025108,2,0.590104057453064,0.516287888085476,0.843737267022289,0.614780082735977,0.687646247014074
1016,0.611891807808983,2,0.694542218623205,0.615067444663347,1.0775532023551,0.775698470094662,0.687646247014074
1017,0.722035670515717,2,0.805922111885708,0.72492641225576,1.24456961067663,0.856105273025068,0.687646247014074
1018,0.899931354203312,2,0.979259632432348,0.902032167521705,1.65020182520809,1.14127386200186,0.687646247014074
1019,1.2867710362667,2,1.37144935271016,1.28838565046564,2.32831169342534,1.59379630068526,0.687646247014074
1020,1.13636447246301,2,1.18151083935632,1.13605892849829,1.99903385084837,1.39413072273713,0.687646247014074
1021,0.68442614880834,2,0.698176199297635,0.684237947306618,1.21276268845938,0.795890638472706,0.687646247014074
1022,1.18166209926711,2,1.17640723072566,1.17993707947046,2.0447522515583,1.33222214861072,0.687646247014074
1023,1.14610003202481,2,1.11559394733806,1.14368059687975,1.93183443822088,1.31242751304952,0.687646247014074
1024,1.09616453811654,2,1.04355576915484,1.09285876301795,1.78972794182971,1.25861781154643,0.687646247014074
1025,0.924860088644964,2,0.863292442586499,0.923092498078311,1.48284888557502,1.03550160089037,0.687646247014074
1026,1.03317052648538,2,0.945303275747922,1.0320464219453,1.68704653982121,1.14342573526933,0.687646247014074
1027,1.31738616995527,2,1.18226210033989,1.31506742860049,2.04817851286804,1.4669970470542,0.687646247014074
1028,1.16365511314822,2,1.02622714452075,1.16227016821366,1.77114614614615,1.21430942094152,0.687646247014074
1029,0.895061826701448,2,0.777043040581689,0.890886099975484,1.32977130503963,0.930630808897906,0.687646247014074
1030,1.37529614308528,2,1.17748377966572,1.37125123464215,2.01899983561193,1.41332974321649,0.687646247014074
1031,1.298537889945,2,1.09836433234892,1.29276621490554,1.88699150858905,1.38204535862211,0.687646247014074
1032,1.21598360494019,2,1.01829516939928,1.21029172239577,1.76744799547674,1.20738119380662,0.687646247014074
1033,1.31062091462073,2,1.08953131097047,1.30612862841589,2.0021097770996,1.35068620229094,0.687646247014074
1034,0.923431674717704,2,0.763502505655408,0.92085859588609,1.34008184007122,0.880796551429825,0.687646247014074
1035,1.17828347826029,2,0.971027234387255,1.17605224829845,1.63184257330921,1.16065038690845,0.687646247014074
1036,1.50089018690056,2,1.23340835827589,1.49711911557523,2.10934713200484,1.47573963014012,0.687646247014074
1037,1.06315505123952,2,0.873089612687307,1.06024026100731,1.50336875449317,1.02857531650041,0.687646247014074
1038,0.881732755196932,3,0.897523043447338,0.935317940267351,1.17510447010518,0.805351111358089,0.80594512031784
1039,1.02799440151141,3,0.901518681929426,1.04710716760439,1.28120351833716,0.882501112169283,0.80594512031784
1040,0.978586421495317,3,1.02570781483281,1.00293223645985,1.4206469114114,0.972478639126732,0.80594512031784
1041,1.60750827773706,3,1.4710266133067,1.63038130474536,1.93560244929211,1.37054718633812,0.80594512031784
1042,1.09034394972706,3,0.985387349477099,1.09898746647332,1.30418035449224,0.897973468209786,0.80594512031784
1043,1.10974619672663,3,1.01671892570932,1.11788349787868,1.40033591742324,0.928535313997807,0.80594512031784
1044,1.42388788293367,3,1.32509209417803,1.43033608371912,1.75949890806129,1.28852179826598,0.80594512031784
1045,0.937964787512081,3,0.850910762847922,0.942010076073073,1.00465972999457,0.702589786258946,0.80594512031784
1046,0.822686602376315,3,0.737835801013516,0.777628857340308,0.933540916716274,0.640102497116051,0.80594512031784
1047,1.18360913447648,3,1.24490842026175,1.23248552471904,1.6295986132581,1.11119211140266,0.80594512031784
1048,0.770264393089766,3,0.768678450473047,0.804024285801904,0.849987513893274,0.606495083142414,0.80594512031784
1049,0.872773922487231,3,0.886184062497945,0.87127139186158,0.9231511512434,0.676332080144743,0.80594512031784
1050,0.833647004241758,3,0.864416738608804,0.850230338373234,0.893661226733177,0.650235702986266,0.80594512031784
1051,1.02209851688756,3,1.08056404123067,1.02830155988018,1.07095183109934,0.779133041194241,0.80594512031784
1052,1.14775220947544,3,1.2413312937501,1.15795607908217,1.15608909318045,0.86931935836956,0.80594512031784
1053,1.04705170441127,3,1.12576382098943,1.08761589740942,1.14033896253564,0.859178919546373,0.80594512031784
1054,0.447117120713889,3,0.488260031425708,0.447078294979228,0.392116973779385,0.275249224478367,0.80594512031784
1055,0.711213467124459,3,0.878555036593837,0.715734756269629,0.880070359804853,0.606352654084558,0.80594512031784
1056,0.663755293459008,3,0.764941480362382,0.665908767697664,0.771391862992978,0.532982335364431,0.80594512031784
1057,1.11823458111275,3,1.24064048515516,1.11887528122793,1.06816675257508,0.768221341481865,0.80594512031784
1058,0.855520094087144,3,0.960215487326159,0.872038168950868,0.936658051178751,0.62718670479038,0.80594512031784
1059,0.897040505562647,4,0.853416116835072,0.932983839278418,0.78171886756969,0.535607922415122,0.812357116768299
1060,0.655264256767405,4,0.711704229751028,0.672619163557003,0.617519455566196,0.437123920489194,0.812357116768299
1061,0.841062363082398,4,0.934769788723862,0.870895449909279,0.85894359388071,0.596275152970232,0.812357116768299
1062,1.00365349193172,4,1.08682247309181,1.02183472928657,0.959742107516345,0.721779567464346,0.812357116768299
1063,1.20085447396616,4,1.26440162198544,1.23583316583084,1.16129326009664,0.813213989939512,0.812357116768299
1064,1.08495987792185,4,1.19809371511698,1.09840646627661,1.00951347847301,0.725083143806757,0.812357116768299
1065,1.47351142714167,4,1.66149954302517,1.48917751336524,1.36327106590721,0.973871897535405,0.812357116768299
1066,1.40777163091979,4,1.39637322692338,1.4199046715733,1.1600221152089,0.820104477724886,0.812357116768299
1067,1.10112162349445,4,1.39538008597337,1.09857573256081,1.23576758190378,0.819512722097576,0.812357116768299
1068,0.715977096301067,4,0.897863462714892,0.716464883157777,0.705455309529983,0.50788011344274,0.812357116768299
1069,0.41767543390696,4,0.526456099253101,0.418399619138943,0.384088671139305,0.275892642498605,0.812357116768299
1070,0.442721609769703,4,0.591607552654853,0.450600116441036,0.430281226546568,0.308943655347621,0.812357116768299
1071,0.133943767197351,4,0.171687605204997,0.132252570859955,0.133451043254918,0.0874132658921582,0.812357116768299
1072,0.628428130067126,4,0.766628530141283,0.624950648147666,0.532897459649721,0.367105185505579,0.812357116768299
1073,0.702116971532607,4,0.839973452313864,0.69681017145644,0.576836789299111,0.418968270827346,0.812357116768299
1074,0.676845201441681,4,0.798218145879184,0.671467286788585,0.56282842376301,0.401688443879408,0.812357116768299
1075,0.881614713134494,4,1.05049093418349,0.864711654799448,0.736216093814654,0.528927825118689,0.812357116768299
1076,0.52858800275508,4,0.573884300112289,0.51993365738925,0.434174078303661,0.298992269946907,0.812357116768299
1077,1.38647626834398,4,1.68390604352933,1.37277974845345,1.2000229075269,0.830076768876558,0.812357116768299
1078,1.03865892824396,4,0.988571475020804,1.02762479469864,0.874876607653996,0.601606863731725,0.812357116768299
1079,0.865562381509097,4,0.87066232521276,0.854707172008893,0.633387883691759,0.426401855198674,0.812357116768299
1080,1.28703875682036,4,1.27547612784542,1.25737458289248,1.13250331890202,0.76354526708171,0.812357116768299
1081,0.987627486399403,4,1.09738274775179,0.973474947228096,0.920567752054302,0.621387753176966,0.812357116768299
1082,0.8073257321592,4,0.908351880576861,0.79036581345949,0.680040239354756,0.471982859538468,0.812357116768299
1083,0.953547937912523,4,1.0451346485523,0.927745958229858,0.832611684536916,0.555971628993054,0.812357116768299
1084,0.964467589399906,4,1.11033545620686,0.934762167981795,0.796605651465758,0.540115829550225,0.812357116768299
1085,1.25327062543398,4,1.34379907644232,1.20544409795042,1.16637459370348,0.811288450163822,0.812357116768299
1086,0.806709071649013,5,0.882353184528721,0.808119399739802,0.7172275233767,0.515799665429661,0.861907278256581
1087,0.61826027394027,5,0.666665858518252,0.622415815992228,0.545452344120581,0.385135490215214,0.861907278256581
1088,0.725853814904024,5,0.784671835086531,0.716882860095246,0.685819597952278,0.45928475410259,0.861907278256581
1089,0.848840198903699,5,0.867772276268068,0.836537606451529,0.672608893962709,0.504510489056185,0.861907278256581
1090,1.0850371925112,5,1.07466189638006,1.08349688121345,0.971375324425891,0.695929165685091,0.861907278256581
1091,0.470308597452225,5,0.465740210407903,0.448653708549097,0.367285460412459,0.282086901410272,0.861907278256581
1092,1.39950487525661,5,1.29060083988766,1.36510530988015,1.23785346781227,0.896869940055524,0.861907278256581
1093,1.04761641835423,5,1.02036755416928,1.02054867896548,0.974899386748724,0.706335013494526,0.861907278256581
1094,1.31217542553662,5,1.15483718728926,1.29782234197803,1.18962723670956,0.848223981581305,0.861907278256581
1095,1.43876386256499,5,1.25653763891561,1.42080189370501,1.26733106507365,0.93125558492226,0.861907278256581
1096,1.43225787881318,5,1.1994193628291,1.40325262601698,1.28079384838843,0.920657269982466,0.861907278256581
1097,1.24938266050063,5,1.07796891577647,1.25776217887957,1.15753066501185,0.786895086377677,0.861907278256581
1098,0.966595941920053,5,0.782179454740102,0.933527861757358,0.811513737236258,0.595896753392805,0.861907278256581
1099,1.30711623474309,5,1.04315918604172,1.2633242127061,1.10016922368574,0.803659861744257,0.861907278256581
1100,1.4687213170191,5,1.1589193950649,1.41067387645413,1.20606148833342,0.907860117818708,0.861907278256581
1101,1.53623264133452,5,1.22809194471062,1.47171750339841,1.24250119290816,0.915111052719113,0.861907278256581
1102,1.22022399485075,5,0.981925667725077,1.1700920628839,1.00668768370263,0.722692813491613,0.861907278256581
1103,0.849957296780992,5,0.722464636532876,0.830967874084665,0.72907684693768,0.511207494526235,0.861907278256581
1104,0.996277411225567,5,0.865958403681262,0.956371446173663,0.837157664103446,0.594759357025736,0.861907278256581
1105,0.843864558741234,5,0.732392005103232,0.809634929125206,0.714496981297663,0.52523721513004,0.861907278256581
1106,1.24969531236829,5,1.10855054285028,1.19052115385443,1.0173204762787,0.716024974471973,0.861907278256581
1107,1.02381040281196,5,0.900000274161256,0.975073526735001,0.892616057304132,0.6023087966318,0.861907278256581
1108,1.15717156865638,5,1.01463589845819,1.1024269471822,0.929641496434108,0.646999100696853,0.861907278256581
1109,1.01901173436859,5,0.929523822160384,0.974807176280465,0.824883475218004,0.585745596029851,0.861907278256581
1110,1.66451277371777,5,1.5791716953237,1.5904725681935,1.34402276923067,0.978388006759031,0.861907278256581
1111,1.21376391441445,5,1.14671364462599,1.1579245778396,0.964687008796177,0.698802219866956,0.861907278256581
1112,1.2078863309304,5,1.17923787147567,1.15359548514283,0.990046499247398,0.717467339174061,0.861907278256581
1113,1.16120282789776,5,1.23653526528721,1.17162182686999,1.01524084190197,0.710591307594016,0.861907278256581
1114,0.698299304427107,5,0.701006310541265,0.71651918027059,0.550535650839188,0.372264943827598,0.861907278256581
1115,0.457437659107712,5,0.516763688361265,0.444623220407391,0.373355840114114,0.263469225128065,0.861907278256581
1116,1.14633429908566,5,1.27330346628888,1.14929815663968,0.925862500697345,0.695251445694747,0.861907278256581
1117,0.176680786038449,5,0.184526035569214,0.19543250771457,0.175969764053448,0.129404880257547,0.861907278256581
1118,0.0637642650175149,5,0.0560313241137513,0.0682724553507965,0.0442495944955798,0.0295444823029938,0.861907278256581
1119,1.45342160511395,5,1.55391046823682,1.38670686059902,1.10711993645527,0.824598824108216,0.861907278256581
1120,0.965013288415675,5,1.05507605155184,0.877154849382442,0.749060731706992,0.540523457520423,0.861907278256581
1121,1.26630148573173,5,1.36547235095302,1.19170925321475,0.793993577583539,0.59071886014826,0.861907278256581
1122,1.06243852652934,5,1.19137816370547,1.00996063931023,0.81359937716827,0.597412616276447,0.861907278256581
1123,1.30155414157859,5,1.45630536719707,1.29884531273413,1.02928732589111,0.692727449544203,0.861907278256581
1124,1.1154436366556,5,1.08708987176477,0.993130469635619,0.79189544966183,0.573955896995978,0.861907278256581
1125,0.974988170104032,5,1.19512408704689,0.999372913878491,0.734893255896254,0.515447463831424,0.861907278256581
1126,0.151177649169856,5,0.136640254760935,0.137954594888397,0.100621173707695,0.0745449834880514,0.861907278256581
1127,0.462318421028598,5,0.49424140251872,0.452501335439787,0.341378443444641,0.247071329570236,0.861907278256581
1128,0.86182143331921,5,0.805666018052664,0.811701847886638,0.628570069213045,0.45486600538496,0.861907278256581
1129,0.882566845500598,5,0.818978013330528,0.829520701946907,0.645642648976429,0.456573887837471,0.861907278256581
1130,1.27796530283071,5,1.18282571973203,1.22175688991813,0.957278388117976,0.692684278266038,0.861907278256581
1131,1.30395887979237,5,1.15124893529845,1.23652381704871,0.919706030854867,0.673465979235781,0.861907278256581
1132,1.35156251199737,5,1.14385477132583,1.27588568807249,0.931007223376728,0.706137980748049,0.861907278256581
1133,1.31945135698877,5,1.08935638252945,1.24732935361723,1.00305920654244,0.708952034472184,0.861907278256581
1134,1.2543768182817,5,1.05592514749296,1.20983743842411,0.97534775543093,0.66922342068978,0.861907278256581
1135,0.912205068173916,5,0.972457032425563,1.06626343262729,0.92348128890803,0.61247741273153,0.861907278256581
1136,1.16961424924821,5,1.16630504035006,1.18873331786519,1.05544274860008,0.721176628150805,0.861907278256581
1137,2.23002110020707,5,1.79137272626447,2.10247687882227,1.65611778660347,1.09399595697371,0.861907278256581
1138,1.43806671871147,5,1.17353692366547,1.432159942812,1.04824753941145,0.742592053239269,0.861907278256581
1139,1.84572107748384,5,1.54864307975385,1.75789341959862,1.37393919961787,0.959814437861498,0.861907278256581
1140,1.21289945540647,5,1.13186142987046,1.20394080437727,0.791133588609131,0.590789812367461,0.861907278256581
1141,0.54057610419832,5,0.496240038765943,0.517499564016052,0.406021174175215,0.28383149832345,0.861907278256581
1142,0.829399421070128,5,0.759616670380908,0.783125197323042,0.496189006977465,0.315095510142186,0.861907278256581
1143,0.676503338091386,5,0.716876392874883,0.655740437825114,0.449340117201816,0.342582213593406,0.861907278256581
1144,0.830789973040824,5,0.80620050940806,0.769851589319921,0.555228468011822,0.399703154996993,0.861907278256581
1145,0.846751304659185,5,0.891243453689388,0.815426657616318,0.613950807425808,0.421793331272477,0.861907278256581
1146,0.752846629062442,5,0.928965005721595,0.759881778194291,0.596910013701085,0.422674893869855,0.861907278256581
1147,0.598537429163819,5,0.606245445691719,0.565457930488598,0.439114856567976,0.297707186901149,0.861907278256581
1148,0.871623997195818,5,0.994829976194319,0.829566640486399,0.524399790356303,0.380077197626737,0.861907278256581
1149,0.897561002839721,5,0.993998415597222,0.844167191425853,0.599931585558447,0.433662637366696,0.861907278256581
1150,1.09680053575088,5,1.25163777296998,0.984645888383927,0.75791527468587,0.567872109138248,0.861907278256581
1151,0.0189957200355159,5,0.0232258380110982,0.0190300020729008,0.0119440285397409,0.00822070805731037,0.861907278256581
1152,1.01207165573861,5,1.12967955419369,0.935397310368608,0.705792673107364,0.525928382840984,0.861907278256581
1153,0.989700616561103,5,1.07024937067659,0.921927810556505,0.639464373033883,0.466166488308012,0.861907278256581
1154,1.01715570442237,5,1.1360695566776,0.980115118482915,0.655020507003061,0.471523607662245,0.861907278256581
1155,0.938723560165896,5,0.984584253232125,0.884610925747564,0.645509507258111,0.471881772667606,0.861907278256581
1156,1.06313472286049,5,1.11153393044071,0.91250389462521,0.785191747393983,0.543161905961264,0.861907278256581
1157,1.31094469321948,5,1.31822862918157,1.18084643505578,0.879201358654916,0.630824961528588,0.861907278256581
1158,0.358993595186071,5,0.379274751637914,0.343308879211494,0.255368926040299,0.175220350081923,0.861907278256581
1159,1.47393056242368,5,1.50042035741564,1.41679808159188,0.998813371750042,0.714555579979459,0.861907278256581
1160,1.44877440816009,5,1.47428092731129,1.09201597740567,1.01590470672514,0.703173562607619,0.861907278256581
1161,0.757162311231047,5,0.865271062695401,0.767750217012855,0.525978201197679,0.3808043929948,0.861907278256581
1162,1.12319532841214,5,1.2410909679234,1.18397661060485,0.71064589714288,0.512059226578766,0.861907278256581
1163,0.680918421879617,5,0.690225312817047,0.663822867628755,0.488032828800412,0.331952649010631,0.861907278256581
1164,0.233554261571114,5,0.226933133914167,0.221309085533262,0.174333094684113,0.117776626971905,0.861907278256581
1165,0.761894555826128,5,0.744669311363854,0.70891529056487,0.458455839049891,0.36071345365523,0.861907278256581
1166,0.918236986870567,6,0.846558759992091,0.921070055376989,0.612133232176381,0.451949981792847,0.834806905924772
1167,1.28854873033327,6,1.19803358916252,1.31182532262542,0.886237881828268,0.632008392574134,0.834806905924772
1168,1.21370438564202,6,1.08587608129473,1.21659222736306,0.80143369430919,0.551054454403012,0.834806905924772
1169,1.0397853089456,6,0.94801456279669,1.06134121831921,0.725131238779204,0.526795490386532,0.834806905924772
1170,1.16937675808866,6,1.04275013065031,1.19808226623539,0.809281482406564,0.579986057061535,0.834806905924772
1171,1.37122286622945,6,1.19305195556345,1.35245506295173,0.965400671277873,0.67941547698317,0.834806905924772
1172,1.1574760517832,6,0.999491168352641,1.07511084807932,0.879608204288558,0.583144770613999,0.834806905924772
1173,1.36385824598775,6,1.17374342552678,1.35144523696243,0.999831123441866,0.698577456759022,0.834806905924772
1174,1.41607665632003,6,1.20568067032285,1.3926854783001,1.02657212859853,0.723398549677761,0.834806905924772
1175,1.44193670837025,6,1.24456336559893,1.43327059688954,0.995233597696174,0.723996081169442,0.834806905924772
1176,1.16336559967701,6,0.962475229366259,1.06381122461602,0.742934608305698,0.59344925692155,0.834806905924772
1177,1.35212029303844,6,1.12679452993314,1.33480174788744,0.912414043341336,0.666768034184466,0.834806905924772
1178,1.01450253090806,6,0.897049909387669,1.03901157093174,0.688827562096565,0.502904747576373,0.834806905924772
1179,0.745194751598975,6,0.626062956492779,0.723452744758231,0.471219274881373,0.33576353970466,0.834806905924772
1180,1.26968687633336,6,1.20352587981203,1.28656253182641,0.882332506925869,0.608362712055252,0.834806905924772
1181,1.07354030376533,6,0.988032740976279,1.06838929136554,0.818614222524341,0.553843421294458,0.834806905924772
1182,0.982612844596303,6,0.972246123243353,1.02699002862668,0.655774290414237,0.446220486606125,0.834806905924772
1183,1.25946446993316,6,1.26225176613963,1.30366000751378,0.913558359758876,0.628926475930466,0.834806905924772
1184,1.19494148622494,6,1.17811195945912,1.20938465522949,0.862043120612007,0.609890966467927,0.834806905924772
1185,0.930102702812912,6,0.936578491385905,0.934096664276751,0.671411439112132,0.451698494909003,0.834806905924772
1186,0.526593483649032,6,0.529355995520247,0.536562455068908,0.355251103570833,0.250105047687763,0.834806905924772
1187,0.702360354034026,6,0.699173960712356,0.715855223989733,0.480320367282786,0.332517836293255,0.834806905924772
1188,0.673067073550651,6,0.684510772314824,0.636404978150531,0.517922495669155,0.34707479548498,0.834806905924772
1189,0.896935603263404,6,0.902642170861124,0.894603063990726,0.642719769186948,0.450089367787225,0.834806905924772
1190,0.999060939051079,6,1.00378275681089,1.00670125589252,0.730549419461766,0.50433568069897,0.834806905924772
1191,0.870805975958771,6,0.871368993618691,0.88566770961735,0.610198747604984,0.410092662534888,0.834806905924772
1192,1.01597541036671,6,0.972144226090585,1.00380633244029,0.705423983718715,0.505315683767545,0.834806905924772
1193,1.24033629184377,6,1.20530611586168,1.25594656154243,0.899659717421196,0.637496194683647,0.834806905924772
1194,1.10530886071279,6,1.0762366392071,1.13812894039065,0.809065423422972,0.581815794893565,0.834806905924772
1195,1.49912527905575,6,1.42936138929615,1.54883935121195,1.08190469930419,0.798231240432076,0.834806905924772
1196,1.21312618130588,6,1.10079533522148,1.2521288552674,0.861777426482499,0.648017530625535,0.834806905924772
1197,1.03257388159341,6,0.972763077240784,1.07997050976214,0.720304479647812,0.516542428461616,0.834806905924772
1198,0.421346251521785,6,0.388648310702177,0.43756484336237,0.305173620943439,0.216145659845938,0.834806905924772
1199,0.559599762544165,6,0.519373478189346,0.551185190733619,0.418722278383329,0.291502125452637,0.834806905924772
1200,0.915366852724517,8,0.779061013260517,0.915283520486086,0.582861857961428,0.422055226896302,0.856282392034453
1201,1.47534846954865,8,1.335548504445,1.44880599787293,0.951244034403752,0.684714586710284,0.856282392034453
1202,1.28718849730497,8,1.11315847365454,1.2200171713277,0.785678886240929,0.564988017585497,0.856282392034453
1203,1.17213853814712,8,1.01161699110782,1.15497346552968,0.664635368844938,0.499462069379621,0.856282392034453
1204,1.31716309049932,8,1.14060223700439,1.29682862439259,0.712469726248932,0.522217714081258,0.856282392034453
1205,1.7083895725227,8,1.48407615533488,1.70088304547748,0.991800600768799,0.673515192197881,0.856282392034453
1206,0.901486403652914,8,0.801390033588802,0.923281726413522,0.570053287508641,0.412373700920642,0.856282392034453
1207,1.53875275855025,8,1.38824182812467,1.58871457915419,0.87967641502262,0.650302970237797,0.856282392034453
1208,1.17591047692921,8,1.09714730900374,1.23224184750398,0.771612056759616,0.548961523195297,0.856282392034453
1209,1.48469902699452,8,1.39684911122099,1.52549066566776,0.938274286559015,0.673570235640348,0.856282392034453
1210,1.31313662356855,8,1.27872744858375,1.37157823378892,0.861708587080004,0.628669749182163,0.856282392034453
1211,0.774384984957356,8,0.75080372116427,0.812902601551346,0.516823047619965,0.38185855861012,0.856282392034453
1212,0.974926369779721,8,0.928024158744173,0.994833614872456,0.620474639512308,0.449776389014168,0.856282392034453
1213,0.772594222853594,8,0.784405369404436,0.792044120485947,0.48268605034948,0.357662971821034,0.856282392034453
1214,1.01752335780455,8,1.12357997415261,1.07124813561748,0.640611249798636,0.466786356330347,0.856282392034453
1215,0.419381833906758,8,0.501826903888941,0.450386566784963,0.213695017567168,0.177017234178001,0.856282392034453
1216,0.350449329056996,8,0.533377730148107,0.422566817405207,0.141552781932523,0.101939937176919,0.856282392034453
1217,0.637904833470965,8,0.813479517159613,0.695521717741498,0.427002985079233,0.301664184042383,0.856282392034453
1218,0.520379255632385,8,0.673369322132206,0.54723144475352,0.301489808449784,0.219452335206748,0.856282392034453
1219,0.89223646512742,8,1.27679474848315,0.965314362119961,0.592302958107631,0.421953638645,0.856282392034453
1220,0.342143772702951,8,0.481125323499345,0.344117335633489,0.203893276152354,0.14770469542142,0.856282392034453
1221,0.750291547189258,8,1.10375679911711,0.860105515293468,0.506213552190875,0.353467717295173,0.856282392034453
1222,0.936926481909236,8,1.300986975786,1.03551793169946,0.639942278826844,0.444115938619014,0.856282392034453
1223,0.71699537598708,9,0.910718421775734,0.786242492996298,0.476419409090217,0.348409303244062,0.868530590573276
1224,0.607653028916739,9,0.802394194989884,0.655934883211888,0.430930612263868,0.311023750916951,0.868530590573276
1225,0.758358197860391,9,0.924024316483179,0.836637389265086,0.532871456254862,0.367677012350406,0.868530590573276
1226,0.603061299865923,9,0.71547694616462,0.649581635543183,0.434338102816627,0.286228166512183,0.868530590573276
1227,0.813894720589038,9,0.941253677477188,0.886197099551463,0.573146109753778,0.426148328409576,0.868530590573276
1228,0.929191332688387,9,1.0898234499776,1.02201452669889,0.631734516615765,0.451297336901106,0.868530590573276
1229,0.917716076160233,10,1.08060352800488,1.07738877780917,0.631116077471445,0.453236511625238,0.877092087156525
1230,0.94485237592756,10,1.09352343133988,1.12414830509244,0.64444276593709,0.466283966307544,0.877092087156525
1231,1.06816666754894,10,1.19536889877183,1.25187511907185,0.738292843409344,0.528495700592319,0.877092087156525
1232,1.15316170861501,10,1.28699522759731,1.31619561646004,0.772144273317599,0.567155258519022,0.877092087156525
1233,0.837645980975505,10,0.955523443928652,0.99206924697251,0.545227343377949,0.402709241818384,0.877092087156525
1234,0.863910043916111,10,0.971113427362286,1.02944976824227,0.564979552178343,0.41566724142153,0.877092087156525
1235,1.12709897145588,10,1.23443818073447,1.32030740225014,0.745687238779732,0.544929618252341,0.877092087156525
1236,1.19608153032561,10,1.35367851878965,1.42090160275902,0.735142027780129,0.537956355062188,0.877092087156525
1237,0.448310211423237,10,0.469633634464533,0.498335041181489,0.30263165233677,0.213548764180208,0.877092087156525
1238,0.711418621053887,10,0.790460543068534,0.834090836412474,0.479328922303029,0.348429882727499,0.877092087156525
1239,0.781024400290505,10,0.882194491581153,0.926135156174433,0.470679829622345,0.349355939402249,0.877092087156525
1240,0.896822337700498,10,1.07045784287614,1.04278408052531,0.619115316240097,0.434959617421476,0.877092087156525
1241,1.09574664245455,10,1.29825762705403,1.34631357879832,0.732142721230374,0.481850518169128,0.877092087156525
1242,0.760464174612143,10,0.892373231547702,0.922796525251819,0.492561417613049,0.311026034890965,0.877092087156525
1243,0.551569796040287,10,0.694261114975638,0.653700547067488,0.396524633643849,0.269962529203676,0.877092087156525
1244,0.970500533431925,10,1.14106242140741,1.13704089752951,0.695366997558342,0.484970570526741,0.877092087156525
1245,1.11424807540846,10,1.40112378548688,1.3798117909481,0.770362201837472,0.552056542378875,0.877092087156525
1246,0.665060948126081,10,0.79727900020753,0.781132814944038,0.470622317286809,0.329293566047529,0.877092087156525
1247,0.759425398385463,10,0.966779988246011,0.93350030535864,0.530563709923354,0.38251070779922,0.877092087156525
1248,0.864457726591957,10,1.15046302906806,1.08912806305884,0.60086409142562,0.43262324827856,0.877092087156525
1249,0.513039417582132,10,0.633784489427699,0.595333575219996,0.359725779393534,0.264090234560179,0.877092087156525
1250,1.05657159602601,11,1.29757205921329,1.31253909364272,0.731215423679973,0.534697944548743,0.890766788860975
1251,0.870402149895234,11,1.20281311170271,1.10866224310254,0.609387922311968,0.446941457222979,0.890766788860975
1252,0.765175621728371,12,1.08546538794522,0.956869362058706,0.569234944847215,0.413279712553319,0.902462339010672
1253,0.580774216638511,12,0.850796916791387,0.734921246939226,0.425122037936041,0.30448331431498,0.902462339010672
1254,0.652668739800753,12,0.937819010481989,0.816035820291043,0.479508367014071,0.346758621794954,0.902462339010672
1255,0.574663800050113,12,0.800100285196613,0.675957640997266,0.434465484125948,0.316287967592794,0.902462339010672
1256,0.478236223419566,12,0.673547696353522,0.572438361454084,0.358738933232595,0.251804381830037,0.902462339010672
1257,0.639625327561964,12,0.895078331697099,0.760428691977701,0.484427794979738,0.345765217936727,0.902462339010672
1258,0.581209606000098,12,0.823434675009894,0.708215738190955,0.438383550004009,0.316991254451912,0.902462339010672
1259,0.73839216948152,12,1.05803343710627,0.903358548538871,0.552429932898509,0.406533898330663,0.902462339010672
1260,0.783729571370527,12,1.09940353737286,0.966668728970295,0.603675410498084,0.436997757572549,0.902462339010672
1261,0.798271905627586,12,1.1304501000443,0.984611800604913,0.616986009108687,0.463318057369345,0.902462339010672
1262,0.617809980460188,12,0.890075314958453,0.823865430903422,0.465925403979417,0.342917327010718,0.902462339010672
1263,0.653530407027165,12,0.909239099453619,0.829224224944508,0.484166933681395,0.361882188407216,0.902462339010672
1264,0.511866344629644,12,0.72176609023284,0.683948741366593,0.383228388490083,0.281965532624625,0.902462339010672
1265,0.641360472227407,12,0.923920493275648,0.909466445824179,0.512569030398516,0.363377682674476,0.902462339010672
1266,0.654820624894748,12,0.834789634219534,0.802477556943209,0.500307373489915,0.357409440433068,0.902462339010672
1267,1.0247830805153,12,1.27853865865559,1.2880421889483,0.779400286522712,0.553578692878774,0.902462339010672
1268,1.11885709518998,12,1.38730557870441,1.4358328207714,0.829330131717307,0.596398347412282,0.902462339010672
1269,1.06277129468358,12,1.31067488417408,1.33939590124674,0.75985086620806,0.559889951880814,0.902462339010672
1270,1.07464790074425,12,1.32143442718033,1.3365250691895,0.768595716611677,0.530973055113845,0.902462339010672
1271,0.737860235236986,12,0.901637327912015,0.910621175022609,0.568154272566019,0.394773216074102,0.902462339010672
1272,0.869949551887532,12,1.11203290514043,1.11928507394856,0.653811256589428,0.473427638231608,0.902462339010672
1273,0.804425213793796,12,1.0292674506992,1.02451540736286,0.577532568441288,0.414324887198145,0.902462339010672
1274,0.694517899676346,12,0.830706358708089,0.842861415272783,0.502205675035243,0.374816027372881,0.902462339010672
1275,0.714888281548208,12,0.84585805274533,0.868966656185379,0.553289535185835,0.391886107810438,0.902462339010672
1276,0.716708877484396,12,0.875982720716364,0.887176598713263,0.499972973106689,0.359524424143453,0.902462339010672
1277,0.858670450810415,12,1.02335315667962,1.02575537514225,0.656461056298143,0.466829829494989,0.902462339010672
1278,0.573262346744208,12,0.68387635592113,0.715237183524969,0.380241790420036,0.2717239847273,0.902462339010672
1279,0.456136584913079,12,0.537100325838936,0.565348951064024,0.331096441448574,0.220598093832741,0.902462339010672
1280,0.74450674223592,12,0.831472460024666,0.885200865011928,0.575935470097694,0.425509153087496,0.902462339010672
1281,0.6295496834826,12,0.702057970323364,0.753004962434168,0.489269661130975,0.352656386502519,0.902462339010672
1282,0.943126779875347,12,1.02722249972072,1.12508979139261,0.729370096407469,0.524294545018507,0.902462339010672
1283,0.854119855657989,12,0.922753861665455,1.0511170257094,0.645290491793512,0.437123295845242,0.902462339010672
1284,1.17316522330374,12,1.28176217026516,1.41734638933717,0.907295558157215,0.67297745102114,0.902462339010672
1285,0.907380566974885,12,0.927609539562314,1.05037388572772,0.699793981109658,0.507623360584798,0.902462339010672
1286,1.47974896634171,12,1.57319550053607,1.7718278783095,1.01316686756406,0.772030394472821,0.902462339010672
1287,1.31419193173646,12,1.38173528160064,1.58102309099865,0.999854577391471,0.73886467649076,0.902462339010672
1288,1.02000691002753,12,1.05673061196577,1.18432085044056,0.811803270842019,0.578010103189759,0.902462339010672
1289,1.09451229479742,12,1.16964321663484,1.3274614016798,0.845308462841093,0.615373509504253,0.902462339010672
1290,1.10204964298702,12,1.2200189929545,1.3252213053927,0.826784557140757,0.600151562997536,0.902462339010672
1291,1.03337016620232,12,1.11285722379018,1.2222111583271,0.784746897611277,0.577848329456015,0.902462339010672
1292,0.852209633894382,12,0.951532968650495,1.01832869074889,0.658106316227243,0.477497792874091,0.902462339010672
1293,0.552329263238414,13,0.646926973681801,0.67119616020633,0.38393913742011,0.287059035732304,0.912553859354286
1294,0.662834401026927,13,0.791742585787353,0.769301129317478,0.496197656033766,0.358745066139429,0.912553859354286
1295,0.633968799809532,13,0.76963819702566,0.74385572545914,0.466778330036227,0.354492331535997,0.912553859354286
1296,0.80693841605118,13,1.03991055158819,0.993654932260269,0.631317923993769,0.479416123875447,0.912553859354286
1297,0.844189806900305,13,1.07323583614896,1.03337072398951,0.630200833102329,0.432496206887131,0.912553859354286
1298,0.612922434890145,13,0.801919533381584,0.729442455139623,0.483092064302128,0.344152234553269,0.912553859354286
1299,0.38969576823858,13,0.454973309697035,0.447283949236482,0.314331684970151,0.222267732196626,0.912553859354286
1300,0.522300600565933,13,0.667488540604495,0.640206574324117,0.372951033944535,0.297884378964701,0.912553859354286
1301,0.932995562012722,13,1.1315477264418,1.09016095298272,0.641185472131318,0.493299553269071,0.912553859354286
1302,0.915571188915605,13,1.10216749882444,1.0463632827937,0.713278597288094,0.530232524581317,0.912553859354286
1303,0.894359268245664,13,1.07895292506937,1.05463628273334,0.659500833640998,0.504794185746781,0.912553859354286
1304,1.10415595717497,14,1.30734611975743,1.26193359235395,0.837351686657685,0.632061052244691,0.922789338042234
1305,1.32450739221306,14,1.60532810762649,1.46714344881447,1.01598216448071,0.75299167172816,0.922789338042234
1306,1.02133029094487,14,1.20765326206347,1.22209555606716,0.809394386177701,0.586777123173049,0.922789338042234
1307,0.995247695529613,15,1.17788666253755,1.06870673999356,0.768514001201502,0.559969904828726,0.928482518424014
1308,0.965945808078,15,1.1454671976426,1.10547232769622,0.753435255968405,0.559967133635853,0.928482518424014
1309,0.475289935539085,15,0.561885564246544,0.51809102964756,0.385270629135711,0.281791352704703,0.928482518424014
1310,0.780367396589739,15,0.944719449397931,0.889677165102715,0.615018705467738,0.452005000957346,0.928482518424014
1311,0.659415357370929,15,0.812444936112058,0.758489286678823,0.552255552877058,0.388819792681903,0.928482518424014
1312,0.605822804144844,15,0.740706328119347,0.67621191052822,0.506322552255898,0.368207034814902,0.928482518424014
1313,0.589622072684361,15,0.804568694344736,0.678667670584863,0.482815539528131,0.344672631373822,0.928482518424014
1314,0.9733593173155,15,1.28458777128833,1.09922007004282,0.757331957084412,0.569034810095148,0.928482518424014
1315,0.816271250914794,15,1.07100945171892,0.926412118194023,0.636653469361306,0.473744022780902,0.928482518424014
1316,0.686477773944748,15,0.888580411992893,0.785206170838426,0.527851984936177,0.392266955752027,0.928482518424014
1317,0.866394499673127,15,1.07360860220647,0.976204769804532,0.672284989141491,0.503905221385254,0.928482518424014
1318,0.91577969564256,15,1.1775636192485,1.01503566304707,0.712578601859252,0.534038473445555,0.928482518424014
1319,0.77010487757105,15,0.971675400672562,0.866979228250088,0.586022522270414,0.440646442841044,0.928482518424014
1320,0.648362100107165,15,0.849710358042255,0.717197710152735,0.533273332558653,0.392260686488702,0.928482518424014
1321,0.614096338982097,15,0.699928623151667,0.65300036745693,0.494911087210926,0.361138373534363,0.928482518424014
1322,0.581301039127919,15,0.666947421046709,0.641071289310995,0.473147239857625,0.33884390968073,0.928482518424014
1323,0.767109058967568,16,0.872655055144905,0.835331095791244,0.60772248410275,0.451317104221936,0.936113482654654
1324,0.377307176701252,16,0.357782298394116,0.385245185355912,0.315503171319543,0.224214820651091,0.936113482654654
1325,1.18955965775244,16,1.32922810071411,1.36024592694565,0.979139435823777,0.697467017153194,0.936113482654654
1326,0.914954180087951,16,0.928919647735843,1.02340882189837,0.756739567052165,0.529284503210289,0.936113482654654
1327,0.894684974226674,17,0.939411139504696,1.02868987282984,0.736171703755497,0.531677706592311,0.939658898058458
1328,1.01772778245738,17,1.01052251746986,1.1474151176058,0.832661875232567,0.585935296138161,0.939658898058458
1329,1.29987805544734,17,1.22417530114087,1.46184292947755,1.06047453648632,0.777412580662475,0.939658898058458
1330,1.45055102754983,17,1.41781794980639,1.62459706562449,1.21697758345897,0.882465380146931,0.939658898058458
1331,1.64782044056847,15,1.58948842832684,1.77701980296679,1.33806081589707,0.980943582016493,0.924292659924294
1332,1.71490034132254,15,1.63634310890767,1.87565691685823,1.37975221886311,1.01957061317757,0.924292659924294
1333,1.10260866359809,16,1.09685340986088,1.21219372906954,0.861988351185259,0.618294596749585,0.929982006129079
1334,0.7390316699015,16,0.748065903841614,0.824623261489012,0.592238826978338,0.433396745183376,0.929982006129079
1335,0.437173883646212,16,0.452109970910029,0.501234784467147,0.324708313970717,0.237322281155186,0.929982006129079
1336,0.97898002770311,16,0.978021798536155,1.07169132652974,0.754369487935117,0.541336895965238,0.929982006129079
1337,0.701675717161683,16,0.740120459467014,0.773084806577115,0.530035680432941,0.390976165035501,0.929982006129079
1338,0.978273591254616,16,1.03412573257067,1.09206752863084,0.762418307641778,0.555559525910395,0.929982006129079
1339,0.859425884793987,16,0.958079748734212,0.952413248667859,0.670399906906201,0.49758201996674,0.929982006129079
1340,0.814959297966275,16,0.908594864251403,0.927354039670296,0.716234256176337,0.508738334603242,0.929982006129079
1341,0.611296915230409,16,0.708349044887538,0.700239676456813,0.526312049252096,0.377509779451463,0.929982006129079
1342,0.773751532358249,16,0.874564727971788,0.85018720846885,0.633943300392456,0.439050395150539,0.929982006129079
1343,1.02715924697235,16,1.20275839102333,1.14860546930832,0.809893622569165,0.579756703898368,0.929982006129079
1344,1.03719399187386,16,1.2691020028811,1.18074989722876,0.840543165784941,0.601062043619324,0.929982006129079
1345,1.00080127273597,16,1.20457102758323,1.09584288888821,0.768908774980876,0.526297414939177,0.929982006129079
1346,0.834001401069569,16,1.02540915149034,0.911379492138026,0.666279027016113,0.45814503837881,0.929982006129079
1347,0.66426406000654,16,0.83504498304617,0.743051381513284,0.527690710542561,0.380139184092091,0.929982006129079
1348,0.578344170835308,16,0.705035353600478,0.639773219351735,0.454261727960463,0.321816879502093,0.929982006129079
1349,0.822084380024677,16,1.09130719943453,0.916155837509603,0.652004068716145,0.464343223581922,0.929982006129079
1350,0.759239486323757,16,1.01794142871316,0.845178506368618,0.551960709810683,0.386223559683513,0.929982006129079
1351,0.70202757054905,16,0.957776417304987,0.780663745571279,0.518253954649749,0.380798588401806,0.929982006129079
1352,0.640491906463626,16,0.887216303858313,0.716936838611255,0.516999745288712,0.367085617170132,0.929982006129079
1353,0.922006951464823,16,1.26030598788263,1.02143270494016,0.73489122101038,0.524401817947442,0.929982006129079
1354,0.833565651581217,17,1.16256380789673,0.919153895402357,0.590797473971538,0.430942978879433,0.93358227936401
1355,0.496189309510458,17,0.724774431719429,0.571237552712418,0.378066477790489,0.278103874096674,0.93358227936401
1356,0.599526527193572,17,0.865956859112121,0.681005427424004,0.506566470610019,0.35574763296679,0.93358227936401
1357,0.658435638611609,17,0.937810319406232,0.750099409761141,0.523463457588543,0.368831183458374,0.93358227936401
1358,0.703998120278789,17,0.956044294973234,0.774861673828832,0.563493326799803,0.411890997718453,0.93358227936401
1359,0.480054901064918,17,0.652980866280678,0.516118252709849,0.410530709145024,0.301956937840127,0.93358227936401
1360,0.611575627992941,17,0.810119787271548,0.690158509903353,0.502741069776275,0.365323412381269,0.93358227936401
1361,0.671746387202012,17,0.9171575206255,0.758917301097977,0.557433150820033,0.405858518915455,0.93358227936401
1362,0.951433185055694,17,1.18227585016683,1.02486439657463,0.764796738477116,0.555126287653185,0.93358227936401
1363,0.715939214385171,17,0.905603139945785,0.806957225340057,0.611813108537223,0.424854251209499,0.93358227936401
1364,0.908969590609537,17,1.11913608120177,0.994970009230642,0.752918013126031,0.540930573571008,0.93358227936401
1365,0.967653587458327,17,1.17185756467656,1.06183902852877,0.805912043931046,0.574044114050402,0.93358227936401
1366,0.849750164580458,17,1.00844477407992,0.944666479672724,0.686983062751931,0.504151483695377,0.93358227936401
1367,0.947090250401263,17,1.08384017648488,1.01366176587245,0.781260569894689,0.52877136945718,0.93358227936401
1368,1.22343903694556,17,1.40200782636834,1.35110428633324,0.978612703751177,0.716190893531017,0.93358227936401
1369,0.938003219937128,18,1.03923535685657,0.99780684823427,0.773350297762795,0.565610387131057,0.935854210847555
1370,0.807222555714723,19,0.919350013115969,0.849208789261678,0.671602417001889,0.469040673982429,0.938907105695609
1371,0.77632315464677,19,0.883312003450812,0.858587957717266,0.662280063132051,0.483979717633159,0.938907105695609
1372,0.820818961155232,19,0.894735139344365,0.897995306424151,0.691197325164747,0.497845469738779,0.938907105695609
1373,0.980891747246301,19,1.08464127822722,1.06722414396366,0.824584811578096,0.601061385968081,0.938907105695609
1374,1.25756720202625,19,1.35489353994868,1.32563401212844,1.03328289974499,0.73865232600349,0.938907105695609
1375,1.00837126280451,19,1.07389086571114,1.0522428121355,0.848177076939354,0.612138040155136,0.938907105695609
1376,0.00209472832516811,19,0.00256990841384481,0.00232526648219992,0,0,0.938907105695609
1377,1.19321630349457,19,1.26357801593153,1.25940817307395,1.01939646631919,0.732151452288217,0.938907105695609
1378,1.02853398842017,19,1.09628300649952,1.0597349862827,0.878544600785976,0.638496764140588,0.938907105695609
1379,0.627503941618218,19,0.665650570866949,0.65084676849547,0.541442562955914,0.371513611773424,0.938907105695609
1380,1.36275954806384,19,1.49221438668926,1.437122597529,1.20538554515299,0.860511381445127,0.938907105695609
1381,1.24076977334887,19,1.32626560000135,1.31046858537822,1.09908820456125,0.780128100315847,0.938907105695609
1382,0.966264047547418,19,1.02087027179291,1.01284340596294,0.868750484867035,0.622249728460946,0.938907105695609
1383,0.960660939071576,19,1.00580453855103,1.00264143849618,0.821532338731975,0.599030868077259,0.938907105695609
1384,1.07782957604432,19,1.10729897733429,1.12894945353791,0.964488386825207,0.692511601263357,0.938907105695609
1385,0.942336463034961,19,1.01062951203259,0.995388385573155,0.853221489985336,0.621629805711964,0.938907105695609
1386,0.103831483240436,19,0.0932112149255834,0.107338140033284,0.12276769057807,0.0860469875626813,0.938907105695609
1387,0.764249199095545,19,0.809745369894055,0.792432737101377,0.696974972715927,0.505482320236027,0.938907105695609
1388,0.944363581464402,19,0.955335380749361,0.98023573408095,0.8605701946609,0.618671849507312,0.938907105695609
1389,0.835678340425605,19,0.82630599072663,0.862149012119044,0.74146476272035,0.534656957052832,0.938907105695609
1390,0.964246862031867,19,0.98049815733271,1.00024750951924,0.895165036624181,0.632137429655049,0.938907105695609
1391,0.884215687527955,19,0.904648026858455,0.906540859376339,0.842619844290831,0.588975365483756,0.938907105695609
1392,1.27246555934027,19,1.33017448020714,1.32697123980488,1.18031994791067,0.825319264895894,0.938907105695609
1393,1.22493103006925,19,1.24838719087024,1.25114839742512,1.11256432961968,0.804114621207553,0.938907105695609
1394,1.16359429897178,19,1.18657916988594,1.17301609680013,1.06267489027767,0.765838509063921,0.938907105695609
1395,0.691566672225093,19,0.725556365115135,0.705676791437169,0.681536331313646,0.477583907572678,0.938907105695609
1396,1.10907900994431,19,1.16646307414272,1.12727866967365,1.03004867275635,0.724329607796655,0.938907105695609
1397,1.18740244966755,19,1.23861721252558,1.17806264025705,1.04715682084634,0.751658690876134,0.938907105695609
1398,1.32157606984724,19,1.41543243033452,1.30393003902602,1.15821686641399,0.848625815168479,0.938907105695609
1399,1.37393324674671,19,1.5324025874999,1.34125083062575,1.17574073154337,0.858910291434462,0.938907105695609
1400,0.722686359158079,19,0.787904535668136,0.688506781681081,0.643314090194964,0.460576975419348,0.938907105695609
1401,0.828706998576208,19,0.974642408547591,0.820420076797501,0.76522789353353,0.541915888511203,0.935702336359009
1402,0.713517489409822,19,0.914739649809693,0.677880105181458,0.641727219851241,0.437940136373501,0.935702336359009
1403,0.747163112157937,19,0.977274521288594,0.70741747154938,0.630929409150046,0.440086004103743,0.935702336359009
1404,0.400289893459055,19,0.565330315915215,0.367335053061926,0.352802651697803,0.247893961395556,0.935702336359009
1405,0.336640243811524,19,0.476057416795809,0.354322459638334,0.312145239441461,0.22330876507335,0.935702336359009
1406,0.407764873437957,19,0.582533096927279,0.408729319374533,0.36715003834701,0.252849732530141,0.935702336359009
1407,0.547782292801801,19,0.77371906547792,0.532819393551683,0.515639942505797,0.362726473867095,0.935702336359009
1408,0.745577615796842,19,1.04279062367821,0.734355651728589,0.699338657429567,0.484758865043308,0.935702336359009
1409,0.736167247333589,19,1.07286162945517,0.719025450642749,0.685522624965296,0.488154038215775,0.935702336359009
1410,0.701509980344205,19,0.971183747024216,0.678809870292178,0.640583798451485,0.45512061905781,0.935702336359009
1411,0.890405418421658,19,1.16121001495394,0.844275290959143,0.787599837566439,0.558804429278109,0.935702336359009
1412,1.09380899682942,19,1.39861468829144,1.03614194135056,0.977142925258838,0.690830638433429,0.935702336359009
1413,0.482502039771095,20,0.604748691621417,0.4637357530763,0.428054755937292,0.320868785901085,0.937103226026315
1414,0.901548851896201,20,1.12033148204471,0.864626920810486,0.828892065354822,0.605441017045286,0.937103226026315
1415,0.00191511780511158,20,0.00267937303766324,0.00186602137597319,0,0,0.937103226026315
1416,1.02496988994166,20,1.18391710139005,0.986572492694426,0.949037291955412,0.690717568446637,0.937103226026315
1417,0.940555077492178,20,1.05263356329176,0.893218475731863,0.844363678008279,0.590598539051276,0.937103226026315
1418,1.09511535052757,20,1.19697093083252,1.02905289756719,0.982289956081669,0.713679822233916,0.937103226026315
1419,1.19408896955956,20,1.2573150779861,1.12024887919405,1.0955788641454,0.786213133672539,0.937103226026315
1420,1.246090406231,20,1.28584162552313,1.16655057940117,1.12064422400943,0.797495312544594,0.937103226026315
1421,1.15716713806538,20,1.1532707799624,1.0832295773535,1.04921415483693,0.770296909259383,0.937103226026315
1422,0.890522371192442,20,0.880897274746349,0.834807660532322,0.816199161118032,0.585555846715569,0.937103226026315
1423,1.08668351588891,20,1.02849000229614,1.01998553194203,0.968156527774773,0.716639851492849,0.937103226026315
1424,0.895722096989943,20,0.819910870967839,0.824488482225483,0.816492068977993,0.594594350622953,0.937103226026315
1425,1.17434976393827,20,1.09397553767045,1.10732849891296,1.04581589333774,0.773798474622581,0.937103226026315
1426,0.996611051072357,21,0.953217069770899,0.964923256555292,0.890568098948081,0.651400196681363,0.93746188708946
1427,1.1444132864243,21,1.03945934335431,1.07896168497773,1.01958744693076,0.742449289382402,0.93746188708946
1428,1.02607164095314,21,0.900790640416881,0.95181368632117,0.922982387160241,0.662785406667293,0.93746188708946
1429,1.04576273827964,21,0.890637971210047,0.95864784930726,0.953472363730447,0.667473331575624,0.93746188708946
1430,0.948460246484752,21,0.792610526273281,0.865708241431556,0.876833751018373,0.638646494119732,0.93746188708946
1431,1.22579340105553,22,1.02453823781444,1.12297192332416,1.09000797112612,0.78160251822554,0.941884953860267
1432,1.34382073969853,22,1.08487003502667,1.21849494492639,1.13498764539497,0.874543675551088,0.941884953860267
1433,1.32397220945733,22,1.05372912958898,1.19761799845863,1.14142102880304,0.840982826178483,0.941884953860267
1434,1.26436284553131,23,0.996142696717114,1.14864918667489,1.1222114238282,0.836275423085148,0.945650100672595
1435,1.65196474890254,23,1.29071894608522,1.49252238867683,1.47190210488152,1.0931268512913,0.945650100672595
1436,1.57342193382628,23,1.21035660276639,1.43297181098889,1.42683256442923,1.04905696339332,0.945650100672595
1437,1.27463861728834,23,0.967323520134419,1.1646879559104,1.16130138297901,0.858249740917238,0.945650100672595
1438,0.951816935547731,23,0.716342675075361,0.876070324623734,0.906438129482059,0.653050487558671,0.945650100672595
1439,1.1003955524571,23,0.831550466153356,1.02536057344579,1.02621569277146,0.759489116430769,0.945650100672595
1440,1.04912500852849,23,0.767154676858992,0.959751666531404,0.969126838923093,0.7048665457558,0.945650100672595
1441,1.40532840984441,24,1.04076889469838,1.28444910941148,1.37377911679179,1.01687366272483,0.947625191681763
1442,1.32856002570534,24,0.969286921152783,1.18540060288347,1.26578296321714,0.947642364933264,0.947625191681763
1443,1.40385402716968,25,1.0203546723009,1.28158132503123,1.37395059511107,1.03094900828246,0.949838803136292
1444,1.59822070646994,25,1.15691670503681,1.42806128428992,1.56112098921246,1.16575290203777,0.949838803136292
1445,1.14554925962679,25,0.814105021900488,1.07082741044174,1.13726108876992,0.84066198004214,0.949838803136292
1446,1.28742822814204,25,0.947668018445192,1.16367384091753,1.29817418357993,0.940314649350469,0.949838803136292
1447,1.60039374336994,26,1.11954841611198,1.37073572340682,1.54884098336847,1.13908897125354,0.95149902581976
1448,1.80632418861394,26,1.27641271393656,1.62822997942593,1.75029473197061,1.30517831464287,0.95149902581976
1449,1.18815172266513,26,0.830823920923519,1.09317568246707,1.19775585204094,0.865162181406802,0.95149902581976
1450,1.32135485356521,27,0.933699150647497,1.18844005093223,1.32016529326272,0.967000112709068,0.953609442656391
1451,1.44231611640205,28,1.04145554874503,1.32891063195235,1.45559184410292,1.06006958332576,0.954515560392217
1452,1.78664721115779,28,1.31335446894099,1.64481432489837,1.79464281440952,1.28821772911913,0.954515560392217
1453,1.59652655142152,28,1.19076739609616,1.48933580308358,1.67182877422155,1.21621807509233,0.954515560392217
1454,1.37932109234069,28,1.0592204802447,1.25876948154569,1.41081744765701,1.01549395461954,0.954515560392217
1455,1.27729418152806,28,0.985326010642288,1.17462698497195,1.29730239276442,0.93650593958778,0.954515560392217
1456,0.892041207168209,28,0.713051030405637,0.834721691164181,0.90584276787893,0.668215692322333,0.954515560392217
1457,0.841993827925678,28,0.660750196466366,0.768358511014582,0.882983149102496,0.632676319137006,0.954515560392217
1458,1.07660485524124,29,0.862062145545945,0.998096304360716,1.08941878937323,0.810966807485261,0.956038032050997
1459,0.915461469045855,29,0.75817830086215,0.846615454339778,0.951625256771832,0.684264894042931,0.956038032050997
1460,1.12807295275751,29,0.968654439951839,1.04496873182029,1.13962450971687,0.817314382956813,0.956038032050997
1461,1.54565285997647,30,1.36333640994122,1.48363335578992,1.59990116839608,1.1714829712034,0.9581687018442
1462,1.36259861266584,30,1.19637342754695,1.28771656042013,1.34202665802729,0.995589503396368,0.9581687018442
1463,1.1506378932478,30,1.06330728097391,1.11844345435004,1.22063849860893,0.897855674397553,0.9581687018442
1464,1.37502070755122,30,1.26227470377242,1.29109504686306,1.39489915502857,1.02845552239021,0.9581687018442
1465,1.11272152340626,30,1.03309595314583,1.03126948734042,1.13504484867113,0.830614276488632,0.9581687018442
1466,1.31422131307053,30,1.24892084993147,1.2229588688931,1.32117491718366,0.978246270032083,0.9581687018442
1467,1.0834115316833,30,1.03433147779652,1.00679531711564,1.1349259132589,0.825917528193123,0.9581687018442
1468,0.18859841531942,30,0.171528492048995,0.175665054025403,0.227379843718541,0.161459385209292,0.9581687018442
1469,0.368041635284121,30,0.373347684735084,0.344045074939107,0.393767533947344,0.280353787451037,0.9581687018442
1470,0.85792352816859,30,0.848620945415464,0.787922157484095,0.891349909852728,0.649133302310138,0.9581687018442
1471,1.04349317276281,30,1.01468698945351,0.952762361918211,1.06680774516716,0.782724965465073,0.9581687018442
1472,1.1104868342181,30,1.08491180042896,1.02543752674263,1.1639922914259,0.840772403384911,0.9581687018442
1473,1.00872494031432,30,0.985022047605111,0.929054929424048,1.03226518311778,0.764624992674467,0.9581687018442
1474,0.999992931426724,30,0.991735470929386,0.937575966593929,1.05291030682302,0.761138680056224,0.9581687018442
1475,1.37184285950243,31,1.33039351787078,1.28521151891545,1.39343229987031,1.03964001787819,0.959589408668105
1476,1.3937017900706,31,1.35768581395362,1.31194212136731,1.38749773749767,1.02073052830457,0.959589408668105
1477,1.09365200317527,31,1.10334958844866,1.07234959229497,1.14113986098592,0.845540634248718,0.959589408668105
1478,1.01198522340825,31,1.00924711247588,0.975564510513455,1.06560855552504,0.762450013169655,0.959589408668105
1479,0.778333406693716,31,0.769477964740692,0.751012160495402,0.848138582871999,0.617031984096233,0.959589408668105
1480,0.987805289327397,31,0.992015164737681,0.95023712961062,1.04964291505079,0.757549312276466,0.959589408668105
1481,1.04802095690538,31,1.03607818275178,0.995975546155052,1.12681940786196,0.810026932492512,0.959589408668105
1482,1.06246986630413,31,1.04079591030453,1.01517717732923,1.12448541090427,0.810376735714848,0.959589408668105
1483,0.897370975600407,31,0.833667270964998,0.847350273124997,0.934625503391411,0.663556912301658,0.959589408668105
1484,0.96108534856421,31,0.873533553704502,0.896806379938961,0.982416862531559,0.712741659654478,0.959589408668105
1485,0.934358184323989,31,0.857251004399897,0.873200642398451,0.936885999984013,0.686445622890804,0.959589408668105
1486,1.16898039257893,31,1.07254337446286,1.09471499272104,1.14706794022896,0.834461295062413,0.959589408668105
1487,0.997068284696831,32,0.916290025694593,0.93836690795028,0.987530283815449,0.715874604799923,0.960983604949672
1488,1.11898829885274,32,1.04076483842228,1.05515328582106,1.12988715360336,0.820523088662206,0.960983604949672
1489,1.33294151512398,32,1.22262963712062,1.25997389040375,1.31996459500145,0.962795926734154,0.960983604949672
1490,1.13294170951809,32,1.03147047204787,1.08685324379317,1.17333515271098,0.836901912090048,0.960983604949672
1491,1.2572719224572,32,1.13653235697907,1.18678735477578,1.2713674581071,0.923811760268899,0.960983604949672
1492,1.29214272731026,32,1.18974665318655,1.23470773544086,1.30905395152301,0.953811484248403,0.960983604949672
1493,0.777545369213432,32,0.711982517093755,0.745858523406099,0.772027337026814,0.562431849801317,0.960983604949672
1494,1.22835860595907,32,1.16416078591787,1.18948558487001,1.24869917901461,0.899450787055363,0.960983604949672
1495,1.16097436120808,32,1.07005037664513,1.11741332448787,1.17408652863503,0.836457229005048,0.960983604949672
1496,0.918800544350772,32,0.861155419615557,0.879380071919604,0.932000095275921,0.661973013407958,0.960983604949672
1497,0.965397205843562,32,0.90237442199214,0.926689458029846,0.998265941509784,0.715249863615349,0.960983604949672
1498,0.895563888875021,32,0.833072652490102,0.864449023078074,0.90322223099507,0.660099103047334,0.960983604949672
1499,1.27867636473228,32,1.2144275983413,1.23527330619172,1.29837248558741,0.937814188774108,0.960983604949672
1500,0.803639888683252,32,0.778873727436848,0.782980968047303,0.809903793412954,0.582009567981693,0.960983604949672
1501,1.17398924351785,32,1.10405597792183,1.12990672784759,1.15783205388558,0.853767501520176,0.960983604949672
1502,0.941979557453578,32,0.889829530214496,0.903837016512965,0.95387312917169,0.677492493137895,0.960983604949672
1503,1.1465710633249,32,1.11429311920278,1.11526780966462,1.16604931309493,0.855015635051887,0.960983604949672
1504,1.12930893324562,33,1.09191739675022,1.08758793782455,1.145857702529,0.826467903978779,0.962108563809852
1505,0.966310699419814,33,0.929796743773039,0.922985251106731,0.988697028048145,0.737419163800041,0.962108563809852
1506,0.980810370253621,33,0.952183441527302,0.950216771586005,1.02748965706487,0.732746759876363,0.962108563809852
1507,1.08641893769046,33,1.0534273208155,1.04529881525319,1.11713265234956,0.813833431866676,0.962108563809852
1508,0.87501542723862,33,0.826870096909746,0.839624474689924,0.91742502458312,0.668793902341649,0.962108563809852
1509,0.816141137275447,33,0.775535096342999,0.793020182811401,0.861637634210717,0.622484137817667,0.962108563809852
1510,0.915379783433326,33,0.899455531398573,0.888633111290584,0.95891218305748,0.687858496471558,0.962108563809852
1511,1.17314576528503,33,1.14417308456665,1.14549059494848,1.24844972093672,0.895049804070684,0.962108563809852
1512,0.895698095012243,33,0.861727484471424,0.871164658929865,0.949860299829729,0.681747098817594,0.962108563809852
1513,1.2257833584751,33,1.17708295416323,1.17767689704533,1.25485558614745,0.906294011343056,0.962108563809852
1514,1.17276463383333,33,1.15291723555482,1.14328158104147,1.21511709326261,0.853000921144956,0.962108563809852
1515,0.874197472252835,33,0.863919363580648,0.852720570501028,0.909989325767774,0.657876299804327,0.962108563809852
1516,1.09960649824889,33,1.08983234911235,1.07009036975459,1.12537383913634,0.833734994811225,0.962108563809852
1517,1.06640206430021,33,1.07215498426351,1.04168410045162,1.12349732768966,0.810190886319031,0.962108563809852
1518,1.24790610005167,33,1.30348970940798,1.23413888063693,1.30825548961392,0.96511910276025,0.962108563809852
1519,1.38262275424443,33,1.46109107140944,1.35825174574807,1.43950559469141,1.05442245714504,0.962108563809852
1520,1.30828568959207,33,1.42027479773103,1.28958985832437,1.37201743150038,0.996629723747698,0.962108563809852
1521,0.358597594828419,33,0.400965203111663,0.352819292558046,0.381451101599548,0.275750216631766,0.962108563809852
1522,0.930863192762407,33,1.04760938637158,0.907786481503031,0.972377298241006,0.696516775102873,0.962108563809852
1523,0.980567948929844,33,1.12413750003876,0.956719935990769,1.01010178243707,0.740803809778101,0.962108563809852
1524,0.890039173322026,33,1.08620149526683,0.885279191772859,0.912497130435442,0.679510713716826,0.962108563809852
1525,0.290305028495011,33,0.347572615610815,0.28272655172239,0.301053088738127,0.220658155143036,0.962108563809852
1526,0.428107864833332,33,0.55136223696887,0.429008030206366,0.437400314768409,0.326059807397945,0.962108563809852
1527,0.781433986080155,33,0.969957365869322,0.770753886235944,0.775020158595718,0.561858683309298,0.962108563809852
1528,0.735140799082791,33,0.923255538041631,0.730102478694493,0.735301997318403,0.552057760910585,0.962108563809852
1529,0.467439950630332,33,0.570354603952103,0.465127040807113,0.469368703845054,0.343202292116755,0.962108563809852
1530,0.838196100148926,33,1.0391582933419,0.8500075306396,0.858659221097977,0.637043333689626,0.962108563809852
1531,0.806930248271089,33,0.966072512630161,0.798488299766954,0.82859680309083,0.599231896872596,0.962108563809852
1532,0.922470558983355,33,1.083196904646,0.915332560041866,0.929494516680074,0.684336002651044,0.962108563809852
1533,0.899551528992447,33,1.08112542254381,0.913877767301958,0.962569768341289,0.692519858360265,0.962108563809852
1534,1.07443146786451,33,1.2471629993278,1.0788969772335,1.12354201202587,0.816110782546241,0.962108563809852
1535,0.867350505255332,33,0.982018045341127,0.859233620234356,0.878494413464924,0.645914563648757,0.962108563809852
1536,0.947539079135868,33,1.06815925858547,0.935492686044561,0.963448952354315,0.705937394601539,0.962108563809852
1537,1.09720925295381,33,1.24109788312707,1.09722804803118,1.13555362215306,0.831687459271021,0.962108563809852
1538,0.820009278083855,33,0.918643612142268,0.820890435474003,0.836760562931942,0.625153569767689,0.962108563809852
1539,0.963575910723752,33,1.0376369199734,0.954156524214963,0.9457151078317,0.707439011926626,0.962108563809852
1540,1.21604590436066,33,1.31600174389943,1.21801282378802,1.24302124613732,0.92180241921438,0.962108563809852
1541,1.11111483305348,33,1.19228314387339,1.09820539953016,1.13300021183745,0.846382190644858,0.962108563809852
1542,0.843375808473749,33,0.878176411724533,0.825291158584816,0.854644101146055,0.635594366856811,0.962108563809852
1543,1.14956668004409,33,1.24581822117003,1.13861237210284,1.15223019521389,0.864321683242355,0.962108563809852
1544,1.06707137795203,33,1.15978247397536,1.04969553258038,1.0703427616728,0.797581453645878,0.962108563809852
1545,0.38624990546258,33,0.397545588459627,0.381267288833713,0.401786656259189,0.296609561614022,0.962108563809852
1546,0.771145375013102,33,0.817368575547839,0.75331565311219,0.796155991986148,0.585399838492583,0.962108563809852
1547,1.02874988695996,33,1.0692624489209,1.01626830630037,1.04651156067623,0.778929239295959,0.962108563809852
1548,0.953543173074672,33,0.963857938988772,0.93668105669195,0.958745186945038,0.710914433723988,0.962108563809852
1549,0.763487047672026,33,0.755138319724777,0.744860782639559,0.772554939958118,0.566282389733532,0.962108563809852
1550,0.901717303157084,33,0.885702220519447,0.886330058152579,0.90745301388394,0.673223001244586,0.962108563809852
1551,0.88646204244963,34,0.870328226574273,0.883635805873345,0.890409543585175,0.671079648728485,0.963434120967173
1552,0.90737748413476,35,0.86108176031283,0.89944685626499,0.878943834870038,0.669868369743497,0.963579608174583
1553,1.17827295025497,35,1.09453355767701,1.17376502886725,1.17416523003895,0.897108636836202,0.963579608174583
1554,1.28243888436021,35,1.17993410711308,1.26720892275625,1.24866407531404,0.964088625320736,0.963579608174583
1555,1.08634534023064,35,0.951208979651893,1.08521605974466,1.08490375776263,0.824154126094704,0.963579608174583
1556,1.37194889721156,35,1.1855690732817,1.36902010665517,1.35203426210752,1.00678630093061,0.963579608174583
1557,1.09720026895375,35,0.942584517390788,1.09559916263761,1.09609494485585,0.823486356217548,0.963579608174583
1558,1.02465714222812,35,0.877802654871874,1.02957517327019,1.00721761285004,0.762101176365526,0.963579608174583
1559,1.44710000705653,35,1.20647374918028,1.44789541028336,1.40964146222127,1.10099553520685,0.963579608174583
1560,1.04859513207401,35,0.858576502949929,1.0460536253317,1.03408691011051,0.785752673581147,0.963579608174583
1561,1.33961109988119,35,1.07473108427194,1.34755487181845,1.30061806478693,0.997988669530438,0.963579608174583
1562,1.29002302936569,35,1.04088695609796,1.29520099038652,1.25233000852961,0.95719184743604,0.963579608174583
1563,1.15781031138802,35,0.936942450464612,1.16742332313337,1.14749186697753,0.862403984197363,0.963579608174583
1564,1.53999158983695,35,1.20770048260043,1.54905914390282,1.47748456484039,1.13183641858357,0.963579608174583
1565,1.31918980970578,35,1.07461162744729,1.32914132809764,1.28975639455196,0.974989900223437,0.963579608174583
1566,1.2615611519437,35,1.02279287202069,1.26634349416393,1.20848665116082,0.906580563996759,0.963579608174583
1567,1.49027094938132,35,1.21829293895276,1.50275886385243,1.42261419440742,1.07359516758809,0.963579608174583
1568,1.24050479839254,35,1.02663424143315,1.25342299805825,1.21276936645431,0.924384752056244,0.963579608174583
1569,1.14478905663287,35,0.969146831077276,1.1612788353848,1.14061294836189,0.87067043953203,0.963579608174583
1570,1.11994051022085,35,0.945618776263501,1.13266479833056,1.14075022402312,0.866492285880558,0.963579608174583
1571,1.07556853197568,35,0.91402162527649,1.07884786848799,1.07564545291283,0.820200861609287,0.963579608174583
1572,0.994630109738371,35,0.862958124658675,1.01888358106107,0.985408138845064,0.760720258083683,0.963579608174583
1573,1.19400863629199,35,1.04177955201421,1.19665765435307,1.20133787616154,0.915885798904631,0.963579608174583
1574,0.850304788672926,35,0.755453030739985,0.866541094316055,0.867779906107191,0.650223544501828,0.963579608174583
1575,1.05194422923375,35,0.964338442770722,1.07310417974827,1.05902380873717,0.800303398265481,0.963579608174583
1576,0.989137484526684,35,0.901601306342158,1.01947873291843,1.01336103340491,0.77526614894208,0.963579608174583
1577,1.21457137695604,35,1.1563136112651,1.28296943267783,1.22559444666456,0.929514579058877,0.963579608174583
1578,1.15993560232313,35,1.09812944039406,1.20050821743612,1.12902644539741,0.877435434356043,0.963579608174583
1579,0.806671101008489,35,0.783492661705582,0.834778867646919,0.815249345115983,0.606866454125693,0.963579608174583
1580,0.976708796826305,35,0.923766640874831,1.00944271172806,0.968666252460365,0.729035850194118,0.963579608174583
1581,1.04782699231149,35,1.02569050777574,1.09449330710104,1.02871790751579,0.782780905797113,0.963579608174583
1582,1.1017401531677,35,1.08109515026642,1.14547400981487,1.11203988360632,0.843505534625322,0.963579608174583
1583,1.10613302453193,35,1.06965658265702,1.14007410505533,1.10843741832359,0.835118851212992,0.963579608174583
1584,1.2385173862009,35,1.21325461272176,1.2923543723003,1.20686774471371,0.928828283218124,0.963579608174583
1585,1.08780674629045,35,1.07175718979395,1.15864829232743,1.07342382449994,0.823387769307384,0.963579608174583
1586,1.05101418849519,35,1.03864208321345,1.10428068485202,1.04941704933322,0.791870130174759,0.963579608174583
1587,1.0096489691946,35,1.00323085565095,1.05671633823094,0.999046412463876,0.752004340471322,0.963579608174583
1588,0.984890717335523,35,0.970155998023307,1.0184436830915,0.965352820543736,0.729326031090869,0.963579608174583
1589,0.788671318770557,35,0.759008213515934,0.824642074921049,0.799675894467853,0.607916769987297,0.963579608174583
1590,1.05430778015126,35,1.04350914383439,1.09977968880728,1.04671270689204,0.808047443298935,0.963579608174583
1591,0.889251167466197,35,0.880268999768583,0.928868798950953,0.895464169864662,0.673452110824107,0.963579608174583
1592,0.990740915789033,35,0.990730502006555,1.03958372188036,1.00464464891389,0.749934188775514,0.963579608174583
1593,0.847030706308324,35,0.853472581353519,0.891356860571573,0.853999385988347,0.647497751461916,0.963579608174583
1594,1.0334528598643,35,1.02883222388441,1.08860366618881,1.0320404502581,0.776863501847639,0.963579608174583
1595,0.992954461108781,35,0.994486825949587,1.04609083362725,1.01675512018418,0.769744831600387,0.963579608174583
1596,0.975746680228163,35,0.964356626531508,1.0437741555136,1.00380559616037,0.749216661584595,0.963579608174583
1597,0.867598074230384,35,0.873152572797479,0.921353335337862,0.897028480937096,0.645592832195892,0.963579608174583
1598,1.0835208855421,35,1.08299191169173,1.15859974123152,1.09740267718016,0.806590257964693,0.963579608174583
1599,1.36331102856201,35,1.32089625712233,1.44831143973098,1.34436309747767,1.0152039070353,0.963579608174583
1600,0.894935317827423,35,0.885425552289985,0.945580960365783,0.890720634696726,0.667574468213406,0.963579608174583
1601,1.13597499202864,35,1.11854105424754,1.21345541861747,1.13673399000074,0.839961956317644,0.963579608174583
1602,1.19270924095608,35,1.2374189648449,1.29529656847371,1.22965326083629,0.938792295512164,0.963579608174583
1603,0.946148806963909,35,0.963158709938578,1.00269571350051,0.94692232991301,0.715744349710175,0.963579608174583
1604,1.10830659979941,35,1.10787174148372,1.16553600024119,1.09702756216716,0.831185077396955,0.963579608174583
1605,0.73237926141432,35,0.736417339431043,0.770590705855864,0.713755888035331,0.541784488221689,0.963579608174583
1606,0.94011622794567,35,0.929672877148621,0.992069431917124,0.929179526880856,0.710681292633866,0.963579608174583
1607,0.758208575598778,35,0.785075323473657,0.801369649151467,0.757088962248089,0.569856297955254,0.963579608174583
1608,0.979871114065051,35,1.06121211139967,1.05238457094865,0.983376633327538,0.741225765186293,0.963579608174583
1609,0.926251111864078,35,1.00797762550352,0.97693460914175,0.929161595038579,0.699952375784846,0.963579608174583
1610,1.10054324778727,35,1.24280687664188,1.16694058603128,1.12488862754846,0.82839696445448,0.963579608174583
1611,0.946941862759876,35,1.06859907151408,1.00867766108357,0.969971373441378,0.71396286106069,0.963579608174583
1612,1.32813165598437,35,1.53391662094276,1.41540596639631,1.32667986263232,1.02054453946802,0.963579608174583
1613,0.34376018874282,35,0.383187601073835,0.358718056956515,0.347817126696056,0.260145085866301,0.963579608174583
1614,0.841823535805603,35,1.0095867545124,0.885408894972338,0.846687846209821,0.617206379347335,0.963579608174583
1615,0.752780613569696,35,0.912574632203296,0.793418141612979,0.770250773645218,0.576131554482699,0.963579608174583
1616,0.538580697964274,35,0.674303075064043,0.572140499313667,0.515864627241331,0.400487789832735,0.963579608174583
1617,0.689919951160223,35,0.901073398248493,0.751126287372962,0.683049620518399,0.514999413540025,0.963579608174583
1618,0.837080273429669,35,1.09241776853586,0.895604147670626,0.840142006620058,0.636965538294655,0.963579608174583
1619,0.89171339201438,35,1.19849307230955,0.94643058206508,0.898783580059475,0.69205480438097,0.963579608174583
1620,0.782803355389993,35,1.07142777837106,0.844170471864539,0.807678673742393,0.605353768094674,0.963579608174583
1621,0.780112685688814,33,1.04287359237576,0.823383521068931,0.802718013372147,0.604357652855592,0.961296251713478
1622,0.748335117585601,33,0.995122653601463,0.78909791054871,0.772249161256294,0.579836945100813,0.961296251713478
1623,0.765975002421311,33,1.05288603127567,0.80638961321945,0.783131267988055,0.59760218234972,0.961296251713478
1624,1.01595212724528,33,1.46250106912568,1.07978910738992,1.00391738715728,0.777307428492519,0.961296251713478
1625,0.794800437840855,33,1.21820412276154,0.877729952798043,0.842371182158896,0.643086517768563,0.961296251713478
1626,0.376807821095801,33,0.552399960081606,0.401678322081229,0.426682807144991,0.325953074433122,0.961296251713478
1627,0.60148296170313,33,0.879491551582525,0.634026562791204,0.611527437117704,0.455768144426866,0.961296251713478
1628,0.374957860649764,33,0.527532502072116,0.385742812461104,0.387503250797088,0.283986337632789,0.961296251713478
1629,0.465632016738928,33,0.6597683912745,0.483726623289952,0.483377893286854,0.355929931770407,0.961296251713478
1630,0.482313483538854,33,0.691413795049405,0.499974556474198,0.48895209676846,0.374716334734513,0.961296251713478
1631,0.591265663572393,33,0.830113618188209,0.606094261079863,0.619926775440356,0.46117764210018,0.961296251713478
1632,0.805913347995429,33,1.12797461493154,0.837540413362291,0.812035898297282,0.621978731320907,0.961296251713478
1633,0.936175891746438,33,1.29445690980942,0.977485436626952,0.96319612608134,0.734525462992334,0.961296251713478
1634,0.971283323058775,33,1.30913556569475,1.00907962223918,0.957044147795411,0.741105201482439,0.961296251713478
1635,0.550738595166352,33,0.717225605412539,0.572396967249682,0.520452041015994,0.407771504575656,0.961296251713478
1636,1.05805529569003,33,1.39245213448614,1.11337274234458,1.03489858274266,0.807134004350453,0.961296251713478
1637,0.720317678505936,33,0.9176088554157,0.753659337044434,0.7141100139847,0.532385727576711,0.961296251713478
1638,0.32811550453506,33,0.396762378345538,0.338501791663747,0.364109058100745,0.266699822333073,0.961296251713478
1639,0.545467087645995,33,0.665354985753684,0.572825843693955,0.591463934887226,0.43994980879134,0.961296251713478
1640,0.82327347895123,33,0.99778523942043,0.873840361579891,0.860342482025515,0.644979138674079,0.961296251713478
1641,1.12859822958933,33,1.30885487052147,1.18595814440177,1.17993794504908,0.896305714735668,0.960346476421697
1642,1.01729313407444,33,1.16904948447928,1.08957774850069,1.05693873144067,0.789220303859197,0.960346476421697
1643,1.08210373732142,33,1.21865505871396,1.14861111502948,1.10428867169741,0.854263305008734,0.960346476421697
1644,1.17931327165323,33,1.29667526705027,1.23798474712042,1.19991500394661,0.93966039923201,0.960346476421697
1645,1.0603689792446,33,1.15201227432268,1.1300070302854,1.07876104478281,0.82894376490502,0.960346476421697
1646,1.20124255165108,33,1.3424444521004,1.25006381664941,1.22186932196196,0.948771411631223,0.960346476421697
1647,0.827262570820302,32,0.919228432539993,0.886201382497847,0.853768797537102,0.65175152690849,0.959329740878843
1648,0.58548433807071,32,0.639928933046459,0.62992951244172,0.618613896194758,0.463677662153272,0.959329740878843
1649,0.432931576952834,32,0.488611348284491,0.454995882975809,0.40858011228522,0.316047650905198,0.959329740878843
1650,0.798834074473611,32,0.917496148423517,0.851995335826648,0.828666103492716,0.626520392821622,0.959329740878843
1651,1.01646152639099,32,1.15854182321684,1.08260910290827,1.02800117855146,0.779177638953516,0.959329740878843
1652,1.03875795778186,32,1.16639705410397,1.10621789851341,1.04644618682179,0.809355066491761,0.959329740878843
1653,1.11928815221875,32,1.25783950656771,1.18197170838101,1.16411750812078,0.88189279285041,0.959329740878843
1654,0.961426559618525,32,1.07872000908767,1.01830573165971,1.00931105851516,0.732440012588702,0.959329740878843
1655,0.875780689284103,32,0.979870372663553,0.928965878306687,0.909035949836153,0.692781437883868,0.959329740878843
1656,0.743783692138772,32,0.813455244703461,0.796599727430288,0.779819029847692,0.578770417084962,0.959329740878843
1657,0.813272082114141,32,0.894994683278429,0.863219845005617,0.84175074293475,0.635984621934941,0.959329740878843
1658,0.875424851317628,33,0.97652728525733,0.926505815961588,0.916811987084555,0.692871417166099,0.96093042396086
1659,1.02782682780824,33,1.12592837731986,1.09438882609928,1.06885138324262,0.820193137377213,0.96093042396086
1660,0.777071931052603,33,0.831655918707862,0.82463561675706,0.814853735499691,0.624801357868996,0.96093042396086
1661,0.370041437678213,33,0.3757138554317,0.376889599278577,0.387602762032033,0.291631351698883,0.96093042396086
1662,0.903862915370325,33,0.976324127796939,0.954290325632013,0.94175127305176,0.731884870008605,0.96093042396086
1663,0.974550812643901,33,1.01950687482082,1.02211496222904,1.01565831818836,0.791027565061288,0.96093042396086
1664,0.966351867847845,33,0.967516110387691,1.01970394494414,0.995982087314338,0.772049788068253,0.96093042396086
1665,1.09815403011799,33,1.09912668089792,1.17450956697777,1.12638038704911,0.868599802335129,0.96093042396086
1666,1.14659766526195,33,1.12098565976736,1.20693771013882,1.18670348224699,0.91136192249183,0.96093042396086
1667,1.0798135287293,33,1.04154572413907,1.13204725086086,1.11822559079162,0.864795935312782,0.96093042396086
1668,1.07786707547077,33,1.03345926991238,1.13119277104281,1.09905877999121,0.855037520784912,0.96093042396086
1669,1.28921548849006,33,1.23790251829771,1.3428136671367,1.3043871659262,1.01662467766174,0.96093042396086
1670,1.60307018421416,33,1.54548164044981,1.66455061323345,1.62260966700815,1.25174153162752,0.96093042396086
1671,1.31643217187251,32,1.25009473969252,1.35837120038142,1.33588040512639,1.03502941755202,0.959592595789848
1672,1.10382408433446,33,1.08332135170383,1.14382336964483,1.15995197649136,0.891398759496783,0.961162096806939
1673,1.11797499872926,33,1.12540851402797,1.17033779144462,1.18007650286061,0.914629664798562,0.961162096806939
1674,0.702307107786841,33,0.700451085008897,0.723537737293666,0.762941571576219,0.585632293688911,0.961162096806939
1675,0.360973482169768,33,0.37863230357618,0.368176962133722,0.364771340172728,0.292498397010074,0.961162096806939
1676,0.605613572736661,33,0.635847212033272,0.61811182687073,0.660357665393115,0.50851906437357,0.961162096806939
1677,0.857878913929968,33,0.915120911563759,0.879225333674933,0.926460641860482,0.716612335006497,0.961162096806939
1678,0.972933476409307,33,1.04793720533453,1.01063859543085,1.04070320648832,0.811312075108259,0.961162096806939
1679,1.07039984371766,33,1.15550791492917,1.09780455750465,1.13223430636384,0.88897311986214,0.961162096806939
1680,0.727633034020932,33,0.774407353050534,0.742127678698183,0.76111895149549,0.59666293573407,0.961162096806939
1681,1.21165468111441,33,1.37194605240577,1.26276283654528,1.26320728767112,1.00514143977821,0.961162096806939
1682,0.972663265163717,33,1.11761868532394,1.01453667077077,1.02874017861217,0.82089109143224,0.961162096806939
1683,0.198099023232273,33,0.202224055242442,0.207378404784243,0.200397237012022,0.170214093286713,0.961162096806939
1684,1.17063828239501,33,1.35827076201341,1.22308386164182,1.21463098613357,0.957771464176009,0.961162096806939
1685,1.05366231391109,33,1.21802158224972,1.10961772305508,1.08596464226968,0.844802664214691,0.961162096806939
1686,1.22424714286292,33,1.42636071124178,1.25445971871511,1.26072897767159,1.00358159963455,0.961162096806939
1687,0.667207615740333,33,0.771254875198156,0.682730867374037,0.694013410090621,0.547739537674834,0.961162096806939
1688,0.932845616489852,33,1.12120105215038,0.951397106551732,0.961703052724379,0.761456616811352,0.961162096806939
1689,0.83531264195082,33,1.02947421823325,0.866578884051999,0.878100503178026,0.683964517949325,0.961162096806939
1690,0.865841520474235,33,1.05671838424914,0.89390729481221,0.943637510912082,0.723068177831435,0.961162096806939
1691,0.910523212899733,32,1.14809604361077,0.963311486729266,0.929621577071375,0.73210997553138,0.959764336336852
1692,1.14018928398741,32,1.4183989835234,1.18320684785791,1.21634568824647,0.94036217179703,0.959764336336852
1693,0.250430681574922,32,0.320870267966633,0.264228182436564,0.288431412466525,0.214503595827465,0.959764336336852
1694,0.615422842195751,32,0.767484692960026,0.638827479253968,0.673985178838581,0.518706900869606,0.959764336336852
1695,0.594888033574984,33,0.824412442764651,0.695992385336777,0.625947995565309,0.50332019868246,0.961077326721422
1696,0.636136839773145,33,0.819985794915755,0.703161076382636,0.679831293816284,0.528781106577601,0.961077326721422
1697,0.504060471861085,33,0.571750808318571,0.534907428409919,0.545063354871231,0.418478407600099,0.961077326721422
1698,0.603453354437315,33,0.689329020151605,0.637223977911885,0.633651878717795,0.491480467188422,0.961077326721422
1699,0.747763714277667,33,0.86507479674845,0.786560337680387,0.795313200540875,0.617929723299597,0.961077326721422
1700,0.851608958359418,33,0.963999081016595,0.899211858916784,0.896166477977595,0.708437813543096,0.961077326721422
1701,0.884709407928815,33,0.97670723095232,0.936003538598502,0.922362417937957,0.724312725013946,0.961077326721422
1702,0.859203240758369,33,0.923723144398494,0.917526190285748,0.917321876225878,0.705267933198336,0.961077326721422
1703,0.864245150730672,33,0.903052674709666,0.905466908644419,0.926154918768887,0.713822877699091,0.961077326721422
1704,1.08471070074898,33,1.10967427524045,1.12905123421521,1.11970463067693,0.872472114323799,0.961077326721422
1705,1.15215501824901,33,1.18310745565429,1.20611820593421,1.1782123996914,0.922907425104894,0.961077326721422
1706,1.3307526962904,33,1.34260306885761,1.39744238674572,1.35698949352649,1.05971348364488,0.961077326721422
1707,1.52241824133323,33,1.50510340346628,1.5777979412209,1.54948387670213,1.23570950978764,0.961077326721422
1708,1.28385931797924,33,1.26610710114593,1.34030514837231,1.30936689088244,1.03819562585733,0.961077326721422
1709,1.22800456679656,33,1.20643068743957,1.27365931886194,1.26606876234933,1.01037274968407,0.961077326721422
1710,1.12728386715366,33,1.12834493199923,1.19072235782769,1.14079005765184,0.915028029009754,0.961077326721422
1711,1.14810875484543,33,1.15028397637892,1.19185433684277,1.18646937960243,0.947566637229303,0.961077326721422
1712,0.936253090250588,33,0.940835064668706,0.982853184349522,0.966473713542268,0.748862361512075,0.961077326721422
1713,0.765916461675923,33,0.768391741012523,0.805138437666121,0.804577993293166,0.62633745966331,0.961077326721422
1714,0.65908292981825,33,0.66060387185806,0.683165847284851,0.693119052730541,0.531711270913435,0.961077326721422
1715,0.525408151336267,33,0.525257055802618,0.547795550909681,0.55378931839218,0.421986227675796,0.961077326721422
1716,0.354805168184789,33,0.35698133362032,0.372229462405681,0.3558092106701,0.274546531010228,0.961077326721422
1717,0.600285493771427,33,0.616274268533114,0.628920008363873,0.617632067467665,0.474600902849876,0.961077326721422
1718,0.754342646182626,33,0.766807252773812,0.795107766208085,0.748258677319314,0.576875243602892,0.961077326721422
1719,0.959034848310492,33,0.977212230361392,1.01598152943016,0.973558423033595,0.769124573738724,0.961077326721422
1720,1.03332884594647,33,1.01872638492718,1.08098033896444,1.06275847739826,0.827391482740149,0.961077326721422
1721,1.03766481986734,33,0.996362743074526,1.06982693493538,1.04834963381538,0.819910076347199,0.961077326721422
1722,1.08764417813024,33,1.03420346521085,1.12067324841705,1.11159980318724,0.876654722949366,0.961077326721422
1723,1.47547101929538,33,1.40626216073206,1.55630136387657,1.53931984679775,1.24277291726694,0.961077326721422
1724,1.30840607243411,33,1.20098210484554,1.33685301710587,1.37121497157681,1.09623173927406,0.961077326721422
1725,1.20072529106755,33,1.09235642640021,1.24495849264259,1.26118766371755,1.00416387678567,0.961077326721422
1726,1.58542310633835,33,1.45555697104436,1.65999990403123,1.67835922118152,1.35474764926945,0.961077326721422
1727,1.64033339568359,33,1.53288401186586,1.71130383616891,1.69398523135461,1.34274299156686,0.961077326721422
1728,1.34850206571674,33,1.27266165300672,1.40005247657135,1.390015170194,1.11820535231553,0.961077326721422
1729,1.16795176076894,33,1.1138908032226,1.21502033487067,1.19894926953791,0.952783388104573,0.961077326721422
1730,1.24861827537785,33,1.28520686319183,1.30674779680427,1.25434311362858,1.02256601195576,0.961077326721422
1731,0.225983364467676,33,0.216032808881364,0.225897062400507,0.232040752210175,0.180379339517321,0.961077326721422
1732,0.666578347224161,33,0.694011932623699,0.668678962648469,0.696350042684406,0.544585526699106,0.961077326721422
1733,0.993813993686003,33,1.04948059146219,1.02212061484299,0.972598420819963,0.770425281860198,0.961077326721422
1734,0.193769563407593,33,0.208575567906114,0.199551986664502,0.215155858874764,0.165190186950695,0.961077326721422
1735,0.847334499076704,33,0.949092576293591,0.871499835924897,0.836279102345363,0.656207248686895,0.961077326721422
1736,0.913121212081594,33,1.01865647672869,0.904088813317277,0.939133268109873,0.736987305369971,0.961077326721422
1737,0.79217605548794,33,0.92340011483735,0.781631302149937,0.796446180147551,0.631879766032755,0.961077326721422
1738,0.411809474141393,33,0.428232821079777,0.427673524204788,0.427507779021003,0.32626851213909,0.961077326721422
1739,0.869774485780971,33,0.966296431264032,0.899976982544331,0.911030161795324,0.728037695897544,0.961077326721422
1740,1.09570370061612,33,1.23359232165225,1.16088200929697,1.13676644909322,0.932796493879417,0.961077326721422
1741,1.15264993026159,33,1.24121862322781,1.20130180952789,1.17939696952186,0.969390842349297,0.961077326721422
1742,1.03041024661016,33,1.10474949844471,1.08176474395268,1.08757635626765,0.874084093518219,0.961077326721422
1743,1.28563291784063,33,1.33220461095684,1.30865321870229,1.31986026480728,1.08609424779646,0.961077326721422
1744,0.878876973225766,33,0.906952055915303,0.911647784903515,0.951241789487592,0.755005842009049,0.961077326721422
1745,1.12661407515074,33,1.145577787093,1.16477521237199,1.16438345807022,0.957214907353059,0.961077326721422
1746,0.888673520090852,33,0.928156120724322,0.913382541976288,0.939246874139618,0.752987161917705,0.961077326721422
1747,0.701080857199565,33,0.714591702441078,0.719774043076936,0.771724302274963,0.600761091818503,0.961077326721422
1748,0.797921297132533,33,0.787803229996638,0.822992008895992,0.840681239556278,0.646554645386021,0.961077326721422
1749,0.922065160905548,33,0.903851225065116,0.953205077018051,0.980147433130428,0.79713634959764,0.961077326721422
1750,1.00621507229637,33,0.985750841501186,1.06296546206539,1.0577200000633,0.85137104366058,0.961077326721422
1751,1.26835001402048,33,1.1754291227145,1.32292996219676,1.31121997047829,1.05197384601549,0.961077326721422
1752,1.45540166488006,33,1.31712833196168,1.5321950950013,1.5279474597721,1.26552357765643,0.961077326721422
1753,1.15283274715238,33,1.0522110236968,1.20119406844996,1.22178056099745,1.00675454874809,0.961077326721422
1754,1.35917917383744,33,1.19861592605734,1.40479480113535,1.41004143778596,1.15014229390007,0.961077326721422
1755,0.539689782098469,33,0.467979250754264,0.565096860882737,0.626816533175688,0.480125057582883,0.961077326721422
1756,1.01458928071079,33,0.866813627368538,1.03697291410568,1.07635623426228,0.878216906215214,0.961077326721422
1757,1.41601113722423,33,1.20493907977252,1.43062093577531,1.5033871434926,1.23236852850283,0.961077326721422
1758,1.28755623044604,33,1.09616912489838,1.32744341027653,1.39355424299858,1.12356732350514,0.961077326721422
1759,0.889597540031421,33,0.759904335873929,0.929849344906758,0.945511687848262,0.776579672993192,0.961077326721422
1760,1.30226459995711,33,1.08824619597042,1.32970634619841,1.38297669745208,1.12936346210691,0.961077326721422
1761,1.24398656675724,33,1.04540466653908,1.28386547107047,1.33735377563392,1.07023355433031,0.961077326721422
1762,1.45307995276589,33,1.19890117147377,1.51462369073902,1.52311379776833,1.26604319744109,0.961077326721422
1763,1.49002276104386,33,1.22298184460925,1.52840697913493,1.53247295191725,1.26424747781532,0.961077326721422
1764,1.29646277204562,33,1.06731638214188,1.33594734022444,1.32636078327285,1.11258848844962,0.961077326721422
1765,1.05635972637634,33,0.884629830694356,1.08250877227891,1.07576999909309,0.881021862062555,0.961077326721422
1766,1.27555980981417,33,1.07455766659668,1.30143201201799,1.27568891486226,1.05024502879273,0.961077326721422
1767,1.55822932440127,33,1.30596728119821,1.58160417701685,1.57065219556586,1.27577461477684,0.961077326721422
1768,1.12237081331324,33,0.942676417230472,1.18812342360121,1.07215161451215,0.871199746603012,0.961077326721422
1769,1.34985620645057,33,1.17136275031287,1.39038077558737,1.35678453580472,1.11419922718011,0.961077326721422
1770,0.709368589469713,33,0.582185179443362,0.773604280046314,0.656970542464749,0.544621816833583,0.961077326721422
1771,1.16939711381786,33,1.01153299728447,1.23399796832316,1.20049520608842,0.969367567822614,0.961077326721422
1772,0.697354514709421,33,0.63238089035058,0.722371380113779,0.722940431024199,0.581460595817524,0.961077326721422
1773,0.940720940270901,33,0.868963488196419,0.980965094424162,1.00167922603791,0.792910612243855,0.961077326721422
1774,1.01382448455359,33,0.931359051785944,1.0483252580014,1.08544001086014,0.877866608545015,0.961077326721422
1775,1.22119904291122,33,1.11756840003535,1.28690457051351,1.29244091948223,1.02924686918364,0.961077326721422
1776,0.991851388869697,33,0.885760934674806,1.03494244937,1.03361013029037,0.830117505869167,0.961077326721422
1777,0.970314276656357,33,0.867937842908311,1.00645546457212,0.98485079900849,0.788188802675146,0.961077326721422
1778,1.00622774588435,33,0.892536993807658,1.02314358318436,1.02959721242254,0.838496784264801,0.961077326721422
1779,0.748879204247052,33,0.655667198250421,0.777891288119712,0.823350331431423,0.664313983660594,0.961077326721422
1780,0.975054924287432,33,0.839588333094917,0.985582651241487,1.04696882472243,0.866379318093905,0.961077326721422
1781,0.800542079203376,33,0.676143841535345,0.82300235925837,0.843158913888678,0.690098669422018,0.961077326721422
1782,1.19962111149745,33,0.988735228311805,1.21535336354324,1.18492210643617,1.02559388263461,0.961077326721422
1783,1.18159029984709,33,0.946713424506849,1.19267981777152,1.16294659024382,0.965709646939224,0.961077326721422
1784,1.44986136430096,33,1.16251573403207,1.46843031830763,1.42714257800984,1.22467782521528,0.961077326721422
1785,1.70699185652103,33,1.35937180582856,1.76403159655887,1.70211902942426,1.43041706176907,0.961077326721422
1786,1.7554825337405,33,1.3960719410822,1.81585124945793,1.79886734723564,1.52101327297172,0.961077326721422
1787,1.79190743704664,33,1.42250001655886,1.84872771158506,1.85365172086646,1.55795393228016,0.961077326721422
1788,1.99618352549834,33,1.63596417390681,2.08170740967822,2.01861450069432,1.73852213902481,0.961077326721422
1789,1.50568644278638,33,1.25444166567863,1.57264572399176,1.60617808577744,1.33979968531439,0.961077326721422
1790,1.17029792857261,32,1.05258550364882,1.23241143446801,1.20904289404846,0.99449399981873,0.959450102595503
1791,0.824245663578308,32,0.75470857723917,0.84993493739057,0.826990566352634,0.670457221167231,0.959450102595503
1792,0.968679185550183,32,0.919164279358908,0.993922667646794,1.02521840618655,0.844258011611555,0.959450102595503
1793,0.880059637475223,32,0.885718505731034,0.904435908035607,0.935848793672532,0.763794937959592,0.959450102595503
1794,0.451492632247399,32,0.478009953768118,0.482059370795357,0.442462520158756,0.359843118028469,0.959450102595503
1795,0.53903771106642,32,0.589251833831959,0.558057522623943,0.565272921543193,0.457536250801747,0.959450102595503
1796,0.683226923151486,32,0.786165392056627,0.701462210909413,0.691765401890228,0.562221216180125,0.959450102595503
1797,0.667755778798229,32,0.795856939989345,0.690293118669861,0.660940222047313,0.547554270121516,0.959450102595503
1798,0.616024262926527,32,0.746862302334397,0.639218456160886,0.615727738602636,0.50967798456526,0.959450102595503
1799,0.771479796130602,32,0.92435414253021,0.792385599945609,0.771878473351791,0.638131203661407,0.959450102595503
1800,0.725423277721588,32,0.907026061260566,0.758307211101301,0.715704575634034,0.588899051895516,0.959450102595503
1801,0.566709306592607,32,0.698782785648187,0.598606322927358,0.565819177477502,0.466893066073254,0.959450102595503
1802,0.659385579134615,32,0.838771401953406,0.690248124890528,0.67443523701233,0.558773173357942,0.959450102595503
1803,0.818905100809533,32,1.05533561903587,0.866760086098335,0.837439154306466,0.707406436655519,0.959450102595503
1804,0.940948140426816,33,1.12592594292634,0.976635701477708,0.946532252347898,0.803458308532361,0.959948165895655
1805,0.875918010444385,33,1.02384831201305,0.925825809043829,0.873993485363175,0.756335436118199,0.959948165895655
1806,0.599505772840221,33,0.722558693130453,0.64495176646203,0.647335535116358,0.516028396281737,0.959948165895655
1807,0.869448188469953,33,0.999056619431862,0.917014606707495,0.917817170295755,0.773314299687294,0.959948165895655
1808,1.01668386386882,33,1.14461166781838,1.07482926131411,1.0450661963559,0.867966171079818,0.959948165895655
1809,1.07213409359672,33,1.13526794334379,1.09135393325731,1.08527430740864,0.917448735791336,0.959948165895655
1810,0.992872345435026,33,1.04949062838414,1.02795446460447,1.00054472067191,0.835783440668688,0.959948165895655
1811,1.02538532628756,33,1.06746107038982,1.04193769614907,1.01404190850083,0.840325302563065,0.959948165895655
1812,0.912278763268873,33,0.940137511884422,0.942027940290115,0.918924481870925,0.753018059910922,0.959948165895655
1813,1.13159308247634,33,1.08675952513296,1.14362915903863,1.11485994150332,0.921344143233958,0.959948165895655
1814,1.23368974744232,33,1.16784385424249,1.25787595238515,1.24185767149698,1.05175701960437,0.959948165895655
1815,1.25401098918336,33,1.20340063911396,1.30590686994886,1.28492813084869,1.06235063398405,0.959948165895655
1816,1.29229676315335,33,1.20506689256188,1.33025813326987,1.31319727922222,1.10958403715695,0.959948165895655
1817,0.87274485527312,33,0.837085492380717,0.921947948305625,0.91748496141302,0.788947569018741,0.959948165895655
1818,1.11744315362699,33,1.03411436608661,1.15713508984044,1.15671559507509,0.943413715430742,0.959948165895655
1819,1.21137376157553,33,1.11510063735283,1.25464812655747,1.25912429307108,1.04885545038117,0.959948165895655
1820,0.949418431672732,33,0.883476716626523,0.996755664136374,0.987703680889805,0.799530206058434,0.959948165895655
1821,0.818583685583181,33,0.736908470343645,0.852496516784563,0.860878021100979,0.708717314927703,0.959948165895655
1822,0.994025446462163,33,0.907765719735102,1.04628263792212,1.04541634451228,0.859125101494302,0.959948165895655
1823,1.04722608800992,33,0.934502463403715,1.09759787098932,1.09052580449739,0.922044184424878,0.959948165895655
1824,0.789433500186346,33,0.70082720346449,0.81405682026353,0.893136221690444,0.709853901729777,0.959948165895655
1825,0.939058896066104,33,0.839648202252424,0.961514721568341,1.00389490096405,0.821258690047132,0.959948165895655
1826,1.18686399971304,33,1.03322949329596,1.21657061907889,1.22214700088491,1.03229911204129,0.959948165895655
1827,1.22418133703645,33,1.06254923740245,1.28613620551213,1.26935799899415,1.07753796727549,0.959948165895655
1828,1.03573760381618,33,0.863300236863289,1.05754774381281,1.12193026639886,0.936610939484472,0.959948165895655
1829,1.11894890753872,33,0.917323517668633,1.15444284580235,1.17095362398553,0.959699627727512,0.959948165895655
1830,1.23413235581611,34,1.00539526945587,1.27126851075178,1.27402456311217,1.07225442999153,0.960648530778278
1831,1.37379141990802,34,1.10836992056173,1.4419022664861,1.40351633765152,1.1852933249222,0.960648530778278
1832,1.45585229943966,34,1.14983417438351,1.52764274903336,1.47130791755465,1.25887598942691,0.960648530778278
1833,1.55764913116654,34,1.21739601806867,1.62450771167063,1.5485094164902,1.30156866353534,0.960648530778278
1834,0.993761625330772,34,0.760219747329019,1.02759025139518,1.00041988716657,0.856644059280394,0.960648530778278
1835,1.63372640994999,34,1.28862534584099,1.72744261034974,1.65538416300232,1.40542263547808,0.960648530778278
1836,1.23317689185453,34,0.993833891599684,1.30649287039282,1.28536667414225,1.07386096766709,0.960648530778278
1837,1.43921882522641,34,1.23999487152203,1.51860008245197,1.50189946979017,1.27383437566928,0.960648530778278
1838,1.28632588871904,34,1.07074645556745,1.31064643161333,1.34133593419792,1.13310434615425,0.960648530778278
1839,1.22155010713928,34,1.07353314525053,1.2873011706912,1.27480625222702,1.07300330666669,0.960648530778278
1840,1.03828661748477,34,0.95951097446625,1.07057250834694,1.10621759825801,0.931271711856852,0.960648530778278
1841,1.12794743802399,33,1.00412679823045,1.1865935344496,1.16697500639816,0.998297912979238,0.959327148591575
1842,0.83964992999632,32,0.723258430619876,0.882874839509525,0.829392161622499,0.690203012644187,0.956902393235882
1843,0.992892180335409,31,0.946717654901957,1.03558717251712,1.00412487314143,0.835672231209497,0.954907571823801
1844,0.552758704248819,31,0.511599233882661,0.597672727741791,0.589251297522133,0.467632534635506,0.954907571823801
1845,0.874872185547757,31,0.832428941993821,0.934180344532974,0.855785618811289,0.716289194784159,0.954907571823801
1846,0.973689479856453,31,0.901587126047586,1.02298290137661,0.93456534994252,0.790108576219556,0.954907571823801
1847,0.96752095589363,31,0.946694568720348,1.01310548532859,0.964403304779903,0.831543469433709,0.954907571823801
1848,0.919776169839807,31,0.917517188279876,0.959740493260365,0.947092050211954,0.782378189890453,0.954907571823801
1849,1.0281924123947,31,1.00932033106565,1.08452409027389,1.02714023921892,0.854166591113496,0.954907571823801
1850,0.852682196886861,31,0.827907348667001,0.868732683203265,0.872072608279886,0.734501026837983,0.954907571823801
1851,1.04357749892408,29,1.05328919491508,1.10607934845407,1.11674169892232,0.935082175513109,0.94917404231663
1852,1.12915932751322,29,1.09682398236971,1.17822828440505,1.14907159415995,0.955655915481968,0.94917404231663
1853,1.226743127053,29,1.21689562241862,1.2664291785516,1.286001662058,1.0630751926578,0.94917404231663
1854,1.18670993165316,29,1.136537356862,1.28678818441116,1.1985679549353,1.03920086795068,0.94917404231663
1855,1.43824079857244,29,1.40814517752318,1.45388212452702,1.50708833397422,1.31449564303712,0.94917404231663
1856,1.33894629007903,29,1.2559128182487,1.42423934581993,1.3626470470029,1.13064499386869,0.94917404231663
1857,1.18431379862588,29,1.19362986589821,1.29229668556961,1.24777242582852,1.04141881636307,0.94917404231663
1858,0.958267616824012,29,1.01584729783388,1.00693474754047,1.08087369305315,0.929021075688585,0.94917404231663
1859,0.987609849263302,29,1.00078306825749,1.0448244907292,1.08765298489216,0.921337274116825,0.94917404231663
1860,0.720177813508996,29,0.75438877881764,0.75077305509235,0.770888926874816,0.647486143800152,0.94917404231663
1861,0.502872100653199,28,0.540352602919838,0.526333734015754,0.583698273867691,0.484101813832542,0.948319437817141
1862,0.546687808634711,28,0.557348592611732,0.582386713249079,0.597210039147476,0.479085924344348,0.948319437817141
1863,0.752013055899655,28,0.816576723696264,0.790921411420199,0.829591729076679,0.695308091693237,0.948319437817141
1864,0.821257493934023,28,0.89006545613095,0.867017059349767,0.861342606473897,0.722412276839774,0.948319437817141
1865,0.751430099809697,28,0.857326345000921,0.821976023684402,0.83007361120894,0.692155392137809,0.948319437817141
1866,0.588215643702509,28,0.677372724606583,0.626256572522842,0.697072825639272,0.561525355350219,0.948319437817141
1867,0.611679061418736,28,0.649556455632033,0.647598178931718,0.688167989614631,0.561189260275927,0.948319437817141
1868,0.923048131690406,28,0.96590819056137,1.00640957567468,0.997992787253946,0.831578891107362,0.948319437817141
1869,0.994034582214512,28,1.03393005817425,1.0622580113416,1.01195669614896,0.881922623806907,0.948319437817141
1870,1.14165102696262,28,1.14659164330684,1.21609895540019,1.16890369436373,0.993782350745786,0.948319437817141
1871,1.20377606438708,28,1.24249160627987,1.27236502791308,1.23346480175665,1.07175423453954,0.948319437817141
1872,1.25866488428356,28,1.22977404832602,1.32041741267421,1.29275500309198,1.09618384594428,0.948319437817141
1873,1.27329795673836,28,1.30108067619617,1.3524639684902,1.32382588914812,1.12899815573563,0.948319437817141
1874,1.05399850677984,28,1.02633530509516,1.10482311347459,1.11613646959772,0.915690437785605,0.948319437817141
1875,1.4261043916171,28,1.40041179554775,1.53784789442547,1.42055054928379,1.17411172011232,0.948319437817141
1876,1.36539370080579,28,1.36133764777047,1.43831621686955,1.38808304231368,1.18127665886907,0.948319437817141
1877,1.04677689971769,28,1.08442371988106,1.09232127939951,1.07550020378773,0.891586123646309,0.948319437817141
1878,0.328794801399642,28,0.335616287148688,0.340746045821891,0.374889794599168,0.290091325859173,0.948319437817141
1879,0.577272296495955,28,0.600662932318427,0.589704467314328,0.637865844677889,0.512754986964039,0.948319437817141
1880,1.01520183830528,28,1.04269425892154,1.07221891978663,1.08538413358284,0.912491426134277,0.948319437817141
1881,0.957457928170565,28,1.01141287601949,1.02679449152832,1.02749985996027,0.863946626566883,0.948319437817141
1882,0.288852172744654,28,0.306951149667125,0.316673250207354,0.309605373864937,0.248988457274437,0.948319437817141
1883,1.01688246782271,28,1.0907914557979,1.10178130648825,1.03461660106023,0.868711172816228,0.948319437817141
1884,1.18427310279765,28,1.28837806180986,1.27484014330855,1.22802551428332,1.05576212422353,0.948319437817141
1885,1.00191633040394,28,1.07117188016774,1.07315512228062,1.04222378904689,0.887739514137369,0.948319437817141
1886,1.01220016227972,28,1.11823512980486,1.08749821146091,1.10349871525589,0.909803315108154,0.948319437817141
1887,0.769282751276754,28,0.841545238540168,0.83231588196562,0.834650934083105,0.680442224488599,0.948319437817141
1888,1.05679410725789,28,1.2100045474239,1.11605557507433,1.15373380819181,0.985805345565148,0.948319437817141
1889,0.981718100077837,28,1.09911817282279,1.05759788813709,1.02670626652096,0.863694079508739,0.948319437817141
1890,0.816731605728621,28,0.908226110800759,0.887620550041142,0.915568369488772,0.738816494839333,0.948319437817141
1891,0.739436499369042,28,0.854607645776273,0.779669252810677,0.818026837742662,0.676457175156733,0.948319437817141
1892,0.676805101011858,28,0.783406361808288,0.737006907772007,0.723294227253629,0.583225390351644,0.948319437817141
1893,0.787111498468782,28,0.913294552724839,0.857921948199632,0.883394290538199,0.746660568634704,0.948319437817141
1894,0.962210424459858,27,1.11375962022421,1.04445154436634,1.04247491344365,0.880433522490798,0.945242650825899
1895,0.780540648217542,27,0.945156094106714,0.831536630312725,0.80449726529682,0.677650383567723,0.945242650825899
1896,0.857864756254386,27,1.01108633879279,0.922346969680949,0.941573105648368,0.800174935649647,0.945242650825899
1897,0.859485812879571,27,1.00727284674397,0.917537218601024,0.947259274405913,0.783067526645096,0.945242650825899
1898,0.930823068590502,27,1.14193723239512,0.993094158736765,1.01236914500943,0.883653246760429,0.945242650825899
1899,0.828357931808268,27,0.95456240305861,0.885244253037281,0.885169642356658,0.716088210240901,0.945242650825899
1900,1.0646471177484,27,1.26871228532137,1.14976986138179,1.14818713419904,0.977982834832313,0.945242650825899
1901,0.378495069499251,27,0.441438695042296,0.381885246450844,0.453502772919612,0.348709036022558,0.945242650825899
1902,0.934259905279717,27,1.17204548524289,1.00068018877634,0.952261923126331,0.882619695769184,0.945242650825899
1903,0.900165100997655,27,1.0752014124981,0.962448360039185,1.00358893012544,0.841467515862307,0.945242650825899
1904,0.792350554292141,27,0.926061179348317,0.83507287213541,0.861815442993077,0.727905541630983,0.945242650825899
1905,0.639351165376738,27,0.697238114296199,0.680773436002509,0.724202474961573,0.542041785695977,0.945242650825899
1906,0.781780908646623,27,0.884141515783694,0.803049226486367,0.919909366067557,0.745572272118275,0.945242650825899
1907,0.878829682865774,27,1.05599797676078,0.924048429366333,1.0076685272855,0.867774661751216,0.945242650825899
1908,0.889462698779044,27,1.0418393527936,0.955398524562255,0.985112159218336,0.849996481525502,0.945242650825899
1909,0.806568577695749,27,0.890383451828036,0.850090415024864,0.876771786767863,0.704803272403501,0.945242650825899
1910,0.899633634890932,27,1.04463276148198,0.962805137107375,1.07484854846043,0.915247231799908,0.945242650825899
1911,1.0999004519049,27,1.2469386951198,1.19331566421921,1.20001110592721,1.04008955466561,0.945242650825899
1912,1.13408119827733,27,1.29175782676928,1.24586421541459,1.23053658157047,1.09826162800989,0.945242650825899
1913,0.80802208075567,27,0.855781225135375,0.871822439701875,0.863964637459567,0.716542464971505,0.945242650825899
1914,0.856310021559386,27,0.910372185090638,0.902345147512262,0.864041548583071,0.750753156885166,0.945242650825899
1915,0.815739783597975,27,0.868694182791576,0.901947819420814,0.923454261252724,0.779363703703263,0.945242650825899
1916,0.975160925588717,27,0.98486479950965,1.02663822185121,1.06143079086535,0.901930167115347,0.945242650825899
1917,0.827323123955564,27,0.814463141882598,0.88738776741751,0.888129267950429,0.731231230625401,0.945242650825899
1918,0.799284872336811,27,0.784089500750084,0.872842113910846,0.834680642842904,0.694487095804116,0.945242650825899
1919,0.787718036683782,27,0.786442349557228,0.861943089398433,0.852405405305325,0.706139290879113,0.945242650825899
1920,1.05170449153835,27,1.00867308741766,1.09618293854711,1.15451199242407,0.91206790550028,0.945242650825899
1921,1.23740177815251,27,1.12030769646444,1.3084677546775,1.32887772421207,1.14836484731888,0.945242650825899
1922,1.28108495275593,27,1.15130239618893,1.30529617522464,1.35568363954768,1.22752778747938,0.945242650825899
1923,1.23614391687233,27,1.05126629414527,1.29793925763098,1.26431701800306,1.09178274460063,0.945242650825899
1924,1.36307408096224,27,1.15046872379988,1.44383445209949,1.46502038686097,1.30582151029248,0.945242650825899
1925,1.32869428479966,27,1.12808946769684,1.37716116259979,1.39887312288501,1.2917807610672,0.945242650825899
1926,1.32796208360666,27,1.13317821494456,1.38304866020705,1.3456510100777,1.19286383763518,0.945242650825899
1927,1.44312528646419,27,1.23593659459219,1.45965835999459,1.45874208188367,1.32530833326236,0.945242650825899
1928,1.51554503772289,27,1.31191692398674,1.55305848204847,1.52656296748129,1.37804986072842,0.945242650825899
1929,0.958819607877423,27,0.752376737370548,1.03829677831629,0.945450556437188,0.793480705647077,0.945242650825899
1930,1.26006298259915,27,1.03663088295655,1.38272875223493,1.28646623502148,1.15950155666672,0.945242650825899
1931,1.20319012486767,27,1.0325638425904,1.28042469819684,1.23037938335234,1.09185364529205,0.945242650825899
1932,1.32117171118304,26,1.13218054844336,1.4416253264568,1.33226635793623,1.21011999825203,0.942315799254708
1933,0.673200686450491,26,0.528605660871521,0.705442304532208,0.701248085760938,0.533457557136201,0.942315799254708
1934,0.775744484459442,26,0.63212040747557,0.844834375465706,0.851328506369288,0.663387951962935,0.942315799254708
1935,0.946966716951396,26,0.797120486615157,0.994996475990365,0.986069943443685,0.819988618014501,0.942315799254708
1936,1.1848717598335,26,1.00222279152437,1.23650303922389,1.18084577849821,1.01404518581305,0.942315799254708
1937,0.886069572594655,26,0.729483037568672,0.956896375672703,0.964666917166532,0.786873305426745,0.942315799254708
1938,1.15160455586879,26,0.979010917307021,1.22015835997159,1.21206502020094,1.03952173755017,0.942315799254708
1939,1.10335810264702,26,0.92488923186832,1.18443264961205,1.17927085537236,1.00462689226399,0.942315799254708
1940,1.00814405840473,26,0.849997212245748,1.03658835606726,1.05385819249481,0.924868029544418,0.942315799254708
1941,1.42034625611055,26,1.20023287018756,1.50598799366574,1.46919978829879,1.28812552197464,0.942315799254708
1942,1.37739528560626,26,1.15095654451956,1.49112549757967,1.45581351927562,1.24311000515229,0.942315799254708
1943,1.5961298721045,26,1.37836559638483,1.71600440091505,1.64283900277641,1.48262924951408,0.942315799254708
1944,1.55071604773565,26,1.3296757000806,1.67745744944105,1.60217501027501,1.4626211233935,0.942315799254708
1945,0.665807193784857,26,0.564780014748023,0.74701054782435,0.726489075886315,0.602290421419018,0.942315799254708
1946,1.47511892995842,26,1.32352361057031,1.60568366460355,1.50343512313701,1.36840974967145,0.942315799254708
1947,1.56326300898665,26,1.42038081047268,1.70686919222259,1.60022856196411,1.49614921557584,0.942315799254708
1948,1.45759477113742,25,1.36650271714051,1.55602698251611,1.53512012838138,1.41249193466505,0.93976901789073
1949,0.600932717022545,25,0.534696496873263,0.670944410744397,0.611549039137859,0.478019392563193,0.93976901789073
1950,0.555108415318913,25,0.534632329084239,0.576989751489677,0.626740020371868,0.500590770270308,0.93976901789073
1951,0.760733428542319,25,0.774494286512678,0.803752492775352,0.827237329758307,0.678727427073139,0.93976901789073
1952,0.894966718463944,25,0.895980361292138,0.957937517216344,0.987432295048207,0.812972926530466,0.93976901789073
1953,0.834817323405712,25,0.858096869707517,0.883463368367449,0.878114806797483,0.716612452156432,0.93976901789073
1954,0.949430246715957,25,1.0714934890902,1.0635901560062,1.09538488619405,0.900554079735909,0.93976901789073
1955,0.974114964294941,25,1.04715568431823,1.05638893812344,1.04005850844528,0.870193901438443,0.93976901789073
1956,0.900175739851069,25,0.957703981983625,0.95969566315084,0.955486864131494,0.765715322411421,0.93976901789073
1957,0.236697147315718,25,0.391483738841932,0.300244080681146,0.296764808535237,0.188644950340383,0.93976901789073
1958,0.646906204903136,25,0.713164556953508,0.72423890429435,0.753149820505321,0.619260116458865,0.93976901789073
1959,0.511178699095413,25,0.617120222969572,0.601280322526942,0.577036393140596,0.489066740175214,0.93976901789073
1960,0.987503162821966,25,0.992023197936769,1.09010699294995,1.04506636063546,0.894255178328604,0.93976901789073
1961,0.791253397264271,25,0.745525180883553,0.868820370791362,0.778056626437643,0.655961733888029,0.93976901789073
1962,1.06833774038835,25,0.975342178271637,1.19333105013162,1.03406637131814,0.897941390944621,0.93976901789073
1963,1.52794870664941,25,1.39562866370782,1.69183628378349,1.43203854148337,1.32373260427165,0.93976901789073
1964,1.24539412639053,25,1.12535472523623,1.31776757727306,1.2266393769504,1.061467032845,0.93976901789073
1965,1.32173857177638,25,1.1547417685567,1.38199645842365,1.2770145415616,1.14484560196949,0.93976901789073
1966,1.2912975195284,25,1.23017760671268,1.3582150599942,1.25542348531622,1.11118691340449,0.93976901789073
1967,1.18950491422247,25,1.09397905920377,1.24153372007702,1.17877798515943,1.0083245290638,0.93976901789073
1968,1.34556415424114,25,1.2230611061786,1.47386233425185,1.2998149534689,1.14340439185757,0.93976901789073
1969,1.70355859841976,25,1.53313646166034,1.91548290393941,1.48137420932907,1.41512406512713,0.93976901789073
1970,1.25480888817996,25,1.28024684180886,1.34655896359027,1.02079823200057,0.920189640393703,0.93976901789073
1971,0.432126446483821,24,0.425006007956467,0.493933367060366,0.457662575012547,0.35893441771907,0.93610421184434
1972,0.70090822414592,24,0.695970824580821,0.762018652045983,0.735084927803667,0.633789284829008,0.93610421184434
1973,0.992183820242417,24,0.950463549243663,1.08431823826244,0.964943115506208,0.872436574687959,0.93610421184434
1974,0.963885319732673,24,1.0190676583527,1.07668950270486,0.977427135072846,0.852984023814746,0.93610421184434
1975,0.821173053108816,24,0.905042143527653,0.918816659549186,0.827694372138903,0.691827684280021,0.93610421184434
1976,0.753640660061677,24,0.851560351796206,0.871613006502333,0.759539130054409,0.591041256852205,0.93610421184434
1977,0.82274461019036,24,1.00644108915864,0.933547305519458,0.843187113276733,0.712174112563249,0.93610421184434
1978,1.19519543965773,22,1.49870655683525,1.29990693502381,1.18336682628996,1.05745960305198,0.933762232849945
1979,0.497271471196877,21,0.707913578124706,0.547288902312652,0.59534201057238,0.410422257872726,0.934239046982893
1980,0.218925043071125,21,0.318976574731187,0.257222556930232,0.253107175632407,0.141263996664941,0.934239046982893
1981,0.272442743008269,21,0.463630581999009,0.285954815458577,0.281691321293631,0.206666437527516,0.934239046982893
1982,0.671927479720597,21,1.2579591083412,0.678283862199212,0.734338620006822,0.507909161993394,0.934239046982893
1983,0.431946475832342,21,0.901927770438229,0.440211139596925,0.46528072557908,0.364601991255191,0.934239046982893
1984,0.481843208391449,18,1.23955907696635,0.555010200865934,0.624710990184619,0.444306780996367,0.922860363417057
