"year","ModNegExp","samp.depth","Spline","AgeDepSpline","RCS","SFRCS","EPS"
952,0.838126660357206,1,1.19451141872187,0.939066459532056,0.491630398393037,0.29724198857013,NA
953,0.71694252333619,1,0.949690765094246,0.790126159411359,0.448793095490839,0.255875172258524,NA
954,0.418839565640082,1,0.516588254785186,0.454415977141041,0.262429621147056,0.153167107308127,NA
955,0.570710112493654,1,0.656469870291601,0.610089125239617,0.363563523461365,0.207144762704868,NA
956,0.856409991145418,1,0.920705494135312,0.902856491799763,0.565977060778218,0.333680981951013,NA
957,1.18837540690599,1,1.19789736415166,1.23664757267167,0.735915492957746,0.456151929321708,NA
958,1.10701514563499,1,1.05071265478976,1.13816266425468,0.691161439561031,0.402304125858936,NA
959,0.726172144139016,1,0.652191346314347,0.738341788353523,0.43109987357775,0.253939606912909,NA
960,1.46257460359408,1,1.24991407829333,1.47202442368371,0.838621845219395,0.505202922938372,NA
961,1.44232847425284,1,1.18059451056176,1.43831353982133,0.82674706579089,0.471085133619175,NA
962,1.01953596141526,1,0.805162294617832,1.00831589223857,0.537295207082528,0.325697013308916,NA
963,1.86774145344164,1,1.43439112185328,1.8336839270012,0.938924066410729,0.585015246657382,NA
964,1.76513945903615,1,1.32974349120152,1.72188394264661,0.887387387387387,0.552693947468318,NA
965,1.52141636765177,1,1.13451077337214,1.47599844079989,0.797459344028911,0.474670596780606,NA
966,1.32431366379522,1,0.986390324469033,1.27887417826506,0.663981526233822,0.424414129691948,NA
967,1.62744409719878,1,1.2216296083453,1.56573000659353,0.766978741012776,0.494482526992617,NA
968,1.53305264922482,1,1.17010305012206,1.47062940466103,0.742151368409598,0.470419511200521,NA
969,1.61954426212155,1,1.26775946962421,1.55031984596936,0.738409901405496,0.459527235848505,NA
970,1.67194563016714,1,1.35306216854278,1.59832096880408,0.755595725450582,0.475714139626539,NA
971,1.48144366530022,1,1.2478211686,1.41531941480859,0.674514098001643,0.41740826257212,NA
972,0.29185070905486,1,0.256987738301839,0.278839225618523,0.130671506352087,0.0839136658921121,NA
973,0.187594549252839,1,0.172882058953371,0.179355612275863,0.0861800794976669,0.0513407820949446,NA
974,0.489746799409015,1,0.47150624260198,0.468842414683179,0.226254506767539,0.137866020488031,NA
975,0.533808803185055,1,0.534818047512182,0.511966052115095,0.237934643563205,0.147047990633053,NA
976,0.298308527715499,1,0.309453149065033,0.286775080359077,0.130921820303384,0.0793518304321035,NA
977,0.649322058780872,1,0.693804646415996,0.625974851249733,0.271728045325779,0.16952874594383,NA
978,1.17024831177514,1,1.28291117005646,1.13181910308269,0.500973393900065,0.318574024919287,NA
979,1.4988790990048,1,1.6830598895723,1.45488929414338,0.64112250404749,0.417708998131329,NA
980,1.15391607948243,1,1.32786912297231,1.12446280527514,0.478260869565217,0.301766947165982,NA
981,1.38921520227043,1,1.64158439042119,1.35947925281597,0.577344408330324,0.374701389791536,NA
982,0.821936446711364,1,1.00012142068291,0.807941850877251,0.333472578623859,0.222753636209111,NA
983,1.03796427827471,1,1.30403283534536,1.02506691028456,0.414896156600621,0.269706539928711,NA
984,0.84643533458291,1,1.10044076171354,0.839970037813208,0.361542443064182,0.227199748164463,NA
985,1.07455990412223,1,1.4474491705553,1.07165975744121,0.463495428647145,0.286979755567561,NA
986,0.595908777919315,1,0.831325961025798,0.597314407310718,0.234071175247646,0.150193669853705,NA
987,0.888149520888755,1,1.27936565163855,0.894812806314855,0.35237439779766,0.231499937810941,NA
988,0.46369164450595,1,0.685548792058875,0.469580908019999,0.177973892259607,0.11448971330147,NA
989,0.21331165211553,1,0.32059546018739,0.217135080189687,0.0822532402791625,0.0538088138579556,NA
990,0.143858416242574,1,0.217013736999037,0.147187884542449,0.0533948182755901,0.0346159426804122,NA
991,0.501851839140396,1,0.749071985946253,0.516071208289248,0.19590888559076,0.123407134027223,NA
992,0.308753095456677,1,0.449652731119573,0.319086501546039,0.118804243008679,0.0767299704997763,NA
993,0.36392628597865,1,0.510773645678353,0.377946091518043,0.144552463962454,0.0929163071508144,NA
994,0.465038945204163,1,0.623074410792457,0.48525825898186,0.172833248859605,0.109732717141212,NA
995,0.749623751469783,1,0.953317958297041,0.785840492461216,0.273583720638111,0.17297277829457,NA
996,1.63518863289952,1,1.9702916630308,1.72186831985455,0.621108179419525,0.393958246712501,NA
997,0.477894824604955,1,0.546373865702264,0.505397500913164,0.164893617021277,0.107731101543679,NA
998,0.994907936131235,1,1.08269645953368,1.0565132380169,0.353657770800628,0.230534680877898,NA
999,0.462283112077945,1,0.481171392849676,0.492844207886748,0.16078285643503,0.105898170254826,NA
1000,0.623766436672806,1,0.625031846157194,0.667494885366525,0.231224639127253,0.146509487895944,NA
1001,2.55328660873756,1,2.48463621631377,2.74196359040349,0.995138448530966,0.631226179051864,NA
1002,2.09875151208166,1,2.00549314416453,2.2613562103849,0.841030130590209,0.516990438583204,NA
1003,0.943585188606015,1,0.895654471885126,1.01986572181314,0.359698155394075,0.226201089297461,NA
1004,0.949711346124092,1,0.904986082706337,1.02947195268583,0.355991978424729,0.231774581564599,NA
1005,1.20064098093454,1,1.15983556907268,1.30497954883176,0.44922905959161,0.291665465702534,NA
1006,1.48712844083894,1,1.46994339569215,1.62036690775676,0.549052051016891,0.353606862037313,NA
1007,1.24769747746701,1,1.2728840386734,1.36256033019404,0.46212700841622,0.274836782452799,NA
1008,0.864462442074289,2,0.95108243003175,0.988949345244887,0.251870846728518,0.153872941959367,0.531146319737834
1009,0.663015061112338,2,0.751033961151637,0.764951272027238,0.198200984409902,0.117728463913454,0.531146319737834
1010,1.00827953129485,2,1.17396742935028,1.16020906333691,0.31943217513569,0.183890547276004,0.531146319737834
1011,0.990148471454365,2,1.18138993553401,1.16875087219389,0.301178327048225,0.177254184012286,0.531146319737834
1012,0.748824005270973,2,0.92841886359657,0.86838873711069,0.250709027791293,0.152701135615884,0.531146319737834
1013,0.533427067579294,2,0.691654229409659,0.610076879357289,0.181403004433399,0.115328576243255,0.531146319737834
1014,0.327416779520477,2,0.420940649972903,0.388245244797525,0.104575936834466,0.0647439508694135,0.531146319737834
1015,0.461807125397914,2,0.612359180081237,0.543309535400893,0.150459941796577,0.0920019851190691,0.531146319737834
1016,0.458800568898693,2,0.604801668481622,0.547859874684366,0.15048592683226,0.0920030158542885,0.531146319737834
1017,0.594748789864541,2,0.777530027312251,0.717934994376087,0.195520103434901,0.115495146848516,0.531146319737834
1018,0.816685023431712,2,1.07073775739389,0.986109334552187,0.264534395656442,0.16278235991172,0.531146319737834
1019,1.17120875668474,2,1.59018223919978,1.38011675742055,0.384371400589063,0.250162454278836,0.531146319737834
1020,0.919332614273621,2,1.19494783941298,1.11398911816442,0.298720176332625,0.190724264410886,0.531146319737834
1021,0.582080292034339,2,0.74246795980731,0.712807208848849,0.19310263678966,0.119156763244082,0.531146319737834
1022,0.668184595187746,2,0.8696679050403,0.800018260355527,0.22703788374207,0.146164817080216,0.531146319737834
1023,1.34046247742753,2,1.7414533326034,1.59067553606439,0.453435195224158,0.296404487506683,0.531146319737834
1024,1.11409610882138,2,1.39361427930512,1.3644146770001,0.383401613720833,0.239905256384948,0.531146319737834
1025,0.533297830577348,2,0.658811820710518,0.657895350456159,0.174693831798449,0.111280168545245,0.531146319737834
1026,0.747062736847404,2,0.917814798459134,0.916878899843064,0.249937037203393,0.159424070491487,0.531146319737834
1027,0.42577623465325,2,0.517537459058328,0.523213053418306,0.144572656734406,0.0934056274131059,0.531146319737834
1028,0.954626140763267,2,1.14719138715055,1.17738231599399,0.329737178194528,0.209638612809319,0.531146319737834
1029,0.575958455313897,2,0.686420276969327,0.717309287235403,0.194973969960161,0.12264891592392,0.531146319737834
1030,0.754521599332767,3,0.965016501585967,0.918994664766711,0.301755324822364,0.211672290834027,0.322422917598411
1031,1.01794888427504,3,1.20477317624768,1.29606847144442,0.413219668089859,0.213637463608828,0.322422917598411
1032,0.692206487921453,3,0.840980939530485,0.879107706602358,0.235280807111885,0.164370239524091,0.322422917598411
1033,0.766080360342446,3,0.847970970049973,0.873128402350433,0.357873227459983,0.217182731917082,0.322422917598411
1034,0.713043850989184,3,0.920823838511511,0.935607352324062,0.348838607592118,0.224903824729168,0.322422917598411
1035,0.992794976730439,3,1.10183779889834,1.16950166558536,0.455687164790291,0.291672015655437,0.322422917598411
1036,1.18809639345479,3,1.20656537988325,1.32686241748257,0.568435909879686,0.34655249090634,0.322422917598411
1037,1.30115139566831,3,1.39578015908502,1.12028472964351,0.675491947557491,0.427139092178378,0.322422917598411
1038,1.2594659674546,3,1.57892888293216,1.52757056155308,0.692182593078696,0.434638489485105,0.322422917598411
1039,0.618941956701669,3,0.728881584652926,0.639001069767041,0.25179491364832,0.152859770795934,0.322422917598411
1040,0.536900329657867,3,0.783979125394716,0.69924791702777,0.334825374007835,0.21008169705719,0.322422917598411
1041,0.717061229407206,3,0.737281457333611,0.589758431513737,0.338442890118319,0.21728474108206,0.322422917598411
1042,0.816785164105873,3,0.95456818251337,0.806866549494542,0.390519597584217,0.252457549004578,0.322422917598411
1043,0.650336905093879,3,0.729040322632706,0.587862958004407,0.38224690445444,0.204936172645933,0.322422917598411
1044,0.628119776123902,3,0.73866602293896,0.620898666745919,0.291206286835956,0.193264395747928,0.322422917598411
1045,0.641021783578401,3,0.756463909840378,0.649168686566402,0.301320814517026,0.197552922750285,0.322422917598411
1046,0.952122202015054,3,1.04845594529573,0.967087974842423,0.591063185382737,0.352759289320992,0.322422917598411
1047,0.828278249730042,3,1.14419758345,1.05590298585656,0.435306416702743,0.271131131391426,0.322422917598411
1048,0.700871008137956,3,0.831749255587283,0.757302273117276,0.340771942080168,0.215498746543211,0.322422917598411
1049,0.932530674926224,3,1.42863805628914,1.23349358617264,0.51343731771645,0.32573029194124,0.322422917598411
1050,0.700812348713764,3,1.09273866798705,0.833812843159095,0.356575886880517,0.210053276791368,0.322422917598411
1051,0.719157974393313,3,1.02707721298248,0.757343781440814,0.302261715868631,0.190456079828683,0.322422917598411
1052,0.682828931281858,3,1.0251120231655,0.795114141550118,0.380144437735151,0.275385796787326,0.322422917598411
1053,0.702291672998417,3,0.792124619071108,0.914158645550059,0.28659398049671,0.188473913076173,0.322422917598411
1054,0.730229857966441,3,0.912378310556723,0.933385624217089,0.328773531123204,0.237420060278594,0.322422917598411
1055,0.634020876102798,3,0.929259794189317,0.854633994767217,0.245061841217034,0.162670154580143,0.322422917598411
1056,1.04898709398991,3,1.12102385691835,1.08176887915568,0.520120389000721,0.331336113265168,0.322422917598411
1057,0.9787885250334,3,1.11756438823469,1.01009915192697,0.490534624664716,0.313529804812481,0.322422917598411
1058,0.95827487088631,3,1.11575712288669,1.00852714673492,0.355127629586437,0.188760492016711,0.322422917598411
1059,1.14372191324973,3,1.38714671331667,1.17213311773316,0.586208223399531,0.379570110005548,0.322422917598411
1060,1.31377152301818,3,1.11656219355578,1.27741533823911,0.720835542736497,0.536814245962055,0.322422917598411
1061,0.515471221188459,3,0.486711182453611,0.510276685252676,0.266630033511037,0.1757518860702,0.322422917598411
1062,0.780510539678569,3,0.723099982308546,0.776718286526129,0.418733969355819,0.272387405216295,0.322422917598411
1063,0.695450770459776,3,0.718379775834832,0.706302661918843,0.365935918952317,0.225431659812675,0.322422917598411
1064,0.931042089509553,3,0.90572564417115,0.799522613600723,0.427577551503133,0.268361612666893,0.322422917598411
1065,0.741158779337036,3,1.05183553115271,0.997933510886494,0.488685200032031,0.309821111189542,0.322422917598411
1066,0.736365940628333,3,0.766631682529894,0.786133709109597,0.373665447694306,0.234689487230646,0.322422917598411
1067,0.778063394558726,3,0.766558949352295,0.767180366236466,0.419068689939714,0.284330471652412,0.322422917598411
1068,0.934915658415756,3,1.42327844287134,1.38322606133501,0.556021280273712,0.378523820180891,0.322422917598411
1069,0.716560155647745,3,0.808818632717277,0.808765745647359,0.400176031936692,0.255642016786834,0.322422917598411
1070,0.960785869374707,3,0.929162594761329,0.81173025068,0.498443984187495,0.333989545838153,0.322422917598411
1071,0.797278075809087,3,0.709314925355834,0.67846290876176,0.494486772617353,0.324406489095531,0.322422917598411
1072,1.51776787371936,3,1.51108478061644,1.54273279795007,0.776321327383077,0.49899567934137,0.322422917598411
1073,1.14997482162894,3,1.16046756638453,1.27302640287825,0.48753313024688,0.304467423432813,0.322422917598411
1074,1.08942198008379,3,1.02797188122153,1.03742734513683,0.571322126592645,0.361738780299228,0.322422917598411
1075,0.964520553723241,3,1.03351811630819,1.10807438238464,0.534893333414805,0.347908798834753,0.322422917598411
1076,1.08702928973833,3,0.896398373114081,1.03787305640665,0.540915831716302,0.354590489422938,0.322422917598411
1077,1.02782479616557,3,1.00779940734005,1.10528465399357,0.507416795527825,0.323705994610599,0.322422917598411
1078,0.978373964372422,3,0.867463475201618,0.988132647599958,0.515091736531073,0.330710125456358,0.322422917598411
1079,0.921517282044388,3,0.875105429484495,0.940439486518944,0.507842357990638,0.326589353085513,0.322422917598411
1080,0.707249230886602,3,1.00228050963684,0.898654473574275,0.387383839297852,0.235001222803956,0.322422917598411
1081,1.03097147942478,3,0.911014987231918,1.09495339176656,0.596314593905778,0.375247006211119,0.322422917598411
1082,0.878827124377889,3,0.772825968560074,0.896615691207171,0.499383342947823,0.320141729419537,0.322422917598411
1083,1.49380943972197,3,1.32182164165801,1.52933303202931,0.842538903240891,0.542607382815645,0.322422917598411
1084,1.25009659228021,3,1.00675327009919,1.27827375900905,0.701475002961882,0.452043054107823,0.322422917598411
1085,0.894213245017737,3,0.609700021908216,0.913442938504125,0.510333480229534,0.314279927682433,0.322422917598411
1086,1.1946208170017,3,0.927634895717071,1.23001650104219,0.689829376846189,0.440998892795528,0.322422917598411
1087,1.90965008121278,3,1.32857457299644,1.94600955547693,1.08967460248728,0.705262128935666,0.322422917598411
1088,0.987374646292655,3,0.803818028476148,1.02894353381357,0.559644657779317,0.362982948605703,0.322422917598411
1089,0.839022506962057,3,0.645510686860002,0.878092500316049,0.478876814978611,0.311781524450039,0.322422917598411
1090,1.20002215103566,4,1.10157266372091,1.27521549400689,0.851394880362265,0.549094322885705,0.357773948283199
1091,1.22457718415504,4,1.16413749115075,1.28913599930432,0.882012481535171,0.544800395116571,0.357773948283199
1092,1.19189983773809,4,1.07949691994098,1.26995019580157,0.855085266571597,0.610468470834801,0.357773948283199
1093,1.04760520799273,4,0.974480342644594,1.11931043532738,0.749473294857187,0.467630317323091,0.357773948283199
1094,1.18556124508921,4,1.11827913721162,1.27469874313453,0.868696866328243,0.54345701319529,0.357773948283199
1095,1.07277314727626,4,1.01806675927236,1.1657579613714,0.745667938106167,0.471940917886427,0.357773948283199
1096,0.767336034574167,4,0.744309531494911,0.83151774499202,0.529744356556505,0.339283894715187,0.357773948283199
1097,1.22015162026404,4,1.17876733265743,1.34789981339048,0.843314796366203,0.526508715860752,0.357773948283199
1098,0.824979534662229,4,0.792597418951076,0.902708066230252,0.582735814697765,0.372174359671745,0.357773948283199
1099,0.837155861981365,4,0.806260176197121,0.917080960792392,0.612505768860069,0.385858264501573,0.357773948283199
1100,1.21328227809606,4,1.04181023490708,1.23625516200916,0.763127767345048,0.488684830718466,0.357773948283199
1101,0.958603915661113,4,0.910029794301078,1.03629808039125,0.654811593562392,0.426956586049182,0.357773948283199
1102,0.901057639487088,4,0.822072492087278,0.966619045212101,0.652164726587848,0.405919375034795,0.357773948283199
1103,0.824043662770352,4,0.745897952215301,0.849779072206799,0.605449182470383,0.37606119616629,0.357773948283199
1104,1.09020471049924,4,0.993800965253647,1.17623112749389,0.879375393333711,0.565176677286518,0.357773948283199
1105,1.06662830741968,4,1.01606139506267,1.04611375677832,0.782817641870873,0.510894908800356,0.357773948283199
1106,1.09711839720335,4,0.985282033449564,1.20292322456017,0.760178628414155,0.4817007407817,0.357773948283199
1107,1.05681778796356,4,0.856188594072054,1.07696240931811,0.669322124807487,0.441344054048108,0.357773948283199
1108,1.06522343995721,4,0.897068910747165,1.14297904722581,0.80749646336487,0.578082128879083,0.357773948283199
1109,1.34198022407511,4,1.08398911357439,1.47395739299587,0.879403824729179,0.576395989288674,0.357773948283199
1110,1.59760820618202,4,1.21961029540119,1.74828917967285,1.17294858839833,0.749413980831705,0.357773948283199
1111,1.20227789367457,4,1.00781940136961,1.29878322641617,0.974111355330261,0.630609123801586,0.357773948283199
1112,0.809316453896858,4,0.713037558415971,0.895327880957195,0.562460727728534,0.356050582516218,0.357773948283199
1113,1.41130179397636,4,1.26795485963606,1.37722298297278,1.02775165533991,0.670918488421761,0.357773948283199
1114,1.34544572869523,4,1.17857573045261,1.45011267833167,1.09601492023043,0.705835010671005,0.357773948283199
1115,1.13617988046987,4,1.06842953503186,0.982650371862132,0.831936042233513,0.542120871277468,0.357773948283199
1116,1.11730467499986,4,0.980571065093919,1.423152200215,0.859707342132403,0.568069725187186,0.357773948283199
1117,0.999167842529841,4,1.25689626546751,1.27703714707328,0.925290850027489,0.603033833963413,0.357773948283199
1118,1.1127239352981,4,1.19725604184781,1.00065139064696,0.886056659113121,0.569814488415854,0.357773948283199
1119,1.23231825020778,4,1.17011679810852,1.30585721158088,0.890304489698357,0.577803494205617,0.357773948283199
1120,0.767512657985588,4,0.750477507311108,0.837522443191,0.559671279907663,0.361856666624663,0.357773948283199
1121,0.855760502672901,4,0.849927839736151,0.929583951875474,0.620662768157615,0.397106566727524,0.357773948283199
1122,1.05803196214994,4,1.09654258358112,1.09549398627813,0.768670114860811,0.49363641651774,0.357773948283199
1123,0.50505966199257,4,0.521988977547241,0.567553971477612,0.343333130201921,0.218592499734221,0.357773948283199
1124,0.715728199995104,4,0.743783665385859,0.769682009403361,0.497974894130348,0.315759183742635,0.357773948283199
1125,0.847209831251307,4,1.00073728418211,0.918408747733556,0.607235479775476,0.411532148257874,0.357773948283199
1126,0.521850297379577,4,0.637967658764109,0.581861387405528,0.354977047118119,0.224469068222372,0.357773948283199
1127,0.608415308018348,4,0.795329528720457,0.680069863027385,0.414369929011289,0.271558480179218,0.357773948283199
1128,0.64456765022028,4,0.979498646741002,0.744397815640701,0.442176602942688,0.291251248127147,0.357773948283199
1129,0.788581999182554,4,0.829459998693182,0.753015222454816,0.554205610950567,0.36751271711409,0.357773948283199
1130,0.583565092921589,4,0.82266973324874,0.687848440068069,0.397841567623796,0.26160507444668,0.357773948283199
1131,0.57884870461857,4,0.861267401507258,0.654093565938079,0.420942373746445,0.282461510047969,0.357773948283199
1132,0.720688980818889,4,1.12021374186059,0.856528380271371,0.506754653464597,0.334420156512214,0.357773948283199
1133,0.550670489676428,4,1.05218436749382,0.784985376894067,0.354899142490873,0.234572250687163,0.357773948283199
1134,0.495234499475903,4,0.902982692586318,0.670173728393622,0.350948325436676,0.228684107078021,0.357773948283199
1135,0.518705325450258,4,1.04169262319855,0.807576282146782,0.357920792074842,0.230521567525155,0.357773948283199
1136,0.603187500117373,4,1.06392576033698,0.761019370844218,0.43134002802888,0.278521617381026,0.357773948283199
1137,0.717293073665074,4,1.14186641649012,1.01903947057947,0.498360804352791,0.32341177199275,0.357773948283199
1138,0.728835729336145,4,1.31237960888604,0.949746550336459,0.524116358645329,0.335850796036993,0.357773948283199
1139,0.625411944280225,4,1.11459324381585,0.795960377689996,0.46287965672999,0.297436328170626,0.357773948283199
1140,0.634566201086814,4,1.18692184162586,0.77727525159374,0.482633695123599,0.311232804352167,0.357773948283199
1141,0.649512982822329,4,1.27656302944503,0.898099262729121,0.517158787689963,0.332211807476245,0.357773948283199
1142,0.418877214610399,4,0.714202171533949,0.581877312048935,0.310733262861469,0.200042678622331,0.357773948283199
1143,0.541699109116072,4,1.19331678188331,0.88711228897718,0.477201792094163,0.304011518001951,0.357773948283199
1144,0.455416706632765,4,0.952686222015121,0.711447132804789,0.382249026471941,0.248674443747133,0.357773948283199
1145,0.320354416074788,4,0.84697576703073,0.631424567844248,0.240604039905697,0.158011378580378,0.357773948283199
1146,0.488174050494958,4,1.15079312234746,0.818917565192012,0.430045032375414,0.278637521613953,0.357773948283199
1147,0.25231513102361,4,0.677481664553692,0.513680245101445,0.244021098446556,0.160650265004891,0.357773948283199
1148,0.183499117662958,4,0.538959937250342,0.453653322662788,0.141759193962588,0.0909032531536656,0.357773948283199
1149,0.400365991927284,4,0.8745985282876,0.607426517490772,0.327265850821327,0.208846988933083,0.357773948283199
1150,0.308863992219464,4,0.791440477963197,0.62165255345402,0.249941504756207,0.163760453613253,0.357773948283199
1151,0.578319442824201,4,1.18293018002412,0.808572803756827,0.450613169859995,0.288495921490114,0.357773948283199
1152,0.560687590620425,4,1.27799410545837,0.947329653286679,0.456096780412097,0.301623065855475,0.357773948283199
1153,0.305291809264994,4,0.858864937435027,0.61689532679475,0.258386928515298,0.163350185458705,0.357773948283199
1154,0.596361468552626,4,1.1509675189687,0.776887341773892,0.452369893902398,0.28794444589302,0.357773948283199
1155,0.528526500080714,4,1.01812561022982,0.75029345617319,0.41623098212946,0.270598289245745,0.357773948283199
1156,0.482044528264623,4,1.04225889752121,0.775888059835942,0.406788467187701,0.26758419753577,0.357773948283199
1157,0.402055030893899,4,0.856075253558931,0.691787505138365,0.378814543986355,0.243207908666396,0.357773948283199
1158,0.606389652594477,4,1.18829305016476,0.69747733948442,0.449610148670768,0.296312298129158,0.357773948283199
1159,0.622690705091228,5,0.935290859653316,0.829603590791427,0.381053776307299,0.246013051970871,0.399975390486718
1160,0.635919137345432,5,0.990783100808423,0.840507210937109,0.394312143596273,0.249730149026898,0.399975390486718
1161,0.661026501966644,5,1.01280134089702,0.860280903985042,0.404078073466067,0.254435530357339,0.399975390486718
1162,0.602365698193381,5,0.917799242189,0.757136540237728,0.365890761011941,0.226044138532877,0.399975390486718
1163,0.567318572102389,5,0.906180631918962,0.751144339651084,0.362250635911383,0.233072161751937,0.399975390486718
1164,0.507943944589242,5,0.784474700719513,0.675398015032564,0.33959288417617,0.221898416388377,0.399975390486718
1165,0.635432323153675,5,1.09428491592075,0.878375206359034,0.444623813105256,0.300254833166381,0.399975390486718
1166,0.499251979185928,5,0.920327874455201,0.689310868184759,0.349512920474616,0.232542229621312,0.399975390486718
1167,0.655152466610479,5,1.12843493442037,0.913970225925272,0.453589773605488,0.309362197948012,0.399975390486718
1168,0.686472500019701,5,1.09964422587547,0.938091626453784,0.48917388383371,0.319938277510206,0.399975390486718
1169,0.526099225336641,5,0.661449303112939,0.517750938476862,0.334632870799609,0.215153828150212,0.399975390486718
1170,0.561394219096624,5,0.860293452398659,0.76497852451082,0.390672507568453,0.256651563275784,0.399975390486718
1171,0.968800799696127,5,1.28958732621798,1.22217188705461,0.603550039670996,0.394398816884025,0.399975390486718
1172,0.957982540713171,5,1.1232641317339,1.02681086252454,0.525627019170282,0.339804120368848,0.399975390486718
1173,0.758859237522275,5,0.956511455626535,0.956591305549998,0.468412581402395,0.304051206957099,0.399975390486718
1174,0.759035398339829,5,1.00479834318054,1.02241421896924,0.539346987874163,0.339309035322736,0.399975390486718
1175,0.733187183645783,5,0.796946790868274,0.912461169791628,0.461056383685272,0.303370328404476,0.399975390486718
1176,0.783719949967161,5,0.998830226793046,0.984096085896853,0.485079266192104,0.309246367376817,0.399975390486718
1177,0.879786219984564,5,1.08550200411239,1.04662818897843,0.434739468494683,0.276729158340107,0.399975390486718
1178,0.953877393268286,5,1.17571717697073,1.18486485278205,0.52899520952446,0.340570058351141,0.399975390486718
1179,0.682317532783477,5,0.788251683015022,0.829772927103933,0.427229891126779,0.278095414247403,0.399975390486718
1180,0.624130287199026,5,0.834985748921446,0.786095671537813,0.39815265905226,0.263533677423317,0.399975390486718
1181,0.638916046450992,5,0.880553497965095,0.833340185313821,0.429366663905303,0.282644527716707,0.399975390486718
1182,0.850608819333103,5,1.17973805457804,1.07018627510595,0.533887375147633,0.345577842061272,0.399975390486718
1183,0.816108406972421,5,1.13144584881062,1.01365904732571,0.540275471739805,0.3539604545477,0.399975390486718
1184,0.747382310911679,5,1.04256654956541,0.880711663585146,0.496279690426589,0.325430329298817,0.399975390486718
1185,0.840505217147057,5,1.05394454973635,1.07786432358427,0.467305793422979,0.291114935936517,0.399975390486718
1186,0.848963063220008,5,1.06638161015311,1.01406076196705,0.417470258812278,0.296304475218868,0.399975390486718
1187,0.675391898419944,5,0.761351800224907,0.839078483566911,0.322910190032502,0.217236135957422,0.399975390486718
1188,0.792162263590048,5,0.960523398922726,0.974038270831847,0.432801660854334,0.284543532117011,0.399975390486718
1189,0.807079290599337,5,0.830837579101348,0.844622285637359,0.327023311727776,0.217944499629003,0.399975390486718
1190,0.758617545967829,5,1.13437735369826,1.07272658300818,0.532886216801045,0.345700163293314,0.399975390486718
1191,0.706615708557098,5,0.89769426698634,1.04880447510905,0.445747635333344,0.298802027254606,0.399975390486718
1192,0.865408012329973,5,1.15514497694401,1.10163643683681,0.576229697012657,0.395526661530017,0.399975390486718
1193,0.522257300643792,5,0.632054864055395,0.686201271731517,0.42370328120602,0.260534571810747,0.399975390486718
1194,0.616783342666843,5,0.781775379025741,0.806933816366613,0.494522213071391,0.291852346969772,0.399975390486718
1195,0.824325296971446,5,0.951517609006639,1.07611684780294,0.440258409404373,0.301499492652509,0.399975390486718
1196,0.934619836965992,6,1.02198265422168,1.11408380396182,0.584412349139289,0.378494778573994,0.553762920521391
1197,0.928865687753228,6,1.02945572924333,1.10019357755319,0.588273313315606,0.407567321438435,0.553762920521391
1198,0.965384174943917,6,1.09809314697734,1.12899501844356,0.609688104330506,0.397384381159066,0.553762920521391
1199,0.908326935752959,6,1.03199534379347,1.10530406313297,0.676004799880962,0.436077351171677,0.553762920521391
1200,0.840841483374049,6,1.10676573406363,1.0406889542948,0.695656400428502,0.441465345844555,0.553762920521391
1201,1.10442028382141,6,1.32390113933396,1.31304470582175,0.822452860763294,0.538676751032013,0.553762920521391
1202,1.02919074672721,6,1.16322915027157,1.15249343631191,0.486340042624349,0.31707999930321,0.553762920521391
1203,0.928025388480451,6,1.00631452280093,0.964102514332069,0.508944973788863,0.30005752089365,0.553762920521391
1204,0.81082140701383,6,0.983254686971889,0.914606655879854,0.545336308446518,0.364917355049378,0.553762920521391
1205,0.756188010304177,6,0.901603486070227,0.832765628173414,0.536389943713956,0.34076032753897,0.553762920521391
1206,0.629365199476599,6,0.74456554245771,0.728599848122221,0.308824914575927,0.208825622093517,0.553762920521391
1207,0.79086673846709,6,0.959900899624604,0.893684383530083,0.469697260974465,0.295422623050541,0.553762920521391
1208,0.687499440887035,6,0.834360091999835,0.802370141797852,0.474621279244784,0.307391991253097,0.553762920521391
1209,0.725115322300083,6,0.852368223376363,0.824521074648743,0.578381456149126,0.373512498995333,0.553762920521391
1210,0.524529179240337,6,0.789508548609361,0.614608037725808,0.507541865651009,0.329094617786831,0.553762920521391
1211,1.08147363608525,6,1.38472127868512,1.20172278137336,0.856701168074654,0.571333989842136,0.553762920521391
1212,0.707686949149193,6,0.809688281012539,0.76785884825213,0.589917839888828,0.383735038858765,0.553762920521391
1213,0.841615580731447,6,1.04787638900444,1.01505833686413,0.634949752961067,0.410774872676089,0.553762920521391
1214,0.696505635682856,6,0.901898095580935,0.854302657616762,0.623225107544505,0.399024164448431,0.553762920521391
1215,0.825384609568255,6,0.931724670908535,0.93239006597426,0.669574765980856,0.441954756005739,0.553762920521391
1216,0.914395051392493,6,1.089491282682,0.976583311297988,0.742923768415488,0.486321769627864,0.553762920521391
1217,0.880257781856621,6,1.03237704336911,0.93638361983061,0.705888316267802,0.443720910605023,0.553762920521391
1218,0.867719367510904,6,0.989055603947997,1.03777928387727,0.713384464150471,0.449790861926745,0.553762920521391
1219,0.814651830422137,6,0.953095614728894,0.862098569016779,0.653505256157219,0.426777027795144,0.553762920521391
1220,0.915886148108098,7,0.945733357821058,1.08041534727534,0.749694054844065,0.479579842575145,0.670350856610138
1221,1.10290701851438,7,1.21527510043555,1.26150683334835,0.947837878537349,0.592932280595346,0.670350856610138
1222,0.839139356407608,7,0.942433283282855,0.979253480436685,0.692038741462347,0.435005482067434,0.670350856610138
1223,0.676788039021124,7,0.702507474161501,0.791692160848726,0.581242766771147,0.359364494580503,0.670350856610138
1224,0.851221433284355,7,0.967281039828086,1.04373079598914,0.797963458125224,0.496327918660195,0.670350856610138
1225,0.846394120715695,7,0.941030740879941,0.968844129834679,0.777091083178541,0.493144432738787,0.670350856610138
1226,0.635718221386409,7,0.949164281027673,0.841983545212189,0.681807744122987,0.474905484037288,0.670350856610138
1227,1.20575171469697,7,1.30975942107173,1.48901123016444,1.07614907129058,0.697071052994249,0.670350856610138
1228,1.12151383464183,7,1.20278343119807,1.34040435177241,1.01359758509265,0.641709789593449,0.670350856610138
1229,0.937230948707976,7,0.946312344554482,1.04714534270167,0.831316466077397,0.517089009311118,0.670350856610138
1230,1.10078762903856,7,1.16515809741886,1.32093939804245,0.974712416931447,0.626598061817849,0.670350856610138
1231,0.951099597983338,7,0.989853039123551,0.999704269599128,0.812747995470047,0.506464179714588,0.670350856610138
1232,0.808504941611722,7,0.900997729056475,0.968321985756411,0.720699963165582,0.463416943477753,0.670350856610138
1233,0.792002554992933,7,0.797791554726885,0.872951790735826,0.682110844374506,0.430485317024193,0.670350856610138
1234,0.991173883499163,7,0.988899706409835,1.11288672306181,0.894836388656756,0.574736673848963,0.670350856610138
1235,0.879540853667513,7,0.90353623132324,1.00710378653888,0.750790704577711,0.478495854302695,0.670350856610138
1236,0.991234127457476,7,1.03193542350211,0.964555564987252,0.875963424987146,0.575051310862764,0.670350856610138
1237,0.663498888848123,7,0.710523152553631,0.792413553709525,0.646587746916368,0.419838715077629,0.670350856610138
1238,0.924603683748909,7,0.919555803815326,1.01795240019485,0.815320729109008,0.526430329017923,0.670350856610138
1239,1.05044224270759,7,1.13013875784497,1.29346766884923,1.09785797871097,0.700223793096262,0.670350856610138
1240,1.02284590528086,7,0.987514732414909,1.07338195760026,0.926039963556679,0.600247259952534,0.670350856610138
1241,0.960147062339779,7,0.873709316002919,1.06692504194438,0.873957488776815,0.576370723146231,0.670350856610138
1242,1.14967929002737,7,1.1697822714725,1.3820895131521,1.13409365880836,0.731112167531653,0.670350856610138
1243,1.15762984945187,7,1.0274071205686,1.275312616044,1.05086532663366,0.680688837320214,0.670350856610138
1244,1.12029455972804,7,0.999783844763446,1.26922731246782,1.03328449771425,0.676739149346097,0.670350856610138
1245,1.23608758664969,7,1.09261138698691,1.35399867943416,1.14367028016478,0.725300761785783,0.670350856610138
1246,1.22976196769803,7,1.01149058836466,1.16804651813768,1.07976166094356,0.686458156788219,0.670350856610138
1247,0.983064808599253,7,0.881084377857514,1.09189301444098,0.98096790287089,0.688733521864084,0.670350856610138
1248,1.23493996421117,7,1.06167375467582,1.32499801625829,1.13806827240382,0.736803738218318,0.670350856610138
1249,0.938571614235767,7,0.821872080279383,1.03110989798795,0.934776385819191,0.593865449903716,0.670350856610138
1250,1.21247429421549,7,1.07755100638509,1.29283420758605,1.18223102178162,0.764006001261166,0.670350856610138
1251,1.0315402348717,7,1.00587944435806,1.04303490959557,1.05202015114327,0.678205349672634,0.670350856610138
1252,1.30738083060716,7,1.17645843288136,1.4646966367577,1.26873501174018,0.82394261782483,0.670350856610138
1253,1.06757596923324,7,1.00735615659951,1.20927362839753,1.0365207171615,0.667913418681475,0.670350856610138
1254,0.978377682674406,7,0.93709573974841,0.987599489860766,0.790467249249698,0.522303481703606,0.670350856610138
1255,0.847804571767762,7,0.816519387806348,1.01607470483296,0.77096672300536,0.503647321926856,0.670350856610138
1256,1.31115623990094,7,1.18253289793445,1.41570071760933,1.25771474825773,0.789386341123229,0.670350856610138
1257,1.05045217752549,7,1.0340230854287,1.11226522307373,1.01296996507879,0.65964367516756,0.670350856610138
1258,1.0142363985891,7,0.960136304042346,1.13437104915037,1.00551071729855,0.616812815637984,0.670350856610138
1259,1.18241670052889,7,1.13401060739497,1.32741367320121,1.17926152958546,0.751622346479035,0.670350856610138
1260,1.22028619405726,7,1.18028394186452,1.39922138545451,1.23148192657618,0.789066543673717,0.670350856610138
1261,0.942887108638764,7,0.938608293655804,1.0592217574142,0.878086707690599,0.561713808719305,0.670350856610138
1262,0.604497261731158,7,0.548997921079854,0.753336977823058,0.555864854582781,0.343558486781349,0.670350856610138
1263,0.777434363535408,7,0.760802214705338,0.877934192765435,0.712958111768152,0.452425113586099,0.670350856610138
1264,0.707167842982449,7,0.657361144691037,0.781657859934061,0.635184878166942,0.414205676685427,0.670350856610138
1265,0.797972015538295,7,0.755515775909612,0.781091608447654,0.642799733777497,0.419032780473378,0.670350856610138
1266,1.15445358532065,7,1.04370497506587,1.20224152657393,0.974421755795667,0.636198805891656,0.670350856610138
1267,1.17257083676632,7,1.2464599861277,1.29292298201877,1.13290093773189,0.741335444888808,0.670350856610138
1268,1.05946971149677,7,1.16990236805078,1.34875343280823,1.22841556052039,0.778686677570923,0.670350856610138
1269,1.12421409790319,7,1.15258807897931,1.21087677308077,1.06656041735346,0.676288016594902,0.670350856610138
1270,0.85449366809114,7,0.907135127428639,0.887159267761822,0.891614581494148,0.554037964990969,0.670350856610138
1271,1.02988824990573,7,1.04806827517273,1.06435641744977,0.930112181125474,0.596747554783098,0.670350856610138
1272,0.853207822581963,8,0.95347070110341,0.919676593491115,0.731969692692168,0.481385916182011,0.706908044168947
1273,0.787072302015267,8,0.758535927391437,0.753843373292038,0.638148799609528,0.410432112304669,0.706908044168947
1274,0.794168803684342,8,0.832452819485514,0.819666564412141,0.692532672780106,0.447336091476553,0.706908044168947
1275,0.986693340088772,8,0.946408916595653,0.99456736807211,0.863745722262166,0.548656855553081,0.706908044168947
1276,1.19052183446982,8,1.17914096412139,1.19481715565548,1.05116261570923,0.695527683837374,0.706908044168947
1277,1.10120068974435,8,0.9676236624711,1.10378196047832,1.00523522464824,0.642425847905167,0.706908044168947
1278,0.72096173410016,8,0.744669859216994,0.755386656240463,0.673041830194116,0.406076551456851,0.706908044168947
1279,0.994906029597014,8,0.936947956402672,0.98074720723707,0.89816626362016,0.565329767004128,0.706908044168947
1280,0.818457421309662,8,0.743353822432964,0.793680266948216,0.714372429760917,0.441363041209401,0.706908044168947
1281,0.958292075616941,8,0.887148879964655,0.971703253595097,0.90726016599743,0.56776628230839,0.706908044168947
1282,1.41092344224507,8,1.31940892733882,1.48245665045465,1.29140474141364,0.839524891575585,0.706908044168947
1283,1.17215270731493,8,1.10457536024032,1.24732771853996,1.05094828371753,0.66664176234713,0.706908044168947
1284,1.07611555029751,8,1.01589011641014,1.08158560617272,1.07386978455837,0.681788471184898,0.706908044168947
1285,1.29728187355837,8,1.15545098563702,1.33354378765072,1.11748887828883,0.708554485077875,0.706908044168947
1286,1.47349305181974,8,1.30557434766481,1.52449403202896,1.22569874172982,0.808214474410689,0.706908044168947
1287,1.3179830772272,8,1.17543813728162,1.28154830964813,1.2217110927782,0.789862002974391,0.706908044168947
1288,1.01207250629129,8,0.898002849834918,1.03581088159193,0.929272385970536,0.603241168823549,0.706908044168947
1289,1.12951048479036,8,0.976153481116663,1.13120805500544,1.00897443469419,0.650316911359811,0.706908044168947
1290,0.88460194266224,8,0.777136121951722,0.895415806505196,0.756896911356838,0.479124978152887,0.706908044168947
1291,1.09394671190521,8,0.954561458036835,1.08889605057197,0.974952604092609,0.6139423947543,0.706908044168947
1292,0.77778034624779,8,0.727742646095951,0.834884640609293,0.718759616061124,0.453587532829413,0.706908044168947
1293,1.13945523796893,8,0.956514175730466,1.1523609986221,0.955844021542124,0.602896958455029,0.706908044168947
1294,1.15788428514332,8,1.03953504306147,1.16648813766574,0.989594682443366,0.624601582372166,0.706908044168947
1295,1.30464989391525,8,1.22374808362205,1.32640339696962,1.11628154407751,0.690153069712804,0.706908044168947
1296,1.11326623429667,8,1.07731003485772,1.13711361074246,0.968821638360363,0.614229276183061,0.706908044168947
1297,1.23333204289847,8,1.1991725935132,1.28103564675479,1.0632167492951,0.700670103571297,0.706908044168947
1298,1.09547673260153,8,1.07160865836737,1.12908723520927,0.980413477401187,0.642053620424152,0.706908044168947
1299,1.16421657224062,8,1.18337048822905,1.22367410047691,0.900036267129575,0.587174800565495,0.706908044168947
1300,1.13429122911054,8,1.15967194279158,1.16933306934393,1.0467741232346,0.652754291708905,0.706908044168947
1301,0.73911974262242,8,0.790364818940089,0.785267863619213,0.681261312502393,0.423988642191443,0.706908044168947
1302,0.957423819198769,8,0.966429618003269,0.967160361751948,0.817251283496032,0.514165787801416,0.706908044168947
1303,0.778182615173452,8,0.938921629896878,0.83028663115211,0.686943691881729,0.43609857066784,0.706908044168947
1304,0.493442071617383,8,0.573030828813858,0.544944856190516,0.452696901121161,0.291496960679077,0.706908044168947
1305,0.648043224838018,8,0.777154922729346,0.726773073201906,0.573297874058235,0.36348951417583,0.706908044168947
1306,0.618367313720227,8,0.735548052612808,0.712402912561524,0.565298700043673,0.362722122604298,0.706908044168947
1307,0.474331139590175,8,0.552937642471906,0.529129668224181,0.42254007780768,0.267127429820693,0.706908044168947
1308,0.913334522196652,8,1.11115242631871,1.02489635032253,0.805292376785221,0.523811775997942,0.706908044168947
1309,0.779891342430127,8,0.827247583326241,0.796156611596981,0.73027230293966,0.462880347808379,0.706908044168947
1310,0.991304707489218,8,1.17363471728672,1.10465811829325,0.915775463021632,0.605609276182289,0.706908044168947
1311,1.02947313904532,8,1.13387059022895,1.12831271812732,0.749888309881781,0.506171603495051,0.706908044168947
1312,0.889766407842844,8,1.0181752460572,0.956255336773327,0.448535360216224,0.342881314854698,0.706908044168947
1313,0.964446943442666,8,1.03567718686065,1.00184575075648,0.799083343422409,0.515499409531883,0.706908044168947
1314,1.32323614507805,9,1.37876839933588,1.27326798637896,0.518109691471603,0.331853764159839,0.776278719749017
1315,1.16114317059604,9,1.12963782330643,1.1375221242078,0.492664571620268,0.351292898534942,0.776278719749017
1316,1.06249145555723,9,0.978637455609562,1.05663076676836,0.769376186299031,0.504326325056502,0.776278719749017
1317,0.851502122080929,9,0.819506806589627,0.839928476488403,0.621849655197015,0.41571485875127,0.776278719749017
1318,0.949134283130022,9,0.984639236491687,0.956623324621516,0.438471860731456,0.277138699855399,0.776278719749017
1319,1.22435119509328,9,1.18944106137534,1.22097474859783,0.618827944082046,0.326505407421025,0.776278719749017
1320,1.10061794292912,9,1.06671235647765,1.12025768997956,0.742845565057503,0.54235670235299,0.776278719749017
1321,0.94124299458323,9,0.921591316618969,0.937611948746314,0.551700108591473,0.425694202399315,0.776278719749017
1322,0.884759801168553,9,1.01895165906312,0.906852548454994,0.725996161529057,0.477988330799861,0.776278719749017
1323,0.689429778522209,9,0.694183630343976,0.729055265191692,0.570249488987479,0.358990134402873,0.776278719749017
1324,0.478888820672105,9,0.464620434962424,0.505002914611931,0.426930526404368,0.265990660211368,0.776278719749017
1325,1.02326722414074,9,1.05124921395921,0.967414836919752,0.684425701863461,0.402758705207721,0.776278719749017
1326,0.877680815817163,9,0.944146318731004,0.830755075366998,0.595620610287706,0.400217771116591,0.776278719749017
1327,0.905603674566457,9,0.937111071525626,0.879715078578529,0.674868384710692,0.38819070789243,0.776278719749017
1328,1.12572197483762,9,1.18168957948976,1.16879965752587,0.932574033018916,0.571710907480546,0.776278719749017
1329,1.11663401648152,9,1.13155869715769,1.22714857890441,0.894709452891788,0.550959416865768,0.776278719749017
1330,0.779108364179653,9,0.801742048535218,0.871872643970567,0.685079347247996,0.431860057104395,0.776278719749017
1331,1.47837439477109,9,1.38987534398218,1.55541988291856,1.12118334517845,0.717047439095627,0.776278719749017
1332,1.50188809425218,9,1.41499921353576,1.493878379062,1.14627666788413,0.736069854370687,0.776278719749017
1333,1.1966668245986,10,1.0887028667765,1.21624758894037,0.882840521785987,0.573946451561125,0.796533354941021
1334,0.860328526156916,10,0.789195968781543,0.840472976331643,0.642280090639479,0.403807446906794,0.796533354941021
1335,1.0335159583644,10,1.13098051735914,1.22534948697738,0.789499226149603,0.501260403230333,0.796533354941021
1336,1.01281691028765,10,0.978438840853158,1.06891908659579,0.677415398483027,0.428963233591011,0.796533354941021
1337,0.783944875682353,10,0.753153697303802,0.794755435605202,0.643081858553103,0.404575896671745,0.796533354941021
1338,0.93666386433567,10,0.887225894243461,0.97105579633603,0.77194375458091,0.488037758340491,0.796533354941021
1339,1.11141043644949,10,1.02318589942084,1.17405179734259,0.794531161548366,0.449983406042725,0.796533354941021
1340,0.986367140432681,10,0.879587214659537,1.01111166651463,0.785878936500104,0.48522142797493,0.796533354941021
1341,0.817562537802071,10,0.747732207139503,0.843948847696669,0.680822093530028,0.417534745077053,0.796533354941021
1342,0.832274941172412,10,0.76690502986,0.873539764114203,0.685032598564184,0.434877817246584,0.796533354941021
1343,1.18104842966285,11,1.21957001434028,1.36093595411596,0.948708047795805,0.592392197157336,0.83285379025073
1344,1.07411024671911,11,1.01317822762059,1.11207576723611,0.765059986766219,0.48619633269446,0.83285379025073
1345,1.00014706224734,11,0.935571763966778,0.999735681497383,0.780009852993831,0.498775972403485,0.83285379025073
1346,0.892047832377545,11,0.795465657425024,0.925784171468613,0.709717542541017,0.448523027962889,0.83285379025073
1347,1.14860113959348,12,0.976488124210225,1.1515776573101,0.827027087084124,0.529268121385955,0.861837535214758
1348,0.913510803320947,12,0.765706519587369,0.883151876033858,0.690221742326069,0.430621623781255,0.861837535214758
1349,1.3746539643267,12,1.17466055884215,1.37003703143564,0.99185237879152,0.62953635346275,0.861837535214758
1350,1.24611032305007,13,1.08351242633442,1.21782572014656,0.866109833557192,0.551580468231438,0.87163816257475
1351,1.38913737079093,13,1.22537590417304,1.35207737617897,0.97338668426589,0.603517968291187,0.87163816257475
1352,1.40294664086523,13,1.22552766040223,1.35051973947021,0.918360569459355,0.575600935355876,0.87163816257475
1353,1.30645472832523,13,1.13670966314738,1.27031305984728,0.933932395079826,0.603963287021426,0.87163816257475
1354,1.16051994855739,13,1.03838564527198,1.11404639538545,0.860289990052857,0.553490515768505,0.87163816257475
1355,1.11328060980755,13,1.02857389091433,1.104191110378,0.82303190334543,0.52351260113401,0.87163816257475
1356,0.984682192209001,13,0.897814207611833,0.994797573437634,0.727915738255825,0.446193670676426,0.87163816257475
1357,0.892505353488334,13,0.830874684399724,0.905347992430655,0.676906632469867,0.425242691021186,0.87163816257475
1358,1.0016217109602,13,0.924779364166639,1.04263290976233,0.731557099350434,0.46295399715762,0.87163816257475
1359,0.941201994266444,13,0.892067265608822,0.970223738303575,0.642598736291337,0.404752758274206,0.87163816257475
1360,0.949551080474821,13,0.924177213391235,0.98647150838443,0.686900565446477,0.427742263023022,0.87163816257475
1361,0.925013944446847,13,0.983319218603769,1.01405176655509,0.770049321092234,0.475078220431722,0.87163816257475
1362,0.997227713810769,13,1.06569535751683,1.09651478533461,0.826431147306371,0.524613854381168,0.87163816257475
1363,0.962332349909106,13,1.0016442596863,1.00031219212116,0.775955699015804,0.491471079818858,0.87163816257475
1364,1.02961079279822,13,1.0940762422352,1.09198990902152,0.861137157633394,0.556177255156908,0.87163816257475
1365,0.855414251051774,13,0.860178243145696,0.859837449935996,0.674975851439867,0.428975574319848,0.87163816257475
1366,0.754468613803461,13,0.765055457215095,0.767488030490681,0.622479253477517,0.377538822813817,0.87163816257475
1367,0.804722412075458,13,0.823025110490583,0.835677714600631,0.66332811131654,0.407166005208864,0.87163816257475
1368,1.11792892450721,13,1.21773804346992,1.19594634306944,0.983410957516687,0.608984195837762,0.87163816257475
1369,0.836487053916292,13,0.889714729031659,0.892087189847453,0.724519592282908,0.452679700399372,0.87163816257475
1370,1.02599431527873,13,1.18589305748632,1.10083213215125,0.83289012164206,0.519663924213784,0.87163816257475
1371,0.933763919685479,13,0.936678523768973,0.961007395909467,0.70201496353377,0.427276647696989,0.87163816257475
1372,0.852436941807655,13,0.886832653251158,0.890010126373313,0.737467944735335,0.464985143419101,0.87163816257475
1373,1.08013200161163,13,1.12875013554272,1.12538913416083,0.826718733103335,0.527199796449261,0.87163816257475
1374,1.1263639486433,13,1.11358627866846,1.12866625322425,0.872785771695825,0.55356606499296,0.87163816257475
1375,1.12700118424034,13,1.10922099834248,1.11965171069909,0.814134169121115,0.528982889623137,0.87163816257475
1376,1.02446884299689,13,1.06478443254887,1.06163044749916,0.768947996213122,0.509868465255682,0.87163816257475
1377,1.0284188436096,13,1.06424583391643,1.01093366917836,0.820244846318647,0.485462068272,0.87163816257475
1378,1.0908044047173,13,1.06790311274638,1.0523680483993,0.801027395748501,0.512018378200919,0.87163816257475
1379,1.00575419087414,13,1.03134687589962,1.04659596131831,0.813079006777534,0.504521661800646,0.87163816257475
1380,0.95035894850116,13,0.957750314148159,0.941791434888499,0.702479996224124,0.433118473213151,0.87163816257475
1381,1.05663161212122,13,1.06957939855059,1.04836671308664,0.823041332362909,0.512948815888755,0.87163816257475
1382,0.640314351099659,13,0.642386506565772,0.618027025733472,0.456456958962574,0.282906477838234,0.87163816257475
1383,0.59039922292336,13,0.689825733722844,0.635262878198194,0.493383436393682,0.294666433360001,0.87163816257475
1384,0.929429771189237,13,0.973120224125837,0.951892519833942,0.757330311876846,0.41422130934113,0.87163816257475
1385,1.05942653061114,13,1.10888810362024,1.05610809483385,0.865829931772253,0.551270753319146,0.87163816257475
1386,1.11438619031783,13,1.17715991051078,1.12577956868679,0.927133348034577,0.594653564814095,0.87163816257475
1387,1.13334234987278,13,1.1296726969889,1.1025384599207,0.864007065868476,0.562518300082394,0.87163816257475
1388,0.902417354669043,13,0.928872305478675,0.894978673639692,0.708876488007914,0.451784739488675,0.87163816257475
1389,0.833126890328851,13,0.840623698452464,0.820576146721418,0.556475382520133,0.378140098060114,0.87163816257475
1390,0.951797779982473,13,1.02021936489731,0.988542228444639,0.723527986155656,0.46591559750236,0.87163816257475
1391,1.22205657666781,13,1.31997390125343,1.27492914509418,0.92261796520473,0.590141295047164,0.87163816257475
1392,0.912176943395689,13,0.998120693116371,0.95375375187104,0.647883724182412,0.439981154614412,0.87163816257475
1393,0.710077852377687,13,0.825456684662369,0.768298364193455,0.495160885173985,0.311488163577944,0.87163816257475
1394,1.06356758924537,13,1.20627032364748,1.1556297842698,0.807285130239042,0.525856876106724,0.87163816257475
1395,0.814387839456547,13,0.957226995381517,0.878011288244253,0.628889257497917,0.387805705972184,0.87163816257475
1396,0.909557170961664,13,0.970131354045375,0.941229414279431,0.660323079141897,0.425077683123634,0.87163816257475
1397,0.825926446750101,13,0.947786890841341,0.893181151401312,0.583722432427568,0.390429322479765,0.87163816257475
1398,0.602445465026698,13,0.668671276726115,0.641884019005208,0.4200634786838,0.26841112889543,0.87163816257475
1399,0.809012015484814,13,0.922325503010821,0.862671210899948,0.550352201983954,0.352489266227821,0.87163816257475
1400,1.01851050434844,13,1.16281885437589,1.09779690626486,0.709603679348809,0.451718539894334,0.87163816257475
1401,0.657962734063665,13,0.755085108865606,0.733910470411511,0.464125204599318,0.292603352296946,0.87163816257475
1402,0.834924175693506,13,0.919059860884407,0.919924091644576,0.607874421232896,0.405382962392437,0.87163816257475
1403,0.918093698489788,13,0.994466861651969,1.00930058502852,0.649775682358173,0.447599375075809,0.87163816257475
1404,1.00040298679553,13,1.0665211272016,1.09117453019118,0.733901673690733,0.498920768410537,0.87163816257475
1405,0.771057165758747,13,0.822241708742296,0.841961509135812,0.529365533032944,0.337487944246159,0.87163816257475
1406,1.01884938886682,13,1.06402951200099,1.11444615996299,0.730643719660181,0.494680149244542,0.87163816257475
1407,1.22335676799236,13,1.26977873044249,1.33431509206102,0.920490634928934,0.544995762731404,0.87163816257475
1408,1.0256983808079,13,1.02860372046886,1.09743291751032,0.673753421346879,0.414315605724964,0.87163816257475
1409,1.21788540537183,13,1.23492094921995,1.325040889782,0.87804769771797,0.573168920893288,0.87163816257475
1410,1.06526686716156,13,1.0886941316106,1.18408690092003,0.692528925071153,0.459491134654102,0.87163816257475
1411,1.04101461377739,13,1.09007102905541,1.14386680135186,0.715532303591653,0.460904199158618,0.87163816257475
1412,1.08298916315271,13,1.14301993548986,1.19908671485161,0.699550833363555,0.438799732803387,0.87163816257475
1413,0.990477741654627,13,1.03341371022805,1.07853368269428,0.657731848837167,0.426307196650909,0.87163816257475
1414,0.736517713739173,13,0.787742715581913,0.803930519255176,0.512688845577121,0.325168199434434,0.87163816257475
1415,0.734333948982157,13,0.811535848118277,0.800918750427045,0.515620186377104,0.340197499909647,0.87163816257475
1416,0.948496195509103,13,1.01467656700651,1.02694403832132,0.647793893596304,0.40667755877513,0.87163816257475
1417,0.433744023430723,13,0.477820491851638,0.481210255947035,0.340417400802812,0.212074181544916,0.87163816257475
1418,0.961075186228715,13,1.09525921436418,1.0739103485728,0.676997104047918,0.447315904042409,0.87163816257475
1419,0.799067355784098,13,0.857317183124274,0.881929300349917,0.600471823657876,0.386395974768074,0.87163816257475
1420,0.944302741028361,13,1.01886231350925,1.03201599416458,0.728346892030987,0.487391185037249,0.87163816257475
1421,0.871479398754313,13,0.932932675840655,0.948690519233462,0.730290522906484,0.47067269099323,0.87163816257475
1422,0.948644140272023,13,1.04523670528269,1.05162046027287,0.748867881770056,0.472354066409716,0.87163816257475
1423,1.05619183337841,13,1.17723905421634,1.15111677932813,0.907294682930749,0.57117937138762,0.87163816257475
1424,1.13828177617401,13,1.24878293956728,1.24670830042084,0.895168263993825,0.584827611931034,0.87163816257475
1425,1.02645288737145,13,1.17892152024225,1.15283231001309,0.864985382569223,0.575976562473218,0.87163816257475
1426,0.868681924577771,13,0.964484764906718,0.942325791867098,0.669555671106491,0.440574735321911,0.87163816257475
1427,0.958512072781858,13,1.1095586624502,1.05458749974331,0.803089590355128,0.512680235414202,0.87163816257475
1428,0.912801398022123,13,1.03243264716352,0.938620527578831,0.744635136434609,0.477361396308689,0.87163816257475
1429,0.715075564493729,12,0.867396832633246,0.801467765757244,0.524216439194819,0.363277128392144,0.873406600548953
1430,0.560580874442451,12,0.690172551203805,0.614495211008027,0.438876945751124,0.288931034090759,0.873406600548953
1431,0.808139424162576,12,1.04813651485383,0.982133594990853,0.624001049524063,0.41537174577563,0.873406600548953
1432,0.879004336376115,12,1.1360607950562,0.983365499774015,0.689633725758085,0.452193179929379,0.873406600548953
1433,0.696104530408468,12,0.932874425546604,0.761165945445732,0.54027219132174,0.364593112728047,0.873406600548953
1434,0.550916792043533,12,0.771562393990819,0.612776664513226,0.452308341210223,0.282473190154772,0.873406600548953
1435,0.687839483399693,12,0.932826160932682,0.749368053597613,0.550162460450543,0.393797123812769,0.873406600548953
1436,0.802137418838173,12,1.09972326402028,0.881268203643451,0.601727188522966,0.405713570812655,0.873406600548953
1437,0.509670745371704,12,0.730595855666773,0.564320863002205,0.398295714748257,0.261835543684327,0.873406600548953
1438,0.430756645092012,12,0.636783475637581,0.492573732471135,0.347161214527813,0.209345281235349,0.873406600548953
1439,0.715582828606743,12,1.04961909131059,0.827610605949058,0.555985558589392,0.37489393301466,0.873406600548953
1440,0.937149725223972,12,1.26940747459523,1.0308543960854,0.751879362434384,0.493256027230954,0.873406600548953
1441,0.803825158351661,12,1.06004836275364,0.877751889474704,0.600156758934744,0.413583236004847,0.873406600548953
1442,0.691207327269152,12,0.967347306124978,0.80438337900338,0.537592333610204,0.365683788464124,0.873406600548953
1443,1.00845728214947,12,1.28670571815721,1.09469905000095,0.763452787789282,0.537836393266159,0.873406600548953
1444,0.697675965214727,12,0.875918415861192,0.733402398027612,0.527914729561739,0.355680334394397,0.873406600548953
1445,0.634102550874289,12,0.767325020025069,0.675983581476384,0.443374247880751,0.288126385351006,0.873406600548953
1446,0.538494278126784,12,0.744851139898594,0.590724834553854,0.451725317039995,0.295112477968965,0.873406600548953
1447,0.693180034978542,12,0.835614675586758,0.744019338619512,0.481734397183387,0.337252790261145,0.873406600548953
1448,0.735486873000802,12,0.913489063762551,0.789619812190238,0.612342697376313,0.386788165304455,0.873406600548953
1449,0.903663879132086,12,0.994923417711327,0.956820035990678,0.652050242414455,0.411178658788081,0.873406600548953
1450,1.01183579255374,12,1.12744046556469,1.08684346789199,0.682081113636362,0.480497992825312,0.873406600548953
1451,1.1680192360552,12,1.17997084285216,1.13103707242153,0.845964986267288,0.544610338484631,0.873406600548953
1452,0.973539634602923,12,1.05632339121337,1.0755949585686,0.751882266405052,0.499509312962266,0.873406600548953
1453,1.20364920744813,12,1.29920985688929,1.31498171875552,0.822179087404029,0.56811831601879,0.873406600548953
1454,1.16641307008236,12,1.22940257891083,1.23551040457557,0.889736103103625,0.598290850395738,0.873406600548953
1455,1.17504461254201,12,1.2546167097357,1.25911528949374,0.839334642897477,0.550654328291939,0.873406600548953
1456,0.969207833373991,12,1.03276582459858,1.04056312464024,0.792746733226134,0.524884198266862,0.873406600548953
1457,0.931356525194121,12,1.01681327328263,1.04095226314035,0.78387101850335,0.49990664961231,0.873406600548953
1458,0.628042712262917,12,0.684811444409298,0.646269083882135,0.518570038758899,0.329286500396153,0.873406600548953
1459,0.93717501897352,12,1.08131531963323,1.01899889209709,0.725946666124998,0.471051206242287,0.873406600548953
1460,0.718008410903086,12,0.787436336831524,0.743334293798833,0.556474316014434,0.372707176466302,0.873406600548953
1461,0.682164455880541,12,0.764418645718796,0.72870450700545,0.540640876367386,0.349499087334294,0.873406600548953
1462,0.751195570445455,12,0.826469650095415,0.791591375762462,0.596301497823343,0.386418086269106,0.873406600548953
1463,0.792637207146492,12,0.871367675526307,0.867012904381753,0.666942478807968,0.423063119023369,0.873406600548953
1464,0.731338737957592,11,0.825985276634758,0.82221411529395,0.591599445880858,0.38039838843531,0.890721547825652
1465,1.23204000515497,11,1.37468471248556,1.37126063136626,0.892392603182145,0.606293260329189,0.890721547825652
1466,1.00719530967923,11,1.09082173124407,1.11128388995522,0.79257616468429,0.497731928897933,0.890721547825652
1467,0.996196102192282,11,1.07719606923391,1.13082028296086,0.765039986875747,0.497351689144809,0.890721547825652
1468,0.562320580120427,11,0.62453436930351,0.630515713802313,0.454482017270813,0.277077113900667,0.890721547825652
1469,1.05412549833774,11,1.10505616079516,1.1247723003685,0.796520019909405,0.515122030388275,0.890721547825652
1470,0.984965244707039,11,1.03201293204567,1.03328021634744,0.785201946103531,0.505083740012201,0.890721547825652
1471,1.04912801381327,11,1.06153814678888,1.18022032457403,0.820668276224753,0.523712964370026,0.890721547825652
1472,1.04833388465431,11,1.06307685092296,1.07482369842898,0.786823967940481,0.505704801799568,0.890721547825652
1473,1.41942654006532,11,1.47287635234469,1.48002387764113,1.07230204989172,0.71400913832367,0.890721547825652
1474,0.742571387671798,11,0.787906402955455,0.857314745149664,0.573584933726206,0.360912277018988,0.890721547825652
1475,0.734788951101769,11,0.764142629873738,0.79903536937431,0.582739243716175,0.373371815840543,0.890721547825652
1476,1.42441008125694,11,1.45236975195205,1.42566036766767,1.12665603198343,0.746102229112587,0.890721547825652
1477,0.945270047095477,11,0.917727163779677,1.0093369604033,0.736852644157362,0.469553471364414,0.890721547825652
1478,1.03565931020932,11,1.0403691857174,1.12992023659394,0.815145333833734,0.511168365859118,0.890721547825652
1479,0.681098859954527,11,0.703166168583819,0.755463602410716,0.535679089331277,0.343206484999751,0.890721547825652
1480,0.783166146731128,11,0.822509728993399,0.887691518748479,0.615322255033266,0.388875257597117,0.890721547825652
1481,0.718997319725822,11,0.808607480465298,0.864117083365347,0.612281329611956,0.381587965822113,0.890721547825652
1482,0.645250968233668,11,0.698111467531609,0.715890771064457,0.54314514342167,0.331278253114292,0.890721547825652
1483,0.745499669606463,11,0.769761825211948,0.839151423728515,0.601048927065037,0.375207340005163,0.890721547825652
1484,1.26625148496302,11,1.25704297926329,1.41026601159815,0.869520852520565,0.541829960461469,0.890721547825652
1485,1.19330872121136,11,1.1654450576168,1.33172532062688,0.879981331151706,0.580175454172837,0.890721547825652
1486,1.23488945920479,11,1.28332166135638,1.25305202562769,0.971588319417224,0.621568626166922,0.890721547825652
1487,1.29333465363704,11,1.33999833569426,1.36250864378744,1.00082027438186,0.646284673337296,0.890721547825652
1488,1.12942950187468,11,1.17420614770289,1.26063316057905,0.855194293819919,0.540858185118369,0.890721547825652
1489,0.96670417484736,11,1.00468132919329,1.05599412859067,0.748612165397691,0.475841064720381,0.890721547825652
1490,0.680198952974204,11,0.756086477415294,0.737052464151464,0.53924892013184,0.330367240592304,0.890721547825652
1491,1.04548234578503,11,1.18213589734255,1.14844083096564,0.834744816888522,0.536054336026509,0.890721547825652
1492,0.742000141355448,11,0.844719337650989,0.833192055246449,0.579440570975096,0.36406202668794,0.890721547825652
1493,0.80652002731297,11,0.975298774812812,0.891719065974183,0.640228708868056,0.401006232429029,0.890721547825652
1494,0.725658599323366,11,0.85449874606123,0.748139791833084,0.594227081376199,0.37481190055767,0.890721547825652
1495,0.921554968755666,11,1.07399533173529,1.00192394261333,0.68261358955093,0.434875193038433,0.890721547825652
1496,0.894723735020008,11,1.01938596905343,0.9366229901809,0.664618791298501,0.431137960394504,0.890721547825652
1497,0.876493761016789,11,1.02120570463583,0.951737361032712,0.598438376704978,0.392807104681257,0.890721547825652
1498,0.564659890239286,11,0.714785625664926,0.635578768262706,0.423348139597307,0.276176167360768,0.890721547825652
1499,0.793015903108487,11,0.962741812689908,0.861090997434506,0.638565357211996,0.408334209240571,0.890721547825652
1500,0.55250882709143,11,0.659019567152243,0.604919823739727,0.42322263589653,0.259058887812106,0.890721547825652
1501,0.820565336334186,11,0.953252442316007,0.882510897983777,0.637677590535515,0.420825197326619,0.890721547825652
1502,0.652998259991876,11,0.745320085557419,0.695572342584387,0.482754662833128,0.306020887361087,0.890721547825652
1503,0.772859808761302,12,0.894464045298575,0.88021985922654,0.590089926274926,0.37366524331566,0.894710653925435
1504,0.888729603889468,12,0.983994317352395,0.987522215800258,0.690557635937872,0.439520157038341,0.894710653925435
1505,0.696112027027456,12,0.777102597593356,0.768025591867617,0.544961166750984,0.333749894360542,0.894710653925435
1506,1.2690741132056,12,1.39876082180947,1.3614273422232,1.0036594009661,0.635296504709244,0.894710653925435
1507,1.0452580097545,12,1.09165210974736,1.14339937429448,0.809342109063187,0.503560557086031,0.894710653925435
1508,1.0550962315261,12,1.11283703790332,1.17922618003104,0.811099552579321,0.532692883405218,0.894710653925435
1509,1.12775511484812,12,1.1278321598535,1.2350278513898,0.869090091889135,0.554355520427148,0.894710653925435
1510,1.30645313211817,12,1.36234142887481,1.50056922771621,1.06956335662783,0.716139229181353,0.894710653925435
1511,1.1126820159846,12,1.15855565978921,1.24105618034631,0.897789841919631,0.579716667308301,0.894710653925435
1512,0.848311857343003,12,0.817771828291616,0.919062201657976,0.712157622810816,0.454105186357336,0.894710653925435
1513,0.768937515237215,12,0.734804788839317,0.848950004946503,0.617773123831708,0.365092171011151,0.894710653925435
1514,0.920308199854966,12,0.885613929483156,1.04665572371867,0.732751822031932,0.459380124842807,0.894710653925435
1515,0.90060348547988,12,0.852836016597116,1.02011374899286,0.715146447151884,0.447425030126313,0.894710653925435
1516,1.15586396480909,12,1.04049571148539,1.27989178091722,0.820120004580852,0.523663928476518,0.894710653925435
1517,1.18277728803482,12,1.10529522652645,1.3414130525488,0.946947552885609,0.611694850376836,0.894710653925435
1518,1.23220014315285,12,1.08463963041091,1.30758048616798,0.955513789118315,0.61774202199784,0.894710653925435
1519,0.924754027903417,12,0.812939729647049,0.999518347077238,0.713907276982262,0.442609792417717,0.894710653925435
1520,0.995203614436589,12,0.858487634988046,1.06151661062661,0.753030601208821,0.468473447419999,0.894710653925435
1521,1.46633744264997,13,1.26529694565762,1.54088492632007,0.935194514495848,0.645111432094534,0.900434550415471
1522,1.05632114965456,13,0.88859394283161,1.11032131222645,0.756463506651081,0.477311948153254,0.900434550415471
1523,1.1982629509756,13,0.984264063786157,1.22754490365624,0.815180462087944,0.530516834081714,0.900434550415471
1524,1.08074822956912,13,0.884666830071954,1.12441577924335,0.747881565692923,0.429102604736665,0.900434550415471
1525,1.42714836393147,13,1.1717833036279,1.45093498391301,1.02658690477323,0.665400695400852,0.900434550415471
1526,1.06189848647975,13,0.866457925162429,1.07766798794993,0.753631173178114,0.455471991624548,0.900434550415471
1527,1.18879360916088,13,0.960998549260352,1.23736046032696,0.80930455604249,0.499558088196328,0.900434550415471
1528,1.32402600094009,13,1.07681779078112,1.36341941613136,0.914999229790873,0.59329923349268,0.900434550415471
1529,1.50112473708953,13,1.27718357652282,1.52932477130958,1.02858420418822,0.680786366678286,0.900434550415471
1530,1.27242431164713,14,1.06818354703395,1.36278720985237,0.86853243387519,0.531134181763848,0.90675378799676
1531,1.59343829351024,14,1.36211088697775,1.6351304988974,1.09367225728466,0.687685347185866,0.90675378799676
1532,0.98356395506719,14,0.855796931520793,1.03628764354136,0.669636700647231,0.426679975941588,0.90675378799676
1533,0.979507371020372,14,0.879072694573471,1.05644595820018,0.700894238447252,0.431722880554654,0.90675378799676
1534,0.792466391203057,14,0.724769240178143,0.839653836163021,0.532178303024217,0.348257630447176,0.90675378799676
1535,1.21931981983285,14,1.16036158021927,1.25590289403226,0.88485894977956,0.553211414953986,0.90675378799676
1536,1.15494080691559,14,1.09930915620619,1.22018281344182,0.804729840612791,0.506489459179788,0.90675378799676
1537,1.07119830881584,14,1.04337312819602,1.14096561903997,0.773355929764306,0.465705783703949,0.90675378799676
1538,0.969929744153794,14,0.963441546173089,0.978469547690375,0.590329211007973,0.380687563175372,0.90675378799676
1539,1.02936796340257,14,1.06066792043221,1.09486266495031,0.632164096707198,0.424989062047917,0.90675378799676
1540,0.801684964677501,13,0.873956158831787,0.886957011425457,0.60903531043151,0.387919486794962,0.904260608320792
1541,0.785696444532234,13,0.8516377980067,0.819758918255002,0.571980302567638,0.36470694677968,0.904260608320792
1542,0.715415516484748,13,0.78097329477527,0.767108492595952,0.484173413807635,0.308302045364196,0.904260608320792
1543,0.689143834348486,13,0.766214922382894,0.678731547123301,0.529527376440681,0.325784681686313,0.904260608320792
1544,0.695090348844945,13,0.741823073205057,0.750451313825422,0.522070933462915,0.32132666031572,0.904260608320792
1545,0.819246768014668,13,0.880145399886186,0.881539125546231,0.594689696713383,0.372612626072592,0.904260608320792
1546,0.970801329383388,13,1.03595619798156,1.03173922253791,0.67449896021022,0.411189347320154,0.904260608320792
1547,0.864139218819474,13,1.03212414422403,1.0548362459595,0.674130610556189,0.438987120362005,0.904260608320792
1548,0.926794262235786,13,0.970370856351869,1.01780212071471,0.73532611149634,0.443424915725104,0.904260608320792
1549,0.923117200090836,13,0.872956150464062,0.98405471597993,0.675293585473623,0.40790197876228,0.904260608320792
1550,0.980726788211847,13,0.900653272707204,1.03525954098386,0.692818770927629,0.451205122185444,0.904260608320792
1551,0.884823155864743,13,0.796156318706687,0.906795164826364,0.664034570830623,0.408164672236545,0.904260608320792
1552,1.34553584267364,13,1.15401512058962,1.29585069441652,0.982347239670389,0.624250482898527,0.904260608320792
1553,1.31815095885634,13,1.1407396504649,1.3781258030651,0.951606068243273,0.614441106087838,0.904260608320792
1554,1.29891261431789,13,1.12766409030822,1.41781780701926,0.949890506619205,0.611748222847262,0.904260608320792
1555,1.20274615396414,13,1.05197211509854,1.21812364382191,0.926562306357051,0.587433405979861,0.904260608320792
1556,1.20086427745635,12,1.0193749800519,1.35121279219927,0.923608010295181,0.582492204748524,0.891452126654875
1557,1.74426539605864,12,1.4794374516838,1.90941952206498,1.24941331249532,0.839688109988214,0.891452126654875
1558,1.5880872023668,12,1.37640178398749,1.72038756675283,1.08645717567372,0.74611408500145,0.891452126654875
1559,1.10134360697434,12,0.949612763020579,1.19623698394056,0.844367201501458,0.513253753826732,0.891452126654875
1560,1.1622858271116,12,1.02319654522387,1.23227871265377,0.791256539238029,0.524392848905861,0.891452126654875
1561,0.890790579105884,12,0.789022356930207,0.986220201152025,0.642204572224094,0.409698960515672,0.891452126654875
1562,1.12336228673884,12,1.00488399934509,1.19726617097304,0.821483131309553,0.518811093910625,0.891452126654875
1563,0.772811514070617,11,0.801255539085742,0.989015506924935,0.598108013523999,0.387717457165584,0.883463262264707
1564,1.04348710370154,11,0.950118536484211,1.20000537937764,0.74517843162309,0.453440034155126,0.883463262264707
1565,1.00255398620602,11,0.951645599747489,1.0504053611167,0.702621168424672,0.449596735126631,0.883463262264707
1566,1.09655682501528,11,1.07299005782559,1.21291830705143,0.79206573667543,0.498612294395287,0.883463262264707
1567,0.721291541764076,11,0.732356353293546,0.783531655624241,0.50684176188549,0.337204435535085,0.883463262264707
1568,0.956579994502154,11,0.95688450073288,1.03663150973539,0.684056765268279,0.422549599250157,0.883463262264707
1569,0.998127434912643,10,1.01340424695189,1.09469739036301,0.737887042291819,0.473596936278874,0.867902398929237
1570,1.01151877569671,10,1.03651950547733,1.12343548735798,0.779150340294789,0.476569361815848,0.867902398929237
1571,0.898715201922566,10,0.932737457995173,1.00884322422333,0.699553053423429,0.440074328397423,0.867902398929237
1572,0.953747454839774,10,0.981285247464099,1.04089248497849,0.705458019848641,0.438518042266935,0.867902398929237
1573,0.887471515470993,10,0.935274709831186,0.943617223339873,0.694332099311987,0.433646744392586,0.867902398929237
1574,0.947456554844214,10,0.990870436002722,1.02693525544499,0.7394129892967,0.450322005893812,0.867902398929237
1575,0.889935866041184,10,0.923009674929207,0.976533421953619,0.656592093172206,0.380500160371689,0.867902398929237
1576,0.867549489550271,10,0.896462675000195,0.883943510691944,0.582819965760469,0.377529121297475,0.867902398929237
1577,1.2410833014244,10,1.2815635729033,1.39900671774313,0.870330400592635,0.555071941479632,0.867902398929237
1578,0.882581429140187,10,0.929772045036038,1.05965527029667,0.713093842360521,0.433736558298225,0.867902398929237
1579,1.18803358111631,10,1.26812495389187,1.34371820714629,0.868707952612245,0.546305584812563,0.867902398929237
1580,0.944343787999091,10,1.00201764359527,1.07272523680042,0.705522677652235,0.422973435069014,0.867902398929237
1581,0.491774315627736,10,0.549235040916666,0.546239986497238,0.417850472939341,0.242423927499624,0.867902398929237
1582,0.935722915921368,10,0.991991435509666,1.04197177334513,0.690323034984129,0.432897620930171,0.867902398929237
1583,1.11984787018368,10,1.26200669056365,1.34262310562096,0.902059420152137,0.562939080337109,0.867902398929237
1584,1.07982408703759,10,1.12923740833232,1.17661998081549,0.863091787554889,0.550973684150103,0.867902398929237
1585,0.845518013276352,10,0.895329272550339,0.95482600556647,0.660547291814724,0.400411600855995,0.867902398929237
1586,0.982946467134906,11,1.10031743208167,1.16388209830763,0.753681830512319,0.480641788649574,0.877811401731021
1587,0.871251834630115,11,0.938907491801868,0.965503976625441,0.650492623057237,0.400351907901685,0.877811401731021
1588,0.984176582455009,11,1.06311133566417,1.13079209357382,0.766961012208355,0.45246623162561,0.877811401731021
1589,1.04463086913587,11,1.12812258422812,1.20326786378975,0.795189690848102,0.496315230054391,0.877811401731021
1590,0.848892228240901,11,0.884210308301738,0.937537881339737,0.660535963367132,0.400457595757051,0.877811401731021
1591,0.895932272997751,11,0.985653974249348,1.0485573948104,0.722195031992402,0.443621668075879,0.877811401731021
1592,0.969689046072642,11,0.984685642474642,1.04779397697445,0.705216044773346,0.443579724239423,0.877811401731021
1593,0.50574712931136,11,0.521189768133847,0.568905852694599,0.395951992605116,0.217394511730099,0.877811401731021
1594,0.682184057500991,11,0.694313041372255,0.730482393712843,0.552016798388107,0.319789486204783,0.877811401731021
1595,0.862593314127492,11,0.871014918249248,0.939810788175401,0.688995213063472,0.415559347371728,0.877811401731021
1596,1.24345349801633,11,1.21279130757824,1.35150474768352,0.955721460068033,0.594699669974586,0.877811401731021
1597,1.31656179004998,11,1.25825517924127,1.44253484055809,0.989826586030595,0.646565090215324,0.877811401731021
1598,1.426505037963,11,1.3667163964953,1.57276532009186,1.08961117526349,0.691739170305506,0.877811401731021
1599,0.896331295167577,11,0.851309301623926,0.951244831696459,0.758546836781715,0.461732951634026,0.877811401731021
1600,1.07415542696171,11,1.00550012564356,1.15978789231385,0.882497067248881,0.540237626276756,0.877811401731021
1601,1.2702428320153,11,1.14856790762303,1.41142292389584,1.01046956778784,0.631640414392047,0.877811401731021
1602,0.917002093468712,11,0.798316816523484,1.00930154439791,0.759555640933956,0.453052784647788,0.877811401731021
1603,1.41702453803246,11,1.24164213052409,1.5787869778186,1.05567730495684,0.669532492332248,0.877811401731021
1604,0.933872659295358,11,0.826142926735205,1.04846451128303,0.763819156481937,0.460506001052183,0.877811401731021
1605,0.972998305838416,11,0.907147119531791,1.03040225529656,0.757328182302175,0.464099343007095,0.877811401731021
1606,1.14336737477052,11,1.02281042492211,1.2563418092859,0.909484311042617,0.557584946038087,0.877811401731021
1607,0.889887357120864,11,0.780693153737367,0.991264569239479,0.750308649616659,0.430851955936442,0.877811401731021
1608,1.16764439431391,11,0.99201271540906,1.23975965645321,0.890197581488557,0.558262057840002,0.877811401731021
1609,1.42183346505395,11,1.22827262496981,1.58891240196182,1.04023358164309,0.667002191506995,0.877811401731021
1610,1.25267295262006,11,1.06591884238585,1.14730710898935,0.913319176105525,0.574661013126199,0.877811401731021
1611,1.38421617402059,11,1.16700288028657,1.26500982140315,1.06338155814518,0.688486494917944,0.877811401731021
1612,0.926879533940465,11,0.770811209844541,1.02555122303248,0.787317851868624,0.457048926692813,0.877811401731021
1613,1.22456688083317,11,0.979283747605706,1.39380066875476,0.941543567599314,0.607377588043947,0.877811401731021
1614,1.2580356694408,11,0.988121096705618,1.41295946917972,0.96430999265204,0.618980875881378,0.877811401731021
1615,0.889613854807933,11,0.711686048125042,0.989180051965166,0.720742748378881,0.447440025050691,0.877811401731021
1616,1.05941846633245,11,0.846687296230705,1.15746266704852,0.84881329144297,0.530100869573679,0.877811401731021
1617,1.5086157075317,11,1.159662336814,1.59789389987146,1.17459995157557,0.713000478117293,0.877811401731021
1618,1.12389979832065,11,0.843042616236839,1.2262525789222,0.894216545144097,0.52832500771806,0.877811401731021
1619,1.55279270286492,11,1.15312093345757,1.69066601339348,1.17274101198078,0.734122631625733,0.877811401731021
1620,1.30330669094259,11,0.980459038995429,1.44026240743747,0.903891092946809,0.560691081383202,0.877811401731021
1621,1.60557729713792,11,1.21885376844587,1.80311038678055,1.17527430862766,0.758282738727942,0.877811401731021
1622,1.2064685901984,11,0.925236451396544,1.34878208281949,0.940348261457273,0.586675298100181,0.877811401731021
1623,1.48333235824587,12,1.2084151951542,1.61874403922035,1.17734657193469,0.773538937532874,0.886818971730249
1624,1.24028995940377,12,1.00849802184515,1.37289097338206,0.965976098245134,0.596689399596352,0.886818971730249
1625,1.43849914301419,11,1.13519375178353,1.56697462805693,1.14655150656254,0.726200360682533,0.862475838819976
1626,1.14625720753277,11,0.904572997133176,1.22288659126447,0.945604585548367,0.585247375996908,0.862475838819976
1627,1.07694618665715,11,0.81734416488512,1.16522179309195,0.896849635613776,0.555821002537492,0.862475838819976
1628,1.41559068659859,11,1.13469508182393,1.54650915455489,1.06278151792945,0.711886837066268,0.862475838819976
1629,1.22081291390363,11,1.00267618693569,1.32432642642931,0.98414274830089,0.606409827219742,0.862475838819976
1630,0.848681456180579,10,0.741931547412064,0.897169165524508,0.761976004064878,0.423778499562638,0.834295180408568
1631,1.14093371508648,10,0.961567787509875,1.19546197218233,0.889046013965962,0.463406952309354,0.834295180408568
1632,0.853123310745565,10,0.76439659229973,0.886914914291705,0.705955523641859,0.406970438931321,0.834295180408568
1633,1.06910955610801,10,0.862989318243151,1.23279851755201,0.841765376420945,0.538251343550232,0.834295180408568
1634,1.18387445980814,10,1.12719424281824,1.31376876939503,0.921754820631086,0.586512454208042,0.834295180408568
1635,1.10329967594567,10,0.982834141201866,1.17967220653829,0.876783399858823,0.558044566875604,0.834295180408568
1636,1.05704019845706,10,1.0905489390003,1.22912785472197,0.847584758556105,0.518190104239202,0.834295180408568
1637,0.876968939390432,9,0.83395229422901,0.894042710474639,0.747274886118576,0.406550321752414,0.8137036736619
1638,1.17207490796397,10,1.22011690847321,1.29946564816341,0.979218500320544,0.61640459178678,0.806958901586077
1639,0.779877661569957,9,0.855149337797486,0.870283526836905,0.693716572942131,0.447206747456007,0.764075614414634
1640,1.04866820694838,9,0.978452687814361,0.98764046853047,0.9260612447281,0.602835640147073,0.764075614414634
1641,0.849546082630651,9,0.795468342105042,0.870840092272884,0.620475025343824,0.407408650970872,0.764075614414634
1642,1.18065953516303,9,1.04868427214257,1.19924593823643,1.0533746045354,0.654827628926338,0.764075614414634
1643,1.11113394642867,9,1.07282153132867,1.05768057603719,1.0559673909284,0.651606366212923,0.764075614414634
1644,1.20547267660264,9,1.08412186844891,1.21773420728686,1.14785945751431,0.715233493599295,0.764075614414634
1645,1.27039120567067,9,1.15090474473533,1.27550981099223,1.14023691023471,0.732800871181924,0.764075614414634
1646,1.1550708712357,9,1.01619007967074,1.14817360803993,0.938285636022353,0.610623478250672,0.764075614414634
1647,1.04958893508909,9,0.941130816334582,1.00173901136362,0.827755517752812,0.528321425604957,0.764075614414634
1648,0.976780439135554,9,0.888969681480486,0.880277860197574,0.789016315855754,0.484375620687434,0.764075614414634
1649,1.00806789828597,9,0.930486513928726,0.971599127978589,0.958302295255264,0.569787240105809,0.764075614414634
1650,1.03422975520441,9,0.879872626678228,1.02557945352709,0.962038520124436,0.598902141994635,0.764075614414634
1651,1.06206681508658,9,0.94107818878594,1.08979694889122,0.945906457800439,0.595556288947538,0.764075614414634
1652,1.19277388992129,9,1.06247384019052,1.16548025391442,1.04697493429831,0.65463463003015,0.764075614414634
1653,1.47104266318118,9,1.3733325405285,1.60205133852173,1.2695626858543,0.957498337873287,0.764075614414634
1654,1.49629294608776,9,1.32830029751679,1.36924467136958,1.27138387389251,0.842690144100978,0.764075614414634
1655,1.06811519697104,9,0.982321034018382,1.09506155573639,1.03782164304604,0.66060363483519,0.764075614414634
1656,0.999487500225451,9,0.927203891569868,1.04063111295431,0.915292427699482,0.55573792654258,0.764075614414634
1657,0.835894198343041,9,0.779538317958175,0.842575077393749,0.697197539292196,0.463259757746966,0.764075614414634
1658,0.828829035925691,9,0.834248018116674,0.894475613338155,0.786235271722474,0.460942584448922,0.764075614414634
1659,0.961162722251998,9,0.944884130589163,1.03677754843604,0.877955220709539,0.559514692086016,0.764075614414634
1660,1.06456059528073,9,1.07920858779968,1.04930683345554,0.879414394389799,0.55846832238139,0.764075614414634
1661,1.19696951582019,9,1.12935993907975,1.14941315999045,1.0410281012697,0.627917419923614,0.764075614414634
1662,0.969666979313609,10,0.992963070162508,0.990710322465948,0.788667779456401,0.49772117257335,0.790416473831317
1663,0.773563829089958,10,0.802187590815476,0.78959848548079,0.701567974628527,0.423966058307127,0.790416473831317
1664,1.13892536171156,11,1.15435250205371,1.17237564462121,0.893332537746787,0.580594061449677,0.794505001369292
1665,0.894906257938577,11,0.933005937879888,0.917390079160254,0.67453259547378,0.424149014495992,0.794505001369292
1666,0.976602874524039,11,1.00617688080225,1.01582219429777,0.792876650778375,0.490890026554932,0.794505001369292
1667,0.777792650147567,11,0.802744124086863,0.799797781904153,0.625512827038599,0.38325366918235,0.794505001369292
1668,1.03039206817372,11,1.10855406975583,1.09256470174018,0.911243575994155,0.573447925829867,0.794505001369292
1669,0.823560663412157,11,0.920959045835419,0.902940839688595,0.75067852578253,0.469184994343332,0.794505001369292
1670,0.918455899828321,11,0.967271661515406,1.00572769494483,0.81197050571672,0.512362836996319,0.794505001369292
1671,0.881361726871079,11,0.940438961030025,0.92211429625452,0.803142420816398,0.494259969987214,0.794505001369292
1672,0.667361277710053,11,0.71901005387486,0.716835379836103,0.58149310255113,0.33604804692562,0.794505001369292
1673,0.727577438531504,11,0.767356215208678,0.815029549764819,0.556723608251658,0.350245774950168,0.794505001369292
1674,0.788681328528667,11,0.811524337876025,0.84336428858256,0.634356348730207,0.367150387908644,0.794505001369292
1675,1.01411894264356,11,1.06078590450924,1.09281877384157,0.838406553633485,0.535548475028482,0.794505001369292
1676,1.06327319110096,11,1.0894064198121,1.1418909828231,0.914803913860727,0.580876785833377,0.794505001369292
1677,1.11067624755472,11,1.11942931843214,1.20247556866012,0.888760106436765,0.581744688632932,0.794505001369292
1678,1.29303962075288,11,1.317039069938,1.39226792508289,1.10445065742577,0.719682686678612,0.794505001369292
1679,1.19731123481653,11,1.21555733930284,1.31470937396557,1.08435038797613,0.68523378313456,0.794505001369292
1680,1.14988449009459,11,1.11973102515777,1.21074922474321,0.897952878975343,0.592818496199115,0.794505001369292
1681,0.978422996743615,11,1.00286327229579,1.04866666835035,0.86051523030276,0.540274360036029,0.794505001369292
1682,0.845106263044797,11,0.901289901898306,0.912740324503238,0.777304643239627,0.508353347525442,0.777988571119393
1683,1.01897828427745,11,1.03037417806893,1.04302376035346,0.817892984925838,0.522271505042692,0.777988571119393
1684,0.992100773191244,11,1.07317737389349,1.05635626503423,0.80366277682425,0.508103739568083,0.777988571119393
1685,1.02092082186118,11,1.04975417518983,1.04927459855448,0.845870729549356,0.525471987831497,0.777988571119393
1686,0.877568218260548,11,0.953040531256067,0.919835906194468,0.701736414495891,0.4668845915807,0.777988571119393
1687,0.773667455374099,11,0.860138076542604,0.813151948431678,0.642636350238821,0.421528637758604,0.777988571119393
1688,0.60118634131273,11,0.681449903457321,0.64634844741354,0.537787638359922,0.346124955549601,0.777988571119393
1689,0.955424461696243,11,0.974510681210982,0.928724026949568,0.741764203733409,0.475095984946913,0.777988571119393
1690,1.00011017956854,11,1.11210951857188,1.05267686234897,0.799540788335975,0.516230976817016,0.777988571119393
1691,0.971782916432439,11,1.08792058534499,1.0142618528898,0.805032463505531,0.50553537971572,0.777988571119393
1692,0.915229999870342,11,1.05906711871832,0.944255340975272,0.755747481449085,0.471492664566238,0.777988571119393
1693,0.788253436357859,11,0.889606415315521,0.842866729386926,0.664621671036998,0.410914243290082,0.777988571119393
1694,0.881863225449086,11,0.982347761740939,0.935655532347202,0.671373355241812,0.425583060308857,0.777988571119393
1695,1.02879014263395,11,1.16747434964183,1.08646628135672,0.832829961486243,0.531286603900134,0.777988571119393
1696,0.701439492808866,11,0.763906720149831,0.734582561439935,0.55636080598924,0.350551169551597,0.777988571119393
1697,0.706390086860439,11,0.813964098653958,0.740973266612023,0.573608656563943,0.372307954710536,0.777988571119393
1698,0.782872559569676,11,0.899952562441472,0.837465079868629,0.595986408750564,0.390901008468435,0.777988571119393
1699,0.989514724963118,11,1.14250705460156,0.974543472264568,0.75282225799376,0.504460077274305,0.777988571119393
1700,0.997477144956888,11,1.20359996232857,1.08485314215053,0.801451116779187,0.511544613979061,0.777988571119393
1701,0.846423229902363,11,1.01537611497224,0.942027396555152,0.703654146292857,0.442466658843679,0.777988571119393
1702,0.999012000818168,11,1.17471476310419,1.0846383989218,0.8204562947983,0.503739916258473,0.777988571119393
1703,1.00447097744,11,1.17026864250531,1.08539020127685,0.82300334069715,0.519610635027408,0.777988571119393
1704,0.796732629513979,11,0.942915285844891,0.857952781232603,0.672318429515937,0.418509085833357,0.777988571119393
1705,0.857593636272698,11,1.00229500161043,0.929824175233224,0.703756459342319,0.450442689073901,0.777988571119393
1706,0.871070271975686,11,1.0098546873034,0.951864926207288,0.724841811143213,0.472344779659342,0.777988571119393
1707,0.859974155875716,11,1.01904171352076,0.925066595798078,0.679317127409875,0.445526352108839,0.777988571119393
1708,0.792313188672367,11,0.939254312824161,0.847326769414156,0.643854420630559,0.363346989942737,0.777988571119393
1709,0.753726558908539,11,0.891043685076684,0.814643693437243,0.624394621993577,0.390493122785886,0.777988571119393
1710,0.799206244748748,11,0.924680557348102,0.880854283429242,0.580578523495276,0.388882570343506,0.777988571119393
1711,0.739810829928714,11,0.874474873749789,0.803176849652492,0.560980254663528,0.332413722233854,0.777988571119393
1712,0.920830096777375,11,1.05801648279778,0.977010062008651,0.656026723768228,0.350811307814419,0.777988571119393
1713,0.845249473704432,11,0.979300415185429,0.933577332416131,0.69411575989365,0.420738150632851,0.777988571119393
1714,0.844592543571653,11,0.94481467636517,0.937478668571672,0.638046486182961,0.421062411760196,0.777988571119393
1715,0.900814944027973,11,1.05649463076336,0.98193347027506,0.727547162679145,0.466560348317232,0.777988571119393
1716,0.896283148716455,11,1.02951478001683,0.989163265565729,0.764789148643972,0.491751084792566,0.777988571119393
1717,0.824714516005199,11,0.915371666119295,0.905640129125066,0.676749060918626,0.414326665863213,0.777988571119393
1718,0.784639017931545,11,0.873792114655811,0.860128088010091,0.681599486138263,0.415605284851024,0.777988571119393
1719,0.889972444763031,11,1.00230290273804,0.967205021054674,0.617029288171742,0.448030960922213,0.777988571119393
1720,0.910825377601306,11,1.02250937181854,1.00639834700804,0.749642544911733,0.459931280029612,0.777988571119393
1721,0.962559127615705,11,1.06312092825445,1.05694095579681,0.827391667971445,0.517775671997089,0.777988571119393
1722,0.929831446932651,11,1.04804869055091,1.0317759069758,0.82532646490878,0.510904900669421,0.777988571119393
1723,0.934512842160017,11,1.07085401653884,1.06308689400546,0.811660590284042,0.517224268635012,0.777988571119393
1724,1.03793953186806,11,1.12055467206756,1.12908119227634,0.875211691770452,0.557708375986345,0.777988571119393
1725,0.867017589596697,11,0.897779811326677,0.925367769247803,0.701570808516594,0.417664332547589,0.777988571119393
1726,0.949734837240882,11,1.01329051176953,0.999416485213326,0.766015935244968,0.48729875186691,0.777988571119393
1727,1.00379810424337,11,1.07097488653867,1.09931753858437,0.791811191721319,0.517567066043559,0.777988571119393
1728,1.00799587438001,11,1.04838946451221,1.08695076466302,0.851118506146515,0.532656235768772,0.777988571119393
1729,1.08199849340971,11,1.09281511341688,1.16085308151808,0.875298104634645,0.559408522943954,0.777988571119393
1730,0.90740735122349,12,0.966865600684079,0.987667425315142,0.744501615551028,0.472256727619011,0.76836327848424
1731,0.828529135493102,13,0.913120547063361,0.909321496591264,0.673622888700434,0.419450395186241,0.789927399122129
1732,0.796674926768685,13,0.876383444881258,0.87012186579909,0.661972194451985,0.408717423100481,0.789927399122129
1733,0.994993548891107,13,1.07732122137255,1.05997763059942,0.815098002817794,0.496593501087011,0.789927399122129
1734,0.930398940216624,13,0.972101258197233,1.01072049921545,0.76847925215305,0.477402316319735,0.789927399122129
1735,0.920144360283402,13,0.967261521721885,0.971824840686338,0.789131910882666,0.493191317792265,0.789927399122129
1736,0.770539297447172,13,0.852709496720433,0.853099855143371,0.651674073486791,0.397768044981381,0.789927399122129
1737,0.939730374602689,13,1.01679091541135,1.0375339291168,0.774492494153828,0.471395289771608,0.789927399122129
1738,0.8648346622446,13,0.939401031623433,0.973411885187056,0.756112348576347,0.469217134908642,0.789927399122129
1739,0.94328876390986,13,0.968819546777698,1.01658501384061,0.799297318621582,0.497108443971365,0.789927399122129
1740,0.965561027373053,13,1.01465140998977,1.06421363906251,0.816008113556227,0.506574958641192,0.789927399122129
1741,1.01707683337482,13,1.06371653074482,1.09481488849574,0.845927438852869,0.537257043553615,0.789927399122129
1742,0.971299154569048,13,1.00576348694733,1.06442389551638,0.815502648285574,0.519368182942678,0.789927399122129
1743,1.04524229556115,14,1.04176254072028,1.12391071333521,0.888474591264033,0.562837792198828,0.813479060835028
1744,0.828609412257062,14,0.804910773102102,0.891319302547945,0.727170453055499,0.445560110641111,0.813479060835028
1745,1.17491035397623,14,1.2073420821308,1.25620129800775,1.01571099722311,0.642426203666167,0.813479060835028
1746,0.874639667561357,14,0.897235774616982,0.947560987798685,0.812086923788041,0.504604400575834,0.813479060835028
1747,0.878881553176285,14,0.915791239360022,0.983498544990106,0.819445089304276,0.514642533512495,0.813479060835028
1748,0.98356825777693,14,0.998285242986612,1.04379138796446,0.920024904960214,0.575936038156386,0.813479060835028
1749,0.894541100928875,14,0.947829362383227,0.99121556421756,0.836040696426798,0.522487599640963,0.813479060835028
1750,1.25058452386199,14,1.29868375724116,1.31611685259071,1.18292934129421,0.748494181308818,0.813479060835028
1751,1.2335961743001,15,1.30469706773671,1.35993189955839,1.16826786553703,0.736063175853601,0.829821420081096
1752,0.805194731786173,15,0.845714136126145,0.888099893605414,0.810691867403499,0.502966304081004,0.829821420081096
1753,0.921116381655442,15,0.980533109351771,0.989731693163869,0.901976787542765,0.57018561507145,0.829821420081096
1754,1.07604094996683,15,1.12866663283515,1.14633539387864,1.03601657888831,0.650420231952353,0.829821420081096
1755,0.828858237503728,15,0.864883351143147,0.881128713956423,0.826547089217929,0.525680873542283,0.829821420081096
1756,0.835585709689363,15,0.94333793936893,0.93775060133084,0.869140281214835,0.54438716389628,0.829821420081096
1757,0.875248668088157,15,0.982547228168054,0.965537112790047,0.869900130235206,0.554944758272793,0.829821420081096
1758,0.759671389401791,16,0.841637710765848,0.822444513818486,0.771026702351497,0.481991430672858,0.851773189498135
1759,0.903569655172465,16,1.02977969548372,0.986311503525072,0.939211026845467,0.588770576820472,0.851773189498135
1760,0.829860405116784,16,0.94602976933769,0.903198683431354,0.852886279121086,0.540505889358596,0.851773189498135
1761,0.863037754564236,16,0.993523506472494,0.938189039115432,0.914325342852171,0.575977708379198,0.851773189498135
1762,0.720095530404501,16,0.833955171498118,0.77899454642362,0.720262596720448,0.44813793821014,0.851773189498135
1763,0.844008791044753,16,0.969202176398435,0.924926965522953,0.85490771055239,0.537694190956078,0.851773189498135
1764,0.809357636022456,16,0.912619781258747,0.858519105771175,0.846465082102634,0.513002913920136,0.851773189498135
1765,0.880050232881226,16,1.01588341115914,0.947466972171729,0.897105809636103,0.542960267839642,0.851773189498135
1766,0.784498731902464,17,0.871131475666468,0.838332278550316,0.801746632051084,0.497271669563117,0.860408422537334
1767,1.09896274011805,17,1.23123944123435,1.22595639466891,1.13836606612957,0.718801830625526,0.860408422537334
1768,0.985366572616912,17,1.10572378825577,1.06338662923703,1.01819547290144,0.642849940890484,0.860408422537334
1769,0.859772602302819,17,0.940647207702593,0.912782043570411,0.915935759112303,0.569309704111942,0.860408422537334
1770,0.932308232644715,18,1.02313806494712,0.990770286447067,0.960995788188289,0.619808181855804,0.876847090753204
1771,0.920461315018665,18,1.01915120694201,1.00370865396669,0.957786165534205,0.614957564686987,0.876847090753204
1772,0.900944258936769,18,0.964499892324622,0.946066399674475,0.946845992905704,0.608556290578327,0.876847090753204
1773,0.917098282640291,18,0.98809864268412,0.978169566155503,0.977228327409565,0.616830634745857,0.876847090753204
1774,0.884403492469887,19,0.981650991519853,0.940479591161543,0.913260399176898,0.580842982871182,0.87327827969636
1775,0.991647398991116,19,1.11047387044271,1.06915840129304,1.04671642663673,0.638788966383435,0.87327827969636
1776,0.930371869596789,19,1.01093950103074,0.995745434906022,0.965063610791082,0.603414189650737,0.87327827969636
1777,1.02369113134213,20,1.15784021650755,1.06324704858688,1.06647567679541,0.677414883244522,0.881815435534765
1778,1.0734923347779,20,1.21027466850147,1.13788457031716,1.07828969507107,0.681437936310663,0.881815435534765
1779,0.865260042321637,20,0.928473600415541,0.894729846054514,0.867785751391291,0.538150711415459,0.881815435534765
1780,0.936671578712806,20,1.05323354119866,0.976746177331585,0.952114747857107,0.594104157435102,0.881815435534765
1781,0.961494653752795,21,1.08190457776483,0.999154119158239,0.970201449981546,0.598647107698226,0.888207875622012
1782,0.659145555271001,21,0.71766812045829,0.678332037078027,0.69099023656067,0.407801960829879,0.888207875622012
1783,0.696628613040372,21,0.783965791651501,0.731582248894475,0.694964457056107,0.442304361192782,0.888207875622012
1784,0.768195579623869,21,0.821050738248798,0.803867951601543,0.857967338946186,0.544126185643806,0.888207875622012
1785,0.74952067033069,21,0.819243265998564,0.786953499196038,0.803610285603636,0.513584765588919,0.888207875622012
1786,0.847885585175572,21,0.912688787837404,0.90548659064462,0.925335622227594,0.592052333071417,0.888207875622012
1787,0.837385808038621,22,0.878324869503652,0.901212214944634,0.935489667198283,0.591431543443165,0.896326683729257
1788,0.953241292757037,23,0.987141814088261,0.999715373406385,1.02287445768789,0.647893763041371,0.900821244086931
1789,1.09938912751931,23,1.13218258890273,1.14556720609938,1.18892132422222,0.752001717306199,0.900821244086931
1790,0.810568018993902,24,0.825439153999282,0.841355554994682,0.904837615883372,0.567140161584527,0.90714040099723
1791,1.06622698030817,24,1.05410962423633,1.10306193463692,1.17210396448666,0.739673982128596,0.90714040099723
1792,1.15946752827497,25,1.15190147491082,1.21123918374251,1.30335987251514,0.827220965102534,0.911908891701342
1793,1.09042194597696,25,1.04549985025835,1.11583227475161,1.2245954449702,0.770173273153234,0.911908891701342
1794,1.17521870599899,25,1.12709477728323,1.23590935338997,1.27687315419723,0.792973399384606,0.911908891701342
1795,1.09698472957782,25,1.06706959064413,1.12351965246723,1.17541963222031,0.737902761296685,0.911908891701342
1796,0.998963530846502,25,0.959252188311945,1.00728603807961,1.02197577882697,0.635993449727443,0.911908891701342
1797,0.96099695583792,25,0.909590874055992,0.986958268858747,0.972421341982418,0.620976836391921,0.911908891701342
1798,1.13063019856096,25,1.07895329462604,1.17483641852066,1.16781384295243,0.737496969196902,0.911908891701342
1799,1.12826319557794,25,1.07524771882709,1.17343265221028,1.18909709921942,0.748843314475492,0.911908891701342
1800,1.08651006595485,25,1.04607736763617,1.1270575415745,1.15526610251695,0.722609097354298,0.911908891701342
1801,0.951563061403574,25,0.906855813077252,0.956179811670058,1.03270266704532,0.652066783633946,0.911908891701342
1802,1.05270776438906,25,1.00269968609986,1.05816733267678,1.12627314616506,0.730993035480103,0.911908891701342
1803,1.072391450204,26,1.01013173417554,1.06252418510796,1.17479345199908,0.750933381760147,0.918149231475301
1804,1.05963877756206,26,1.01707071918474,1.08100167425487,1.1368385308127,0.732113517426763,0.918149231475301
1805,1.12035567538624,26,1.07822709218294,1.10905527724365,1.1604521053504,0.7492932061727,0.918149231475301
1806,0.952510532875875,26,0.935111330151768,0.955394864507386,0.979880270623432,0.638088310734693,0.918149231475301
1807,0.781446007076414,25,0.787836274559554,0.787500515835841,0.806386025649083,0.503502053813139,0.920122634931974
1808,0.981497037199125,26,1.00923469126704,1.0019567914864,1.0626419480741,0.693019291409333,0.923721610459165
1809,0.903207242104203,26,0.9071283925282,0.897092245759331,0.904828808707799,0.56761848042682,0.923721610459165
1810,0.923138125866399,26,0.943849623559014,0.93081116243894,0.999540591433909,0.635794430409446,0.923721610459165
1811,1.01090628468927,26,1.01728695556184,0.988885393606218,1.12612775959894,0.731438389377999,0.923721610459165
1812,0.907489766573517,26,0.905554865964913,0.898547543713129,0.978735555128727,0.627433753003072,0.923721610459165
1813,1.05393368216863,26,1.06392387577154,1.04592843034499,1.16472297736663,0.749509129600849,0.923721610459165
1814,0.963847385417071,26,0.968816691099412,0.957636289581898,1.052142512833,0.675530221729919,0.923721610459165
1815,0.895449176864731,26,0.863951895028478,0.891878368747492,0.919096659620531,0.587685009707465,0.923721610459165
1816,0.996158171789704,26,0.960717300819366,1.00365179509043,1.04499131984608,0.679556486832214,0.923721610459165
1817,1.04010855378043,26,1.00766396652642,1.04242644656578,1.08258483863945,0.736495693387178,0.923721610459165
1818,1.07832911399143,26,1.05580459696972,1.07657395973408,1.17753135463107,0.77856708237828,0.923721610459165
1819,1.0471147931037,26,1.00182494131984,1.03524417495753,1.13590654769452,0.743869018093594,0.923721610459165
1820,1.05748553011782,26,0.990843490819092,1.04510968221912,1.14188881240793,0.755417323161297,0.923721610459165
1821,1.19999746787193,26,1.13123113727528,1.19448624877411,1.33405773361559,0.866615424325072,0.923721610459165
1822,1.1368313123293,26,1.05369689931366,1.12328134578425,1.2120565640834,0.788981144473234,0.923721610459165
1823,1.14125246234166,27,1.05273013270621,1.13418092213354,1.29010101866549,0.85592763735546,0.927852641410368
1824,1.06153522989562,27,0.975318077040499,1.05521216020639,1.22462969042723,0.779717257085707,0.927852641410368
1825,1.05796223409178,27,0.980845499461801,1.0615082753936,1.1628958346337,0.771844774086505,0.927852641410368
1826,1.11853098983472,27,1.0289531495964,1.11269101866362,1.13411694964551,0.76686144975081,0.927852641410368
1827,1.08316640915821,27,0.991799996755041,1.08836791861228,1.2397759586846,0.800636347890171,0.927852641410368
1828,1.19519010919498,26,1.08030287993133,1.16757831788635,1.35936661776735,0.905162044733213,0.929214094471709
1829,1.15266993450385,26,1.05610539350022,1.14191580785354,1.35934539045058,0.881563599921004,0.929214094471709
1830,0.94178052750488,26,0.845818587247513,0.936893907921623,1.07491912047299,0.710009667714611,0.929214094471709
1831,0.95282479752571,26,0.856440465169074,0.952767324966518,1.12838990095646,0.728027164825654,0.929214094471709
1832,0.991540902866769,26,0.875171986148828,1.00568460784868,1.07106633968593,0.663759807518753,0.929214094471709
1833,1.27439666561255,26,1.15397707442992,1.25443033328265,1.37886805529787,0.937216651828381,0.929214094471709
1834,1.11937793710865,26,0.989376054458669,1.11726830294633,1.21098254238364,0.772850208864235,0.929214094471709
1835,1.16860443774243,26,1.03740282035961,1.12551540597056,1.25998397224659,0.865691563876527,0.929214094471709
1836,0.965791788888707,26,0.853166453204002,0.964957503555733,1.13947229668989,0.728179759751884,0.929214094471709
1837,1.28535934441632,26,1.14363805280192,1.24963057448326,1.4947969517317,0.972340115663725,0.929214094471709
1838,0.852348653244295,26,0.767930101995492,0.850269869763,0.967880401027268,0.611485523373383,0.929214094471709
1839,1.42387032549628,26,1.2939863367057,1.4047432006623,1.67032319372353,1.09274422653461,0.929214094471709
1840,1.07368974140379,27,0.988117662912453,1.09642084253429,1.30132210922077,0.835915281929563,0.927164768830328
1841,1.19885889439035,27,1.11094705247944,1.22875982904722,1.43575641344443,0.935887205078575,0.927164768830328
1842,1.06489554110368,27,0.989985241327637,1.0945103246624,1.19886475458575,0.785373049290592,0.927164768830328
1843,1.26373367864962,27,1.17919370560652,1.28859036628679,1.51905228181309,0.996494361261346,0.927164768830328
1844,0.940985671990146,27,0.896888117616915,0.941265692881134,1.11513465057947,0.711159979227439,0.927164768830328
1845,0.899624528653322,27,0.857664743069464,0.879864066933406,1.04953802055633,0.681130696610496,0.927164768830328
1846,0.873487304760976,27,0.850834994769512,0.900491295385832,1.01840480565859,0.646283269715192,0.927164768830328
1847,0.867970727060581,27,0.837737526771211,0.882975454684054,0.975991932571162,0.623518465889415,0.927164768830328
1848,0.903470972457168,27,0.894213267270479,0.936956855162322,1.0415510667221,0.674384423072467,0.927164768830328
1849,0.959058097031508,27,0.949837629241414,0.979564977173786,1.14030259958994,0.739141754593487,0.927164768830328
1850,1.1727835049004,27,1.18924140497824,1.19492619607637,1.34612709217572,0.885037230263004,0.927164768830328
1851,1.01224277443858,27,1.03211739199804,1.02090860288669,1.1790425472324,0.775766678421491,0.927164768830328
1852,0.892867107023806,27,0.905544696043384,0.921978727291239,1.0862514276203,0.70311279466917,0.927164768830328
1853,1.10370671889822,27,1.14660730395168,1.14222501905378,1.25103417255507,0.805355750366002,0.927164768830328
1854,1.18481822757807,27,1.22312578215066,1.16324986014473,1.38252789076123,0.898590086771026,0.927164768830328
1855,1.05197601144623,27,1.0806023929201,1.06339020009903,1.16096795783513,0.738214756775911,0.927164768830328
1856,0.783703746255568,27,0.797241580922558,0.80624007914043,0.905050148936363,0.567469211893419,0.927164768830328
1857,0.956777986745238,27,0.987782990215099,0.990489101856097,1.09960212827734,0.669337004149351,0.927164768830328
1858,0.958585743262539,27,1.00636282243443,0.955087388407592,1.06608338921848,0.690189878075937,0.927164768830328
1859,0.927097626854781,27,0.992226330788507,0.970103456611808,1.1012151569413,0.699743754360024,0.927164768830328
1860,1.00097466114445,27,1.06237090714884,1.03852352331076,1.15220812940822,0.747234377176123,0.927164768830328
1861,0.866628068739583,27,0.915876787491779,0.885174025570426,0.978100477158783,0.599464081414702,0.927164768830328
1862,0.846106738688143,27,0.88820354756301,0.864386837812181,0.910937951306829,0.543889031897861,0.927164768830328
1863,0.869338145951955,26,0.893801086168371,0.894609812140241,0.954757111572193,0.595998636173458,0.925293322260117
1864,0.695612319910841,26,0.710725916092478,0.709699199429048,0.709478412310092,0.483856052787345,0.925293322260117
1865,0.84522053640879,26,0.88809809517389,0.87073197486801,0.985729510511656,0.619729616031501,0.925293322260117
1866,1.17740235327048,26,1.21992891976256,1.2223569537708,1.28112866673413,0.826948997916704,0.925293322260117
1867,0.994026499715242,26,1.03544981931191,1.01840427214425,1.0821068021937,0.664950541974875,0.925293322260117
1868,1.15314394789214,26,1.16490019546121,1.1753653742709,1.18224751162665,0.750320930524539,0.925293322260117
1869,1.03962491067256,26,1.03331523387422,1.07658656639701,1.11991222831166,0.64634419794622,0.925293322260117
1870,1.07548220832546,27,1.07364901036132,1.11860753057817,1.13325417222321,0.668871272483869,0.924454156925802
1871,1.031274433742,27,1.04047233288584,1.08136546588251,1.07299290709512,0.653457301312975,0.924454156925802
1872,0.837534848590286,27,0.845132933474089,0.870041188279023,0.816769856957024,0.533435011966126,0.924454156925802
1873,1.00132998088884,27,1.01420286562793,1.05353805284826,1.10096275981458,0.610569059757371,0.924454156925802
1874,1.01011962211297,27,1.02189523127606,1.04066097695189,1.06658889506598,0.63244730597406,0.924454156925802
1875,0.989585158182113,27,1.00501318707272,1.01717242058898,1.00849994987685,0.639341650435441,0.924454156925802
1876,1.06182328568155,27,1.09798630433744,1.11365669836068,1.09080657204237,0.68400533072691,0.924454156925802
1877,1.09864760708966,27,1.17089514235087,1.14364251929468,1.13858317496053,0.716911790492352,0.924454156925802
1878,1.12728120664486,28,1.17643882989795,1.14959396652291,1.19081964918486,0.760178923000067,0.927757526184084
1879,0.883857192292631,28,0.941121101638677,0.923369549775801,0.967926583848335,0.606538335386976,0.927757526184084
1880,0.851564260236275,29,0.907926922440779,0.862186928361644,0.934248927469461,0.604577457106755,0.930995735857125
1881,0.678361248079936,29,0.726557051901029,0.70446363773161,0.805463132567033,0.510311907215577,0.930995735857125
1882,0.934594975087069,29,0.988754164706962,0.960353863891417,1.0179009142549,0.672008588960057,0.930995735857125
1883,0.698498538875429,29,0.76288581749622,0.741747822246242,0.793736077688051,0.505141213792144,0.930995735857125
1884,0.841270166847173,29,0.904934204477585,0.853442561948215,0.94573279825664,0.604110258730505,0.930995735857125
1885,1.05764878798957,29,1.1436489183798,1.07509051010939,1.12733205990155,0.707840713638509,0.930995735857125
1886,1.00205472824402,29,1.08147073245427,1.018846970338,1.14610298677454,0.732885053094934,0.930995735857125
1887,0.873564444612353,29,0.962937091650198,0.885549087495022,1.0247019833215,0.650561622601929,0.930995735857125
1888,0.975262282572254,29,1.06760948049283,0.995271348073761,1.16287289715837,0.742976671914242,0.930995735857125
1889,0.877425298883511,29,0.936225451709512,0.881550432660614,1.03312827493738,0.664234379784516,0.930995735857125
1890,0.897896339683665,29,0.976338079446909,0.918030199087048,1.04203950918897,0.665838530356352,0.930995735857125
1891,0.920557543013899,29,0.986377963647042,0.942595811797455,1.06092813352404,0.685125288543723,0.930995735857125
1892,1.00195705702784,29,1.09593882373869,1.02752580248448,1.15333941518737,0.734989246033465,0.930995735857125
1893,0.913921787601556,29,0.972447404140021,0.933134408879967,1.09252351853501,0.70417025900157,0.930995735857125
1894,1.06607676972029,28,1.14511301410804,1.09230538304858,1.25031405041346,0.797192602328709,0.928858864435894
1895,1.09996976090426,28,1.17947143307286,1.10459018351259,1.3185817102009,0.832540183090138,0.928858864435894
1896,0.890335085950098,28,0.946491535275141,0.909154559606282,1.07369166959256,0.684128742957839,0.928858864435894
1897,0.869245106057646,28,0.902585354614082,0.878701471187666,1.03191137602728,0.662230266426869,0.928858864435894
1898,1.03923165684106,28,1.09137228761132,1.06145054678373,1.23567788918003,0.798504271739681,0.928858864435894
1899,0.704650132302667,28,0.744759215619932,0.725367262324359,0.82961051875661,0.515862074255256,0.928858864435894
1900,0.912546293687116,28,0.950756851784462,0.927266291591906,1.095753340362,0.713076063808104,0.928858864435894
1901,0.917878345634675,28,0.932055514543413,0.928883881850433,1.07757516061934,0.698910646339397,0.928858864435894
1902,0.790908311058557,28,0.794964806351566,0.811080922858353,0.967272044853189,0.610923379690047,0.928858864435894
1903,0.870021364452299,28,0.870393219163171,0.889200443952489,1.02029677662311,0.646558104917082,0.928858864435894
1904,0.910681951522647,28,0.899032424745669,0.934121446639305,1.06021623528693,0.686781728657906,0.928858864435894
1905,0.979489980202681,27,0.937900816624782,0.997358508307149,1.22602224614254,0.791209105911769,0.931142628525927
1906,0.988443137431984,27,0.937601671066759,1.01006326359457,1.2056255043226,0.776369802323254,0.931142628525927
1907,1.20953528010538,27,1.15616449814441,1.250207047232,1.49343615971317,0.97475939204281,0.931142628525927
1908,1.27186464881191,27,1.1747414898992,1.3021912476284,1.52056831556712,0.980142423177979,0.931142628525927
1909,1.04706306090391,27,0.950654116954796,1.08587294342346,1.32558467656667,0.865674658116815,0.931142628525927
1910,1.13038047981274,27,1.01102487769421,1.15835092128211,1.37555027614837,0.89674575025041,0.931142628525927
1911,1.19092187825745,27,1.06510178780617,1.23784480196293,1.48074730884354,0.963177477142047,0.931142628525927
1912,1.16092517082733,27,1.03382817597693,1.1956173465035,1.4387855204571,0.92248680038534,0.931142628525927
1913,1.2641373620099,27,1.13423530255701,1.30487149292027,1.55059085586601,1.01167595314223,0.931142628525927
1914,1.49541841024545,27,1.34492895405846,1.51363461927579,1.8773121986493,1.23000930570593,0.931142628525927
1915,1.23542664621824,27,1.08937261425659,1.27365621922486,1.52383558645983,0.991690519792327,0.931142628525927
1916,1.25032362772298,27,1.13136154059796,1.2941885792045,1.51784795809585,0.988694336346236,0.931142628525927
1917,1.01504350880991,27,0.940079108306298,1.0456410342323,1.25452194627832,0.800941445779308,0.931142628525927
1918,0.943302962277835,27,0.907926978137875,0.971053774775095,1.24163973368363,0.789027211525418,0.931142628525927
1919,0.816918773099007,27,0.819799768974013,0.856466244035775,1.11797187885702,0.709364090374605,0.931142628525927
1920,0.747700529631682,28,0.780763268066259,0.81260396974269,1.06995344164268,0.684387205204023,0.931042436664398
1921,0.852954991669795,28,0.906953250175884,0.909582979828413,1.17415960736834,0.751702235416146,0.931042436664398
1922,0.84269003485517,28,0.899032387692443,0.884164798517367,1.14335204829116,0.735437768175008,0.931042436664398
1923,0.921930415874898,28,0.941773968305035,0.93961391510582,1.20860569119731,0.782704852936219,0.931042436664398
1924,0.976002782854073,28,1.04695191389733,1.00734739219525,1.29493877603243,0.837701755950466,0.931042436664398
1925,1.10122313895458,28,1.19679663794617,1.14018783998722,1.42317549334821,0.929293961120282,0.931042436664398
1926,0.927425989422522,28,1.01415429068335,0.948272142779738,1.22733710878111,0.789499452928786,0.931042436664398
1927,0.871391705105464,28,0.975862454284436,0.88928700267625,1.16096624660286,0.750712986846387,0.931042436664398
1928,0.813894123304063,28,0.917131777566053,0.842078962241285,1.08389193955976,0.697706210053046,0.931042436664398
1929,0.947161552332134,28,1.12873713017364,0.988997897157319,1.26584263878711,0.818543350206814,0.931042436664398
1930,0.769788104173571,28,0.92726682182857,0.810722965686206,1.09677388364671,0.707633445579481,0.931042436664398
1931,0.931458573626353,28,1.14333153740699,0.977721561271488,1.297819950258,0.844960166929958,0.931042436664398
1932,0.881063639139045,28,1.07326994802686,0.907537490391558,1.21453902596817,0.787304925899468,0.931042436664398
1933,0.706517625871719,28,0.871400016939584,0.731381631965776,0.94096286079825,0.586983455412257,0.931042436664398
1934,0.677216243998579,28,0.817891476060956,0.692693699294247,0.954210510897275,0.574214918232073,0.931042436664398
1935,0.6451181725396,28,0.783057441703718,0.660187633232965,0.88276797328893,0.552069783216469,0.931042436664398
1936,0.577119954151073,28,0.703174049397713,0.594780334520783,0.80989488398098,0.493804373429332,0.931042436664398
1937,0.775204727774504,28,0.946117432800811,0.782630034059359,1.05542203121341,0.677614553133885,0.931042436664398
1938,0.751958332623574,28,0.891031190915529,0.772921527133986,1.04106516528825,0.648489431703968,0.931042436664398
1939,0.823300569402117,28,0.971128868459307,0.870656885586737,1.13400353946587,0.724795222054767,0.931042436664398
1940,1.01082183772576,28,1.1522757561576,1.0308815777526,1.36404832902846,0.879948855095755,0.931042436664398
1941,0.828098372631376,28,0.932659113668177,0.854335920212773,1.13081520514047,0.730269617799002,0.931042436664398
1942,1.02268725182122,28,1.11546517131803,1.01560284772632,1.33247924507684,0.870282652556252,0.931042436664398
1943,0.999297753992408,28,1.08047947469636,1.01563371190235,1.31036526559172,0.853229476164965,0.931042436664398
1944,1.04199668512728,28,1.10764106285124,1.07366803794108,1.32705236750663,0.864546839574973,0.931042436664398
1945,1.00263594521896,28,1.03791499105382,1.01613074070057,1.30703477601596,0.864413986702312,0.931042436664398
1946,0.849041005683559,28,0.872099215926085,0.871392660498491,1.14186005233372,0.742204591039071,0.931042436664398
1947,1.05674776015039,28,1.06146436090582,1.0931410462922,1.30021249640905,0.862129909481833,0.931042436664398
1948,1.12655301007827,28,1.12564929860142,1.15279472264589,1.44925010284629,0.97109390368701,0.931042436664398
1949,0.976709771408276,28,0.960137294876265,1.01662988136195,1.3208283077229,0.859291324341296,0.931042436664398
1950,1.24810852604423,28,1.22166266355506,1.26295710734582,1.61036947584773,1.05672497101183,0.931042436664398
1951,1.08643675719944,28,1.11099474593535,1.10207751736229,1.40588394317619,0.915931092959449,0.931042436664398
1952,0.871442369175306,28,0.866013379641979,0.901017325532632,1.15648730415534,0.731113518730832,0.931042436664398
1953,0.946655983552974,28,0.950356916353912,0.98153482402307,1.26991014091645,0.815651285404306,0.931042436664398
1954,0.972763388463006,28,0.964697135444579,0.99479199287764,1.32072068769046,0.848743069016706,0.931042436664398
1955,1.06998919328814,27,1.05896577647147,1.11547793113761,1.42931640774104,0.95870947317157,0.929861318790764
1956,0.748626074728232,27,0.745686469153838,0.779294512287492,1.05167779453832,0.684792537834553,0.929861318790764
1957,1.01461144571094,27,0.993784918554408,1.04092646423387,1.36951019791195,0.892073595638156,0.929861318790764
1958,0.902929055268558,27,0.901044564816163,0.943269666238347,1.20287046617409,0.787815464272611,0.929861318790764
1959,1.09281131770395,27,1.08104777755864,1.13008568716479,1.41724473045735,0.932845651802985,0.929861318790764
1960,1.07786535543122,27,1.06658151492666,1.12250418269333,1.4156553360685,0.943055604208407,0.929861318790764
1961,0.927647390462732,27,0.911224099847396,0.954364390885179,1.23930258620334,0.807078117827902,0.929861318790764
1962,0.85320529771919,27,0.82060984883562,0.885018185069222,1.09761263158289,0.704561322638058,0.929861318790764
1963,1.14593199974434,27,1.11419844122152,1.17145969450155,1.50766575283289,0.997040258608974,0.929861318790764
1964,0.864616205489093,27,0.839114366087118,0.904671276742909,1.0940955736905,0.707210292109034,0.929861318790764
1965,1.18576625997049,27,1.13080747073346,1.24022761050492,1.50561206597452,0.997222386446583,0.929861318790764
1966,1.18845607851983,27,1.11232606461667,1.25003614172819,1.50938192497366,1.01785016125957,0.929861318790764
1967,1.05903450018925,27,1.01312018053177,1.103189262438,1.3898807956297,0.903877906698197,0.929861318790764
1968,0.887489179169842,27,0.82751662890555,0.935580132101899,1.12709020091203,0.723821951603657,0.929861318790764
1969,1.04251321563112,27,0.97152694515066,1.08773753491688,1.23141146019151,0.834749082144148,0.929861318790764
1970,1.24315185046793,27,1.16632823363454,1.28569486195069,1.51670443767646,1.0043153440958,0.929861318790764
1971,1.07893736094028,27,0.97772983989681,1.10685152901146,1.31357205750729,0.853391616398288,0.929861318790764
1972,1.08245777888403,27,0.980626401267754,1.10845856314947,1.36376903236177,0.899333712271376,0.929861318790764
1973,1.29943737054525,27,1.18644002782659,1.38699234958379,1.54288496139977,1.02477790998111,0.929861318790764
1974,0.950887974320231,27,0.870559440116967,1.00052420324798,1.13870815778486,0.718557690496532,0.929861318790764
1975,0.96047831767303,27,0.854587175448746,1.00432547506495,1.17077258676806,0.742710760691582,0.929861318790764
1976,1.12977213578297,27,1.03562682292382,1.1848516610049,1.39197869838124,0.904225340719267,0.929861318790764
1977,1.14520070888686,27,1.01216690845066,1.20395731931762,1.32490943158522,0.876524174601152,0.929861318790764
1978,1.13426657298534,27,1.00038486590871,1.193510778181,1.28655416111773,0.83516642900475,0.929861318790764
1979,1.19139531299886,27,1.07102977240506,1.23561345061606,1.42170928836555,0.938031317404126,0.929861318790764
1980,1.02574106264855,27,0.916143279268046,1.07488568056799,1.22173890275275,0.805146125558295,0.929861318790764
1981,1.27767727675692,27,1.09957045418934,1.36576175374552,1.43150033000581,0.945302297317838,0.929861318790764
1982,0.978735395197691,27,0.869482124350889,1.06924623535293,1.20197655310883,0.775987207705839,0.929861318790764
1983,1.04408345178777,27,0.944286231386719,1.13263756972174,1.23244818504837,0.785634925440047,0.929861318790764
1984,1.17103248407582,27,1.02028227024205,1.23712138199002,1.39985310539554,0.908596456815273,0.929861318790764
1985,0.89250158386253,27,0.776473421491195,0.935552378204264,1.11217920402482,0.69069052070832,0.929861318790764
1986,1.30912454719436,27,1.17289983247509,1.38192485823464,1.56335567753248,0.998221284208781,0.929861318790764
1987,1.43479154457041,27,1.25301230148486,1.57420796678527,1.6445550563143,1.09683190558223,0.929861318790764
1988,1.40467958998697,27,1.2439173773084,1.53351740433891,1.70909999282058,1.12197391268711,0.929861318790764
1989,0.993762447664355,27,0.872145240229772,1.05759869068962,1.21203162706277,0.771058966850975,0.929861318790764
1990,1.0642742937529,27,0.928738314205673,1.18371337082519,1.23698192516846,0.797269048852289,0.929861318790764
1991,0.985773146427373,27,0.845043388832443,1.09998719117642,1.15687826334732,0.725169833322674,0.929861318790764
1992,0.925720606535511,27,0.802602225651785,1.03302559374513,1.0967717624636,0.700849122566759,0.929861318790764
1993,1.01137633898722,27,0.902134747731047,1.12887579910142,1.15471209937809,0.768264511212521,0.929861318790764
1994,1.39062622863938,27,1.25364977243695,1.6082761641303,1.6407347775476,1.0947467013778,0.929861318790764
1995,1.31588896814725,27,1.12340221334622,1.49173728539812,1.50367899802465,0.967634250101733,0.929861318790764
1996,0.8887032253549,26,0.784395867442824,1.02147068208015,0.995363878194923,0.650812303718135,0.927538490752331
1997,1.04656900717163,26,0.91050918795663,1.19310144291496,1.19882914741686,0.771794803328343,0.927538490752331
1998,1.40217134379448,26,1.17995887434278,1.62304724744732,1.48603718752082,0.969539074305117,0.927538490752331
