"year","ModNegExp","samp.depth","Spline","AgeDepSpline","RCS","SFRCS","EPS"
369,0.779765964794535,1,0.943232532402806,0.972725116601035,2.52711496746204,2.09585700124624,NA
370,0.785102020767007,1,0.938684092926016,0.978107786395355,2.80048076923077,2.33698487701723,NA
371,0.792153009229098,1,0.93630359747811,0.985651442724839,2.68854346574554,2.3289512629672,NA
372,0.650667855239548,1,0.76059539709905,0.808611577669801,2.52988047808765,1.67072415941586,NA
373,0.945647711060508,1,1.09409570535556,1.17376344600001,3.49095525230086,2.6267458340524,NA
374,1.02127124440442,1,1.17123041382795,1.26606872662825,3.99864452727889,2.88699395957995,NA
375,0.906160035879624,1,1.03223974031675,1.12193953833562,3.18627450980392,2.37334632673152,NA
376,0.740314935501341,1,0.839677420855099,0.915379534854434,2.61867825007757,1.93195929031492,NA
377,1.11789307843573,1,1.2658947955412,1.38027276595761,3.58538657604078,2.76452429831674,NA
378,1.03467035159194,1,1.17348407227496,1.2755411899702,3.50391330523781,2.56297012490214,NA
379,0.893001035505221,1,1.01775275719977,1.09902715453365,3.012375490492,2.29354289583083,NA
380,0.707956000365775,1,0.813365558314893,0.869664195009304,2.0898697155012,1.73555884634577,NA
381,1.07346427361844,1,1.24700029261495,1.31593988357432,2.98763562957356,2.4034613648601,NA
382,1.0020288965882,1,1.18054137255397,1.22556482616756,3.08513627423434,2.86928050286626,NA
383,0.751385887391441,1,0.90030442384819,0.916689457977118,2.37514518002323,1.83296871684987,NA
384,0.889419010866225,1,1.08620028596719,1.08207283113896,2.58185721953838,2.21139392716167,NA
385,0.954750852199241,1,1.19032975937665,1.15800915621551,2.76475343573161,2.40691324155833,NA
386,0.910353444727926,1,1.15960984208968,1.10047253312978,2.8125,2.30776079342498,NA
387,0.608929576177558,1,0.792155241858293,0.733422819987427,2.03849794887977,1.49121867425275,NA
388,0.72098891048944,1,0.955966576761619,0.864971557387187,2.18642117376295,1.6992027584617,NA
389,0.6377662540309,1,0.858868747828688,0.7618795086138,2.20243982855259,1.55500179247004,NA
390,0.545749191622728,1,0.742806729117711,0.648984061100467,1.87396898713296,1.25944412633435,NA
391,0.81802090968716,1,1.11848366876305,0.968024311243686,3.00212916962385,2.08998822512589,NA
392,0.410624943747069,1,0.560183542847273,0.483408155307466,1.39550264550265,0.917056875579144,NA
393,0.526797273597344,1,0.711773453489428,0.616775090459968,1.99111769059956,1.28005267758204,NA
394,0.453249097045952,1,0.602190322751208,0.527601044354489,1.69055494303565,1.06656871205183,NA
395,0.571095783244996,1,0.741508113114709,0.660750309175359,1.93939393939394,1.31588027671843,NA
396,0.592611023586286,1,0.748584268199909,0.681296965226441,1.65551839464883,1.23296641244304,NA
397,0.937597412662806,1,1.14960265977801,1.07079130747305,2.61991584852735,2.2227452075275,NA
398,1.07267878756828,1,1.27666763829604,1.21665803852176,2.95904151574255,2.24345373877477,NA
399,1.32521945845576,1,1.53403341073978,1.49242122776263,3.51861845655693,2.73568607456303,NA
400,0.930565665736289,2,1.0552902391058,1.17104805945648,2.4747328210384,2.06474566447097,0.672681185423829
401,1.2540605298257,2,1.41849980973066,1.56895055985724,3.21051259732558,2.56422544452194,0.672681185423829
402,1.07284335344854,2,1.21601169468786,1.34322869045855,2.9011237980729,2.32288459490941,0.672681185423829
403,1.11344733039098,2,1.26152313462496,1.37786362419645,3.14528130566479,2.20631705448025,0.672681185423829
404,0.70614762645585,2,0.802187650563901,0.869706106538617,1.96563015097143,1.47083514928779,0.672681185423829
405,0.494578324002921,2,0.561601789631152,0.6043114217202,1.39581430789525,1.01640534227854,0.672681185423829
406,0.527590962411356,2,0.588666049343596,0.627476700555431,1.39411071032186,1.07111991670612,0.672681185423829
407,0.467698681868707,2,0.530750769620104,0.568802480653216,1.31590926263629,0.943153679380662,0.672681185423829
408,0.856000964697953,2,0.949716709361064,1.0166082284262,2.06285520186673,1.60291394877369,0.672681185423829
409,0.421345774855968,2,0.467172348704558,0.502394022732373,1.07551224873403,0.809454750300208,0.672681185423829
410,0.915406586847229,2,0.991953324806034,1.0691948511264,2.16852925947483,1.75352725850402,0.672681185423829
411,1.21939131640625,2,1.30373788605864,1.40698174177723,2.85618095256102,1.99700939157451,0.672681185423829
412,0.943778715430087,2,1.02503499063807,1.10507427191387,2.10969837293449,1.73063681083381,0.672681185423829
413,1.54651319330078,2,1.63803736330181,1.74612177911204,3.26861080477363,3.05666072561491,0.672681185423829
414,1.36060371201728,2,1.47972964810366,1.55396915537083,3.22933906794425,2.63436452997651,0.672681185423829
415,1.50893899324871,2,1.64886323327723,1.68476976357223,3.33831894034492,3.01658514026191,0.672681185423829
416,1.03355233518369,2,1.17721876309173,1.16499993099422,2.36488263815647,1.92485868625158,0.672681185423829
417,1.22984231508513,2,1.46005908463269,1.38708110780211,3.00017948393091,2.37277784844557,0.672681185423829
418,0.305126751307102,2,0.375782132874533,0.339570313009073,0.807323901523094,0.559061627790351,0.672681185423829
419,0.905511403316014,2,1.16610290005043,0.998299184107809,2.12346757059661,1.61176437236486,0.672681185423829
420,0.397552856839888,2,0.537088820325712,0.434432121079373,1.03908812922609,0.737784464058975,0.672681185423829
421,0.769569820069458,2,1.09401243849395,0.836025462443787,1.9001737824249,1.37199781866081,0.672681185423829
422,0.534152854658228,2,0.786739180488825,0.566735934506702,1.32367201829768,0.999279215872302,0.672681185423829
423,0.60317177281619,2,0.922153931855561,0.629915190643901,1.40655737273494,1.04626973689336,0.672681185423829
424,0.581435883834997,2,0.916715104089883,0.597999593053505,1.5174930193062,1.03980032081972,0.672681185423829
425,0.328905472594997,2,0.533557773489505,0.335670902144639,0.866868395380114,0.596603634764292,0.672681185423829
426,0.375351668462673,2,0.618212473301674,0.37920541452479,0.945002002879816,0.652856334853151,0.672681185423829
427,0.680541096476187,2,1.12967736787928,0.683565006843015,1.38152399052242,1.11178769850216,0.672681185423829
428,0.612989579765401,2,0.991506677331465,0.601569184789904,1.36552000878317,1.06970408024717,0.672681185423829
429,0.376946283814781,2,0.586422114754664,0.36203233783225,0.830427428365573,0.636293618851378,0.672681185423829
430,0.528437582945919,2,0.792129429577441,0.502114784548659,1.07981102563868,0.848361308328663,0.672681185423829
431,0.533574876624301,2,0.760841491616055,0.500765284519632,1.16329887129091,0.943769650655322,0.672681185423829
432,0.686959275700075,2,0.951749174096159,0.648273623934309,1.42376042201297,1.08412363462696,0.672681185423829
433,0.802429122305667,2,1.01290946854257,0.734941152533566,1.64266345931072,1.3569526021899,0.672681185423829
434,0.880136302829639,2,1.05597106859019,0.803681942420238,1.67288951889816,1.35403239306278,0.672681185423829
435,1.04463545405599,2,1.19488971147573,0.952865854261176,2.04979913145013,1.66699430438344,0.672681185423829
436,1.02097456501689,2,1.10196188316588,0.924782021448261,1.95222657859006,1.62169502723947,0.672681185423829
437,1.17827414982685,2,1.18477927365528,1.05227090239822,2.40125393388616,1.91683409235798,0.672681185423829
438,0.860386007052617,2,0.808875158008026,0.758634675073259,1.82165921056928,1.46248354001614,0.672681185423829
439,0.634914679208721,2,0.562877157574289,0.554711387216785,1.22351746072518,1.01249181197465,0.672681185423829
440,1.08102606759167,2,0.885251081421006,0.926036783688816,2.02218964286545,1.75983349492087,0.672681185423829
441,1.31997836576366,2,1.03056045720723,1.123857027194,2.29765626964015,2.04672275434117,0.672681185423829
442,1.38580237732401,2,1.02446948463017,1.16702537084767,2.51153077950544,1.90641948054757,0.672681185423829
443,1.64876296910128,2,1.16068759103954,1.37407665353961,2.89434903349642,2.64785200806259,0.672681185423829
444,1.55545581869843,2,1.07778701635993,1.29867418500858,2.69068823174096,2.49488687792116,0.672681185423829
445,1.29442188843822,2,0.865071614119233,1.07045629306345,2.39522241550696,2.09484733706857,0.672681185423829
446,1.72290286507088,2,1.10725689331233,1.40600211638574,3.15099466234699,2.81310127898675,0.672681185423829
447,1.51396630550403,2,0.954222506497491,1.22640126756653,2.65491529897303,2.32630675590057,0.672681185423829
448,1.70512138435975,2,1.05523238058052,1.36794018487219,3.09984260808283,2.69144625324912,0.672681185423829
449,2.35768131155044,2,1.4472855932779,1.87575733726089,4.22578675706055,3.5993188599665,0.672681185423829
450,2.3751205214573,2,1.46387792929095,1.87771072310001,4.26551416080999,3.92779310829107,0.672681185423829
451,2.08045436628364,2,1.29666489524721,1.63422832951812,3.81902038241023,3.27886836833306,0.672681185423829
452,1.6540554622212,2,1.05428571537619,1.29367709555824,3.0517570322936,2.61556921999196,0.672681185423829
453,1.82231300970266,2,1.1940052327773,1.41897427900404,3.10934014760173,2.80919959761059,0.672681185423829
454,1.88818604702762,2,1.26698273356896,1.45867464010764,3.24710854051144,2.89104654702456,0.672681185423829
455,0.655210366907514,2,0.45197456167616,0.502576666860283,1.23753585657849,0.955745518755407,0.672681185423829
456,0.940948456126364,2,0.664105579558131,0.715665687813548,1.88833674364221,1.46944542413288,0.672681185423829
457,0.93146274423479,2,0.670346372588818,0.702886061248786,1.83213678400482,1.44637818765114,0.672681185423829
458,0.895082610999368,2,0.658623312894639,0.671644343473098,1.60163121829813,1.3910674027013,0.672681185423829
459,1.41189805055009,2,1.05055105744491,1.0528806175867,2.45392786642811,2.05341677676843,0.672681185423829
460,1.06954515384216,2,0.800706408001324,0.79327072646526,1.91795432731406,1.61547041713914,0.672681185423829
461,1.1822921348536,2,0.894601247445082,0.872585296936891,2.00004464219282,1.70063360459056,0.672681185423829
462,1.0736075942382,2,0.807937425290724,0.788537878830266,1.95015573685571,1.71036884953494,0.672681185423829
463,1.01921383310164,2,0.756226242374356,0.745492424314823,1.85087075675826,1.54188701597532,0.672681185423829
464,1.18282567978219,2,0.867743208001692,0.861352321274181,1.97527415335635,1.74145116592648,0.672681185423829
465,1.53805610844802,2,1.11503218874247,1.11475547799607,2.45181418323234,2.25033039150379,0.672681185423829
466,1.3673066060793,2,0.972587652858539,0.987152894826917,2.13722789864955,2.0096607381243,0.672681185423829
467,1.79378605498131,2,1.24569324161082,1.29147506555645,2.72758661351526,2.55075777603694,0.672681185423829
468,1.63445749865508,2,1.10773570759024,1.17435342839302,2.57791611697108,2.32921615689945,0.672681185423829
469,1.682840054709,2,1.12529879415068,1.20426143358717,2.49683107341901,2.42171160488364,0.672681185423829
470,1.71058947455539,2,1.12628575962372,1.22058155537605,2.56718000846119,2.57458222116785,0.672681185423829
471,0.962014875454855,2,0.622335186819246,0.685727586806684,1.40850900064393,1.32076369845877,0.672681185423829
472,1.98280022917561,2,1.27197167059691,1.4086450782726,2.82342730568119,2.67123914215689,0.672681185423829
473,1.43436120294964,2,0.920355913116233,1.01199421020905,2.26320590354464,2.01958251279801,0.672681185423829
474,2.12970692202885,2,1.35218543258392,1.50425362594869,3.39526283910867,3.10583467043049,0.672681185423829
475,2.16271840049895,2,1.3730072820685,1.52250870480362,3.30231725405558,2.9250262051599,0.672681185423829
476,1.39864065156496,2,0.890809390809199,0.980189648601189,2.26187962937423,1.8685832878867,0.672681185423829
477,1.78291379599803,2,1.13866761157524,1.24871538417016,2.92837327273079,2.56252128935043,0.672681185423829
478,1.40339689265828,2,0.901099120851118,0.980082696996685,1.97059368937578,1.92854730673495,0.672681185423829
479,1.0880683723798,2,0.702518065048579,0.759829036312284,1.7554859624109,1.58163776478394,0.672681185423829
480,1.4846752332748,2,0.963811244474507,1.03466709764957,2.15251854296478,2.06978973988684,0.672681185423829
481,1.11460838151688,2,0.726290764149796,0.773404356038156,1.68038067477449,1.68423070613433,0.672681185423829
482,1.38738196389658,2,0.909369945822839,0.966585508221093,2.05114143307613,1.90469853920361,0.672681185423829
483,1.92268015463785,2,1.26710188445461,1.34302873877816,3.01627849344397,2.74121665083921,0.672681185423829
484,1.66707036857531,2,1.10126433228794,1.16182892609158,2.38729601375273,2.249081915361,0.672681185423829
485,1.50891430934435,2,1.00164538366348,1.05374401936742,2.26639064338662,2.01446097773097,0.672681185423829
486,1.67548628441163,2,1.11369588758665,1.16808057286396,2.61594572978598,2.17106455413564,0.672681185423829
487,1.44289149916831,2,0.962032497053288,1.00729572924008,2.49102219298734,2.02224803478975,0.672681185423829
488,1.40858779361892,2,0.945675323237246,0.988717238861609,2.34979938342311,2.01340973850905,0.672681185423829
489,1.21534742537003,2,0.816848191544893,0.854098817359404,2.06014805497536,1.72322747634784,0.672681185423829
490,1.48061661121462,2,0.983658454262814,1.0345838903574,2.26795270008915,1.99277273235075,0.672681185423829
491,1.3621474114269,2,0.900243674843664,0.952206340653335,2.10307335685354,1.8511665420692,0.672681185423829
492,1.66350936011845,2,1.10284561731194,1.16918831780445,2.69923666148271,2.32625609707074,0.672681185423829
493,1.09891382377843,2,0.719132061951921,0.771051414059721,1.81312756516675,1.63418902764092,0.672681185423829
494,1.52441639422514,2,0.97949062782889,1.0668675196436,2.4350588328863,2.15983523710699,0.672681185423829
495,1.55072740736427,2,0.991610920489683,1.08870901034058,2.45260827452608,2.16743812946029,0.672681185423829
496,1.55190087575967,2,0.971231431049829,1.08707656584936,2.37522849585462,2.18214096653129,0.672681185423829
497,1.38692038962747,2,0.856918501456663,0.972316057668617,2.03834802038613,1.84336132299855,0.672681185423829
498,1.67533964410959,2,1.02315611380822,1.17577378150891,2.38212945626742,2.23520228545163,0.672681185423829
499,1.68388731010686,2,1.04548108604739,1.19142349623687,2.53038226654677,2.21540152344268,0.672681185423829
500,2.22924680078043,2,1.34101984528352,1.56929601356013,3.05318602751761,2.95724698249261,0.672681185423829
501,2.35861468582955,2,1.43475894637249,1.66883703005291,3.19955528943797,3.25885062304014,0.672681185423829
502,1.74387250077037,2,1.07239875123,1.2389813406788,2.33230519568999,2.11858324826019,0.672681185423829
503,1.84822519271097,2,1.15247615907936,1.31858602455847,2.53572313822965,2.24597621822801,0.672681185423829
504,1.7498272395979,2,1.09772511125148,1.2506425483021,2.71052593752693,2.3088429363858,0.672681185423829
505,0.888552976481766,2,0.580638096540287,0.641332397423648,1.34830689117466,1.18846594479579,0.672681185423829
506,1.18899999988951,2,0.776097140843512,0.858059079369279,1.70360094157545,1.44696404918431,0.672681185423829
507,1.28740811588252,2,0.856865365640021,0.933682140790829,1.9825406761863,1.55439033712264,0.672681185423829
508,1.48418463734944,2,0.987672135730635,1.07673004785788,2.17173089660909,1.86470289184865,0.672681185423829
509,1.49489568926955,2,1.01508537497612,1.0903959328458,1.99023410664271,1.84649606478607,0.672681185423829
510,1.39626640430441,2,0.973555493798137,1.02585396557356,2.2256329015019,1.88164263707109,0.672681185423829
511,1.44978462133035,2,1.04470035280319,1.0751140839647,2.15671417707303,1.91333225422755,0.672681185423829
512,1.62435007613408,2,1.19323936792742,1.21149219738287,2.48226102099692,2.14017681831091,0.672681185423829
513,1.3893209975665,2,1.03448081880496,1.04038454089291,2.03892064056359,1.73304172958591,0.672681185423829
514,1.35083460101121,2,1.02486512425487,1.01723891473659,2.00449848889366,1.72771388534223,0.672681185423829
515,1.4718878434352,2,1.12794435792075,1.11157465928575,1.9328693674575,1.7547820564658,0.672681185423829
516,1.32756772323751,2,1.04240406068014,1.01047471055439,1.82893777959042,1.51737982088722,0.672681185423829
517,1.12792281778909,2,0.890761239655801,0.860144957200614,1.53335898019136,1.30648455785465,0.672681185423829
518,1.37340687796901,2,1.10430493966293,1.0547268839141,2.01232513787586,1.69715798586133,0.672681185423829
519,0.860093061518853,2,0.710807568360275,0.66855257262899,1.21153856614078,1.04576012862308,0.672681185423829
520,0.896754932669225,2,0.753409539273966,0.703811490126395,1.25033801928212,1.02070659293381,0.672681185423829
521,1.11627621940561,2,0.929568346632603,0.876869634977271,1.67659023923144,1.39242612966439,0.672681185423829
522,1.00078810775566,2,0.834899068719333,0.791644701688622,1.52241035695713,1.24752598244942,0.672681185423829
523,1.10097816440754,2,0.915665132397758,0.876541571500786,1.7262575600968,1.48148160733362,0.672681185423829
524,1.07528639088111,2,0.878468089885237,0.857258713842386,1.6113425691873,1.37548755946458,0.672681185423829
525,1.47026770439176,2,1.19975849737669,1.18333370955844,2.26211107584098,1.96518258601284,0.672681185423829
526,1.30832923880374,2,1.05308270130523,1.05783742342028,2.05565975286849,1.75888259161817,0.672681185423829
527,1.1302384110538,2,0.899638403277834,0.919194076951173,1.65692643481588,1.43619606871693,0.672681185423829
528,1.35665520068461,2,1.07505922786301,1.1128096910125,2.02009573512369,1.66099777188337,0.672681185423829
529,1.73297061305792,2,1.35777857795591,1.42884810302536,2.47399342991914,2.24864077495138,0.672681185423829
530,1.45109101620844,2,1.14467381266329,1.21121989244203,2.27395239540093,1.77139803880256,0.672681185423829
531,1.70592044520004,2,1.3350834077987,1.43138384330502,2.66469670392016,2.2138406038986,0.672681185423829
532,1.11334301696652,2,0.866868954614271,0.939612239888138,1.6897731980116,1.48036012122962,0.672681185423829
533,1.26444539320916,2,0.990390230376466,1.07863855285695,1.8614595398415,1.56148487592594,0.672681185423829
534,1.10073228693088,2,0.859645505079241,0.945284248423669,1.71862901185508,1.35763602091544,0.672681185423829
535,0.966721568704308,2,0.750479407389676,0.83464122650471,1.49273150875753,1.12873218399298,0.672681185423829
536,1.28646977498144,2,1.00309154337545,1.12389202108092,1.85172640192029,1.53654278240299,0.672681185423829
537,1.13205305323304,2,0.877531299817635,0.995563624883507,1.63950301503198,1.42580421642542,0.672681185423829
538,1.2124718962812,2,0.935912115030899,1.07521996158433,1.77118436116422,1.52563920449728,0.672681185423829
539,1.3833708190427,2,1.06344104715286,1.23824221749819,1.97236421461652,1.66459480063553,0.672681185423829
540,1.18607569172121,2,0.907491617811667,1.07204562416987,1.72635192241219,1.3765626013091,0.672681185423829
541,1.19625947483592,2,0.90910050622465,1.08932206385392,1.77290469218415,1.46926782801748,0.672681185423829
542,1.29679569577255,2,0.97953121459531,1.18895748851905,1.83937416137956,1.58300138928061,0.672681185423829
543,1.25171157997834,2,0.941524297489113,1.15883678346643,1.85867307034005,1.58160506379147,0.672681185423829
544,1.43355414815059,2,1.07565449365311,1.33710543691247,2.18971415958503,1.85017539799454,0.672681185423829
545,1.23405943973671,2,0.924840411554574,1.1630663875468,1.89930485435893,1.51849375332387,0.672681185423829
546,1.62151679841918,2,1.21901461976142,1.54070535463363,2.26123975539664,1.91403868499833,0.672681185423829
547,1.34430478665301,2,1.01518277891253,1.29029040661485,1.81380150978148,1.45290924659769,0.672681185423829
548,1.27399423538167,2,0.975831438511991,1.23148854487105,1.78456104944501,1.60570406567643,0.672681185423829
549,1.3936415900786,2,1.08386812715296,1.35980616573157,2.03108533679371,1.66412472225466,0.672681185423829
550,1.57592365193365,2,1.24957712914335,1.5525703919251,2.18550725720863,1.89713658454238,0.672681185423829
551,1.68896028538406,2,1.38575775100554,1.67716587766202,2.21963378113224,1.87011317869258,0.672681185423829
552,1.16227229126937,2,0.983491510109856,1.16566853498387,1.66029402642516,1.35276052504201,0.672681185423829
553,1.49868950236665,2,1.31583273501715,1.51768623758304,2.27008595673973,1.76369447739019,0.672681185423829
554,0.864728296270368,2,0.789022719316772,0.884191047519981,1.28079396959374,1.08788322366929,0.672681185423829
555,1.29133046814923,2,1.23311789854781,1.33275419529192,1.99855672660911,1.46828088640479,0.672681185423829
556,0.791829447168214,2,0.801313841229931,0.824898909230436,1.26130480454004,1.00504318297643,0.672681185423829
557,0.984997653242644,2,1.06325998508508,1.03619536867864,1.52177584826344,1.20446344568261,0.672681185423829
558,0.632850313749745,2,0.716619184666031,0.671907668798679,0.9320234421449,0.736159166286411,0.672681185423829
559,0.791254358573095,2,0.956997533274538,0.848773679038408,1.20810383680275,0.921342357821663,0.672681185423829
560,0.569898374384351,2,0.716819486197001,0.616733431104265,0.855209064672437,0.683720365666642,0.672681185423829
561,0.566408243455932,2,0.743345657077711,0.618729173730851,0.809494461326922,0.627928961538708,0.672681185423829
562,0.426283286612967,2,0.59070604891718,0.470914709031885,0.627543599838828,0.484420918432508,0.672681185423829
563,0.616315231354081,2,0.869368091324106,0.686792952002588,0.890074237787601,0.7102335641758,0.672681185423829
564,0.515748743107537,2,0.733463861835223,0.579709206087051,0.796398032978386,0.613804742787136,0.672681185423829
565,0.726816372438577,2,1.0972320848861,0.829744381585481,1.22355758580903,0.937701086962665,0.672681185423829
566,0.649344441472002,2,0.984066447578003,0.749125682040513,0.994175843995211,0.789577378842173,0.672681185423829
567,0.548306343241336,2,0.787507886687146,0.63543814940728,0.880432506422731,0.656720771064845,0.672681185423829
568,0.565718066296703,2,0.818952639656409,0.664064752679148,0.866035368767351,0.707239772133359,0.672681185423829
569,0.764387663624718,2,1.06997790017243,0.90486851288025,1.16480402840647,0.884737963926372,0.672681185423829
570,0.938600482049423,2,1.26864946583407,1.12080780784294,1.51399944221324,1.00656391868946,0.672681185423829
571,0.705555384629135,2,0.927690153395355,0.850894509918588,1.1307894103047,0.812379457048093,0.672681185423829
572,0.836835327759998,2,1.08418791161864,1.02109323725982,1.33821219679152,0.981428439041233,0.672681185423829
573,0.914694172315481,2,1.17020393931035,1.1296326354111,1.37862920131204,1.05754385981518,0.672681185423829
574,1.01281950882728,2,1.26909826453319,1.26448943199478,1.5877604796512,1.25586611195415,0.672681185423829
575,0.6232689739491,2,0.72306128801424,0.780333147282686,0.995246273400954,0.76021884604733,0.672681185423829
576,0.746114343246487,2,0.879821491564703,0.948793125871697,1.1938432315628,0.904705988632839,0.672681185423829
577,0.711380516292641,2,0.794116484306949,0.909298499333754,1.04631343692677,0.849570714243794,0.672681185423829
578,0.897672390158766,2,1.01987742909589,1.16513291413323,1.3479539554537,1.11112966496678,0.672681185423829
579,1.00318435559309,2,1.08389841136416,1.30803266717085,1.61797571581569,1.28405640082534,0.672681185423829
580,1.10540243755089,2,1.23491885535169,1.4656494568914,1.66628272300148,1.34222068322566,0.672681185423829
581,1.21139196631417,2,1.33285661194127,1.61939781424766,1.82857142857143,1.48292797038438,0.672681185423829
582,1.06684718022381,2,1.19953323904167,1.44529963411106,1.45786676774434,1.24489122296611,0.672681185423829
583,1.22512419006758,2,1.3894781513052,1.67651338741939,1.76076240790565,1.44176022607739,0.672681185423829
584,1.02536937606242,2,1.18378110439114,1.41810045333595,1.67873801227203,1.32108701789789,0.672681185423829
585,1.02455576706669,2,1.23785073606527,1.43830392017393,1.74218131815457,1.32465163421821,0.672681185423829
586,0.539914854915456,2,0.640395519265971,0.759235371105392,0.935958326480032,0.651389259063729,0.672681185423829
587,0.583210091875263,2,0.710528015828536,0.828290944701018,1.01877302857464,0.71681244929391,0.672681185423829
588,0.460646417843382,2,0.617401689626523,0.670403527704042,0.75791721256059,0.536959487417588,0.672681185423829
589,0.614292706949829,2,0.822229030286993,0.897424908192712,0.930951712990727,0.682951491451598,0.672681185423829
590,0.728099109259142,2,0.991103385339389,1.07194315809927,1.17325674177291,0.803880538296716,0.672681185423829
591,0.633661187248793,2,0.906742668438518,0.947572530194852,0.98129371810984,0.741348698993156,0.672681185423829
592,0.554826845645313,2,0.855560482030568,0.848619283225544,0.837464531754225,0.598552683758314,0.672681185423829
593,0.644748676762941,2,0.98887956005891,0.988536339859904,0.96898857846859,0.711165189687608,0.672681185423829
594,0.696047643245279,2,1.15801106461314,1.09486507406293,1.05609582640767,0.716419578483529,0.672681185423829
595,0.806497900027973,2,1.30572350600434,1.26322565625875,1.19884248150784,0.873999903276828,0.672681185423829
596,0.608479264069106,2,1.01487058863561,0.963830457675437,0.980395271026567,0.741125423920157,0.672681185423829
597,0.532373714840996,2,0.888810986722484,0.845670790884608,0.81114711530069,0.631236574032228,0.672681185423829
598,0.68950379964221,2,1.19353070006502,1.10940535657911,1.04622697563874,0.764561678963463,0.672681185423829
599,0.6275438671566,2,1.11914691555912,1.02096693875859,0.922115326416084,0.700965268076166,0.672681185423829
600,0.39755611427953,2,0.777086128464804,0.667474497288823,0.681315218335974,0.411101530490008,0.672681185423829
601,0.444846596603057,2,0.855345269352927,0.744667733806661,0.71157542069894,0.469019331601577,0.672681185423829
602,0.338145371493374,2,0.657344001375331,0.569729175108135,0.6656796661435,0.385424275947408,0.672681185423829
603,0.365838754032679,2,0.755541430902168,0.632062963255798,0.616044462884877,0.421158758517326,0.672681185423829
604,0.526840569031462,2,1.11976761532905,0.924116926888257,0.961064653308804,0.651443489229323,0.672681185423829
605,0.571317855607249,2,1.23044350101547,1.01195295080332,1.02175168885064,0.711773209980132,0.672681185423829
606,0.538087109196085,2,1.21349912379813,0.976389282495269,0.83478854865384,0.614582948471687,0.672681185423829
607,0.510039019288081,2,1.10423999382683,0.912744526923238,0.819991713663797,0.63612690556165,0.672681185423829
608,0.500390034944825,2,1.12143033314553,0.913100588176306,0.786351839601038,0.574304926902857,0.672681185423829
609,0.454439794973414,2,1.02759413670717,0.835804705450809,0.803339109715913,0.551925222026856,0.672681185423829
610,0.381190519154,2,0.910737417554564,0.724474587062899,0.588797236622694,0.455212137369964,0.672681185423829
611,0.322314338995916,2,0.794992818864426,0.626992603356184,0.490836165692983,0.379366608920555,0.672681185423829
612,0.130698280702538,2,0.30855105730918,0.249163668018062,0.208954679362647,0.14857969610139,0.672681185423829
613,0.510205033838089,2,1.27766051372028,1.01573962965155,0.696044743373554,0.549015261893793,0.672681185423829
614,0.414053044573048,2,1.02059491589409,0.82183488829579,0.600382889502227,0.441685211159682,0.672681185423829
615,0.501723835457314,2,1.25165854758033,1.01128467136345,0.830066127271748,0.577864881636933,0.672681185423829
616,0.455394644909216,2,1.14290049440939,0.927958503012337,0.801151081274454,0.570703000922695,0.672681185423829
617,0.386665445727245,2,0.978505292558276,0.797386274667736,0.60453788021088,0.437495318532724,0.672681185423829
618,0.389525879852891,2,0.999097726891174,0.815651610023623,0.647979584493242,0.447755065207958,0.672681185423829
619,0.490474903851016,2,1.26035813512669,1.03244748599426,0.740864905073256,0.543287409112399,0.672681185423829
620,0.421773288385782,2,1.10252502620634,0.902723702367783,0.612210077312717,0.43333410496006,0.672681185423829
621,0.348212925216441,2,0.923171074199222,0.755528037454242,0.509428670526754,0.314195603318926,0.672681185423829
622,0.329169047392183,2,0.908053190972364,0.739610599958022,0.498664646610696,0.332438421381015,0.672681185423829
623,0.304961022421869,2,0.860215571666737,0.699306920844068,0.463111953207113,0.331249484400145,0.672681185423829
624,0.330701364146516,2,0.885112825947974,0.727719744339468,0.471792891602898,0.342934234738814,0.672681185423829
625,0.395101868854514,2,1.10334498048047,0.902636575065018,0.573941609706989,0.408701019817109,0.672681185423829
626,0.275516157110064,2,0.768668874340136,0.631011841205104,0.404685327620877,0.288196343759449,0.672681185423829
627,0.312786031123762,2,0.915346427434998,0.745780734644471,0.448044556692222,0.330513108874776,0.672681185423829
628,0.439304958446384,2,1.26141839434995,1.03579954395615,0.601736967830146,0.448993762621876,0.672681185423829
629,0.327792943073315,2,0.906898033816325,0.755388534483887,0.462490678598061,0.306696815465266,0.672681185423829
630,0.306274488355292,2,0.896904658936101,0.736408228490861,0.406870700098283,0.29566307096714,0.672681185423829
631,0.175136295817495,2,0.535711596550661,0.434240338345015,0.285888189508377,0.185835985872249,0.672681185423829
632,0.432620689150183,2,1.34893751146941,1.08595277286499,0.664315476582498,0.450083864659346,0.672681185423829
633,0.340961860629042,2,1.02124229345453,0.833464384592751,0.60734309125201,0.348687155578831,0.672681185423829
634,0.411800166034981,2,1.25781825904622,1.01541071900903,0.683626808626809,0.444515631255067,0.672681185423829
635,0.513618040139686,2,1.52171579200413,1.23798841953569,0.764153485099337,0.548632849021915,0.672681185423829
636,0.48995373046759,2,1.57388748031262,1.22546038706938,0.780191221404169,0.539837958215506,0.672681185423829
637,0.312776919546536,2,1.07059863578545,0.801061396774092,0.462030661333928,0.339460597541637,0.672681185423829
638,0.141534576656275,2,0.365201640553367,0.309353507516706,0.229722120370855,0.157326174451578,0.672681185423829
639,0.288435158423767,2,1.10407054211828,0.763315291429592,0.488335665004604,0.310822321396556,0.672681185423829
640,0.262820064332148,2,0.968493493681409,0.669732777830174,0.420262780167482,0.272910766602897,0.672681185423829
641,0.153042303319803,2,0.560571253092877,0.381959685378088,0.233786089793345,0.172222593900327,0.672681185423829
642,0.192367903052298,2,0.780613291561641,0.500019476292479,0.310149485082158,0.217687504170199,0.672681185423829
643,0.231585757831926,2,0.991571666977817,0.610715749959878,0.362637040710579,0.249879597553998,0.672681185423829
644,0.22364521395438,2,1.14515822599401,0.653728928171238,0.329313886594813,0.229643207786109,0.672681185423829
645,0.109312170691313,2,0.699441228781742,0.374192800111772,0.156182385063006,0.11045197296622,0.672681185423829
646,0.113060086820068,2,0.599564777406631,0.330412154661795,0.175885349426359,0.117771680780593,0.672681185423829
647,0.223431870979096,2,1.13855088370275,0.621395723733384,0.356774066458835,0.244385011987944,0.672681185423829
648,0.200637186690931,2,1.0594532100318,0.566724743585776,0.304034486349055,0.216357070424576,0.672681185423829
649,0.120469113874482,2,0.704580467445306,0.375099376399934,0.197378143799532,0.133081322544246,0.672681185423829
650,0.208068203891414,2,1.16876624737128,0.608395451203072,0.298958544373444,0.219081762274512,0.672681185423829
651,0.201420985973894,2,1.16490831475639,0.602987158960045,0.33115592499108,0.215505117484047,0.672681185423829
652,0.221171484258502,2,1.38638047907455,0.754489555830612,0.315398961036364,0.200872113952619,0.672681185423829
653,0.0860989162297373,2,0.534743762453618,0.287602545034818,0.123816100362684,0.0808906400471086,0.672681185423829
654,0.163022569881259,2,1.01905612899293,0.550631152796154,0.242132995043311,0.174266654388985,0.672681185423829
655,0.195939821545744,2,1.23795889301402,0.683910415284562,0.285737954590351,0.197787209916753,0.672681185423829
656,0.15631271712457,2,0.986328829673064,0.542263344249714,0.229002188426272,0.159304904610107,0.672681185423829
657,0.181649341297477,2,1.13447898099204,0.587734792744579,0.270065159519278,0.187580513668548,0.672681185423829
658,0.114894479819562,2,0.734722091154871,0.450952648310668,0.165889502748982,0.113813569861007,0.672681185423829
659,0.105533252794794,2,0.670520292658098,0.412864129570949,0.152708715318992,0.101559229310643,0.672681185423829
660,0.170979503518579,2,1.07406446795479,0.635908542303932,0.250753219854847,0.157939088593156,0.672681185423829
661,0.163522329238649,2,1.01017598386371,0.544691758144737,0.249729286205442,0.153296315697995,0.672681185423829
662,0.170751454368381,2,1.04885515702548,0.584892454109358,0.250725581147881,0.170550385385162,0.672681185423829
663,0.210910769534963,2,1.29204023675862,0.761094102277019,0.298523206751055,0.200877163340398,0.672681185423829
664,0.113002542793193,2,0.70139549806025,0.475293499256951,0.172414866072077,0.1093699931432,0.672681185423829
665,0.188001839421018,2,1.14878256513819,0.72897524903303,0.306173436492585,0.196202004150819,0.672681185423829
666,0.17639988073889,2,1.07760529336798,0.69461242490799,0.245147746596935,0.183220704122587,0.672681185423829
667,0.148113085347304,2,0.897103602123435,0.56058151272096,0.212987043914038,0.151431105544729,0.672681185423829
668,0.219034246089827,2,1.34576238096853,0.878574210541654,0.329312942055943,0.237156570790715,0.672681185423829
669,0.159794535498297,2,0.952829766792017,0.558203442914186,0.243459861836493,0.174331939494018,0.672681185423829
670,0.209257972497192,2,1.25151105054095,0.727452886529497,0.321800740284799,0.2127589150267,0.672681185423829
671,0.120134813794892,2,0.738907654157935,0.448282522947356,0.177683857975375,0.122366747155757,0.672681185423829
672,0.170038644277825,2,1.09810439194643,0.709186982791713,0.279108652529925,0.18583446133318,0.672681185423829
673,0.148961777755994,2,0.991910860859863,0.645611076685623,0.238087602126312,0.1637527316835,0.672681185423829
674,0.184281126594734,2,1.21379294114698,0.740687364462615,0.278268614178839,0.194259033408486,0.672681185423829
675,0.141820796699997,2,0.950134858247874,0.566794350425024,0.222121708184088,0.145361352786887,0.672681185423829
676,0.123005418411862,2,0.846557342636423,0.498335362064571,0.185649631810008,0.134052685583962,0.672681185423829
677,0.12314111177716,2,0.882960287603631,0.518289725235591,0.188510072753294,0.125255522240789,0.672681185423829
678,0.161003042098296,2,1.15021799395678,0.642143324110238,0.24250499836788,0.16960129065208,0.672681185423829
679,0.142136382406945,2,1.03651429937426,0.564014875135175,0.218110371602156,0.1493426492083,0.672681185423829
680,0.118566544952546,2,0.903912393301986,0.487495671787676,0.179308800767076,0.123885048575598,0.672681185423829
681,0.166103591905346,2,1.30437480940299,0.688338669328979,0.23416144674898,0.167856935102899,0.672681185423829
682,0.102055638734681,2,0.801887736904752,0.407828935359132,0.164847566528719,0.108491396721621,0.672681185423829
683,0.0902035685167183,2,0.701707626427722,0.343814551710887,0.131261748051933,0.0881162586283414,0.672681185423829
684,0.144945524661806,2,1.18244626289236,0.576316510559446,0.195302314876223,0.128446829977326,0.672681185423829
685,0.0500085288469473,2,0.470562551518341,0.236577123628715,0.0747089729165883,0.0503123367698544,0.672681185423829
686,0.102343768603042,2,0.894307290447137,0.429434827780439,0.143917695730883,0.0974863146084208,0.672681185423829
687,0.173587723929826,2,1.31507154828448,0.584937432764315,0.27554141045961,0.175378412763987,0.672681185423829
688,0.149986734300766,2,1.21529815428161,0.54959097754386,0.226916711226542,0.1388535972129,0.672681185423829
689,0.0906571220056368,2,0.862074301039033,0.415304057523459,0.153745891420152,0.0932005584643543,0.672681185423829
690,0.12884633259641,2,1.17595785928533,0.554187658149562,0.206913633947127,0.132052264741263,0.672681185423829
691,0.105046325724491,2,0.959183666681517,0.451726529710909,0.159133353496429,0.100647389737621,0.672681185423829
692,0.0908282817720387,2,0.882874811330589,0.434888448560145,0.151020286708996,0.087767543528146,0.672681185423829
693,0.0812777985219918,2,0.750268169521711,0.360202091304623,0.118109033453744,0.0819512315601899,0.672681185423829
694,0.0837557104385045,2,0.810177585914138,0.410912876770209,0.117991476913632,0.0798031432114888,0.672681185423829
695,0.0861911401415726,2,0.820834044016423,0.420599944139217,0.130400909472763,0.0894580199781316,0.672681185423829
696,0.0910472763814981,2,0.878864614803774,0.469200862851117,0.145191594308944,0.0928448744035983,0.672681185423829
697,0.203615725170254,2,1.75959921387357,0.852600987232651,0.358272107271642,0.227647493076666,0.672681185423829
698,0.129478676043671,2,1.170429511743,0.616350894640379,0.200738995676672,0.135889184451411,0.672681185423829
699,0.10559782649906,2,1.00266368630013,0.575798744824056,0.171548758714848,0.116518682617274,0.672681185423829
700,0.139216927532036,2,1.22792109437256,0.662162498838978,0.207429791738348,0.148240106956045,0.672681185423829
701,0.0768770873689694,2,0.721483632931244,0.434213099991754,0.120151741348145,0.0820808153113421,0.672681185423829
702,0.122530813096346,2,1.02234001178225,0.540753751918316,0.190826508435129,0.135847532019185,0.672681185423829
703,0.103375500577389,2,0.87371002369827,0.489916241741217,0.156294694568105,0.106958513078881,0.672681185423829
704,0.108241333452003,2,0.902888699652185,0.517933817703244,0.15834785701013,0.11008504979108,0.672681185423829
705,0.120327076679045,2,0.964981731700936,0.541695027683582,0.178438656724425,0.120681719449417,0.672681185423829
706,0.158917785626987,2,1.26404836032154,0.73760190940829,0.231372102316653,0.158803128306952,0.672681185423829
707,0.11563890368257,2,0.871545432392735,0.470254687051042,0.165141410089259,0.111074779101131,0.672681185423829
708,0.11570097431221,2,0.870796079844002,0.497241761666147,0.188619457728032,0.108735295482375,0.672681185423829
709,0.106121651937146,2,0.776237244191782,0.420853467807162,0.182663983226341,0.107975621748476,0.672681185423829
710,0.113391830509949,2,0.85111098041669,0.585562596868926,0.180817462715093,0.11735004892342,0.672681185423829
711,0.11584707807425,2,0.858023494242666,0.647855097697213,0.190467944050823,0.123938009161929,0.672681185423829
712,0.156945769463164,2,1.13583932584978,0.883767110859213,0.26515319306017,0.165755225627592,0.672681185423829
713,0.1521836322934,2,1.07869035002709,0.861499212555043,0.250471260445051,0.157967140684916,0.672681185423829
714,0.1425770495246,2,0.991861548384364,0.825748145387859,0.243864643719287,0.149684984293109,0.672681185423829
715,0.154710679303638,2,1.05659453522879,0.931788875983482,0.242572291070861,0.148198090311229,0.672681185423829
716,0.169302516923153,2,1.14489414018385,0.989611544618749,0.266987636286035,0.170630740250699,0.672681185423829
717,0.141334084087236,2,0.892853621207074,1.2023949284172,0.184458751709938,0.12791374054616,0.672681185423829
718,0.213065554676249,2,1.43026475460771,1.17282142458409,0.329160540502696,0.21690748827151,0.672681185423829
719,0.179248683071601,2,1.19953250334708,0.985497157251473,0.297223075222633,0.177464737586872,0.672681185423829
720,0.1623897703306,2,1.0909124053495,0.856355032998386,0.309381207028266,0.176178915822221,0.672681185423829
721,0.157623255555546,2,1.06047372075039,0.816839503750753,0.250301178186963,0.159427698161387,0.672681185423829
722,0.160004036598486,2,1.05451532649868,0.974707332857666,0.264312222435441,0.163508790049832,0.672681185423829
723,0.116460793530954,2,0.774430036277038,0.652892038503961,0.205562258779838,0.11401053536344,0.672681185423829
724,0.126229383296895,2,0.837317470201201,0.695728711950286,0.194904991458592,0.128002506458306,0.672681185423829
725,0.0970613036939136,2,0.630459258154196,0.621622305476982,0.153147566967824,0.096567026704252,0.672681185423829
726,0.131130507412401,2,0.848420010558106,0.789822333407697,0.207518140455068,0.13104144362201,0.672681185423829
727,0.145851863163516,2,0.935809814488372,0.783522597216626,0.214571833537824,0.131437060766216,0.672681185423829
728,0.160349575933252,2,1.00896611929637,1.01176327995234,0.271285241309828,0.171059135473037,0.672681185423829
729,0.16033944806461,2,0.996556936363617,1.07844792607712,0.24719770458519,0.164176683618411,0.672681185423829
730,0.143356484233228,2,0.882734569030755,0.990616802286254,0.226898386523399,0.148351869160437,0.672681185423829
731,0.182485773041766,2,1.09360112666281,1.0933223296006,0.263134514660532,0.176685763353918,0.672681185423829
732,0.163038750727823,2,0.969356935353777,1.01430567469204,0.262732835905489,0.180792846144195,0.672681185423829
733,0.182774828877348,2,1.03982888596348,0.968209332150525,0.284236177449483,0.187296987571854,0.672681185423829
734,0.263391432734808,2,1.45680927060623,1.32027051116782,0.364544728785731,0.249473238759072,0.672681185423829
735,0.178061710297576,2,0.980932473973232,0.926137486339504,0.249679964755758,0.165972095085225,0.672681185423829
736,0.17078333961411,2,0.93840382624323,0.909248448672959,0.248682192488945,0.154994722280346,0.672681185423829
737,0.119800944306931,2,0.59514654985403,0.481088145706785,0.172382201928674,0.109525630132321,0.672681185423829
738,0.134212415672801,2,0.749728078098621,0.770808706988061,0.200919536410716,0.130964274236314,0.672681185423829
739,0.173401030269201,2,0.939960828684219,0.935990310943923,0.258483304812988,0.159304797881098,0.672681185423829
740,0.264337781250036,2,1.27952590645574,1.08911718762911,0.409970245472676,0.244799848903204,0.672681185423829
741,0.235039447929625,2,1.13898081777749,0.983056989763945,0.34997892133442,0.228307693794564,0.672681185423829
742,0.166347168205004,2,0.86855036791881,0.834800641080218,0.305495577121643,0.183178188250004,0.672681185423829
743,0.22278320264121,2,1.13924679241872,1.05755716340608,0.368385638950753,0.21491756723489,0.672681185423829
744,0.27688628221634,2,1.38365396732605,1.22140952117005,0.439185685382178,0.254333528811139,0.672681185423829
745,0.220322214147481,2,1.19453388252404,1.15793305316145,0.365302933527989,0.230559967714647,0.672681185423829
746,0.198312978462373,2,1.10027230124161,1.07109998081531,0.319182769726248,0.188504517500365,0.672681185423829
747,0.181179646285885,2,1.03343925705999,1.01367479582705,0.300608679387005,0.183186460667768,0.672681185423829
748,0.154359310777457,2,0.878067793565298,0.826087407360876,0.236953845140927,0.157391921526022,0.672681185423829
749,0.144646941251526,2,0.826042965364413,0.749690050034229,0.227507282563462,0.147130303715227,0.672681185423829
750,0.21105007412515,2,1.19318417603587,1.01119363839906,0.340441929790753,0.218221251326476,0.672681185423829
751,0.156882167197309,2,0.94680255412612,0.887059708627426,0.26774207052318,0.168364687241957,0.672681185423829
752,0.127524200995468,2,0.77260060072904,0.71078502664913,0.206154712280469,0.1263917629516,0.672681185423829
753,0.149511461164902,2,0.932930598476341,0.907673703757955,0.246404486236456,0.163238792465406,0.672681185423829
754,0.14942261537587,2,0.95280782448644,0.981741260319268,0.250613350811593,0.145477194741024,0.672681185423829
755,0.125272817790288,2,0.743364355650084,0.6503648797553,0.180990146395028,0.118192523363286,0.672681185423829
756,0.13996378153436,2,0.834238211736742,0.775819464866,0.227279984972293,0.125542386511379,0.672681185423829
757,0.1278916747902,2,0.72501933667524,0.618321711601924,0.175952616354806,0.117813400811257,0.672681185423829
758,0.194087362057381,2,1.11169300274434,1.08176800380241,0.284419662726868,0.165948618321704,0.672681185423829
759,0.172242432281738,2,0.932803810670362,0.845749895662721,0.248124699308652,0.161936320434343,0.672681185423829
760,0.167054094323917,2,0.915815753801201,0.984955007416568,0.219410397295013,0.153662222898056,0.672681185423829
761,0.169909425548985,2,0.862561341567766,0.820449703540834,0.232228069246567,0.154671099237108,0.672681185423829
762,0.273249895360254,2,1.36001473219054,1.40193387174961,0.382072297370967,0.245808578469226,0.672681185423829
763,0.275768423806664,2,1.33095950528363,1.42533812907827,0.382291996417392,0.277346257655777,0.672681185423829
764,0.229072742754248,2,1.06910518371023,1.17259552363429,0.316695937306005,0.212467091404486,0.672681185423829
765,0.229059391607537,2,1.04271374398313,1.2099621430134,0.316489418183897,0.202224414086796,0.672681185423829
766,0.172202989404551,2,0.779497303040132,1.03266349520493,0.242380857633501,0.157525724196488,0.672681185423829
767,0.211375079123759,2,0.944226590967836,1.38354317334951,0.289430892410394,0.178587617158604,0.672681185423829
768,0.285714557121824,2,1.19934058739295,1.61392338342128,0.390994693722202,0.247969981521853,0.672681185423829
769,0.192319094655514,2,0.77238712183776,1.01440123758804,0.286365971654915,0.168725457609951,0.672681185423829
770,0.271338786207992,2,1.05281831267839,1.40756912346096,0.378071218700834,0.247768956984087,0.672681185423829
771,0.320928411623009,2,1.1964826419664,1.58441723756649,0.47205331431761,0.285524121821984,0.672681185423829
772,0.226704546275031,2,0.845194980975437,1.33440079595788,0.347365550050972,0.212952859216302,0.672681185423829
773,0.214285249616717,2,0.781967667163575,1.32820127179604,0.34586072152441,0.209507052871258,0.672681185423829
774,0.246797244658322,2,0.850198073517038,1.33319725042566,0.370950882926724,0.221913474153245,0.672681185423829
775,0.266582292111391,2,0.891249478869491,1.44946196922698,0.39378643422092,0.249954793955862,0.672681185423829
776,0.323208466153596,2,1.0592886148977,1.85424351613312,0.427987690674359,0.303628973212696,0.672681185423829
777,0.348041615321661,2,1.10507434462104,1.96011632578821,0.503830164156251,0.310879713095716,0.672681185423829
778,0.36338752270901,2,1.10309974339199,1.84967088448978,0.512503390314249,0.32710741935412,0.672681185423829
779,0.332885143781227,2,1.02927327950689,2.08519157034847,0.526100089208487,0.33702013367114,0.672681185423829
780,0.350776107600786,2,1.03776369424923,1.95929866062932,0.511937341016886,0.338956799227094,0.672681185423829
781,0.344377848592287,2,0.95932739305594,1.52826914464272,0.495202717951533,0.336782418277313,0.672681185423829
782,0.381096376381495,2,1.06964025773245,1.9128823282097,0.564389447067511,0.370095443872321,0.672681185423829
783,0.358739048929571,2,1.00256991834334,1.86809925149217,0.543152207326616,0.374949799710764,0.672681185423829
784,0.393848308168613,2,1.07563755443597,1.89127313487236,0.556206958852588,0.390597542494393,0.672681185423829
785,0.336293166041597,2,0.940208904327525,1.88113828942451,0.486201001065716,0.330517698689342,0.672681185423829
786,0.341558416111274,2,0.943003930463201,1.80864908032666,0.477818219931206,0.335201085724879,0.672681185423829
787,0.388272656527499,2,1.08740061938788,2.2117624205965,0.588574109485237,0.344331471413598,0.672681185423829
788,0.487862644794979,2,1.35131179996519,2.55070884000079,0.696557193635047,0.487600582956026,0.672681185423829
789,0.331427292332138,2,0.941353476706972,1.92296400806236,0.500662217757673,0.328287419577752,0.672681185423829
790,0.331338582690336,2,0.955067899081418,1.98062470908055,0.490989417231041,0.323921118821498,0.672681185423829
791,0.462966369532821,2,1.33474759227426,2.57523584221246,0.668969528334789,0.431572098758475,0.672681185423829
792,0.40425364495685,2,1.16294317890295,2.00513597903623,0.600219606886245,0.408291266709548,0.672681185423829
793,0.203526868255204,2,0.591187892225707,0.963181522567536,0.288445050446234,0.182577020495827,0.672681185423829
794,0.215813517173103,2,0.640984764092227,1.08370867560442,0.287826398992753,0.196095852589444,0.672681185423829
795,0.227940109286237,2,0.694267162854409,1.26425556090945,0.300840848248293,0.200663954153788,0.672681185423829
796,0.30706275336902,2,0.950909038644905,1.78279250530045,0.399878204063555,0.2708474329244,0.672681185423829
797,0.360257625855628,2,1.10178554255265,1.67055541467658,0.521731234099827,0.324860340775732,0.672681185423829
798,0.435660113751338,2,1.38222446771843,2.64437748186205,0.553242499089625,0.38730946658175,0.672681185423829
799,0.286908890766394,2,0.924348448082832,1.8421223600788,0.371592681763781,0.257517169988144,0.672681185423829
800,0.334406368753362,2,1.07863176566834,1.98105684082648,0.443475273726068,0.283497265781385,0.672681185423829
801,0.317143246334067,2,1.03201201962353,1.86843879638696,0.428613068611357,0.286898256765245,0.672681185423829
802,0.394532001040812,2,1.28477215682076,2.13709018914567,0.613594640311115,0.359605492564577,0.672681185423829
803,0.300442294042944,2,0.982572831622694,1.57252486110557,0.489834938701641,0.297322116569681,0.672681185423829
804,0.280484726763869,2,0.925514770072844,1.51669881196145,0.417249714920206,0.24801529506519,0.672681185423829
805,0.136270159268436,2,0.45749274399518,0.831585252922296,0.228018109741568,0.139226021033407,0.672681185423829
806,0.268795666789366,2,0.873202961090584,1.22964353548094,0.441698664789753,0.270138601147305,0.672681185423829
807,0.300422113037864,2,0.992452453296245,1.6432933289169,0.432243383067591,0.273484362842499,0.672681185423829
808,0.315184051436975,2,1.04048415114167,1.7861613951283,0.503516885869827,0.280670574783402,0.672681185423829
809,0.218769302980329,2,0.706847159929658,1.12187311975048,0.32513133529273,0.211861963983238,0.672681185423829
810,0.358239383237311,2,1.14066492282885,1.76865169616029,0.66806126822862,0.416738614559485,0.672681185423829
811,0.523948179402027,2,1.68492695267574,2.94109674606345,0.795134420695451,0.525240338529985,0.672681185423829
812,0.487729945482607,2,1.52368050978073,2.41318576708896,0.702327199765443,0.472769709470543,0.672681185423829
813,0.280975099594648,2,0.877605479776751,1.47567939929174,0.430958381310333,0.289151056366325,0.672681185423829
814,0.24127825430397,2,0.743509078386075,1.24900683806091,0.358055595720069,0.26220808576089,0.672681185423829
815,0.202003439560521,2,0.597627113877674,0.881789130452909,0.272430157528654,0.184224050353587,0.672681185423829
816,0.39546758524937,2,1.18543065315585,2.09145849532669,0.543984186847969,0.373084530278404,0.672681185423829
817,0.336202669833747,2,0.974950005666198,1.65229921075293,0.513653209866767,0.342712501841597,0.672681185423829
818,0.176937912795345,2,0.497877946473914,0.838223006430951,0.275302256970531,0.161809910065265,0.672681185423829
819,0.266073049519876,2,0.746008792546329,1.458732553926,0.406980303651568,0.274874637072743,0.672681185423829
820,0.391250053357273,2,1.04229106787614,1.88905447857427,0.585348126899991,0.407654605443733,0.672681185423829
821,0.424375047828009,2,1.07829569570562,1.83425437046735,0.626754603253241,0.439970103471822,0.672681185423829
822,0.358364627556569,2,0.910327704994989,1.91416754366337,0.521960718004543,0.338354865331229,0.672681185423829
823,0.490530502902239,2,1.20279460682016,2.55353699812871,0.69816203220398,0.498961452599539,0.672681185423829
824,0.447823650438732,2,1.07509065007839,2.46582627260617,0.631852216283975,0.420216228709271,0.672681185423829
825,0.519845399511878,3,0.9990110539034,0.861624433678701,0.583361233262008,0.426339821994873,0.621411651775822
826,0.579780210642063,3,1.26810596275683,1.29285352283224,0.718820595101423,0.539557439037746,0.621411651775822
827,0.513994845795751,3,0.919240905239394,1.38344107675719,0.571653156747309,0.407895213169939,0.621411651775822
828,0.475965091114624,3,0.89120119434834,0.751493323900742,0.618713157865198,0.375887985793491,0.621411651775822
829,0.400226497042044,3,0.781877658546476,0.557273094903312,0.501590521383427,0.408089147534528,0.621411651775822
830,0.585599364619896,3,1.0467192551478,0.929245243221511,0.688985013002106,0.496370144521373,0.621411651775822
831,0.593650505295291,3,1.07125484461005,0.994745535730001,0.749989332787689,0.558313715658746,0.621411651775822
832,0.651703760936655,3,1.11185141414059,1.59633590530528,0.773799350829398,0.52930133422054,0.621411651775822
833,0.579241919817548,3,0.985651303213029,0.980316104537189,0.667943516346654,0.482338649875255,0.621411651775822
834,0.665958735758797,3,1.14931413180333,1.14412065625875,0.860786241306875,0.585994931924841,0.621411651775822
835,0.652677150618443,3,1.17871992967858,1.04504424597066,0.835115775378544,0.479862955749623,0.621411651775822
836,0.495615925803847,3,0.881213099059293,1.10556809284815,0.704338875160603,0.456457218705972,0.621411651775822
837,0.490520587794047,3,0.849994588885598,0.823800229749562,0.620837562245284,0.408271982696393,0.621411651775822
838,0.589050157754514,3,1.05914564596769,1.42578915372656,0.762256154968423,0.533725812572617,0.621411651775822
839,0.553688872601925,3,1.10651519231866,0.87101143309425,0.781645845965398,0.395395014323954,0.621411651775822
840,0.475594863757571,3,0.833724558818269,0.919812169219585,0.630778910537728,0.452559322058589,0.621411651775822
841,0.547553863187694,3,1.0001942567225,1.5007534091523,0.875708481066052,0.54026153922897,0.621411651775822
842,0.51900376794262,3,0.932365914991524,0.85624610586558,0.687484219706967,0.464764975623037,0.621411651775822
843,0.738426026047663,3,1.10085535598337,2.33425469147445,0.944439318937262,0.640663245459404,0.621411651775822
844,0.583938346673843,3,1.04885679200955,0.941124146844135,0.734143723918256,0.520923741181876,0.621411651775822
845,0.484677728757125,3,0.889218735867832,0.803833336234309,0.614781703713576,0.438734170773851,0.621411651775822
846,0.616854901534355,3,1.16951587128089,0.993785161745789,0.690591311631225,0.473695867913139,0.621411651775822
847,0.487095129144118,3,0.835859347944064,0.828009813067983,0.616924104947113,0.418188549606656,0.621411651775822
848,0.375550023296169,3,0.798416511531187,0.673494585464778,0.615080038959688,0.384541500059151,0.621411651775822
849,0.47904633392663,3,1.07323296295358,0.886117813036092,0.808578789688067,0.428170758484565,0.621411651775822
850,0.465464389148849,3,0.817046921565174,0.72258110745431,0.59858163494484,0.387428823725711,0.621411651775822
851,0.478794742278513,3,0.89256726730652,0.830854261684569,0.500587260198653,0.347795920661494,0.621411651775822
852,0.510337748635425,3,0.96132178081139,0.873666061227109,0.620218277746929,0.443853488443209,0.621411651775822
853,0.416872246411857,3,0.968412607697935,1.42465367571958,0.569824897726148,0.437166199056554,0.621411651775822
854,0.477108447639742,3,0.88448168567419,0.718003646095656,0.636140419997462,0.468435400905164,0.621411651775822
855,0.501710108054511,3,1.15352071450596,1.29400307537557,0.689921007893205,0.492239021368451,0.621411651775822
856,0.586729817397763,3,1.28244151762808,1.09103948258115,0.691779245401685,0.548497931134765,0.621411651775822
857,0.848935462339765,3,1.9494328893226,2.04421027171959,0.960051335796249,0.720845131216332,0.621411651775822
858,0.624390998341512,3,1.2383971566649,0.851142629066301,0.703559557373815,0.515806567547217,0.621411651775822
859,0.259605372782815,3,0.602970402198148,0.46690944791317,0.316198424105917,0.224029266080457,0.621411651775822
860,0.320703083469539,3,0.683096604010201,1.04658065868086,0.405723653548928,0.290617501937038,0.621411651775822
861,0.306318783388209,3,0.680984160814253,0.931816923457825,0.389043629104561,0.286239263034511,0.621411651775822
862,0.424786465828345,3,0.980667806728156,0.654630897615317,0.540217537021625,0.378650138620183,0.621411651775822
863,0.312286686713501,3,0.849344761714603,0.550580560035733,0.45434249056901,0.293417677578266,0.621411651775822
864,0.62758831207751,3,1.44219832433634,0.950745876723688,0.736373723260963,0.508967008647914,0.621411651775822
865,0.444717371707012,3,1.24360981101212,0.957101920327585,0.614576888821618,0.407441769344147,0.621411651775822
866,0.362441391854197,3,0.978853735043383,0.578658640426715,0.445734066038694,0.320090359652303,0.621411651775822
867,0.161520094341752,3,0.366454073378844,0.270888468643623,0.14868876980634,0.0894433952766084,0.621411651775822
868,0.546059248210199,3,1.25577616513884,0.856004931096175,0.642456961894979,0.434214880726629,0.621411651775822
869,0.212126763680619,3,0.568272237798241,0.355866709599102,0.299354501149551,0.207606384628494,0.621411651775822
870,0.483740936317725,4,0.987722408835742,0.681078567644362,0.505324105890142,0.382655352046598,0.659040362274898
871,0.475685279986639,4,0.834118821369319,0.670175914384426,0.486352940973707,0.373923406385618,0.659040362274898
872,0.688312810262458,4,1.09518970355227,1.00963624818182,0.699977457059503,0.508954768519475,0.659040362274898
873,0.474950385629243,4,0.9868414728603,0.84305021607806,0.617017357361802,0.434431629550818,0.659040362274898
874,0.283649289364093,4,0.598478194996651,0.593414974150316,0.415064590942617,0.288497307420779,0.659040362274898
875,0.446080223450089,4,0.707878649915937,0.600006523967043,0.514616118450349,0.362438318062231,0.659040362274898
876,0.55610411963201,4,0.931796322610532,0.849086568122495,0.672353236465741,0.473276324803079,0.659040362274898
877,0.630929582827413,4,1.1594219751016,1.21499916289778,0.830887075765101,0.555612120675723,0.659040362274898
878,0.71863600568547,4,1.2008970376437,1.16949586846203,0.867492297600498,0.622137628025843,0.659040362274898
879,0.660137497650477,4,1.0583386050548,0.990771114048525,0.824559622570234,0.578174949028831,0.659040362274898
880,1.05049845351548,4,1.47563124115357,1.53239231649858,1.13321064771319,0.811799173001732,0.659040362274898
881,0.745920031962715,4,1.00387101546033,0.909353317799461,0.820276670459988,0.584898534921439,0.659040362274898
882,0.62254917480249,4,0.859493720149251,0.778092924608183,0.627989915766521,0.461159049149702,0.659040362274898
883,0.913897715068334,4,1.19305542015956,1.08228762798431,0.909923000783183,0.740364323412684,0.659040362274898
884,0.928262080118948,4,1.22848315560989,1.22633778243204,0.926103782093949,0.69383946114976,0.659040362274898
885,0.828766929049992,4,1.18228322835623,1.05174203677891,0.854477599682068,0.650413083029975,0.659040362274898
886,0.515061904708486,4,0.685344778184208,0.609629615118055,0.520407400502247,0.39191194530935,0.659040362274898
887,1.03753131418053,4,1.31434938051293,1.2732854354228,0.932474376018936,0.725798042396294,0.659040362274898
888,0.778108370013895,4,1.12314819879936,1.01481100457104,0.867598669515908,0.630080816692723,0.659040362274898
889,0.864811797246146,4,1.20963362924039,1.16835282159487,0.840784468194586,0.65674252093094,0.659040362274898
890,0.876186334990497,4,1.27512147715119,1.1352398945764,0.904178938606665,0.65698742760965,0.659040362274898
891,0.708966167939513,4,0.952245672287635,0.874336641164937,0.687811966033919,0.508172872612794,0.659040362274898
892,0.638659724585803,4,0.986695911943507,0.864627079854865,0.672714817900907,0.491027060619943,0.659040362274898
893,0.344805215563439,4,0.521078880439341,0.437604602475288,0.395346445246952,0.270202267320518,0.659040362274898
894,0.392946784815364,4,0.568220544686783,0.49605886284956,0.471361517509023,0.295342770571597,0.659040362274898
895,0.462768006214381,4,0.717905719046835,0.621370749716035,0.511811109333566,0.35631647225962,0.659040362274898
896,0.516522874776166,4,0.718004886090838,0.653641277815503,0.541641600182608,0.380537857213123,0.659040362274898
897,0.717302083818295,4,1.01345765430167,0.864110910720814,0.706354025890163,0.541766290784348,0.659040362274898
898,0.730753379804569,4,0.982261398054863,0.918845689023907,0.715401565552317,0.445903446079817,0.659040362274898
899,0.594212136953838,4,0.746047699179954,0.726083454044953,0.577112323208259,0.419880962769292,0.659040362274898
900,0.670680332610612,4,0.808474267238768,0.812343379877802,0.624861600731722,0.469050634885608,0.659040362274898
901,0.745477356970427,4,0.884862141899765,0.945589635043053,0.737299029279187,0.572645250267124,0.659040362274898
902,0.811073669494068,4,0.951252772299882,0.955685262418035,0.74065860588089,0.567129484895214,0.659040362274898
903,0.771771841614155,4,0.870527587454525,1.03851511705887,0.760553080870101,0.611937454048754,0.659040362274898
904,1.07908211496025,4,1.09081290069074,1.36967599899487,0.994795268788142,0.794674994487096,0.659040362274898
905,0.969657053960546,4,0.973521589052934,1.15818938465541,0.91548109721511,0.757993743872557,0.659040362274898
906,1.34239513610813,4,1.27448527190304,1.62236248349183,1.31307684019905,1.02227908840226,0.659040362274898
907,1.07434948008518,4,1.0389195287376,1.39136652518221,1.13256785578863,0.876592193977688,0.659040362274898
908,1.49022873097955,4,1.37645142977373,1.87687354740295,1.42577052258412,1.01847489150566,0.659040362274898
909,1.37774797953939,4,1.21303435770771,1.51239086709826,1.48415031361742,1.10813246705307,0.659040362274898
910,1.71106940310092,4,1.53569289847757,1.98119433740183,1.69606946257135,1.28728733203231,0.659040362274898
911,1.45828433776321,4,1.24157540637372,1.47994301746067,1.4957107585149,1.09658974510506,0.659040362274898
912,0.428627511588106,4,0.363873604091666,0.422205729905782,0.462596877771637,0.300899771101485,0.659040362274898
913,0.773737250006622,4,0.706025489503899,0.932712125188636,0.775491433067722,0.584746483258136,0.659040362274898
914,1.19801597240223,4,1.05308641781908,1.39425928373857,1.08474386160068,0.865059966914432,0.659040362274898
915,1.24208658361836,4,1.10392433153858,1.3126389130914,1.24380301518826,0.93601853792637,0.659040362274898
916,1.02021081223565,4,0.952069492375612,1.15904543600806,1.05407139843436,0.803351445409876,0.659040362274898
917,1.10203145364995,4,1.12272114132344,1.44466133956061,1.15883054693226,0.87735083452114,0.659040362274898
918,1.36559363465411,4,1.23617428947102,1.62984013018798,1.36536847379125,1.08605453581411,0.659040362274898
919,1.02714546394871,4,0.970779510013195,1.15247210830239,1.05447208783125,0.76543765275653,0.659040362274898
920,0.927708028155271,4,0.924645818674157,1.15883144246412,0.850449282810694,0.66536600062153,0.659040362274898
921,0.632015673778225,4,0.525273254080231,0.753823627211105,0.577984751429443,0.430946470153926,0.659040362274898
922,0.749489172245598,4,0.838348147217174,1.03833300734098,0.7943665793611,0.622471157234344,0.659040362274898
923,0.798401219872464,4,0.785492636278773,0.935954398001327,0.833630473916154,0.597410664198985,0.659040362274898
924,0.943238530684043,4,0.97582455341943,1.0591770779598,1.00876390818616,0.713994637543117,0.659040362274898
925,0.90140007703468,4,0.854491473603978,0.935263111477677,0.96479011280574,0.656811051821611,0.659040362274898
926,1.02188018689757,4,0.999532519488125,1.14574448662056,0.985827690350967,0.755153844722763,0.659040362274898
927,1.14061895878376,4,1.10266381808352,1.28360373956944,1.10683061316366,0.838503722451831,0.659040362274898
928,1.19429086704321,4,1.14474809277012,1.33302780246672,1.17017095250851,0.877126195553234,0.659040362274898
929,1.04176830775285,4,0.89335541667844,1.19068727713407,0.966128811068182,0.745444251676021,0.659040362274898
930,1.16907953204734,4,1.15380954656064,1.35815385996066,1.14672636989963,0.852051049667176,0.659040362274898
931,1.35007891201856,4,1.30857307730658,1.55486768043528,1.25960126034263,0.963948141569717,0.659040362274898
932,1.17083436802808,4,1.06875751392884,1.31971563842766,1.10969586428645,0.846630682497201,0.659040362274898
933,1.1563494729471,4,1.07336013218112,1.16773214205687,1.10959158915442,0.847322478665954,0.659040362274898
934,1.15246898619926,4,1.08328038439967,1.24276362217218,1.12715762053015,0.844914385324772,0.659040362274898
935,1.06169068154048,4,0.987297113134019,1.13151877196155,1.04090027233077,0.745284501003935,0.659040362274898
936,1.34069971616239,4,1.21013245683193,1.36414752109895,1.19439857119082,0.929871035359117,0.659040362274898
937,0.68155735537198,4,0.645802441176137,0.691580944717874,0.643918675776976,0.48971265813423,0.659040362274898
938,0.517064826920815,4,0.532368416840221,0.500741597958275,0.500285188067469,0.357850456059099,0.659040362274898
939,1.15781304820107,4,1.11925562176517,1.22020823588614,1.0629015901019,0.801711630726483,0.659040362274898
940,0.84229633381911,4,0.80539041731909,0.827355347752102,0.86766520100317,0.613867019795331,0.659040362274898
941,0.948134305973599,4,0.913430106521435,1.02980727829438,0.893384986018419,0.664123767138491,0.659040362274898
942,1.12060197774079,4,1.04103516513002,1.0910729313462,1.08183720899509,0.799567866767268,0.659040362274898
943,0.74553921108894,4,0.694520229221853,0.714570721615255,0.782389008177889,0.501920251202102,0.659040362274898
944,1.27103377937366,4,1.19292882510739,1.2228242295309,1.317499831836,0.947191292722086,0.659040362274898
945,1.24606712837683,4,1.141687597932,1.19101369617669,1.24150668058847,0.89467131995396,0.659040362274898
946,1.14964479560331,4,1.0704628557071,1.17125711127598,1.1411163614859,0.873557381290009,0.659040362274898
947,1.210038613426,4,1.0396064932776,1.35026113161428,1.2744251858083,0.889975765239008,0.659040362274898
948,1.06591405840119,4,1.01381327114854,1.16661023365483,1.08779075945816,0.802851232799335,0.659040362274898
949,1.11083442091828,4,1.05100557893641,1.22650512528739,1.10612040748534,0.864264015437085,0.659040362274898
950,0.967038866392103,4,0.858038044696556,0.994947653175813,0.97650050255383,0.744352599238474,0.659040362274898
951,1.16934629558195,4,1.08778806030896,1.30901983580268,1.08672724091509,0.897351744234683,0.659040362274898
952,1.40148019744397,4,1.28263163244475,1.54127571216726,1.32034502764486,1.04267326005916,0.659040362274898
953,1.27139130415898,4,1.18244026360289,1.43348701863934,1.1446796798441,0.919544834111366,0.659040362274898
954,1.0599629384683,4,0.929375812325746,1.1195554547545,1.03457766659578,0.756210512202548,0.659040362274898
955,0.954552896822953,4,0.842189174339223,0.987063841184543,0.949720841282846,0.647412243950922,0.659040362274898
956,0.625682938568925,4,0.582402019273832,0.699780450205468,0.665243698746644,0.460780289606348,0.659040362274898
957,1.08560672405914,4,0.983317791536458,1.17878621326256,1.06606470260489,0.801277707753049,0.659040362274898
958,1.28939737819758,4,1.15045849283028,1.30704282609939,1.19721521807884,0.92827398472863,0.659040362274898
959,1.06151944444094,4,0.934780027307641,1.07379697141262,1.0218604275435,0.711061865618903,0.659040362274898
960,1.22688707781144,4,1.04951555991842,1.2346023015637,1.18670474068203,0.840435189494029,0.659040362274898
961,1.05682537810496,4,0.894837218520837,1.00500326259376,1.13175817316968,0.768614622641702,0.659040362274898
962,1.12512805996339,4,0.973043454296827,1.16036662169434,1.15137685701003,0.870716912509221,0.659040362274898
963,1.35906916237926,4,1.20077310751904,1.45141859442505,1.32622932376805,0.969389145425656,0.659040362274898
964,1.59828775439289,4,1.3680990533916,1.59460252035079,1.50347422273047,1.18042598713807,0.659040362274898
965,0.710605027661957,4,0.644025426582182,0.75463217544029,0.708147042583998,0.501063164825949,0.659040362274898
966,1.09971622480513,4,0.880219389023016,1.00346126198925,1.18345136891681,0.79111391223266,0.659040362274898
967,1.16913199976992,4,0.942349946936382,1.07312357869841,1.24003254122073,0.849380416102585,0.659040362274898
968,1.23260031167549,4,1.01933094738111,1.20296243214865,1.23250775478433,0.909281034836866,0.659040362274898
969,1.0682760646726,4,0.829789184461014,1.10326095258684,1.04523070753029,0.748031684100658,0.659040362274898
970,1.0946071300173,4,0.915909552188514,1.11823307235686,1.05805883911931,0.7650898595451,0.659040362274898
971,1.45920608033295,4,1.18084461658392,1.31251624101484,1.49543396642874,1.11001506630671,0.659040362274898
972,1.58388039595331,4,1.23922904768968,1.45742836186313,1.55202216328285,1.15566471645501,0.659040362274898
973,1.43269715736933,4,1.20771646973634,1.39040288298589,1.33298913834864,1.00567398587154,0.659040362274898
974,1.2640443144502,4,1.06215685060993,1.29272479020573,1.31889421083542,0.904033296382793,0.659040362274898
975,0.860127488895266,4,0.722595809712871,0.874450438420965,0.823778730386404,0.608777164185143,0.659040362274898
976,1.15215097705505,4,0.970868403553164,1.14274180027758,1.11022325590494,0.796662279317935,0.659040362274898
977,1.1889516120708,4,1.02857677333501,1.16639369469147,1.20346645637491,0.94230965661275,0.659040362274898
978,0.593488262053001,4,0.531152925287089,0.619901932236143,0.644204815927317,0.453140041331845,0.659040362274898
979,1.36903484097188,4,1.17630651641548,1.39369672985261,1.32962524133759,1.05756636523497,0.659040362274898
980,1.15253490487964,4,1.00716277533874,1.16319795680946,1.26030938630798,0.903974835264018,0.659040362274898
981,1.09166815174182,4,0.92816897021303,1.13339658793902,1.07091090602581,0.841479552488122,0.659040362274898
982,1.48174007443113,4,1.36054394776307,1.64646281404513,1.40702106191561,1.11817322162796,0.659040362274898
983,1.18884473830091,4,1.02071560440293,1.27564344556125,1.08505390897949,0.858992732671274,0.659040362274898
984,1.26999283491334,4,1.15037385812976,1.33457745972577,1.20132828352734,0.953783039818493,0.659040362274898
985,1.22423481140991,4,1.1308424997549,1.29266297069432,1.2035099811399,0.94066622306138,0.659040362274898
986,0.740522050621623,4,0.794793670019889,0.934496912833974,0.743449080180247,0.544321758208407,0.659040362274898
987,1.28668316220945,4,1.2695147646321,1.37159312549362,1.28964159408469,0.927154172171102,0.659040362274898
988,1.34109385833136,4,1.2416686084183,1.48366457952387,1.39469823298903,1.10176345318937,0.659040362274898
989,1.20000340746131,4,1.25481066643907,1.35576957204346,1.24141049921551,0.960166695629784,0.659040362274898
990,0.862128983034727,4,0.799932526856108,0.722826609824843,0.846130880096102,0.540705553728143,0.659040362274898
991,0.401407802733303,4,0.358943605630467,0.310485106436109,0.454771606880488,0.265047325653127,0.659040362274898
992,0.666861073102778,4,0.751470364887639,0.672629492724193,0.679961433385283,0.443732799497762,0.659040362274898
993,0.664630811984303,4,0.724975405526367,0.726130950761978,0.676003982501993,0.495628347569288,0.659040362274898
994,0.724479675162096,4,0.76666010987048,0.67702930006306,0.747978290264957,0.499925353053873,0.659040362274898
995,0.753972569057879,4,0.859933882700494,0.805617443092247,0.737383734702418,0.588284997613022,0.659040362274898
996,0.847474921142858,4,1.01072863648154,0.883429936066244,0.841511718639601,0.608640319907924,0.659040362274898
997,0.8156424485097,4,1.07137163855635,1.0414503225185,0.878449600165993,0.613324499748598,0.659040362274898
998,0.97669114480079,4,1.16028365908083,1.16449631500989,0.920473138963818,0.560431246613495,0.659040362274898
999,0.937504998887546,4,1.05833701159526,1.0778399943174,0.802065940237316,0.6452886709833,0.659040362274898
1000,1.02290471652739,4,1.12835262037641,1.01868681755846,0.990640840616669,0.742861048407108,0.659040362274898
1001,0.878949227891003,4,0.958881260850198,0.899366377825022,0.804727256206017,0.588747306273466,0.659040362274898
1002,0.901414405347615,4,0.941770439281288,0.992170668609222,0.878357633398245,0.656204189013838,0.659040362274898
1003,1.14081012541394,4,1.26889640068566,1.22881994267383,0.967966986805755,0.700626094811423,0.659040362274898
1004,0.903017755383626,4,0.97646696267911,0.877857478553135,0.832240276013878,0.565687588871304,0.659040362274898
1005,0.752136417989544,4,0.713872851129258,0.524526405936833,0.591510462577783,0.36765065869835,0.659040362274898
1006,1.04158781867212,4,1.10381114469866,1.06335044727863,0.823044300309459,0.583055873683951,0.659040362274898
1007,1.12336636368427,4,1.17143860546698,1.13141106490275,1.00873980110572,0.800825984180839,0.659040362274898
1008,1.09851074857823,4,1.2461778018691,1.18765476075266,0.963711556835364,0.730339738384816,0.659040362274898
1009,0.834603706437723,4,0.926623150936149,0.924106920647125,0.777909373560276,0.564855479019753,0.659040362274898
1010,1.33030577276148,4,1.43342139833251,1.43744797994088,1.08305320513495,0.846102145250949,0.659040362274898
1011,0.946606717541777,4,0.977043380511378,0.91359889914751,0.789898899353832,0.480435536508159,0.659040362274898
1012,0.97027448479032,4,1.05385602586075,0.98175379287239,0.917602390103931,0.675549467559928,0.659040362274898
1013,0.577864260952725,4,0.611638518926205,0.578678245552168,0.51469914474566,0.381642178673331,0.659040362274898
1014,0.85259249876665,4,0.94775895472844,0.941582267293336,0.761717439655586,0.552945579708598,0.659040362274898
1015,0.67198497976764,4,0.714236970650819,0.629365311639678,0.675830937529588,0.46613314233604,0.659040362274898
1016,0.844769508378321,4,0.890303774145155,0.867454606921349,0.797294813882355,0.589083119227384,0.659040362274898
1017,0.888153804715198,4,0.895582138400544,0.892219115428214,0.753556690876952,0.655639034972905,0.659040362274898
1018,0.920590271531923,4,0.98235416521989,1.01931927030743,0.864602909988262,0.672264177314774,0.659040362274898
1019,1.08099150656186,4,1.13024610428467,1.10040231123709,1.01541266440949,0.721961433323715,0.659040362274898
1020,0.929186027689267,4,0.949485248565702,0.951602232352618,0.841844648376845,0.624903697758623,0.659040362274898
1021,1.14976942898064,4,1.15842583139803,1.15450314522551,1.05853592610701,0.750590599250611,0.659040362274898
1022,1.03119345435496,4,0.977333570608907,0.935345099869201,0.936599512533307,0.655780695896498,0.659040362274898
1023,1.04008389504882,4,1.01494014984724,1.03845513881703,0.983911818701004,0.666428836130769,0.659040362274898
1024,1.1802072752367,4,1.21367081251188,1.2681949896505,1.12866566471188,0.882521828407731,0.659040362274898
1025,1.21940690121432,4,1.16458816199825,1.26395381616524,1.13264692842824,0.726768930416486,0.659040362274898
1026,0.845035580603142,4,0.847851977606053,0.975271869916105,0.846038358923857,0.542068049474172,0.659040362274898
1027,0.989029436253458,5,1.07795312823513,1.14642313226197,0.8988975882407,0.653596187549668,0.762156980978238
1028,0.848939511384796,5,0.945282880650915,0.909509941444962,0.804053239046679,0.551566790384709,0.762156980978238
1029,0.926968796219256,5,0.991403417091747,1.05485335253083,0.877792651185833,0.627688016572091,0.762156980978238
1030,0.955328922655331,5,1.01593985482537,1.14280103473497,0.843098651139765,0.618876366183249,0.762156980978238
1031,1.03480035948077,5,1.08770084577414,1.15437060444646,0.934398575661592,0.683796044709785,0.762156980978238
1032,0.990548697009906,5,1.02104792666613,1.09535149081274,0.943201789302174,0.651130485167945,0.762156980978238
1033,1.03159578336495,5,1.0484923722563,1.12076798705252,0.937838213183174,0.663012508536627,0.762156980978238
1034,0.967976086892903,6,1.09558113203608,1.03309867766601,0.809495915585772,0.587962094838454,0.832146710988191
1035,0.932065431885985,6,1.09340109379342,1.0132208859369,0.800160205510831,0.57455706055794,0.832146710988191
1036,0.923120935973711,6,0.938135436700742,0.907604067880489,0.817348183176717,0.546301949532994,0.832146710988191
1037,0.969222587101302,6,0.97143110699542,0.941221088902043,0.809459287312846,0.541589491028095,0.832146710988191
1038,0.851879306130459,6,0.864072868020642,0.873479361953682,0.693128562093025,0.500005963317447,0.832146710988191
1039,0.696762481312649,6,0.770146582298566,0.802081259430647,0.5990576871245,0.434219554996486,0.832146710988191
1040,0.724104335266601,6,0.740755838570996,0.926541672760244,0.675558422033466,0.514156594356365,0.832146710988191
1041,0.759785856570763,6,0.792628139855195,0.832438887172418,0.658849267260393,0.473622871597371,0.832146710988191
1042,0.623093585876203,6,0.602625950861678,0.64042557247587,0.571858523824602,0.38100828718084,0.832146710988191
1043,0.971045557284599,6,0.856553983460499,0.966931898824671,0.862942834217096,0.580296392154419,0.832146710988191
1044,1.22886584728245,6,1.21812847315967,1.39633258135891,1.0757253088639,0.772046475445709,0.832146710988191
1045,1.06751816640128,6,1.07190299399405,1.1923396438531,0.891892548715108,0.667067589010312,0.832146710988191
1046,1.08804530068586,6,1.03597887817222,1.19356966904895,0.992389006755496,0.691989397630783,0.832146710988191
1047,1.23721576734737,6,1.19917952554387,1.49823374116059,1.12943881309324,0.816426990168803,0.832146710988191
1048,1.57199752239318,6,1.56047294854208,1.7833418160505,1.26989527487427,0.953805217281762,0.832146710988191
1049,1.33227946702704,6,1.51484197887923,2.02933083761749,1.47187328900622,1.10398413070117,0.832146710988191
1050,1.17181784812279,6,1.38947793257118,1.6423618192825,1.19950414860136,0.83542654576082,0.832146710988191
1051,0.96584838516625,6,1.0123902857436,1.05211543455548,0.850225964229443,0.598992893785459,0.832146710988191
1052,0.936074815643609,6,1.04639171675795,1.02386442426159,0.743817190757402,0.551207553095991,0.832146710988191
1053,0.713474688894199,6,0.783044104314736,0.72522556356331,0.57019072352698,0.427378528686477,0.832146710988191
1054,0.587290619929202,6,0.677026190778703,0.606234094878734,0.452812409492158,0.334469636498075,0.832146710988191
1055,0.260473008481703,6,0.458250978557879,0.390228362556581,0.314871845577784,0.221984600624406,0.832146710988191
1056,0.403049193476426,6,0.459434700617052,0.372712814648506,0.349565461203204,0.21244359470047,0.832146710988191
1057,0.595665556054695,6,0.734913435828675,0.619592474274614,0.508201854865825,0.360821766076955,0.832146710988191
1058,0.447660741145509,6,0.563109064784807,0.447826964856469,0.413423377231098,0.270091950741051,0.832146710988191
1059,0.649465879247643,6,0.756362925266429,0.678161145568666,0.575286630684967,0.365106968452067,0.832146710988191
1060,0.589955532488038,6,0.761731296350972,0.639244696562803,0.573471089833249,0.377380204839585,0.832146710988191
1061,0.83913606029322,6,1.04631378398999,0.901546837840807,0.772067748685439,0.552959530730483,0.832146710988191
1062,0.746054635638621,6,0.89550602522618,0.740391549783659,0.656176330175662,0.466906801260572,0.832146710988191
1063,0.95425118283887,6,1.12928856722952,1.02153426606548,0.91207481408698,0.640331225649743,0.832146710988191
1064,0.87514609360836,6,1.23604412580568,1.05731289723716,0.968261883487556,0.62705453445233,0.832146710988191
1065,1.01430698478336,6,1.23132499334009,1.04596572986301,1.08084443221174,0.703765246497421,0.832146710988191
1066,1.34316227658427,6,1.54631583093957,1.4390813311746,1.12310741269417,0.848549378151861,0.832146710988191
1067,0.687996679509528,6,0.89021191145942,0.826360597086165,0.671899813195086,0.493127109303996,0.832146710988191
1068,0.568553414335777,6,0.612575375713046,0.610907619826622,0.444637801666704,0.328475309984513,0.832146710988191
1069,0.68011133309997,6,0.755238255807502,0.671570918382832,0.5798607737902,0.388059264310244,0.832146710988191
1070,1.10111077195548,6,1.12058839754352,1.10555143321251,0.909446060817986,0.66211439009711,0.832146710988191
1071,1.33684476691094,6,1.39203228398041,1.35261538023127,1.04678933811067,0.828578200518209,0.832146710988191
1072,1.03225824735788,6,1.22175764223312,1.14919096942659,0.962841072688026,0.654913920974926,0.832146710988191
1073,0.853382422013967,7,1.11644283501214,1.0683875979322,0.992141177528041,0.743569547242602,0.868526068004271
1074,0.706503554591065,7,0.91135847468779,0.871745757890791,0.771752307447501,0.598988919233027,0.868526068004271
1075,0.737305226475876,7,0.950294011660143,0.83131350141711,0.732641768422531,0.611364631890556,0.868526068004271
1076,0.807127060072065,7,0.936243126441138,0.880772106269016,0.815228155228033,0.597042103622687,0.868526068004271
1077,0.663364363446491,7,0.77634554300752,0.746477599163068,0.709214942270283,0.508958497131231,0.868526068004271
1078,1.04636712111534,7,1.10663788628397,1.02993003840985,0.948330980367791,0.707244988758952,0.868526068004271
1079,0.993437921280335,7,1.03215299528595,0.996153116358926,0.880406198651504,0.694467751879125,0.868526068004271
1080,0.97012677464825,7,0.984199328539767,0.966970565549228,0.876403617453694,0.68649790047345,0.868526068004271
1081,0.975412860876102,7,0.968938620250464,0.944571258237881,0.85651377328649,0.67629679262027,0.868526068004271
1082,0.626215043594895,7,0.649688599698583,0.567796913281117,0.650437627010414,0.463122107281388,0.868526068004271
1083,1.15069185387187,7,1.15524978774565,1.12298034416211,1.10532091322195,0.799010660908922,0.868526068004271
1084,1.37693804316598,7,1.41797793669938,1.38655909961459,1.2257477589675,0.901311688727861,0.868526068004271
1085,1.08808115930084,7,1.12678408915037,1.0361276516302,0.929949914415144,0.706430457087788,0.868526068004271
1086,0.589200572943596,7,0.906764359814131,0.712585999211434,0.777267681123188,0.611227563971583,0.868526068004271
1087,0.683407026219236,7,0.826738853872575,0.772260204932108,0.74469846444851,0.520727460892373,0.868526068004271
1088,1.32969238189875,7,1.31597538117619,1.27025398936892,1.15583067523949,0.894189112914293,0.868526068004271
1089,0.815680125540941,7,0.946409285472159,0.869783679829975,0.759543556828835,0.612464786494622,0.868526068004271
1090,0.510468606772483,7,0.51470417467458,0.462680839175924,0.508129511887352,0.322992826428842,0.868526068004271
1091,1.16237543960344,7,1.19143766398067,1.1837280157554,1.07333718299659,0.827295206918157,0.868526068004271
1092,1.50050087062496,7,1.52133232066806,1.54286356178414,1.34256263338381,1.04689652143635,0.868526068004271
1093,1.11399261178446,7,1.06996084523165,1.02639514256585,0.793862994607604,0.739023282618687,0.868526068004271
1094,0.887972667711576,7,0.850907785295265,0.858620042704673,0.747271144409788,0.539976361957421,0.868526068004271
1095,0.00301281118173947,7,0.0032049579528989,0.00321653184647047,0,0,0.868526068004271
1096,0.621521367322196,7,0.553652997512816,0.576497133714179,0.55019092186228,0.395517976399618,0.868526068004271
1097,0.952309240924923,7,0.838612154230044,0.889015515780716,0.940270688505115,0.683820598501193,0.868526068004271
1098,1.3754366113849,7,1.13039146317643,1.30045488315286,1.10931906920013,0.873460760327428,0.868526068004271
1099,1.34790101962569,7,1.14274863776469,1.31425521701776,1.05732397322976,0.778806290983467,0.868526068004271
1100,1.40795282546407,7,1.09052740869693,1.32507894908743,1.18778414796576,0.943503186224865,0.868526068004271
1101,1.33445622311448,7,1.01416927157975,1.2581716650224,1.21634775135223,0.884020616852226,0.868526068004271
1102,1.45392074298774,7,1.05352388475508,1.37428954086046,1.24367167786708,1.0089653760202,0.868526068004271
1103,1.52941276541218,7,1.10765166930349,1.41835584722535,1.35789386896872,1.08790979468046,0.868526068004271
1104,1.01102589428402,7,0.759689470392265,0.988440287080212,0.960195717776868,0.7613083474411,0.868526068004271
1105,1.78801449840984,7,1.20617964513482,1.65727800951865,1.492724783752,1.29582816978081,0.868526068004271
1106,1.74917939739946,7,1.19280073302911,1.6931069611539,1.4387219139282,1.23304501668788,0.868526068004271
1107,1.80174820916122,7,1.23358307211193,1.65625933413423,1.5134380195487,1.30617190462692,0.868526068004271
1108,1.40860163425239,7,0.966559599676336,1.29997937020972,1.00913453084692,0.931020547103465,0.868526068004271
1109,1.72223965221817,7,1.16788675443363,1.63187967431133,1.43794336459717,1.28845680553607,0.868526068004271
1110,1.17311721902526,7,0.764418153194018,1.02264731699868,1.07420384153561,0.855211533037942,0.868526068004271
1111,1.74690590779173,7,1.2437407412115,1.62824491798712,1.46701678296816,1.30907308514247,0.868526068004271
1112,1.31685471775586,7,1.09780742957273,1.43115867070718,1.32117282754656,1.1324817919619,0.868526068004271
1113,1.65983247114377,7,1.19412753430976,1.54056031194827,1.44264524470441,1.18217725769596,0.868526068004271
1114,1.30027659783583,7,0.927753410521754,1.15925549758473,1.18624490176259,0.916521225363327,0.868526068004271
1115,0.451730845977026,7,0.305966807201248,0.389009933946662,0.30715441520602,0.221164683727704,0.868526068004271
1116,1.2810345074496,7,0.994643009948203,1.12440291274333,1.05255916184735,0.793878067359739,0.868526068004271
1117,1.15009336598898,7,0.931960162958129,1.1365425953441,1.03495691110236,0.85120545229979,0.868526068004271
1118,1.31852268910868,7,1.19162798308417,1.26901710309747,1.21407888416793,1.01063480073997,0.868526068004271
1119,1.37163535319545,7,1.21428152264835,1.34469572065135,1.26241787505633,1.06928645921762,0.868526068004271
1120,1.4499097956853,8,1.34635422186342,1.48074171781874,1.20299158840908,1.05112536681485,0.874115899609591
1121,1.06820351852946,8,1.00764093271655,1.08373946568801,0.847134882534176,0.754356591605404,0.874115899609591
1122,1.20206302164602,8,1.1398622543699,1.23743063230106,0.971222850232524,0.795173065866236,0.874115899609591
1123,0.520202986730202,8,0.465348290422274,0.501265799116142,0.477366543656697,0.271068339679255,0.874115899609591
1124,1.03504543043516,8,0.987791619916062,0.988848943911146,0.771900823788819,0.714678453932132,0.874115899609591
1125,0.680827125924988,8,0.669766686092481,0.663413667649374,0.663508696981889,0.472381744781458,0.874115899609591
1126,1.02586734120616,8,1.00572955951942,1.03779111170872,0.982877061870395,0.721666350767872,0.874115899609591
1127,1.02501911899777,8,1.0861961713402,1.04139134403031,0.900565875990997,0.661866163949877,0.874115899609591
1128,1.2775117666386,8,1.38841651712994,1.28411819127761,1.07345201360981,0.8250924464171,0.874115899609591
1129,1.11107688041445,8,1.21089328002233,1.1402985354119,0.901169598109392,0.699067648204023,0.874115899609591
1130,0.558041485487856,8,0.571921808510859,0.533332910362364,0.565324331256615,0.374671136228794,0.874115899609591
1131,0.874585705481205,8,0.921543203796777,0.866634771417787,0.696068778057268,0.619703677075974,0.874115899609591
1132,0.624950223104527,8,0.708648872732365,0.667915684328522,0.617094531706615,0.45572444557065,0.874115899609591
1133,0.581002659451523,8,0.598803221086432,0.53764747121944,0.526185648031859,0.403808775172411,0.874115899609591
1134,0.813719791560448,8,0.856190866698627,0.795872419636623,0.684946333716095,0.566416334525247,0.874115899609591
1135,0.782553677016868,8,0.7813165130078,0.779450496842758,0.701246925704561,0.574127737365387,0.874115899609591
1136,1.08998710485789,8,1.05766914299047,1.07362408900986,0.955326834772397,0.803070095057252,0.874115899609591
1137,1.03922736753594,8,1.01682772270124,0.994017668840581,0.860224722759391,0.746440463853884,0.874115899609591
1138,1.17987504510998,8,1.0933469686858,1.13445997044339,1.03234109011244,0.851993577686145,0.874115899609591
1139,1.29033306373115,8,1.17772801160913,1.25482669648842,1.14937297313741,0.937324815005352,0.874115899609591
1140,1.30824860794699,8,1.19712112525152,1.22376749668702,1.15042194019181,0.948323244872804,0.874115899609591
1141,0.979789666302076,8,0.877286052720357,0.924178065799246,0.905783267639995,0.692837399107057,0.874115899609591
1142,1.55265628731543,8,1.45303979861943,1.5085215583488,1.50509944286033,1.18363833711903,0.874115899609591
1143,1.35491691805193,8,1.25098113191929,1.42894836674715,1.2765406044663,1.00610782977313,0.874115899609591
1144,1.28593843186506,8,1.4686651969411,1.45541650884412,1.46217967884946,1.15020913676943,0.874115899609591
1145,0.830980400079242,8,0.771560768806877,0.77772115455742,0.844617605093805,0.592588967571928,0.874115899609591
1146,0.802446342085001,8,0.724731979786422,0.713568668073678,0.729877410934986,0.526154443327943,0.874115899609591
1147,0.890099144125435,8,0.88322266772855,0.863276821784378,0.816401765258171,0.606836714720837,0.874115899609591
1148,0.726596765628217,8,0.720201367590151,0.6877032252214,0.717916520885332,0.488982245185098,0.874115899609591
1149,1.33722981681373,8,1.3473280572621,1.24840233465512,1.22209454190232,1.00175961150036,0.874115899609591
1150,0.68394770532898,8,0.707394024004714,0.62699391243285,0.684034893851556,0.484902175037111,0.874115899609591
1151,0.99108917154807,8,1.17085478284851,1.04474545639785,1.06716871462516,0.85822690359596,0.874115899609591
1152,0.909606649580472,8,0.958297709315067,0.882800798888338,0.868891246491738,0.672926095401626,0.874115899609591
1153,0.768638197878589,8,1.00982813533109,0.873230426148738,0.875037950475776,0.677534565735609,0.874115899609591
1154,0.896391802497244,8,1.06442224256557,0.896324609654416,0.933233548994498,0.660036734048388,0.874115899609591
1155,0.951631997604756,8,1.31801753695224,1.03451859449362,1.07898962357376,0.862456667617121,0.874115899609591
1156,0.504195632655226,8,0.603532309181035,0.436946674034157,0.537846438605932,0.367436137224429,0.874115899609591
1157,0.598814791610907,8,0.916455012054131,0.687748070971603,0.765976432939101,0.591914012190774,0.874115899609591
1158,0.914728805022153,8,1.15058051283486,0.812159606411994,0.942964538771538,0.732816479576368,0.874115899609591
1159,0.599568246598658,8,0.83848349425688,0.60824047247584,0.60008321715708,0.492172752547951,0.874115899609591
1160,0.622566186294729,8,0.867042247787023,0.647127786472915,0.660799894638559,0.499464382691573,0.874115899609591
1161,0.752866157263218,8,1.15189874150742,0.824434725800979,0.863109711635999,0.62004335053627,0.874115899609591
1162,0.738047600630897,8,1.01361137247992,0.707584663650342,0.751272668981948,0.538413392147779,0.874115899609591
1163,0.940068182769355,8,1.39387616109876,0.958763819145003,0.958039919144998,0.759028863746276,0.874115899609591
1164,0.840892067546131,8,1.19685660870148,0.828496183799566,0.890897430886374,0.65192916089674,0.874115899609591
1165,0.448177137844499,8,0.589380047134849,0.383947576074913,0.469868269046232,0.327752237203865,0.874115899609591
1166,0.92644945997527,8,1.29968708786135,0.876188057724587,0.959901566230377,0.756729966126947,0.874115899609591
1167,0.910642674224178,8,1.32055670364643,0.870273428127577,0.990095853530487,0.76823162914954,0.874115899609591
1168,0.409751143579306,8,0.53661270249164,0.327322881287683,0.489567038739234,0.324540228743141,0.874115899609591
1169,0.52021571822526,8,0.971173855947386,0.629292322793001,0.736697927021215,0.567314685113318,0.874115899609591
1170,0.365593910686579,8,0.484708452762606,0.32884887633845,0.401764079152532,0.311500256718359,0.874115899609591
1171,0.559116570916486,8,0.742346468910289,0.494132070159568,0.63153552344141,0.478813393967515,0.874115899609591
1172,0.80106525093056,8,0.981289040778597,0.752124245928247,0.848432405098987,0.678979858446319,0.874115899609591
1173,0.659447391952044,8,0.757609885913448,0.556080445267343,0.665109886950458,0.532621763387169,0.874115899609591
1174,0.85449710154277,8,0.975641341554152,0.792017539960535,0.85667996274187,0.712692604982245,0.874115899609591
1175,0.916397438379318,8,1.04064189406517,0.825891679948793,0.944331464679505,0.749030727755283,0.874115899609591
1176,1.02121126587999,8,1.08598426162224,0.928578178476521,0.993400724807062,0.83510840303634,0.874115899609591
1177,0.986493542346212,8,1.03049957063928,0.875254067862652,1.01221231957178,0.784903257209103,0.874115899609591
1178,0.923305280761595,8,0.916635148821213,0.857303838633509,0.862524062395007,0.746455728311211,0.874115899609591
1179,0.905654526872004,8,0.85013079535473,0.827197937846091,0.879264338426201,0.70742617403946,0.874115899609591
1180,1.08220785810215,8,1.0298570774828,0.967455667767241,1.02196674396617,0.872817013695085,0.874115899609591
1181,1.05745891116929,8,0.878696497203212,0.974371680127075,1.06993232598387,0.877376839755616,0.874115899609591
1182,1.5185385246506,8,1.29127487602625,1.39830313884772,1.50679879934233,1.26033212458037,0.874115899609591
1183,1.17290413218477,8,0.901313987819067,1.05783322961239,1.2345105201536,0.965841188457549,0.874115899609591
1184,1.45434684719824,8,1.12997168126167,1.33694814568806,1.28316135096285,1.18146140032829,0.874115899609591
1185,1.82131795263995,8,1.35170297303431,1.76042130046857,1.68865710429331,1.47877678949863,0.874115899609591
1186,1.52724491741376,8,1.15571104260363,1.41734800530842,1.3947605754868,1.28577544954525,0.874115899609591
1187,1.4791080048091,8,1.21011994061065,1.49321684823614,1.48627644147596,1.19507855749786,0.874115899609591
1188,1.50803813786242,8,1.19264960628248,1.49609672440771,1.46401370319838,1.28367498425813,0.874115899609591
1189,1.20339048335335,8,0.915419635050784,1.13864418829305,1.12336666804193,0.997096040172128,0.874115899609591
1190,1.3591989047489,8,1.05163334744212,1.21314856150117,1.3352581742065,1.08492903138021,0.874115899609591
1191,1.23127286830358,8,0.95356871043952,1.19879566625341,1.29374521008713,1.02265020112289,0.874115899609591
1192,0.903448269579527,8,0.667862724152986,0.723653840333924,0.951909524115484,0.686095953282571,0.874115899609591
1193,0.764030577342202,8,0.649257165236723,0.674808328129639,0.764513026764968,0.492052756888087,0.874115899609591
1194,0.95443246942709,8,0.808143675200707,0.827117296352809,1.04023903033106,0.825784242673342,0.874115899609591
1195,1.22997894181111,8,0.940770231949779,1.03346265077352,1.16383009788906,0.963794276410108,0.874115899609591
1196,1.12678329013869,8,0.889528179328832,1.0322379973194,1.18197472943735,0.883040689408175,0.874115899609591
1197,1.38991384471353,8,1.13335749187256,1.24610705513885,1.44029602936188,1.27255709784418,0.874115899609591
1198,1.14510669684089,8,0.913943631065062,1.00127571291372,1.22365082195799,0.995993241568274,0.874115899609591
1199,1.08985690037263,8,0.851639578936357,0.934518165478943,1.22498643016248,0.844495933456868,0.874115899609591
1200,1.41925824218422,8,1.06581658595126,1.24107941866093,1.51664251045795,1.05493182232552,0.874115899609591
1201,1.59344209550853,8,1.17824011418411,1.39939952654413,1.58041992747183,1.30444997274541,0.874115899609591
1202,1.64669667846984,8,1.27812376093306,1.53306311854046,1.54034387295684,1.31151991018071,0.874115899609591
1203,1.20152077326742,8,0.881671581249878,1.11518600271715,1.23987305317443,1.0132511867801,0.874115899609591
1204,1.34874894263088,8,0.942960234390126,1.16279882744331,1.43168666697682,1.18740594453306,0.874115899609591
1205,1.40991628014978,8,1.01970449224098,1.25518138564714,1.33013315008059,1.08565693963856,0.874115899609591
1206,1.32908489090077,8,0.964081381635987,1.12612312509402,1.3933253554049,1.14717594933254,0.874115899609591
1207,1.39112273149356,8,1.05386811335307,1.24322829665969,1.38923651286322,1.19534064304564,0.874115899609591
1208,1.53841430823144,8,1.14985288286826,1.35013456124708,1.52603639394344,1.34679440694482,0.874115899609591
1209,1.76569532296818,8,1.31101598403538,1.565448077635,1.75709149419087,1.63031950040257,0.874115899609591
1210,1.3269490827855,8,1.00299913415325,1.21140330181848,1.37085188030224,1.17964499465253,0.874115899609591
1211,1.07071350750645,8,0.808441889260363,0.945060138266393,1.06606852196008,0.891701601670876,0.874115899609591
1212,1.43569036980804,8,1.05514843400454,1.28020359499987,1.38520948687703,1.14147717252834,0.874115899609591
1213,1.18059570513142,8,0.931203209197848,1.09896347251429,1.26330104790484,1.05089402029855,0.874115899609591
1214,1.19698513895847,8,0.909384439911231,1.04097053730987,1.23771005575514,1.01209149102693,0.874115899609591
1215,1.13393308349246,8,0.933066684239836,0.970630918126249,1.18099006711138,0.95668529965824,0.874115899609591
1216,1.36359710100087,8,1.07402348143941,1.18882747120321,1.32063969704737,1.16351149466966,0.874115899609591
1217,1.06352846167932,8,0.856198654771141,0.924412696454304,1.15420406757796,0.924866552899,0.874115899609591
1218,1.02070695498457,8,0.820242243232288,0.843957376445102,1.14253530445341,0.86699466341328,0.874115899609591
1219,1.31112215560437,8,1.08810281792181,1.1820180283893,1.31912521770484,1.08899401137174,0.874115899609591
1220,1.4812492100236,8,1.23737305567829,1.34056977113846,1.44450013616068,1.11265214430703,0.874115899609591
1221,1.34015542386632,8,1.09181857845046,1.16951536704288,1.36804676138248,1.10723606752962,0.874115899609591
1222,1.18349549982518,8,0.961619130245537,1.02961004100458,1.22472796947861,0.939808541495067,0.874115899609591
1223,1.19821365776283,8,0.976225613051339,1.02335192670102,1.24070781900666,0.953117916889365,0.874115899609591
1224,1.04430461339045,8,0.863082470838047,0.886114385429606,1.10280452382734,0.824638384119395,0.874115899609591
1225,1.00220896957829,8,0.804890306188476,0.803645075540306,1.02123112708708,0.751385562570978,0.874115899609591
1226,1.33558330856619,8,1.12094572137269,1.18607837361593,1.36246633359779,1.15409232061324,0.874115899609591
1227,1.0719745170943,8,0.886694381830392,0.935793359772968,1.16980264182469,0.895804333239689,0.874115899609591
1228,1.53181528814961,8,1.27279645788075,1.38047493154509,1.61631398321828,1.30494393257868,0.874115899609591
1229,1.43054724922419,9,1.2620119828536,1.32123247879093,1.53756547896216,1.28283973926636,0.896437518392817
1230,0.760394018028634,9,0.693323658672525,0.684810572299712,0.912033879258061,0.694286145330779,0.896437518392817
1231,1.24156677813131,9,1.16584168991601,1.19858942490888,1.42110271151206,1.10768620735914,0.896437518392817
1232,0.974528156965159,9,0.840047925299702,0.858852624767701,1.05071260830202,0.712331954037798,0.896437518392817
1233,0.886262365073112,9,0.823047560299373,0.792686288196546,0.979396135688217,0.750348523670918,0.896437518392817
1234,0.83650996435755,9,0.71999619471199,0.713598999973416,0.96374382733617,0.719810334927026,0.896437518392817
1235,1.02252994550257,9,0.91414267141595,0.963878441059393,1.14153220261022,0.907927179908316,0.896437518392817
1236,1.154336352038,9,0.964697067359816,1.01430891456217,1.28908938817643,1.04023603374801,0.896437518392817
1237,0.73543495590046,9,0.629237877141823,0.646896905597073,0.843761915524119,0.62528291155257,0.896437518392817
1238,1.14743940272139,9,0.966876461376842,1.06794145380645,1.2116734708377,0.99277903668539,0.896437518392817
1239,1.42075379707169,9,1.11361521323203,1.25895324206681,1.50307305447058,1.34471329596286,0.896437518392817
1240,1.52875428248412,9,1.19820765567571,1.33996926794219,1.47174030030094,1.23483999507232,0.896437518392817
1241,1.97676826479743,9,1.70236584396217,1.86009488464694,2.10147583997759,1.91556148103488,0.896437518392817
1242,1.98129463796744,9,1.70495512658732,1.73785810784001,2.06358021554175,1.90286991121331,0.896437518392817
1243,1.15549185955213,9,1.03176873476544,1.07030211449545,1.31295713526328,0.8640429205251,0.896437518392817
1244,0.985527982791149,9,0.862266189577686,0.85100151276962,1.01771188158712,0.813643811910502,0.896437518392817
1245,1.40700503491727,9,1.29498703820168,1.26384570518257,1.48409294442276,1.26281898213604,0.896437518392817
1246,0.91456769277323,9,0.870393220869522,0.824643489831343,1.03802464719644,0.838516055109977,0.896437518392817
1247,1.16843228542252,9,1.21468171222277,1.1209865184405,1.20863197438407,0.88764012727918,0.896437518392817
1248,0.40175762147431,9,0.460935289594041,0.421824523112825,0.567035202291272,0.424533700704943,0.896437518392817
1249,0.329464855798088,9,0.319514879144029,0.285372249226014,0.477088494945766,0.304223270287175,0.896437518392817
1250,0.437687096237436,9,0.563173936849391,0.484765852413068,0.480347973321861,0.312540518709008,0.896437518392817
1251,0.503121681389764,9,0.553802666537063,0.458953556540644,0.49366386648018,0.35603808081571,0.896437518392817
1252,0.73140023266978,9,0.865039204147529,0.745206869043269,0.830718038195548,0.561033079517249,0.896437518392817
1253,0.489858579726868,9,0.650384037265281,0.533669819504682,0.572782340201723,0.388099198354033,0.896437518392817
1254,0.901612893477844,9,1.11060271362002,0.918061572188286,1.0037361324182,0.71649996392986,0.896437518392817
1255,0.997812479479957,9,1.19554999510978,1.01966385405016,1.16667683531202,0.845796159172897,0.896437518392817
1256,1.10313179489322,9,1.37610878141701,1.21414099052884,1.25834739917095,0.952807857116225,0.896437518392817
1257,0.862229574835227,9,1.06464060832849,0.930737238891633,1.06628524962547,0.822730320958282,0.896437518392817
1258,0.95059858322399,9,1.06798515076461,0.940768084844298,0.939066130333448,0.725196463777748,0.896437518392817
1259,0.741367611678673,9,0.847627740428381,0.756573093722025,0.723693692519643,0.544378409442862,0.896437518392817
1260,1.2023179857354,9,1.34920394072642,1.22842821641584,1.47103956383583,1.08545209291372,0.896437518392817
1261,1.20700960763417,9,1.39940788575031,1.22625530927813,1.21311476389601,0.94277164433662,0.896437518392817
1262,0.781858817454591,9,0.94066173070469,0.814390159572941,0.915009952670779,0.741074820550205,0.896437518392817
1263,0.502150512386615,9,0.569077115004242,0.45556592524646,0.488855865522369,0.269810099226971,0.896437518392817
1264,0.673052077558333,9,0.871282550393672,0.730791482385767,0.674521733298867,0.586383999469142,0.896437518392817
1265,0.980266250653784,9,1.16382070683699,1.00972128046713,0.831751506825473,0.850290986559834,0.896437518392817
1266,1.07891661975921,9,1.32590090313363,1.10304363397277,1.26825779574162,0.944432475197534,0.896437518392817
1267,0.843020335170763,9,1.02124216710121,0.870520305579118,1.04797638833207,0.656629718268615,0.896437518392817
1268,0.831596483501516,9,1.28738838520489,1.07543653943517,1.11389385007995,0.674172349417591,0.896437518392817
1269,0.84313516103698,9,1.07739666455239,0.900822805978653,0.767059257200279,0.81083064358671,0.896437518392817
1270,0.70721937044728,9,0.897724751783669,0.694671515259732,0.641805296776625,0.660017827829532,0.896437518392817
1271,0.835208722613407,9,1.15006140919232,0.93303802340403,0.765984666312824,0.576176053499261,0.896437518392817
1272,0.774256629262636,9,1.02083408367053,0.82804313880586,0.775542087514103,0.672610280260521,0.896437518392817
1273,0.706949822154705,9,0.926561882806626,0.720796699683851,0.804720782521361,0.503216480287485,0.896437518392817
1274,0.229575474605214,9,0.297503124275909,0.202561402754275,0.245440469362042,0.123294733162774,0.896437518392817
1275,0.572064218241665,9,0.788518449736187,0.557120037191848,0.712217048797513,0.500632559821685,0.896437518392817
1276,0.453950611309219,9,0.595631112808435,0.424574246179448,0.489827360318291,0.367990466948651,0.896437518392817
1277,0.90019165407148,9,1.16669860296882,0.945183101784174,1.07812446639412,0.812703352911546,0.896437518392817
1278,0.624662825222941,9,0.790338602210215,0.626800482756861,0.709884486200338,0.523748100070853,0.896437518392817
1279,0.823018941350317,9,1.09423428044567,0.915409387895736,1.07830426420183,0.784038410248929,0.896437518392817
1280,0.558132578018947,9,0.667869404259663,0.5464419349182,0.736209364613133,0.482903688868551,0.896437518392817
1281,0.994920127636174,9,1.15726837371957,1.01568510193011,1.20593617373849,0.896642995633844,0.896437518392817
1282,0.963563748076023,9,1.28317535890436,1.18985717228037,1.31510124152049,1.02468021639132,0.896437518392817
1283,0.989081098680614,9,1.09727017460083,0.979866817425394,1.11929380122861,0.855454883852484,0.896437518392817
1284,1.202450676183,9,1.28140309570334,1.21040367439851,1.3754642595051,1.06384553260862,0.896437518392817
1285,1.06682485101531,9,1.15373550719111,1.08298580338834,1.22045330090263,0.912898037289181,0.896437518392817
1286,1.04521369123223,9,1.18699885798393,1.11918940618076,1.11260531450505,0.814659658594759,0.896437518392817
1287,0.97130350989832,9,1.01268866930846,0.954011949591763,1.06660889948944,0.842626161051604,0.896437518392817
1288,0.515352711266043,9,0.533482925474963,0.498555249407355,0.590996133400565,0.368055070122814,0.896437518392817
1289,1.00589455001809,9,0.995674261761417,0.956184733396628,1.15857720199934,0.895844768581938,0.896437518392817
1290,1.13166720964365,9,1.08036585210819,1.1283061873542,1.33621989555236,1.02176109992652,0.896437518392817
1291,0.990527152785586,9,0.966471614752021,0.942679263153134,1.17018758566757,0.87269108946268,0.896437518392817
1292,0.804562352913559,9,0.761499755080343,0.755812391007937,1.00961602250765,0.705257103251801,0.896437518392817
1293,1.27457613415288,9,1.18514208644586,1.23415739702613,1.38049759055998,1.08298881818696,0.896437518392817
1294,1.05239981248778,9,0.967195803184105,0.948466795854083,1.14964176164845,0.800574354516551,0.896437518392817
1295,1.21340994296546,9,1.2970595207811,1.43620015669953,1.39821915105946,0.952075145195188,0.896437518392817
1296,1.10835652494914,9,0.998398548651301,1.03229331730732,1.14517533023395,0.972295266467228,0.896437518392817
1297,0.930661973661791,9,0.795433129968725,0.828406062133328,1.04717561447916,0.78763636009399,0.896437518392817
1298,1.24968798141646,9,1.12948118073747,1.23834296540554,1.42966033615904,1.0497276123749,0.896437518392817
1299,1.49382068566902,9,1.30673063234984,1.45201032955683,1.63920188320338,1.29613751214331,0.896437518392817
1300,1.39973022062285,9,1.21860953061489,1.36234891832931,1.44912662382654,1.27139682363673,0.896437518392817
1301,1.13695305902788,9,0.872267793336944,1.01189912373664,1.25094577192101,1.00086248874661,0.896437518392817
1302,1.21319036723538,9,1.03846821982312,1.12887319823674,1.26947044209359,0.971564617697995,0.896437518392817
1303,1.26857054907471,9,1.0938778753499,1.20030616017513,1.35891725299794,1.08834760812228,0.896437518392817
1304,0.403782214211698,9,0.46121568253038,0.336930019543625,0.470575425798524,0.309279519758057,0.896437518392817
1305,0.851108718939755,9,0.696582245887196,0.76302696798871,0.92273582136134,0.671865624024866,0.896437518392817
1306,0.510954559081691,9,0.43649321300485,0.447101659635286,0.647843205086667,0.435554384396245,0.896437518392817
1307,0.994516965241571,9,0.804586731952622,0.941538351814402,1.1675479300552,0.866262725007537,0.896437518392817
1308,1.29948915418564,9,1.01638184905653,1.28673520008857,1.51555364230552,1.23384073295729,0.896437518392817
1309,1.34060964709392,9,1.04177563487269,1.31956956977809,1.56686326953308,1.23419715499933,0.896437518392817
1310,1.68503409391726,9,1.24602683967741,1.65675323832933,1.82544371139138,1.6460067512905,0.896437518392817
1311,1.59483690623991,9,1.14933240433431,1.50415694650412,1.74822200623177,1.45395080501596,0.896437518392817
1312,1.87795589031804,9,1.33385826392301,1.81987578647322,2.00795248145426,1.74254653779919,0.896437518392817
1313,1.6077641086959,9,1.14946301876571,1.59864916950375,1.9218574272215,1.68575733389546,0.896437518392817
1314,2.10577107038665,9,1.41432295746367,1.91286093867219,2.16939984829342,1.97860002841462,0.896437518392817
1315,2.18155061753562,9,1.50485162555885,2.12216996507253,2.2491038445016,1.9576095419436,0.896437518392817
1316,1.24902333900809,9,0.868096946762992,1.20217324030585,1.27529434531053,1.04756511024315,0.896437518392817
1317,1.0602978623663,9,0.753285173713574,0.93542649830183,1.08514361605912,0.83231167723976,0.896437518392817
1318,1.27976026617669,9,0.819884428199786,1.14198055062152,1.39366778570448,1.07986640734918,0.896437518392817
1319,0.77836283878638,9,0.586645523183558,0.703084849729967,0.816202453601359,0.625888368349484,0.896437518392817
1320,1.20128149514642,9,0.861634838909256,1.09348647528208,1.29829906425957,1.0193943868126,0.896437518392817
1321,1.34869040407186,9,0.988482600320182,1.22777510442261,1.39319740097868,1.10412821935647,0.896437518392817
1322,1.5410156329653,9,1.13346868413868,1.55240060998984,1.62944597094695,1.35766344318059,0.896437518392817
1323,1.18872617144356,9,0.874826947214264,1.17725716032081,1.32896841072712,0.981558151966181,0.896437518392817
1324,0.903574511899736,9,0.632857545101151,0.831486110818107,0.921133762003595,0.699033351355992,0.896437518392817
1325,1.59456107422044,9,1.14630728856364,1.52689002792359,1.64268420834283,1.32982377160385,0.896437518392817
1326,1.67399593621126,9,1.23748837265222,1.68627904171163,1.77116651521454,1.50161708172252,0.896437518392817
1327,1.53665802468155,9,1.14487039174995,1.54551352432218,1.56385924674268,1.41208737778053,0.896437518392817
1328,1.20279179954921,9,0.891730889324137,1.10713135136664,1.16901956611343,0.976094567474818,0.896437518392817
1329,1.63429441234522,9,1.11009897558016,1.56015621401364,1.54167072524828,1.47968785374251,0.896437518392817
1330,1.17867175057419,9,0.844370330789515,1.12737963903941,1.21187952521425,1.07978532147011,0.896437518392817
1331,1.34618328600281,9,0.927227639906629,1.29961343914256,1.38225099199083,1.2025994852223,0.896437518392817
1332,1.74697632217778,9,1.24873275484924,1.56820921619874,1.7244295341877,1.50580483705009,0.896437518392817
1333,1.09960891670932,9,0.762996624268172,0.949620594492229,1.11774429741494,0.82434113998854,0.896437518392817
1334,1.56904420914566,9,1.12206780455624,1.40427382050232,1.562143303253,1.32266190318817,0.896437518392817
1335,1.31910372956958,9,0.91001869798131,1.1551924376337,1.12261918511239,0.997834120264398,0.896437518392817
1336,1.35252877645369,9,0.959836541583097,1.17239346961965,1.41657985143998,1.0839275034584,0.896437518392817
1337,1.18226217815568,9,0.853821289444931,0.982583910308328,1.364702387241,0.935198572493097,0.896437518392817
1338,1.50376078589816,9,0.981170150116648,1.39388214784283,1.52271351708469,1.25658111380144,0.896437518392817
1339,1.39669619778355,9,0.968844009735454,1.23032527459722,1.40285652572052,1.17153071168176,0.896437518392817
1340,1.3949472606363,9,0.989328175648255,1.20211179907335,1.48505414335297,1.20330980781511,0.896437518392817
1341,1.4975991711236,9,1.01952212661419,1.30318673958029,1.5555624843463,1.35035558585147,0.896437518392817
1342,1.53531319405135,9,1.04298929389857,1.43111808297749,1.51066362481736,1.22836047616179,0.896437518392817
1343,1.74138689403456,9,1.19561932031258,1.6556907241539,1.70575014703978,1.44198868900089,0.896437518392817
1344,1.23789471757128,9,0.857079602649159,1.05717063561276,1.18027162404653,0.959520606441272,0.896437518392817
1345,1.69972347147858,9,1.16039943162087,1.46929403277248,1.66328911701666,1.40922342732708,0.896437518392817
1346,1.48907657185197,9,1.00699963594347,1.24812616065045,1.42525486234377,1.18256689922363,0.896437518392817
1347,1.23577327262533,9,0.854364975887085,1.07172654930333,1.31141998756891,1.00359079177604,0.896437518392817
1348,1.44749133591532,9,1.00945027258032,1.29354991460618,1.50202982750835,1.1829411210316,0.896437518392817
1349,1.53100708582075,9,1.08780484861307,1.390539556179,1.56982627983073,1.22627198484676,0.896437518392817
1350,1.37346863791659,9,0.981660852480946,1.21739405985627,1.39528747585883,1.083339613209,0.896437518392817
1351,1.80517661164579,9,1.34706260533668,1.87286511420762,1.88674890610206,1.61193022530841,0.896437518392817
1352,1.38488902128887,9,1.05785120535824,1.33245189491594,1.45640630492244,1.15100098479479,0.896437518392817
1353,0.962738035233915,9,0.701217203570476,0.881290515902807,0.980504212431044,0.764667103766269,0.896437518392817
1354,1.49052107955781,9,1.13509175388485,1.41673440161942,1.57485255303537,1.27256079775008,0.896437518392817
1355,1.27795191376019,7,1.03005932342072,1.1951412101152,1.4462824607287,1.08875998011774,0.882908919879836
1356,1.15686403866915,7,1.0022416718176,1.23487616063701,1.34478365924564,0.970846702939024,0.882908919879836
1357,1.3290491844286,7,1.20651894025621,1.26649377183258,1.39510156192536,1.07873210934225,0.882908919879836
1358,1.14400713655712,7,1.09613267687267,1.12312431755116,1.32777963826384,1.00647125520934,0.882908919879836
1359,0.951027571544758,7,0.833556101723269,0.998780275904675,1.11667291738264,0.82632068445257,0.882908919879836
1360,0.526743615388143,7,0.648214902840729,0.759004286323448,0.637125585253015,0.424740141244029,0.882908919879836
1361,0.85325651550345,7,0.904041034305385,0.809637550471754,0.922670683776468,0.714725298742545,0.882908919879836
1362,1.12306520242875,7,1.13876137021319,1.02659978862267,1.24922140505019,0.885729674148999,0.882908919879836
1363,0.71080762500269,7,0.759015870396382,0.770704740912612,0.764693974090622,0.593837384292026,0.882908919879836
1364,1.12462593853922,7,1.14176846065624,1.04935701959515,1.19131292571301,0.870157254431074,0.882908919879836
1365,0.924465812722771,7,1.01266984736186,0.877914439845709,0.981478615061046,0.716125809518146,0.882908919879836
1366,0.64083652716425,7,0.643166741676469,0.582964187147795,0.729244521695319,0.492466523228727,0.882908919879836
1367,0.533830990840407,8,0.552300296884189,0.576099320301098,0.524121038061691,0.366432799886197,0.899386358769384
1368,0.656245642267514,8,0.803003857306296,0.693247881257011,0.76022467842069,0.516796941968069,0.899386358769384
1369,0.640581504004569,8,0.625080102758986,0.675140219201291,0.708544826712647,0.491593798888997,0.899386358769384
1370,1.01176440251804,8,1.14899499704201,1.05445753613575,1.16167158575184,0.808436148797309,0.899386358769384
1371,1.27747520363498,8,1.27884607135176,1.4126388808764,1.32742476152347,0.926175527785359,0.899386358769384
1372,1.26514416116949,8,1.26706588442392,1.34092358433481,1.38581837160899,0.92567829533992,0.899386358769384
1373,0.812611907806064,8,0.986195706279279,0.958074470056416,1.06032228510462,0.72575299977831,0.899386358769384
1374,1.21139716753588,8,1.19902433832621,1.33232725829844,1.34868508665397,0.976980605749499,0.899386358769384
1375,0.990892987374322,8,1.01638910839818,1.10169474166511,1.02320248703986,0.740870714311827,0.899386358769384
1376,1.12333706077611,8,1.18429079753079,1.26041601912792,1.20315536579828,0.86766257772423,0.899386358769384
1377,1.11164523976408,8,1.1522178104683,1.32639929805441,1.23548958488317,0.851016298665453,0.899386358769384
1378,1.22903393272588,8,1.33969701868363,1.42767971742488,1.36522690503974,0.911802783163027,0.899386358769384
1379,0.919832347518479,8,0.907213948846279,1.05711366752474,0.803884226276978,0.522675278083103,0.899386358769384
1380,0.524255499340119,8,0.793230786363097,0.768482102662463,0.899735272697831,0.549995284810784,0.899386358769384
1381,0.614364435555076,8,0.602718676439286,0.660250110505814,0.658715801000292,0.37932852829301,0.899386358769384
1382,0.948800185114993,8,1.10712763611643,1.16124921736055,1.13446729689103,0.787089040572551,0.899386358769384
1383,0.820640611230112,8,0.862875896365724,0.952211708439429,0.711188074025548,0.555709727798082,0.899386358769384
1384,0.966474909619725,8,1.10362194017166,1.12761671534454,1.11699569669975,0.757980585653248,0.899386358769384
1385,1.11159316179567,9,1.19973397836624,1.24574994963684,1.21807888870791,0.870813465569836,0.906786292952212
1386,0.901730447470942,9,1.08571179141734,1.06851216931998,1.02532503307256,0.756659833669538,0.906786292952212
1387,1.03579199716686,9,1.22518372279491,1.13940302254799,1.15175755257112,0.849573978221779,0.906786292952212
1388,0.389268631430114,9,0.386516059196339,0.449849170577054,0.366132422264135,0.242533870047625,0.906786292952212
1389,0.700390759085718,9,0.832933842578379,0.788154519928838,0.717038758506622,0.486292770981065,0.906786292952212
1390,0.794928589626852,9,0.974842846427756,0.963433724767903,0.919966496736973,0.618642746066777,0.906786292952212
1391,0.895462578519581,9,1.05978397389604,1.02132949842453,0.975639640014513,0.646515869938047,0.906786292952212
1392,0.840157523711723,9,1.0261144484119,0.882278890846818,0.903841929764106,0.623885663701069,0.906786292952212
1393,1.01610185082768,9,1.29303918697825,1.20475206833665,1.10433642808751,0.754807862016883,0.906786292952212
1394,1.02695236048974,9,1.39854153678515,1.25445619089203,1.13882666202416,0.792121705285152,0.906786292952212
1395,0.70332271349407,9,0.912555638275261,0.796050660788646,0.757103837069081,0.519357757242278,0.906786292952212
1396,0.599146262317158,9,0.819848545282972,0.718007087165516,0.577707214650616,0.434192347611172,0.906786292952212
1397,0.732335657517408,9,1.06063294726288,0.863080202575339,0.748976498094886,0.559394198840025,0.906786292952212
1398,0.676832628962052,9,0.955689957542091,0.793806431841731,0.707136603294279,0.520395069694829,0.906786292952212
1399,0.620944009067745,9,0.905610694958794,0.712196990725036,0.708586782198447,0.474826741496362,0.906786292952212
1400,0.262263494991037,9,0.38703512524184,0.308617823094177,0.273136663982696,0.194980855064394,0.906786292952212
1401,0.485794229924821,9,0.715056245164837,0.550692183801803,0.529170975744986,0.358365944565695,0.906786292952212
1402,0.75606593322745,9,1.1945998655024,0.919058437402327,0.819806579602871,0.550692467669062,0.906786292952212
1403,0.929504205550621,9,1.47166752580526,1.12754164718716,1.02621865929023,0.731077282550774,0.906786292952212
1404,0.52544892809202,9,0.875095228859886,0.62317939908486,0.581054127863974,0.406900248404923,0.906786292952212
1405,0.607310893336506,9,0.975565054302237,0.750560084996591,0.686741949315721,0.459856330258148,0.906786292952212
1406,0.829092821272064,9,1.30756634893231,0.938518906185518,0.899023967636829,0.627281380664476,0.906786292952212
1407,0.408765463407636,9,0.823487849628525,0.539056466487315,0.509185560073,0.362909486125273,0.906786292952212
1408,0.717968923384515,9,1.18450062102218,0.86086591805615,0.712435836744671,0.498596091526682,0.906786292952212
1409,0.516400143736707,9,0.893663857219217,0.607801810081678,0.561788817367714,0.381024974542869,0.906786292952212
1410,0.445923676082343,9,0.8790700075978,0.531307961743347,0.492168305662542,0.363812482087212,0.906786292952212
1411,0.827330824983065,9,1.44636642449265,0.966504609770318,0.810370263824925,0.557783418199479,0.906786292952212
1412,0.48867160065586,9,0.930872510033819,0.565810482328062,0.528873076667422,0.33163992604282,0.906786292952212
1413,0.500882905017323,9,0.888625905376082,0.598411793438299,0.518323477492727,0.354979161587029,0.906786292952212
1414,0.720602809310188,9,1.25741689932348,0.839434764586055,0.484255252430448,0.424357914378185,0.906786292952212
1415,0.596114467958022,9,1.06692455292679,0.702902802470312,0.599025380953967,0.394004234545288,0.906786292952212
1416,0.00328640501958503,9,0.00636585721872871,0.00409723370154832,0,0,0.906786292952212
1417,0.201593499731178,9,0.341585921908856,0.241575274972323,0.221397298604228,0.147425053117876,0.906786292952212
1418,0.395185007040521,9,0.659133211279658,0.460192284979263,0.428356240403425,0.304141662334289,0.906786292952212
1419,0.670029948327965,9,1.11567156774163,0.778317183579389,0.73931663600402,0.491382828037672,0.906786292952212
1420,0.888473709619482,9,1.45593362447818,1.06778695860895,0.869232772331675,0.636823744696733,0.906786292952212
1421,0.820860963438602,9,1.30914762546794,0.986922504272755,0.741449566472521,0.494623247885922,0.906786292952212
1422,0.646579197094306,9,1.01020921808509,0.728490270862165,0.63269706324817,0.453816402239832,0.906786292952212
1423,0.485811719186739,9,0.797871102671208,0.578231889019299,0.506418554034323,0.3293932816025,0.906786292952212
1424,0.551875814390267,9,0.902541301358495,0.706935352089915,0.652632107299806,0.424256396298258,0.906786292952212
1425,0.746703329233321,9,1.10529228507307,0.884897182902737,0.79111714767472,0.543984839067551,0.906786292952212
1426,0.96958692231837,10,1.35150392931663,1.15364110374797,0.971294930499271,0.67901814331752,0.90690391716657
1427,0.887150360377551,10,1.24226663391116,1.01364509598221,0.809279886522339,0.557207084944705,0.90690391716657
1428,0.836706029733705,10,1.22026351299995,0.953716603612732,0.858584189625234,0.620208835149846,0.90690391716657
1429,0.885516195911399,10,1.3511343237256,1.00301807384147,0.89999829658814,0.636406650307204,0.90690391716657
1430,0.564404426983298,11,0.972532076404079,0.720836674418079,0.551922948068403,0.390209835506756,0.917839649801018
1431,0.725610374412614,11,1.1562384765509,0.853266113944052,0.73979239154107,0.527189796037107,0.917839649801018
1432,0.697756574216817,11,1.16122593421483,0.807784324685725,0.683312430385756,0.488807140479993,0.917839649801018
1433,0.532424415300096,11,0.91613453451955,0.662176731969637,0.555756436069161,0.399655591878349,0.917839649801018
1434,0.487854079887273,11,0.797092445635333,0.56602720128086,0.481917203161805,0.3293396104478,0.917839649801018
1435,0.404519760288029,11,0.662508102957754,0.471957070044898,0.410081422682833,0.273869542780778,0.917839649801018
1436,0.42474064853839,11,0.847848980621877,0.601319816246709,0.531199401841791,0.362829253546228,0.917839649801018
1437,0.47433206354459,11,0.786257843699325,0.55795803292887,0.475365926625986,0.339690066548411,0.917839649801018
1438,0.410599767782184,11,0.630663110635379,0.452210657456428,0.394840596356773,0.29154418361743,0.917839649801018
1439,0.636032257435005,11,0.98729888833494,0.707678183796324,0.646280475548097,0.454562656536204,0.917839649801018
1440,0.559775099603419,11,0.811168229940337,0.613026543648278,0.559625268954671,0.381646699033218,0.917839649801018
1441,0.748695503688666,11,1.06157276769046,0.842138725668498,0.695927448483018,0.520782263412605,0.917839649801018
1442,0.933810273149783,11,1.27284983347393,1.03699210105003,0.894527283705913,0.65400829640813,0.917839649801018
1443,0.982297109497923,11,1.29075198172893,1.09701078154193,0.861869717570801,0.703654876817379,0.917839649801018
1444,0.654152913011092,11,0.794143767698334,0.707197083747383,0.677619214464972,0.468836331071322,0.917839649801018
1445,0.915264200459069,11,1.07130082191948,1.00592741988666,0.940068529216007,0.681063581948486,0.917839649801018
1446,0.807115409977427,11,0.883053417666923,0.856477449681586,0.840693926731163,0.596698756673179,0.917839649801018
1447,0.557208789906727,11,0.586903145706387,0.600722051449582,0.57847682553511,0.389209965807836,0.917839649801018
1448,0.563337673697182,11,0.57785989187117,0.589350649776197,0.59083382172868,0.396783733118083,0.917839649801018
1449,0.791604251630938,11,0.75845772954164,0.831632837663,0.803809451524815,0.569572038426812,0.917839649801018
1450,0.720607031951215,11,0.662786916325499,0.733989008620866,0.752742671457811,0.519277328760493,0.917839649801018
1451,1.19550005448549,11,1.03922562105386,1.34124079298412,1.22006241827104,0.868047393779805,0.917839649801018
1452,1.34578832661953,11,1.13742355942984,1.47741164545351,1.30641391115399,0.938321334340251,0.917839649801018
1453,1.49222555224169,11,1.21799998821802,1.5889116634851,1.48265324229528,1.01060603194153,0.917839649801018
1454,1.81856531457208,11,1.43339288129465,2.02018528502402,1.770118441652,1.32257706806711,0.917839649801018
1455,1.50055936104022,11,1.13631863083611,1.59832168969669,1.43027800834913,0.977864400660015,0.917839649801018
1456,1.70189128775866,11,1.27367730047721,1.78935979756918,1.44307546047617,1.17580544364405,0.917839649801018
1457,2.09498148305723,11,1.61378071954455,2.21410516184372,1.57846227074987,1.42113727653893,0.917839649801018
1458,1.75325555992508,11,1.29990112322336,1.76339541288913,1.42266467116556,1.06285433391871,0.917839649801018
1459,1.53032653276541,11,1.24504541793164,1.67256088669242,1.30879891757519,0.927471656487094,0.917839649801018
1460,0.499763718112365,11,0.394046828475978,0.42722121522687,0.412722105678181,0.264790341897677,0.917839649801018
1461,1.41337586601043,11,1.18549530584259,1.5233588230245,1.33438661102785,1.0094414500257,0.917839649801018
1462,0.607437688406781,11,0.531566022022537,0.568344399369889,0.634705426092735,0.391281368502049,0.917839649801018
1463,1.04353916655696,12,0.998769970914203,1.08791568053158,1.049074714767,0.751110627384654,0.926740067470112
1464,0.813144272544026,12,0.754779182500834,0.81400999707397,0.794260604050134,0.561266762146162,0.926740067470112
1465,1.20632861342199,13,1.2051145911803,1.26485198775896,1.17697079094136,0.872860085753542,0.924453395989247
1466,1.00118948000842,13,1.07453188000688,1.0795631405359,0.959754197655806,0.718378168435992,0.924453395989247
1467,1.03392904474029,13,1.0671693427205,1.05262489224191,0.912980815716397,0.700048570404891,0.924453395989247
1468,0.547038036501571,13,0.557248425873354,0.512003236646798,0.576345734722557,0.394912725219404,0.924453395989247
1469,0.706026641386378,13,0.799439031032507,0.72825364229527,0.651080996207785,0.464570337508087,0.924453395989247
1470,0.798706834974317,13,0.8715945972207,0.794148289429036,0.673240823075595,0.521199822514091,0.924453395989247
1471,0.603588250120575,13,0.63990203969385,0.593022891533968,0.598608207170152,0.433316184250714,0.924453395989247
1472,0.787128408162776,13,0.860754880902853,0.824831668892247,0.758509057454459,0.524142110011981,0.924453395989247
1473,1.25951004325521,13,1.34088608717529,1.31286131654844,1.15838020132085,0.827641841293467,0.924453395989247
1474,1.10567398434571,13,1.18374565362055,1.20872182392572,1.04018781581177,0.745354969646172,0.924453395989247
1475,0.651067919647902,13,0.663585844610764,0.679340859009339,0.598084177346688,0.441808051755363,0.924453395989247
1476,0.686832652133788,13,0.688905238197532,0.651905080937867,0.645869155009181,0.466310033103976,0.924453395989247
1477,0.834011797711064,13,0.84395987846889,0.867548280947529,0.776729062970806,0.562651379596752,0.924453395989247
1478,1.02410206585839,13,0.990641352443868,1.0819644117601,0.925877694836519,0.717222597494805,0.924453395989247
1479,0.94123148385995,13,0.924395239492462,0.990050970639543,0.86747446913655,0.644575140783995,0.924453395989247
1480,1.58103517544178,13,1.51403468548094,1.68034315766966,1.29197157148058,0.985322751050918,0.924453395989247
1481,1.28903530944951,13,1.24775696129475,1.38325803945001,0.995629988607571,0.781466908184013,0.924453395989247
1482,1.48820238465679,13,1.40185093534073,1.45411035438996,1.18532335827997,0.94478748462104,0.924453395989247
1483,1.06913066178399,13,0.995993880161438,1.07718019203172,1.00490832096877,0.723093166841325,0.924453395989247
1484,1.33304060943894,13,1.24765546001219,1.42294251524499,1.14223828629583,0.776180599664508,0.924453395989247
1485,0.900738702282688,13,0.857179029156338,0.937774278465261,0.75623990084999,0.542864388273638,0.924453395989247
1486,0.870113024798961,13,0.832501156932521,0.896611916619602,0.828933006112483,0.583341525545446,0.924453395989247
1487,0.900709830558974,13,0.844648351769374,0.89462297499838,0.835123682428584,0.610438553102695,0.924453395989247
1488,1.10145527565587,13,1.04548767498265,1.1552239177228,0.959117287590026,0.720262979541279,0.924453395989247
1489,0.714584105322948,13,0.696652096640319,0.748618998117174,0.698807847325478,0.489672200576618,0.924453395989247
1490,1.06981146634729,13,1.01133395318961,1.11106092347804,0.971780004813992,0.707373134336488,0.924453395989247
1491,0.988613744377399,12,0.982136877989364,1.06151956139494,0.885565800602764,0.643119741903974,0.915003313164639
1492,0.961007920420617,12,0.993453761610942,0.991524728042861,0.958008344865431,0.667788302972422,0.915003313164639
1493,1.05786696929261,12,1.03264223966473,1.07707153630342,1.00382390093718,0.755270568071443,0.915003313164639
1494,1.25042128948663,12,1.26310849470362,1.2746539722714,1.17246902601372,0.878385095592569,0.915003313164639
1495,0.92590164768803,12,0.968359829939765,0.94395790717816,0.881730769621351,0.636308611268243,0.915003313164639
1496,1.27968336074836,12,1.31705999049724,1.28414006392679,1.09671339225185,0.906477365371166,0.915003313164639
1497,1.17741563737088,12,1.2882894086866,1.2043506416569,1.06560545858147,0.804966105379493,0.915003313164639
1498,0.656779008059911,12,0.683854751928989,0.635488379542965,0.612013755857774,0.439251338888418,0.915003313164639
1499,0.540906210235649,12,0.603089970976726,0.534425497775475,0.559448985450819,0.386362248361101,0.915003313164639
1500,0.932366513539435,12,0.980354185190192,0.954458460077599,0.852549674190941,0.642742026608907,0.915003313164639
1501,0.739603915842569,12,0.820207591360935,0.724395846444358,0.704477494599331,0.512177595305247,0.915003313164639
1502,0.862332341600754,12,0.963479542781808,0.881186280023479,0.793966716442939,0.607416040432568,0.915003313164639
1503,0.741895745329595,12,0.851685704349375,0.723598072907535,0.682385318435353,0.507018161408795,0.915003313164639
1504,0.96057980798037,12,1.05381305435216,0.964016462612519,0.856179073357892,0.662951655857359,0.915003313164639
1505,0.943086771623658,12,1.01520684082423,0.919517010825458,0.862199667800705,0.644835259495557,0.915003313164639
1506,0.683644249206963,12,0.817552008614255,0.715839144751617,0.725258483687773,0.519838044008714,0.915003313164639
1507,0.984051246151731,12,1.11137870413091,0.992922194988683,0.905387147519167,0.655297250028346,0.915003313164639
1508,1.09868129324912,12,1.21673143959866,1.09738494441937,1.02899484706544,0.792939686196007,0.915003313164639
1509,1.17097852896878,12,1.26408402259418,1.16231975469524,0.949172913108737,0.838750055981127,0.915003313164639
1510,1.3160672490691,11,1.49795974577561,1.33413096000769,1.25971615635046,0.980376227798406,0.911015397607713
1511,0.84525142745715,11,0.969550462294566,0.867240171289899,0.754879140519347,0.618770263349307,0.911015397607713
1512,0.648751421169405,11,0.738088774765782,0.657586249993252,0.598217831883055,0.463132494703045,0.911015397607713
1513,0.843700787158431,11,0.968063580366763,0.86078517420916,0.886110297382105,0.642471145993289,0.911015397607713
1514,0.813029771227963,11,0.882037511042295,0.808725796159697,0.80445618466397,0.632242501862256,0.911015397607713
1515,0.484376133977902,11,0.520743766685626,0.49898572493541,0.511019699234293,0.384106828516284,0.911015397607713
1516,0.705959570432803,11,0.780774369561219,0.754271234259105,0.748625936772994,0.558793631110127,0.911015397607713
1517,0.852065339788997,11,0.913425836385684,0.899235590363882,0.873949372606083,0.661167829997994,0.911015397607713
1518,0.99011954331322,11,1.01077563232097,1.01577778602442,0.986275506614889,0.750779607097746,0.911015397607713
1519,0.863559189304013,11,0.886422576559856,0.916995887280705,0.912419750523033,0.685010732183225,0.911015397607713
1520,0.618491157993184,12,0.603488377431759,0.638678060508787,0.642943527141799,0.450895385519005,0.920058103737878
1521,1.10552926713978,12,1.0499160955316,1.12952401057502,1.06905245344175,0.806280161549666,0.920058103737878
1522,1.02569727967153,12,0.976658230758983,1.11416431087758,1.03161439227284,0.738428663683536,0.920058103737878
1523,1.3453973786496,12,1.22261963981961,1.39576401407321,1.27889462450834,0.989191343241766,0.920058103737878
1524,1.40620371592972,12,1.3033500732929,1.49037979560374,1.30064866163034,1.00951429820912,0.920058103737878
1525,1.34557927500804,12,1.22701275550712,1.43615014057794,1.29758819037308,0.989035081088958,0.920058103737878
1526,1.59511193796327,12,1.45429473394833,1.68834028941117,1.48996341375374,1.11164529857124,0.920058103737878
1527,1.33591617580236,12,1.25920560913079,1.48720862027222,1.24558674058489,0.990507345006463,0.920058103737878
1528,0.980491053086897,12,0.922940819636,1.11857234609739,0.981480296565493,0.731276140405123,0.920058103737878
1529,0.936793260437191,12,0.833582501634998,0.967652683833116,0.855892080659622,0.663205139128605,0.920058103737878
1530,1.26828560590639,12,1.1813044005846,1.34780582771108,1.13762511110828,0.92051156250936,0.920058103737878
1531,1.16334504797684,12,1.05953061777758,1.13628935219036,1.01661489253199,0.819580393880762,0.920058103737878
1532,0.846055100118986,12,0.769819181963712,0.873141333675235,0.774900481533723,0.584143187147806,0.920058103737878
1533,0.54113949019431,12,0.511897789527502,0.554263602899866,0.504832237683499,0.378747629481248,0.920058103737878
1534,0.827042405233689,12,0.773238825597714,0.840730792138174,0.73427607715415,0.586870022795641,0.920058103737878
1535,0.729912645950663,12,0.721462811253475,0.7527067339383,0.662980224930716,0.514598533366255,0.920058103737878
1536,0.706637087912927,12,0.796625427139464,0.843127694021891,0.748302765048588,0.58439863780462,0.920058103737878
1537,0.895506154674389,12,0.914702963268727,0.942499234875027,0.82937955378981,0.632392482357898,0.920058103737878
1538,1.09840951350276,12,1.16146176536767,1.15584378884305,1.03075000941797,0.784292357144159,0.920058103737878
1539,1.56569382175933,12,1.61004553219554,1.61484414766884,1.3972052668023,1.11094174431764,0.920058103737878
1540,1.62849286476397,12,1.72590894060519,1.72500624466191,1.54272381357805,1.196258292125,0.920058103737878
1541,1.26431296425119,12,1.28685519572573,1.25159180699046,1.14931873070794,0.921724394490273,0.920058103737878
1542,0.639336766867011,12,0.656945740607417,0.630975208455137,0.606674841793823,0.462918367480335,0.920058103737878
1543,0.790637735855924,12,0.832175144525215,0.797273932297667,0.729077775743686,0.564879508811253,0.920058103737878
1544,0.794931649766725,12,0.861383541591348,0.811509023145854,0.733616348867769,0.542711622018742,0.920058103737878
1545,0.703811266568501,12,0.776873444623858,0.729491223358999,0.624254311361858,0.478212547068997,0.920058103737878
1546,0.964894135390054,12,0.993018513879835,0.957442678357899,0.853268925437138,0.664322901463364,0.920058103737878
1547,0.652136551419462,12,0.705089144113946,0.634576921053962,0.57391559477764,0.444467408187946,0.920058103737878
1548,0.495845152596904,12,0.514002988215006,0.490813029341439,0.454074347564076,0.341617822763663,0.920058103737878
1549,0.953593258255323,12,1.02120708487549,0.996816135394859,0.879617853492439,0.65922487031901,0.920058103737878
1550,0.903208310402355,12,0.938271314985408,0.936288791698275,0.808428908703737,0.610354482829182,0.920058103737878
1551,1.09592266977047,12,1.09153491601292,1.1412972444933,1.0042911103606,0.753581548512277,0.920058103737878
1552,0.997838889327946,12,0.96594461228634,1.03703043908873,0.873391271146152,0.648271201417179,0.920058103737878
1553,0.936267946015826,12,0.987241091734589,1.07321834814853,0.964022196586069,0.716752642454411,0.920058103737878
1554,1.38682062835679,12,1.32115976354206,1.4910092837305,1.35534175430586,1.0375654553664,0.920058103737878
1555,1.21702087854554,12,1.32836232805556,1.37165869935707,1.33269082937655,1.03761107650573,0.920058103737878
1556,0.626733058960503,12,0.549563674897447,0.62338920531483,0.617736859698983,0.464114036502991,0.920058103737878
1557,1.01953643768562,12,0.84292052444848,0.993304878892906,0.989812963824883,0.750699779144849,0.920058103737878
1558,1.15638104068332,12,0.993685797418597,1.19473742640521,1.08589480187743,0.832674079206933,0.920058103737878
1559,0.81036335445978,12,0.671699686282742,0.838833452247251,0.769851521254235,0.590757519317789,0.920058103737878
1560,1.21697585684433,12,1.00270549077782,1.27056590987371,1.13344378121112,0.897460324586809,0.920058103737878
1561,1.26971619990243,12,1.02113394681826,1.34720255712845,1.23897933056863,0.960139342625212,0.920058103737878
1562,1.39397216486934,12,1.08646981023157,1.43570299116443,1.31530757638001,1.04038446837339,0.920058103737878
1563,1.43442355251465,12,1.10282695765517,1.49333582029965,1.28040963760076,1.01183274680658,0.920058103737878
1564,1.94000507577314,12,1.55095325754766,2.01403488714033,1.71809275611856,1.40190071354931,0.920058103737878
1565,1.55646005589809,12,1.20428613710557,1.6558214156122,1.3999469977385,1.08439771819887,0.920058103737878
1566,1.75227093675333,12,1.38690433479568,1.87204115937119,1.57090996591763,1.26877221788351,0.920058103737878
1567,1.43625101667455,12,1.11761077535266,1.46514688968013,1.30030621141731,1.01212681888183,0.920058103737878
1568,0.96513888053467,12,0.73878147445719,0.936283499144097,0.880965642621521,0.647904714302527,0.920058103737878
1569,0.903193762858888,12,0.748273488933639,0.905805607040839,0.837636999918782,0.598735398136842,0.920058103737878
1570,1.25765222704048,12,1.09677493143946,1.32918893039155,1.13283997421934,0.860466463369983,0.920058103737878
1571,0.650558584936657,12,0.552999734093537,0.648003873347046,0.577843491135374,0.41768536927633,0.920058103737878
1572,1.25825577063026,12,1.10100147168366,1.27566850802292,1.12601472681205,0.868794155694735,0.920058103737878
1573,0.757929933389722,12,0.654602331288733,0.740822305603325,0.654459827634968,0.492693485545928,0.920058103737878
1574,0.933966851793532,12,0.831622329481977,0.922024226144838,0.769710205334427,0.600638889095845,0.920058103737878
1575,1.02352148655625,12,0.908105103439252,0.939326271920108,0.85422447001136,0.669187815120549,0.920058103737878
1576,1.10112506697616,11,1.0765313115416,1.11250964330659,0.890799981037084,0.683575206402464,0.910533450785672
1577,1.28269073047262,11,1.24349079457725,1.25439893838405,1.02044513936046,0.765978040727618,0.910533450785672
1578,1.53836134882209,11,1.58253936099814,1.57345691588958,1.16277436089558,0.89666407494569,0.910533450785672
1579,1.15733738701524,11,1.26849005728412,1.2434857605414,0.898895474905608,0.680509085416557,0.910533450785672
1580,0.662156853634461,11,0.758459365107118,0.71921054778084,0.562506691933147,0.422122307472674,0.910533450785672
1581,0.527327571013352,11,0.604132772425162,0.565317470473116,0.48018443267072,0.328642163108687,0.910533450785672
1582,0.645924239085922,11,0.722367468319836,0.653014561273348,0.589658010394276,0.4403448047817,0.910533450785672
1583,0.709265244010015,13,0.80044700825103,0.73313227304922,0.701235295701567,0.514481059780859,0.921463003422761
1584,0.821038168528637,13,0.910646323532875,0.832226354048197,0.775544705738279,0.600756231249505,0.921463003422761
1585,0.882036957028333,13,0.986718960311111,0.885370601806254,0.760088779506753,0.60716268701133,0.921463003422761
1586,0.904143647031771,13,1.0794390587212,0.969485636322928,0.876167700074689,0.533587644572505,0.921463003422761
1587,1.22158238939694,13,1.43450628009649,1.2781448808666,1.03770853358675,0.793849899851746,0.921463003422761
1588,0.825093106621134,13,0.986496222000441,0.895140090130092,0.831555928049465,0.598547934764435,0.921463003422761
1589,0.856083194840963,13,0.997007883623644,0.894294414263056,0.839691579085511,0.632191439188168,0.921463003422761
1590,1.03776507231913,13,1.14625071854823,1.03943395943082,0.945451232478869,0.729198279133655,0.921463003422761
1591,0.879094039268735,13,1.01663216960252,0.923776424309004,0.792786453741843,0.568989893765189,0.921463003422761
1592,0.713022596989311,13,0.821741640791242,0.742505240472855,0.681931327786328,0.499347333570961,0.921463003422761
1593,0.295993784558142,13,0.351390488267773,0.3129137595137,0.27285258540196,0.206515340569534,0.921463003422761
1594,0.902531825412742,13,1.02460854988533,0.933994042336266,0.829836008282274,0.668474113267695,0.921463003422761
1595,0.630650329582756,13,0.731827774103225,0.67549840257166,0.604490913913115,0.457916615576674,0.921463003422761
1596,0.957397252155787,13,1.07375315538292,1.00058419219409,0.837886993895571,0.635298225039656,0.921463003422761
1597,1.00030958529333,13,1.14577645236724,1.09056645403268,0.923779810828749,0.688179527907042,0.921463003422761
1598,1.05503408202264,13,1.15552150300756,1.1269605163752,0.949644527709998,0.721597604104089,0.921463003422761
1599,1.22791666764489,13,1.31312467089829,1.28268068890587,1.105877809136,0.800792738331561,0.921463003422761
1600,0.978838016090645,13,1.02702458709743,1.01757513316742,0.986329430456848,0.714680040963701,0.921463003422761
1601,0.950930782062212,13,0.992414042032558,0.990279840149979,0.886958721921025,0.631719960029132,0.921463003422761
1602,0.964358001248915,13,1.04146920863343,1.00204501181927,0.955413115854859,0.710976104691845,0.921463003422761
1603,1.15664539460764,13,1.19597247049778,1.16707536063351,1.16563300240932,0.826677880716764,0.921463003422761
1604,1.1947575137519,13,1.2640229915466,1.22398628572215,1.18647692582723,0.844442643035777,0.921463003422761
1605,0.838250841543819,13,0.873186901780894,0.852960783751583,0.850297153269962,0.640813316058251,0.921463003422761
1606,0.866224598106527,13,0.906192362358089,0.92760418622985,0.765327682573683,0.509975851782124,0.921463003422761
1607,0.795253861733374,13,0.784475366324004,0.772958225382877,0.788128581189072,0.553758954392123,0.921463003422761
1608,0.560335056239702,13,0.595326357525188,0.622315990741327,0.594587499114866,0.387350790737953,0.921463003422761
1609,0.988034328738971,13,0.969230562714201,1.00536195260725,0.937296037310101,0.717632759657795,0.921463003422761
1610,0.928718414344278,13,0.946274145309998,0.973402265068191,0.846117742234919,0.62393106766899,0.921463003422761
1611,1.43218479819289,13,1.46929937843421,1.57386305989573,1.3538890152599,1.10773676388449,0.921463003422761
1612,0.80858308776803,13,0.828229168119736,0.916660043400864,0.820971207663035,0.550102194880378,0.921463003422761
1613,0.826876883773079,14,0.858054148615585,0.916471013397943,0.881428718811099,0.645495105383655,0.928053488708085
1614,0.873897324544486,14,0.854827540567939,0.9337200946523,0.910718426237549,0.672415159892277,0.928053488708085
1615,1.24447087577303,14,1.22236839764408,1.35002634957929,1.03242820526123,0.799205489104041,0.928053488708085
1616,0.813392245586619,14,0.809807057305927,0.893733954935678,0.776965818352414,0.520693233480355,0.928053488708085
1617,1.18600980028483,14,1.10789029946931,1.2748606706448,1.0756625074329,0.788496868888806,0.928053488708085
1618,0.828636605859757,14,0.766265547383527,0.872113934318194,0.816061473749891,0.496949078752314,0.928053488708085
1619,1.13098677373498,14,1.1019159220803,1.26518797625563,0.942971723947678,0.718926029993906,0.928053488708085
1620,1.12391722158551,14,0.98951933234123,1.18415263896066,1.11276662193632,0.793577241432833,0.928053488708085
1621,1.0291335596551,14,0.942861483716351,1.1376716205887,0.917304151255256,0.550933509166882,0.928053488708085
1622,1.10927013004676,14,1.06507848382695,1.20078501065866,0.992680045788612,0.753754567185001,0.928053488708085
1623,1.1994445430415,14,1.08015708047666,1.27118687461782,1.17283080112396,0.910195144329771,0.928053488708085
1624,1.57973143316797,14,1.4475810958788,1.66587159751758,1.49339638545576,1.15694684368303,0.928053488708085
1625,1.11585037303646,14,0.998834187731237,1.17811632969151,1.07655636379072,0.714430674791789,0.928053488708085
1626,1.06746037764708,14,0.951589642544955,1.11858519493077,1.05770983329838,0.774164763158242,0.928053488708085
1627,0.967626688838225,14,0.895922785458815,1.05435993697047,0.968072810718094,0.704852681805768,0.928053488708085
1628,1.35863678184252,14,1.26462337233956,1.47687161608997,1.25938290997393,0.788985135101472,0.928053488708085
1629,1.1565221378357,14,1.10690523166302,1.25851988149299,1.15373630849236,0.887231743322883,0.928053488708085
1630,0.726483182092348,14,0.691954004290886,0.776232023478332,0.707946975620016,0.525715630644409,0.928053488708085
1631,0.841200250850197,14,0.840114814757401,0.900536745396525,0.837746964808436,0.566060788598532,0.928053488708085
1632,0.428466049032255,14,0.420038190898578,0.461304101998054,0.486455604760641,0.303306671783169,0.928053488708085
1633,1.21260993419022,14,1.18900292572993,1.26688161297151,1.1517258867233,0.85104902781983,0.928053488708085
1634,0.952019948712376,14,0.977647909466875,1.0464945971433,0.969982019752455,0.701199216477498,0.928053488708085
1635,1.10892203410495,14,1.06859625579392,1.19183647758568,1.06407457295467,0.81003326946442,0.928053488708085
1636,1.26231991689935,14,1.30405634581729,1.37151684289218,1.29476161914647,0.958123336779532,0.928053488708085
1637,0.733629965046409,14,0.729110909283727,0.761555299583285,0.721379983524906,0.538357478671167,0.928053488708085
1638,1.00249533000906,14,1.04630924023318,1.07260458773871,1.01031769388552,0.727385576983798,0.928053488708085
1639,0.964877293719174,14,1.02700238570357,0.971876761761281,1.00844907139758,0.749989659351435,0.928053488708085
1640,0.88808016393929,14,0.939181838672397,0.913856633664617,0.880972964932451,0.654138720709769,0.928053488708085
1641,1.15891392670036,14,1.2408183267231,1.1913751389675,1.11482016294786,0.8604147685948,0.928053488708085
1642,0.902080625698094,14,0.992215958627311,0.994622500202062,0.908386888231731,0.645217023004267,0.928053488708085
1643,1.22457832333141,14,1.37286532504784,1.36954377101828,1.19709839857715,0.892319863762976,0.928053488708085
1644,0.876021326821367,14,0.99154367859793,0.918045719167677,0.843112619012736,0.648304304602749,0.928053488708085
1645,0.686535047985559,14,0.761525811401766,0.740303135847213,0.708025907586202,0.508559284587339,0.928053488708085
1646,0.842791374573429,14,0.973420791554918,0.90018740937976,0.843171521581465,0.624131434007155,0.928053488708085
1647,0.91021753716523,14,1.02246762418303,0.906053669491434,0.86950919052661,0.654104052351187,0.928053488708085
1648,0.588478464813333,14,0.687126502065727,0.647565390819668,0.564865129646299,0.42324596382907,0.928053488708085
1649,0.576811631210675,14,0.701142843505515,0.646432368733924,0.56672644104278,0.392594998211449,0.928053488708085
1650,0.800613187153575,14,0.922636189446461,0.90189162393423,0.765070042055202,0.566118158661768,0.928053488708085
1651,0.895608244472795,14,1.05696921294427,0.980643153714054,0.867055077190019,0.621277021242979,0.928053488708085
1652,0.76091715128235,14,0.878086224219464,0.836744987230462,0.745665183312702,0.55858555821821,0.928053488708085
1653,0.810594496983319,14,0.930615017483475,0.88005361524864,0.784903285214923,0.585478685814882,0.928053488708085
1654,1.11528767431722,14,1.23333542147945,1.15350632422946,0.993723268326437,0.746731119517815,0.928053488708085
1655,1.0739416626369,14,1.32398228295288,1.16773087535647,0.995558377306816,0.734925481140602,0.928053488708085
1656,1.01679684167856,14,1.20370592562162,1.08290357338581,0.942132930239741,0.701414527398218,0.928053488708085
1657,0.909613061261897,14,1.06745022880256,1.01817058047797,0.850399408875327,0.646199527124771,0.928053488708085
1658,0.989569384451082,14,1.13803489692649,1.06806000492352,0.908142822369795,0.704934624187558,0.928053488708085
1659,0.51759744358652,14,0.611131905657823,0.590329477483124,0.427222575946917,0.325040523844055,0.928053488708085
1660,0.971577306388103,14,1.15801182334501,1.07483467057759,0.907523793239831,0.687496181194985,0.928053488708085
1661,0.996169422510125,14,1.16936059621214,1.08713337136262,0.934341546260413,0.688950420943119,0.928053488708085
1662,0.922565657077916,14,1.07961471798021,1.01220473412298,0.861834737101352,0.644255896867832,0.928053488708085
1663,0.727799634100771,14,0.850762265830151,0.806476980765149,0.726879765531083,0.51281865264813,0.928053488708085
1664,0.856682303592518,14,1.02779124624384,0.957213929902104,0.832609666069173,0.612683619019352,0.928053488708085
1665,0.576661771948419,14,0.674149098342583,0.633863260003525,0.525231832590715,0.402239971990663,0.928053488708085
1666,0.64817587721659,14,0.7829984287589,0.748531327959451,0.639535773189005,0.463858349812334,0.928053488708085
1667,0.989217600886156,14,1.17496216030892,1.10017999168903,0.965637680207036,0.721225606681597,0.928053488708085
1668,0.764378392540207,14,0.854773803711916,0.833736050491513,0.686851260787789,0.510672370886756,0.928053488708085
1669,0.669933376449542,14,0.756577756669907,0.745171446691412,0.630376019859248,0.445925473857457,0.928053488708085
1670,0.680486785353421,15,0.788822145462929,0.801743826550855,0.668955894010969,0.48967565700571,0.931540628602041
1671,1.17651834435151,15,1.28353468466809,1.32911252832413,0.99819825490264,0.780970985199835,0.931540628602041
1672,0.91776876011594,15,1.02735626999145,0.983177492028596,0.879068139546708,0.64802254199015,0.931540628602041
1673,1.03998043202641,15,1.11851410511145,1.17637004342871,0.979534469564468,0.725824801617963,0.931540628602041
1674,0.950937689648912,15,1.02701964496842,1.03246984550102,0.913467246550285,0.679522121261911,0.931540628602041
1675,0.982749674588344,15,1.02146758905328,1.03304277002628,0.89531765310468,0.662510017910016,0.931540628602041
1676,1.05011244608687,15,1.09578257329585,1.14920146517794,0.974233304043981,0.717719786547672,0.931540628602041
1677,0.603089172051917,15,0.626264463990565,0.641595819951494,0.539667012232137,0.403936105162854,0.931540628602041
1678,1.1719382377052,15,1.20700736502431,1.28508136550265,1.03575128780878,0.768458934841187,0.931540628602041
1679,0.957524665600149,15,0.980817188154754,1.06010884027534,0.875036319440841,0.647050748643202,0.931540628602041
1680,1.3150411583918,15,1.32184337661318,1.28564722107379,1.15202385796825,0.898787088327924,0.931540628602041
1681,0.726870020675964,15,0.756493908538003,0.774206089060793,0.699462678120867,0.524950910929044,0.931540628602041
1682,1.10404753419768,15,1.18092065088837,1.1524918008097,0.932001778811952,0.740542665510284,0.931540628602041
1683,1.04858149372585,15,1.12703254076744,1.11471243765533,0.899820718905705,0.702761394129513,0.931540628602041
1684,0.96628017445565,15,1.07592235065247,1.0114279716899,0.859033480858005,0.650954763351269,0.931540628602041
1685,1.00713034227754,15,1.13702679636271,1.13092177243128,0.852900219692773,0.655127625637339,0.931540628602041
1686,0.76280276814121,15,0.867686624948555,0.832168547914843,0.667472508145878,0.481611798639956,0.931540628602041
1687,0.702514054922357,15,0.824534561920927,0.772423698381529,0.627559920559855,0.477437344198974,0.931540628602041
1688,0.871680388645077,15,1.07560017365545,0.926112654132942,0.824413863254305,0.595360448893762,0.931540628602041
1689,0.872778721340952,15,1.12080981535955,0.918133738827955,0.780513297813075,0.588335133761671,0.931540628602041
1690,0.360415974666972,15,0.462649966674768,0.424732117420879,0.302196966891743,0.212768193037491,0.931540628602041
1691,0.863840394281776,15,1.16233544206257,0.972155569582908,0.743088422965368,0.588890576290705,0.931540628602041
1692,1.02048855064373,15,1.385795664187,1.11046659357338,0.842059495003064,0.690797495742651,0.931540628602041
1693,0.67428612322647,15,0.989758502561994,0.716742167108865,0.618796673554548,0.464862907833967,0.931540628602041
1694,0.608949423560878,15,0.912114568195346,0.692399948322846,0.573188404431575,0.41583479209626,0.931540628602041
1695,0.811612957441147,15,1.24383863420686,0.91361362021613,0.751580336304241,0.556152936380435,0.931540628602041
1696,0.146293235380377,15,0.21974328671838,0.174342729661517,0.154932636020298,0.102271675920639,0.931540628602041
1697,0.481505246526549,15,0.742249043838827,0.544294489880402,0.452617205546873,0.329472690928846,0.931540628602041
1698,0.444452018957518,15,0.704143594301785,0.499242880716911,0.426525867658169,0.302899821341661,0.931540628602041
1699,0.633003003583126,15,1.03077876219299,0.717138274550212,0.594165260412586,0.432540802713811,0.931540628602041
1700,0.611932579064183,15,1.04640215106968,0.712098805807924,0.624199944442377,0.445748102815981,0.931540628602041
1701,0.481830716517271,15,0.789704102594403,0.532595676038825,0.48517437706764,0.338331402083274,0.931540628602041
1702,0.746981515821713,15,1.14437820323641,0.804972476652348,0.630130385934299,0.4635173321528,0.931540628602041
1703,0.791902655952705,15,1.23027315761117,0.859385321593517,0.742973231086933,0.535220952062433,0.931540628602041
1704,0.51103956716809,15,0.788962588660603,0.582852867943311,0.482084682504832,0.357807692313048,0.931540628602041
1705,0.649679107366566,15,0.92129895364847,0.704008192936666,0.582254626404186,0.42167872425589,0.931540628602041
1706,0.732783255642853,15,1.06099887089963,0.741716255346193,0.673787081612997,0.492588603224758,0.931540628602041
1707,0.746991869339323,15,1.04589339413289,0.824716653278329,0.657160144221338,0.490634281118111,0.931540628602041
1708,0.514700757560173,15,0.693129323372411,0.579293531443388,0.53169823820889,0.386359197096719,0.931540628602041
1709,1.08912887188996,15,1.48617431708192,1.1055644124255,0.941415478390989,0.750415799534241,0.931540628602041
1710,0.763629911717848,15,1.10299312642107,0.805547847558226,0.74452432175023,0.569773485357934,0.931540628602041
1711,0.697169976398171,15,0.90600024096547,0.718439121872428,0.665023421220345,0.474277018198716,0.931540628602041
1712,0.64259190943592,15,0.832113274119814,0.666083213568593,0.600894456580427,0.424805368835652,0.931540628602041
1713,0.908407046315466,15,1.18779968467253,0.998136229035756,0.847681092875591,0.61118960115034,0.931540628602041
1714,1.17204233743288,15,1.5060534428234,1.2518480632882,1.08385682357127,0.79671607779851,0.931540628602041
1715,1.25324438056444,15,1.64454705759783,1.32770429340754,1.16491203185803,0.842999737217331,0.931540628602041
1716,1.0059461793041,15,1.30397816175799,1.11394473260606,0.922893809913828,0.672251590431036,0.931540628602041
1717,0.207994726330942,15,0.275896958894434,0.23159317328245,0.206431858778978,0.133361537380836,0.931540628602041
1718,0.159482295755878,15,0.201982665877589,0.187708458095369,0.164986713692858,0.110689634818939,0.931540628602041
1719,0.905141461652653,15,1.07770315798241,1.01110865698826,0.783410423601557,0.586888080389219,0.931540628602041
1720,0.844836435026877,15,0.984217762798382,0.951374889513029,0.746869732312668,0.515318090125076,0.931540628602041
1721,0.531848144874039,15,0.598479517513603,0.551436420123155,0.470149074336531,0.331495110858757,0.931540628602041
1722,0.543229663217596,15,0.589805864312722,0.575312210529684,0.472247319412154,0.332283668098709,0.931540628602041
1723,0.739451051740622,15,0.790778538532818,0.777412530132975,0.634590382577031,0.411707446153315,0.931540628602041
1724,0.75114462007619,15,0.809057197626131,0.75044734702682,0.639932446579125,0.480932155349248,0.931540628602041
1725,1.15537622791489,15,1.15201002431074,1.20808657859019,1.06950917310485,0.731290821744931,0.931540628602041
1726,1.27881443004597,15,1.25827197199796,1.35181372240475,1.11842211367732,0.796202333827858,0.931540628602041
1727,1.13653933463705,15,1.07189118495286,1.15350311462181,1.02434981976405,0.704778820463026,0.931540628602041
1728,1.0238772391643,15,1.04052404871953,1.00240650153129,0.99406146017037,0.711046816881342,0.931540628602041
1729,1.15735822697133,15,1.04625007372247,1.29585911962548,1.00257461290467,0.711401540418708,0.931540628602041
1730,0.958958844006269,15,0.880056279772681,0.993014749145528,0.8504209612154,0.614353211449493,0.931540628602041
1731,1.3167586575525,15,1.15594578757553,1.4160371430612,1.02241738927092,0.792322617221444,0.931540628602041
1732,1.57838052237655,15,1.4157319226181,1.55645176939344,1.28771247287856,0.989973485142817,0.931540628602041
1733,1.8318676352128,15,1.60318937708679,1.9342472962486,1.37266880037054,1.04722042331585,0.931540628602041
1734,1.33394828286963,15,1.19431709313989,1.38313472245005,1.00791961491221,0.751443328158283,0.931540628602041
1735,0.875484459363018,15,0.829675790075525,0.914631570106587,0.722525565124883,0.535726715068888,0.931540628602041
1736,0.798253031489293,15,0.767602294756293,0.810329457397777,0.747592024479753,0.534461068829327,0.931540628602041
1737,1.34047255286948,15,1.23805607300905,1.31259029460798,1.14877092120817,0.84910652719776,0.931540628602041
1738,0.700789275510453,15,0.683504123680291,0.72267309725159,0.646925687951176,0.481332456064684,0.931540628602041
1739,0.894694297150566,15,0.916508850160558,0.875940270748482,0.816422078452239,0.62014948660212,0.931540628602041
1740,0.716537226226015,15,0.749500954792498,0.78240146272289,0.638918202824821,0.476525777419638,0.931540628602041
1741,0.867134286548347,15,0.872768819799506,0.867155248336006,0.753336676770519,0.534643241994313,0.931540628602041
1742,1.07216544939026,15,1.0952303276434,1.0388863712305,0.910426001449395,0.662051368525286,0.931540628602041
1743,1.25044134149851,15,1.28549962141627,1.23747514261803,0.997872527221863,0.751293271864547,0.931540628602041
1744,0.433497726365281,15,0.47174788495283,0.464616995468458,0.381771295330446,0.286406442349632,0.931540628602041
1745,0.599519153151789,15,0.60994465589178,0.622029445222365,0.52006609001584,0.371846181031039,0.931540628602041
1746,0.950635914292181,15,0.981455068130352,0.974277126940539,0.822835298456256,0.624432228102703,0.931540628602041
1747,0.834113542912837,15,0.837153684244436,0.878500382658597,0.720924380053398,0.527512298265687,0.931540628602041
1748,0.731514191018922,15,0.702852702545075,0.714006567327251,0.669704608785494,0.478031693497423,0.931540628602041
1749,1.03669749094249,15,1.01399441174493,1.06875679260099,0.922851348903972,0.66781683995422,0.931540628602041
1750,1.30624313696388,15,1.29108004290146,1.36194767069766,1.1178215529327,0.820517546313736,0.931540628602041
1751,1.53940909867065,15,1.41933640395837,1.5064742414141,1.1104429154339,0.939832673573069,0.931540628602041
1752,1.3538859258244,15,1.23603633899703,1.39760403985461,1.10851282564886,0.831984014275791,0.931540628602041
1753,1.19962769663307,15,1.10612848176158,1.28750967958187,1.10986061541945,0.794191475308711,0.931540628602041
1754,1.05288581953419,15,0.920310082781045,0.998929671094076,0.907191058212891,0.65042157452358,0.931540628602041
1755,0.884796225547698,15,0.751852157353845,0.867987054550732,0.791267276343525,0.565342434973198,0.931540628602041
1756,0.602187011779725,15,0.559293514413277,0.556142624091697,0.565021036945237,0.411254383652196,0.931540628602041
1757,1.08642241764929,15,0.908274178232449,1.09489873121578,0.909040266453455,0.666075088238245,0.931540628602041
1758,1.42119514628265,15,1.1942486669049,1.40870636271025,1.28388033206253,0.983345847563336,0.931540628602041
1759,1.25783468082441,15,1.00129909611472,1.21843086869547,1.09300754429055,0.784946536244878,0.931540628602041
1760,1.16822225325808,15,0.946016046787474,1.10412540444169,1.01579667075788,0.738989055831842,0.931540628602041
1761,1.77030670725204,15,1.36492124202308,1.67548316544337,1.36635625585152,1.05610697926406,0.931540628602041
1762,1.38929172612544,15,1.0916966417326,1.32510446680469,1.17592026793369,0.912312188763127,0.931540628602041
1763,1.4950976691163,15,1.15008313705127,1.42435515165746,1.26717236427235,0.984076629829737,0.931540628602041
1764,1.46207935001137,15,1.12264777915582,1.38316154597236,1.19525134448103,0.935988719477808,0.931540628602041
1765,1.26035065419231,15,0.987757587048924,1.27689326975872,0.97747199378389,0.838881211449743,0.931540628602041
1766,1.16086950598626,15,0.890482413485729,1.16685314148968,1.01022580238709,0.752814552376332,0.931540628602041
1767,1.35491102665404,15,1.02187316867501,1.33904364435625,1.13877372669603,0.90695615720501,0.931540628602041
1768,1.33969410301148,15,0.998048289096092,1.27580364061617,1.10571067757496,0.849276969505496,0.931540628602041
1769,0.715020883299374,15,0.568492173361006,0.707323260697803,0.683992997147188,0.49862441404504,0.931540628602041
1770,0.874252673164759,15,0.726432168992014,0.869727775918177,0.810935740299281,0.602653684238795,0.931540628602041
1771,1.26214374427201,15,0.973666043872332,1.227206264815,1.11396385732094,0.81856372457523,0.931540628602041
1772,1.15083530428028,15,0.891640326763689,1.1336438055215,1.04487279001479,0.748557944511184,0.931540628602041
1773,1.34428395815266,15,1.01565955798008,1.30305314724253,1.18441506255092,0.816188116087736,0.931540628602041
1774,1.44987724875994,15,1.11051256245861,1.38754557295489,1.296137446657,0.960279225616163,0.931540628602041
1775,1.59152564417106,15,1.18924829685412,1.54638618182554,1.38904203711222,0.997749914883455,0.931540628602041
1776,1.29892730681293,15,0.973890458680351,1.29155265260521,1.13560616633824,0.803221898471753,0.931540628602041
1777,1.43502040736777,15,1.02078240460458,1.39052574078393,1.11718027948486,0.862168082138855,0.931540628602041
1778,1.7596775851856,15,1.24662525334719,1.69819767514288,1.1581867343614,0.941591400431593,0.931540628602041
1779,1.31662544890459,15,0.971807535564497,1.28282611613525,1.09939274877957,0.839844352944395,0.931540628602041
1780,1.72683918910327,15,1.25594568674793,1.72275043850487,1.21445091732827,0.968405114177682,0.931540628602041
1781,1.48776325153187,15,1.10639923407614,1.39590336370612,1.13724817590128,0.803889577121184,0.931540628602041
1782,1.56101997349424,15,1.15626299304518,1.48121075943778,1.13614917231002,0.913709736071554,0.931540628602041
1783,1.07863680745372,15,0.837486427887584,1.04356448211708,0.96879077543839,0.592041999048276,0.931540628602041
1784,0.612072042841164,15,0.51964261512551,0.6159207206491,0.541810981093655,0.379062181395974,0.931540628602041
1785,0.933804492299473,15,0.752657567634696,0.883101370408059,0.863574458473448,0.571787341578557,0.931540628602041
1786,1.35689114279795,15,1.13330820539932,1.31811043130985,1.2440728800681,0.898356221874484,0.931540628602041
1787,1.23078949609006,15,1.10501752897715,1.26584471321479,1.12062460562503,0.844236323937142,0.931540628602041
1788,0.838098217907407,15,0.736140455490798,0.780632437541062,0.874635599602128,0.586964972218279,0.931540628602041
1789,1.30912394124698,15,1.10896835319104,1.27383627313513,1.23591133416603,0.868248353472545,0.931540628602041
1790,0.877040212363238,15,0.828988034764732,0.9166144879683,0.881169935378113,0.639945141503246,0.931540628602041
1791,1.29319496099097,15,1.14420535777626,1.2600885413333,1.23670941032217,0.873628551642088,0.931540628602041
1792,1.51699708557505,15,1.26403324710003,1.41726369259366,1.39980841796869,1.02636382667263,0.931540628602041
1793,0.970662310544999,15,0.833682040793979,0.936437555273273,0.95266842807743,0.653544984551765,0.931540628602041
1794,0.989137845641154,15,0.879685163847342,0.963051822177854,0.964580309632337,0.697459754423735,0.931540628602041
1795,0.92738833483521,15,0.813947440458885,0.880742540242743,0.93865839725287,0.656534074381831,0.931540628602041
1796,1.43191696539376,15,1.26166587321754,1.36572831999274,1.29934473293838,0.991974783159291,0.931540628602041
1797,1.51691526226944,15,1.30156044413748,1.44302377830244,1.40695452284575,1.01391550286955,0.931540628602041
1798,0.916765023541125,15,0.79879755347482,0.863448805032024,0.882775354139845,0.638669810986586,0.931540628602041
1799,1.37562035356797,15,1.18210073352405,1.30243753265312,1.31397182407456,0.945763540005395,0.931540628602041
1800,0.648110806973619,15,0.555673295274144,0.645811723126687,0.623361893923256,0.430055584518403,0.931540628602041
1801,0.731589378318935,15,0.686802699482302,0.722461049701103,0.807499589239562,0.546130322416555,0.931540628602041
1802,1.17451709624272,15,1.02511318834731,1.12381396334599,1.08486137575322,0.762043862184707,0.931540628602041
1803,1.40507753145135,15,1.27148930482107,1.38283092574849,1.25942080212104,0.868095459191029,0.931540628602041
1804,1.25711106169203,15,1.20237236113452,1.24577185981196,1.22172193601253,0.799793310468093,0.931540628602041
1805,1.35976685476068,15,1.27416352986824,1.36740745933572,1.21987042832347,0.847656267398362,0.931540628602041
1806,0.978334625531724,15,0.839824309228873,1.01444349459934,0.865838589395659,0.624160347201254,0.931540628602041
1807,1.05752684708644,15,0.99332075636216,1.06403070801178,1.05134113408988,0.740212018842024,0.931540628602041
1808,0.70330081842074,15,0.644071574500174,0.677116296199663,0.758780318105835,0.515804107575521,0.931540628602041
1809,0.842592617463959,15,0.752742873208345,0.807999279957225,0.77543367393398,0.531543184502029,0.931540628602041
1810,1.04774297394132,15,1.03022963272022,1.05990869745614,1.07302823092316,0.765190795432343,0.931540628602041
1811,1.01202178299474,15,1.03327815049546,1.03507781677287,1.04283838441862,0.746071307372863,0.931540628602041
1812,1.02509803369683,15,0.966793055752589,1.03546595376196,1.00078590308839,0.744256263042728,0.931540628602041
1813,1.35197107267644,15,1.30801269024106,1.35125703371502,1.17933454433243,0.860813896454914,0.931540628602041
1814,1.36703667616737,15,1.31243826045423,1.33043073451665,1.34310073540464,0.85111889548509,0.931540628602041
1815,1.05788719122776,15,1.04128064594739,1.06899783742894,1.10219642799074,0.754600568422185,0.931540628602041
1816,0.894480017053366,15,0.844340682221399,0.879127965609746,1.02501287941943,0.655174236139153,0.931540628602041
1817,1.23697737337132,15,1.18113970320489,1.22357116957287,1.21300497159086,0.844887982237597,0.931540628602041
1818,0.83461278996208,15,0.778215597782861,0.813943650155587,0.833832584678904,0.588729802138037,0.931540628602041
1819,0.972315496734666,15,0.929631331365313,0.917844820981473,0.982005020661127,0.654384310397876,0.931540628602041
1820,1.27335832082358,15,1.1832927714777,1.18087045466449,1.23463887606808,0.856004780503859,0.931540628602041
1821,1.07384596561409,15,1.03882628106651,1.06623593983331,1.10011115659866,0.778100759322547,0.931540628602041
1822,0.962518886797834,15,0.846231450818331,0.965152348948018,0.93513860015555,0.654855494435293,0.931540628602041
1823,0.584969341574864,15,0.536512794662062,0.564074369550543,0.613061629982032,0.401376599478428,0.931540628602041
1824,0.932773316616064,15,0.969662221449998,1.0144168731463,0.918214051575639,0.715813382941645,0.931540628602041
1825,1.00142730587684,15,0.930758312297751,0.977171980690998,0.923269580975083,0.662308143444409,0.931540628602041
1826,0.950236895478102,15,0.875985018893222,0.932699566821207,0.907612803230176,0.635981559017652,0.931540628602041
1827,1.1588324268788,15,1.00855910298086,1.08911464546771,1.07577817141653,0.766627236309463,0.931540628602041
1828,1.25765005751151,15,1.17930735784497,1.32694959057565,1.25673209963159,0.911035754605441,0.931540628602041
1829,1.03727200115344,15,0.899060049755533,1.01195180200719,1.03241182795313,0.711785186081477,0.931540628602041
1830,1.41403362341446,15,1.27003925438784,1.43745147227938,1.41295549788838,1.01308914296699,0.931540628602041
1831,0.933988726535403,15,0.858687727688006,0.954478252455919,0.88656047025311,0.640263061953269,0.931540628602041
1832,1.19687268764875,15,0.961392373431843,1.16150126751134,1.0896533335317,0.771892948492926,0.931540628602041
1833,1.08192098365623,15,0.942167982054113,1.1107411993981,1.04170910130569,0.772694685002971,0.931540628602041
1834,1.08739287575016,15,0.875876834685665,1.06132469623945,1.06402890808348,0.714608271757901,0.931540628602041
1835,1.24924155854949,15,1.16932903133382,1.3469060140837,1.18497227203201,0.872017659340392,0.931540628602041
1836,1.18604862478676,15,0.986761624145785,1.17448544168479,1.13864524061337,0.760439720469152,0.931540628602041
1837,1.29683533275276,15,1.1794021143742,1.38039338769184,1.23002226432463,0.9309226090059,0.931540628602041
1838,1.19003721125824,15,0.991192891642025,1.1769230675165,1.08758033457962,0.816431388683223,0.931540628602041
1839,1.58907862800716,15,1.2874616348618,1.58497949137815,1.32321377567359,1.06993440351816,0.931540628602041
1840,0.759559825202062,15,0.618077146453162,0.732445720878733,0.754291318830026,0.539809899001531,0.931540628602041
1841,1.45911832827241,15,1.1799330434188,1.49789254006091,1.18840443239993,0.897239523824969,0.931540628602041
1842,1.4300911705243,15,1.15317208461972,1.46811285910756,1.11103084140263,0.84694340508248,0.931540628602041
1843,1.20480967407782,15,0.962110889902007,1.20913099101272,0.960414291329306,0.766945988689924,0.931540628602041
1844,1.39697973377156,15,1.153710070484,1.38736049933305,1.2520963428093,0.903307849887102,0.931540628602041
1845,1.09984252275525,15,0.87676754872719,1.13445096423793,1.03634970330707,0.771890345093429,0.931540628602041
1846,1.18279212062104,15,0.965913474803817,1.24272334397508,1.18405285015989,0.818722397375241,0.931540628602041
1847,1.41245187909049,15,1.17570047699365,1.37230049057136,1.32746566023065,0.917724587779584,0.931540628602041
1848,0.367571754585335,15,0.377061132907483,0.482868992445136,0.4821398410733,0.311603021786003,0.931540628602041
1849,1.145848466721,15,0.930187797841306,1.16052157424669,0.973021350398126,0.767366884892912,0.931540628602041
1850,0.84031391118598,15,0.727367349444483,0.790445716631141,0.818839193215121,0.56486409177972,0.931540628602041
1851,1.24049707558995,15,1.0776851829995,1.19795765109833,1.1002899816325,0.800713846601238,0.931540628602041
1852,0.985273869704744,15,0.830081050522704,0.914850623246993,0.928371873980454,0.61718430095912,0.931540628602041
1853,1.45480785707502,15,1.26408731570511,1.41117275907586,1.33292030630154,0.944247369064231,0.931540628602041
1854,1.43746710275775,15,1.25350181861273,1.46584918209182,1.2869498253196,0.903216625902994,0.931540628602041
1855,1.33238443013047,15,1.14169567250324,1.29472257421626,1.160867526947,0.907001981092046,0.931540628602041
1856,1.19122958225083,15,1.09869964992031,1.17743677101471,1.05311531430343,0.850470542364644,0.931540628602041
1857,1.29888631850643,15,1.20331637473841,1.22607882299439,1.08891158208297,0.817225536829713,0.931540628602041
1858,1.13160158232897,15,1.03644622242792,1.16006816226564,1.03455240690693,0.708121681820423,0.931540628602041
1859,1.14755141993753,15,1.13045682155755,1.12905258469162,1.00370357512344,0.747508647030551,0.931540628602041
1860,1.2109974684542,14,1.21946188684399,1.278582398491,1.07214781974586,0.799521426335712,0.925069713453847
1861,0.908181215030047,14,0.90222530158098,0.887084577275956,0.820693018916105,0.567181290825205,0.925069713453847
1862,0.756881841292402,14,0.748806357030626,0.786358567063835,0.711905843844866,0.501339973626139,0.925069713453847
1863,0.570450798031968,14,0.628783345843393,0.591008910786713,0.54236010546734,0.356081200516735,0.925069713453847
1864,0.906745678569763,14,0.920367036191132,0.902152247876181,0.807177541540248,0.555103747827584,0.925069713453847
1865,0.0986279534745318,14,0.106141459377245,0.0982916471748565,0.165617493162624,0.102030602127191,0.925069713453847
1866,0.95145772448002,14,1.0765495647382,0.93843010852885,0.921357431730261,0.606368892929395,0.925069713453847
1867,1.10598620600763,14,1.22621755530582,1.10565966154023,1.01395283566835,0.702389843242852,0.925069713453847
1868,1.04496085961713,14,1.12984351473331,1.02522346470629,0.971471654854827,0.655709823768097,0.925069713453847
1869,0.890316747586449,14,0.965023074442522,0.941127181498067,0.840565940412809,0.568626597259471,0.925069713453847
1870,0.8529695361289,14,0.936004165231719,0.85830675143557,0.816875995375906,0.549454385102176,0.925069713453847
1871,0.927155322835922,14,0.958831535369197,0.902034822971506,0.880107304386325,0.595553827557584,0.925069713453847
1872,0.907554616058528,14,0.96562254420506,0.956800118578745,0.832841880950567,0.54777091042313,0.925069713453847
1873,1.07934698282972,14,1.13363038229466,1.02111887794869,1.02111506251664,0.693879162142693,0.925069713453847
1874,1.00418394423396,14,1.02410474703674,0.985029110894344,0.885167452987821,0.596121158552985,0.925069713453847
1875,1.01409920651555,14,0.980615399886887,1.01262806649593,0.977279272986995,0.647892168390057,0.925069713453847
1876,0.72337459215959,14,0.711999172067127,0.738815778834767,0.673639935235913,0.446677554200058,0.925069713453847
1877,1.11247449460567,14,1.16346160585703,1.10203150611486,1.01726410106835,0.715701071862031,0.925069713453847
1878,0.919575604719009,14,0.927653310612569,0.904065900448633,0.848893574396623,0.579130817335516,0.925069713453847
1879,1.36250830152535,14,1.31918967493206,1.35681048008948,1.21944478750078,0.85579148552118,0.925069713453847
1880,1.16434378701112,14,1.10981888047999,1.15806081947236,1.06474967435398,0.761903561619272,0.925069713453847
1881,0.93205443269642,14,0.963725635994606,0.963179191379461,0.932168411388294,0.637422832052959,0.925069713453847
1882,1.09891602119214,14,1.07765225359831,1.08671945380889,0.994412642376429,0.710418834229496,0.925069713453847
1883,1.03587305770368,14,0.996749312978134,1.00031638435426,0.948199038236743,0.658236052953761,0.925069713453847
1884,0.991520870526771,14,0.983726050908622,0.968700702842002,0.856075101585449,0.612769864036319,0.925069713453847
1885,1.12573612040792,14,1.09993582593241,1.11310502578646,1.02688331116382,0.710456748713684,0.925069713453847
1886,0.779144365187816,14,0.793226957950878,0.809911072601562,0.799980948921168,0.541040320017502,0.925069713453847
1887,0.891646864920654,14,1.00603185481863,0.961380670316762,0.89904534826506,0.610247820502492,0.925069713453847
1888,1.0813260421567,14,1.06719267150868,1.04931417348585,1.00317510098372,0.676281797685968,0.925069713453847
1889,1.10208609987311,14,1.12351023181627,1.05781874892578,0.994760979723141,0.671166028237072,0.925069713453847
1890,0.902507442649054,13,0.903376293798449,0.926731245290272,0.802024855016083,0.5552376691781,0.920778198515052
1891,0.977208598794715,13,0.989140301093682,1.0369089578043,0.936160365577108,0.618409402238981,0.920778198515052
1892,1.03650386282175,13,1.08991181646029,0.975677265018709,0.917549350878241,0.648398393104332,0.920778198515052
1893,0.809878984513451,13,0.868103386946541,0.806306341588451,0.727503591303925,0.467440198321562,0.920778198515052
1894,0.77779918144379,13,0.836066452173898,0.745409051723398,0.657562998353863,0.464424411615452,0.920778198515052
1895,0.907333799896818,13,1.0139181369389,0.906374200859529,0.787736501295989,0.544785821227378,0.920778198515052
1896,0.908616782444352,13,1.01986230500845,0.900977228497792,0.800536329843349,0.551009627686412,0.920778198515052
1897,0.9377565350545,13,1.0733783882836,0.896848919229288,0.837818811087527,0.54325902062743,0.920778198515052
1898,0.994449832345501,13,1.1710583231732,0.968252474753161,0.900177246983197,0.531446531615038,0.920778198515052
1899,1.04018746904507,13,1.30343987759176,0.958492290861805,1.00681390681336,0.652627293619725,0.920778198515052
1900,0.962502670780899,13,1.17066991162168,0.99695174780853,0.832441568014494,0.571221160219882,0.920778198515052
1901,0.745596189414717,13,0.891001682600185,0.722772333330426,0.73842137520433,0.471345826543381,0.920778198515052
1902,0.475353671608187,13,0.568429376025767,0.478783541766333,0.448655652104975,0.283668344963755,0.920778198515052
1903,0.471527137794863,13,0.567079097661043,0.511412902228629,0.45834637269371,0.280422487508653,0.920778198515052
1904,0.64787515484578,13,0.794589036330342,0.635236689976957,0.638759537392807,0.417777639620311,0.920778198515052
1905,0.711579732922012,13,0.90081258418622,0.662069375666375,0.729720144754978,0.481156125214369,0.920778198515052
1906,0.653558778687132,13,0.763917024654893,0.705736419730072,0.587111452475837,0.41343800757599,0.920778198515052
1907,0.887897170575037,13,1.00971465432358,0.88373875895611,0.799211433941141,0.507194523281706,0.920778198515052
1908,0.947529250658684,13,1.10636522938448,0.968468430881007,0.863457116323225,0.611746774268284,0.920778198515052
1909,0.820807580703177,13,0.920367356779267,0.799541223376292,0.826147779631307,0.556982293231001,0.920778198515052
1910,0.867875648939799,13,1.01135329005605,0.972631531774617,0.8628990693544,0.592463827984452,0.920778198515052
1911,0.92845468139641,13,0.988353185826057,0.953218485037738,0.799460902458834,0.574821595185474,0.920778198515052
1912,0.762684074810861,13,0.860374903211645,0.739778966473863,0.754535782635855,0.518673882261865,0.920778198515052
1913,1.02684681764235,13,1.10995800797078,1.06016149531398,0.969001283345938,0.66834274060756,0.920778198515052
1914,1.19773472849848,13,1.28751206100448,1.19208548213815,1.09954920651809,0.779690974779337,0.920778198515052
1915,0.909696196907474,13,0.906321362269821,1.00279263269165,0.807069218310185,0.567634096020316,0.920778198515052
1916,1.17252879051107,13,1.19215296664285,1.1703379920199,1.09171616978769,0.714582378686179,0.920778198515052
1917,1.40776914376093,12,1.4488436777349,1.43352051090727,1.1301910839988,0.804423015759535,0.918406305291981
1918,1.43382070892239,12,1.46962686769228,1.40289902304073,1.20025306305227,0.802308679663623,0.918406305291981
1919,0.893914007091637,12,0.918944172143903,0.902638926182551,0.830321225162643,0.54884198604424,0.918406305291981
1920,0.829179519585165,12,0.867745039966629,0.852295329469982,0.72489213319147,0.497505979277657,0.918406305291981
1921,0.725541064817538,12,0.781230746074644,0.751489888092844,0.661035049364638,0.44471942364774,0.918406305291981
1922,0.636925779615019,12,0.714986341034278,0.674403401468154,0.433897858037916,0.319643051284545,0.918406305291981
1923,0.474747348957636,12,0.506371123275228,0.499960656285509,0.445176762083281,0.27021933007454,0.918406305291981
1924,0.877759989739716,12,0.913792274376219,0.893179104530938,0.732045444035316,0.442927156551661,0.918406305291981
1925,0.910661863884251,12,1.00585235906463,0.93372449547023,0.790209328565368,0.536502827703696,0.918406305291981
1926,0.99676385635386,12,1.0627739789835,1.01058807479881,0.808705761329144,0.532126524355926,0.918406305291981
1927,1.37950645006988,12,1.49442306324681,1.39525578406032,1.07088931395498,0.734412472146141,0.918406305291981
1928,1.01328389162336,12,1.11080911162731,1.03854196527789,0.893167583549094,0.548950359759951,0.918406305291981
1929,0.887999313236161,12,0.971651536935849,0.957801483872502,0.790073161312132,0.537506791732435,0.918406305291981
1930,0.694787520098067,12,0.761804657607146,0.728600581316325,0.615359329081642,0.404746196939388,0.918406305291981
1931,1.10925449477156,12,1.28086219026267,1.1340531932613,0.794400878152534,0.552576956545702,0.918406305291981
1932,1.12617913232994,11,1.24315952333738,1.17289982748535,0.926214266112143,0.62452127698308,0.904094299232496
1933,0.778871734729132,11,0.887140427652753,0.802753875073028,0.673398425735502,0.427218530325078,0.904094299232496
1934,0.310524346460473,11,0.347251789841107,0.329767942302963,0.315194074234186,0.195894487620454,0.904094299232496
1935,0.826867431401996,11,0.92202681767429,0.856222685956255,0.7609906285909,0.501142407853245,0.904094299232496
1936,0.804058241822295,11,0.896932258443514,0.84172459032195,0.725704680802847,0.491517842203352,0.904094299232496
1937,0.708459787727715,11,0.786722094303439,0.746838321817887,0.494446820116272,0.343651380555703,0.904094299232496
1938,0.900973690860071,11,1.03661773133792,0.95604846784302,0.802099441368514,0.513005093813016,0.904094299232496
1939,0.554908920448085,11,0.609308400973518,0.586963564692354,0.508061680536134,0.331883181483788,0.904094299232496
1940,0.721614577852423,11,0.804868698385862,0.771341717159447,0.550838077379714,0.381932131909458,0.904094299232496
1941,0.996551764230706,11,1.09403381580006,1.04559531181468,0.711483033079836,0.476295135976809,0.904094299232496
1942,1.12542637537333,11,1.18794782640678,1.19436498378504,0.795813132869259,0.544898141059762,0.904094299232496
1943,1.00012992165,11,1.06198602265012,1.04734757589485,0.846687264707671,0.589093563975153,0.904094299232496
1944,1.05103616455245,11,1.10070094352673,1.10878317327691,0.876045663592159,0.58265003859491,0.904094299232496
1945,1.15418877452249,11,1.18866594681158,1.1847631901038,0.924692660620941,0.595616194349166,0.904094299232496
1946,1.24666611713376,11,1.29263542702982,1.28647957141797,1.07211964116956,0.742621584680848,0.904094299232496
1947,1.15481522896906,11,1.1900985947637,1.19613505118004,0.762441226059339,0.534317199599275,0.904094299232496
1948,0.987402777203598,11,1.01118978686847,1.02090019860932,0.659449242907358,0.45612030677095,0.904094299232496
1949,1.01511738206986,11,1.05457459028718,1.05656299148733,0.829826993769509,0.590401139495793,0.904094299232496
1950,0.878446746688392,11,0.933065232154886,0.910480478192506,0.705044438297138,0.491937063964478,0.904094299232496
1951,1.17714287679251,11,1.27165878823868,1.22388858832148,0.906314199776451,0.608066874928869,0.904094299232496
1952,1.04088743589077,11,1.09675992121946,1.07315263669776,0.792745090009732,0.522544222059242,0.904094299232496
1953,0.908044907771641,11,1.00854142081615,0.945231873939152,0.796487365247455,0.537972430486715,0.904094299232496
1954,0.895239424768882,11,0.993770185679858,0.942857632106758,0.66405491445178,0.472571945580878,0.904094299232496
1955,0.906046910572402,11,1.04653370952797,0.898143607978005,0.802648755051432,0.526187919907348,0.904094299232496
1956,0.410598575123245,11,0.471984646514642,0.448835957686018,0.330500608357259,0.238776010739845,0.904094299232496
1957,0.951205606996041,11,1.18925220597748,1.01409490978929,0.894283666602543,0.571002131850083,0.904094299232496
1958,0.595156847002218,11,0.741461679211074,0.651114267648542,0.576268389843954,0.363114334058738,0.904094299232496
1959,0.601843348835705,11,0.713642029321309,0.630936643009846,0.548430906725058,0.351454780206543,0.904094299232496
1960,0.552231620861408,11,0.646639719183297,0.588263264605402,0.389846768601296,0.25544676323142,0.904094299232496
1961,0.670034861508233,11,0.756301150630815,0.710239359549626,0.557499051450485,0.36596217425593,0.904094299232496
1962,0.710691877919799,11,0.798717435434056,0.73484161595267,0.628912717558379,0.434561872545518,0.904094299232496
1963,0.838528475736328,11,0.978100921139785,0.973097233685199,0.791389881135651,0.51605948914327,0.904094299232496
1964,0.952127329913639,11,1.04506235796045,1.03719111985382,0.814402760862004,0.551071289297638,0.904094299232496
1965,1.27140275132758,11,1.26881186562881,1.31417011436156,1.00001427072888,0.693416177182719,0.904094299232496
1966,1.02255976955994,11,1.01472203264293,1.05157553943356,0.894371859863612,0.575931034990182,0.904094299232496
1967,1.20398177948686,11,1.15449790495516,1.2045381774574,0.896898400761682,0.658616824860471,0.904094299232496
1968,1.30426432230843,11,1.23265308687846,1.30520291349454,0.947234482014233,0.654773308156987,0.904094299232496
1969,1.27817370052975,11,1.1249409937191,1.31402127484993,0.965258406913392,0.637070035450823,0.904094299232496
1970,1.14779457505817,11,1.02837605385443,1.21091400043864,0.854013225730017,0.554160928085134,0.904094299232496
1971,1.08037196578752,11,0.915857802991511,1.04753809529809,0.7988170272873,0.563905141415209,0.904094299232496
1972,1.06773543394827,11,0.893230187029028,1.06354753829786,0.869543945854323,0.583713632618714,0.904094299232496
1973,0.663845876253185,11,0.541116423877429,0.637866822380454,0.59233794887921,0.369396060276281,0.904094299232496
1974,1.14936622832345,11,0.95504423324833,1.16054705607468,0.922608171692044,0.649611568953253,0.904094299232496
1975,1.30140848827989,11,1.03965390894438,1.26785712442624,1.02836991815142,0.728541568115726,0.904094299232496
1976,1.31082827293424,11,1.02049200279198,1.33612950698951,0.973635475122006,0.672552301954002,0.904094299232496
1977,1.41366794544226,11,1.05345566743519,1.45770497589794,1.03819936612119,0.715524467644455,0.904094299232496
1978,1.48160648435766,11,1.07558809252311,1.51875248932268,1.01616367354124,0.701269854872825,0.904094299232496
1979,1.34683137275384,11,1.01343927653142,1.4287405158144,0.917194536460924,0.652538505597284,0.904094299232496
1980,1.5421041555705,11,1.12886108491692,1.62026346996734,1.10057122884677,0.769939317123892,0.904094299232496
1981,1.54134231803697,11,1.20897392465416,1.69929150256467,1.13306281503903,0.763874594345388,0.904094299232496
1982,1.72789484189447,11,1.23458646177472,1.73674275879162,1.34547858507349,0.902121057353268,0.904094299232496
1983,1.69244255392404,11,1.21613446638166,1.68736908323367,1.27268979510823,0.815577608270002,0.904094299232496
1984,1.43467708855225,11,1.05906898718997,1.4496228218454,1.09313891261455,0.72016954334226,0.904094299232496
1985,0.875675086024717,11,0.618922963515954,0.814241907699722,0.743299831968271,0.467885823508924,0.904094299232496
1986,1.18371375421945,11,0.86571178947177,1.10800458471504,1.01076266177444,0.647716445983356,0.904094299232496
1987,0.778591158276328,11,0.580353557451813,0.742975377345123,0.628955082302862,0.416432079131664,0.904094299232496
1988,1.26629602038071,11,0.884040366012634,1.26465057631083,0.871006176859092,0.565880336256802,0.904094299232496
1989,1.40328159187435,11,1.13853096124305,1.52022372634494,1.15687278815842,0.784799464947668,0.904094299232496
1990,1.4774769085959,11,1.09366454340657,1.48210847293676,1.13730577260541,0.753245280182441,0.904094299232496
1991,1.4804852850005,11,1.12518004247297,1.51907127744754,1.17971215971727,0.79550883025341,0.904094299232496
1992,1.33899162628593,11,0.999240987817216,1.35992501298323,0.978182447952749,0.65381548897189,0.904094299232496
1993,1.26984092788437,11,0.90220713728648,1.28843623393489,0.880749490313323,0.590378684265413,0.904094299232496
1994,1.27609561737496,11,0.9293958842447,1.26128141896531,0.862360048111695,0.619096167845432,0.904094299232496
1995,1.54384625962555,11,1.14060699464284,1.5092148030906,1.1748770446996,0.802837155380659,0.904094299232496
1996,1.4007200232178,11,1.03185926087015,1.3789046031485,1.10869128881964,0.730518868123292,0.904094299232496
1997,1.39825409094638,11,1.10771145138596,1.47235601203832,1.13937957218096,0.829003874787591,0.904094299232496
1998,1.03275219556697,11,0.784727506107406,1.03576452184867,0.727049986796672,0.525974904708055,0.904094299232496
