"year","ModNegExp","samp.depth","Spline","AgeDepSpline","RCS","SFRCS","EPS"
1,0.899642960586691,2,1.13514820483321,1.09501863879919,0.91055570653365,0.518978586367099,0.608733910150047
2,0.92106710502957,2,1.16408655770615,1.16085343817234,0.987926194434602,0.570046102280016,0.608733910150047
3,0.846773489750639,2,1.07310846678236,1.07220867850543,0.930336123584086,0.536899409100786,0.608733910150047
4,0.76961886342542,2,0.968330099299884,0.949158550131136,0.795119471276055,0.423095489503855,0.608733910150047
5,0.550782788079992,2,0.681923147266511,0.656264398596739,0.535080247841408,0.291147463371362,0.608733910150047
6,0.715945516120072,2,0.854411779152838,0.806591887576546,0.66869480850504,0.377645497579019,0.608733910150047
7,0.762732131408628,2,0.929617867894897,0.891984928918992,0.725755108387002,0.418514526751419,0.608733910150047
8,0.626873183267871,2,0.758022077369666,0.728074702361526,0.598667366900807,0.347703363743682,0.608733910150047
9,0.810683351747236,2,0.987300383231962,0.950186915911026,0.847484780519064,0.497544974604713,0.608733910150047
10,1.1050620593385,2,1.34175686581575,1.29065918700691,1.09320474802376,0.641418608478762,0.608733910150047
11,0.727596797803152,2,0.816236738183198,0.793031187119585,0.703301918774154,0.40899580601359,0.608733910150047
12,0.697495001862066,2,0.762872398698602,0.746650415491821,0.721910983777076,0.394407195051725,0.608733910150047
13,1.01862581387791,2,1.19309999312537,1.14728652424104,1.03886617797031,0.584711970256405,0.608733910150047
14,1.04836890708937,3,1.18840692575773,1.18552111295131,1.16348309859562,0.64831521771664,0.544414829254373
15,1.0846843086566,3,1.1953487201202,1.32500270744643,1.29488302857725,0.754327286891819,0.544414829254373
16,0.876909907228541,3,1.05163574825324,1.00634646658513,1.03987689334691,0.590952020298653,0.544414829254373
17,0.776352009317024,3,0.912335107567767,0.880250514372579,0.812273347252324,0.457448285678242,0.544414829254373
18,1.21541386344398,3,1.3589822309549,1.40493044309643,1.37268096437269,0.849452054146811,0.544414829254373
19,0.685277909112179,3,0.736164939693102,0.763827321110672,0.737646923796979,0.42019928526917,0.544414829254373
20,0.644716652237937,3,0.705936701545559,0.734992456640582,0.70577220287297,0.407813940505127,0.544414829254373
21,0.640114816393451,3,0.781498735248243,0.81114260075695,0.727748404235113,0.432746063818656,0.544414829254373
22,1.07854930718477,3,1.38768503213037,1.20100077500254,1.19495508486969,0.700397257837782,0.544414829254373
23,0.764322985899882,3,0.852375878765269,0.869825668000023,0.851188319468074,0.516952191745758,0.544414829254373
24,0.6975257265863,3,0.85146071788303,0.820599355595777,0.834137874505099,0.492803394991759,0.544414829254373
25,0.960505484697654,3,1.08918116618137,1.05197871132448,1.10689789131738,0.659782090563255,0.544414829254373
26,0.981631329943713,3,1.13216303314934,1.0846011666956,1.12071075673683,0.663591525711711,0.544414829254373
27,0.958026868464936,3,1.10276693179928,1.05802788161205,1.15497946278731,0.672226993853261,0.544414829254373
28,0.830000753219099,3,0.952359403420162,0.91046146974812,0.985983676595509,0.564831551961184,0.544414829254373
29,1.0771003399609,3,1.3055450786734,1.17583326000924,1.28787613869521,0.745170616968716,0.544414829254373
30,0.766424882472511,3,0.909978643132828,0.840190809327742,0.932732185237054,0.546529312312992,0.544414829254373
31,0.667519250739507,3,0.849138395670358,0.854851158401182,0.891839423770482,0.521300275112645,0.544414829254373
32,0.766376484198505,3,0.880804065512832,0.916156532399146,0.996826420287647,0.570886553601572,0.544414829254373
33,0.614129671003246,3,0.664947764924197,0.67019715195269,0.728008447246797,0.424814118546549,0.544414829254373
34,1.02438725663856,3,1.10638204521473,1.22159729186149,1.34884311342214,0.794926894400215,0.544414829254373
35,1.04986705755183,3,1.13249460499885,1.14530617744495,1.26463631025628,0.725793412939598,0.544414829254373
36,1.06921119028566,3,1.14270904875969,1.15725865138504,1.30225697990576,0.728169722901831,0.544414829254373
37,0.635344704475566,3,0.678003511040248,0.688264775045046,0.740621404988252,0.452335995950483,0.544414829254373
38,1.15254636773848,3,1.02033879627989,1.09338881191675,1.27690207472269,0.674677146807926,0.544414829254373
39,1.10255854654942,3,0.967066549888796,0.999775694252508,1.06120713750498,0.611403633590146,0.544414829254373
40,0.845902526299396,3,0.857337408546918,0.918415432715436,1.07606401902524,0.57266704155006,0.544414829254373
41,0.715507603357055,3,0.72882842606934,0.770591831621335,0.864943227471274,0.454786588418747,0.544414829254373
42,0.978255510526079,3,0.987623144139107,1.05543253521389,1.20120680967719,0.681785954607532,0.544414829254373
43,1.182253101455,4,1.21625824044721,1.35088522992652,1.48323852475974,0.846891995209043,0.621124188850121
44,0.969104782351684,5,1.01670356844492,1.10841413312284,1.2364691871649,0.704378767903918,0.713284332001779
45,1.2360460064076,5,1.32849492884846,1.39234147159383,1.67424484116604,0.932189517682307,0.713284332001779
46,1.08227747892557,5,1.12691475404536,1.17511787678013,1.35946236663142,0.785380793785777,0.713284332001779
47,0.864139532261186,5,0.869437441730748,0.906680109631127,1.12606721751627,0.645784885879779,0.713284332001779
48,1.0373031264284,5,1.16381504731902,1.12268044149166,1.31165247657568,0.754425116122911,0.713284332001779
49,0.899070951799926,5,0.988542263697351,0.953442448034732,1.05639820450107,0.582163098721957,0.713284332001779
50,1.06656160150889,5,1.20662079947467,1.14603709911561,1.27911947153771,0.729640570158762,0.713284332001779
51,1.07359310080896,5,1.21843216384164,1.14742232935157,1.33655789358937,0.759984289541555,0.713284332001779
52,0.784446631601697,5,0.920997275258993,0.870732650071782,0.986830505031839,0.558201124037905,0.713284332001779
53,0.782133034027911,5,0.896440102782756,0.82009347013364,0.983308640838696,0.553857447708619,0.713284332001779
54,0.602340866337783,5,0.72233953137994,0.641199263486304,0.739239607252281,0.401691256053928,0.713284332001779
55,0.458986729494813,5,0.54061607027077,0.480053612493944,0.5868230830356,0.326632995604922,0.713284332001779
56,1.02712219544062,6,1.14439724287648,1.03319534974834,1.35859649142951,0.761279820425838,0.725305693694316
57,0.791213580497166,6,0.887330762185634,0.80476667123838,1.06822379292668,0.609337445209128,0.725305693694316
58,0.631034182048779,6,0.703070759568655,0.644246800645462,0.813904641582942,0.472720701327997,0.725305693694316
59,0.768709208755274,6,0.827990604926103,0.785949893105049,1.05190942874157,0.574053106598141,0.725305693694316
60,0.757966643803532,6,0.805633504327867,0.778594564751634,0.88826425534935,0.521701094899123,0.725305693694316
61,0.938841143251841,6,0.984364205343311,0.908428391953749,1.23064565284811,0.697186773784857,0.725305693694316
62,0.926045483788612,6,0.943119798195284,0.949202316087725,1.07801988537811,0.625846604734086,0.725305693694316
63,1.20577698061677,6,1.19597557403866,1.23666180117374,1.49422542519639,0.857545696146883,0.725305693694316
64,1.16745098790187,6,1.18329157348096,1.24785497494545,1.32162754649096,0.779093950368584,0.725305693694316
65,0.761482910482068,6,0.711140739822077,0.784575353912578,0.960331598501273,0.556967700323095,0.725305693694316
66,1.47069065482751,6,1.31984606828136,1.48484596665852,1.83871993347204,1.09291986361539,0.725305693694316
67,1.17294478579699,6,1.08438981181385,1.20125076790828,1.43130365241963,0.858662075469964,0.725305693694316
68,1.16049916925549,6,1.10278335977327,1.23482240654293,1.59785986744224,0.932337894516271,0.725305693694316
69,0.980299983251396,6,0.860209698379486,1.02570733619251,1.27274279017507,0.716622566360245,0.725305693694316
70,1.29941147748662,6,1.12980414914898,1.34496774535119,1.72092317696543,0.986298851799864,0.725305693694316
71,1.21161335918472,6,1.05758562609872,1.26519133486832,1.62395209462153,0.927243699652371,0.725305693694316
72,1.04350980168952,6,0.924560435761269,1.09891316733767,1.41245979505111,0.786464300073026,0.725305693694316
73,1.17006001461392,6,0.963658093171333,1.22868185863969,1.56780863122143,0.898194816427554,0.725305693694316
74,1.37782633754368,6,1.21567415961749,1.44354655581002,1.88869036321244,1.07913296814294,0.725305693694316
75,0.930793943015085,6,0.819231110452347,0.986166032791813,1.14264279246508,0.666436886482556,0.725305693694316
76,1.26237683329097,6,1.11017509496165,1.32988516402597,1.66109105808638,0.985482799593579,0.725305693694316
77,0.992430539740354,6,0.935790166827168,1.06379447079878,1.38938349735047,0.795362221179834,0.725305693694316
78,1.35510319781256,6,1.28519257511831,1.43863402631513,1.94405202609925,1.11954569919903,0.725305693694316
79,0.996216014762017,6,0.992304991898871,1.09610862479114,1.34804037100724,0.797259564595412,0.725305693694316
80,0.985892004066468,6,0.947047383074445,1.04743096880109,1.37132177973253,0.776060241704916,0.725305693694316
81,0.602932668836083,6,0.595337595392456,0.647587315180019,0.810054201014095,0.443488064143139,0.725305693694316
82,0.963350261873135,6,0.973104753585355,1.04314726937224,1.26661688228519,0.714838676530646,0.725305693694316
83,1.09106447898897,6,1.18731510164819,1.17468970014058,1.57748978132874,0.8612455015002,0.725305693694316
84,0.754372727489287,6,0.790007058525884,0.824552145081675,1.03345047271149,0.570536228499779,0.725305693694316
85,1.0381343423533,6,1.13826722284644,1.15491012477779,1.43796854779886,0.808451363731704,0.725305693694316
86,0.972047222404018,6,1.06727028468281,1.06124250527356,1.30027761035712,0.725333565636519,0.725305693694316
87,0.906370105225399,6,1.10485707181289,1.02953111411338,1.26979059816282,0.708705923197306,0.725305693694316
88,0.846893642324084,6,0.900597042872983,0.936036043249078,1.07385309697482,0.597731212433046,0.725305693694316
89,0.798369382950123,6,0.954719462667315,0.867189897743518,1.10226104655881,0.628059409957526,0.725305693694316
90,0.891526964356017,6,1.06154612257207,1.07646883990409,1.15383220776669,0.650149674194446,0.725305693694316
91,0.649751560036908,6,0.774478102559603,0.748683359748371,0.880667912822663,0.484798203982582,0.725305693694316
92,1.03589089722746,6,1.2118590740121,1.11716383946377,1.33412857291999,0.743177033785631,0.725305693694316
93,0.702057410785036,6,0.870091975974305,0.784531732224924,0.941886712328022,0.511548928877178,0.725305693694316
94,0.898876790420431,6,1.11115235255236,1.00752714431525,1.18642671703844,0.674185332867423,0.725305693694316
95,0.886354274978389,6,1.11231063079102,0.990212940542076,1.1854635369191,0.657415416145514,0.725305693694316
96,0.50303418868638,6,0.622332096846882,0.569925797329042,0.658701103459188,0.352298839346837,0.725305693694316
97,0.723678092260475,6,0.911693612862795,0.824582662437016,0.955401833943625,0.532858535921838,0.725305693694316
98,0.700578932594939,6,0.90285733531776,0.799067309784489,0.959708667015436,0.534414713631716,0.725305693694316
99,0.67055848049789,6,0.836605516438509,0.769641032240332,0.895393971789176,0.49065948420011,0.725305693694316
100,0.917728968958277,6,1.1060422609491,1.05197204827124,1.18340719491748,0.653986891449754,0.725305693694316
101,0.817966255178513,6,0.985366334261134,0.940015896993238,1.02592922493509,0.580942222155348,0.725305693694316
102,0.562650778224742,6,0.659040638024726,0.649137543152466,0.745992094288288,0.408951257456777,0.725305693694316
103,0.906609393572188,6,1.05842749805529,1.05338932502557,1.16699470944897,0.649667610984851,0.725305693694316
104,0.917316133829312,6,1.02527043738525,1.07193409211677,1.17193603291323,0.652981845760369,0.725305693694316
105,0.694134271835367,6,0.829720012694139,0.815437991518354,0.875131140780224,0.505742398988235,0.725305693694316
106,1.17104973964415,6,1.3889747658082,1.39700525517567,1.57639639061246,0.873769296498058,0.725305693694316
107,1.2318374777234,7,1.29366334402361,1.39065525252878,1.54813847921731,0.878180662240803,0.7392769597486
108,1.00950405715639,7,1.11496320008839,1.14797007968277,1.23876847451164,0.707240907944839,0.7392769597486
109,1.01271364188939,7,1.03258978972186,1.15398567278953,1.28179736413878,0.707983776431111,0.7392769597486
110,0.839871068635595,7,0.887444163640006,0.958890854186558,1.01498389697793,0.518601533331332,0.7392769597486
111,0.93932634693931,8,1.09303917652071,1.15597773249767,1.22192407485913,0.665467833778883,0.75812243657533
112,0.833790261707249,9,0.96528887262803,1.03684873480692,0.998298257954409,0.548706259808463,0.789114214278379
113,0.735409608293219,9,0.855029986254934,0.893525244443696,0.892759728574173,0.504142432539608,0.789114214278379
114,0.718102532123324,9,0.838746910267467,0.867745036690846,0.890355998516227,0.492192815891501,0.789114214278379
115,0.670384105595781,9,0.816757595550991,0.796852431061265,0.728244723466325,0.42117509273457,0.789114214278379
116,0.897269222540761,9,1.04764218206377,1.09335712508213,1.04702174374787,0.584576710920518,0.789114214278379
117,0.819382442409813,9,0.9530411213774,0.998728588103733,0.954991064660239,0.529496742189438,0.789114214278379
118,1.09131321536971,9,1.26468314508314,1.3362871254258,1.2663648471457,0.709011400815913,0.789114214278379
119,0.914384342383438,9,1.06718662751675,1.11977273071221,1.07336112042669,0.59917766400832,0.789114214278379
120,0.489691118774543,9,0.582275945009154,0.591587504093289,0.60419601026985,0.330012329753694,0.789114214278379
121,1.02886414601552,9,1.24176551872589,1.24685584669577,1.25019798381129,0.715727297512286,0.789114214278379
122,1.04878521278934,9,1.25423141506904,1.27353806768879,1.26080011936018,0.71033792794545,0.789114214278379
123,0.933273449158767,9,1.13170000097809,1.14515121837763,1.16132455195828,0.63126936423249,0.789114214278379
124,0.782071829280188,9,0.920262646755629,0.959414108236157,0.979196990078171,0.537413657760553,0.789114214278379
125,0.760954317322113,9,0.932840312093238,0.962596548921326,0.910781543183215,0.499912429413306,0.789114214278379
126,0.802709461549955,9,0.97138023665952,0.957974761450223,0.985002085560157,0.543872345689966,0.789114214278379
127,0.713157230231561,9,0.8247071192252,0.813684943868545,0.885671182241457,0.476458589779206,0.789114214278379
128,0.770547150624785,9,0.907790418119964,0.873695391444853,0.947097474218311,0.505989926167548,0.789114214278379
129,0.846010260546448,10,1.02416176906932,1.00619609650031,0.998175913436871,0.558263934034168,0.81042952466837
130,0.743823682995766,10,0.90883335551863,0.884878281737664,0.892571750302636,0.496979715280618,0.81042952466837
131,0.691378047322365,11,0.793311018046658,0.780322685087341,0.823909233765737,0.464459381735915,0.81270668008505
132,0.872346359157452,11,1.10556058728504,1.06750357063832,1.06945413089444,0.590745221681218,0.81270668008505
133,0.911589059985924,11,1.13411914441387,1.09374652644431,0.998729613616801,0.569090627408988,0.81270668008505
134,0.827509407630737,11,1.11987447169077,1.04520803203927,1.06907768067683,0.591878289785833,0.81270668008505
135,0.718140663917406,11,0.868225242398825,0.859123172214646,0.856433738448252,0.479395155799713,0.81270668008505
136,0.929239103628188,11,1.20711708475683,1.10637165831056,1.11162786425807,0.616477949773685,0.81270668008505
137,1.01487689470873,11,1.3058541400914,1.18947178257373,1.17429145041967,0.675753080236759,0.81270668008505
138,0.564523533079471,11,0.701507040381566,0.658557723196865,0.647591328107055,0.356912684977824,0.81270668008505
139,0.784120265146638,12,0.997188020818142,0.93164368080019,0.926112401137735,0.517994138176752,0.834735125308055
140,0.885492737978759,13,1.20403706776389,1.11470436690198,1.01491267428173,0.585933577518755,0.831734896796954
141,0.660557272433348,13,0.921669941695602,0.861873187992948,0.74035286783738,0.425703468245049,0.831734896796954
142,0.476092593854273,13,0.618307159064625,0.575282009265465,0.498922628664764,0.291009138598734,0.831734896796954
143,0.893349766415575,13,1.27714944492373,1.11272883151102,1.03591223009907,0.584172465058193,0.831734896796954
144,0.850127547219451,13,1.24495690252221,1.0483264891032,0.980129861268183,0.544623176158884,0.831734896796954
145,0.679030491634525,13,1.02747556100252,0.812112194294724,0.798770277233312,0.446621970592119,0.831734896796954
146,0.757255948207908,13,1.14121940156448,0.917054856396123,0.849336332240463,0.483721674473517,0.831734896796954
147,0.605784311302704,13,0.929542093397976,0.712926793698106,0.731046904903858,0.399214491173799,0.831734896796954
148,0.434638299204543,13,0.705743389260608,0.549421503628328,0.499661638250408,0.272860876444137,0.831734896796954
149,0.553636516384103,13,0.837468412275102,0.642027226951719,0.647466727305808,0.363146163997905,0.831734896796954
150,0.522683558823526,13,0.803739233035989,0.588098669768178,0.604391833312662,0.337136991894979,0.831734896796954
151,0.429509390150353,13,0.694505188015563,0.50331283365591,0.521522363408275,0.286010708373083,0.831734896796954
152,0.575538758149999,13,0.895063985448325,0.666781093811762,0.67095944151788,0.368958601885259,0.831734896796954
153,0.73198755479492,13,1.08407096008333,0.858891249737452,0.86198216817311,0.488839205051582,0.831734896796954
154,0.494932865353666,14,0.785218643716882,0.584222115327364,0.580516318771596,0.314805369128294,0.849789885785211
155,0.852874683785712,14,1.2352676625279,0.969752908957057,1.06816896979316,0.594807431267,0.849789885785211
156,0.660686039755084,14,1.00057621210829,0.763003941814458,0.824547131295473,0.468041535259162,0.849789885785211
157,0.794991891062565,14,1.03835642070128,0.891055002928494,0.987016953182617,0.559713402432393,0.849789885785211
158,0.54335036034905,14,0.732205122243562,0.600078624228566,0.684649059784368,0.380332089518653,0.849789885785211
159,0.88930813597088,14,1.15712563078028,0.966126919584119,1.0917722500088,0.603952022175446,0.849789885785211
160,0.780528933845929,14,1.00473390077322,0.848278619590084,0.884650463683362,0.495463144264958,0.849789885785211
161,0.923787771565571,14,1.16719270725759,1.00524510103004,1.12843012029908,0.641859949814264,0.849789885785211
162,0.748374886125861,14,0.951631993042599,0.806804049225882,0.92710332882433,0.52343512883862,0.849789885785211
163,1.31709178728847,14,1.53825053695865,1.397041957495,1.65943849916601,0.930057517967995,0.849789885785211
164,1.09409827887997,14,1.31536159871482,1.14437610728043,1.31683033005429,0.740664123466739,0.849789885785211
165,0.890902934024851,14,1.10353146817686,0.937376650027442,0.98344744794255,0.54822220573779,0.849789885785211
166,0.84119416749236,14,1.01408201660456,0.891517060222595,1.03219731577543,0.566593640057409,0.849789885785211
167,0.761987574118921,15,0.910446374022086,0.801850470922602,0.942366723005312,0.532297323025945,0.865319262764203
168,0.682956265736408,15,0.856637553533329,0.734736470350398,0.851380065719857,0.45962110414586,0.865319262764203
169,0.514279040752236,15,0.62307664779734,0.546282365442039,0.706276741205063,0.387865961623001,0.865319262764203
170,0.57464758204402,15,0.723372786472527,0.615041727604198,0.768108424107436,0.410604798755709,0.865319262764203
171,0.753838100689672,15,0.907348021369703,0.793768798200771,0.905104185775614,0.495295197399557,0.865319262764203
172,1.09001615453833,15,1.21431717664438,1.11528635487408,1.35021802485545,0.755333529266417,0.865319262764203
173,0.851487995259056,16,0.948765210045025,0.880278088965918,1.03479428300794,0.583468927014669,0.861990274539113
174,0.94321717299495,16,0.984014293419269,0.97879649832985,1.17306918333633,0.657030898356272,0.861990274539113
175,0.690209826581884,16,0.686663728517518,0.695512260947202,0.876902998372283,0.482046902369085,0.861990274539113
176,0.932193349897369,16,0.959291263532248,0.954258379596664,1.13857941213183,0.63010409893251,0.861990274539113
177,1.04091900134954,16,1.01708667161886,1.04096707058253,1.29109679001164,0.709310245259701,0.861990274539113
178,0.912919449755055,16,0.892582649833472,0.932151859968769,1.17312955416534,0.642548639155565,0.861990274539113
179,1.00007942813489,16,0.931329434747706,1.02871458266596,1.20859262368538,0.680841124584215,0.861990274539113
180,0.989304157457087,17,0.893632914956169,1.06110724398394,1.28031910621004,0.700347471788008,0.87328966386288
181,0.977234095265359,17,0.876477953084267,0.952165026977019,1.23273307433998,0.685310105956508,0.87328966386288
182,0.97803607506971,17,0.849360311655154,0.984982872252795,1.22484218755163,0.65709324036208,0.87328966386288
183,1.29274221678479,18,1.16377735101655,1.33007450744833,1.65830334020253,0.901063926997394,0.874832530294835
184,1.46575944742202,18,1.29264168311621,1.49401948949896,1.88297766105336,1.03495061481692,0.874832530294835
185,1.03609822159206,18,0.913453190795021,1.05438819335312,1.32615912628943,0.734838462646522,0.874832530294835
186,1.5715345285398,18,1.34248704512021,1.57026043786803,1.94733585255823,1.08171565546485,0.874832530294835
187,1.29643759400041,18,1.15434101497947,1.30902943971344,1.68424233533983,0.922420238856566,0.874832530294835
188,1.172641257198,19,1.09850931071103,1.20382016723975,1.57861694042191,0.878534099282736,0.873647123935969
189,1.06218773554833,19,1.00723521695138,1.06403180395995,1.35626142520659,0.772306703688417,0.873647123935969
190,1.20251787799774,19,1.08658170805049,1.16536076705009,1.54340204943559,0.82139061086306,0.873647123935969
191,0.91459593983086,19,0.852218864504863,0.96393875493011,1.219909526927,0.66235639262175,0.873647123935969
192,1.0830010985369,19,0.972071173038345,1.10291517412143,1.3668389270784,0.755587910087455,0.873647123935969
193,0.906179077642878,19,0.77635870827309,0.900069464193929,1.14188207703045,0.619242651916589,0.873647123935969
194,1.17126837060977,19,1.01259015731328,1.17851286814118,1.51294923312895,0.826363152775906,0.873647123935969
195,0.741290587090394,20,0.639971597967927,0.734544672818575,0.914071465148215,0.50677991395781,0.874499224702465
196,1.1996339773352,20,1.03262447351408,1.20300673203844,1.53962694922909,0.848016601748884,0.874499224702465
197,0.995396816116835,20,0.867644001075156,0.996432991259442,1.22268338088159,0.65557042467628,0.874499224702465
198,0.865162276493956,20,0.750267439815801,0.84295293966065,1.13909115301818,0.621723332117194,0.874499224702465
199,1.34923785876694,20,1.15663893063126,1.35688236180632,1.74794322491025,0.951227942931951,0.874499224702465
200,0.796796717213112,20,0.695836921490494,0.812823252869452,1.02588476178292,0.566470862331645,0.874499224702465
201,1.31711225539849,20,1.11632040407619,1.33725609616613,1.6285970714596,0.904841433783121,0.874499224702465
202,1.19535719715058,20,0.994196387256523,1.19815371887319,1.42231149311927,0.803970275367802,0.874499224702465
203,1.57065277836578,20,1.27986652493467,1.51447087729461,1.90183872413335,1.0668503329224,0.874499224702465
204,1.50098372701033,20,1.24263133178753,1.49047980233902,1.88964278814827,1.05167907955186,0.874499224702465
205,1.53255830155672,20,1.28048933806409,1.53215707087231,1.88434026655053,1.05188575779225,0.874499224702465
206,0.968346215591605,21,0.81368360527995,0.967139927442032,1.19023461078314,0.640036426368161,0.880358639441263
207,1.19288562398493,21,1.04402593975113,1.21679393626602,1.44986390343202,0.792597909985681,0.880358639441263
208,1.29348259061242,21,1.13862402934296,1.30358532914134,1.62247148151464,0.893659478316086,0.880358639441263
209,0.57869547635465,21,0.498004559540096,0.591490760111744,0.704113307112342,0.383546707995173,0.880358639441263
210,1.29612784301108,21,1.0937561800571,1.27904125725064,1.62893437175103,0.88023361173609,0.880358639441263
211,1.17250290182651,21,1.01453557254728,1.15588292508257,1.42190491139368,0.773268967641473,0.880358639441263
212,1.0790653665545,21,0.922979970166034,1.07224880899235,1.34760039171751,0.734337495807477,0.880358639441263
213,0.999728389027165,21,0.93415708615843,1.01275614865655,1.19298369924505,0.661282241631323,0.880358639441263
214,1.14309916762173,21,1.07671916489728,1.16258562962671,1.35301586137226,0.749681498774028,0.880358639441263
215,0.86208920914224,21,0.781640934579725,0.849294961534648,1.05394827283659,0.563279316635057,0.880358639441263
216,1.27440951698501,21,1.1538482354803,1.27044967338559,1.55999460931075,0.850850934589125,0.880358639441263
217,0.956734348305416,22,0.87754703802147,0.966077265070238,1.20750250817609,0.646515409321373,0.88428384651589
218,1.13094267106454,22,1.10053050128742,1.18201800598142,1.39218661546062,0.758843529655913,0.88428384651589
219,1.28376050015391,23,1.26664546926786,1.36599231966023,1.58549605439396,0.868678750894215,0.888419087080912
220,0.907169733101168,23,0.859147110767375,0.942420547023642,1.11079623560074,0.597309529477607,0.888419087080912
221,0.646579187911146,23,0.667322827236314,0.703272832703669,0.783941029617685,0.422806942560526,0.888419087080912
222,0.827428356067516,23,0.898085975305325,0.938019240765818,1.03409901776813,0.550921138519664,0.888419087080912
223,0.699219642386436,24,0.721389647962239,0.754276530837074,0.831708425499271,0.449228762915325,0.894498092903164
224,1.21123511142953,24,1.14539689545634,1.23638588264719,1.43351686051193,0.78353339471347,0.894498092903164
225,0.903298657828432,24,0.890266453686793,0.940629031395452,1.05885557181692,0.573296117904155,0.894498092903164
226,1.39638395130747,24,1.39233124770168,1.48847395391717,1.67341936468517,0.91475684327924,0.894498092903164
227,1.18822306828802,24,1.1880342746042,1.2696683652024,1.41966199220514,0.770318507167085,0.894498092903164
228,0.928760919313337,24,0.964083200116035,0.969790931003407,1.05310350201235,0.593786981326562,0.894498092903164
229,1.04774997293253,24,1.09637981039095,1.13293078073063,1.21578810101654,0.672226135619638,0.894498092903164
230,0.719797824729992,24,0.755532980925412,0.742669090891922,0.86745218373529,0.46901516096577,0.894498092903164
231,0.863733708680058,25,0.870048670975391,0.9070402906268,1.02737993007749,0.555982678776811,0.899399575512127
232,0.643193908341005,25,0.670111085748605,0.659205556718146,0.741808009491721,0.410595331886857,0.899399575512127
233,1.08715916145393,25,1.08163490650838,1.16936028082423,1.28679678309156,0.704929014114773,0.899399575512127
234,1.08506559078721,25,1.11717477576269,1.16453161410052,1.31396473742726,0.707902764563285,0.899399575512127
235,1.03428870006554,25,1.05559844803464,1.10046000832755,1.21304879745315,0.656004438496703,0.899399575512127
236,0.741608339868686,25,0.832538055114603,0.853226164541324,0.92606316708417,0.503474032752887,0.899399575512127
237,0.884389260579127,25,0.933608275311852,0.969985227221133,1.05895121947025,0.578597248012316,0.899399575512127
238,0.773198131095557,25,0.815818622477033,0.835559321774173,0.906380314668285,0.480374194633754,0.899399575512127
239,1.06752074440815,25,1.08359268840477,1.13043878399216,1.24951974871296,0.667449756499915,0.899399575512127
240,1.14858209496202,25,1.21186315994986,1.24145917418183,1.33851802349576,0.724068095512963,0.899399575512127
241,0.858453552440613,25,0.911931223506427,0.924272797007405,1.02458358296255,0.543223603920273,0.899399575512127
242,1.30471788001943,25,1.36780237597583,1.40445392525906,1.5154567984858,0.819688232139083,0.899399575512127
243,0.852885304948508,26,0.917776647614536,0.921160854210945,0.997772107482038,0.535262143286284,0.902540235742426
244,0.986964295278751,26,1.0499205369094,1.0391748701462,1.13298694019564,0.597782897146291,0.902540235742426
245,0.976475830089791,26,1.03560952630973,1.03798389421432,1.13189398273707,0.611060873178559,0.902540235742426
246,0.513467467130304,26,0.561948536893012,0.546978309813608,0.631112369847301,0.329770539388797,0.902540235742426
247,1.14802928756559,26,1.23720843892426,1.19500439478187,1.33883663540097,0.7205947294524,0.902540235742426
248,1.14672946938503,26,1.31341758209681,1.20426439701715,1.32075466059559,0.713600476192395,0.902540235742426
249,0.884562824254881,26,1.04053544535812,0.933766907651099,1.00096058292764,0.535153366648674,0.902540235742426
250,0.716164265018824,26,0.834447370137617,0.751498400979076,0.789952488050914,0.42353197539883,0.902540235742426
251,0.754836719292226,27,0.943524792617041,0.795225762106394,0.868948896970615,0.464234285134783,0.905784474265636
252,0.71523262322906,27,0.883060912982536,0.752647621666971,0.812214863195985,0.440172095975201,0.905784474265636
253,0.698871495171899,27,0.889211408069823,0.74314272891143,0.794188537362485,0.432801261104397,0.905784474265636
254,0.785791841373614,27,1.04816594320166,0.847431390525007,0.903717100354307,0.490427888137052,0.905784474265636
255,0.777704931301664,27,1.04700775231563,0.850733235023366,0.892222001206593,0.481184004268058,0.905784474265636
256,0.902627607770752,27,1.25286635557993,0.935105932747773,1.07143732237185,0.576058291068635,0.905784474265636
257,0.493788010830644,26,0.666097590521143,0.515552190687379,0.575979604370063,0.307376335915623,0.900399816711398
258,0.791262857347421,26,1.1070030900278,0.856557374506718,0.90313353094115,0.481161182542226,0.900399816711398
259,0.691168404344906,26,0.954994853069695,0.74615367693747,0.794391425511983,0.420269896735066,0.900399816711398
260,0.681747473722815,26,0.96197817877459,0.741695256965424,0.77219410420718,0.424990972787415,0.900399816711398
261,0.465479137104159,26,0.659756065079195,0.511791832617802,0.517148331715661,0.280578912414114,0.900399816711398
262,0.642357322146144,26,0.83794300835619,0.700439191452381,0.70083949877298,0.37573716867281,0.900399816711398
263,0.768416067114822,26,0.99854501104022,0.831746997480749,0.858244864743281,0.460293707809965,0.900399816711398
264,0.408539780303994,26,0.528934547197527,0.43879133732996,0.449475272428039,0.241112117396055,0.900399816711398
265,1.105770078339,26,1.47148161225105,1.1911480658343,1.28937997619493,0.683848358536355,0.900399816711398
266,0.900437764919207,26,1.14280406571462,0.963970825323318,1.03139693043388,0.556716675931469,0.900399816711398
267,1.04635917044406,26,1.30131493188063,1.12000922872097,1.16562542551452,0.638689981682481,0.900399816711398
268,0.855774983542148,26,0.992164577037316,0.921710427841054,0.958784493824823,0.51285692705422,0.900399816711398
269,0.948778972228526,26,1.10695231493,1.00842407294409,1.03861426773046,0.567661891023335,0.900399816711398
270,0.7024583749508,26,0.814294113486239,0.705318988538197,0.830245495098735,0.443723691879232,0.900399816711398
271,0.890740855070725,26,1.01070114432091,0.9326810936016,1.01090090341493,0.538511434803325,0.900399816711398
272,0.716890814155452,26,0.794731916452946,0.759732035232512,0.788432188173334,0.417446856268506,0.900399816711398
273,1.00185380577479,26,1.06970042783794,1.04262277601402,1.09869150038289,0.595819066817079,0.900399816711398
274,0.976303251621489,26,1.00460869567677,1.00569498915127,1.04520491631061,0.568597499531798,0.900399816711398
275,0.727216854390285,26,0.757837061152099,0.761730841940163,0.730473969227349,0.406012932171329,0.900399816711398
276,1.02985177467997,26,1.05861459090772,1.08027680457802,1.08981836254045,0.600903121875291,0.900399816711398
277,0.955170490015586,27,0.958305052546043,1.00226589107963,0.984348655132241,0.531947361040409,0.903225178893757
278,1.05877394668146,27,1.05288022004183,1.12309136988942,1.06570576065323,0.59316656961713,0.903225178893757
279,1.14260100198264,27,1.13614482627378,1.20267295988828,1.23840730306288,0.670146867757277,0.903225178893757
280,0.84438952109531,27,0.83718570515285,0.894432286308155,0.894287072594903,0.483045462003874,0.903225178893757
281,1.07700690452362,27,1.0158167389062,1.11069502564431,1.12540992786193,0.622828726977691,0.903225178893757
282,1.12618810739666,27,1.08929980759867,1.18960225463409,1.17320054370085,0.622263767516582,0.903225178893757
283,1.1098219275684,27,1.06703175320059,1.15622945211789,1.15112619009113,0.610745311464643,0.903225178893757
284,1.15762797683238,27,1.16952872188659,1.19707637189997,1.23350344846892,0.673556721794237,0.903225178893757
285,1.24287490158773,27,1.2401415450873,1.2858116147544,1.31621935970787,0.705521617265719,0.903225178893757
286,1.01722386542034,27,1.0426940280045,1.06072298326401,1.10100868713626,0.579440653768393,0.903225178893757
287,1.03231210239879,27,1.05082481656825,1.0567982711299,1.11479723219621,0.596741005152003,0.903225178893757
288,0.785525617461779,27,0.832028770745814,0.805245860816786,0.867961459041301,0.463413278251158,0.903225178893757
289,0.777109211133098,27,0.805459939965821,0.803799172012723,0.759477744688239,0.41776572973659,0.903225178893757
290,0.827730551392898,27,0.869053662988372,0.864118914967427,0.862224447990607,0.463549551936035,0.903225178893757
291,0.558511553793462,28,0.61657674536148,0.598989367008524,0.581258120624646,0.312030105869963,0.909579897786554
292,0.941943714746214,28,0.988160738537181,0.986015697872284,0.971626846436459,0.524608073646277,0.909579897786554
293,0.657744408870625,28,0.718846494295837,0.67662837808392,0.69664674021488,0.372465508026803,0.909579897786554
294,1.08873024592278,28,1.13032918659112,1.13375124987836,1.17072036172297,0.620849935557713,0.909579897786554
295,0.878416933468085,28,0.931354448297805,0.934029705484241,0.927447309712044,0.495303934473112,0.909579897786554
296,1.2912126925461,28,1.38115447485048,1.36038754590301,1.36455438705771,0.732497205859857,0.909579897786554
297,0.918053246996337,28,0.982087980644355,0.974343616287269,0.984188929396316,0.516816166365727,0.909579897786554
298,1.06361859423068,28,1.16202019146734,1.15464371146666,1.12657272234749,0.60175493112915,0.909579897786554
299,0.984656963270391,29,1.0247926747208,1.0383169701602,1.03766309923839,0.551905218529069,0.916291198585237
300,1.02152294518764,30,1.07027173414682,1.08611177664149,1.08603318868338,0.584732361980948,0.918200637250519
301,0.84551056117692,30,0.891139546884139,0.901756748162464,0.906383023983411,0.486656609437281,0.918200637250519
302,0.397678017791943,30,0.407670489579745,0.414086520734502,0.443768559934971,0.23630117728279,0.918200637250519
303,0.999144808884313,30,1.03065920722302,1.04563216022906,1.05632841188129,0.570037605323963,0.918200637250519
304,0.904632927778974,30,0.924828536602562,0.918074151302823,0.943606390188101,0.486733870659938,0.918200637250519
305,0.819999943335845,30,0.823239069165652,0.856556079181784,0.855013058349082,0.462662136947124,0.918200637250519
306,1.24777361842335,30,1.23950515027945,1.30561649582953,1.32148445031706,0.713053367617582,0.918200637250519
307,0.919332512387006,30,0.868252854379738,0.946842339773795,1.00441098428679,0.536852116638732,0.918200637250519
308,1.33804089316875,30,1.27867735750271,1.38886639749745,1.44658798783433,0.783412803499307,0.918200637250519
309,1.1708393623071,30,1.11558964461698,1.21484615356552,1.24574464109887,0.673553610055047,0.918200637250519
310,1.24352842637967,30,1.16526525843359,1.285027465849,1.30860773074316,0.704021025912853,0.918200637250519
311,0.743133518195184,31,0.675829792978962,0.757393417911931,0.814191833893202,0.438511223892705,0.921298929129344
312,1.45220441533521,31,1.36163562896337,1.48672377413767,1.56242534568335,0.844627592960452,0.921298929129344
313,1.26470547906868,31,1.19115461937948,1.29607831399303,1.37659905075623,0.743635379039769,0.921298929129344
314,1.03234423002666,31,0.963878601718264,1.04420629617462,1.14867904258059,0.607985118417126,0.921298929129344
315,0.684302945120213,31,0.668256855911484,0.708467825273249,0.719776455836834,0.390274987314566,0.921298929129344
316,1.17396283232095,31,1.07636088146183,1.17752411890024,1.25985878749508,0.685605131242971,0.921298929129344
317,1.15379381521002,31,1.06415658800669,1.14210769937246,1.25335869217901,0.672250600781994,0.921298929129344
318,1.00685526622419,31,0.976703863352231,1.01474749200613,1.09372392668112,0.582773741964755,0.921298929129344
319,0.724250358045175,32,0.716545906461103,0.71811526928792,0.77632456045748,0.420120939935422,0.923822337979463
320,1.10742317449111,33,1.10462071280814,1.11537055162798,1.22566291724645,0.659013756752333,0.928210591083197
321,0.727349712584823,33,0.748181197134378,0.725368337357509,0.817121197559098,0.437471975469053,0.928210591083197
322,1.14104150513936,33,1.1591902162995,1.16352639194739,1.26808475043345,0.678644909581313,0.928210591083197
323,0.907034904546457,33,0.96101659209064,0.917395199675013,0.980040149174813,0.528382789893932,0.928210591083197
324,1.16993454273474,33,1.2000113664707,1.17206385923064,1.23921023832827,0.675896915665587,0.928210591083197
325,0.761638973080608,33,0.868333583498011,0.784893021972738,0.808800850404235,0.424301957934264,0.928210591083197
326,1.14233219732676,33,1.21757476233275,1.16102029015075,1.24795663754088,0.665004745824429,0.928210591083197
327,1.09195480279272,33,1.17292569965852,1.1134631961713,1.2094560748682,0.649432080455689,0.928210591083197
328,0.863966151965641,33,0.952609100788262,0.887641189737307,0.956121722885746,0.505091452072143,0.928210591083197
329,0.897901911908129,33,0.995059829488396,0.912444024035799,0.959657817367251,0.519286643869293,0.928210591083197
330,0.919416927245948,34,1.05955971811216,0.944224724156792,0.998424492207945,0.53688379908362,0.929493220019171
331,0.811357514259682,34,0.928371771708412,0.82833304079571,0.86988001131728,0.45885826031932,0.929493220019171
332,0.743917519959856,34,0.865407832325425,0.770735847293512,0.812382764298354,0.435524267324855,0.929493220019171
333,0.606665103601108,34,0.713316017583251,0.621488778606343,0.64390422772262,0.343753357853291,0.929493220019171
334,0.70066215297324,34,0.808763515681126,0.706507851056853,0.758942044085728,0.404020666756217,0.929493220019171
335,0.723019342451704,34,0.844533340635838,0.741200571521184,0.782390951441151,0.421186260689894,0.929493220019171
336,0.774615564241057,36,0.88175026692515,0.807124957200773,0.775107264642647,0.408933514829097,0.937075587698059
337,0.736872744477873,36,0.842777197701229,0.771843887731468,0.744115323794738,0.39982325646716,0.937075587698059
338,1.02307705853233,36,1.12242510654299,1.05879921227998,1.07493520179911,0.576540966763639,0.937075587698059
339,0.928303931948273,36,0.965024306192363,0.944324450296052,1.00256492244571,0.535043866121737,0.937075587698059
340,1.06993008652764,36,1.20710865405989,1.09529690438918,1.13552825779047,0.599367829926627,0.937075587698059
341,0.828792952442149,36,0.896024708794618,0.854783951994058,0.868839957570552,0.464115725720683,0.937075587698059
342,0.877622090556174,36,0.946283658785632,0.904601562948399,0.920967761169212,0.497290128675285,0.937075587698059
343,1.24325815488215,37,1.27538502793915,1.28149428423699,1.31258448118821,0.704418500534836,0.939241201606418
344,1.37282064986941,37,1.36215583749547,1.38734544564169,1.39438728479095,0.754064769317676,0.939241201606418
345,0.750785249586117,37,0.759743778765706,0.755721837784287,0.761960338186221,0.409421626567668,0.939241201606418
346,0.956606210450736,37,0.987546239472857,0.958404740346757,1.00921640555785,0.52733807950049,0.939241201606418
347,0.84401442518315,37,0.866906053015811,0.851304311909826,0.865774221231752,0.464776920712344,0.939241201606418
348,0.818393134329289,37,0.836453992238526,0.840250666773316,0.819820294681221,0.441494710248454,0.939241201606418
349,1.19295326976545,37,1.18718763474907,1.20728448482112,1.24638037176629,0.66277443889508,0.939241201606418
350,0.837695005704846,37,0.883887126413741,0.808307155910284,0.845674101754645,0.454874778227245,0.939241201606418
351,1.12648565111426,37,1.10127615267069,1.09137155825428,1.14629074793441,0.618455659172875,0.939241201606418
352,0.900183431745063,38,0.894348859578999,0.913734718096626,0.96142889522433,0.515782722270216,0.941698379209699
353,0.745067455074788,38,0.756638305318254,0.761287590467873,0.696332405503131,0.371520606343843,0.941698379209699
354,1.17082929940428,38,1.16021877217123,1.16794395544171,1.20789665152236,0.649651662965534,0.941698379209699
355,1.08725541373702,38,1.08476971809807,1.07697876697572,1.0990689564436,0.587469848265596,0.941698379209699
356,0.919263637364432,38,0.941687363109949,0.92320885859449,0.975007147750802,0.523288595313531,0.941698379209699
357,1.05747362418669,38,1.05741522621054,1.05339051388899,1.05613405292905,0.553824888488453,0.941698379209699
358,1.26303054058057,38,1.22802214608123,1.26483944525546,1.23895078973709,0.657716475884422,0.941698379209699
359,0.528635391389559,38,0.526610873983018,0.530490416227991,0.516490770016972,0.273650832744779,0.941698379209699
360,1.47141786609317,38,1.43408111756867,1.47871037451942,1.47189268420195,0.790982625351605,0.941698379209699
361,0.952858475420305,38,0.943509021506218,0.948465088925624,0.943004297136067,0.513844308074194,0.941698379209699
362,0.934625065523116,38,0.91788480476294,0.946022626348385,0.944555590337077,0.504416566656896,0.941698379209699
363,0.996778837198933,39,0.991513657556323,1.00829302210852,1.00929593438136,0.535610352565977,0.943558255100249
364,1.13608010661363,41,1.12204168135243,1.14105232252762,1.05296727219018,0.547546799512965,0.947689047240235
365,0.956232560443344,41,1.01519961427935,1.01304176733382,0.979272425755305,0.513807338734843,0.947689047240235
366,1.27958681325063,41,1.28799716969325,1.29080032598834,1.2852986925879,0.691519154086361,0.947689047240235
367,0.749125881905271,45,0.765855614654567,0.76296973689786,0.725381112241141,0.385080895141325,0.952700284819571
368,0.828196410713338,45,0.873860972719276,0.856113247931311,0.82564436935608,0.436999994136329,0.952700284819571
369,0.530147816905786,45,0.564082334471696,0.545311057050409,0.5586194694049,0.295410037775803,0.952700284819571
370,1.07381157527744,46,1.10168369401338,1.10751752130309,1.09049013115504,0.577110219634936,0.953971664901184
371,0.45700444125504,46,0.470827250767316,0.465771100907029,0.442499236488353,0.235786419226797,0.953971664901184
372,1.10189096158015,46,1.12497259265062,1.12964591642485,1.10263390241509,0.596045157786647,0.953971664901184
373,1.23627307604252,47,1.24583636647572,1.27739892996266,1.29160111952379,0.696585468437156,0.955205878232677
374,1.08499413012985,47,1.06965252153988,1.10830030707363,1.08943323879671,0.578533248541359,0.955205878232677
375,1.32686072662626,48,1.30136303142745,1.35566154459535,1.43510148828047,0.767212706291579,0.956407627962352
376,0.852108897907459,48,0.863728217629626,0.880956053533136,0.857868043078071,0.461680223915383,0.956407627962352
377,1.25608420876939,48,1.225370659287,1.29241077813228,1.32649127748156,0.722354951251773,0.956407627962352
378,1.00870663610292,48,0.949374085382404,1.02715306751582,1.06319221285715,0.567609534004843,0.956407627962352
379,1.15589312596524,48,1.08839021592023,1.16112734266221,1.18484442533066,0.634827844768433,0.956407627962352
380,0.751912236518002,48,0.733488487766716,0.768318225272643,0.773379215820307,0.421021553023957,0.956407627962352
381,1.06308694412558,48,0.992444635045625,1.06424214743108,1.12659561303564,0.602205910780054,0.956407627962352
382,0.876499800833384,48,0.834217201599192,0.884512432999853,0.939433756513487,0.508592743542436,0.956407627962352
383,0.995354227954367,49,0.90382735432399,0.99446213146884,0.99319475741691,0.536517556051342,0.95696584136939
384,1.0642495457699,49,0.978616752011966,1.07636357675492,1.02613450795162,0.563566927346031,0.95696584136939
385,1.16321868235428,49,1.06200672594125,1.17998310230092,1.12706821845581,0.607814415939393,0.95696584136939
386,1.1042187302352,49,1.02269560011114,1.12816817866168,1.09886048802536,0.605582246481399,0.95696584136939
387,1.13768816077911,49,1.03411439698597,1.1482489178981,1.16812594568791,0.622424791394635,0.95696584136939
388,1.3407577445153,49,1.23226887113214,1.3461621388925,1.36428107084515,0.737783558353164,0.95696584136939
389,0.967816659161892,49,0.878432457277942,0.970241099033391,0.943884231867209,0.502412046180546,0.95696584136939
390,1.3030131586677,50,1.18845438448096,1.30651373965924,1.29326499544017,0.668551031719686,0.958011328804125
391,0.611551024977753,51,0.591435369042241,0.619456247032778,0.615342144926287,0.333212998020704,0.958652946047046
392,1.308659884583,51,1.23930913755942,1.31652025544829,1.29011847800605,0.703213887275417,0.958652946047046
393,1.43029590060751,51,1.40169859711284,1.45041748801239,1.41409890302448,0.76980135195549,0.958652946047046
394,0.949841672216495,51,0.935710552918213,0.958657682757469,0.955355024240075,0.509937056536314,0.958652946047046
395,0.93521350940114,51,0.914598863742883,0.931467837162803,0.96105187731887,0.523232414107308,0.958652946047046
396,0.770312077154271,51,0.799423061141052,0.791895598372987,0.783385789127146,0.42191701431028,0.958652946047046
397,0.959794269719542,51,1.03316166087602,0.993588466855941,0.970550360464699,0.516504828508623,0.958652946047046
398,0.824720935467702,51,0.882076316134798,0.830390451314039,0.806129935857787,0.429833845917407,0.958652946047046
399,0.997511242153865,51,1.05988030923026,0.993122030211891,0.994843107542113,0.538896411012733,0.958652946047046
400,0.911537519345738,51,1.00233020541979,0.913720548567591,0.911067353336987,0.49147935793773,0.958652946047046
401,0.493233330123718,51,0.543805418741398,0.497601342589293,0.486585606540694,0.260030050287943,0.958652946047046
402,0.810052236001411,51,0.916867543877445,0.807371382347841,0.791494806045237,0.423816180207749,0.958652946047046
403,0.866532512752511,51,0.968298294793087,0.86210399670867,0.845272172972464,0.447274714834378,0.958652946047046
404,0.764569494217898,51,0.918492721719344,0.787124039862233,0.76314233059712,0.402665142521133,0.958652946047046
405,1.17469762518943,51,1.34410767113504,1.15700961093142,1.19470745323153,0.643420301820952,0.958652946047046
406,1.03577151215617,51,1.14949299881617,1.0177015256566,1.02166460786941,0.552314098512347,0.958652946047046
407,0.759574618853025,51,0.900893077315623,0.761052100358919,0.772601502467587,0.411119881746315,0.958652946047046
408,1.1459218865529,51,1.28030578784369,1.12338818162296,1.14605122909429,0.617052586430185,0.958652946047046
409,0.440789449814076,51,0.512838197860335,0.444728062130587,0.435488611776054,0.234408880175175,0.958652946047046
410,0.713051238164456,51,0.816652728688147,0.688302100301736,0.702100096260887,0.371794522735197,0.958652946047046
411,0.568850310750634,51,0.650601503157133,0.564308849884371,0.537648479868001,0.283965564746463,0.958652946047046
412,1.19138157453406,51,1.30527740455353,1.16479367618415,1.1375387610318,0.603128749768807,0.958652946047046
413,1.01835127585331,51,1.11608485427981,0.98925673167778,0.941446752527081,0.521558313865281,0.958652946047046
414,0.885420884128779,51,0.940822237307148,0.871778350406798,0.830831291373884,0.444002608393975,0.958652946047046
415,1.17578173652369,51,1.28673872670454,1.17209126883875,1.10757225573539,0.589440663638685,0.958652946047046
416,0.640161564034896,51,0.712723320756498,0.639166247777197,0.620002205283816,0.325069902921377,0.958652946047046
417,0.9209672811104,51,0.999898778686078,0.901227995650198,0.907118811103926,0.483343463532988,0.958652946047046
418,0.988859349454815,51,1.06584811834257,0.974808861738636,0.950732388001507,0.502740675267917,0.958652946047046
419,1.16494208608505,51,1.23083790587163,1.1388782750248,1.13450386206326,0.603449851903689,0.958652946047046
420,1.22410506659273,51,1.31410085532108,1.20904801468341,1.1596564118569,0.617248457210414,0.958652946047046
421,0.600424196951814,52,0.64555486818525,0.597195356200217,0.565107142006942,0.303330586411647,0.958742204901409
422,0.857593673865114,51,0.934536423145537,0.843497278304886,0.836572925927593,0.443107931335826,0.957900285644191
423,0.826096946876811,52,0.870091272066175,0.808399267788557,0.77728804965475,0.413823422586997,0.958122334131515
424,0.941548676644619,52,1.02753706869965,0.919716254006518,0.915664929484517,0.488779872741971,0.958122334131515
425,1.04009341970534,52,1.11220749854371,1.01149475178867,1.01358674828256,0.535641998209668,0.958122334131515
426,0.995529710078735,52,1.0825994141181,0.972879762923821,0.945538304919287,0.508541539475357,0.958122334131515
427,1.01347374455335,52,1.10415835557718,0.995487707344017,0.974825596676861,0.520384453242191,0.958122334131515
428,1.01253529136338,52,1.1211522567504,0.989692354655721,0.951897974324828,0.513477140784802,0.958122334131515
429,0.640375283982662,52,0.740479229310846,0.635983201388653,0.590929130100326,0.312335539912443,0.958122334131515
430,0.858401298523051,52,0.993774094170904,0.838019460893984,0.807381692423959,0.42768404447285,0.958122334131515
431,0.56704995984935,52,0.693003339848581,0.557942132851709,0.487692118897602,0.260182580687334,0.958122334131515
432,1.10603708229753,52,1.28226488934429,1.06907238049179,1.03593551267658,0.55069721827708,0.958122334131515
433,0.65622514292897,52,0.797398574071993,0.64662600390692,0.62801571413724,0.332796402585135,0.958122334131515
434,0.676738697358168,52,0.835861101495819,0.655700074121765,0.648654434618818,0.334781455484117,0.958122334131515
435,0.563352630933511,53,0.660077571871594,0.551939926090651,0.533492375832391,0.283352538487472,0.959172944808702
436,0.81100716891684,53,1.00086763841947,0.808430722666944,0.785005696097554,0.41234976248514,0.959172944808702
437,0.876660113639157,53,1.0562156180675,0.869122351434428,0.852349595582669,0.455922891960099,0.959172944808702
438,0.920922079275213,53,1.09891935462867,0.902199301359374,0.888599781194435,0.452845556381409,0.959172944808702
439,0.850339641484368,53,1.03714835260689,0.829529715670397,0.748716568876432,0.382358342505984,0.959172944808702
440,0.886860309963201,53,1.00570970388015,0.861074957139206,0.824464441366006,0.44327418819085,0.959172944808702
441,0.819130077354958,53,0.958477962585837,0.807771646489471,0.733336057149298,0.394938090616423,0.959172944808702
442,1.13998435184764,54,1.29397603628709,1.1243214301326,1.05707507834981,0.573008741745324,0.959675945670729
443,0.670990548032343,55,0.740802591139863,0.656194340959247,0.562370061905399,0.302622836027635,0.960599522841015
444,1.06365948093783,55,1.21697801782803,1.03898575854228,1.05284792660205,0.569778252963098,0.960599522841015
445,1.03624472772264,55,1.20044197272959,1.01895813961232,0.98215648712719,0.533453005608653,0.960599522841015
446,0.765840034177787,55,0.854098701347692,0.743802976796821,0.711359819098624,0.374732417105384,0.960599522841015
447,0.817808521326738,55,0.927838794844396,0.799238734497503,0.785284161405628,0.418421844037104,0.960599522841015
448,0.697895031921588,55,0.794259085541532,0.680032156501781,0.663419982834665,0.356994965350248,0.960599522841015
449,0.758716552119541,55,0.852182310772892,0.732254477655465,0.730520182386846,0.38874451581778,0.960599522841015
450,0.531385809278201,55,0.591877247518583,0.505129588925084,0.497611578102075,0.259968776948054,0.960599522841015
451,1.26738677716487,55,1.38220125064506,1.2208471409482,1.24497425338237,0.661192193215559,0.960599522841015
452,0.787229788768402,54,0.823043027976411,0.757344135241779,0.786023625340238,0.414823721452505,0.959440814319367
453,1.14514544855413,54,1.22025100605863,1.11255014843148,1.1427520058563,0.608799446620227,0.959440814319367
454,1.2493659251695,55,1.30091374175935,1.21633143771405,1.20818480913094,0.640252984464557,0.960734063049258
455,0.724407022746855,55,0.755855136348141,0.711240456653203,0.680230569886244,0.371925775215066,0.960734063049258
456,1.08645744722635,55,1.11344941286466,1.06182067712155,1.04623456112556,0.555266633598982,0.960734063049258
457,0.525842928795784,55,0.529981910110395,0.506657370444605,0.497126301978639,0.264141111083603,0.960734063049258
458,0.949948192705802,55,0.957040776740816,0.922527733304454,0.899677916084538,0.472831763035843,0.960734063049258
459,1.27930753332632,55,1.23888738821307,1.2191183088984,1.2114620140003,0.637296009624377,0.960734063049258
460,1.19497793286168,55,1.16179705613752,1.13110261250166,1.11404779601673,0.603441616599094,0.960734063049258
461,1.15448498261325,55,1.11489893718196,1.11876779224836,1.08634180206801,0.580861262761711,0.960734063049258
462,0.729247674393801,54,0.723351254241447,0.707293535788265,0.710319220154197,0.372854521695699,0.959421890803355
463,0.992913090663886,54,0.965514879536122,0.967930180961676,0.935986176421704,0.496118266547505,0.959421890803355
464,0.923928356231801,54,0.88636678215729,0.902694087032453,0.905791858619422,0.465672166330802,0.959421890803355
465,0.906543583563701,54,0.856034015577619,0.863063661959321,0.809708331674336,0.427169966678565,0.959421890803355
466,1.19248369148305,54,1.09253662244291,1.14211898188296,1.12263129390729,0.596502802493494,0.959421890803355
467,0.960399134263437,54,0.909850034293248,0.928843734919012,0.92919929056319,0.495948363003116,0.959421890803355
468,1.68833076423446,54,1.58844473344449,1.64459623411468,1.58749333174299,0.83719409077452,0.959421890803355
469,1.00786743428517,55,0.98976417821127,0.976810053296707,0.964380998495149,0.514862333038492,0.960515276565508
470,1.27682340313718,55,1.26791853914778,1.2424928090285,1.21801791600867,0.639224097823038,0.960515276565508
471,0.976938972738103,55,0.993571721290726,0.945766392966701,0.982480091943223,0.514134663969926,0.960515276565508
472,0.855392394361118,55,0.893359939732646,0.831126629219238,0.843443426882313,0.438065492025946,0.960515276565508
473,0.929937163892933,55,0.987255233291589,0.903080363420131,0.874193585344359,0.478109001186221,0.960515276565508
474,0.824162604751326,55,0.852349780958624,0.805423207799014,0.823135940670831,0.42986847849352,0.960515276565508
475,0.715023285352513,55,0.75508436668152,0.692953331313811,0.666094042317011,0.348972375279912,0.960515276565508
476,0.914244039579038,55,0.936463361350757,0.886261092705674,0.884324952191827,0.468602924851781,0.960515276565508
477,0.651204567781719,55,0.718728435926558,0.643409425530796,0.677684966789841,0.346119133118493,0.960515276565508
478,0.836686238146751,55,0.872608064868808,0.803434827118569,0.82484419893316,0.439808890943544,0.960515276565508
479,0.943055104246038,55,0.97301540477634,0.920209601037707,0.909802448419835,0.487940618565914,0.960515276565508
480,0.883497079907648,56,0.913977284480541,0.84496620220975,0.870671278952532,0.456045865630483,0.961707983902523
481,0.738892267366534,56,0.773171429224387,0.711256632525707,0.701468583052736,0.36874925191347,0.961707983902523
482,1.39162258821476,56,1.33211163907683,1.34539505770332,1.33778691453067,0.713979593219335,0.961707983902523
483,0.682148127098904,56,0.677876017986347,0.675378762572906,0.660513615997846,0.342839563666596,0.961707983902523
484,1.0842117493836,56,1.05605504286233,1.05060203675507,1.06419223219096,0.559986098024267,0.961707983902523
485,1.32622546349411,56,1.21939958373825,1.27304757622014,1.26601567449267,0.669623625267223,0.961707983902523
486,0.8482924181229,56,0.812761882736117,0.816918031758598,0.839687613206968,0.428663309463996,0.961707983902523
487,1.24107536908035,56,1.14110669742501,1.1754995257736,1.21740004126943,0.64166230391036,0.961707983902523
488,1.10300508561217,56,1.00170491736838,1.08133761543323,1.04139296351835,0.546939860318301,0.961707983902523
489,1.40781710105218,56,1.26586029040653,1.37656471047206,1.33020080522204,0.7043671704453,0.961707983902523
490,1.40276669056075,57,1.28313874274575,1.40181920946378,1.33117418744581,0.698470585328115,0.962468462198053
491,1.08381131590217,58,1.01501878945608,1.05980667686333,1.03466151440898,0.537399665458254,0.963630243300548
492,1.46749591675701,58,1.33853023515045,1.41848067013709,1.41909989180126,0.740782944348764,0.963630243300548
493,0.572890603649099,59,0.544896833318264,0.558328129328337,0.568012777463432,0.294190926434865,0.964090052380065
494,0.771955854886531,60,0.770078417783505,0.762675355645723,0.763427721675889,0.399870835136347,0.964701972617761
495,0.771009347198225,61,0.75250015608411,0.759269411832271,0.712256476791991,0.377727805571467,0.965849979430402
496,1.21750887924358,61,1.16099589272191,1.19545091905102,1.14023529979356,0.605787601602128,0.965849979430402
497,1.15927064154764,62,1.08231872748455,1.1374234619884,1.03980878386164,0.550228651437082,0.966491592653122
498,1.01327649606696,62,0.990616640990531,1.0296760168988,0.929081441290605,0.494434120401584,0.966491592653122
499,0.591163204969578,62,0.571395637365061,0.599890526199151,0.543895933326842,0.281169282660672,0.966491592653122
500,0.941321344004678,62,0.890279154539056,0.956025169245565,0.820897620097238,0.447221052971268,0.966491592653122
501,1.02755514755323,62,0.984307583700169,1.05239259985834,0.922238384680407,0.489401620295286,0.966491592653122
502,1.14629168057832,61,1.05261753681614,1.15465995917934,1.04786786049392,0.546287529796033,0.965701394300633
503,1.62080928619105,61,1.49691675516584,1.62766646037037,1.49873390645827,0.80026162837195,0.965701394300633
504,1.34288398936338,62,1.23966249957167,1.35250904867121,1.24320404978937,0.652107544742076,0.966610171536219
505,0.70793453335666,62,0.653928825527703,0.700362292464798,0.651981115904908,0.34375087911359,0.966610171536219
506,0.838889273271452,62,0.799830082049054,0.818960200167391,0.795522178445273,0.432462215264943,0.966610171536219
507,0.790583367227898,62,0.700008760963558,0.769830218235245,0.740827161382034,0.392373251222438,0.966610171536219
508,0.892347855329166,62,0.797387813540734,0.866190414819784,0.816498069359731,0.432444739229976,0.966610171536219
509,1.4695485034676,62,1.26689931582311,1.42311908785006,1.4042121095748,0.746026405277268,0.966610171536219
510,0.868487623965676,62,0.793699685231632,0.877027589478581,0.834304505872978,0.432166257664729,0.966610171536219
511,1.41394574931918,63,1.20390982569861,1.36445685365346,1.38633981232291,0.72502240343186,0.967238915066289
512,1.29716295175461,63,1.12577290004626,1.25328814822882,1.24563254911174,0.63758387784353,0.967238915066289
513,0.994768374709786,63,0.856594243148869,0.95998481922274,0.929766598099672,0.487853352955362,0.967238915066289
514,1.50291351917807,63,1.29263703059014,1.48198098328242,1.46014227374773,0.770708852150009,0.967238915066289
515,0.8109407053539,63,0.704593460776073,0.79776139250562,0.768041979740743,0.401849752568498,0.967238915066289
516,1.54242740878767,63,1.30168930930282,1.50605960974937,1.49333215041738,0.782668321756107,0.967238915066289
517,1.34820438871783,63,1.14555879618287,1.32755251324676,1.28717270869523,0.689677749384092,0.967238915066289
518,1.26515702703903,63,1.07211997085829,1.24809582051476,1.22780298543396,0.636709430973496,0.967238915066289
519,1.20916412852174,63,1.0830831036924,1.19880559676097,1.14201151770182,0.595156112229978,0.967238915066289
520,1.24338502484638,63,1.12759177565359,1.25588491419736,1.17339147506126,0.599931673708356,0.967238915066289
521,0.740312643575395,63,0.656231630834365,0.72233551827891,0.707894235796279,0.371800384729234,0.967238915066289
522,1.04826057675991,63,0.915803154419067,1.00261733371884,0.927322031305223,0.499095255536719,0.967238915066289
523,0.932243172702033,63,0.821019836810395,0.909606972666683,0.856158379374709,0.460160268244175,0.967238915066289
524,0.972896834526263,63,0.862207625879723,0.956039049824934,0.934032815295319,0.478327846390218,0.967238915066289
525,1.10370481730618,63,0.985113332159055,1.08138344972199,1.0122682616823,0.530936488349643,0.967238915066289
526,1.01347286615555,64,0.905811862495549,0.986606652002066,1.0092570212882,0.52453084945034,0.967845775883715
527,0.992167836254526,64,0.887582616397465,0.945156408895726,0.960550337840307,0.496913897792644,0.967845775883715
528,1.14072567933653,65,1.0544741871632,1.14645076999557,1.11677690744044,0.578381793820861,0.968874829350061
529,0.748679333915948,65,0.705384720222432,0.722940387004106,0.717229929242072,0.380721599451954,0.968874829350061
530,1.39105896907654,65,1.29541655287702,1.40573831389309,1.35083364312656,0.704764871411239,0.968874829350061
531,0.982671479696355,65,0.968115358780622,1.0023054786203,0.981822274663145,0.506930225267775,0.968874829350061
532,1.08124081248368,65,1.01771693968334,1.066818534737,1.04784563429396,0.54507071690983,0.968874829350061
533,1.06595060390392,65,0.973030057094444,1.04143403327361,1.08540368763093,0.556991853168791,0.968874829350061
534,0.816848873593219,65,0.775998127075281,0.819235952957374,0.759993169062686,0.400362180292602,0.968874829350061
535,1.38622134076248,65,1.2520981428402,1.37520735712275,1.364655303327,0.708043581944786,0.968874829350061
536,1.23636560580862,65,1.09169858314019,1.23639651108191,1.22981659815516,0.639045164075368,0.968874829350061
537,0.94721352538463,65,0.843962424512249,0.952165336186735,0.918022501842438,0.469574025890053,0.968874829350061
538,1.33447674363468,65,1.19867511592147,1.34944359357815,1.28390255258608,0.677231565600342,0.968874829350061
539,1.00279714893574,65,0.850100251685447,0.986427238840001,0.960494201343858,0.499740909134382,0.968874829350061
540,0.786331313734204,65,0.671170557519824,0.782141128953316,0.753877783440603,0.390741764161575,0.968874829350061
541,1.5132995948335,66,1.32015657756985,1.5040551509145,1.41382823352223,0.753511354868425,0.969493685366495
542,1.26500690755187,66,1.09522360003707,1.25159443092177,1.16392197327253,0.596763699216409,0.969493685366495
543,1.35229001058234,67,1.20378065630372,1.34397639830359,1.30096462299022,0.680586196805503,0.969949813661463
544,1.17250700829736,67,1.04773111974273,1.18037224628186,1.05783531067556,0.542349852014527,0.969949813661463
545,1.3628368825257,67,1.24623994033548,1.380683244334,1.31932673521025,0.691364109120217,0.969949813661463
546,1.1772556970737,67,1.10984818028929,1.17950753533242,1.12680458500193,0.566746057787325,0.969949813661463
547,0.630789350411596,67,0.597148865163705,0.640592845358833,0.531093871797439,0.271228079056592,0.969949813661463
548,0.846763708629213,67,0.769903711281579,0.843740013847273,0.739782556133152,0.378250984650118,0.969949813661463
549,0.560935756056962,67,0.531414709724998,0.568388120128792,0.510493411116413,0.262415566691587,0.969949813661463
550,0.955403558254522,67,0.914586141960743,0.967554388436678,0.868300662849943,0.447231899482911,0.969949813661463
551,1.02380839904382,67,1.00104732927252,1.0345596350812,0.900757568673273,0.452630178356261,0.969949813661463
552,1.28691219265432,67,1.25606070616624,1.29814511622837,1.19571000122855,0.61825778462938,0.969949813661463
553,0.942039532190029,67,0.920382065723951,0.946842400575176,0.824250721371409,0.430839298855646,0.969949813661463
554,1.19242887994884,67,1.15899340939652,1.2012837002722,1.08484188368856,0.562890723403745,0.969949813661463
555,0.964727795787473,67,0.946294510615142,0.964799807978081,0.883921329316475,0.463024352701612,0.969949813661463
556,0.552151129096027,67,0.565340704393277,0.5737020273247,0.527764075322028,0.272980659285286,0.969949813661463
557,1.09540938979502,67,1.07784732934761,1.12595366688575,1.0359749928959,0.545648086402153,0.969949813661463
558,1.12824069918234,67,1.0968177793664,1.15007433012231,1.06444270761643,0.550000875539071,0.969949813661463
559,1.42773065364039,67,1.4496511279607,1.4799874879527,1.36417228311364,0.710487528605048,0.969949813661463
560,1.1757835764709,67,1.19553181177312,1.22503481065503,1.14923202665144,0.596451090924671,0.969949813661463
561,1.26120402868511,67,1.29675535359345,1.30584875794513,1.20385394637509,0.629253852193891,0.969949813661463
562,0.588589196622962,67,0.632638409182697,0.627604613800603,0.561871474720153,0.287294899724278,0.969949813661463
563,0.791951854876201,68,0.840614655956748,0.822875174460168,0.724881212667703,0.381989395148489,0.970645891209387
564,0.76695265781856,68,0.815681823840595,0.829198370200206,0.661844799309352,0.350966427877147,0.970645891209387
565,0.906254442326824,68,0.971066038761716,0.954662243132357,0.832663059125752,0.431382844742109,0.970645891209387
566,0.534033319360457,68,0.603632565732161,0.572369232814606,0.486769675377153,0.249402053961068,0.970645891209387
567,1.09115264045696,68,1.19854067570091,1.14364543450046,0.984245306685915,0.523297393575777,0.970645891209387
568,0.650364143054772,68,0.738667444669481,0.663886887143151,0.568572933842398,0.289257308633415,0.970645891209387
569,1.04719817114774,68,1.13864163594973,1.08964794799923,0.96100435702795,0.501463165582482,0.970645891209387
570,1.00322299220722,68,1.1177740723083,1.07219337335088,0.884920365626833,0.456184032854478,0.970645891209387
571,1.14377031700418,68,1.28321306917742,1.19564162749128,1.00916341466693,0.523587342399941,0.970645891209387
572,0.583190430670286,68,0.642376629249372,0.604683865817044,0.516826653346639,0.271871748852204,0.970645891209387
573,1.27241912658368,68,1.44365800569724,1.33529206092982,1.14011239243311,0.61665218242875,0.970645891209387
574,0.821087179617011,68,0.944047659992086,0.83926022222746,0.731671004362883,0.379119338698367,0.970645891209387
575,1.00741605218959,68,1.15653226888266,1.04099331528332,0.91524994174495,0.472429593545144,0.970645891209387
576,0.84186190559434,69,0.959181094840007,0.877317192672713,0.718493144018974,0.369843916949248,0.971429438197503
577,0.745633657877065,69,0.814561968634341,0.76313733482851,0.727481281338509,0.36849282376084,0.971429438197503
578,0.766738734010751,69,0.914662386135585,0.817387168137547,0.699577962995672,0.378523190172827,0.971429438197503
579,0.882005674342747,69,1.01891654522237,0.927259798998937,0.813087858521364,0.427723226391066,0.971429438197503
580,0.468693192822959,69,0.55778190896637,0.498767531860802,0.415866494008358,0.212088237059669,0.971429438197503
581,0.874763760176378,69,0.992617461281519,0.964421741899079,0.783934883493883,0.424544548293996,0.971429438197503
582,0.835910441541665,69,0.950449254141546,0.905946076730168,0.711694014905992,0.382363304900413,0.971429438197503
583,0.727578368585597,69,0.819949900356826,0.77569333144521,0.685632518293417,0.353184614179153,0.971429438197503
584,0.699162282254643,68,0.811326854504041,0.760259733827221,0.581493583623001,0.297984915290651,0.97110898103483
585,1.14283060882569,68,1.22503827031609,1.2207477296609,0.999227948021221,0.496872454293272,0.97110898103483
586,1.01345692685765,68,1.10292019265501,1.08616514153884,0.933830599664695,0.483640564520582,0.97110898103483
587,0.992828776062489,68,1.03828429624853,1.08079284668345,0.89762003184631,0.469004947792276,0.97110898103483
588,1.02524471948749,68,1.08341842425782,1.11930238351521,0.950443889110099,0.492171462835423,0.97110898103483
589,0.84338110873479,68,0.867976474340191,0.90445141441855,0.765091460989788,0.398095471934943,0.97110898103483
590,1.30167107554626,68,1.30188186103162,1.40448849991357,1.19136884967921,0.628402780558699,0.97110898103483
591,0.94390124787527,68,0.980031932312931,1.04650291368146,0.874051052832228,0.45469759285476,0.97110898103483
592,0.811622811548386,68,0.811280115637536,0.876717583509453,0.683364500532297,0.381510149701662,0.97110898103483
593,1.26608136513135,68,1.23796068384208,1.35609058723827,1.1105959303844,0.58722269157643,0.97110898103483
594,0.453299212206786,68,0.444051517582457,0.492549934729785,0.421364523774926,0.215815335294762,0.97110898103483
595,0.942513916865362,68,0.925917106139878,1.01813638361565,0.814833286551106,0.424769236905422,0.97110898103483
596,1.09095927733184,68,1.08305027767126,1.20191742976694,0.999593990812908,0.520784608599776,0.97110898103483
597,1.01416438749559,68,0.978717301555961,1.09977239145052,0.948182444972411,0.492091605208121,0.97110898103483
598,1.54054911499628,68,1.49553356675315,1.65470831408131,1.40988430808,0.745751499083873,0.971938965420181
599,1.21376922334491,68,1.21218999657348,1.31115669330354,1.16640961670805,0.605643495504933,0.971938965420181
600,0.953032303748002,68,0.966093425916049,1.03258937077391,0.930141548700537,0.479051430606083,0.971938965420181
601,1.03356892365702,68,1.04916817548141,1.11744555901809,0.975908819524291,0.506664620234944,0.971938965420181
602,1.06307917624648,68,1.09480808262441,1.1408097567631,1.0001612717079,0.511068626650456,0.971938965420181
603,0.765974200265295,68,0.815277490494992,0.83230262561532,0.702864771478921,0.360378275402219,0.971938965420181
604,1.37149674783413,68,1.47380307867855,1.47630402783928,1.26245034871145,0.657764869298056,0.971938965420181
605,1.05363573326804,68,1.15530391892605,1.14088490232988,0.982183893987,0.504146384688642,0.971938965420181
606,0.826921643631014,68,0.943672945537252,0.903307647409362,0.772634530361388,0.396532799507007,0.971938965420181
607,0.443433914179165,68,0.49903811474982,0.485751319353747,0.406884292318402,0.208862442362125,0.971938965420181
608,0.752768469358265,68,0.89911960788978,0.824952016140545,0.690745976580967,0.35658742061781,0.971938965420181
609,0.48901524168166,68,0.59357891953196,0.550489227018679,0.447445889417646,0.2326095781364,0.971938965420181
610,0.779197876669317,68,0.923436625102927,0.83658002263866,0.70809670643621,0.365212512574708,0.971938965420181
611,0.729902987230922,68,0.894048146179129,0.798216628061128,0.666529340027159,0.346231453719111,0.971938965420181
612,0.799175647725412,63,0.913484867589786,0.863546591931024,0.70796116316146,0.365762000764092,0.969589464689551
613,0.682541498216573,63,0.812032497107412,0.758896787235144,0.608865198031362,0.320229808638737,0.969589464689551
614,0.880856656629049,63,1.01107659948072,0.970529450635822,0.78816242489231,0.407623043018981,0.969589464689551
615,0.838134489827005,63,0.943126010752618,0.920582822399743,0.766780189375557,0.395433417519475,0.969589464689551
616,0.905842296500641,63,1.00327477001755,0.992012199018512,0.851200601238559,0.442963779504584,0.969589464689551
617,0.648770182773553,63,0.692528643907322,0.70534256864602,0.581447500760766,0.296774677522958,0.969589464689551
618,0.777362787655515,63,0.823976279989852,0.851892774999315,0.72813603738053,0.360524263636029,0.969589464689551
619,1.24946769906297,63,1.27958119265933,1.36165435117699,1.18806769247118,0.604554435234789,0.969589464689551
620,1.27378317354359,63,1.26688360706289,1.41914626229853,1.19192625512944,0.626245894297799,0.969589464689551
621,1.11233174830673,63,1.1252263934817,1.25230215415141,1.03107009712088,0.519275131253757,0.969589464689551
622,1.16074430473624,62,1.09353054024146,1.29688287823382,1.07983377794832,0.568841508231447,0.96905649162897
623,0.778030105364954,62,0.760278141694261,0.90042765670043,0.716336208730009,0.36855796811665,0.96905649162897
624,1.00664823674428,62,0.927302381906617,1.11968796101266,0.939713020010614,0.48164255503009,0.96905649162897
625,1.08872415098097,62,1.00389660421624,1.21920320972755,0.936221662992324,0.491565659966881,0.96905649162897
626,1.16698184394651,62,1.04199977837206,1.27848626722136,1.03588461660695,0.545128201109358,0.96905649162897
627,1.53144941825305,62,1.35176900282388,1.70536370972759,1.39492850871593,0.732045947215375,0.96905649162897
628,0.92756115453975,62,0.829078036322465,1.05779689887064,0.840834963784346,0.439597027027789,0.96905649162897
629,1.45626008561675,62,1.30900009103918,1.64397180157942,1.33960397770422,0.705092416949757,0.96905649162897
630,0.893640357441244,62,0.80740220763308,1.01477694988278,0.776350730818003,0.404644227747224,0.96905649162897
631,1.15390164509058,62,1.03316587702077,1.25301610251446,1.08830115844923,0.553280083028962,0.96905649162897
632,0.967284528339213,62,0.944217318569534,1.10056633259826,0.878347513445678,0.457849661636416,0.96905649162897
633,1.23154058007636,62,1.13095249467953,1.337098832151,1.14764863918478,0.595988332389666,0.96905649162897
634,1.04693201710477,62,0.998353305504834,1.18942103351931,0.941061348340302,0.470703188774643,0.96905649162897
635,1.15903786714168,62,1.13587882722389,1.30247171283014,1.06126407686154,0.558556000571855,0.96905649162897
636,0.662871029122551,62,0.691510586717981,0.745689321992335,0.603765607071335,0.307416724175139,0.96905649162897
637,0.878539652621497,62,0.926666257978882,0.987311633214483,0.801598003157031,0.408737082695278,0.96905649162897
638,0.80811817337027,62,0.887755169761951,0.917261469908881,0.731825363503342,0.380593882188926,0.96905649162897
639,0.768677359251743,62,0.841806778339897,0.86102546121689,0.712481392726873,0.364151827754095,0.96905649162897
640,0.999245676391374,62,1.1224166234832,1.11242711682018,0.863100818841252,0.460356800435394,0.96905649162897
641,0.946218787283919,62,1.09280039733945,1.05839177014282,0.845168902467131,0.437978351107716,0.96905649162897
642,0.599872627540537,59,0.701922178947768,0.683019365486787,0.526743955921883,0.271319691090901,0.967647752297924
643,0.848946130478602,59,1.02115144141348,0.970087892331217,0.725083049466665,0.376257242755362,0.967647752297924
644,0.963335180003906,59,1.15299319175587,1.0709721273156,0.843774163720277,0.442467298486824,0.967647752297924
645,0.576261461404096,59,0.714507188983743,0.653608214374459,0.519154415046627,0.265662480022979,0.967647752297924
646,0.877407771907583,59,1.07099797206299,0.989894179415638,0.787795826816209,0.409548142694158,0.967647752297924
647,0.72830859635688,59,0.912517103234839,0.808806230615898,0.650522630317121,0.333037012677476,0.967647752297924
648,0.825854467701025,59,1.00215158250465,0.91381222480692,0.70061663416713,0.364428012708008,0.967647752297924
649,1.01645703451051,59,1.25198184661512,1.11879328006345,0.907681955225559,0.479681133121814,0.967647752297924
650,0.528659553080335,58,0.636879001630079,0.581104145863764,0.46372333693969,0.243803107595112,0.967613516725416
651,1.06793158871838,58,1.33921491395258,1.17961211514607,0.962981121064555,0.488599676808364,0.967613516725416
652,0.669488342368021,58,0.906396024880929,0.769486661617827,0.529940876265024,0.287503562543537,0.967613516725416
653,0.936335397621097,58,1.17941039309124,1.02672375772479,0.840197279858676,0.417254828840828,0.967613516725416
654,0.378477386012778,58,0.469647859231768,0.424461564472622,0.340629313932406,0.17466522845153,0.967613516725416
655,0.99481364490762,58,1.24282985449897,1.11618701032734,0.836306434136561,0.425773497041206,0.967613516725416
656,0.492115520791547,58,0.62590884339581,0.550066078516233,0.427597413725111,0.219600318233848,0.967613516725416
657,0.779893712550574,58,1.01313519926591,0.879400285759079,0.69205024861809,0.357217192672143,0.967613516725416
658,0.742201551615617,58,0.987718019328739,0.878080621999491,0.650618023319573,0.337093904676942,0.967613516725416
659,1.03717947487984,58,1.29487198725098,1.16112919707555,0.910793447675452,0.471045244115147,0.967613516725416
660,0.671351906402072,58,0.866863057623124,0.758934656641216,0.625802064926972,0.320187793370107,0.967613516725416
661,0.897521314242562,58,1.21084828968424,1.02133696967681,0.773310162929104,0.395164771670442,0.967613516725416
662,0.962464290364988,58,1.29725175027967,1.09477307081474,0.851952955637119,0.435977286851006,0.967613516725416
663,0.601655352368272,58,0.817947705437207,0.690049997485494,0.512811163473497,0.269377410522358,0.967613516725416
664,0.786795531822067,58,0.970253194314233,0.875097203156307,0.688526033932748,0.357057987146361,0.967613516725416
665,0.751957899874634,58,0.965733439691658,0.833284129184419,0.653570790549869,0.332843254030936,0.967613516725416
666,0.748563008226158,58,1.01351770081956,0.838017595826905,0.626127430352426,0.325723440577093,0.967613516725416
667,0.643844001903216,58,0.830394955703083,0.72174499747602,0.587476578233322,0.298805860675892,0.967613516725416
668,0.760826547981279,58,0.997850499455872,0.844280347641882,0.688907584469583,0.35059655255824,0.967613516725416
669,0.807305902701252,58,1.05349336237685,0.912922748185774,0.738172768854344,0.38134376398205,0.967613516725416
670,0.391564817777511,58,0.48661228226928,0.434022330832886,0.355044411322902,0.182927380844903,0.967613516725416
671,1.1340602814441,58,1.51107468748075,1.25969385292023,1.03837430318939,0.530323276095045,0.967613516725416
672,0.860631814587496,58,1.18975319844761,0.951226913674938,0.782843086550593,0.402582356867622,0.967613516725416
673,0.943398272091996,58,1.29882604665479,1.05260418929975,0.853621794434363,0.435184871864107,0.967613516725416
674,0.399956054865292,58,0.557448221529943,0.464387270582493,0.376370333533598,0.189430576440748,0.967613516725416
675,0.868690469591154,58,1.28498041054154,1.00427376863999,0.78569544788809,0.403882864543083,0.967613516725416
676,0.551138365944351,58,0.768125892853642,0.625572639304348,0.506919420829122,0.255400272618688,0.967613516725416
677,0.616432179085434,58,0.899823639242989,0.712850196535533,0.579725059346661,0.29327445544329,0.967613516725416
678,0.72586897892387,58,1.0895897757691,0.84594260103269,0.679630685034782,0.346114571458586,0.967613516725416
679,0.617908031479551,58,0.892998384368018,0.701243232834515,0.560524503822674,0.28154950636773,0.967613516725416
680,0.776678775737729,58,1.12943147525127,0.866958044426353,0.707099082648065,0.362060686567364,0.967613516725416
681,0.612254780799892,59,0.942422944232782,0.721874267142569,0.570333358667182,0.288768222967899,0.968240085210821
682,0.538740525421455,59,0.755811585906779,0.605702339244165,0.453909996341598,0.235710309726885,0.968240085210821
683,0.711412710027912,59,1.03960995660266,0.807188137724391,0.648466788673251,0.327840894645157,0.968240085210821
684,0.659217168694404,59,0.973761820417828,0.740060260446783,0.588860509927317,0.299824453796037,0.968240085210821
685,0.658192546355013,60,0.982292495469828,0.768424189666338,0.589648738533377,0.303847716959212,0.96877208162672
686,0.462657202128655,60,0.65887180101894,0.520317506072784,0.428412863259728,0.2165191945245,0.96877208162672
687,0.575105321474115,60,0.842787985537736,0.660325137344052,0.523226117650288,0.264062934978736,0.96877208162672
688,0.778420264434481,60,1.15775107558559,0.89681242143694,0.71339447877802,0.363499146095179,0.96877208162672
689,0.813504306396299,60,1.19116746254872,0.914098234867851,0.758473938354601,0.385350126865322,0.96877208162672
690,0.388136257142582,60,0.551130312798555,0.427117723483991,0.367391154538255,0.18347724977574,0.96877208162672
691,0.600499189745277,60,0.882020873551293,0.685856309214933,0.533121358874564,0.27946353562364,0.96877208162672
692,0.801777305402658,60,1.1998274777394,0.926946061043567,0.733813834662631,0.377595353078994,0.96877208162672
693,0.736613457890482,60,1.10011062685354,0.878236254566227,0.668998000113574,0.33882362375831,0.96877208162672
694,0.90646288904959,60,1.29239380063514,1.04333754050924,0.792573886267257,0.406511989769776,0.96877208162672
695,0.931951334034855,60,1.28698883993241,1.05729575393117,0.83785550840184,0.428624794721824,0.96877208162672
696,0.818341405240393,59,1.14880985294014,0.924205872552075,0.69289412366551,0.358113811445049,0.968539466969104
697,0.609996667335709,59,0.954655407860654,0.748313976772553,0.561146274409623,0.283464062810702,0.968539466969104
698,0.83918675351211,59,1.20719465907688,0.957268341870674,0.762816113643949,0.389804239853251,0.968539466969104
699,0.349220859097381,59,0.490608926778636,0.393412920372753,0.321458314729325,0.159439678323566,0.968539466969104
700,0.558706602736645,59,0.883551374366409,0.623455838946465,0.501639774734491,0.249566261234027,0.968539466969104
701,0.665782763210026,59,1.05077789841425,0.750985231485802,0.561055159437855,0.281842708102001,0.968539466969104
702,0.809431622295019,57,1.16495731692065,0.89249866955221,0.683273898794946,0.339770000316192,0.968337585403409
703,0.646952356331722,56,0.977813171725284,0.70794025617126,0.481322014049129,0.245490040121029,0.968334242861484
704,0.875402230133694,56,1.26067609828953,0.98112352313026,0.771973861207218,0.392705010050474,0.968334242861484
705,0.458099551238757,56,0.730018897067402,0.51718326994317,0.423194429896601,0.212110516623948,0.968334242861484
706,0.605538414522468,56,0.923045132288781,0.666479569506605,0.529302799026873,0.264654940882942,0.968334242861484
707,0.138789673582064,56,0.172838655570358,0.151342402377884,0.109651431005861,0.0584179845084409,0.968334242861484
708,0.64611778206795,56,1.03171935001633,0.721719369314175,0.557913642955661,0.284053110700934,0.968334242861484
709,0.331667102351035,55,0.517754779244402,0.377094663299596,0.302807826440081,0.152871174540314,0.968493740559594
710,0.899858314037615,56,1.4297531026897,1.05183582342083,0.811239898898593,0.4081596489425,0.969197718849464
711,0.676923944418232,56,1.11795574572921,0.785668386027441,0.59514437928527,0.292229731343033,0.969197718849464
712,0.905957490960911,56,1.4592671400507,1.07124425963805,0.830201381232665,0.414266363582167,0.969197718849464
713,0.431355605965667,56,0.70989764875979,0.507688114290294,0.404645208194253,0.200761235885394,0.969197718849464
714,0.824646513299388,56,1.31721458524668,0.953674635272162,0.744692266983552,0.375811721814198,0.969197718849464
715,0.464431573214812,56,0.74081756205663,0.535476838122581,0.406490846838992,0.203741545798774,0.969197718849464
716,0.764887473905134,56,1.25414705061023,0.881927588191013,0.694027058947889,0.34567503695277,0.969197718849464
717,0.708220496598772,56,1.17738456041887,0.818711423301526,0.612440007010794,0.31243474238539,0.969197718849464
718,0.328685428976498,56,0.513529505916834,0.373478014363288,0.290267849040523,0.144043920689649,0.969197718849464
719,0.958260020150534,56,1.63106412688014,1.07963373547582,0.88420763182864,0.442139048479304,0.969197718849464
720,0.350314484531278,56,0.650408144485807,0.40945849493,0.331460580861946,0.165128840058934,0.969197718849464
721,0.626832373487091,56,1.10359652953229,0.669745827052148,0.547335622753062,0.27621625155516,0.969197718849464
722,0.664189939022334,56,1.18898405023295,0.759066511811658,0.602168911946454,0.302803752509127,0.969197718849464
723,0.692677848884465,56,1.28922355284613,0.805903641509379,0.598246165669158,0.30378090138398,0.969197718849464
724,0.359258916608204,56,0.674139163107026,0.405950497021187,0.297693800149446,0.148377619526742,0.969197718849464
725,0.279724002429818,56,0.475989809826592,0.311078644871205,0.245700687533909,0.121756067082433,0.969197718849464
726,0.640389081873539,56,1.25737308603693,0.751907060455822,0.575410730444762,0.295802270228669,0.969197718849464
727,0.450617649698379,56,0.867847026766129,0.511056245366967,0.410308971866665,0.206738035102057,0.969197718849464
728,0.550416811094492,56,1.04593460036651,0.628027306063361,0.46827608583862,0.235978382150735,0.969197718849464
729,0.546780919997289,56,1.16398525335053,0.648835349529446,0.512382293931303,0.25651690684636,0.969197718849464
730,0.251825264375572,56,0.413016107271835,0.275645004854017,0.213952004987074,0.109258088712521,0.969197718849464
731,0.568287005331223,58,1.17855089429676,0.664249990249328,0.501361083849254,0.252502348190076,0.96991326129087
732,0.754953733939036,57,1.40236214943074,0.866008860442461,0.648322173877386,0.335229665764828,0.96944873056021
733,0.728586653188534,57,1.35085367292434,0.845857770644297,0.660515364332296,0.32682155553856,0.96944873056021
734,0.272752706132429,57,0.430426574621583,0.30361826017003,0.249260509443152,0.124986538592854,0.96944873056021
735,0.60636968081054,57,1.06166600982274,0.678598479304792,0.537423342711893,0.270470382058833,0.96944873056021
736,0.299775279547355,57,0.449215699312962,0.339449076042778,0.270944314718851,0.137309941258742,0.96944873056021
737,0.798137148553037,57,1.24751677361157,0.893900749729718,0.686732265140106,0.352206277369646,0.96944873056021
738,0.722062931205738,57,1.06233253348256,0.798093569871461,0.617694803646514,0.307527606868517,0.96944873056021
739,0.676694209281925,57,0.929962419730503,0.748355747176899,0.598352332098411,0.301022136704856,0.96944873056021
740,0.404042550766451,57,0.535003831707128,0.450545122884887,0.362545332511236,0.182011625894555,0.96944873056021
741,0.737532118713013,59,0.930700878282416,0.831638946090666,0.642218973484759,0.324821565826941,0.970880921698
742,0.767499949934006,59,0.933243703626759,0.881624234267905,0.700101085760006,0.346320987183872,0.970880921698
743,0.727922260795188,59,0.909741279961905,0.839131921903137,0.591824396670454,0.28768683721301,0.970880921698
744,0.433893478996337,59,0.475060577974447,0.488690732176442,0.385056723110525,0.194516332080098,0.970880921698
745,1.29434715145618,60,1.36068704793547,1.42666847764659,1.10436921275128,0.566584657877206,0.971410990696864
746,1.35204353771168,60,1.38975519716547,1.46926640946989,1.20237578396395,0.605533622639257,0.971410990696864
747,0.874370630499842,61,0.895473122240555,0.96689144778011,0.824597382265454,0.424270900384578,0.971909611756614
748,1.38587041944788,61,1.36144900098225,1.54781659397907,1.30541539378387,0.67661838493149,0.971909611756614
749,1.21215999856707,61,1.14000793142163,1.34356067456806,1.12165621766194,0.573420124632496,0.971909611756614
750,1.01265943614545,61,0.94107850492058,1.15185492433209,0.933774144465939,0.472308736772916,0.971909611756614
751,1.26659078476086,61,1.17106439029641,1.38833570375499,1.13856867133223,0.59325818009621,0.971909611756614
752,0.686840858941021,61,0.656926873214419,0.761800894106113,0.63514021286788,0.322138751340407,0.971909611756614
753,1.38768457539135,61,1.24196760204405,1.50322686376683,1.21880976865763,0.631994314015322,0.971909611756614
754,1.28863467303237,61,1.14590941922945,1.32365346519522,1.13398107533511,0.577160392585082,0.971909611756614
755,0.772719959146554,61,0.737727300480155,0.822404264333908,0.623663804313346,0.322273420984678,0.971909611756614
756,1.34607845822486,61,1.21545687862232,1.43140238758587,1.21081816523694,0.619376764600771,0.971909611756614
757,1.17755128832447,61,1.04249361615809,1.25579736350433,1.0620239289669,0.539577504856949,0.971909611756614
758,0.510179344861362,61,0.470857976234205,0.557006514378793,0.46371861101472,0.239822986999949,0.971909611756614
759,1.14603615838739,61,1.06262531123638,1.22509464583169,1.02339447998003,0.531906118086424,0.971909611756614
760,1.03989815988807,61,0.921562685807158,1.11233948153982,0.917362392970764,0.460542726712902,0.971909611756614
761,1.01114566597375,61,0.907493218410896,1.06690845441882,0.960198985907102,0.488701222937781,0.971909611756614
762,1.06526605044247,60,0.958137844025444,1.11227132813179,0.996071646869365,0.501859890955388,0.971596780598278
763,0.950947387442974,60,0.843913132782631,1.02214260821162,0.890977671761012,0.46184535794526,0.971596780598278
764,1.08810193488402,60,0.939332628887337,1.14970066163059,1.01791410241764,0.517593595009434,0.971596780598278
765,1.30343541840494,60,1.13900741630234,1.38011630818339,1.20164673004586,0.623462327682285,0.971596780598278
766,0.666323537315911,60,0.597839856728766,0.695463660989607,0.602577612869374,0.306518856357094,0.971596780598278
767,1.56559272018816,60,1.41179678074317,1.61129071501774,1.44109749353293,0.738834366026428,0.971596780598278
768,1.10623098209234,60,0.954922962559371,1.15267941166927,1.0063317858111,0.507427332209204,0.971596780598278
769,1.56176117518938,60,1.37401812150541,1.59274408753734,1.40023994237053,0.709110748980979,0.971596780598278
770,1.25577255195488,60,1.11000407077075,1.31129357998516,1.15065283223878,0.596814750459907,0.971596780598278
771,1.23095951788283,60,1.09444388299532,1.28463203453666,1.07191079659453,0.544151002588607,0.971596780598278
772,1.36743167212019,60,1.16308456621814,1.41006468122146,1.26822411799116,0.649440204730909,0.971596780598278
773,1.2174554945461,60,1.10996590051687,1.26120798794134,1.10183132642462,0.557529335648508,0.971596780598278
774,1.1686362362449,60,1.05556641196785,1.1979933951169,1.06851390411159,0.547786312619066,0.971596780598278
775,0.80317534205364,60,0.736884293309908,0.843570219022697,0.751061728407192,0.375151256582276,0.971596780598278
776,0.589822174076301,60,0.561530945442637,0.610040926997712,0.540340612960647,0.268644193862897,0.971596780598278
777,0.838660071928746,60,0.801382398932104,0.872112776959341,0.764768313942269,0.390264716316574,0.971596780598278
778,1.07977485972096,60,0.97600633244007,1.09706087160062,0.961294601401415,0.494814289694596,0.971596780598278
779,1.15667190899338,60,1.05022214327152,1.18808151560622,1.02309953441153,0.519207220746896,0.971596780598278
780,0.954667654714334,60,0.926649882342592,1.02968026296941,0.867841360629169,0.442554481684079,0.971596780598278
781,1.32622715571788,60,1.24429650171468,1.36485858417671,1.18059653995991,0.601877908908387,0.971596780598278
782,0.525003741921498,60,0.496709687437664,0.551183646716318,0.465901001930142,0.239250688220824,0.971596780598278
783,1.23012564417319,60,1.12187495686568,1.25884571024031,1.06760798068891,0.542534675566849,0.971596780598278
784,0.956101401925529,60,0.890488217977696,0.969823015535469,0.852534539401573,0.434698892761439,0.971596780598278
785,1.5026282520188,60,1.35960382797658,1.50155496561,1.29346369895461,0.661522915662395,0.971596780598278
786,0.93196616629807,60,0.845049152585094,0.958203087029755,0.830637680299033,0.417059607774259,0.971596780598278
787,1.22675722698098,60,1.06498613746845,1.23702400340575,1.08385989877801,0.547215579336222,0.971596780598278
788,0.94951172397339,60,0.857876443179277,0.997783194305592,0.80838824687016,0.417807764004173,0.971596780598278
789,0.98033895486354,60,0.841219874143725,1.00737584761984,0.826301588973157,0.420272508298435,0.971596780598278
790,1.00517601089514,60,0.856766745210761,1.00350400583397,0.870636413147257,0.447690404003245,0.971596780598278
791,1.44316485984805,60,1.24934265619926,1.42742126619336,1.20793373706903,0.628636063041054,0.971596780598278
792,0.777145071510097,60,0.678593076215929,0.794344376357038,0.727595346146762,0.358695997098004,0.971596780598278
793,1.84163773343023,60,1.58132495899826,1.80977532938556,1.57844704241913,0.831654091848842,0.971596780598278
794,1.56441761163503,60,1.33455127111827,1.56452697586829,1.45348168591319,0.760923586755896,0.971596780598278
795,1.40154317188267,60,1.20017362215908,1.39464575021568,1.29960329178762,0.674059027040862,0.971596780598278
796,0.725504823852965,60,0.625765485902757,0.714729985909161,0.659998194284505,0.347775059798874,0.971596780598278
797,1.10878801217875,60,0.931538197899535,1.12119594310088,1.00460438825396,0.501839231174612,0.971596780598278
798,0.877148695197808,60,0.755760125213463,0.909384376609785,0.811152335821454,0.415901182479419,0.971596780598278
799,1.58313335500755,60,1.32833328078043,1.55029568999382,1.41968442780708,0.732679587068986,0.971596780598278
800,0.55727058280947,60,0.484225021784838,0.580737853878365,0.489863006348894,0.243639686307973,0.971596780598278
801,1.08562220962333,60,0.941746946728936,1.08597074900477,0.942930382523093,0.476235333765566,0.971596780598278
802,1.10258252883149,60,0.948727021714448,1.12725636761857,0.944400189641629,0.468388869043944,0.971596780598278
803,1.20896101284558,60,1.04195621479254,1.22750343804971,1.04109860501426,0.504033216836328,0.971596780598278
804,1.14630774175131,60,0.986636115563022,1.16142747945948,0.97940961389088,0.515522059339085,0.971596780598278
805,0.831170181097846,60,0.693752936635318,0.789623653501528,0.77483921098975,0.379952363782435,0.971596780598278
806,1.48301675540126,60,1.26005066303866,1.47645669829361,1.31943817189846,0.677972420189862,0.971596780598278
807,0.869815415167457,60,0.702465093779647,0.856808696474341,0.721543657615563,0.367735427905501,0.971596780598278
808,1.30694118465592,60,1.06772996067269,1.27694513081329,1.16655151755703,0.578677991418322,0.971596780598278
809,1.77534816934978,60,1.45556902823716,1.7228879582669,1.61479407619566,0.820023740595516,0.971596780598278
810,0.998488843051468,60,0.848439276212893,0.997158301459576,0.928185824059425,0.464759612683949,0.971596780598278
811,1.22702463457519,60,1.04398566874365,1.22687278026269,1.09148255700247,0.560847321677728,0.971596780598278
812,1.28742013472315,59,1.07240348392921,1.26033620308406,1.2127458506388,0.607860271593533,0.971840217243531
813,1.20128366817087,59,1.01909085985694,1.19474872986553,1.08701916288093,0.541047752275154,0.971840217243531
814,1.19403149501319,59,1.01676559762287,1.16457104411528,1.10280981250037,0.557476444920051,0.971840217243531
815,0.939115360175225,58,0.814777961338003,0.913355826624277,0.859991371394361,0.44101329510988,0.971174562490821
816,1.26126640892217,58,1.12391033489667,1.26340273564199,1.19796470309299,0.608048491208275,0.971174562490821
817,1.4679550501464,58,1.28804404124988,1.39282757189292,1.33206350966625,0.661343247273222,0.971174562490821
818,0.653449682991891,58,0.576870713422723,0.631786236066322,0.61187080250904,0.307279403504433,0.971174562490821
819,1.33738070620368,58,1.22098302021246,1.31083521506043,1.21461519693552,0.616904536605937,0.971174562490821
820,1.33190806515944,58,1.19298510049889,1.3092508746349,1.20552554580062,0.607634821256938,0.971174562490821
821,0.840883470103146,58,0.798324098373518,0.809055324056199,0.760213906434547,0.380352940018995,0.971174562490821
822,0.942966475063709,58,0.923564057865885,0.946789750952797,0.838731286919212,0.406058503683609,0.971174562490821
823,0.822115745483822,58,0.802721538183853,0.803865231790341,0.778109571507666,0.383563680102046,0.971174562490821
824,1.22331039028113,58,1.17515537593748,1.18896064586417,1.10333478027357,0.542669782184915,0.971174562490821
825,1.16184225379514,58,1.16956005684423,1.12181281920122,1.07320517482123,0.544231366281635,0.971174562490821
826,0.573057986866527,58,0.601330986237835,0.573751348475229,0.509218533572253,0.250977758134466,0.971174562490821
827,1.10011093160817,58,1.10963048341609,1.06933456766481,1.00230399670957,0.499208485142711,0.971174562490821
828,1.11773965093501,58,1.13410359283103,1.04432774801543,1.09311338200496,0.556796085542512,0.971174562490821
829,0.701181809298556,57,0.717713448624464,0.67138193417068,0.62791919595416,0.310797012805828,0.971088500233505
830,1.06813719009075,57,1.08399035331398,1.00383743108109,0.885156044572124,0.453400816981433,0.971088500233505
831,1.10764246660621,57,1.0963958465711,1.0163068895139,0.966694496308985,0.468363169679455,0.971088500233505
832,1.22358407161462,57,1.24761168567065,1.1434993125031,1.13893772949085,0.569450984715383,0.971088500233505
833,1.17102202896471,57,1.18048026826528,1.09059355354528,1.07471518833823,0.552152498503892,0.971088500233505
834,0.373416690153379,57,0.37567517395437,0.358292823929582,0.355717738660679,0.179365230319328,0.971088500233505
835,0.779917698432943,57,0.78836188536374,0.751699298655484,0.734681108684754,0.374186661362436,0.971088500233505
836,0.521668766169395,57,0.507238429884161,0.486614336757219,0.484774686523356,0.237077382460274,0.971088500233505
837,1.35102583957196,57,1.27334545574488,1.25679655713376,1.30625452044368,0.652069528943805,0.971088500233505
838,1.09202381849137,57,1.01785760708275,1.02093624789155,0.992838065393258,0.501679465151287,0.971088500233505
839,1.33474596574311,56,1.15989731432174,1.23184468321825,1.31480901559121,0.659073027253075,0.970358309435322
840,0.687490075135716,56,0.608432695551131,0.660015323958296,0.59465153717151,0.290581445526402,0.970358309435322
841,1.39154500477712,56,1.20920735061349,1.33664650238388,1.30941833360463,0.648826943747407,0.970140668334159
842,1.18530565270306,53,0.985734126845378,1.13527210752863,1.09506974638824,0.536891042123617,0.96830929653493
843,1.05793376162847,53,0.92620922843589,1.05233273718555,1.04203457454339,0.512814843265429,0.96830929653493
844,1.1192107901467,53,0.893146414691465,1.0455673157106,1.0084295400089,0.515859728833931,0.96830929653493
845,1.76613605592215,53,1.37101469336939,1.63808190684157,1.65131112320805,0.827780253642491,0.96830929653493
846,1.63602900837686,53,1.23986242856208,1.50011129232388,1.55613808091462,0.795699008485996,0.96830929653493
847,0.929688303433003,53,0.742339043964721,0.893035326098119,0.810423326057635,0.402089304408567,0.96830929653493
848,1.74181137442616,53,1.33247559949687,1.65296334938427,1.60844733601618,0.824278107094104,0.96830929653493
849,1.07585152912086,53,0.820960035163804,1.01977542463628,0.970380224351288,0.467525949561001,0.96830929653493
850,1.52996584123399,53,1.15181784737038,1.43392501892252,1.46110389992469,0.736718866055344,0.96830929653493
851,1.05428200002275,53,0.804341115301924,1.00471221734907,0.913036428523384,0.473888611372049,0.96830929653493
852,1.26568178334564,52,0.9501103122488,1.18503366484302,1.22196265504095,0.613188887657983,0.968256456882413
853,1.59201900758162,52,1.25876225931288,1.55192770308234,1.53776339390933,0.792050071323061,0.968256456882413
854,1.1767565507404,52,0.916597552245728,1.12405839061501,1.11773707107349,0.564421408089533,0.968256456882413
855,1.46757409405162,52,1.11268964297889,1.3679518864652,1.40091217976009,0.712933170015684,0.968256456882413
856,0.855100621007124,52,0.663489209773892,0.800194075901317,0.761951465760105,0.390242057354793,0.968256456882413
857,1.18759731931535,52,0.935547930215165,1.11392736703925,1.10382006098293,0.556661797679126,0.968256456882413
858,0.82355019970188,52,0.673200338382464,0.789989153464447,0.694559648223314,0.357254314615444,0.968256456882413
859,1.41349971285714,52,1.12788286727431,1.32246066131035,1.31520932996965,0.674173739295928,0.968256456882413
860,1.13145956364253,52,0.921643343593092,1.07358105889239,0.887081531363251,0.465708504089887,0.968256456882413
861,1.63761581209194,52,1.35977294579298,1.54469577425956,1.46094289309893,0.751844017378111,0.968256456882413
862,1.86632127762005,51,1.5373415944192,1.73686417737584,1.71821563300158,0.879206906687393,0.967699244262803
863,0.965463299438018,51,0.825346409666283,0.915600986057072,0.88121517195854,0.457184304672185,0.967699244262803
864,1.0558731882575,51,0.910093519635332,1.00210245640317,0.965038613514418,0.476704330110349,0.967699244262803
865,1.4202042613115,51,1.25175269593851,1.30768279027778,1.35444719679276,0.656041569392788,0.967699244262803
866,0.615112407319321,51,0.563411735916232,0.587754553745259,0.547535388234667,0.270127621566147,0.967699244262803
867,1.00056881254005,51,0.916325978712306,0.953922092900362,0.913451397083601,0.463155648269815,0.967699244262803
868,1.046209338157,51,0.985765639947655,0.993822260949406,0.960130955308996,0.468549527705521,0.967699244262803
869,1.23889243149366,51,1.16788445032041,1.1433194142119,1.13689494917664,0.574236302775656,0.967699244262803
870,1.07961509275723,51,1.02975599315431,0.978402634625047,0.9856294610869,0.504593725172526,0.967699244262803
871,0.524425494041205,51,0.509386068703871,0.492458177313507,0.494082923028009,0.242123093109874,0.967699244262803
872,1.0093764816227,50,0.948219776360924,0.929689895560219,0.934869030170269,0.462424998356384,0.967604168011871
873,1.13760692466466,50,1.06114581721624,1.07603919649311,0.98914432766707,0.485447204480767,0.967604168011871
874,0.695694348203948,50,0.665220781467685,0.668755085659343,0.612780512222011,0.316663266646641,0.967604168011871
875,1.25985703404369,50,1.18401720438274,1.20692807182064,1.15145885858473,0.585833733392988,0.967604168011871
876,0.993323094863063,50,0.925202194990581,0.940804078984159,0.842383863718969,0.4174918313366,0.967604168011871
877,1.3793295374862,50,1.26848226713289,1.32538502740963,1.29403625422051,0.65373342129468,0.967604168011871
878,0.645614025034536,50,0.576849576672947,0.62018282336746,0.591705950283834,0.296924460957617,0.967604168011871
879,0.966133615863625,50,0.859539832170839,0.91028539135694,0.884637172046435,0.453221704728594,0.967604168011871
880,0.898133570008279,50,0.784691165274989,0.873448683117725,0.812231751805808,0.398668660267403,0.967604168011871
881,1.81008804503205,50,1.53447178228607,1.6943475198754,1.62545180623152,0.855610217335461,0.967604168011871
882,1.31825521345042,50,1.07720785721541,1.24989124156576,1.19298749615469,0.613798030963325,0.967604168011871
883,1.29244180303505,50,1.05504864256665,1.27292899314502,1.14746448337591,0.551676037719188,0.967604168011871
884,1.61857188387339,48,1.30262464762233,1.45556674345591,1.59245299308142,0.811796861563545,0.967337461547267
885,0.72645305915789,48,0.584258224209346,0.702989026861595,0.725508834865636,0.380750814839173,0.967337461547267
886,1.23808106578802,48,0.993975015798437,1.18608327624983,1.1784509174249,0.57987805263005,0.967337461547267
887,1.43595154876371,48,1.1267303618843,1.33069187330924,1.33674090317464,0.67315195352644,0.967337461547267
888,0.692171484606696,48,0.583251949251353,0.655443292852332,0.642686264101436,0.319836351714942,0.967337461547267
889,1.49842217262415,48,1.16928016009394,1.44796176815213,1.37390306769975,0.684233231397122,0.967337461547267
890,1.33924604569567,48,1.02005813427872,1.29531691363743,1.24462171444841,0.633264367902761,0.967337461547267
891,1.75302728114601,48,1.38238399614579,1.65982363846445,1.68198579963801,0.857790428608616,0.967337461547267
892,1.08789574032269,48,0.854331949220253,1.06818044795982,1.04605779938203,0.550033861864152,0.967337461547267
893,1.2378043345783,49,0.991182165318276,1.18792300011362,1.18425244786938,0.60969212580269,0.968070946458511
894,1.17788312150079,49,0.925960576119781,1.14739461532397,1.09400335300932,0.532177129119033,0.968070946458511
895,1.40057469913867,49,1.10437098945594,1.35198475392409,1.39426024176664,0.706459729009354,0.968070946458511
896,0.59350014561674,49,0.495060201339912,0.582137383157487,0.588531971801039,0.295572665997039,0.968070946458511
897,1.04250347824478,49,0.789680767101505,1.00167542470414,0.963668864482002,0.476545740421155,0.968070946458511
898,1.40641367163185,49,1.05720228314389,1.33119957978501,1.29265614788433,0.670972857308147,0.968070946458511
899,0.880431971408304,49,0.706755091408056,0.856320319788555,0.775268420467663,0.380753432630795,0.968070946458511
900,1.69913695900441,49,1.29703701749551,1.60611264094921,1.60917025971873,0.831154650512658,0.968070946458511
901,1.11967898444378,49,0.857471566139094,1.06095235746066,1.04537057257311,0.530859192395729,0.968070946458511
902,1.96312180138459,51,1.55615112638774,1.83279878457944,1.92240555838943,0.992040528328139,0.970263397555469
903,1.89923695991783,51,1.47749789412171,1.82812745948212,1.87273991562613,0.964516216105043,0.970263397555469
904,1.26140720655343,51,0.992821169600734,1.24396095296534,1.20418220281722,0.616638594453297,0.970263397555469
905,1.11673147480516,51,0.89984020397946,1.09593803406302,1.07932654830214,0.550362248134405,0.970263397555469
906,1.03925793658397,51,0.847391814255064,0.982199048191757,0.953991955659683,0.487321946207662,0.970263397555469
907,0.827851230716691,51,0.700232158801665,0.805841633675704,0.766886748377152,0.387342023044033,0.970263397555469
908,1.09359408031974,51,0.904715946633086,1.0643367400217,1.03085726134866,0.529880850916899,0.970263397555469
909,0.867906091596879,51,0.732362038457141,0.84634911505498,0.84126427263882,0.427855634208158,0.970263397555469
910,1.66367930586925,51,1.40617822381481,1.60949993674622,1.54685081377428,0.824891960564297,0.970263397555469
911,1.72663825851556,51,1.47250959364985,1.6529393979796,1.67978520833736,0.891260920556452,0.970263397555469
912,0.905611680250873,51,0.790116274416726,0.882258800877255,0.811632920078886,0.397485853985394,0.970263397555469
913,0.697198603975966,51,0.628481801167273,0.681402306020617,0.695302718734987,0.358022354850827,0.970263397555469
914,1.039239511794,51,0.889639174728311,1.00407721782408,1.02322089306877,0.534445696665089,0.970263397555469
915,1.13178606977037,51,0.993422092846094,1.0929786158316,1.03586889197496,0.53008262989528,0.970263397555469
916,1.38692288347822,51,1.24579916403034,1.31637632885357,1.37374435076306,0.710734706372308,0.970263397555469
917,0.443988186887606,51,0.442860058232762,0.422723265084781,0.422730920912167,0.217583675734308,0.970263397555469
918,1.00153698292174,51,0.89104963697538,0.946785700524509,0.980993452699359,0.498029655406126,0.970263397555469
919,1.07644873411356,50,0.910364592102635,1.00727360706765,1.09533718793776,0.565074943264922,0.96984809041129
920,0.698402332946126,50,0.631728987521943,0.67882221774376,0.721989179230881,0.355006863515755,0.96984809041129
921,1.43794855240235,51,1.24585375372616,1.38509108997277,1.46065458176864,0.759105062104774,0.970793013588835
922,1.56669896311418,51,1.30216583862361,1.479468093741,1.59775104864226,0.827514274416159,0.970793013588835
923,1.51701449234774,51,1.27134343955823,1.44836580723245,1.49158738752925,0.769293507705568,0.970793013588835
924,1.29451591994973,51,1.11828626445336,1.22044593783652,1.2432117508319,0.632194434313453,0.970793013588835
925,1.13401737086305,51,0.927195894249122,1.0960363162169,1.05896894267665,0.55283770962143,0.970793013588835
926,1.09729409669146,51,0.934434987179922,1.05165245683628,1.10629040343627,0.546025164343412,0.970793013588835
927,1.43752787769441,51,1.18999419035475,1.37584841975143,1.38697874193236,0.737784844991127,0.970793013588835
928,1.15539602248676,51,0.98125979870663,1.08980971907666,1.09880966973212,0.583225673704006,0.970793013588835
929,0.869852655877563,51,0.71936251636592,0.85676906324578,0.900049602285304,0.445322867231823,0.970793013588835
930,0.898270889986852,52,0.767760136508676,0.888911569710619,0.926611560113261,0.465587545779306,0.971974140995649
931,1.32680781560946,52,1.07730377018931,1.26115537529281,1.33746881496443,0.678873908044664,0.971974140995649
932,0.584139969413298,52,0.473790334709373,0.574978737574126,0.570253058400809,0.284938108972304,0.971974140995649
933,1.23328050611138,52,1.02688332251256,1.19036579776132,1.26139874808212,0.651162999519614,0.971974140995649
934,1.40287584883202,52,1.15683875002265,1.34241354136986,1.42730955747532,0.750371647897642,0.971974140995649
935,1.74447876089867,52,1.43400203935836,1.6569166327619,1.82294697251213,0.956120517529208,0.971974140995649
936,1.43641321945201,51,1.20214956336584,1.35632792802819,1.38517267387722,0.721994721515719,0.971868178380031
937,0.958732112647413,51,0.8204139064682,0.948312325496962,0.829038146165242,0.451313049168082,0.971868178380031
938,1.64339171151097,51,1.35842036938137,1.59333350002357,1.64916117643628,0.861530644839648,0.971868178380031
939,0.657252994941815,51,0.571800407258578,0.680401068136686,0.600090863401458,0.290578271868439,0.971868178380031
940,1.31759192581076,51,1.14932449197327,1.32219396527144,1.29767797557612,0.666372137819346,0.971868178380031
941,1.48100277416315,51,1.29603945471817,1.47070600075915,1.37178285183808,0.727430947143961,0.971868178380031
942,0.890316720219528,45,0.805362436183042,0.909031092945408,0.86965734071196,0.387178833636893,0.969266532845357
943,1.05953436153722,45,0.953401898248011,1.03799161546579,1.02053868707269,0.519250177968729,0.969266532845357
944,1.20572499508622,45,1.10864175394102,1.16722913606509,1.23086275694025,0.632070971805061,0.969266532845357
945,0.866166711424948,45,0.834277775173013,0.858947896197497,0.858828413335166,0.413122060482165,0.969266532845357
946,0.473435185478234,45,0.445481562617545,0.484585719040006,0.407878749420729,0.201236796004487,0.969266532845357
947,0.692678641933963,45,0.679883309913432,0.681850327918315,0.649874400743486,0.327848252367728,0.969266532845357
948,0.817752375599775,45,0.800855512105948,0.807775837386734,0.819295360207825,0.412925278727022,0.969266532845357
949,1.3189788428087,45,1.31012800472773,1.30800787663242,1.12895358620115,0.629122172279029,0.969266532845357
950,0.781956199678369,45,0.811962647649637,0.814046948986573,0.729410376357828,0.36637144713735,0.969266532845357
951,1.31643491005197,45,1.29193862919225,1.28279365087141,1.39258814074513,0.729179107656011,0.969266532845357
952,1.26044544532466,45,1.30135496489151,1.21262943582225,1.23186768815924,0.65327185307728,0.969266532845357
953,1.2057493789508,45,1.24383401135278,1.21339838800282,1.21513229569574,0.625502892501596,0.969266532845357
954,0.513560972256547,44,0.576040093510374,0.526144405756898,0.477651685386956,0.242423839844803,0.968891396761631
955,1.04403629053423,44,1.12036032708216,1.04249815408588,1.04636537002829,0.524463621818551,0.968891396761631
956,0.689988561441328,45,0.733712246020766,0.680444539197784,0.700403565802267,0.359363347010557,0.970290293725018
957,0.974652716345714,45,1.0378266123381,0.965260113818412,0.957172760682758,0.482753107793292,0.970290293725018
958,0.875146189324229,45,0.948989640882097,0.831041367316104,0.83275528305637,0.425517392918718,0.970290293725018
959,0.640400770855052,45,0.69776389615347,0.639727329118211,0.618807323778467,0.31617560919253,0.970290293725018
960,1.14567808353154,45,1.26009633512595,1.10383671526433,1.2046418789426,0.592095962935369,0.970290293725018
961,1.21355862491882,45,1.3054658687441,1.14982393008476,1.22286082971371,0.611977720168538,0.970290293725018
962,0.66173412279396,45,0.740940947590148,0.669166580532598,0.570377953244725,0.303897584782538,0.970290293725018
963,1.12978450741445,45,1.25638444610226,1.12247758744394,1.13941613413687,0.558856895023128,0.970290293725018
964,1.15288426408923,45,1.27514778224848,1.11070845640385,1.17110060849227,0.606229506662311,0.970290293725018
965,0.436850677083919,45,0.500872555206648,0.420786571948573,0.428181960594964,0.217767762662301,0.970290293725018
966,0.814050772918012,45,0.889189927505579,0.787291577016514,0.814174506030264,0.424822209311141,0.970290293725018
967,0.927555790231298,45,1.0206420970925,0.895895830865198,0.907822032572743,0.455962922992933,0.970290293725018
968,0.76767276524949,45,0.852364908104198,0.74082906942191,0.737733831417655,0.367805789530792,0.970290293725018
969,0.433205308578525,45,0.47709110937885,0.440003696581908,0.42755475138558,0.216797132822566,0.970290293725018
970,1.15587175478929,45,1.27316403927797,1.13623544123387,1.12201397582305,0.584339472871106,0.970290293725018
971,0.854711768950384,45,0.928328084589091,0.812275449080361,0.859270010467137,0.434898280145739,0.970290293725018
972,1.31179630912255,44,1.44154400550881,1.28021566888513,1.3196564540859,0.681230819426232,0.969287159399944
973,0.55438050566747,44,0.601033183364971,0.542197401775424,0.569641703521348,0.279069936757658,0.969287159399944
974,0.924541385349787,44,1.00574332293131,0.914970011620262,1.00896808875289,0.507290414207238,0.969287159399944
975,1.18438921502708,44,1.24799592648404,1.18358741186121,1.16552890557329,0.588414174756992,0.969287159399944
976,0.786809967457006,44,0.867700404368895,0.788244442012344,0.831499629872556,0.396821174714108,0.969287159399944
977,0.990061215978495,44,1.02047257549637,0.988130808253974,0.95936509249911,0.505509333195638,0.969287159399944
978,0.711074431542388,44,0.787840031711616,0.725198945598096,0.651313457236225,0.334248083282104,0.969287159399944
979,1.01748192945756,44,1.03385465610686,1.00855904023125,0.911421666620038,0.443316267759121,0.969287159399944
980,1.36262631885698,44,1.41237561090055,1.39267643575974,1.30118356113227,0.68452838393386,0.969287159399944
981,0.463177821547342,44,0.473074025104636,0.478243493276412,0.437287102462825,0.214385290402651,0.969287159399944
982,1.51855556428401,43,1.5837972154447,1.53984706797254,1.44714416030459,0.751728419943404,0.968953113291146
983,0.914578768038012,42,0.999832243035204,0.960025628209884,0.947192537046304,0.481810683797786,0.967702365372514
984,1.14413933279809,42,1.26932407054273,1.17188739341411,1.21315856436234,0.60416465286743,0.967702365372514
985,0.870987617968679,42,0.983539401994683,0.904801081758731,0.880817894480236,0.428570592707933,0.967702365372514
986,0.615133649310125,42,0.720301709943911,0.627274072742216,0.642377248834511,0.318972499988943,0.967702365372514
987,1.00440079554742,42,1.1115669574688,1.02244703613505,0.991934443122374,0.490725671118283,0.967702365372514
988,0.818101289120321,42,0.953442855705783,0.846381366836374,0.790510139022825,0.383245403215445,0.967702365372514
989,0.394037887952275,42,0.46599684421612,0.414148105994635,0.422012231726284,0.202478824280015,0.967702365372514
990,1.18764201703058,42,1.38052697018187,1.24378483379464,1.23067754365491,0.625629932544759,0.967702365372514
991,1.02081713115926,42,1.26270512258569,1.05602482903994,1.1315890262915,0.572352063847747,0.967702365372514
992,0.894148340113558,40,1.12476271816264,0.907822820209911,0.961038615858574,0.472300532623297,0.967112577981465
993,0.505264082260134,40,0.638302907186027,0.512228568608949,0.481012296533587,0.241597344586241,0.967112577981465
994,0.294912433892031,40,0.390948366377446,0.31563987834556,0.296253758693724,0.143880588712927,0.967112577981465
995,0.765345875771773,40,0.975089614461084,0.78529801041253,0.777258956033625,0.398175900543072,0.967112577981465
996,0.59063321506033,40,0.734646862663136,0.626807583594245,0.600095833648164,0.303489892890626,0.967112577981465
997,0.584945035652097,40,0.730921541771656,0.604674178873515,0.625840952009305,0.308394473616336,0.967112577981465
998,1.13518209283808,40,1.36229197143371,1.18582742780971,1.19149392440589,0.609746023240814,0.967112577981465
999,0.840554091471793,40,1.02191623759362,0.859614657966429,0.88264333477346,0.445593885944638,0.967112577981465
1000,1.08777764667687,40,1.23653663968291,1.10103744615062,1.11863933065912,0.566896861008625,0.967112577981465
1001,0.495062098183493,40,0.568353781246832,0.500362711987566,0.466247245801939,0.222508244414027,0.967112577981465
1002,1.06804545610473,38,1.1189485013108,1.08534622410463,1.0828403789537,0.538474617463835,0.967195355389904
1003,0.431628266900758,38,0.448649455881093,0.450424232856586,0.449025267349809,0.215805370398252,0.967195355389904
1004,1.06013268616298,38,1.10529558514905,1.10335912175328,1.0477447701439,0.52361490518695,0.967195355389904
1005,0.991024874550433,38,1.00072576915484,1.0134771663918,0.980171979977542,0.486218256136285,0.967195355389904
1006,1.49721570921719,38,1.46141350264244,1.52162702954766,1.51276982497494,0.778356412558836,0.967195355389904
1007,1.34859211170405,37,1.29445313990564,1.34909876852864,1.44052970063408,0.725861974120232,0.966052302911585
1008,0.733904368904114,37,0.770119023225975,0.745416620470009,0.63619567542609,0.344730742802508,0.966052302911585
1009,1.48528128294293,37,1.38470496896137,1.46959153450674,1.48107876027564,0.783417870232607,0.966052302911585
1010,0.758484557245964,37,0.731846680787061,0.782314720447926,0.782714011860607,0.387684577693955,0.966052302911585
1011,1.25069631142545,37,1.16708550113623,1.25014437092818,1.2248521381511,0.609638052042591,0.966052302911585
1012,1.21915461123699,37,1.13264304156373,1.20204452769372,1.23023338031961,0.626466687204736,0.966052302911585
1013,1.08090959086167,37,1.01179484841905,1.06311142543848,1.1127641796071,0.563750497415771,0.966052302911585
1014,1.31506615622324,37,1.26953252396247,1.36761944499902,1.34074190505117,0.678188624237222,0.966052302911585
1015,1.23773289390621,37,1.16557254712684,1.28316275293434,1.27505019000482,0.649653421757759,0.966052302911585
1016,0.29737414200057,37,0.259064407410632,0.316105239472427,0.298560965285982,0.155730287156631,0.966052302911585
1017,0.864069793362322,37,0.85867226348347,0.919545219485533,0.804101935647664,0.414846987445903,0.966052302911585
1018,1.11496242837667,37,1.13571248821395,1.19817562057047,1.06907855090586,0.531323977447478,0.966052302911585
1019,1.05254540629591,36,1.06420073685592,1.17046437254503,1.05614085732879,0.532263328192177,0.966156314054449
1020,0.459506752470287,36,0.46881097799768,0.503692621898774,0.4679676946269,0.218512051566177,0.966156314054449
1021,0.941305584705072,36,0.947596953537536,1.02508384172224,0.962871019024627,0.47979471575165,0.966156314054449
1022,1.11680371135507,35,1.05016456359451,1.18937632043424,1.10958192810724,0.574861560593809,0.965191397628707
1023,1.11002951005961,35,1.01266951304084,1.08969520429863,1.11732903587211,0.554827619397337,0.965191397628707
1024,0.764554955478783,35,0.73530435575154,0.80516352004817,0.790399690831995,0.403976914692484,0.965191397628707
1025,1.35221280190021,35,1.19406912072673,1.41797312748331,1.38306281935425,0.701509454207994,0.965191397628707
1026,1.33174358104679,35,1.1468120237856,1.38816546390844,1.36000584266068,0.688614581786536,0.965191397628707
1027,1.44973266113531,35,1.26213283553635,1.53351252495109,1.49004944065195,0.753373635568399,0.965191397628707
1028,0.567139724771713,35,0.508444511685598,0.602734065461408,0.60315019045677,0.303500619165054,0.965191397628707
1029,1.52250098186958,34,1.30398534510502,1.62121032535307,1.59444616540406,0.812110785394392,0.964325531112926
1030,1.47326445851336,34,1.31876138946839,1.51858132753418,1.49565776296817,0.759504240357958,0.964325531112926
1031,1.26886198615039,34,1.13485895164405,1.30945695134175,1.30387434175349,0.661554708148562,0.964325531112926
1032,1.06990072270887,34,1.00239811714294,1.10530607571423,1.04671171495339,0.536669039095905,0.964325531112926
1033,1.30567819089687,34,1.18815459028464,1.33411217574504,1.34565439014775,0.683027628118298,0.964325531112926
1034,0.941208579577295,34,0.915052854175289,0.975100549580949,0.949213366555909,0.482542985639646,0.964325531112926
1035,1.1123248330301,34,1.0142257763152,1.12397013390241,1.13465205024066,0.572817900218396,0.964325531112926
1036,0.772875404819575,34,0.761267600731171,0.803867942105229,0.797807609293645,0.40907288280959,0.964325531112926
1037,1.15155961324204,34,1.13146209173762,1.19194621526114,1.17048375318608,0.600386228077912,0.964325531112926
1038,0.752900240664467,34,0.726068822340154,0.776048385783245,0.799756616293427,0.409271861653653,0.964325531112926
1039,0.473106741764774,34,0.472641533043507,0.487454047222388,0.480589881831141,0.240540531635341,0.964325531112926
1040,1.10136869697327,34,1.10201466821427,1.16542966294255,1.10509307182964,0.55990141119084,0.964325531112926
1041,0.383697873891243,34,0.385624329091237,0.413245434227392,0.404699589396679,0.194629058487299,0.964325531112926
1042,1.11932750459229,34,1.13870014094082,1.24051216586948,0.952756950894301,0.4324031906463,0.964325531112926
1043,1.41355040299706,34,1.42955932128642,1.50722635964923,1.32158333810957,0.684263367071666,0.964325531112926
1044,1.23778789987057,34,1.29551435725017,1.27915271050815,1.12752465539519,0.586819341660505,0.964325531112926
1045,1.25162440765914,34,1.32825441186018,1.29077498026508,1.28680705093786,0.663494768020016,0.964325531112926
1046,0.73700740723168,34,0.850446880580855,0.833653710459693,0.70546158973886,0.346598864246992,0.964325531112926
1047,1.15953215227863,34,1.22185945211885,1.23487380170981,1.11160522858065,0.572826934895684,0.964325531112926
1048,0.558294370610992,34,0.628987282142439,0.596135067530696,0.558295717659908,0.271111226136806,0.964325531112926
1049,1.22113914649481,34,1.36164394429144,1.41229629252688,1.18858883748539,0.609301094722195,0.964325531112926
1050,1.13397356146698,34,1.27517740683852,1.26360521681369,1.09983130954492,0.547162128196673,0.964325531112926
1051,0.637958891182485,34,0.731991465425715,0.710831053561022,0.566848416898456,0.289674091769808,0.964325531112926
1052,0.969903375666479,33,1.16086416315597,1.05706669601504,0.919908716746268,0.480568272769001,0.963599183197688
1053,0.942655061938271,33,1.14252374213537,1.03192073357499,0.892399815322847,0.45132568197144,0.963599183197688
1054,0.668262931709165,33,0.887029371425367,0.730837698119666,0.639984267163392,0.319821026757185,0.963599183197688
1055,0.583325714961288,33,0.767505675161924,0.654126440877681,0.536926842525096,0.264265804224713,0.963599183197688
1056,0.633070733138177,32,0.837240205773007,0.719921488953643,0.642895728179388,0.312410417941436,0.962740395582108
1057,0.770607330979856,31,1.0524725436166,0.856215613565453,0.753806188832523,0.388246079719517,0.961796889008903
1058,0.428343468806047,31,0.593947723033524,0.479682996962726,0.399849939378048,0.203120256294615,0.961796889008903
1059,0.763610691149207,30,1.05881456738678,0.826395580427358,0.690962199719868,0.346387952616892,0.96078327754765
1060,0.246015862365622,30,0.334689963211451,0.264416394425997,0.234537352407099,0.116793375067895,0.96078327754765
1061,0.801400123081034,30,1.15362892915397,0.869196162602745,0.698430103067614,0.325313820344816,0.96078327754765
1062,0.743701800559313,27,1.03645080626718,0.798947455618393,0.622189619578901,0.321664394061056,0.957198089459974
1063,0.727278207976803,27,1.0390532217045,0.841317175958974,0.574161385101537,0.290444573865282,0.957198089459974
1064,0.887817504540254,27,1.2709366964579,0.990985297809326,0.768240559424321,0.369735917623298,0.957198089459974
1065,0.5867320107772,26,0.827155670647905,0.641021532472162,0.479413647438345,0.229186426130888,0.956262873120098
1066,0.487723371741826,25,0.677386345610454,0.541631124806361,0.452406442486975,0.22284917234815,0.955169764560786
1067,0.93289002607047,25,1.24858091277693,1.02312258534264,0.876639573417705,0.45931292245665,0.955169764560786
1068,1.16748982375545,25,1.48720437563769,1.23898308824333,1.04451389780612,0.520655996957994,0.955169764560786
1069,0.421538273069654,25,0.557040328948074,0.465683107180882,0.361329261488724,0.176409639985457,0.955169764560786
1070,1.12623499962876,25,1.46421235904923,1.21210868539217,1.03763629484357,0.548246636271624,0.955169764560786
1071,1.35127609417408,25,1.7631928618562,1.46845509861968,1.15271102541007,0.635782019033407,0.955169764560786
1072,0.897695914187749,23,1.18038738268848,0.968971936854214,0.610651419355036,0.303814475898081,0.954364130356757
1073,0.753329355355177,23,1.01850642107655,0.841766429262208,0.68026004324046,0.345325091653023,0.954364130356757
1074,0.49021969543978,23,0.671024227556153,0.546383384348381,0.417309173335286,0.199366127856982,0.954364130356757
1075,0.764160754288982,23,1.08809448656048,0.880203445433503,0.701423644207907,0.345748542175287,0.954364130356757
1076,0.399955868891829,23,0.574860485924252,0.449321113156719,0.398843638675202,0.188311674345716,0.954364130356757
1077,0.312948044644556,23,0.471159916676907,0.349314346956059,0.26879065395982,0.135969024860525,0.954364130356757
1078,0.608413944657582,23,0.93613584339427,0.643609472788793,0.547245991324916,0.263835003596821,0.954364130356757
1079,0.640849691714445,23,0.957538057072402,0.681359317863084,0.509549262325412,0.266486662067861,0.954364130356757
1080,0.687000861367736,23,1.0828545797654,0.753742804616401,0.639691775752035,0.323929503172587,0.954364130356757
1081,0.478451971780475,22,0.745701435904623,0.531565689788653,0.412799557656562,0.191420396101615,0.955365203595515
1082,0.885104813746248,22,1.35597243769873,0.989968812989751,0.820701177637446,0.41675192386728,0.955365203595515
1083,0.322725419328025,22,0.516045886017057,0.351635762643079,0.30438379163341,0.137928897055042,0.955365203595515
1084,0.74913975262157,22,1.12965590557867,0.822757091159195,0.655187770254013,0.334418352862877,0.955365203595515
1085,0.683843596555972,22,1.00958394512629,0.753681343179267,0.627823059576383,0.299476552668645,0.955365203595515
1086,0.70082304494878,22,1.01494157654945,0.75725812313921,0.599978943711138,0.317900011321049,0.955365203595515
1087,0.372615938567284,22,0.515761933384789,0.401202781882176,0.358121987878102,0.181404740029713,0.955365203595515
1088,0.930058035226681,22,1.1893362999814,1.03612281800822,0.838323618009259,0.40490435414885,0.955365203595515
1089,0.971065440880439,22,1.20335777891874,1.0776302718643,0.885135604741092,0.44157210729372,0.955365203595515
1090,0.545393478721321,22,0.692692483832903,0.586886334318433,0.512773172002309,0.260213668182545,0.955365203595515
1091,0.903383888849023,22,1.0478963227667,1.00974301000284,0.752638128398405,0.38563465329178,0.955365203595515
1092,0.994640300359352,21,1.12359251639554,1.09008866046206,0.921112248816097,0.449845875968352,0.953296043570071
1093,0.565078265481305,21,0.598799803326949,0.606605521503941,0.445449455946255,0.227161800959204,0.953296043570071
1094,1.22743018703099,21,1.29436934055531,1.35071200378151,1.01569411407863,0.530056220840952,0.953296043570071
1095,1.26187211444484,21,1.26921032891204,1.34123607321294,1.04763421202515,0.55623669878973,0.953296043570071
1096,0.831396682266909,21,0.857990102789563,0.862541763208116,0.741748269378263,0.364533857309697,0.953296043570071
1097,1.07652637278401,21,1.11368992101273,1.18668747346845,0.970909335935376,0.50225089813446,0.953296043570071
1098,1.16687849994761,21,1.16813521267121,1.27460867027165,1.01330815131344,0.512675462799979,0.953296043570071
1099,0.871424871712653,21,0.836709409069488,0.964147343920621,0.737080653873761,0.360788825960228,0.953296043570071
1100,1.14189379877503,21,1.13562692246447,1.26727167460569,1.11024610197447,0.557024629904502,0.953296043570071
1101,0.523263943985818,20,0.536496173705953,0.574607726088454,0.479455361402169,0.233219054883093,0.950088839652498
1102,1.32794678210239,20,1.28743043561344,1.44567316072731,1.15549513349575,0.583957111092932,0.950088839652498
1103,1.64693261345804,19,1.66318492368747,1.83715396241273,1.40411216709847,0.749309338700299,0.946824853098892
1104,0.60564682362972,19,0.589367803258972,0.678284279191097,0.504676604428535,0.252742754176768,0.946824853098892
1105,0.973664680968706,19,0.990101442178323,1.11071683394378,0.858576229981335,0.429483827373063,0.946824853098892
1106,1.18420509510979,19,1.20292154861596,1.32507897569599,0.99120836604122,0.493653673116789,0.946824853098892
1107,0.896758175260509,19,0.923577621174849,1.01592041049185,0.751326318296847,0.362212812912388,0.946824853098892
1108,0.720559744343696,19,0.732802745678427,0.797531435062477,0.599412978737358,0.2848470561598,0.946824853098892
1109,1.08296337092357,19,1.1714876920505,1.18989887068625,0.918960490256579,0.438961655475925,0.946824853098892
1110,0.726025698476634,19,0.774545714196516,0.79042069432073,0.528986973203276,0.265210357094001,0.946824853098892
1111,1.36510240366994,19,1.51341696042077,1.44636282500546,1.16218435842136,0.585130757300248,0.946824853098892
1112,0.8270468181413,19,0.954390157229077,0.923955514652672,0.745650055073771,0.364267344653934,0.946824853098892
1113,0.79672210059366,19,0.936296905666968,0.917593354769145,0.595794536819567,0.299992999875989,0.946824853098892
1114,0.287317006469942,19,0.342214155752696,0.310340501685004,0.266936055473334,0.11905888590892,0.946824853098892
1115,0.959800058699882,19,1.1279106920247,0.97817336923574,0.759521944335472,0.370503033878229,0.946824853098892
1116,0.778926306973245,19,0.971618217474303,0.836092133608677,0.674397850598544,0.331182337486621,0.946824853098892
1117,0.277086071808742,19,0.341033623857242,0.315810208903039,0.235266339470007,0.104039416361453,0.946824853098892
1118,1.03794525707213,19,1.3023360232311,1.17582981499757,0.818551323540058,0.422490988692857,0.946824853098892
1119,0.958334743142389,19,1.26256798940301,1.08014042324828,0.830315459737797,0.407283468301496,0.946824853098892
1120,0.790641761192545,19,1.02507986620119,0.887216501852821,0.664382577591587,0.332108863048022,0.946824853098892
1121,0.833213131870921,19,1.33864423572462,1.08605619839379,0.912086325645245,0.45907553957547,0.946824853098892
1122,0.70397118432393,18,0.959566737470244,0.779448103072972,0.585717416040239,0.297848204974432,0.943997650032462
1123,0.927798348033354,18,1.2245393767101,1.00925081304011,0.795111843862472,0.392081776057706,0.943997650032462
1124,0.772244023904967,18,1.01043790744252,0.850363584573865,0.625842258070345,0.32184066325377,0.943997650032462
1125,0.163184476401913,18,0.207982730939952,0.180242348791045,0.176302728928624,0.082494705236141,0.943997650032462
1126,0.843714353569805,18,1.14550117405613,0.944878436578755,0.776681173972147,0.366431710371327,0.943997650032462
1127,1.08656756801206,18,1.40106991178276,1.20170073277848,1.0176742479373,0.527441645307629,0.943997650032462
1128,0.717791336760312,18,0.953469836593712,0.797474271109944,0.66639017928197,0.315791683721843,0.943997650032462
1129,0.747347988385894,18,0.98925387640526,0.8507643630426,0.750084078563578,0.378817891824287,0.943997650032462
1130,0.47202399054656,17,0.616840919635018,0.521380747522528,0.441506814893294,0.199700177597972,0.938862698066122
1131,0.572724070345669,17,0.797395540474775,0.674535415327532,0.456083603857057,0.230350205445329,0.938862698066122
1132,0.56659082360246,17,0.768131722196307,0.659493459196198,0.513526006678752,0.242932738444985,0.938862698066122
1133,0.85480643006066,17,1.15332899802254,1.01415841372985,0.739180918339279,0.362961970009207,0.938862698066122
1134,0.605739066724152,17,0.793014438340091,0.704775187361338,0.501238266075244,0.230243466201171,0.938862698066122
1135,1.14070642909016,17,1.4309969247639,1.31040396870591,0.986523196295103,0.509378739106112,0.938862698066122
1136,0.670450917839241,17,0.899388807589789,0.854935245221065,0.674777963316829,0.249468295516839,0.938862698066122
1137,0.989340418930889,17,1.17657878074744,1.17130527389576,0.902658324118398,0.455118565301836,0.938862698066122
1138,0.989161817495897,17,1.15821145733976,1.15319087820456,0.924515993380362,0.458434546408585,0.938862698066122
1139,0.786005207896993,17,0.918950424563521,0.899730080847298,0.556679603877153,0.324491163518514,0.938862698066122
1140,0.508826733113325,17,0.546288466125882,0.599024268055284,0.491016136811089,0.223398385661777,0.938862698066122
1141,0.978681975123002,18,1.11264014383309,1.12393347702461,0.863191630530863,0.42459955689389,0.943600823050818
1142,0.92613271669259,18,1.07276913342917,1.07752358804776,0.675212702129417,0.377687009283776,0.943600823050818
1143,0.813420470873471,18,0.899915105967277,0.969340689654904,0.713354366576754,0.362159335884443,0.943600823050818
1144,1.16835083813611,18,1.33434350295114,1.34055968419709,1.05095199124947,0.506778084945841,0.943600823050818
1145,0.61283937251685,18,0.686450068958639,0.704830658618653,0.497888480424155,0.251866758624826,0.943600823050818
1146,1.18926215420601,18,1.24633898854035,1.3644031841052,1.04583751992336,0.546073668237451,0.943600823050818
1147,0.77183637422671,18,0.858923804261694,0.974491337335059,0.700288352706717,0.337530863217512,0.943600823050818
1148,1.03786162593666,18,1.06005046380404,1.21585371972895,0.821281610407114,0.425330074211316,0.943600823050818
1149,0.799553943647741,18,0.809480656043615,0.904239167491603,0.675994461471222,0.327572363108289,0.943600823050818
1150,1.27892673024483,18,1.28646875828075,1.41960636461354,1.09387079383872,0.534136240311377,0.943600823050818
1151,0.560413035237993,18,0.529319988590288,0.575372240257426,0.44713402410654,0.214370552030471,0.943600823050818
1152,1.43781677153267,18,1.46529153680148,1.69023248556339,1.22117779188845,0.600953554744233,0.943600823050818
1153,0.968305330493806,18,0.98229105398997,1.16267922970665,0.870237173804014,0.421739794779395,0.943600823050818
1154,1.15739861831548,18,1.15410721725907,1.30773660252629,0.9996009206833,0.516856809563614,0.943600823050818
1155,0.94691994427355,17,0.978615461895668,1.18489833959101,0.744802200348326,0.443968998778403,0.937710812909219
1156,0.725281555312467,17,0.745592381713085,0.838243467981455,0.599273587727419,0.286499009752024,0.937710812909219
1157,1.11696649823224,17,1.12298754734695,1.32251526137177,0.9288632412794,0.484687194232487,0.937710812909219
1158,1.12372958024275,17,1.09987866429555,1.25619010273109,0.960592054758507,0.468556898210954,0.937710812909219
1159,0.992053849165167,17,0.95808291304862,1.12459180051473,0.733101766733463,0.387318579795513,0.937710812909219
1160,0.341002133976049,17,0.340483215499671,0.38674597169221,0.279090461107438,0.138720157921983,0.937710812909219
1161,1.30617445611174,16,1.27318998447677,1.57208157058716,1.01094491868835,0.507859266611075,0.938269711917844
1162,1.31959747886312,14,1.29743224547735,1.48156614788384,1.09412545612226,0.567385902639415,0.9311077352499
1163,0.475038145837768,14,0.4554429668103,0.510679309953147,0.362021624090892,0.19665037028981,0.9311077352499
1164,1.23979391566379,14,1.25603766025337,1.43150932604543,1.09742496624892,0.553639394113984,0.9311077352499
1165,0.792569021214531,14,0.775568983533171,0.904078970435408,0.676105345999326,0.338213135854847,0.9311077352499
1166,1.39745712458786,14,1.32693553818984,1.55757260462064,1.18348491419607,0.614940719720463,0.9311077352499
1167,1.41384700872101,14,1.35877015121583,1.56889574570237,1.12883158579277,0.582872201924013,0.9311077352499
1168,0.630355679322266,14,0.556558604033582,0.653601036711826,0.546549360274985,0.249562197261745,0.9311077352499
1169,0.831737497480043,14,0.809650719488352,0.928572085473623,0.769020911359673,0.361887707715958,0.9311077352499
1170,1.31605391531547,14,1.29638608198872,1.480253199992,1.13273235777953,0.554567342194748,0.9311077352499
1171,0.77044340507854,13,0.729236615954401,0.840549987461617,0.58890126418089,0.29723057672232,0.923067964894519
1172,1.35860303872818,13,1.28787343787151,1.48103785656387,1.16432491040461,0.576400591320538,0.923067964894519
1173,0.729546167402224,13,0.692843988672921,0.816975264790972,0.522444950201427,0.270134553808956,0.923067964894519
1174,1.64160582666426,13,1.5620563070916,1.79284087509453,1.30869142807784,0.713878094955581,0.923067964894519
1175,1.12764136757519,13,1.10186484272388,1.26586294533432,0.874000438840778,0.457537173411183,0.923067964894519
1176,1.11199579205401,13,1.05358500531805,1.24219681445046,0.831986052641605,0.421594108608053,0.923067964894519
1177,1.03526476553103,12,0.958781816794071,1.12915681452242,0.821344906583558,0.410165054964912,0.918930176605564
1178,0.571708257024322,11,0.506599827357475,0.619455832960163,0.412843484654332,0.201833361667847,0.909458735428083
1179,0.76623455265332,11,0.764921970306579,0.858503386418041,0.642517346548653,0.295969678638733,0.909458735428083
1180,0.713383007100543,11,0.721754936476664,0.791352597440589,0.594554419164336,0.273126481432344,0.909458735428083
1181,0.990903206695355,11,0.919770985180185,1.06811347561402,0.69320481434237,0.370708400067315,0.909458735428083
1182,0.572168504898112,11,0.502656751650105,0.624456918238359,0.447867237690376,0.218781129205705,0.909458735428083
1183,1.21837240997841,11,1.23228979757725,1.45677476290423,1.02139538467054,0.506396387523926,0.909458735428083
1184,0.985714487928977,11,1.12246077376214,1.09298521928377,0.993580113299503,0.483734791981991,0.909458735428083
1185,1.6453814526998,11,1.58947082085194,1.82262169283784,1.3479534180781,0.717680029292619,0.909458735428083
1186,1.28988510576326,11,1.28966112951256,1.47910964979421,1.08573571480402,0.586967107118105,0.909458735428083
1187,0.786224065264387,11,0.738870643200134,0.859354677241042,0.628296095630402,0.311648794235384,0.909458735428083
1188,1.50284077951489,11,1.45755021753351,1.53702727478955,1.25485715802107,0.666100034127348,0.909458735428083
1189,0.928916598964792,11,1.01278488166983,1.16485646878934,0.826109116467921,0.34777808739851,0.909458735428083
1190,0.718859181984502,11,0.6933619554179,0.762246453415748,0.681082838578645,0.305038497095942,0.909458735428083
1191,1.12306455256957,11,1.07725761786779,1.27797481027617,0.928066796660461,0.454549586726854,0.909458735428083
1192,0.255267977965043,11,0.204841896201823,0.256257219909499,0.26949845176292,0.10164218776833,0.909458735428083
1193,1.35332012125128,11,1.2200483600793,1.45111565647947,1.26228677537029,0.684585514090587,0.909458735428083
1194,0.676599249143398,11,0.626389685359362,0.77373676103931,0.66599072303957,0.299833630011363,0.909458735428083
1195,1.71565121839315,11,1.49275674892994,1.86144728956538,1.43430270530244,0.872077671002733,0.909458735428083
1196,1.26520724587624,11,1.07795641299022,1.36444100182134,1.10993420046597,0.590902198180164,0.909458735428083
1197,1.07637101433376,11,1.27327888887066,1.61784412577923,1.20573207383656,0.668334153535936,0.909458735428083
1198,0.762599042405206,11,0.653140869965426,0.852161258438147,0.747425298276214,0.343966169227799,0.909458735428083
1199,1.05722748396961,11,1.03337219347374,1.28195394513664,0.987873486674598,0.508034984261201,0.909458735428083
1200,1.21051474432924,11,1.10300153145254,1.34387998029937,1.09715171629905,0.558330284089675,0.909458735428083
1201,0.424841390253745,11,0.364173271697446,0.442475156907552,0.574797026610808,0.273480159026513,0.909458735428083
1202,1.73517051987773,10,1.51574256308066,1.88433374078054,1.35281839333348,0.851657282036242,0.899341648017515
1203,1.09681001585798,10,0.991890888225884,1.2506019306515,1.06606372435865,0.577754787569332,0.899341648017515
1204,1.7283307014262,10,1.54805754991833,1.84493536901268,1.39634288652874,0.848709456279532,0.899341648017515
1205,0.725469517534163,10,0.619236278154709,0.773101180836555,0.70176132543196,0.304460450236467,0.899341648017515
1206,1.31872406383122,10,1.07746571520408,1.34341155044577,1.16570642681896,0.600764598740362,0.899341648017515
1207,0.862370247692061,9,0.721565282488455,0.909140396971837,0.863746072380947,0.404725536226678,0.890171126031929
1208,1.10766254828657,9,0.908205571967283,1.02974359426578,1.03965228121311,0.572389399106782,0.890171126031929
1209,0.833061047422134,9,0.699649495412633,0.853190003080764,0.832880362649615,0.363526074284754,0.890171126031929
1210,1.31061146188692,9,1.14448762265629,1.50175526386055,1.14074009799259,0.62203815355814,0.890171126031929
1211,0.406606592726081,9,0.345800243160877,0.446863847198565,0.512226220486667,0.174231208881632,0.890171126031929
1212,1.56854077071832,9,1.19584968104439,1.5166777034279,1.38344129552825,0.858074995228252,0.890171126031929
1213,1.26794414070684,9,1.07041958394866,1.36068112100311,1.20272268589007,0.630533756181743,0.890171126031929
1214,2.0816461370152,9,1.720106907232,2.20542888229872,1.71305788596153,1.06845858208543,0.890171126031929
1215,1.14915240208095,9,0.939737905355369,1.23732695329096,0.916723820112903,0.456508714335547,0.890171126031929
1216,1.19391642998475,9,0.976337202677531,1.25665227613018,1.08362548932914,0.546327195625533,0.890171126031929
1217,1.13332569487992,9,0.922810040276493,1.18577365043073,1.01306820465819,0.529910427733172,0.890171126031929
1218,1.17384646452961,9,1.02376905348478,1.27248388005228,1.04523410073481,0.552115431790421,0.890171126031929
1219,0.70457577720933,9,0.56094067219972,0.756484759007751,0.670303518717342,0.327662679387067,0.890171126031929
1220,1.39537463427285,9,1.2068743380075,1.4542117740783,1.26843513216765,0.68118604370481,0.890171126031929
1221,0.750528617758372,9,0.652678765733878,0.807635825700527,0.730909686008017,0.368578404144466,0.890171126031929
1222,1.80414745254881,8,1.54009839442145,1.91731845797378,1.464079402095,0.87944908510094,0.887083642247113
1223,1.19660816738183,8,0.965075881615525,1.21353319362345,1.07354990033084,0.604239023915872,0.887083642247113
1224,1.22106275886565,8,1.02955420530097,1.28112270406324,1.09925457479458,0.622440051232878,0.887083642247113
1225,0.415028784739777,8,0.380518220315813,0.432671051566368,0.457547698861858,0.208588143453219,0.887083642247113
1226,1.43995151457455,8,1.29477395578514,1.65111690306385,1.10296752694785,0.674800454620922,0.887083642247113
1227,0.703727370046771,8,0.594618398006727,0.763134981095004,0.695880518847548,0.3039943341627,0.887083642247113
1228,1.54429851145085,8,1.29739687746545,1.64222537824094,1.34127071690934,0.842433283212977,0.887083642247113
1229,1.25449305468303,8,1.118408950359,1.33308346048208,0.951226733721613,0.458815431549718,0.887083642247113
1230,1.79036756248692,8,1.52883907747092,1.88929437240368,1.43276236532895,0.893028381589552,0.887083642247113
1231,0.643061150722636,8,0.559198616106441,0.683129999271507,0.647845586953485,0.28030481502083,0.887083642247113
1232,1.21745669716414,8,1.12383986798475,1.25836639181577,1.00455226866966,0.513905302687409,0.887083642247113
1233,0.540773675370365,8,0.482261219174649,0.578264345216949,0.528068035419611,0.247497316606629,0.887083642247113
1234,1.46580244913289,8,1.29630254669989,1.61208759724821,1.2477494363526,0.694189604121442,0.887083642247113
1235,0.877366462532515,8,0.812042538734327,0.973466020458646,0.856971295149849,0.404939276799086,0.887083642247113
1236,1.87651367989535,8,1.71546195755855,1.95586152651374,1.33124700491517,0.911498166184943,0.887083642247113
1237,0.928228430607284,8,0.831998440325778,0.964491939050819,0.905900357203625,0.442587297670457,0.887083642247113
1238,1.4742341513928,8,1.33931797242494,1.56098451847218,1.25903503629283,0.730460190832223,0.887083642247113
1239,0.771137543761185,8,0.755111576817387,0.827953682518986,0.682239559061984,0.334492292062595,0.887083642247113
1240,1.45486639756847,8,1.35613604663799,1.52524739224019,1.09574677506677,0.556655759987235,0.887083642247113
1241,1.16693176251656,8,1.14670316908036,1.24697731552869,1.03716485131324,0.539066080400251,0.887083642247113
1242,0.42994284762691,8,0.413067018372857,0.438671037580273,0.466201458716325,0.195991013117314,0.887083642247113
1243,0.879087660730664,8,0.862004649013318,0.938451675276354,0.951773359986221,0.399387729846868,0.887083642247113
1244,0.474612599893121,8,0.482796383370209,0.495973985062877,0.30872528801655,0.19908883312669,0.887083642247113
1245,0.698704536320427,8,0.729159888198242,0.732022036885217,0.785295991917618,0.346309307766152,0.887083642247113
1246,1.10138640955066,8,1.14282929042919,1.2239079844844,1.04221478228815,0.505237457003517,0.887083642247113
1247,0.72303790256624,8,0.766238196340042,0.817822305292476,0.781551454825867,0.314440287116035,0.887083642247113
1248,0.614195877285158,8,0.761684075072824,0.821757560008486,0.786945760399299,0.338967847015383,0.887083642247113
1249,1.05842790375164,8,1.12272122695014,1.22704828227704,0.711432413863292,0.387142761622651,0.887083642247113
1250,1.28086506286792,8,1.26007688898609,1.3572647038263,1.1059904231319,0.468206157779107,0.887083642247113
1251,1.15200723003775,8,1.15950623886967,1.2861508743648,1.00352728089702,0.549386626337705,0.887083642247113
1252,0.956462754047115,8,0.953023006834147,1.06612961596972,0.961725868086923,0.442332298625392,0.887083642247113
1253,1.69762109612597,8,1.69375585394234,1.83737306323144,1.3920121103213,0.835503905094121,0.887083642247113
1254,1.4103237750976,8,1.44775407120979,1.56561016187328,1.26083503964038,0.621991511808066,0.887083642247113
1255,0.605934251813532,8,0.636647317829504,0.75755934456759,0.601049582320571,0.258462038617298,0.887083642247113
1256,1.41509008401406,8,1.40767753185568,1.52541686866462,1.13348690369537,0.59798975839578,0.887083642247113
1257,0.465266123405148,8,0.477990942283899,0.503340955631621,0.670196346738402,0.248122847596543,0.887083642247113
1258,0.843563094772136,8,0.876615070416753,0.931410214386005,0.888478236442663,0.374878114593882,0.887083642247113
1259,0.823523468439908,6,0.904384880579265,0.97043260526952,0.809673897022011,0.36937876300978,0.873963937105581
1260,0.732050313466742,6,0.817305167782259,0.864288247894962,0.776344595769988,0.329785222137012,0.873963937105581
1261,1.18547239961986,6,1.31380878404002,1.3659043471599,1.0508517935639,0.563738187284966,0.873963937105581
1262,1.02218176326089,6,1.12201282412018,1.11530118481766,0.912628506850675,0.444760403571096,0.873963937105581
1263,0.72605077805018,5,0.853516809322996,0.966323369929377,0.593585156567361,0.275924035729556,0.822498408041365
1264,0.96545391845378,5,1.04269570778297,1.08729407098231,1.00808847028051,0.487904330386436,0.822498408041365
1265,0.41301728728777,5,0.47053444564202,0.484478990623054,0.348752010613152,0.197735882574003,0.822498408041365
1266,0.737615219867703,5,0.825334054569238,0.86177335498304,0.764890763102371,0.350344617770543,0.822498408041365
1267,0.620386695959798,5,0.693889827762337,0.791966177584493,0.719589230153173,0.266442478065481,0.822498408041365
1268,0.723535613152503,5,0.779518817704929,0.766113404666939,0.824541207582191,0.348698307225583,0.822498408041365
1269,0.794716968200358,5,0.829854238347814,0.962796124398994,0.580890631864003,0.283230074287476,0.822498408041365
1270,1.02721514565276,5,1.23221428261209,1.15910486011059,0.869148696638125,0.451570368712671,0.822498408041365
1271,0.604129358721844,5,0.626225806956088,0.779389027522351,0.645133788380605,0.295712980150805,0.822498408041365
1272,1.19661952572631,5,1.11991994599322,1.44912947362777,1.09844509904991,0.477265461274127,0.822498408041365
1273,1.59297409811856,5,1.61245832502098,1.95716571712682,0.989446700405442,0.663683443845206,0.822498408041365
1274,1.61089013872014,5,1.71589253972518,1.81670219399676,1.0652390162718,0.599629006605018,0.822498408041365
1275,0.991317234403364,5,1.02014682665041,1.19580573042096,0.905490481034746,0.407955934639006,0.822498408041365
1276,1.06773210409948,5,1.08494862750975,1.31049888982528,0.954741470970663,0.492191422079895,0.822498408041365
1277,1.04424635843298,5,1.00979330114376,1.24404450626604,0.821584241093797,0.358569988860359,0.822498408041365
1278,0.468528247205076,5,0.459853543911954,0.564472615080458,0.511555786639204,0.206414212944694,0.822498408041365
1279,1.16993438139915,5,1.23754523068324,1.27341654160693,0.820905209690418,0.485851425149202,0.822498408041365
1280,0.641870654504941,5,0.644585011418169,0.758169162410307,0.691918831967657,0.266130075317746,0.822498408041365
1281,1.03481987564573,5,0.9876384225522,1.43733364340125,0.851295775675139,0.407064271767834,0.822498408041365
1282,1.10588000161843,5,1.01794991221365,1.13784299570033,0.869765461168088,0.434890481434489,0.822498408041365
1283,1.04631206559511,5,1.04013451939286,1.33989049120207,0.759828133534218,0.304354153808129,0.822498408041365
1284,1.21478265298795,5,1.27181432341585,1.45956133012494,1.13961939746667,0.57266502733614,0.822498408041365
1285,0.759146549200547,5,0.714420952474461,0.934393550026315,0.638960488003262,0.274701554596037,0.822498408041365
1286,0.727527314535892,5,0.789811121529348,0.910834897268,0.658736522375118,0.205310639893956,0.822498408041365
1287,0.869150593850591,5,0.914748232794467,1.00404898385835,0.645991443697238,0.316745100832723,0.822498408041365
1288,1.30913468166266,4,1.40912166631783,1.60380416725537,1.14415814073384,0.656413718686815,0.790287713326315
1289,0.846163472772083,4,0.809613909079029,1.05322058742361,0.657525850337748,0.279698582028332,0.790287713326315
1290,1.20132566874718,4,1.19424282014349,1.49563808868964,1.07699557636464,0.557638725919315,0.790287713326315
1291,1.57201040274276,4,1.56229037617296,2.02048075902916,1.07614293700375,0.519767994782856,0.790287713326315
1292,1.16934337141766,4,1.18720154482189,1.36393730358594,0.976943582751828,0.471756620046536,0.790287713326315
1293,0.747790171742952,4,0.855421096989729,1.07393423947434,0.64272396690158,0.203133502378246,0.790287713326315
1294,1.25230152032301,4,1.3501387865587,1.48859072417621,1.03954775557953,0.571924817514372,0.790287713326315
1295,0.557504167649516,4,0.597063111410503,0.546713883581488,0.442332449548017,0.202506270158668,0.790287713326315
1296,0.76120011065162,4,0.88249840919144,0.985905668222866,0.718359541416992,0.321970317999795,0.790287713326315
1297,0.628211247293824,4,0.739679969326994,0.799909748621735,0.500003859944189,0.230559210996856,0.790287713326315
1298,0.96919539329494,4,1.1081061110629,1.19195362676793,1.02846312200025,0.3764671422265,0.790287713326315
1299,0.477485178878776,4,0.635037596145579,0.672658920733094,0.443673617067725,0.194799619315949,0.790287713326315
1300,0.94655572192519,4,1.11557563288651,1.16342915824211,0.686640571204428,0.313512005622008,0.790287713326315
1301,0.433151761187974,4,0.461252971660468,0.484990840368181,0.527422813757997,0.1479615763862,0.790287713326315
1302,0.84224565966282,4,1.00709961203912,0.944132891615558,0.80631781281238,0.342672079968192,0.790287713326315
1303,0.816263801878112,4,1.0016380034916,1.16231719022608,0.636406024143037,0.231166466061965,0.790287713326315
1304,1.44562297347367,4,1.6886186321417,1.7755507960832,1.01634524372,0.435981722880391,0.790287713326315
1305,0.831496536038644,4,0.935782308529322,0.932036478671513,0.68868616663713,0.283350186165784,0.790287713326315
1306,1.01571943282934,4,1.12761194992242,1.18679657940313,0.816666476295732,0.342553101640337,0.790287713326315
1307,0.889312481535855,4,0.963216556620481,0.984374998042992,1.03226351032188,0.355965339972514,0.790287713326315
1308,0.897055983172459,4,0.95636272397642,1.01202046092298,1.0943262115179,0.591460021844258,0.790287713326315
1309,0.334855735590213,4,0.357948874988652,0.389636789270812,0.386431493026609,0.103463218534592,0.790287713326315
1310,0.832716627587986,4,0.872705511058751,0.8828399958556,0.649128529844331,0.218622920311628,0.790287713326315
1311,0.924390651627675,4,0.884314398649847,0.949444436555545,0.699412161269463,0.306654401481185,0.790287713326315
1312,1.11279808321247,4,1.07199290934258,1.26940761715033,0.892821003334578,0.38471748834764,0.790287713326315
1313,0.688174220775859,4,0.672286647865112,0.882683771859415,0.661108338477672,0.272242774051701,0.790287713326315
1314,1.57048926393627,4,1.4811317074319,1.90915328528005,0.927301738035468,0.507658907365224,0.790287713326315
1315,1.04470546556938,4,0.946619012765637,1.17719020119342,0.805550074232557,0.33513384310135,0.790287713326315
1316,0.936581738906114,4,0.748466699065421,1.17232035411709,0.796171079489632,0.340665363257839,0.790287713326315
1317,1.25917066843532,4,1.16559238228643,1.31760698253968,0.872567316815346,0.415376852741577,0.790287713326315
1318,1.40588542975133,4,1.36967092048,1.80598629651908,0.675481909291904,0.250650359273408,0.790287713326315
1319,1.50491025420228,4,1.36165261194214,1.88682287184574,0.970615663625274,0.428226053557563,0.790287713326315
1320,1.17217788145635,4,1.0628155562241,1.47079550856964,0.808604311896959,0.356222752630368,0.790287713326315
1321,0.874975311286025,4,0.839156181651246,1.05388918444396,0.789938300719399,0.275906749147116,0.790287713326315
1322,1.40407995516453,3,1.26089449595682,1.98190255156229,0.907979951735992,0.417608202079973,0.743263762066996
1323,1.16449231580721,3,1.089851092546,1.58855017936482,0.892371941581784,0.532065230845817,0.743263762066996
1324,0.686057945950094,3,0.472120695780715,0.697251978699293,0.439380083080478,0.189746785730077,0.743263762066996
1325,1.01202620823441,2,0.93388804924873,1.35180247372718,0.820248517367975,0.239000305114553,0.664211341935922
1326,0.915553926003725,2,0.839763167043128,1.16649075398218,0.953940455341506,0.368702975601559,0.664211341935922
1327,0.815081817141446,2,0.779589070936916,1.05718975402491,0.802101078932425,0.196011921993052,0.664211341935922
1328,0.657391592540704,2,0.634846517674853,0.833438261780387,0.881679389312977,0.350562573273345,0.664211341935922
1329,1.22980760375125,2,1.24370067455139,1.60738730913085,1.00705149229256,0.391574126804971,0.664211341935922
1330,0.527227135458507,2,0.543097393407567,0.687146006639912,0.705316223648029,0.230378629926934,0.664211341935922
1331,0.875575495397274,2,0.911179145279959,1.12982601995871,0.889740173217855,0.417107281240412,0.664211341935922
1332,1.13240487080233,2,1.21452638511011,1.4978014656205,0.973796033994334,0.396960745649795,0.664211341935922
1333,0.984578820396183,2,1.07428321332689,1.31631056820748,0.871525423728814,0.37876970446639,0.664211341935922
1334,1.39016682445688,2,1.50220999239986,1.80610355558383,0.950062578222778,0.476472105321255,0.664211341935922
1335,0.569207206316228,2,0.612956349017159,0.727813485795457,0.736771300448431,0.190744137990397,0.664211341935922
1336,0.674671986584752,2,0.741796874136085,0.892073458882565,0.741891482267354,0.120894652656662,0.664211341935922
1337,0.756230698840559,2,0.822632046684097,0.982820067622163,0.978118876551274,0.26861648420547,0.664211341935922
1338,0.716869269287641,2,0.777091357919813,0.933555260878317,0.928838951310861,0.335030457223049,0.664211341935922
1339,0.982279101431884,2,1.07023235738887,1.31203079453209,0.8294,0.370328246113923,0.664211341935922
1340,0.968845981694454,2,1.04401147638682,1.28755469313107,0.879945429740791,0.329090384239953,0.664211341935922
1341,0.718489623934238,2,0.759836839916437,0.933902596004217,0.783238172920065,0.223364729596759,0.664211341935922
1342,1.57029088880186,2,1.66609347945399,2.09373997490429,1.15051395007342,0.442459447143712,0.664211341935922
1343,1.32041464018616,2,1.37554783525465,1.71276820241427,1.17249478079332,0.545907242070194,0.664211341935922
1344,1.02352962576005,2,1.07020744170643,1.35269391736892,1.15161290322581,0.63232490318115,0.664211341935922
1345,1.01714158802359,2,1.05911349230957,1.34094637151749,1.1232970027248,0.52972659994589,0.664211341935922
1346,0.889939252938779,2,0.919009719025523,1.15758532219689,1.01103818615752,0.382620010034271,0.664211341935922
1347,0.735552311694233,2,0.756572730685146,0.954194029524156,0.869016984045291,0.330831617702045,0.664211341935922
1348,0.999219668600928,2,1.03789859166852,1.33909085583595,0.940182403433476,0.31977745293277,0.664211341935922
1349,0.817965870272837,2,0.837040276634282,1.07090436005602,0.863203050524309,0.334155433396384,0.664211341935922
1350,0.749764564047379,2,0.7615504972131,0.979752891646174,0.857323872275722,0.310077739895693,0.664211341935922
1351,0.977172954347515,2,0.988582108173341,1.29094617186761,1.01329787234043,0.462524144974638,0.664211341935922
1352,1.09605267139937,2,1.09044591582827,1.41919445820946,1.09866592551417,0.392085743965972,0.664211341935922
1353,1.12872346099979,2,1.12326403136283,1.50482281006078,0.888120423108218,0.305783197100183,0.664211341935922
1354,0.617824905778231,2,0.603728575915287,0.803996526992374,0.810534591194969,0.281158510968267,0.664211341935922
1355,1.76851083676473,2,1.71111273184957,2.30246785576237,1.08934169278997,0.684283255585218,0.664211341935922
1356,0.719150674951713,2,0.689422001112489,0.937797369088134,0.821327683615819,0.273116918592857,0.664211341935922
1357,0.911680653361787,2,0.870892227607733,1.22526261339046,0.871212121212121,0.335755013900505,0.664211341935922
1358,0.983864192473582,2,0.929547636415511,1.31879282833376,0.762292412894823,0.319851087059262,0.664211341935922
1359,1.12216491057896,2,1.04792176410216,1.48250100691339,0.901127668143375,0.308208573964183,0.664211341935922
1360,1.62243050251916,2,1.50317531993226,2.17022097501312,0.996857670979667,0.500876110848951,0.664211341935922
1361,0.947147679236993,2,0.869992624648653,1.24845128097167,0.990767455279862,0.344891119970164,0.664211341935922
1362,1.27139075248789,2,1.15894856310212,1.70271690416163,0.888372956909361,0.395251908199474,0.664211341935922
1363,0.663603304407438,2,0.600300544015981,0.883583433874243,0.918087472201631,0.207716083649122,0.664211341935922
1364,0.902867199808114,2,0.807172842935559,1.24228214679601,0.789559164733179,0.238707234813081,0.664211341935922
1365,0.882181531330839,2,0.784480285377562,1.17196464342,0.912724306688418,0.325029734932293,0.664211341935922
1366,1.40747164322098,2,1.23345327490916,1.9299760261763,0.950474898236092,0.411919358771056,0.664211341935922
1367,0.757761296100651,2,0.662555634684022,1.00225836105669,0.870627429205997,0.333967615129532,0.664211341935922
1368,2.10262633845153,2,1.81770343081947,2.8279646632953,1.2560592459605,0.651030458226596,0.664211341935922
1369,1.11337231820077,2,0.956814384686102,1.49557857788325,0.856264869151467,0.369915886360484,0.664211341935922
1370,1.30564797079999,2,1.12027455247236,1.73591707924164,1.12048861743476,0.525779398713069,0.664211341935922
1371,1.42789874963573,2,1.22005860368968,1.90292455236617,1.02321041214751,0.508592295203903,0.664211341935922
1372,1.14809758647588,2,0.976826068572116,1.53439501037433,1.12845849802372,0.362804921385367,0.664211341935922
1373,1.0540205162184,2,0.896184690562577,1.39932166359798,0.931828978622328,0.467870980943075,0.664211341935922
1374,1.35336599525472,2,1.12894580679255,1.84385225697096,0.971894189891356,0.579854128598657,0.664211341935922
1375,0.676143954986296,2,0.568094105059208,0.897492381624773,0.915007112375533,0.273619822397325,0.664211341935922
1376,0.69051454134031,2,0.561517570362361,0.946115111521805,0.761879337960491,0.282919440055395,0.664211341935922
1377,1.66260492483358,2,1.30998831053299,2.32148116033843,1.13845675171126,0.60814086146915,0.664211341935922
1378,1.17456824731054,2,0.917092624867172,1.61989270103289,0.831598667776853,0.38598737323651,0.664211341935922
1379,1.45957891586058,2,1.12332511484457,1.9976969300169,0.893962264150943,0.494659288397876,0.664211341935922
1380,0.861330231999595,2,0.629966190747448,1.209482485773,0.898271798900236,0.229676476686854,0.664211341935922
1381,1.70044476361865,2,1.22593726251485,2.36089033721267,0.976946498477599,0.505249079359112,0.664211341935922
1382,1.31879282365574,2,0.920252239771498,1.83767966770555,0.857792207792208,0.446659508794901,0.664211341935922
1383,1.21718023754692,2,0.833965565761474,1.68153955849505,0.953507795100223,0.364854666778697,0.664211341935922
1384,0.872756072304242,2,0.61117592097069,1.15949430632031,0.823465859982714,0.396196450338085,0.664211341935922
1385,2.25982196282795,2,1.45659685943512,3.12735777877337,1.10157194679565,0.596085195280803,0.664211341935922
1386,1.33499776249835,2,0.8591731942318,1.81576988636394,0.84435595567867,0.451713718171496,0.664211341935922
1387,2.18328368494293,2,1.35460075251223,2.99278062117492,1.05601585014409,0.732046691007252,0.664211341935922
1388,1.61397264880923,2,0.969255486340111,2.22569098901664,0.884899683210137,0.315203400321376,0.664211341935922
1389,2.35352256478286,2,1.28780218973815,3.3690079689289,0.881188118811881,0.436377414821223,0.664211341935922
1390,1.33586301585776,2,0.750617824294468,1.86882109454445,0.80880670987419,0.272795239874187,0.664211341935922
1391,2.69344033379113,2,1.41780638430091,3.85008062302348,1.03277711561383,0.399046970135769,0.664211341935922
1392,1.02763416763042,2,0.561165769837094,1.43520786894493,0.853583426651736,0.27579321476093,0.664211341935922
1393,2.24190233776406,2,1.16555608116829,3.17675791445178,0.961450816559058,0.499638764359681,0.664211341935922
1394,2.31534894107969,2,1.1077168099976,3.36367881081585,0.933408577878104,0.302460410364969,0.664211341935922
1395,2.02919003268709,2,1.01138614570858,2.89007935585733,0.866340097970609,0.348049012147636,0.664211341935922
1396,1.27827699526278,2,0.670180295762827,1.77950974133127,0.686372049976863,0.17587364024757,0.664211341935922
1397,1.71707462608718,2,0.772686196931791,2.50270633679813,0.68480909829407,0.18586812474821,0.664211341935922
1398,1.30372097669797,2,0.687736871017832,1.79785224975464,0.679450661241099,0.20993574761294,0.664211341935922
1399,2.985976826924,2,1.50972314722532,4.16478425155671,1.14908899789769,0.656864891421063,0.664211341935922
1400,1.57473425685802,2,0.730219060836763,2.248419971429,0.731782265144864,0.233850125743209,0.664211341935922
1401,2.48943255373976,2,1.11019652819722,3.58338098439622,0.914801444043321,0.228053414257433,0.664211341935922
1402,2.56830705164369,2,0.995889899471733,3.81223911037218,0.815628815628816,0.244347097409661,0.664211341935922
1403,2.85017611604204,2,1.1158726008258,4.214431778051,0.835281227173119,0.289305753761784,0.664211341935922
1404,3.8702308268768,2,1.58815067907956,5.66104184032571,1.24466463414634,0.275044939577547,0.664211341935922
1405,2.99337802209855,2,1.11124407555004,4.46652589138368,0.808574652124859,0.354562314495662,0.664211341935922
1406,1.76950846007864,2,0.778968093145547,2.55050469526881,0.888781431334623,0.321767492261163,0.664211341935922
1407,0.370946817721707,2,0.0988645620637812,0.581705017994871,0.5,0.001953125,0.664211341935922
1408,3.65782793218218,2,1.57932145748122,5.3038019621383,0.966435881998796,0.620723669878023,0.664211341935922
1409,1.54942230335817,2,0.671733088742665,2.24685476074006,0.728715980460572,0.235751276178208,0.664211341935922
1410,2.66089261726408,2,1.01682646003533,3.9580825064731,0.926559911651022,0.374332006558372,0.664211341935922
1411,3.17267798089465,2,1.29301093785433,4.66905309425409,0.902452415812591,0.412675570392757,0.664211341935922
1412,3.84575014862639,2,1.61964644850743,5.63268041432607,1.11498708010336,0.538993533855826,0.664211341935922
1413,2.4606465521248,2,0.961615859273857,3.66190953021392,0.735059760956175,0.149545187979849,0.664211341935922
1414,0.988576044292937,2,0.53995587236501,1.36998464981079,0.7751175716118,0.391699315891802,0.664211341935922
1415,2.15998577708594,2,0.961021302447276,3.14817376650152,0.797602501737318,0.300946583133971,0.664211341935922
1416,2.06458793324942,2,0.9228824551562,3.01196527707974,0.785790031813362,0.375622309965142,0.664211341935922
1417,2.20392131966298,2,0.914900460906128,3.26821593537295,0.960750853242321,0.309492320058128,0.664211341935922
1418,2.35739333544588,2,0.994793715513109,3.48999053671674,0.791633935585232,0.244382941216587,0.664211341935922
1419,1.73228700975099,2,0.866147781860211,2.47560337104661,0.942446043165468,0.36975108487862,0.664211341935922
1420,3.12682061405853,2,1.45751454680317,4.54506291961839,0.925373134328358,0.489358075851183,0.664211341935922
1421,3.07387675213619,2,1.43671525308898,4.46869974020147,1.03146114864865,0.43325861735042,0.664211341935922
1422,1.02301097644684,2,0.594328018487873,1.40733855697842,0.759711431742508,0.317233050965365,0.664211341935922
1423,0.788880517570252,2,0.516997348855039,1.04372041152755,0.933564231738035,0.222701077642277,0.664211341935922
1424,1.81760794936001,2,0.887212947331933,2.61356245090559,0.816379955123411,0.46078482319354,0.664211341935922
1425,2.52349188703771,2,1.07735055699841,3.73136805791145,0.860801781737194,0.444992820020438,0.664211341935922
1426,2.67263542490732,2,1.15738941257716,3.93193636617836,0.798457087753134,0.475539984821062,0.664211341935922
1427,1.30965087754933,2,0.387145557109144,2.05468147095395,0.5,0.001953125,0.664211341935922
1428,3.13055740611837,2,1.27442592164197,4.64111865895578,0.840957446808511,0.384563859487088,0.664211341935922
1429,3.95983952674123,2,1.77142877337547,5.72816934717397,1.08981830647926,0.763036127106968,0.664211341935922
1430,2.37429756623828,2,0.95765449723479,3.50640293543937,0.819621554915673,0.341997428008885,0.664211341935922
1431,1.07238505728852,2,0.613905138711186,1.42448131321114,0.943959243085881,0.451519587166601,0.664211341935922
1432,1.58403478827614,2,0.676764290459293,2.28956978147946,0.788653366583541,0.288959095120681,0.664211341935922
1433,2.05095220901726,2,0.883592405411655,2.94302545004112,0.96583850931677,0.523869585100749,0.664211341935922
1434,2.21322429269063,2,0.867338624834782,3.24167063854759,0.764962795211906,0.350043407515279,0.664211341935922
1435,1.31318755691429,2,0.792762704010539,1.63407396517374,0.98320537428023,0.659105588693854,0.664211341935922
1436,3.80548559473454,2,1.47491703221759,5.54187258313772,0.969299598889232,0.615947118957196,0.664211341935922
1437,4.04302587228333,2,1.54875871926978,5.8857478674324,1.17851170568562,0.673663634191964,0.664211341935922
1438,3.29185417269541,2,1.23410081860359,4.80909625293352,0.969832402234637,0.585647064564505,0.664211341935922
1439,2.56352939290941,2,0.944364730103587,3.7577264376274,0.871140142517815,0.388591959074935,0.664211341935922
1440,3.34975639986774,2,1.27165646786012,4.85791277138999,0.907043879907621,0.60254373672737,0.664211341935922
1441,1.78657373979097,2,0.719381190833795,2.53427463472252,0.963503649635037,0.555679116544404,0.664211341935922
1442,1.71191045212594,2,0.690020261930993,2.42132646608419,0.794348508634223,0.439899116744569,0.664211341935922
1443,1.10220385280205,2,0.531080029880113,1.43110881900535,1.09060402684564,0.47888122405675,0.664211341935922
1444,2.32601662285338,2,0.9291510001383,3.27932903156156,0.938608230177317,0.534089973765639,0.664211341935922
1445,3.71089359708235,2,1.53845422764654,5.12294218872007,1.34006105834464,1.07423625674387,0.664211341935922
1446,0.848295104089894,2,0.386270955732026,1.10977039526679,0.817132442284326,0.39942671032642,0.664211341935922
1447,3.06309923450681,2,1.2404486054231,4.23056733642737,1.34839650145773,0.986505150738738,0.664211341935922
1448,3.70780885308434,2,1.34660699765075,5.35448538058614,0.907937297835282,0.678606310832937,0.664211341935922
1449,2.74250913934321,2,0.990178762175775,3.95597232395055,0.941588785046729,0.52224300381821,0.664211341935922
1450,2.92239006986935,2,1.05333735524248,4.20383393336644,0.979573712255773,0.660180220439856,0.664211341935922
1451,2.17142984389657,2,0.849064302882704,2.99323925975835,1.05307895731016,0.636162747278056,0.664211341935922
