"year","ModNegExp","samp.depth","Spline","AgeDepSpline","RCS","SFRCS","EPS"
975,0.665872778439969,1,0.734563452849539,1.03169089793038,0.918394828979262,0.645497576965812,NA
976,0.909245719122561,1,1.02918567635182,1.40913260212839,1.18986693961105,0.933667525334149,NA
977,0.861927202102279,1,1.00233878110582,1.33609180342324,1.09203671545522,0.826655107182265,NA
978,0.706540245037625,2,0.912577700513947,1.09154284574178,0.961282771153496,0.693942733788429,0.40562169653203
979,0.876368484162253,3,1.06440033984727,1.32238374660348,1.27758778505529,0.903547548778913,0.617409611393078
980,0.732721434800576,3,0.880759069797115,0.851272886217381,0.973066377052299,0.732887422276245,0.617409611393078
981,0.625015496089553,4,0.922511111621201,0.916329245027482,0.903334972328396,0.632506102089341,0.686792702032078
982,0.696803276022153,5,0.874846791805345,0.950085124627958,0.886459075394852,0.627788354774306,0.725206126835318
983,0.859724037904733,5,1.10692629252899,1.1944192168166,1.13962188816604,0.822527820533188,0.725206126835318
984,0.844256228343805,5,1.09857598081037,1.13860093564012,1.05214349691736,0.757211925894866,0.725206126835318
985,1.06015266908226,5,1.50149361423924,1.51934795517292,1.39007599144143,0.965826363183864,0.725206126835318
986,0.638842775456996,5,0.871127112293759,0.872814670810679,0.831562627419098,0.545810912990887,0.725206126835318
987,0.418056707023583,5,0.584105486416989,0.570947070558956,0.548313650217923,0.370901796504393,0.725206126835318
988,0.591807056840738,5,0.976199157418447,0.874972514647492,0.932142852100377,0.633052054624707,0.725206126835318
989,0.787040111600623,5,1.26000902809106,1.17438388108597,1.04076008676705,0.648400592908572,0.725206126835318
990,0.612624625678351,5,0.959888163241804,0.873539223296969,0.722761763878011,0.464820946226001,0.725206126835318
991,0.673758064728641,5,1.03551549779575,0.921500689072301,0.720266269937099,0.48633901241739,0.725206126835318
992,0.639035240758799,5,1.00353973342777,0.878323612832466,0.74289519647773,0.557198811225772,0.725206126835318
993,0.51255819561873,5,0.852582738888757,0.739709423294415,0.71499101936095,0.477133170452074,0.725206126835318
994,0.592391423049927,5,0.911950192945739,0.805797674617211,0.802375665941502,0.528823738725345,0.725206126835318
995,0.581095684765137,5,0.780847570990299,0.770159821059603,0.696986428425988,0.475387039513669,0.725206126835318
996,0.600328292376667,5,0.939453630893885,0.794396998511597,0.783396588179254,0.535601533545937,0.725206126835318
997,0.484655178311634,5,0.72228616994002,0.633426412557231,0.568548736608041,0.37896970795623,0.725206126835318
998,0.461533405168925,5,0.788443401904922,0.609964104919091,0.563415956851364,0.400325293456568,0.725206126835318
999,0.819979338037807,5,1.09666797676163,0.995701648209001,1.05931248351852,0.744682698071061,0.725206126835318
1000,0.539753433164151,5,0.810674659895322,0.713237897286781,0.782980675466669,0.549895599968758,0.725206126835318
1001,0.809320793108181,5,1.05139678756378,0.947606906692605,1.11882593657195,0.790362180407765,0.725206126835318
1002,1.00983036411695,5,1.27720586539743,1.16978612130728,1.31824000165277,0.938525681026797,0.725206126835318
1003,0.865992760069644,5,1.07162359551632,0.985596801979369,1.10713915520333,0.7694132656118,0.725206126835318
1004,0.859649602803391,5,1.12053813606826,0.971549532840736,1.14614730101171,0.803431762624652,0.725206126835318
1005,0.772425341198129,5,0.950003577533464,0.8882332057676,1.00821927851484,0.721180616445256,0.725206126835318
1006,1.0138979768798,5,1.28238729165441,1.20752509757044,1.38662735305617,0.978311511416521,0.725206126835318
1007,0.958239782667314,5,1.17044675881532,1.07078519392932,1.22484325691849,0.859139521424019,0.725206126835318
1008,1.19404031200994,5,1.44164120005347,1.30935354943979,1.53601772906163,1.07556324604886,0.725206126835318
1009,0.808014036769722,5,0.918808426587917,0.875043562621875,1.0708791535804,0.761702512111797,0.725206126835318
1010,0.679593321755712,5,0.861935408967683,0.773984510063384,0.800658546236485,0.592287390968123,0.725206126835318
1011,0.70070319332563,5,0.833674648435715,0.753144755174833,0.790515466613254,0.564126294527914,0.725206126835318
1012,0.612051807283319,5,0.695427806961845,0.663003763872813,0.666492188917253,0.510451618259818,0.725206126835318
1013,0.736864515929101,6,0.896054276726902,0.855492708326758,0.90682201051285,0.783869561733967,0.775927518192611
1014,0.649965643676982,6,0.74307632574757,0.734997971587175,0.975651370024432,0.710618977113531,0.775927518192611
1015,0.95388756335532,6,1.08514821179595,1.07205799498897,1.46740494335457,1.08140098567128,0.775927518192611
1016,1.16752206636358,6,1.31826814212296,1.29020099702826,1.56540848183793,1.21708083404054,0.775927518192611
1017,0.986871170875499,6,1.14330754000146,1.11692862211605,1.26563732719301,0.958307760427027,0.775927518192611
1018,1.05542198555983,6,1.22389061114492,1.22131852506099,1.68545259479467,1.23000627414208,0.775927518192611
1019,0.93726664836917,6,0.95532200248702,0.95383197758431,1.23025056004867,0.919917632613305,0.775927518192611
1020,0.824357727482262,6,0.829832184018813,0.836074686463982,1.03840880641746,0.782727064669244,0.775927518192611
1021,0.75188473179802,6,0.720380982129757,0.765273959926586,1.12591910298202,0.811752011676023,0.775927518192611
1022,0.627675720123028,6,0.625810819972809,0.650031350779498,0.90360159168746,0.658030942072781,0.775927518192611
1023,1.27301581917499,6,1.26515735187766,1.32780008740276,1.82926664522574,1.36028253636478,0.775927518192611
1024,0.916947282062801,6,0.962872217937893,0.989836941164298,1.42929307333895,1.01428725634954,0.775927518192611
1025,0.947596371189335,6,0.954011032325033,1.03714288834059,1.43759497353527,1.05332189131883,0.775927518192611
1026,1.17134388876701,6,1.15009647520979,1.2263636472311,1.57651151960281,1.23216686003101,0.775927518192611
1027,0.953868287288395,6,0.921498521141344,0.976429363457325,1.3192521974939,0.9968524703536,0.775927518192611
1028,1.11214274270372,6,1.1584485091824,1.22974399781727,1.79374373466181,1.31623634978018,0.775927518192611
1029,1.09917687659683,6,1.05874501525715,1.16227769250894,1.50087517070927,1.10775585236374,0.775927518192611
1030,1.03084516559805,6,0.96308732724702,0.994356380594484,1.35275949044981,1.03857074109355,0.775927518192611
1031,1.41107392256498,6,1.35162705337113,1.43966202962853,1.87700897240785,1.43949955632865,0.775927518192611
1032,1.09159644470328,6,0.975524258027334,1.06598120218443,1.44427419170376,1.04268166923811,0.775927518192611
1033,1.26971929190977,6,1.22726915909236,1.29978586740512,1.80850542108285,1.38603597341632,0.775927518192611
1034,0.915079791436171,6,0.944213133006241,0.984008487034654,1.47777992207666,1.015948254378,0.775927518192611
1035,0.770114088368798,6,0.681962996854216,0.740628779528711,0.988672117260456,0.708332003188767,0.775927518192611
1036,1.05660279269545,6,0.891367515678512,0.986859222009898,1.36761273612561,0.994245734850611,0.775927518192611
1037,0.905163795954237,7,0.821592350573569,0.848524134319592,1.21142199491282,0.782532813123007,0.818008869745558
1038,1.20167428592973,7,1.10042897613803,1.1304708419833,1.51790957762914,1.04750057131582,0.818008869745558
1039,0.692449473228471,7,0.645244100784385,0.687421872709373,0.9115063293917,0.652425678433521,0.818008869745558
1040,0.918066137876634,7,0.919981232037422,0.931357824839934,1.30881538969109,0.935965887638578,0.818008869745558
1041,0.837548023527219,7,0.970148047337222,0.78310430100693,1.50446103995777,0.969118761466869,0.818008869745558
1042,1.25083288986468,7,1.18296430547325,1.21785276815031,1.65227694481783,1.16979597529545,0.818008869745558
1043,1.26341055118695,7,1.2411903665331,1.23920843303646,1.68763871876229,1.21185712619797,0.818008869745558
1044,0.808339369800581,7,0.759649948360437,0.786587960311891,1.02510362476466,0.81220975171778,0.818008869745558
1045,1.32282620661385,7,1.21944361920862,1.22895998822397,1.78594588353639,1.23766225998587,0.818008869745558
1046,1.22855779812386,7,1.16827796954536,1.17397548486453,1.6800815682593,1.21475116876541,0.818008869745558
1047,1.25355875441835,7,1.19951518598612,1.17826434719213,1.74981204799187,1.30589581132014,0.818008869745558
1048,0.897170362366688,7,0.882716232580799,0.855318369349315,1.27076927773517,0.915523001255214,0.818008869745558
1049,1.15651946352143,7,1.14134011916653,1.10104342739853,1.6317306421841,1.20354051540425,0.818008869745558
1050,0.691184304675697,7,0.713705212998167,0.666442854203331,1.0402444358848,0.776845860221969,0.818008869745558
1051,1.06808762051647,7,1.08926574337941,0.969522495699403,1.5075778417478,1.13406711867881,0.818008869745558
1052,0.865529966579545,7,0.877033312787986,0.854242521485639,1.21094414461545,0.919011596914067,0.818008869745558
1053,0.655988440328541,7,0.61388990668949,0.609057314481075,0.925173041955917,0.672396180614842,0.818008869745558
1054,1.21930713090259,7,1.22307666597908,1.1281425544576,1.7875190891519,1.37025590812387,0.818008869745558
1055,0.842422330816555,7,0.821169793239689,0.79664997943688,1.23109307462599,0.907931804166369,0.818008869745558
1056,1.0027364116961,7,0.934272995435689,0.922461517908201,1.44289335982643,1.03140920127478,0.818008869745558
1057,1.34739652896211,7,1.2146650999848,1.19263302239334,1.78145560993831,1.33302710421511,0.818008869745558
1058,0.922461607769464,7,0.881324695764993,0.85540171450865,1.20801139132068,0.885819025678452,0.818008869745558
1059,0.694064192408282,7,0.630853236537018,0.633646071962425,0.933206688893612,0.670056567164754,0.818008869745558
1060,1.32584652306193,7,1.21299618394117,1.2087015015153,1.75952047416163,1.24052345868611,0.818008869745558
1061,1.10003168381202,7,1.00079787157198,0.989003085720138,1.37979826975422,0.999736233245252,0.818008869745558
1062,1.03279817461151,7,0.935107142135097,0.940949290557519,1.39509029246235,0.989462857982331,0.818008869745558
1063,1.51728406773268,7,1.38363960999862,1.39162694593349,2.02439549467852,1.39681026792728,0.818008869745558
1064,1.40181823280478,7,1.2772211929132,1.28855996205407,1.86647143341049,1.26515300829521,0.818008869745558
1065,1.1779423550699,7,1.10384418755974,1.08033269932953,1.41643159517107,1.04690690586986,0.818008869745558
1066,1.20036973714556,7,1.11304291262039,1.09760942261233,1.67771214914183,1.15341903925292,0.818008869745558
1067,1.30985341419805,7,1.22241047557633,1.18525249692429,1.7950680250548,1.17622669779528,0.818008869745558
1068,1.09594192264285,7,1.04018058363801,1.00296163843725,1.38012949421885,1.02998066856756,0.818008869745558
1069,0.810363164744464,7,0.767961435926331,0.728463014526888,1.10109151580731,0.678306458597169,0.818008869745558
1070,0.69770815979401,7,0.659867690326163,0.624647529141254,0.901612004223879,0.603817729662085,0.818008869745558
1071,1.14278334272504,7,1.12439915021695,1.02070608609698,1.43512483380211,1.06830412577429,0.818008869745558
1072,0.847966039326595,7,0.84242453530796,0.772786991609847,1.1340081547139,0.755467426999876,0.818008869745558
1073,0.812941410248307,7,0.793734609937138,0.723419791157356,1.07977182683884,0.810261820334858,0.818008869745558
1074,1.02824803761581,7,1.02324943030773,0.922434867735293,1.22261399243444,0.87083326460861,0.818008869745558
1075,0.866223867642815,7,0.81210299579317,0.729444337924879,1.20903469066784,0.81499657882836,0.818008869745558
1076,1.0560265593708,7,1.07061641184718,0.976583971824776,1.52599059887426,1.09454436267864,0.818008869745558
1077,1.14318916186094,7,1.09242176902856,1.0203801622085,1.5679698144613,1.14674878475774,0.818008869745558
1078,1.19085523581762,7,1.15877090899788,1.06634134255717,1.66678649315496,1.19006072669666,0.818008869745558
1079,1.30539982596968,7,1.23754866345092,1.16807568808409,1.7789535363997,1.30767216086548,0.818008869745558
1080,0.770451193756813,7,0.766081017286354,0.715398066961583,1.05749548753771,0.772476159868936,0.818008869745558
1081,0.701653766344278,7,0.670640898494972,0.610935431222333,0.892640569979119,0.634699187504427,0.818008869745558
1082,0.993188745013016,7,0.946706342832132,0.894046563703734,1.14162410473569,0.891998727489228,0.818008869745558
1083,1.40601678535682,7,1.28586696705352,1.25047544821706,1.84658746733717,1.42224036836339,0.818008869745558
1084,0.944955842081722,7,0.861035846391905,0.853537173882933,1.0578730603703,0.756828216527643,0.818008869745558
1085,0.902438206711551,7,0.813283129323792,0.798224700888185,0.992156002216091,0.711554040468799,0.818008869745558
1086,1.23214101850967,7,1.081056963899,1.10243024324074,1.32623356779803,0.977752979404555,0.818008869745558
1087,1.33743418406589,7,1.1883812398516,1.24563262940966,1.66615717631266,1.26521337550116,0.818008869745558
1088,0.953618514166628,7,0.825832854378866,0.852428048071063,1.23962379232585,0.799632276277275,0.818008869745558
1089,0.90988681975563,7,0.780032681685522,0.810189417774893,0.988804023097395,0.706783209510695,0.818008869745558
1090,1.38888466419544,7,1.20006404007206,1.24650381870469,1.98946850565386,1.35706313816267,0.818008869745558
1091,1.63080089002393,7,1.3583600418542,1.50556296764415,2.04826685292603,1.39044137777746,0.818008869745558
1092,1.69185770347495,7,1.38365576758958,1.50135618295572,1.97231652967811,1.41821417732306,0.818008869745558
1093,1.14229982246316,7,0.950753514941651,1.01488068600373,1.47185577219191,1.02811371663042,0.818008869745558
1094,1.22468502333121,7,1.02892345426198,1.11296868752258,1.39758720555137,0.960339162447638,0.818008869745558
1095,1.15172250219386,7,0.932808328885437,1.03285744125807,1.31041977010604,0.919624239079451,0.818008869745558
1096,1.54075120720487,7,1.24519003826314,1.38652663409988,1.59998158113639,1.0408357106817,0.818008869745558
1097,0.88077324660063,7,0.780317592634916,0.858640399354867,0.972841462543844,0.694273435700919,0.818008869745558
1098,0.739355927003428,7,0.614704162504449,0.664838792167633,0.809849840050827,0.559569711216036,0.818008869745558
1099,1.13185819131544,7,0.982494820770312,1.04215548130933,1.21280893059397,0.87572960846723,0.818008869745558
1100,1.17148277861322,7,1.01088531414556,1.06583190146329,1.2468921811726,0.938178092280246,0.818008869745558
1101,0.933516965923419,7,0.798131600035985,0.84436038757206,0.934192777327861,0.675867203980715,0.818008869745558
1102,0.894834181047599,7,0.749975098435168,0.834291774627615,1.09075362507995,0.77108631141164,0.818008869745558
1103,1.4614311161581,7,1.2181909182585,1.28657148226243,1.68056369665149,1.20157697641369,0.818008869745558
1104,1.16582668309077,7,0.920360486929501,1.0549012104745,1.29364249384266,0.935261280390973,0.818008869745558
1105,1.47314654029587,7,1.16520135227115,1.32884581846299,1.82036802553206,1.38179987607503,0.818008869745558
1106,1.7597279917733,7,1.46657162654383,1.61014330528003,2.14204193572062,1.61104371544839,0.818008869745558
1107,1.10725471455407,7,0.86335345280703,0.980102412514118,1.41013523740099,1.07776255013806,0.818008869745558
1108,1.10916952405605,7,0.920201016664786,1.04457987122507,1.14492427908684,0.847495765154851,0.818008869745558
1109,1.02448297945661,7,0.876392361748266,0.96626213789863,1.14672253858669,0.830201532785643,0.818008869745558
1110,0.892688184850163,7,0.805365126097822,0.843323834814634,1.06185970658372,0.785403200494133,0.818008869745558
1111,1.07799169844382,7,0.917852856407542,1.03295949356454,1.23692360066713,0.884192170583759,0.818008869745558
1112,0.821155300824344,7,0.714160586460301,0.783669297025886,0.994694702735227,0.690640030943425,0.818008869745558
1113,1.33697575070135,7,1.0786989657787,1.22492266503028,1.53260407119958,1.09472575047396,0.818008869745558
1114,1.76716998532397,7,1.42655967261798,1.6135059318375,1.91755034982511,1.38771458848421,0.818008869745558
1115,0.807767083991007,7,0.736045526443846,0.774141252812287,0.972660860674734,0.672134967225472,0.818008869745558
1116,1.62320232966057,7,1.37715998811858,1.5207385211209,2.05417269115171,1.3984893405021,0.818008869745558
1117,1.49588518407379,7,1.17884357918859,1.3601147338514,1.64968309411428,1.16019216728206,0.818008869745558
1118,1.10576664699281,7,0.89779718789618,1.03068619338585,1.17763306775099,0.817394735282787,0.818008869745558
1119,1.21929735450627,7,1.05077126555017,1.16280856190277,1.37131336851179,0.976439050154864,0.818008869745558
1120,1.12684857242832,7,0.96978385832122,1.08627351430885,1.21645216483774,0.910046112234048,0.818008869745558
1121,1.65239554278459,7,1.37712997660541,1.51401918221655,1.61663549509414,1.23858553008274,0.818008869745558
1122,1.33213854269295,7,1.29474928941614,1.27265676918611,1.65140551046876,1.1179120018838,0.818008869745558
1123,0.758156147293458,7,0.711400199207971,0.737237247327578,0.903025203498822,0.621850808237367,0.818008869745558
1124,0.947957348651558,7,0.810855564798948,0.863334394231635,0.982586706118309,0.69698076167709,0.818008869745558
1125,1.15280100037496,7,1.09011451233171,1.04196371172262,1.24533227018721,0.885981759267223,0.818008869745558
1126,0.193633707025342,7,0.180438663997406,0.173500442483035,0.275634583938524,0.190162056283776,0.818008869745558
1127,0.739056056426554,7,0.688897015784476,0.681066495638647,0.821493610530585,0.617386081439982,0.818008869745558
1128,1.02943518072239,7,0.945070265831727,0.925406283177012,1.39793117179764,1.00557335141294,0.818008869745558
1129,1.10079077506062,7,0.984318692733883,1.01287755900709,1.59029874447936,1.15001279513716,0.818008869745558
1130,1.63037023803947,7,1.54243268043178,1.50349209394458,2.13095701425454,1.56911128074121,0.818008869745558
1131,1.27188159091285,7,1.22986472670712,1.01252020772078,1.60662883680743,1.16789034882686,0.818008869745558
1132,0.944805658626188,7,0.923503215733229,0.869583400368828,1.04932010643161,0.783463185373778,0.818008869745558
1133,0.940952556992378,7,0.89806618030991,0.854268060727108,1.12616697887861,0.812027173260868,0.818008869745558
1134,0.94648700017541,7,0.85751423819706,0.915051475718836,1.12922972272125,0.837953849671388,0.818008869745558
1135,0.897204667077387,7,0.843272478606447,0.833738240346795,1.15671996417186,0.857878274817662,0.818008869745558
1136,1.18503200896498,7,1.10628079899086,1.11796652768247,1.64859467084064,1.18879589556967,0.818008869745558
1137,1.06715702735322,7,1.01021546018773,1.00381345117388,1.10228917202014,0.810269640786285,0.818008869745558
1138,1.03833196050359,7,0.954253395854677,0.96108027512954,1.11559680853253,0.802981149391281,0.818008869745558
1139,1.26843523046557,7,1.25652203102003,1.19971067927845,1.38521286106917,1.05325442556299,0.818008869745558
1140,1.02297181204252,7,0.971132433259611,0.96829728666288,1.12271939083795,0.77639297117753,0.818008869745558
1141,0.789163795090545,7,0.791428303409733,0.793739133390496,0.97155750443271,0.641614153189402,0.818008869745558
1142,1.45624139959172,7,1.35695074344618,1.37429439729708,1.69159674362946,1.15463421142289,0.818008869745558
1143,0.969343740732046,7,0.965629293297217,0.930005394747075,1.31029108544631,0.892803374288149,0.818008869745558
1144,0.877966655773339,7,0.833633442715605,0.845328089831027,1.03142067099167,0.770326898338656,0.818008869745558
1145,0.923768876622043,7,0.871873696038914,0.889685168039118,1.22480790874265,0.852427811690711,0.818008869745558
1146,1.10109174142613,7,1.11965286404414,1.04629586198578,1.45959649509196,0.987730737706705,0.818008869745558
1147,0.97439913312777,7,0.93710241128239,0.949890553697927,1.32365500849929,0.952566302010065,0.818008869745558
1148,1.03811949770469,7,0.993610728887945,1.00554383447167,1.20131324153256,0.881556532290394,0.818008869745558
1149,1.26779041209453,7,1.20044926678546,1.23672710758403,1.42980054819711,1.03589019311869,0.818008869745558
1150,0.799991576691485,7,0.781320625753277,0.774131017014558,0.863539260590529,0.61053681299377,0.818008869745558
1151,0.986773027888228,7,0.974345531442433,0.979613810605418,1.24661038167937,0.896898010011932,0.818008869745558
1152,0.886914813808285,7,0.902972244481848,0.907289427400978,1.1261075140216,0.820633621656239,0.818008869745558
1153,0.991862263420834,7,0.974834342691802,0.987581472516649,1.14237717614772,0.825568002025956,0.818008869745558
1154,1.4165258966487,7,1.3729985294044,1.37755140903904,1.64198371436731,1.10284095238662,0.818008869745558
1155,1.1366725845088,7,1.15434828589796,1.12192289719483,1.5439961621583,1.08203660410096,0.818008869745558
1156,0.969301254198278,7,0.976647337181046,0.973924236517096,1.24123220566127,0.888028383062375,0.818008869745558
1157,0.820382817415314,7,0.828132250854801,0.794985244205798,1.0094312500706,0.68636651676509,0.818008869745558
1158,0.725842693658831,7,0.678830510860811,0.700727298914763,1.00107047244226,0.696221200045034,0.818008869745558
1159,0.659586413212959,7,0.65623354972414,0.674339654751951,0.933069179672944,0.653027999670189,0.818008869745558
1160,1.06031001615988,7,1.03625707179733,1.03366423723848,1.26282408354458,0.869516114731427,0.818008869745558
1161,0.839606336377819,7,0.919856863530834,0.835031140953075,1.14361913465649,0.796848373141871,0.818008869745558
1162,1.01708968675457,6,0.867147597349,0.944199251632293,1.23182605616045,0.881120375794624,0.799542110802489
1163,1.20339952991461,6,1.0055154606068,1.16030408225522,1.57645820526587,1.06466702709859,0.799542110802489
1164,0.930667238934547,6,0.877363490288583,0.912578652501554,1.26708580688062,0.884564040592667,0.799542110802489
1165,1.72205251870572,6,1.47651053307821,1.68603112099188,2.06857664990862,1.41963942384224,0.799542110802489
1166,1.4696077015993,6,1.38540752547476,1.48533428383194,2.1263928993744,1.31644999155241,0.799542110802489
1167,1.42280483938273,6,1.26902275541903,1.36971887276849,2.0200902370107,1.32004588643022,0.799542110802489
1168,1.09763040802096,6,1.03042878569783,1.06040999293794,1.61504055722079,1.13348380999722,0.799542110802489
1169,1.26910724840136,6,1.36112700659305,1.30291852008672,1.97644467921844,1.35244696090803,0.799542110802489
1170,0.932253114994309,7,1.07334635355979,0.944711662963835,1.45547257502611,0.915875171119831,0.838909256198975
1171,0.98381518136666,7,1.15817322088933,1.02987120500685,1.41703207285906,0.999626382362459,0.838909256198975
1172,0.589200735992098,7,0.743070504419051,0.604380157805969,0.689169104674253,0.454285427351825,0.838909256198975
1173,0.896206219799529,7,1.08581000439595,0.904062445450178,1.09895275373403,0.695282247060042,0.838909256198975
1174,0.544485482362974,7,0.644939956683811,0.542689219985505,0.768354102741026,0.534171813675286,0.838909256198975
1175,0.780365489298428,7,0.921467328639314,0.759860646181943,1.07063145439225,0.715933195365989,0.838909256198975
1176,0.369317476529375,7,0.46173273442634,0.351716278104828,0.589202059946059,0.381307588846571,0.838909256198975
1177,0.621300846107937,7,0.738202610881246,0.611817819617314,0.930215388656855,0.637186984595941,0.838909256198975
1178,0.822889115520083,7,1.08328129087314,0.832193127388803,1.15074698043993,0.77062300682067,0.838909256198975
1179,0.738240449533667,7,0.904467733341292,0.741224124902583,1.06601032670577,0.712083831654786,0.838909256198975
1180,0.439469986868171,7,0.532546810499406,0.435512890101053,0.667007285719081,0.457478806722687,0.838909256198975
1181,0.984346393558806,7,1.11696924295693,0.962367444913316,1.32858360233775,0.873739177757262,0.838909256198975
1182,1.072800893417,7,1.27595312054435,1.06200280978861,1.36303551395945,0.908267560927763,0.838909256198975
1183,0.659435849773334,7,0.726773977026138,0.654907179625225,0.869235113925092,0.595059286488564,0.838909256198975
1184,0.931781720918854,7,1.01350169095876,0.918729193770843,1.10653713528631,0.750199786568186,0.838909256198975
1185,1.35544606214917,7,1.49491885883775,1.34681612455845,1.64258735810195,1.12742593580045,0.838909256198975
1186,1.30382215276902,7,1.37516544396105,1.28202976648196,1.44843865405807,1.06668284634507,0.838909256198975
1187,0.927060071633605,7,0.97627266501652,0.977491241071672,1.04606633720117,0.798482943288383,0.838909256198975
1188,1.01981748466812,7,1.03489708668318,1.01088009327511,1.12130039532617,0.79076536742848,0.838909256198975
1189,0.661235676323329,7,0.668437849369997,0.70175822550837,0.873164987314403,0.607344752484852,0.838909256198975
1190,0.890953135149166,7,0.808724966686691,0.855600151547032,1.1390762860852,0.802507535188868,0.838909256198975
1191,0.949346773842184,7,0.946101263042151,0.958749820341836,1.24789457447848,0.883398408645311,0.838909256198975
1192,0.961957794371261,7,0.916720728874434,0.956118325700208,1.27950900931848,0.918681014675096,0.838909256198975
1193,0.995244656762385,7,0.93790773494387,0.998407838336833,1.10782840173806,0.834045448708857,0.838909256198975
1194,0.919814095847383,7,0.943639582503596,0.981311605087437,1.33037602013941,0.935137311398415,0.838909256198975
1195,1.61681066923054,7,1.38967355327761,1.60139242608136,1.78973937761804,1.35040989998674,0.838909256198975
1196,1.20957773176975,7,1.09111660320988,1.22280481824937,1.45041450844351,1.04226545167725,0.838909256198975
1197,1.04977318947611,7,0.893720780866884,1.0200317570635,1.31259732170575,0.860568607429254,0.838909256198975
1198,0.937550775207528,7,0.875834363052523,0.946389899724162,1.14623231318712,0.80643292753057,0.838909256198975
1199,1.1089328140968,7,0.983871500054869,1.11486816560885,1.3220535685122,0.939284853203023,0.838909256198975
1200,1.63416311329285,7,1.56512918017661,1.6411580813373,1.79909245352369,1.30687405102885,0.838909256198975
1201,1.13533374000394,7,1.02963448940088,1.13083346523715,1.34840699689811,0.941367023699641,0.838909256198975
1202,1.24084702285239,7,1.14727716941764,1.22717568160238,1.51016222511083,1.09520886021473,0.838909256198975
1203,1.02273190042496,7,0.944855352413664,1.018514079928,1.24108247693842,0.877780950940642,0.838909256198975
1204,0.988395583179237,7,0.992846624915654,0.984804132048529,1.31749423108599,0.900622055773627,0.838909256198975
1205,0.88193154402012,7,0.872329226848259,0.885396315110278,0.916750858981643,0.735321617436748,0.838909256198975
1206,0.871550802690062,7,0.854613639124283,0.875836148673118,0.89392388414883,0.673844036680241,0.838909256198975
1207,1.18695680717559,7,1.21797947188127,1.19425401374672,1.36298262672471,0.981439385353185,0.838909256198975
1208,0.532249223432923,7,0.581706717139169,0.535980788514082,0.602234507965684,0.419193011258401,0.838909256198975
1209,1.12587148936512,7,1.28956985495073,1.24250193845126,1.47733468602891,0.976574144536759,0.838909256198975
1210,0.439505293057442,8,0.592337566490751,0.551159707301217,0.645990619116508,0.438746851620139,0.861231578582978
1211,0.614174022412929,8,0.668332262123253,0.68721799194682,0.697664969129435,0.481956215796593,0.861231578582978
1212,1.20766354356343,8,1.38882534878189,1.34409022188458,1.30505943761453,0.959572715133275,0.861231578582978
1213,0.646497166341832,8,0.72976154918192,0.705727748446415,0.774085243468611,0.529289540569955,0.861231578582978
1214,1.22985530440901,8,1.38641568626756,1.27628579270632,1.32639459866164,0.931372788134687,0.861231578582978
1215,0.994343989383314,8,1.16205464464758,1.09851858450612,1.11792756046423,0.795710858436694,0.861231578582978
1216,0.778095804564186,9,0.907438540716357,0.793241476558281,1.10430692609784,0.749468299184493,0.872135346376493
1217,0.81869474418206,9,0.893643103428149,0.828161059185993,1.09522248767848,0.776820043498171,0.872135346376493
1218,0.705153450198332,9,0.799549536156083,0.717814622520202,0.820915610828672,0.580164990772747,0.872135346376493
1219,0.941492075790274,9,1.01038904100866,0.962920144289916,1.10230287106161,0.757549859374008,0.872135346376493
1220,0.944810430795584,9,1.05442027861128,0.96689901509151,1.16757909764776,0.802473671276692,0.872135346376493
1221,1.20853231511891,9,1.32014099404133,1.23108030926334,1.38604817904266,1.02645935095156,0.872135346376493
1222,0.616315437303844,9,0.705540400756628,0.640948123228722,0.849044278880858,0.588898099946148,0.872135346376493
1223,0.709483359805651,9,0.811379861798009,0.728877318786264,0.89579769530031,0.605732568454364,0.872135346376493
1224,0.925176448104496,9,1.01837175163533,0.945316515907226,1.17231642721705,0.826677774881278,0.872135346376493
1225,1.08129867544061,9,1.22966405277746,1.14085959607808,1.29640518422938,0.904842016546198,0.872135346376493
1226,1.15827277942662,9,1.26088406211355,1.17461773015222,1.4190427473532,0.970237447792784,0.872135346376493
1227,0.797360502504322,9,0.894204632850871,0.8201858315283,0.978927363171679,0.660898321146687,0.872135346376493
1228,0.906341067417303,9,1.02929547583054,0.936263455779978,1.13930722197836,0.81226350236812,0.872135346376493
1229,1.04091543788183,9,1.19285908698052,1.0629123759682,1.34800972363252,0.912311972621546,0.872135346376493
1230,1.11577214664683,9,1.33931505146787,1.17004858810278,1.29006395056878,0.877792111191393,0.872135346376493
1231,0.540777598126885,9,0.649349390614652,0.554708314528608,0.57631862514203,0.405814938925973,0.872135346376493
1232,0.513547206012327,9,0.680933933217993,0.547850858373639,0.572764381572814,0.414258740679133,0.872135346376493
1233,1.02350746406938,9,1.2066126416048,1.05084159504425,1.26656820692381,0.910535913679451,0.872135346376493
1234,0.940291038556293,9,1.12123142989681,0.977566086853675,1.1750308779552,0.819961937568066,0.872135346376493
1235,0.941471810896341,10,1.12434307027613,0.955313243888927,1.25028623124452,0.873768476778922,0.873837615195277
1236,0.82565020060277,10,0.952650063228653,0.854246426602823,1.1316666170489,0.815747415009919,0.873837615195277
1237,0.438630888279301,10,0.538608233760497,0.444849108019064,0.625988102345963,0.433648393400285,0.873837615195277
1238,0.744874238662977,10,0.893945307103435,0.772504799846754,1.02655139757002,0.721363570881027,0.873837615195277
1239,0.751779749340485,10,0.875705502786281,0.80230916501774,0.994283597333032,0.704803172744271,0.873837615195277
1240,0.908694322932732,10,1.05437159698141,0.929877802738871,1.14492161606648,0.815309433187028,0.873837615195277
1241,1.0796242467453,10,1.24025718013348,1.10757785817239,1.42411457326901,0.988332474500731,0.873837615195277
1242,0.737996050132882,11,0.869794620665525,0.801075998880808,0.968461471764036,0.668142486634339,0.875823641507571
1243,0.680314280743332,11,0.783626658401713,0.691143838436959,0.86767179873528,0.589027301281953,0.875823641507571
1244,0.786945695951532,11,0.895274639926593,0.814556642298776,1.08282337370729,0.746228956019922,0.875823641507571
1245,0.974234573797396,11,1.08876615472164,1.00591591603865,1.1379190037383,0.791053588456494,0.875823641507571
1246,1.22160337829179,11,1.345098514396,1.27671251274934,1.39329229099155,0.945291412568539,0.875823641507571
1247,0.885223471473273,11,0.99611243734811,0.963455484081557,1.07110246471314,0.710626021603177,0.875823641507571
1248,0.660871100972415,11,0.725920977360898,0.713973146860554,0.771250488039241,0.533668902388689,0.875823641507571
1249,1.09563289524155,11,1.20971405900432,1.13722736995399,1.31549823524662,0.917856171779728,0.875823641507571
1250,0.735231504878347,11,0.769332373093356,0.754088350659898,0.800428364350041,0.554643896814538,0.875823641507571
1251,0.981822341868818,11,1.03225511456088,1.03854662307704,1.16214192882434,0.796284327619734,0.875823641507571
1252,1.18351942539194,11,1.2865594702606,1.31413533063365,1.4051615037138,0.982902910004605,0.875823641507571
1253,1.24137459825786,11,1.31858525571256,1.33253237267841,1.45204362307203,0.971526873585792,0.875823641507571
1254,0.650839694129088,11,0.675358462622649,0.679645755778608,0.734939025055041,0.50626081707307,0.875823641507571
1255,1.05601822684061,11,1.12202205482761,1.13819500203361,1.24006700782349,0.881274259253163,0.875823641507571
1256,1.0297548333273,12,1.10840046280639,1.1338125329303,1.24434823890526,0.880561705739594,0.891953713813871
1257,0.67830209709851,12,0.719526326349202,0.728304726492839,0.862690248070592,0.606516968541901,0.891953713813871
1258,0.777482388202698,12,0.834618639903099,0.846295944007775,0.979389089115887,0.688555239891439,0.891953713813871
1259,1.33316193154844,12,1.47117575730584,1.49571701578944,1.52574487849312,1.0914526336195,0.891953713813871
1260,0.971365485419262,12,1.06668936621935,1.0479846443438,1.10593684448811,0.784808907890496,0.891953713813871
1261,0.914841564595715,11,1.01684742260504,0.991918282242264,1.05224709603401,0.718197656727497,0.878460470073096
1262,0.872756951241931,11,0.978734653378559,0.929001775013484,1.0315889518259,0.727107421932408,0.878460470073096
1263,0.599382999556226,11,0.655302606295608,0.630601470504455,0.747473192309852,0.521081639048803,0.878460470073096
1264,0.515456617235764,11,0.543928297122858,0.542223644819125,0.592982673069575,0.380768197580923,0.878460470073096
1265,0.722250038405033,11,0.766493139709252,0.757395780299974,0.493590242821791,0.358944368600395,0.878460470073096
1266,1.01971515589379,11,1.11303676999785,1.0910926072865,0.606778934506253,0.473433372616567,0.878460470073096
1267,1.02316242631553,12,1.08308938691467,1.13944965688122,1.19305478028161,0.800746347423064,0.890728097248614
1268,1.07344289223157,12,1.10922593786878,1.17113981625224,1.16099619505518,0.824715536227422,0.890728097248614
1269,1.00257158649583,12,1.05801109340231,1.07071184200664,1.1894518995742,0.804238072129351,0.890728097248614
1270,1.28870661889762,13,1.30535082147123,1.34043809358114,1.50489739096554,1.03336472901443,0.897603537980196
1271,0.976773235589396,13,0.992721516380666,1.01678928923803,1.0580043085086,0.743413234056413,0.897603537980196
1272,0.954940791879816,13,0.958947717007862,0.97845641072544,0.983373373930721,0.695035683878801,0.897603537980196
1273,0.870134100978681,13,0.895099896903394,0.924606966300367,0.937209444135253,0.633397500082188,0.897603537980196
1274,1.04066445826757,13,1.03904370568538,1.09021614085423,1.16870787857076,0.832676562674131,0.897603537980196
1275,0.67382085003274,13,0.692342061378837,0.695245916554306,0.832528747910272,0.549919887726275,0.897603537980196
1276,0.466838727608867,13,0.470964774456969,0.482151979078177,0.525219594595472,0.384124194875876,0.897603537980196
1277,1.31746335370372,13,1.3239920069986,1.36745532753408,1.53421971327981,1.08610823041684,0.897603537980196
1278,0.783688579188321,13,0.747120212669489,0.814081983101624,0.973744789975061,0.670099810317597,0.897603537980196
1279,1.06694342684778,13,1.0338926374191,1.11734688930705,1.22660276482737,0.878346553285546,0.897603537980196
1280,1.28678675598895,13,1.21042645026759,1.30687920276272,1.37863222852497,1.00893287751131,0.897603537980196
1281,1.17131725694717,13,1.09625254115334,1.18840829854573,1.32967032288096,0.957558742694107,0.897603537980196
1282,1.09274072781888,13,0.99790405501218,1.08967907982247,1.24818675014583,0.849904704089873,0.897603537980196
1283,1.4403023848312,13,1.34025039957029,1.46682107742082,1.6276809830629,1.13997912188247,0.897603537980196
1284,1.27015174640607,13,1.17470805419243,1.29785285030864,1.44836083402589,1.04926392490818,0.897603537980196
1285,0.605107392516399,14,0.56293262266908,0.615435327326024,0.704974511262555,0.495612486815626,0.906279623269099
1286,1.14795380123638,14,1.08001634550154,1.17645419351659,1.32206888902503,0.946290369557577,0.906279623269099
1287,1.26002640461855,14,1.22466622536771,1.30694166636414,1.54535266515148,1.15207452380812,0.906279623269099
1288,0.881655330026152,14,0.845955434956185,0.908319363465312,1.08864546830881,0.750189309133527,0.906279623269099
1289,1.21557844409534,14,1.17662050246384,1.24656372296561,1.49526373646737,1.04723938311945,0.906279623269099
1290,1.01841081726412,14,1.01181355404295,1.04564347306889,1.27810261304208,0.907733694943834,0.906279623269099
1291,1.28283585805255,14,1.2775222084855,1.30531511917302,1.53684780733533,1.07910501044315,0.906279623269099
1292,0.650152794253681,14,0.621102382310968,0.642906977422036,0.721569735630573,0.507593855813134,0.906279623269099
1293,1.19110624953965,14,1.21415027603109,1.21074653581652,1.43238267741906,1.01382070855393,0.906279623269099
1294,1.36986707813534,14,1.39394797136571,1.37780002602719,1.58476832944266,1.06865374488339,0.906279623269099
1295,1.21329596766976,14,1.21944281049084,1.19581431804274,1.26747096854235,0.894156177680371,0.906279623269099
1296,0.578370713218495,14,0.56023357216664,0.560363021713912,0.541773881541461,0.369381285123595,0.906279623269099
1297,0.513083801955969,14,0.495510203742605,0.501102427933126,0.489463866619268,0.339326752969977,0.906279623269099
1298,0.693614625230335,14,0.689456895626254,0.683258230545407,0.68157143616675,0.498114634026542,0.906279623269099
1299,0.614890359139324,14,0.65823657399699,0.618647362937851,0.695473158078438,0.501240874954355,0.906279623269099
1300,0.73738459563594,14,0.76008926078894,0.728910563332263,0.758454494165662,0.553273410326197,0.906279623269099
1301,0.758866328481331,14,0.784795129574933,0.740160681383975,0.695667580586774,0.495935221388123,0.906279623269099
1302,0.899431227238895,14,0.928456190954353,0.890963628163618,0.887014184979954,0.602961319442529,0.906279623269099
1303,0.802791685078638,14,0.830702083827154,0.799724332264783,0.851354690577403,0.606187888667181,0.906279623269099
1304,0.982324395510857,14,0.982581361000821,0.980354818025276,1.09230847951754,0.767277715900664,0.906279623269099
1305,1.53549784413937,14,1.57621341173678,1.52643072158844,1.50981316155356,1.05268553872846,0.906279623269099
1306,1.1213841448397,14,1.0945164737037,1.12972611773903,1.18358092889045,0.8727889603696,0.906279623269099
1307,1.18012898299059,14,1.13610289107476,1.17871369088154,1.32967011803057,0.960722937489299,0.906279623269099
1308,1.39394308378303,14,1.35239104753468,1.38892608388604,1.49551912687225,1.09351769268129,0.906279623269099
1309,0.859517061657171,14,0.874808610524721,0.882509548661978,0.960503164990514,0.679582747549904,0.906279623269099
1310,1.02040021232188,14,1.01953973638522,1.02897486910212,1.11090991368803,0.795332070882792,0.906279623269099
1311,1.14628266834623,15,1.14397161483218,1.15777930428365,1.21000894720259,0.888549448771238,0.909224833762746
1312,1.02993527650463,15,1.08215825401166,1.08075996599186,1.0409806985126,0.766574339352838,0.909224833762746
1313,0.838699489626779,15,0.834998676131159,0.828879949560278,0.93686131404339,0.678810761884732,0.909224833762746
1314,1.44153158759295,15,1.48216973284257,1.44202360743523,1.53834523941212,1.11073849271351,0.909224833762746
1315,0.656239812281557,15,0.764735085966106,0.699882775747835,0.742652004073292,0.532132439661468,0.909224833762746
1316,0.803819805171618,15,0.879288097399526,0.808833979316186,0.871892476829449,0.617818744104921,0.909224833762746
1317,0.74127723985528,15,0.858427696329998,0.742642240348032,0.775507597090594,0.551794664034807,0.909224833762746
1318,1.09708093732083,15,1.34773828130253,1.1036047547726,1.12105778116163,0.760439825350077,0.909224833762746
1319,0.640948029245253,15,0.766724037381382,0.648872108303861,0.679067449770846,0.484285214099906,0.909224833762746
1320,0.953018936985923,15,1.16965220263994,0.962933533972727,0.931860589888289,0.636183660865451,0.909224833762746
1321,0.776134813876305,15,0.976858123645471,0.785770083905706,0.771185433032771,0.537335323696136,0.909224833762746
1322,1.14581394766423,15,1.43657213280764,1.1168586389887,1.10103283370666,0.782092297703728,0.909224833762746
1323,0.871637417975672,15,1.14078210698414,0.86470985370091,0.918147617731527,0.630249214005424,0.909224833762746
1324,0.14239150025105,15,0.184778537974989,0.13936073485927,0.161059636985929,0.114498302823646,0.909224833762746
1325,0.469949264501424,15,0.614949704044949,0.471094367633402,0.568969668837996,0.40782776213837,0.909224833762746
1326,0.262416315370948,15,0.321726908071196,0.257293033285733,0.302074301881644,0.198960551664076,0.909224833762746
1327,0.697055977785095,15,0.87363865735016,0.695293637520388,0.771477819064136,0.541702401431093,0.909224833762746
1328,0.352727218907756,15,0.391866758769169,0.347178814965389,0.436790880853764,0.296783733718849,0.909224833762746
1329,0.768515236765371,15,0.852953271253568,0.761383334882899,0.943065808476555,0.621387079350907,0.909224833762746
1330,1.12211231371511,15,1.22280992234547,1.08931508793578,1.3074475679483,0.90454086316373,0.909224833762746
1331,1.37202751347284,15,1.41594546286982,1.34318041496382,1.5281854216864,1.06451114074579,0.909224833762746
1332,1.0983750908579,15,1.06087427867833,1.08476543029577,1.22762234230676,0.853380397536602,0.909224833762746
1333,1.18636010824982,15,1.09541793172051,1.16548333087031,1.34522708608521,0.952594907408767,0.909224833762746
1334,1.31587588262309,15,1.18027136164247,1.29480405018744,1.43657652075509,0.999876322768059,0.909224833762746
1335,1.00730306003838,15,0.862566900748049,0.996603281707444,0.94765963166068,0.669754265717729,0.909224833762746
1336,0.863314711856215,15,0.744465799708173,0.858532874928198,1.09972180163817,0.772792456581843,0.909224833762746
1337,1.27321208137622,15,1.00332143287149,1.25194171782425,1.38411784840731,0.982784718189213,0.909224833762746
1338,1.54747617146957,15,1.21139121238086,1.53163580669024,1.68361355380494,1.19877804253557,0.909224833762746
1339,1.1868932375646,15,0.914186315184817,1.20020395090719,1.37349046551388,0.963953026717259,0.909224833762746
1340,1.53452548140656,16,1.13732261719484,1.4976104064811,1.66200171096708,1.18718518931686,0.914719212326767
1341,1.71721978049895,16,1.26380451183157,1.69100044407475,1.76821394251897,1.28412000557087,0.914719212326767
1342,1.51494243485584,16,1.11571027973689,1.48927782332906,1.62952537495232,1.17478070641635,0.914719212326767
1343,1.71752294955862,16,1.25091859162161,1.70349223469653,1.70668850880056,1.2558463614951,0.914719212326767
1344,1.4526212955841,18,1.11504727563076,1.45658914097426,1.42428176199239,0.98535105324839,0.92505339169409
1345,1.2416132697885,18,0.97063340822812,1.25005237379042,1.22537140149196,0.868807299570875,0.92505339169409
1346,1.30898681420635,18,1.05929980540695,1.3308685144015,1.30776918028287,0.953842967024882,0.92505339169409
1347,1.34069063389668,18,1.08212831623236,1.34527162757288,1.32347570778244,0.943404198786321,0.92505339169409
1348,1.03994434383657,18,0.871134477087482,1.00650070356035,0.982065595954283,0.694044579194833,0.92505339169409
1349,1.39748778308213,18,1.16236171734145,1.38154815022748,1.40680943154958,1.02189463275818,0.92505339169409
1350,0.781606947301925,18,0.651919118219966,0.780960325818808,0.778237966361249,0.559303537084221,0.92505339169409
1351,0.86402516372387,18,0.787112621218675,0.864063530921587,0.823213912476468,0.590930706473013,0.92505339169409
1352,0.742610949575532,18,0.661570253797411,0.743908599830061,0.718587065079161,0.487682562787598,0.92505339169409
1353,0.996985659537253,18,0.912429934095157,0.995441247441367,1.02642132555397,0.745570833564225,0.92505339169409
1354,1.11065714494037,18,1.05509831524045,1.11325396071725,1.12760442495508,0.807897372697414,0.92505339169409
1355,0.840484360303379,18,0.817996293863372,0.838282707810941,0.884397517704852,0.549006541663231,0.92505339169409
1356,1.15165397893915,19,1.12794833614231,1.15582852079656,1.09352648370971,0.776757210523411,0.927123493069321
1357,1.31420656623686,19,1.31352403655394,1.31257629814878,1.26303084700384,0.857027774453642,0.927123493069321
1358,0.921690049700549,19,0.934404749964399,0.902941183995538,0.744870869613209,0.527552900343845,0.927123493069321
1359,1.15754032092089,19,1.19051612657663,1.08215251926254,0.96561257323863,0.662692916649587,0.927123493069321
1360,0.798483222887199,19,0.906010439402355,0.834184332146314,0.765456908656083,0.547109084521648,0.927123493069321
1361,1.05739561053023,19,1.06802385014128,1.03565637539066,0.975654362594552,0.652359601585941,0.927123493069321
1362,0.612319013022274,19,0.617346507488488,0.610058726700407,0.625018925546083,0.435850471554477,0.927123493069321
1363,0.996555698847948,19,0.986418210729996,0.985882624050973,1.04312497790904,0.739124552254624,0.927123493069321
1364,0.952610350120175,19,0.952757763873248,0.951673172620615,0.87962981256803,0.626336204218879,0.927123493069321
1365,0.805135959951646,19,0.826527709585783,0.807633576637032,0.733195955874578,0.523610485253377,0.927123493069321
1366,0.834390620510964,19,0.86445024446895,0.828648776685639,0.723084392613425,0.498256663505607,0.927123493069321
1367,1.02481587510903,19,1.02649179225137,0.965260040120576,1.05895496806461,0.742815434317819,0.927123493069321
1368,1.1635939853946,19,1.08088514158031,1.1360617891807,1.20139161529948,0.847734202401785,0.927123493069321
1369,0.883975159971026,19,0.836281636326069,0.870667135306308,0.883286840657552,0.626595937319035,0.927123493069321
1370,0.982546570629129,19,0.919971260060479,0.952539068605025,0.896767592770028,0.605273641313443,0.927123493069321
1371,1.00169674442033,19,0.910176928859946,0.991024177056504,0.976631544135804,0.690138504623025,0.927123493069321
1372,1.34524354841225,19,1.21094697066183,1.31124272273981,1.35165143738013,0.945205323025577,0.927123493069321
1373,1.61566395938374,19,1.42160939492946,1.57970452000114,1.40866819177439,1.01986614877809,0.927123493069321
1374,1.59702767736212,19,1.4136681844313,1.56163835665626,1.47905529728763,1.07485819082594,0.927123493069321
1375,1.18779447111691,19,1.0488115445468,1.16377977183011,1.1146266553802,0.816967911601049,0.927123493069321
1376,1.13135410649345,19,0.992110353639578,1.09820414469866,1.08930852423534,0.766117729072852,0.927123493069321
1377,0.809239140260651,19,0.716731769714158,0.79286305945802,0.789420426590717,0.569619333011668,0.927123493069321
1378,1.01959195247164,19,0.947176037748709,1.02397079727605,1.01284446891548,0.725802553776223,0.927123493069321
1379,0.863739878054002,19,0.768579345471595,0.847244597065964,0.794536587269129,0.549063581954965,0.927123493069321
1380,0.996938028407059,19,0.881370716513261,0.970708726711862,0.990574059196915,0.720147576931496,0.927123493069321
1381,1.20407684419379,19,1.05308905368663,1.18794424844794,1.07718743955539,0.782871963717828,0.927123493069321
1382,0.910449561312959,19,0.824430147598544,0.91536634052711,0.904290456461293,0.641624383525347,0.927123493069321
1383,0.977651123999145,19,0.802695268172082,0.950569703134265,0.952771364854443,0.669407786176312,0.927123493069321
1384,1.41191737915483,19,1.19932032837622,1.39758588731695,1.27263944708561,0.912227964256809,0.927123493069321
1385,1.17262369013521,20,0.990230276069241,1.14526965306893,1.06143796366576,0.775163532521309,0.931310264446774
1386,1.20884744394974,19,1.03684100489897,1.18525887886678,1.16104614460779,0.839651071841629,0.926601520111929
1387,1.16212154792031,19,0.996864892193652,1.13044344265883,1.18452217925212,0.858566359846893,0.926601520111929
1388,1.1380263228388,19,0.970040855499277,1.13127956710883,1.11022056009753,0.833843797979405,0.926601520111929
1389,1.20726815320814,19,1.03592817285547,1.16742264477769,1.15716750873469,0.842058353590018,0.926601520111929
1390,1.23287473688817,19,1.07053321179996,1.20918044718622,1.24231307431876,0.907008490306277,0.926601520111929
1391,1.08436472584074,19,0.947403045267553,1.06320030701644,1.13832662034744,0.810114693178997,0.926601520111929
1392,1.36548822102386,19,1.20610418358101,1.31531513058054,1.34203136370562,0.955358569945734,0.926601520111929
1393,1.05166041508733,19,0.907988774437553,1.01063364330649,1.06572108960753,0.751386421158816,0.926601520111929
1394,1.60367210259626,19,1.45146868133301,1.55355276107211,1.57236218675976,1.14796362868412,0.926601520111929
1395,0.975650369350742,19,0.869998132243257,0.94456272758396,1.0126180017029,0.726640039228628,0.926601520111929
1396,0.798445731918561,19,0.723335174262148,0.79382468786607,0.762913819360156,0.563495857770767,0.926601520111929
1397,0.798404273140626,19,0.783431899143826,0.811212613650614,0.882361221422583,0.601930099501659,0.926601520111929
1398,1.01859113209445,19,1.02329967681271,1.02124881752894,1.08787483609574,0.769606181149991,0.926601520111929
1399,0.952136551218091,19,0.976676521481906,0.954943232706516,1.10644363473507,0.77694893328393,0.926601520111929
1400,1.30605296483997,19,1.27743692936602,1.29579034755352,1.22643685171862,0.855733582918927,0.926601520111929
1401,1.06282541361831,19,1.06960066712328,1.04682317968156,1.0464026583092,0.715753011462606,0.926601520111929
1402,0.898150592699723,18,0.939128809320739,0.883895118264814,0.857976435436717,0.577234579179349,0.924744257396381
1403,0.832147087549063,19,0.882686223362217,0.815190809738784,0.906670916168236,0.625176761639938,0.931181478658967
1404,1.10581697642563,19,1.17547163022234,1.08434929375341,1.23026958742431,0.840009543539997,0.931181478658967
1405,0.758803999719361,19,0.824871900764594,0.714784774865915,0.864778645650639,0.590197803918814,0.931181478658967
1406,0.739022370134071,19,0.802458860404807,0.728948329641981,0.831334247455285,0.571227725277004,0.931181478658967
1407,0.706421207577346,19,0.805922076938195,0.688867482034199,0.791498439248568,0.559740653461009,0.931181478658967
1408,0.882797559835523,19,0.9949119273528,0.868247900411273,0.959928865788224,0.693195084348387,0.931181478658967
1409,0.952236319006523,19,1.09743809824235,0.961248014797844,1.07225840464554,0.754022053996401,0.931181478658967
1410,0.736838833408896,19,0.820106482077002,0.71710128143665,0.812117024362622,0.564917502655505,0.931181478658967
1411,0.943493857141076,19,1.03503940434711,0.931690942348863,1.07509492832423,0.721187191160202,0.931181478658967
1412,0.990945748976956,19,1.03558796690434,0.969683272112346,1.05264794654333,0.74551224488487,0.931181478658967
1413,0.550876927700777,19,0.599103288124828,0.562668842727142,0.620062782916656,0.432050509797572,0.931181478658967
1414,0.977681371949713,19,1.00199815267493,0.956096089878026,1.00249077580566,0.692834931648062,0.931181478658967
1415,1.04454953757231,19,1.08106583550557,1.03165856709032,1.18496310504032,0.799736491813135,0.931181478658967
1416,0.799213333352378,19,0.798887624063619,0.771118228472146,0.830873766117804,0.583876933722696,0.931181478658967
1417,0.981353764033719,19,0.923477001270476,0.960880141000844,1.0047597654086,0.693677485367071,0.931181478658967
1418,1.02724641786328,20,0.992403770525087,1.01269501298118,1.11131555419759,0.758656829652116,0.934712970312896
1419,1.01933348553358,20,0.981153104970955,1.00125952272664,1.08371838576303,0.781594475584805,0.934712970312896
1420,1.44528641676554,20,1.38071664055315,1.43456165803684,1.52218239601405,1.11204160444326,0.934712970312896
1421,1.35522273650329,21,1.31584005927114,1.37387194801159,1.41747685864472,1.02442096800579,0.940166523605962
1422,1.07764735469369,22,0.965137838243128,1.07134811797289,1.10049361387714,0.79643524880112,0.945123477280355
1423,1.58224231397612,22,1.45066768862683,1.55639770997775,1.55302730053298,1.12898556620676,0.945123477280355
1424,1.29821469298384,22,1.17591937536939,1.27298124566768,1.25933589038298,0.901576613825925,0.945123477280355
1425,0.85300922003473,22,0.826884288158399,0.828714682726172,0.916714790361072,0.642726345425146,0.945123477280355
1426,1.02195619454599,22,1.00819963871228,1.01765285200088,1.06202692998049,0.745509734588299,0.945123477280355
1427,1.30139576662703,22,1.27914922533026,1.28799337719279,1.29187361509652,0.936981434515669,0.945123477280355
1428,0.512910322398531,21,0.534951038955003,0.505982089581442,0.574349871394346,0.402698977889184,0.94359555016864
1429,1.07601864313087,21,1.16951711978213,1.05968857706987,1.1214983148791,0.758606332751816,0.94359555016864
1430,0.819516533672638,21,0.909127351434451,0.813324574161667,0.89808693771366,0.612997692679246,0.94359555016864
1431,0.472163692545142,21,0.554516083167532,0.480415632427158,0.528757317897277,0.363974437395653,0.94359555016864
1432,0.528160379372428,22,0.612343517566,0.527865133251724,0.522456853015498,0.344418247137765,0.943463604027349
1433,0.558495016987562,22,0.649930885610322,0.568387508860626,0.56875767478504,0.399545718286284,0.943463604027349
1434,0.646410358387331,21,0.761479596242676,0.647281524552269,0.712376565773873,0.492585079545252,0.940596022258452
1435,1.12134325291032,21,1.29971562984675,1.12264464631564,1.19057564427112,0.821814204322871,0.940596022258452
1436,0.806205195811443,21,0.889747452161888,0.8110573464663,0.923822949071659,0.650923259285905,0.940596022258452
1437,0.940768735206243,21,1.02358685734943,0.937829492729293,0.965507778369252,0.679929309092776,0.940596022258452
1438,1.0722569647235,21,1.1689607066225,1.07731199039667,1.11026122195336,0.791217890104713,0.940596022258452
1439,0.689279662705076,21,0.768965287152456,0.704971499572892,0.758815636672031,0.53360249197962,0.940596022258452
1440,0.860971984065324,22,0.957250447626399,0.855442941548539,0.984782831817834,0.682273135100047,0.939473008148213
1441,1.18622268960241,22,1.2716065737304,1.16795206010833,1.27633328677569,0.910090458343881,0.939473008148213
1442,1.50077210426241,22,1.61024771693273,1.51725081644474,1.61746341465905,1.13800719558814,0.939473008148213
1443,1.2582342220751,22,1.30784518715037,1.27687745183654,1.32482883137296,0.938206735806498,0.939473008148213
1444,0.392030378254223,22,0.411016997065315,0.406024520774826,0.451347912940895,0.286838508450589,0.939473008148213
1445,0.885645851796317,22,0.951853347749245,0.899173260738268,0.955510550097428,0.662138481166266,0.939473008148213
1446,0.67416665881833,23,0.74946642738835,0.699979379878998,0.738851270713702,0.519306496723631,0.939746493415825
1447,1.16460894015821,23,1.20307814182943,1.18418299353126,1.17174869594443,0.812426906349533,0.939746493415825
1448,1.22759972932977,23,1.26150695845011,1.26527302439928,1.24980941968029,0.869875995104233,0.939746493415825
1449,0.883520958362073,23,0.931593457642372,0.9036940056007,0.93356479134485,0.654459676345314,0.939746493415825
1450,0.832687387185352,23,0.873824014946691,0.845637792175123,0.873050871375195,0.612139097995821,0.939746493415825
1451,0.920752864605466,23,1.00106816099283,0.944997802766709,0.988458612371211,0.686154940296701,0.939746493415825
1452,0.917244404928702,23,0.982237442380498,0.938854450597252,0.983836751006086,0.678711782473654,0.939746493415825
1453,1.13299778038671,23,1.21243137023803,1.14827988766694,1.17416597083393,0.824800157570803,0.939746493415825
1454,0.660644186322205,23,0.724437232228523,0.685964548645627,0.718501043355144,0.506146117417826,0.939746493415825
1455,1.02892256080738,23,1.11965474902638,1.05304432796189,1.04200496676155,0.740537712886685,0.939746493415825
1456,0.687168278532004,24,0.756026473387288,0.714009512218823,0.679368761723842,0.478446854323576,0.942319886037132
1457,0.941707814742696,24,1.07382639243222,0.994917227110923,0.9936456345154,0.707822703816127,0.942319886037132
1458,0.705827597636042,24,0.789328805396031,0.744801079277908,0.726606869882869,0.52142852877483,0.942319886037132
1459,0.851350541851092,24,0.944840326724528,0.867735825643845,0.860107973410962,0.604397895119856,0.942319886037132
1460,0.660234957281984,24,0.727515817642509,0.692124838266474,0.672700304288802,0.476241863492575,0.942319886037132
1461,0.85459207299765,24,0.929616391413368,0.893329448950459,0.839616405328534,0.601011956831097,0.942319886037132
1462,1.29180679566022,24,1.42082007612348,1.31941642220764,1.32358531495216,0.932927704694412,0.942319886037132
1463,1.35793732356008,24,1.46443924191363,1.39805938538942,1.34567946119932,0.970444916538806,0.942319886037132
1464,0.649279862752479,24,0.733373311108781,0.686535297393991,0.697944351199538,0.48929221723984,0.942319886037132
1465,0.717435379509532,24,0.816119471497117,0.754669172725644,0.760479757816613,0.534772502136294,0.942319886037132
1466,0.927015474094254,24,1.00834848625016,0.955980249881683,0.902196259616663,0.648912260309417,0.942319886037132
1467,0.777794075372091,24,0.878008567210197,0.81760559914013,0.822084637193433,0.564994423682901,0.942319886037132
1468,0.781974129891981,24,0.851720551610612,0.819505586914311,0.823502564016792,0.557181961676922,0.942319886037132
1469,1.09949689702649,24,1.20485490056836,1.14400710736555,1.15690029871907,0.812156822234804,0.942319886037132
1470,1.35401353639083,24,1.53843174881556,1.41244476939611,1.36886800939511,0.974694821049816,0.942319886037132
1471,1.14869337235903,24,1.29215922907553,1.19593589051124,1.10066137520839,0.784306572116266,0.942319886037132
1472,1.16212559144443,24,1.32169370554507,1.20675822252757,1.15038661348797,0.822507168561144,0.942319886037132
1473,0.505404739592809,24,0.572028974111026,0.522715789547096,0.512161756722289,0.347267789081288,0.942319886037132
1474,0.747948645305331,23,0.849763913021509,0.769166439697704,0.739427447191757,0.529131997274742,0.940921388044276
1475,0.731751919307119,23,0.865077476683698,0.756829021703294,0.740493018128602,0.522383896412602,0.940921388044276
1476,0.613017642984987,23,0.722947155527751,0.642535243016999,0.620927947081142,0.434297400152157,0.940921388044276
1477,0.661855812558468,23,0.793740798102088,0.675422000858085,0.701127433397483,0.464063874640922,0.940921388044276
1478,1.08470031631842,23,1.28006722928255,1.11428961084244,1.12225565138669,0.796031694132442,0.940921388044276
1479,0.489713495592625,23,0.587764620660908,0.506123400694409,0.531839843041427,0.362257072817271,0.940921388044276
1480,0.558212555914272,23,0.645374131988324,0.570458792640568,0.573146740356692,0.392482174161738,0.940921388044276
1481,0.923572087058847,23,1.04601831866397,0.977512252012506,0.878738278510196,0.62716802521975,0.940921388044276
1482,0.746288949923026,23,0.855256638471976,0.764721977213526,0.736333905641821,0.520066104799975,0.940921388044276
1483,0.855009914763832,23,0.959651023580042,0.886639632723918,0.888697398260597,0.629230822281753,0.940921388044276
1484,1.23236338755102,23,1.32471713141673,1.25903741904148,1.27086576090328,0.910829913348435,0.940921388044276
1485,0.990171616297343,23,1.08361039858945,1.01331165953771,1.0096421742612,0.707684642482026,0.940921388044276
1486,1.32130294984834,24,1.39158189765836,1.34105804767957,1.35632761644063,0.979894881563688,0.945081868878874
1487,1.09578468690988,24,1.13159618189345,1.10904397244867,1.07699776966324,0.779108381320119,0.945081868878874
1488,0.943247218799918,25,0.99764271952239,0.963357496987868,0.973228689153144,0.68435702781417,0.944285033309164
1489,0.987816776620729,25,1.01157484301098,1.01226031311552,0.998615021324952,0.70505398624462,0.944285033309164
1490,1.11767432860272,25,1.15385348169573,1.1404420163849,1.13942993519473,0.811931534965509,0.944285033309164
1491,0.884700722176467,25,0.926982860188611,0.907591026335677,0.926424374363449,0.639697428432786,0.944285033309164
1492,1.09256823090082,25,1.14230678388666,1.13351826087121,1.10032000260854,0.787406635049189,0.944285033309164
1493,0.897086566403359,25,0.954893820044114,0.932641325655212,0.858446371274777,0.615577656151666,0.944285033309164
1494,0.900322627485474,25,0.981063635143526,0.913528118343884,0.893614261272508,0.631486422836025,0.944285033309164
1495,0.596406240316532,26,0.658513038461676,0.6207191703299,0.618719864137238,0.436002938351822,0.946821029835726
1496,1.0509418952287,26,1.15046076986844,1.08465191666858,1.04860260333858,0.762084291530096,0.946821029835726
1497,1.0420071647945,26,1.16492489494018,1.05661313720771,1.03690885389901,0.695137209926584,0.946821029835726
1498,0.949803349002453,26,1.05113619986008,0.973113424914341,0.914348221297039,0.65111183859661,0.946821029835726
1499,0.0257258424089698,26,0.0191914038986862,0.0248281985790528,0.0271430638535764,0.0227898977539654,0.946821029835726
1500,0.37483913387235,27,0.410776957999012,0.386122421487274,0.373464195604339,0.260712413638291,0.948468888554669
1501,1.04890707534435,27,1.09795655041305,1.07427335760569,1.06499369580327,0.764177379780399,0.948468888554669
1502,0.956389464717501,27,0.981194751584712,0.972114448678421,0.947756922029663,0.668328983013339,0.948468888554669
1503,1.30008796202978,27,1.31857592183241,1.32672215875137,1.32585513207303,0.926539534413551,0.948468888554669
1504,1.13561095015413,27,1.13651716729714,1.16302970385046,1.11613727304218,0.788147009849868,0.948468888554669
1505,1.03631395498561,27,1.03429199655801,1.05428974089311,1.03822365131056,0.723386250424838,0.948468888554669
1506,0.907803279903985,27,0.903543760819148,0.910393296751755,0.884119776005875,0.61476988511927,0.948468888554669
1507,1.08168887569903,27,1.05664967673093,1.11020477823056,1.037180645052,0.713536361258562,0.948468888554669
1508,0.906212866845056,27,0.888814913835389,0.927746405138277,0.89146821631971,0.618292277676218,0.948468888554669
1509,1.41601153728559,27,1.3948381377856,1.4640915977846,1.38566145818701,1.00460661006408,0.948468888554669
1510,1.00777951913287,27,0.969797643072937,1.03995018955874,0.983572792557046,0.70890564504198,0.948468888554669
1511,1.44655132791464,27,1.38720437034647,1.47506142505634,1.37456905715908,0.988372152232907,0.948468888554669
1512,1.20103386694033,27,1.14886698730268,1.22959119363478,1.09241319892212,0.778716369378355,0.948468888554669
1513,1.09672246778716,27,1.04046204436648,1.09974266504862,1.05210167000357,0.729615583976229,0.948468888554669
1514,1.05494181620198,27,1.04939472029357,1.08146376683919,1.05697800550804,0.710404642443686,0.948468888554669
1515,0.521091164661845,27,0.502642141042402,0.519828233993205,0.52561911281012,0.348430753412693,0.948468888554669
1516,0.857046035747353,27,0.833120521660294,0.861359385863664,0.821726824255392,0.573977257411283,0.948468888554669
1517,1.06612900896664,27,1.06341918588351,1.07784504957387,1.03803225322659,0.717290714734162,0.948468888554669
1518,0.303726060215327,27,0.312415824968637,0.286731854965786,0.304296823677427,0.206989815800294,0.948468888554669
1519,1.23579517908044,27,1.21843438596818,1.24303907031307,1.16439139854749,0.82269917431574,0.948468888554669
1520,1.19153545969034,27,1.19104047650773,1.19844784820385,1.11134732953669,0.785870110649755,0.948468888554669
1521,1.13394531303761,27,1.12193675386586,1.14465833668905,1.04137372318064,0.726035804336146,0.948468888554669
1522,0.76515694833389,28,0.780456765034634,0.775194682482965,0.720594404434517,0.514118832476224,0.951007141947159
1523,0.708985495305037,28,0.709942785245737,0.710042801620262,0.674163971210643,0.472095246144891,0.951007141947159
1524,1.2444219312938,28,1.24406946282181,1.25007334291462,1.17795705905833,0.831136994857938,0.951007141947159
1525,1.29890973380976,28,1.32385515510398,1.32647959821479,1.22854629821201,0.886542010386825,0.951007141947159
1526,1.0479798259744,28,1.03596711078556,1.0251725670149,0.998181866394049,0.70471068992174,0.951007141947159
1527,1.02383546400658,28,1.02877031111298,1.03475061505012,0.951668906769839,0.684439004072682,0.951007141947159
1528,1.00826653453178,28,1.0640291521965,1.03400819304472,1.03343507842934,0.7342595220246,0.951007141947159
1529,0.63273422801117,28,0.627494865297574,0.626152620532154,0.577993797305153,0.402979025720232,0.951007141947159
1530,1.23366931600367,28,1.32211178803831,1.27960366905877,1.24287745062502,0.889049473879964,0.951007141947159
1531,1.08319414094396,28,1.14166529601822,1.12237845633436,1.02113943390719,0.715175902045564,0.951007141947159
1532,0.21980222666297,28,0.260507335218275,0.23544146776092,0.234755935041787,0.166499659776566,0.951007141947159
1533,0.659092079467504,28,0.651590451756135,0.648809067939413,0.659165766956125,0.465431851667443,0.951007141947159
1534,0.967603377557844,28,1.00078341289004,0.993010569680114,0.989678672779656,0.700155598202914,0.951007141947159
1535,1.02957253933579,28,1.04392879462746,1.01373041214759,0.961377967509161,0.689914525780564,0.951007141947159
1536,1.00435609863817,28,0.991644083316054,0.984033112795161,0.902251771175975,0.640514797891418,0.951007141947159
1537,1.18460429700554,28,1.15966404871221,1.18754742954422,1.04681879434636,0.747733989113396,0.951007141947159
1538,1.53544993093734,28,1.48338213670313,1.54036646906214,1.26829973247306,0.941674271041203,0.951007141947159
1539,1.5355286044925,28,1.50655852784734,1.53885962344676,1.37339509228864,0.985607996411499,0.951007141947159
1540,1.32305370849404,27,1.35983896779047,1.33278629376573,1.23761173715825,0.892582562414211,0.950228154487603
1541,0.543909467605919,27,0.556171520202134,0.548891612825333,0.556562588621543,0.39269892953112,0.950228154487603
1542,0.849194153510659,27,0.860174999155258,0.837176205429187,0.795224537576955,0.56537464048398,0.950228154487603
1543,0.756412666916556,27,0.744017585674387,0.736080139752755,0.683422955944738,0.476365420775475,0.950228154487603
1544,0.910448378691394,27,0.887685946301898,0.886296542313729,0.852318444149275,0.599012382311557,0.950228154487603
1545,0.80954781064645,27,0.820786038041997,0.816755384461732,0.792952339795951,0.557300351394048,0.950228154487603
1546,0.734302475361898,27,0.729365456112501,0.731014974024352,0.739476331413875,0.524404763713731,0.950228154487603
1547,0.661621670083764,27,0.65336399658325,0.666630416079534,0.670341276723636,0.455210234770254,0.950228154487603
1548,0.76832325402489,27,0.768960474957577,0.759580176929413,0.70365016183334,0.488545699546936,0.950228154487603
1549,1.1223362468824,27,1.1030802685917,1.12496182911161,1.0941687723404,0.771054257974809,0.950228154487603
1550,1.11695640595685,27,1.06179355301964,1.10468073103803,1.03325046106677,0.725940285817096,0.950228154487603
1551,1.24428596853922,27,1.17894533424706,1.21775096586509,1.21852163528886,0.871208110019903,0.950228154487603
1552,1.58717490783955,27,1.52733532068713,1.56163831076746,1.56371551376657,1.12354554152005,0.950228154487603
1553,1.39590038999513,27,1.33527904200417,1.39807436236591,1.34675272492377,0.929937021570835,0.950228154487603
1554,0.484277849798923,27,0.437029663819055,0.48282051531289,0.470865400692424,0.326580842824326,0.950228154487603
1555,0.736806189680392,27,0.67867284541039,0.733399219816944,0.691018376622645,0.472703879759581,0.950228154487603
1556,0.86221758615421,27,0.76949268873482,0.863870929586353,0.810800009611046,0.570091594780461,0.950228154487603
1557,1.60300256830944,27,1.4471494355064,1.59595721476104,1.48889413186568,1.08337169848959,0.950228154487603
1558,1.33929689036764,27,1.24623963751201,1.33740108056008,1.32853021426989,0.943186702142335,0.950228154487603
1559,1.14471158958398,27,1.07114219919864,1.17125105639457,1.15828415356443,0.83919231086266,0.950228154487603
1560,1.22295493475207,26,1.12512819723796,1.21221620290372,1.23599313964511,0.857445043084362,0.948350535430506
1561,0.507577625579852,26,0.422399244119851,0.496347048012426,0.492597538010489,0.347045085704047,0.948350535430506
1562,0.882754155739838,26,0.81867779287803,0.866795241491831,0.848885475953141,0.589093404290971,0.948350535430506
1563,1.03876532702143,26,0.956481408920356,1.01112585569189,0.972255391256789,0.700494537073174,0.948350535430506
1564,1.77635967396745,26,1.63196494002954,1.71387715260747,1.6115745849996,1.17324611683349,0.948350535430506
1565,0.971817837462378,26,0.906342965512991,0.94654589268289,0.916265470338501,0.661993137487724,0.948350535430506
1566,1.06682588543257,27,1.05030029134804,1.0345029412538,0.993013990331442,0.721797590221922,0.950617630069713
1567,0.957549054112466,28,0.930059140702961,0.943838342728301,0.890852417315944,0.650681274871752,0.952691611213497
1568,1.32659806367013,28,1.3055748548324,1.30194380925886,1.21652397825891,0.880982217214664,0.952691611213497
1569,0.813665456302422,28,0.817119861584585,0.80775719194638,0.754112605065608,0.540279693139177,0.952691611213497
1570,0.709720509308729,28,0.734936005780992,0.717704541106639,0.64131626691209,0.468277236476316,0.952691611213497
1571,0.986332442591302,29,1.03463271724811,0.993726156122423,0.896893240646019,0.642928826459505,0.954446337450531
1572,0.760857950427867,29,0.842328983070009,0.777149435099533,0.730882994649921,0.51814918053164,0.954446337450531
1573,0.937829882150808,30,0.986150329217713,0.926407017091997,0.881081315271394,0.620851850896903,0.955679573406092
1574,1.08060908070859,30,1.25387037757,1.09068104333456,0.983100646666668,0.675737905144337,0.955679573406092
1575,0.938504367890621,30,1.10462179388588,0.971563500548895,0.897595459720252,0.637028553155849,0.955679573406092
1576,0.621480179183122,31,0.751195316051246,0.634154442168085,0.609525124374967,0.423383041654946,0.957401883379853
1577,1.20053474602642,31,1.4515327628362,1.18338953796377,1.07546340247073,0.760961803926941,0.957401883379853
1578,1.0843810831202,31,1.34270429861699,1.08805132343404,0.976504731160892,0.699663441056741,0.957401883379853
1579,0.613778445483673,31,0.762516714938075,0.635347492321906,0.571408974489993,0.394365979398201,0.957401883379853
1580,0.00278234132881737,31,0.00408084537715173,0.00280020679124373,0,0,0.957401883379853
1581,0.699935327363946,31,0.833499601233306,0.708436627720082,0.648009525674994,0.452572548041883,0.957401883379853
1582,0.609578269831115,31,0.726190077754596,0.606490254483607,0.509351278099066,0.359940904855584,0.957401883379853
1583,1.07270711352698,31,1.2823442693259,1.06757118690712,0.944866525367401,0.689832853195978,0.957401883379853
1584,0.78589470279735,31,0.917961643986909,0.784827833805378,0.741431164377105,0.518093750406631,0.957401883379853
1585,0.432187003727467,31,0.477583636168839,0.432709081720175,0.38778101500057,0.265437490883672,0.957401883379853
1586,0.858392265500108,31,0.952876466777772,0.850855404750557,0.719426245625621,0.49476111019162,0.957401883379853
1587,1.37068690338747,31,1.52751972689249,1.37051622866349,1.17997990016353,0.840784325915375,0.957401883379853
1588,1.41332901291751,31,1.56267189523066,1.41955878279787,1.29689242913509,0.914948989675937,0.957401883379853
1589,1.12286884278862,31,1.21654285280458,1.12982729057017,0.988996617651917,0.700058975580407,0.957401883379853
1590,1.11569218615391,31,1.16376903896923,1.10659306615415,0.994912178442125,0.710265766287841,0.957401883379853
1591,0.990757116262573,31,1.04477452174852,0.964356620250283,0.855598733892136,0.609066965995034,0.957401883379853
1592,0.668284884288749,32,0.683471198575582,0.653480486879529,0.58542411215598,0.413220961901146,0.958971843743417
1593,0.789065039912051,32,0.788737120305154,0.773501727059459,0.681588284013758,0.485057448934418,0.958971843743417
1594,0.661052608843505,32,0.65731876967394,0.650243923151061,0.591441519674333,0.409850328787581,0.958971843743417
1595,0.605156025747081,32,0.593247352952623,0.585823542614428,0.539817523185137,0.377216444756333,0.958971843743417
1596,1.32520998261596,32,1.24626177144764,1.29847474021942,1.15362261708639,0.811111629478495,0.958971843743417
1597,0.997000894066449,33,0.940560396999222,0.97593962350162,0.878149796429416,0.617522304166327,0.959614177841442
1598,1.21391971759975,33,1.14598458381073,1.1871974195214,1.12202174036058,0.793071296832247,0.959614177841442
1599,1.4921032531246,33,1.36962936078813,1.46624415201693,1.4024090636273,0.991413228097701,0.959614177841442
1600,0.174757503890774,33,0.158588718258793,0.17599832416273,0.168440818406,0.117570785804986,0.959614177841442
1601,1.35557604494451,34,1.16945490460041,1.32362462756745,1.32597216658665,0.932727995770062,0.960403974580515
1602,1.46323026480315,34,1.22676618377743,1.41530227622914,1.3845591153835,1.00173782497382,0.960403974580515
1603,1.04939105287132,34,0.899285603320696,1.02762531603464,1.01798552835698,0.724030476107168,0.960403974580515
1604,1.19950678068342,34,0.983171961719836,1.16572665900697,1.16421227058124,0.812546949747142,0.960403974580515
1605,1.52324299977167,34,1.30399929245541,1.50451218179564,1.42649388056636,1.0158126001185,0.960403974580515
1606,1.23095189434054,34,1.02478531273481,1.20655781372161,1.22582899135142,0.873618167876619,0.960403974580515
1607,1.41065820311046,34,1.17124245265504,1.38181749639342,1.33227324168321,0.945262767955527,0.960403974580515
1608,1.49389883816158,34,1.25357416902928,1.47672005860737,1.36059475989069,0.977849524787206,0.960403974580515
1609,0.803592009025003,34,0.66333514572409,0.784558467210514,0.76638221625102,0.537775500730333,0.960403974580515
1610,1.33981887989721,34,1.12097878456754,1.30946275809506,1.23153424639144,0.875325573178927,0.960403974580515
1611,1.03025183131913,34,0.878162537664346,1.01159282071908,1.00353554389495,0.728689727620468,0.960403974580515
1612,1.35083002513374,34,1.21047932590266,1.32059142361903,1.26194280152666,0.906319042117543,0.960403974580515
1613,0.765265871193837,34,0.667419417797764,0.749901850705224,0.764186210840225,0.544382768025425,0.960403974580515
1614,0.950901656335672,34,0.849293776339453,0.921863886146119,0.953088625770712,0.686515484455724,0.960403974580515
1615,1.07294626972692,34,0.971809077042992,1.04482328176888,1.05409419362831,0.738728109859182,0.960403974580515
1616,1.12143640694558,34,1.05251140571068,1.10325763239492,1.03258072215583,0.733856907083143,0.960403974580515
1617,1.41295216789571,34,1.34546638240873,1.37843868210774,1.37358856246685,0.978428257579669,0.960403974580515
1618,0.979847515094553,34,0.929496304665324,0.957500192936479,0.970698734147777,0.669396005226151,0.960403974580515
1619,1.06635049056077,34,1.06888349341649,1.05134707327426,1.05856755963768,0.738447239167192,0.960403974580515
1620,0.838346420576072,34,0.837579734102324,0.80750230348396,0.788639389931501,0.548767984227117,0.960403974580515
1621,0.783399162543219,34,0.849151465264092,0.788624889015789,0.75524269859401,0.51485301165629,0.960403974580515
1622,0.738163557005,34,0.781397036230872,0.729134101936804,0.73206454061544,0.515889803242971,0.960403974580515
1623,0.694136458575926,34,0.742315076808854,0.677931297198803,0.691258028440174,0.479861292600073,0.960403974580515
1624,1.40008589231148,34,1.4388172226008,1.37155630179116,1.32314944003444,0.918879217799881,0.960403974580515
1625,1.42268119612324,34,1.46061891966785,1.39040241079709,1.35164633145602,0.9382630944614,0.960403974580515
1626,0.499733958674175,34,0.498926257519534,0.48183471471997,0.482961830844711,0.325460347045122,0.960403974580515
1627,0.928135900472991,34,0.955579582437659,0.898985218651951,0.873143768536592,0.594682639106652,0.960403974580515
1628,1.2385140782811,34,1.25098885181923,1.19278875164354,1.18148730433128,0.83194955151048,0.960403974580515
1629,0.711242700802127,34,0.734450404385747,0.692976215141157,0.678205122000135,0.467445761597806,0.960403974580515
1630,0.868493571863551,34,0.893015819658092,0.853445189714978,0.82658582174257,0.579164401213344,0.960403974580515
1631,0.624096218261339,34,0.661415911243805,0.602452821165614,0.561597259561768,0.392388286661093,0.960403974580515
1632,0.300625442829776,34,0.319556329429812,0.292135403014664,0.288809845557874,0.198216790149591,0.960403974580515
1633,1.33805841422244,34,1.35889365165106,1.31637259147695,1.20942270093721,0.832164617017018,0.960403974580515
1634,1.35950183202968,34,1.32580798175855,1.31679894804918,1.25908105591396,0.907684848608389,0.960403974580515
1635,1.433326603095,34,1.38119809390502,1.38371402797246,1.30381880482556,0.930169621349795,0.960403974580515
1636,0.981480428866585,34,0.961391577389369,0.970003681103079,0.933048596778838,0.644685596415611,0.960403974580515
1637,0.512446264531314,34,0.475296123558129,0.500531392141809,0.483003403070388,0.340820215098653,0.960403974580515
1638,1.02500119313935,34,0.954974446125376,1.00619055428648,0.944943835322574,0.655586018176537,0.960403974580515
1639,1.00391462353244,34,0.955557990256594,1.00269913596407,0.866102003612984,0.643168141141308,0.960403974580515
1640,1.32178743006299,35,1.23689011709787,1.30327481561943,1.25251268606398,0.907755739390212,0.961604510343284
1641,1.08997601239175,36,1.00677842612419,1.06750415741387,1.01736150497327,0.750825717878181,0.962583071636847
1642,1.73153521490573,37,1.64525586873617,1.77048620069796,1.56629575932381,1.17210703413059,0.964030761700883
1643,1.20026112237975,39,1.17548274345432,1.24446203404335,1.0767686192975,0.789825254815397,0.965855408777928
1644,1.29806246450488,39,1.25034658267166,1.31803403406222,1.12642492470329,0.819644408419422,0.965855408777928
1645,0.68219504339006,39,0.674776179845058,0.685968878777916,0.630898199697188,0.446527756244748,0.965855408777928
1646,0.99224028386456,39,0.989416765954886,1.01315394615599,0.872483889944324,0.635043823340747,0.965855408777928
1647,0.670915024118994,40,0.692554912292166,0.687199023452956,0.644310139965034,0.426915227581695,0.966833128328943
1648,1.02706521764262,40,1.05317189291846,1.04234304543209,0.945654493408637,0.666435275623254,0.966833128328943
1649,1.0275495923599,40,1.13346839496772,1.07502136049363,0.94341572112667,0.651587648815047,0.966833128328943
1650,0.919170151650427,40,1.01912291405546,0.940388924962818,0.839137638917567,0.588215235346688,0.966833128328943
1651,0.979444031552622,41,1.0425229678828,0.991746317448329,0.914073187369291,0.63574157151786,0.967530884002863
1652,0.624642745733342,42,0.703752683130432,0.63383493150199,0.626233309467819,0.427322635838871,0.968682588300457
1653,0.66010637072487,42,0.748298481313769,0.67609757754516,0.607955859121778,0.430983215329889,0.968682588300457
1654,0.671688430067824,41,0.771923901590536,0.692460223264949,0.643271512773985,0.437459906799618,0.967513447429414
1655,0.430918957240305,41,0.492053971842139,0.444315092568645,0.407086554850832,0.278859148951795,0.967513447429414
1656,1.17816023042564,41,1.37084851275316,1.21183999985137,1.06767476309002,0.727541762324818,0.967513447429414
1657,0.76619400403989,41,0.870300306305664,0.781092776779409,0.699705865248856,0.489322260521416,0.967513447429414
1658,1.15385386667648,41,1.2997215905745,1.178718778597,1.04100431529301,0.729595123608449,0.967513447429414
1659,0.63254026911647,43,0.69428493398247,0.642426549981425,0.602010093423861,0.416684275796302,0.969184265245997
1660,0.665740487133583,43,0.739723839435417,0.679418479030555,0.643571573932871,0.448086666178619,0.969184265245997
1661,1.6356698283447,43,1.82587791644933,1.67372182689992,1.56390395149584,1.11318036158893,0.969184265245997
1662,0.831476490145044,43,0.92522392933715,0.867458322408272,0.711416870147958,0.495294842925295,0.969184265245997
1663,1.14787189378331,43,1.22154443898909,1.17101869024716,1.0218790168287,0.696074482666213,0.969184265245997
1664,0.925262660659494,43,0.984736013195148,0.943416284727628,0.88099057684748,0.603622211908375,0.969184265245997
1665,0.811611724301081,43,0.871343571561912,0.828770310311143,0.754942258000697,0.526002433120001,0.969184265245997
1666,1.11088760133977,43,1.1984203708453,1.13957645070684,1.02566372249688,0.72080734110235,0.969184265245997
1667,0.523716395543628,44,0.563360923748473,0.530472621708886,0.501033693265482,0.345159418445696,0.969973093196933
1668,0.98510309126533,44,1.04811233267566,1.00578264374062,0.910752055266741,0.635726758318163,0.969973093196933
1669,0.841581460623177,44,0.910735788481568,0.856084619629346,0.764219476690711,0.544753346291931,0.969973093196933
1670,1.14883644614981,44,1.21999272557074,1.15733087230541,1.05158049276592,0.748233793703521,0.969973093196933
1671,1.03947997919958,44,1.10053772133976,1.05138817214179,0.94797969157479,0.677225553651671,0.969973093196933
1672,0.934146533061584,44,0.948313869518442,0.942223670791192,0.860052374263908,0.606378537601616,0.969973093196933
1673,0.523873546257892,44,0.555252997292321,0.525956294806138,0.50970424749677,0.355811230273641,0.969973093196933
1674,1.3151652251587,44,1.3899070511134,1.33434026522136,1.23324760027399,0.875915894106434,0.969973093196933
1675,0.950851553804809,44,0.993730936742057,0.966904607072572,0.848099161586103,0.602970411743468,0.969973093196933
1676,0.612682830809944,44,0.606385260456693,0.616046378804696,0.572425022197309,0.398798022508382,0.969973093196933
1677,0.76248046434745,44,0.728872897680187,0.784097720709093,0.700608651928278,0.49949707376772,0.969973093196933
1678,0.822717835169155,44,0.834804680431119,0.846365229881325,0.770613877728242,0.538952571362293,0.969973093196933
1679,0.914844410374104,44,0.897070480867345,0.922887667517793,0.83135404262619,0.592426812091492,0.969973093196933
1680,0.975829746044356,44,0.918355271690907,0.981430990815488,0.876329392904018,0.622671532347577,0.969973093196933
1681,1.72090172793633,44,1.590037648401,1.7417183931173,1.52751363677406,1.09580641893984,0.969973093196933
1682,1.09026070371231,44,0.988940151466824,1.10430332245836,0.948613468304379,0.666265091695983,0.969973093196933
1683,1.0671644395581,45,0.979641637735454,1.08001643114113,0.929925371627973,0.633414266048414,0.970237039707501
1684,1.41164866998294,45,1.26494537478517,1.40045846140667,1.231950717881,0.878319013554807,0.970237039707501
1685,1.10791742470785,45,1.02341260650387,1.10854466280247,1.00305307438603,0.711553725409456,0.970237039707501
1686,0.898549845599915,45,0.845676537031665,0.915001771933233,0.810044742887822,0.582244262295693,0.970237039707501
1687,1.51343408922689,45,1.42423378280732,1.53348751075481,1.36194789577242,0.972863364362146,0.970237039707501
1688,1.22908627826558,45,1.14934300678873,1.24061597716162,1.08998480597921,0.768009012988203,0.970237039707501
1689,1.04960150586712,45,0.989396727850796,1.05745222054989,0.971862632823146,0.67866306375681,0.970237039707501
1690,0.660836066846471,44,0.617691805011263,0.666351547726517,0.59245612092713,0.417175199444927,0.970182576927867
1691,0.605084880510615,44,0.575294045240837,0.609287895179141,0.553144425313662,0.384683383145117,0.970182576927867
1692,0.878094780785551,44,0.829699650383872,0.89016809723152,0.756464462947536,0.539698590343404,0.970182576927867
1693,1.34941097627935,44,1.28115407086198,1.35930294746994,1.10932267380454,0.79763630677294,0.970182576927867
1694,1.4062548698018,44,1.34196412457125,1.41564095522181,1.21096467200553,0.863152555493327,0.970182576927867
1695,0.645552439615211,44,0.621587015293534,0.65843791703379,0.569486346265909,0.396794493216603,0.970182576927867
1696,0.909219981484657,44,0.877723364916438,0.921941994362016,0.795573847566604,0.558208976878215,0.970182576927867
1697,1.14922417181133,44,1.10934572214506,1.15588460527374,0.979895046181036,0.678785174019331,0.970182576927867
1698,0.846334579075015,44,0.820970424173416,0.859690687943257,0.738846161917699,0.516444620254877,0.970182576927867
1699,1.02726590591432,44,1.01682056118354,1.03661509764152,0.875553819464086,0.62077327273238,0.969680235399479
1700,1.07510881516445,44,1.04397345764543,1.08509003509152,0.96341985064886,0.663580828463144,0.969680235399479
1701,1.15239432967454,44,1.14575226960829,1.17546223679999,0.994151560234513,0.691981191924187,0.969680235399479
1702,1.21605216928046,44,1.22207963984147,1.2299741929925,1.07355200413335,0.742800154230701,0.969680235399479
1703,0.426416576222863,44,0.445533708822537,0.449874304367139,0.416255697336773,0.289140802772537,0.969680235399479
1704,1.04754836672449,44,1.04202023860926,1.06512115823304,0.935415698081647,0.646554218336475,0.969680235399479
1705,1.56676047055233,44,1.55616706081716,1.5888718623013,1.35866843913342,0.969984010680225,0.969680235399479
1706,1.13763112221054,44,1.147836489396,1.15345259910042,0.958822188029413,0.681209980418364,0.969680235399479
1707,0.491762820461875,44,0.501624444614643,0.503027980296089,0.449220100976261,0.305162039979966,0.969680235399479
1708,0.79351579263498,44,0.803718190407882,0.822878715959814,0.741984132231246,0.517815629731053,0.969680235399479
1709,0.96595162455633,44,0.985706208176084,0.983124546196244,0.865660208689432,0.59875605933221,0.969680235399479
1710,0.893780942350999,44,0.935164443622083,0.918140592048921,0.782400976373176,0.531385129085364,0.969680235399479
1711,0.909523046119409,44,0.942102031859145,0.936859431746189,0.829987250980279,0.591843609390136,0.969680235399479
1712,1.0571258763827,44,1.07309422620149,1.06972073496738,0.880919417364873,0.625649386810692,0.969680235399479
1713,1.1776718441382,44,1.16951721059665,1.18418256972012,0.966416469353087,0.695033633133002,0.969680235399479
1714,1.02598888074035,44,1.02267403127523,1.05104089698408,0.896879993239281,0.633626908956011,0.969680235399479
1715,1.01876788862573,44,1.03150922888775,1.06003564923499,0.892277974447566,0.644168656472012,0.969680235399479
1716,1.16364521823788,44,1.17134898524481,1.19630687222114,0.990750790001732,0.700378296876463,0.969680235399479
1717,0.829391481822356,44,0.839564714074677,0.85038781610851,0.718159944253381,0.514995740331996,0.969680235399479
1718,0.82336530698968,44,0.828136777531551,0.84509067820285,0.721710804199078,0.495220714762308,0.969680235399479
1719,1.02040043887271,44,1.02114347756614,1.05679103639838,0.859699483690439,0.612993035171031,0.969680235399479
1720,1.1444565154184,44,1.12597338641846,1.1891534913158,0.982718222605888,0.691871026829516,0.969680235399479
1721,0.696935749455382,44,0.690863620916622,0.725583933143884,0.595274192491901,0.414034202872279,0.969680235399479
1722,0.9418820685998,44,0.930607397817635,0.974618697931437,0.794716240886004,0.577786887661677,0.969680235399479
1723,0.812747824573819,44,0.779364770764621,0.836310380282594,0.719028428933508,0.507811281269937,0.969680235399479
1724,1.0494906615833,44,1.00656932222667,1.08665377921837,0.9297961336356,0.667474713446029,0.969680235399479
1725,1.10869315505795,44,1.03149567052182,1.13426062168871,0.94234960804643,0.651996945689943,0.969680235399479
1726,1.30923457493754,44,1.25243292178101,1.34862112820789,1.12866130419353,0.789045051906703,0.969680235399479
1727,1.75490305264363,44,1.62114114313784,1.80818493009472,1.41499585113694,1.0148789849781,0.969680235399479
1728,1.3197832974107,44,1.24816325109205,1.36043988337889,1.03514999545342,0.798766855260297,0.969680235399479
1729,0.00295015729383936,44,0.00275174014823128,0.00300200820159893,0,0,0.969680235399479
1730,1.3468059644374,45,1.3400825471376,1.41383861510138,1.20354731887098,0.873324531599529,0.970258228962233
1731,1.25147833495666,46,1.17913020106939,1.28549452669128,1.04516311151579,0.747086648337832,0.971113212784524
1732,1.5154957454543,46,1.46048079926076,1.57063857064374,1.25323999878642,0.888144640740871,0.971113212784524
1733,0.692692323638038,46,0.684389172377841,0.724809787884225,0.622059750742248,0.430285948904726,0.971113212784524
1734,1.04921791986244,47,1.06170022061275,1.06018597001111,0.913289255419355,0.624781317215799,0.971745052141994
1735,0.281043997970991,47,0.281108777719146,0.283758480770614,0.238618966906926,0.162730539092511,0.971745052141994
1736,1.06493436569355,47,1.09788450778791,1.09679584096589,0.901437601670819,0.634628928139315,0.971745052141994
1737,0.870979401407419,47,0.897163265210847,0.901825250263673,0.734771409136227,0.512162510693178,0.971745052141994
1738,1.07517289522183,47,1.07782643869902,1.10944217456678,0.904566506273848,0.621695085336478,0.971745052141994
1739,0.705305901369742,47,0.719375447127905,0.734834091572176,0.596612295121115,0.406275525503838,0.971745052141994
1740,0.785028747394719,47,0.786163658816659,0.817784391195724,0.643809830180582,0.439495853750688,0.971745052141994
1741,0.865599827797273,47,0.904339109491768,0.918918935410779,0.768458983605926,0.520216051979617,0.971745052141994
1742,0.893972355002486,47,0.901565030536916,0.941094212801404,0.775539623036582,0.529225768762886,0.971745052141994
1743,1.25700027714646,47,1.24416858962262,1.31717959014245,1.04544866800963,0.735887785134476,0.971745052141994
1744,0.741381067116462,48,0.726672984100543,0.783233977305731,0.636771064307314,0.443426271732208,0.972154807516038
1745,1.23151279329792,48,1.24650026281584,1.31330652400703,1.10120803210901,0.772711787436836,0.972154807516038
1746,1.43522728391193,48,1.44867997699511,1.52195864331323,1.22660166180866,0.873058954565258,0.972154807516038
1747,1.35460217983061,48,1.33340761389315,1.43308358173775,1.14419164387992,0.801912100056928,0.972154807516038
1748,0.865053256629002,48,0.878783870102792,0.917197288874326,0.741280611152164,0.513190241643367,0.972154807516038
1749,1.54931628525371,47,1.60477186558763,1.64368864106285,1.27430286569439,0.924491634684742,0.972157701862725
1750,0.816035735078405,47,0.877522807050577,0.866248230634643,0.700025655296948,0.493087929893905,0.972157701862725
1751,1.06979466257179,47,1.16964187480943,1.14446375163926,0.888652559930636,0.628493438570295,0.972157701862725
1752,0.962808553663894,47,1.08870962836141,1.02214841360935,0.794275699314456,0.572869338492173,0.972157701862725
1753,0.802544892333713,47,0.948007532251506,0.861811691950592,0.692193088412124,0.47786049686588,0.972157701862725
1754,0.747080902663397,47,0.894641057721678,0.804112988004396,0.666339370751,0.462319327736521,0.972157701862725
1755,0.566594200212142,47,0.717373132978839,0.600112948780699,0.515474073120881,0.350434418108428,0.972157701862725
1756,0.322009156385591,48,0.416490177706482,0.341709104761284,0.310657503360649,0.212718963218702,0.972615287405572
1757,0.553971095583322,48,0.732754052386344,0.581447947647565,0.510411896020854,0.351299203141071,0.972615287405572
1758,0.46292573614925,48,0.612729176285842,0.498971697075578,0.390454781737365,0.283339866520874,0.972615287405572
1759,0.414507392259273,48,0.534209326676959,0.44734792889025,0.382558295575374,0.255676629826627,0.972615287405572
1760,0.638783394148513,48,0.837264366152302,0.682510757586532,0.532173719136337,0.384601353457187,0.972615287405572
1761,1.08940198575967,48,1.44393060318979,1.1769651170743,0.990589646995265,0.685290102575171,0.972615287405572
1762,0.646378403565435,48,0.83186069632785,0.689467701937198,0.583385710780675,0.394720976179174,0.972615287405572
1763,0.993651090637549,48,1.25940682568127,1.05885145760005,0.920188145055599,0.628706568184572,0.972615287405572
1764,0.636457562724087,48,0.789231827202645,0.670537287954293,0.58134115969939,0.394344470067112,0.972615287405572
1765,0.856252952520375,48,1.0594298325785,0.907726810942202,0.77243756506941,0.53334277113478,0.972615287405572
1766,1.14741837051374,47,1.43611604192752,1.22778595369045,1.03371135597789,0.720460263077662,0.971404749846383
1767,0.830257569338214,47,0.987200636698144,0.891655821611121,0.749022750745491,0.517130820405408,0.971404749846383
1768,1.25384446267153,47,1.5001111547561,1.34132012737294,1.11477949441874,0.783831087142062,0.971404749846383
1769,0.95212383971874,47,1.14827306686067,1.02592973712175,0.828130476515148,0.573512265510522,0.971404749846383
1770,0.866371803635419,47,1.00768511421564,0.930612485828353,0.767575019512453,0.530593134897921,0.971404749846383
1771,0.871291300009542,47,1.07403217837914,0.94076622424982,0.762356006645476,0.529930772945103,0.971404749846383
1772,0.847444970802858,47,1.03721590100451,0.902763280321544,0.764500313469807,0.527939844200406,0.971404749846383
1773,1.1655090111979,47,1.42179956299825,1.22974709079805,1.04538582945437,0.726170821992513,0.971404749846383
1774,0.698427068093643,47,0.867423944118173,0.749158567464813,0.659841425066516,0.442171346427145,0.971404749846383
1775,0.816425627838969,47,1.04108997323534,0.881517695229163,0.749586000825122,0.51121824258501,0.971404749846383
1776,0.577140160766344,47,0.704239966851293,0.609457773345731,0.522024222211987,0.357294144717261,0.971404749846383
1777,0.201200779512013,47,0.250026864276259,0.216606656183429,0.189019444696402,0.125184800310291,0.971404749846383
1778,0.598214371527338,47,0.734058248006013,0.632707777319285,0.562607467130796,0.382439897886783,0.971404749846383
1779,0.581050315683104,47,0.726738605035718,0.614947123449377,0.550373234192841,0.381458521008015,0.971404749846383
1780,1.00698677049431,47,1.22820824576464,1.05289046669223,0.913419691521549,0.623996288889993,0.971404749846383
1781,0.828147086102755,47,1.00845754607933,0.875943821561378,0.740515694524948,0.520985374232597,0.971404749846383
1782,0.603465556890356,47,0.697698751807779,0.626997211575655,0.575746502101952,0.399262472497353,0.971404749846383
1783,0.800174239762322,47,0.939627479490879,0.846376333443683,0.747813462415028,0.512805890964519,0.971404749846383
1784,0.86950955642487,47,0.99612149605182,0.939574785187183,0.831400436773102,0.577544877581698,0.971404749846383
1785,0.876577804286959,47,0.942618635343185,0.956721399936352,0.752044460168814,0.510666885829014,0.971404749846383
1786,0.993687187612404,47,1.0795180911564,1.06565121380141,0.903299269278948,0.614390570943132,0.971404749846383
1787,0.933102906093383,47,0.99409824719375,1.01324190282072,0.871521371290087,0.605851315453383,0.971404749846383
1788,0.844847518120132,47,0.864663486415834,0.90066142524051,0.795375406069698,0.549205952764962,0.971404749846383
1789,1.32965356762184,47,1.33384888945279,1.40196776225878,1.1791939747005,0.807899801495477,0.971404749846383
1790,1.23489064751796,47,1.20656746822771,1.31914247280473,1.07772378988364,0.755703089801556,0.971404749846383
1791,1.41132621685132,47,1.39673064394458,1.51107365338979,1.25491004926551,0.897705581356798,0.971404749846383
1792,1.30005796525638,47,1.26527989632379,1.37985010676673,1.15412327956245,0.830247296349635,0.971404749846383
1793,1.01246231886762,47,0.99789287864851,1.08083095540073,0.916269408117384,0.651319896279276,0.971404749846383
1794,0.885795552554607,47,0.874382368865629,0.954229311720253,0.798220869628249,0.56760681202835,0.971404749846383
1795,0.739423368101333,47,0.73779544486537,0.805435873897395,0.704663605773555,0.485222847816475,0.971404749846383
1796,0.848273819198784,47,0.825778985639837,0.904144480211489,0.768334024299993,0.533261227384842,0.971404749846383
1797,0.666780942846989,47,0.628866018985751,0.701964146977144,0.601619300654176,0.411003988219233,0.971404749846383
1798,0.948379780331592,47,0.909131587200333,1.00008735488155,0.855752570101686,0.603993965336139,0.971404749846383
1799,1.16224148414107,47,1.12148599934641,1.23338363285157,1.03221176972,0.722035452150774,0.971404749846383
1800,1.1310228050548,47,1.07375046394429,1.18665044052082,0.983900129860224,0.70272218082995,0.971404749846383
1801,0.970410348875027,47,0.966994632760388,1.05350327694725,0.920644140801595,0.639292907068567,0.971404749846383
1802,1.05265673591231,47,0.983775000370399,1.09803973654585,0.949490446477286,0.649616593350819,0.971404749846383
1803,1.46995502915588,47,1.4356788281856,1.54861524204566,1.30572466519779,0.910203030051448,0.971404749846383
1804,0.933386269449172,47,0.897738797986464,0.985252716973744,0.842960989932946,0.582566781157424,0.971404749846383
1805,1.36633855287286,47,1.31757841574158,1.46971969666915,1.23674572226571,0.868651020703461,0.971404749846383
1806,0.553858720946225,47,0.530928891448026,0.580813653898321,0.516407775826809,0.351400278125433,0.971404749846383
1807,0.823376356125568,47,0.799132390927631,0.868990139860123,0.759489735438,0.53100904447074,0.971404749846383
1808,1.00223743218953,47,0.964752560693136,1.04970653154703,0.931919139195289,0.656869367638876,0.971404749846383
1809,1.32559211100188,47,1.28195683363294,1.39626094320209,1.17915661376437,0.837708904220215,0.971404749846383
1810,0.928663902170194,47,0.891718282636761,0.970668569148687,0.820198568668187,0.573003004276116,0.971404749846383
1811,1.36440189594175,47,1.34776480061625,1.44981926915306,1.16103059347682,0.836007780743229,0.971404749846383
1812,1.0241186959115,47,1.0127716284892,1.09255570767227,0.922693315334103,0.6476912941284,0.971404749846383
1813,0.93064389991487,47,0.890722170789366,0.977463242064572,0.857637554175754,0.601159995168009,0.971404749846383
1814,1.0654748397797,47,1.03454604930632,1.12143921889926,0.936914780314406,0.653087507481293,0.971404749846383
1815,1.0659773276504,47,1.04019121014352,1.09505481414724,0.971463288034021,0.665501518578469,0.971404749846383
1816,1.0716191255398,47,1.05126161999999,1.12593727630664,0.959900317156932,0.674851334527954,0.971404749846383
1817,0.804087256668223,47,0.802148990377608,0.846567431704006,0.72883677076761,0.502397272410998,0.971404749846383
1818,0.496422687498646,47,0.482737421515392,0.511523410301362,0.465005234887467,0.316312041867488,0.971404749846383
1819,1.02185905311442,47,1.00216382269972,1.04952169254401,0.906747615370419,0.627382870670629,0.971404749846383
1820,1.20420837340124,47,1.18938778271891,1.24239467007609,1.07563600046072,0.756007901274998,0.971404749846383
1821,1.06373205876548,47,1.0566290271955,1.10528604975026,1.00142743984325,0.692669482945411,0.971404749846383
1822,0.852147820214235,47,0.836236946012134,0.889506866145943,0.753913113504288,0.517278257213681,0.971404749846383
1823,1.07170968389403,47,1.05300139272455,1.13242453329403,0.938609158318599,0.661672914900558,0.971404749846383
1824,0.812681708863652,47,0.839839032986406,0.868798173725748,0.748735890945046,0.51897637085016,0.971404749846383
1825,1.31062018035384,47,1.27814440559716,1.37218008897348,1.18110341778305,0.829981990532429,0.971404749846383
1826,1.43453790643713,47,1.39424809344137,1.50025902030034,1.23669017835015,0.874671243206168,0.971404749846383
1827,1.0085842931261,47,0.969671594519035,1.04638187596894,0.886456560963789,0.617941146243543,0.971404749846383
1828,1.21774962831705,47,1.18802082547889,1.24080092926402,1.05598144727495,0.745065551582736,0.971404749846383
1829,0.816202995816134,48,0.828390964587047,0.839293526696371,0.759951454810913,0.527369563539461,0.971672202903404
1830,0.982858361077453,48,0.956123704371643,1.01853271915399,0.838615455606517,0.584281820454952,0.971672202903404
1831,0.644882488527541,48,0.650528331967874,0.654357611521523,0.59998252879829,0.395630545209477,0.971672202903404
1832,1.02595973998193,48,1.04671436978443,1.06668661810051,0.96638526155066,0.656212708173404,0.971672202903404
1833,1.07561135826497,48,1.10975027011833,1.10585580250212,0.981620688066274,0.678538728003017,0.971672202903404
1834,0.924350829368209,48,0.965432563690863,0.956319930633539,0.85753135221668,0.58547386050362,0.971672202903404
1835,1.02408145816217,48,1.10802779807025,1.07624374189848,0.945176626563271,0.655933492324259,0.971672202903404
1836,0.982462081341943,48,1.09633233410228,1.03762903351404,0.909431845196822,0.627909161543362,0.971672202903404
1837,1.00887667383272,48,1.11288572049124,1.05948018782504,0.919418017634641,0.609915046699842,0.971672202903404
1838,0.961955451439463,48,1.08429948736321,1.02669556675537,0.914979550840462,0.645857009150129,0.971672202903404
1839,1.11405637597572,48,1.26305177884241,1.17429420723266,1.02360536678686,0.702719727478109,0.971672202903404
1840,0.968280884370554,48,1.15412480391606,1.02311406785622,0.913960515703222,0.605803707226865,0.971672202903404
1841,0.462853007630166,48,0.533931495922895,0.493884242231174,0.469514676809339,0.309849062909181,0.971672202903404
1842,0.645016074567793,48,0.751838012709907,0.677261533707825,0.603385584265305,0.403437609713976,0.971672202903404
1843,0.561440492547639,48,0.659988641763672,0.595843784618537,0.552066114079712,0.361884018583384,0.971672202903404
1844,0.645900950380118,48,0.759875839260712,0.678869768770635,0.622516196233585,0.420661874471801,0.971672202903404
1845,0.926584200006631,48,1.09792233237523,0.957942941683468,0.866840320945967,0.599447135624541,0.971672202903404
1846,0.566744320360101,48,0.658082631990257,0.600935933757932,0.544227299365605,0.360202150646836,0.971672202903404
1847,0.64986525451131,48,0.721468330299114,0.686224835138008,0.604220285062094,0.405190493676853,0.971672202903404
1848,1.17711287734559,48,1.32225428206063,1.22777918120902,1.09321960689442,0.752783239227197,0.971672202903404
1849,0.794079832090437,47,0.864476074707234,0.829329280345956,0.78618016294582,0.531555709358276,0.97111104335976
1850,0.718315442634057,47,0.767619263813293,0.756144065490678,0.667053288561422,0.449281122912146,0.97111104335976
1851,1.1360050058645,47,1.20486793387692,1.19477015370739,0.984477341587685,0.685957137259178,0.97111104335976
1852,1.24264048768555,47,1.26816677119348,1.28871952353265,1.12327183357714,0.779520354195637,0.97111104335976
1853,1.03712814027803,47,1.02177634309595,1.08043843296555,0.925754369243352,0.631369300115435,0.97111104335976
1854,1.14199857884134,47,1.11701536565882,1.17133460378339,1.07159851124216,0.749730182217714,0.97111104335976
1855,1.41565530352997,47,1.39078132674994,1.52143126034145,1.22933732714082,0.859158278674897,0.97111104335976
1856,1.07647563638094,47,1.0159024518818,1.15009130636545,0.993171538873972,0.689108830221118,0.97111104335976
1857,1.09695932233458,47,1.0286073111078,1.1480527517418,1.01616562502866,0.709624011626872,0.97111104335976
1858,0.976103801275792,47,0.915869668338467,1.02608601154074,0.895837182189267,0.624183900124066,0.97111104335976
1859,0.810553207361129,47,0.737598695402741,0.837060566576797,0.750226026320699,0.516798554863002,0.97111104335976
1860,1.00379910181233,47,0.927949262502692,1.04261529174545,0.907478192456557,0.645630762784339,0.97111104335976
1861,1.26899327708151,47,1.18099808392787,1.32713814069752,1.13949164362838,0.799723919418999,0.97111104335976
1862,1.27389268267904,47,1.16020456033287,1.33736023338415,1.10121886527498,0.794485774164531,0.97111104335976
1863,0.587684986729899,47,0.536467627159587,0.608720457191756,0.572978487656606,0.388226841940602,0.97111104335976
1864,1.31502681922712,47,1.18916842988497,1.36920307426795,1.20824418848462,0.863171014831839,0.97111104335976
1865,0.95642510547743,47,0.861694340210489,1.00417031541757,0.890522887969474,0.630539715945722,0.97111104335976
1866,1.46195850326429,47,1.34623211424951,1.53832773483827,1.31580795635962,0.945449967447259,0.97111104335976
1867,0.851601362933252,47,0.784769654737792,0.9012060227408,0.798314156774989,0.555395107084298,0.97111104335976
1868,1.23731011451731,47,1.1506944239861,1.28707271743819,1.10945788269688,0.798789250216986,0.97111104335976
1869,1.28502155126015,47,1.21098520646298,1.34400651905113,1.15671045286818,0.810252262689143,0.97111104335976
1870,1.33001752046581,47,1.27129221721571,1.38487746629907,1.18309592096706,0.859408842275334,0.97111104335976
1871,0.780596092752736,47,0.748893495444719,0.820331191413398,0.76427821002902,0.513389516645209,0.97111104335976
1872,1.05959009098195,47,1.04612732764542,1.1094384022054,1.00188181221572,0.698282661704845,0.97111104335976
1873,0.997816452444602,47,0.981075060504321,1.03237730649257,0.928388925432761,0.657357059033885,0.97111104335976
1874,0.774244614773366,47,0.753109907837986,0.792212637701835,0.739493499604296,0.510284672439648,0.97111104335976
1875,0.583911915296972,47,0.572557012269387,0.609759171464091,0.56639079552301,0.373819735176528,0.97111104335976
1876,0.751469397278778,47,0.74298774090407,0.79706956760402,0.703266618883909,0.475196454627374,0.97111104335976
1877,1.2807994695917,47,1.23882302798759,1.33387558368959,1.14868740941298,0.796807718526337,0.97111104335976
1878,1.18664266551194,47,1.14469577848009,1.23892205422746,1.0867371942636,0.762801343447498,0.97111104335976
1879,0.78661980574508,47,0.747078618940787,0.840262710772539,0.780371707958887,0.53038519893501,0.97111104335976
1880,0.81553382006941,47,0.787262722530814,0.86216002881313,0.797402268335317,0.540152596629858,0.97111104335976
1881,1.11518110937002,47,1.06301003468085,1.13988147151739,1.06215639759256,0.744650177946554,0.97111104335976
1882,1.13752199418643,47,1.08139331555483,1.16302695179239,1.06673104320678,0.75928714572322,0.97111104335976
1883,0.972577184865179,47,0.912539087542251,1.02442894950643,0.93060788197542,0.633435447245164,0.97111104335976
1884,1.44026336970729,46,1.34661736216727,1.51568823011451,1.30839896520428,0.930802645890418,0.97008841448729
1885,1.90713839767057,45,1.77253295868191,2.00678664042772,1.82940450940255,1.3226799452679,0.96973134143209
1886,1.14806072903035,45,1.08982089999269,1.19177400137307,1.11621780769336,0.777911626105193,0.96973134143209
1887,0.930554470616753,45,0.86801877067618,0.989274124478597,0.929383604602609,0.640836756450778,0.96973134143209
1888,1.32460617563127,45,1.22958493110879,1.39409838224265,1.24682830279067,0.856418101236013,0.96973134143209
1889,0.513210118308266,45,0.463442595877799,0.547357420075021,0.496069365206492,0.326871664576676,0.96973134143209
1890,0.679573310572454,45,0.629741728620891,0.713407975258071,0.656283032422012,0.444600042619351,0.96973134143209
1891,1.2443564068735,45,1.19876714455233,1.30278496225917,1.15642082901299,0.830783732152274,0.96973134143209
1892,0.818011752715938,45,0.796351527319185,0.853865564091894,0.776461925595157,0.533221720929616,0.96973134143209
1893,0.867596067755113,45,0.846716216165354,0.91959323498753,0.843806246219372,0.578099644323845,0.96973134143209
1894,1.20009658918934,45,1.16852092168596,1.25471334273231,1.13872584944306,0.796189541838105,0.96973134143209
1895,0.969129778499578,45,0.948402765616211,1.02421542415044,0.950067603577502,0.662648070849878,0.96973134143209
1896,0.849652366546446,45,0.818701366307171,0.897354729333521,0.834904080090606,0.58249291754815,0.96973134143209
1897,1.27310075822492,45,1.25237685662768,1.34468253324977,1.19886508830468,0.853147347742574,0.96973134143209
1898,0.875390745392889,45,0.834424701241272,0.918900274211892,0.828433902302629,0.568018895739265,0.96973134143209
1899,0.931725377637971,45,0.91079675246874,0.992676897974256,0.879341233125229,0.619543359890977,0.96973134143209
1900,1.3620745737679,45,1.3027593745349,1.44048351624265,1.28129517545602,0.923108404131204,0.96973134143209
1901,1.19607101466644,45,1.16198404371736,1.25578372982344,1.10262453826069,0.786316617390195,0.96973134143209
1902,0.876677549285048,45,0.825089000649265,0.934097883319542,0.831477124401403,0.57917705892009,0.96973134143209
1903,0.643222515022173,45,0.603575773848076,0.683972412256996,0.649108949825429,0.44777456043643,0.96973134143209
1904,1.00804730064311,45,0.947754623916938,1.06678284664876,0.985864076166001,0.682757867849911,0.96973134143209
1905,1.00840270087226,45,0.903686789618472,1.08710472094203,0.938632078813025,0.658631760421735,0.96973134143209
1906,1.40724707085492,45,1.27215103856362,1.49181374698913,1.30736242868233,0.929498703932319,0.96973134143209
1907,1.1879067624755,45,1.0840661346304,1.27764557272481,1.19139803042259,0.815836583010413,0.96973134143209
1908,1.17458767630068,45,1.0441881423865,1.26134944519996,1.12648114240101,0.780770788009863,0.96973134143209
1909,0.999740792324271,45,0.890641878764492,1.05448895564991,0.993526137079841,0.703059867074811,0.96973134143209
1910,0.87047009786632,45,0.771393824303951,0.922244421466555,0.863846852235111,0.595381670641789,0.96973134143209
1911,1.08731201203831,45,0.970086667918258,1.15512259963488,1.04046001716838,0.72290308728315,0.96973134143209
1912,0.864813367468978,45,0.764179954869767,0.920323404519256,0.829560382273025,0.570027674609276,0.96973134143209
1913,1.72756993703661,45,1.53914348293853,1.79503350322503,1.59271946849753,1.12957883486784,0.96973134143209
1914,1.53004846842733,45,1.37050066346845,1.63689188431941,1.4248210179805,1.0228155582227,0.96973134143209
1915,1.25001569101804,45,1.13112252363807,1.35490148242642,1.21210047350229,0.840267309775219,0.96973134143209
1916,1.44278861648062,45,1.32282601122681,1.53616720312228,1.35806029676638,0.952040453927219,0.96973134143209
1917,0.799311217900207,45,0.76813123564517,0.857132065422697,0.824401070929357,0.559855031907093,0.96973134143209
1918,0.676867723162027,44,0.647184200528731,0.716806953254621,0.687333967248491,0.441717946012865,0.969665787006896
1919,0.793792617236415,44,0.801176989268217,0.856722198595558,0.814891784932626,0.542765859774861,0.969665787006896
1920,0.815219397490375,44,0.832380386276755,0.874165520208225,0.819322881291554,0.551834488376807,0.969665787006896
1921,1.45069752875448,44,1.51869837599311,1.53427083284626,1.3749601372789,0.958343359211474,0.969665787006896
1922,0.691677517693451,43,0.764444886274107,0.729467013911001,0.753330201140762,0.494627358171807,0.969701381382986
1923,1.19505250729621,43,1.32865816358019,1.27343525241082,1.15164726495588,0.786104068578324,0.969701381382986
1924,0.40163797822225,43,0.442803781700716,0.431992329268659,0.431242059806097,0.274509637504934,0.969701381382986
1925,1.004860726885,43,1.13825064654318,1.0577702077689,0.968673015693069,0.646740797831822,0.969701381382986
1926,0.996703650860502,42,1.12689830765782,1.06355145666101,0.932945217351501,0.639797503437885,0.969076059964737
1927,1.00482911137926,42,1.15889803948188,1.0814148864378,0.992993323362118,0.679339186230701,0.969076059964737
1928,0.715802472069261,42,0.826592703732303,0.7680868111354,0.700190462683268,0.472885366352568,0.969076059964737
1929,0.736949798652901,42,0.828950131273546,0.785688611441099,0.707684443927293,0.467647369200656,0.969076059964737
1930,0.909279182049735,42,1.02336601605354,0.992670189053251,0.867057153750154,0.587774292424751,0.969076059964737
1931,0.451711419007449,42,0.47257168430199,0.49061171511344,0.439216349787855,0.282849277396532,0.969076059964737
1932,0.968538289014154,42,1.0523439535856,1.03906867626226,0.879971394886765,0.5991848942526,0.969076059964737
1933,0.531248167218941,42,0.570054769416692,0.586996566236956,0.548238394926903,0.368886321802499,0.969076059964737
1934,0.375575394040053,42,0.382180934857402,0.413817698035559,0.387154616885709,0.24395608285427,0.969076059964737
1935,1.02885956833863,42,1.08182435512225,1.1104820533003,0.979840891585102,0.687941881262015,0.969076059964737
1936,1.11421016378416,42,1.09678238134354,1.18019787432428,1.04601050656624,0.7413169957055,0.969076059964737
1937,1.1804768497204,42,1.10382089978585,1.23630658147057,1.05359168464007,0.744242013086074,0.969076059964737
1938,1.45767836537889,42,1.32653769321352,1.50950397259097,1.37688281433558,0.983702111306255,0.969076059964737
1939,0.941195951938241,42,0.852579452893888,0.992145080387876,0.90472587416341,0.609811955155532,0.969076059964737
1940,1.16988286605381,42,1.06189179339758,1.2152599264046,1.12651843491864,0.795398103630116,0.969076059964737
1941,1.76426961111646,42,1.57586579559383,1.85330893709732,1.64913179992308,1.1872329725521,0.969076059964737
1942,1.28309076670308,42,1.16762760144145,1.3422096924193,1.30683130107189,0.900674154064498,0.969076059964737
1943,1.52490388156086,42,1.37746648474481,1.57313822321703,1.50073690999049,1.0720763556331,0.969076059964737
1944,1.47264754998444,42,1.32744105949311,1.519143585537,1.39987962459927,1.00340240951767,0.969076059964737
1945,1.18701320097165,42,1.0916130403674,1.23904169691581,1.14702140906706,0.834152253522404,0.969076059964737
1946,1.03973911478581,42,0.983407282449112,1.09267508556732,1.02457559293492,0.734129346098344,0.969076059964737
1947,0.841123852640224,42,0.827634387033696,0.913604204000384,0.819656892485466,0.571222915726938,0.969076059964737
1948,0.722566397552954,42,0.748637631740291,0.795875120839089,0.721295328204269,0.494302729169271,0.969076059964737
1949,0.664719138621937,42,0.695794108231091,0.724688294158189,0.692087876724467,0.471098598571828,0.969076059964737
1950,0.436133218091906,41,0.456822625193403,0.479496391340088,0.449110471241186,0.295491063913991,0.968987261063184
1951,0.835811644626999,41,0.918081178161438,0.924415737856013,0.857574465856848,0.578300068123386,0.968987261063184
1952,1.04082642152139,41,1.18867508314474,1.14808478378893,1.08629429444366,0.763682020760167,0.968987261063184
1953,1.16511764427801,41,1.28190207325389,1.30317197410913,1.14778469133704,0.80113938965701,0.968987261063184
1954,0.674780388859349,41,0.716871517177643,0.741121808611663,0.69519431344529,0.469760413288249,0.968987261063184
1955,0.616291782801081,41,0.663579243076723,0.680029419142195,0.627559499928555,0.431495192745485,0.968987261063184
1956,0.691630230278738,41,0.766990050923014,0.743964571476538,0.675246817818093,0.459524015068908,0.968987261063184
1957,1.05601662071382,41,1.16180956867717,1.17060773701794,1.02048309410474,0.719929629639497,0.968987261063184
1958,1.3287715935865,41,1.45084869064296,1.43780341749495,1.29373511456618,0.884256518539776,0.968987261063184
1959,0.560569880335516,41,0.585807645779434,0.629936095295017,0.554659032950868,0.382797404865611,0.968987261063184
1960,0.854664303145775,41,0.938827878412356,0.950876495706637,0.875954178096861,0.611944407038528,0.968987261063184
1961,0.971931609397937,40,1.01934617664516,1.08240414733667,0.996391449383899,0.687265919291596,0.969386267930243
1962,0.959604276214195,40,1.00657643810795,1.04457543943752,0.967871062280048,0.666804672285831,0.969386267930243
1963,1.41818338043322,40,1.43013089170904,1.55528859413062,1.40563174692496,0.975440460573735,0.969386267930243
1964,1.15590249491194,40,1.14241058158056,1.27757829167702,1.17316870931728,0.813386635114845,0.969386267930243
1965,1.21170393524647,40,1.18124520556567,1.32038226883036,1.20477901027071,0.846916076823496,0.969386267930243
1966,0.604980965250274,40,0.571101745834032,0.666017518572807,0.637412186324134,0.428679644817684,0.969386267930243
1967,0.813901079947054,40,0.756526512646959,0.907815954033289,0.834034456293156,0.562754894483207,0.969386267930243
1968,0.801630506242583,40,0.719191659352593,0.899553905370137,0.829394062812116,0.578700931874716,0.969386267930243
1969,0.995917412059562,40,0.887269710840571,1.09539452591154,0.992779654780636,0.675599323949449,0.969386267930243
1970,1.29362175624769,40,1.13015572211691,1.38737957055302,1.25217191509924,0.887951550078463,0.969386267930243
1971,1.75760377053079,40,1.49332118111118,1.92220288242754,1.6370191107019,1.1976017050499,0.969386267930243
1972,1.21419731246051,40,0.994083639963205,1.33313047573719,1.22053268934209,0.85129370731479,0.969386267930243
1973,1.14253018769193,40,0.919901804528666,1.21881075619434,1.12783811627018,0.798647302824386,0.969386267930243
1974,1.02770936237588,40,0.847067150448709,1.14683734290591,1.04362631056533,0.736547305458416,0.969386267930243
1975,1.27946759808696,40,1.0651732283239,1.41219948707226,1.27624597332092,0.875969196799151,0.969386267930243
1976,0.984520941183477,40,0.814780943902705,1.0930589828845,0.989867236060921,0.688889684737532,0.969386267930243
1977,1.67061100160042,40,1.36167089959605,1.85861732486112,1.54449232517793,1.11709618110093,0.969386267930243
1978,1.36306272306304,40,1.05312075039708,1.52732442943472,1.2953273415304,0.923837768026,0.969386267930243
1979,1.10704387547839,40,0.85829170900762,1.21995014921154,1.05234860148073,0.729797541916194,0.969386267930243
1980,1.53553915061564,40,1.18295208986583,1.67776824670886,1.46459250469758,1.04516547416263,0.969386267930243
1981,1.30971677058766,40,1.02111851673796,1.4785580766277,1.28421733103666,0.894237763521097,0.969386267930243
1982,0.95259474317043,39,0.72328952845484,1.07685414303804,0.95466120713947,0.666735436218003,0.968833139006902
1983,1.39654541710749,39,1.03990134962644,1.5472453365433,1.35343326906706,0.95892199670043,0.968833139006902
1984,1.56358432927309,39,1.17210420196956,1.73273438161266,1.45605053922074,1.04978359601696,0.968833139006902
1985,0.592266801317885,15,0.532494244978887,0.675668782965046,0.585574829557011,0.401554700112627,0.925183049181534
1986,0.982096547876177,15,0.987176298417812,1.12981505278939,0.810449671100914,0.566645191482097,0.925183049181534
1987,1.18910314919571,15,1.20050202359112,1.36403114174782,1.04803619404163,0.735169382008632,0.925183049181534
1988,0.637173297320096,15,0.656182289243151,0.750026567380768,0.610477263840771,0.400289252073813,0.925183049181534
1989,0.688454087557803,15,0.68495073437278,0.814181777677321,0.665965219695297,0.440814174466596,0.925183049181534
1990,1.44429729713082,15,1.48425645620809,1.71419038192104,1.29642279684569,0.891021963107662,0.925183049181534
1991,0.907337302354412,15,0.942649135931373,1.05796273193852,0.809104967941678,0.499306515994309,0.925183049181534
1992,0.345908156298346,15,0.352532875636758,0.416922670302846,0.347694166525936,0.232777746485198,0.925183049181534
1993,1.12129743537656,15,1.11794824480804,1.28501994911115,0.993305289402176,0.662927163507406,0.925183049181534
1994,1.06345403118997,15,1.04735384763333,1.24559834270826,0.928209870774241,0.633910333151369,0.925183049181534
1995,1.00083073129053,15,0.951149713524525,1.13694458947688,0.785919515253097,0.533587243138951,0.925183049181534
1996,1.16472814048404,15,1.03824410680034,1.34036026910957,0.963776686265155,0.667053292572686,0.925183049181534
1997,1.2039095661504,15,1.0615168529596,1.38813969668283,1.04539758168493,0.702004431600306,0.925183049181534
1998,1.36012109147424,15,1.19074534962699,1.58689608325053,1.20775184189247,0.822678460795793,0.925183049181534
