"year","ModNegExp","samp.depth","Spline","AgeDepSpline","RCS","SFRCS","EPS"
476,0.403315497191434,1,0.507119372972465,0.483925465418066,0.291666666666667,0.234805157416497,NA
477,0.692600619379132,1,0.85414484829074,0.827507762877894,0.525896414342629,0.388062445028769,NA
478,0.86725305717183,1,1.05034111487995,1.0317995068268,0.609981515711645,0.473244087702387,NA
479,0.926671286384562,1,1.10473460239023,1.09784247593442,0.730795847750865,0.5527620736214,NA
480,1.07331398675856,1,1.26367239162542,1.26622282774895,0.76264834478451,0.61979082276478,NA
481,1.30763070602534,1,1.52652529435689,1.53617555410264,0.968057366362451,0.802753993140439,NA
482,0.989685577018248,1,1.15039595885967,1.15778377670312,0.760162601626016,0.604581970937162,NA
483,1.16633213235784,1,1.35481014355463,1.3587117104804,0.897348742352141,0.647607100628135,NA
484,1.22674321137965,1,1.42776392115658,1.42308845359429,1.02287822878229,0.717688356454713,NA
485,0.468128065726665,1,0.546443042180828,0.540769235227055,0.348055372445616,0.284517298432158,NA
486,0.615463803096786,1,0.719689684716466,0.707965669974578,0.447385409941898,0.347059612125857,NA
487,0.58715118865332,1,0.685828590884649,0.672531476034846,0.444743935309973,0.357722213282058,NA
488,0.882218447376472,1,1.02534199677176,1.00618913489705,0.691340782122905,0.50970966738873,NA
489,0.382940560652291,1,0.440889421045405,0.434871287526582,0.287919463087248,0.209085730779719,NA
490,1.09174467823285,1,1.23940936464453,1.23440780182849,0.747703612982241,0.579091958150051,NA
491,0.295562213621417,1,0.329485965522815,0.332716528052021,0.190641247833622,0.151236219517667,NA
492,0.769750569520613,1,0.83963378964327,0.862661678274784,0.498257839721254,0.386436355971177,NA
493,1.27517884027502,1,1.35808861214374,1.42266061374517,0.768689057421452,0.575353940019831,NA
494,1.06937327446602,1,1.1113740510883,1.18760404755561,0.676537585421412,0.466252059542286,NA
495,1.2496791173179,1,1.26797095205692,1.38141211257785,0.759036144578313,0.607810894190805,NA
496,0.566269844908779,1,0.561549433924924,0.623015565515351,0.371886120996441,0.294514438574893,NA
497,1.13441578052535,1,1.10106389087724,1.24212409382163,0.704494382022472,0.60363557285109,NA
498,0.986778432770188,1,0.939466487525672,1.0752133614621,0.640588235294118,0.500179137008855,NA
499,1.13816328373539,1,1.06598160747132,1.23402960151367,0.762310030395137,0.605964826930395,NA
500,1.44004379133002,1,1.33162615365897,1.55347912523978,0.958257713248639,0.801627744607654,NA
501,1.5626060973436,1,1.43264046352117,1.67706524516813,0.958659217877095,0.821036838372071,NA
502,0.541787036521367,1,0.494560832459976,0.578444099493776,0.351895734597156,0.28972546190252,NA
503,1.35667798221255,1,1.23766425609268,1.44079929178915,0.891891891891892,0.769207739792319,NA
504,0.543554573163443,1,0.497454724509262,0.574150429847757,0.329450915141431,0.268532224521479,NA
505,1.05862783217905,1,0.975735565960223,1.11210114617618,0.633223684210526,0.523919042811362,NA
506,0.878569466815493,1,0.819329555882461,0.917823606132514,0.524958859023587,0.378772303221374,NA
507,1.7599777532731,1,1.6702227606306,1.82825850749853,1.05396475770925,0.837527360653382,NA
508,1.27652047451986,1,1.24145938381882,1.31847696355693,0.769572459744586,0.619636960797037,NA
509,1.1263614121142,1,1.13120841781483,1.15666108707823,0.634615384615385,0.546203989809897,NA
510,1.85995165603104,1,1.94423644221915,1.89882735944013,1.04138644593895,0.888031167246686,NA
511,0.82457394009696,1,0.904063635749055,0.836842448634518,0.50885208452313,0.418700972555552,NA
512,0.948243326046657,1,1.09723813028195,0.956626140220973,0.620375985445725,0.48483744080708,NA
513,0.337008835811947,1,0.413261103862847,0.33795100631064,0.210556844547564,0.170647685130013,NA
514,0.490972683516925,1,0.639051183709826,0.489378959481638,0.286334056399132,0.236129032135346,NA
515,0.430281201335833,1,0.594052013880238,0.42629027793269,0.265975820379965,0.221687481255338,NA
516,0.923487088738818,1,1.34874344893823,0.90937466576965,0.536004331348132,0.470197350511815,NA
517,0.493302186826159,1,0.758718941688794,0.482816789546647,0.272305312016503,0.251209808171365,NA
518,0.216158756354897,1,0.347720156920163,0.210282133633933,0.127553837658752,0.101103362118927,NA
519,1.17527196461768,1,1.95957620479462,1.13641179027158,0.624191139870582,0.536196418087367,NA
520,0.40269512546139,1,0.688621891196894,0.387038224275725,0.23052122514777,0.196245819899112,NA
521,0.155124187744923,1,0.268592382284011,0.148202044079664,0.0923335198656967,0.0722694076744301,NA
522,0.714680784049561,1,1.23501268979899,0.678743577780557,0.406316916488223,0.330262076529433,NA
523,0.497940285305152,1,0.846426876797009,0.470128160645354,0.306976744186046,0.24864702048888,NA
524,0.311694080071213,1,0.51396623059974,0.292579510235454,0.172323759791123,0.143745825682491,NA
525,0.0624349955222164,1,0.0986173057851229,0.0582713669592146,0.0439862542955326,0.0332181869338853,NA
526,0.500248588194861,1,0.749336284846327,0.464263413030259,0.337285902503294,0.265852415957796,NA
527,0.563643444249819,1,0.795708317819818,0.52020955853919,0.372093023255814,0.278415805144843,NA
528,1.19173552514377,1,1.58181957023039,1.09394821263221,0.76,0.627904682154118,NA
529,0.502549535326262,1,0.627719788791926,0.458870562259775,0.330963154492566,0.264271257309005,NA
530,1.82451636258119,1,2.15092768177983,1.65732789821545,1.2218564845293,0.936770911863635,NA
531,0.850633892634141,1,0.95074660535002,0.768795565603535,0.512151748666271,0.429585897819301,NA
532,1.67229238979024,1,1.78007944239142,1.50400421431429,1.02291917973462,0.873723544143288,NA
533,0.568806501330996,1,0.578957453199709,0.509136144307323,0.402797202797203,0.340927432562982,NA
534,1.04438341997712,1,1.01937645135521,0.930525448833033,0.691552062868369,0.572388874946117,NA
535,1.2995175499304,1,1.2189084596184,1.15270438673113,0.827760252365931,0.708857149475866,NA
536,0.698347399066916,1,0.630431976471588,0.616801478520991,0.53454821564161,0.390270965836977,NA
537,1.49415457614804,1,1.29931224622722,1.31425552223336,1.11324944485566,0.861212652708454,NA
538,2.13314114884272,1,1.78786533733818,1.86890858134795,1.66201550387597,1.17723487276518,NA
539,0.733361379676064,1,0.592311324775184,0.640096888134714,0.508638562543193,0.381568842255636,NA
540,0.57478629484168,1,0.446582883770717,0.499884126282883,0.415884476534296,0.296540457648736,NA
541,0.959394328885224,1,0.715185746330826,0.831519017874579,0.62992125984252,0.499482119091767,NA
542,0.896755836293863,1,0.639802351180418,0.774709290234466,0.635460992907801,0.501795046880292,NA
543,1.21881660572977,1,0.83083717877948,1.04971213417002,0.888888888888889,0.639297213235601,NA
544,1.38121124787051,1,0.899151092719815,1.18614350928672,0.897001303780965,0.684058537760659,NA
545,1.12588719864368,1,0.700561379945584,0.964262462751115,0.732504905166776,0.591626348090128,NA
546,1.77183393741657,1,1.05620064983074,1.51364645455123,1.16171617161716,0.937157002417678,NA
547,1.67762722310467,1,0.961735870651662,1.4298004299731,1.11827956989247,0.904741415717704,NA
548,2.035460941487,1,1.12801935204262,1.731004723432,1.344,1.06960634071534,NA
549,1.81191851433169,1,0.976947083936566,1.53782190574403,1.11166253101737,0.933462377006034,NA
550,3.40225341322561,1,1.79808951593098,2.88231589126457,2.122552116235,1.78226846926719,NA
551,1.88204667787825,1,0.983054807570573,1.59179679268738,1.23733333333333,1.0497034674793,NA
552,2.30719392246729,1,1.20091050391687,1.94848680652819,1.4517571884984,1.2679569557594,NA
553,2.08270325503193,1,1.08906593361161,1.75658700553423,1.31450577663671,1.17714535937701,NA
554,2.28121098108559,1,1.20786898061523,1.92180026779255,1.45171743357097,1.29775229664345,NA
555,1.99074467396892,1,1.07547080791206,1.67544162778657,1.24015247776366,1.18457847772557,NA
556,1.99357326556492,1,1.10671518194696,1.67643233078482,1.39248895434462,1.15273394548571,NA
557,1.27638572425998,1,0.732880223976086,1.07261451975014,0.877995642701525,0.754182314765864,NA
558,1.86812305768881,1,1.11592210186362,1.56906729410331,1.40796812749004,1.08793597936095,NA
559,1.73947471337499,1,1.0868313576187,1.46047325417581,1.17189728958631,0.974506457751368,NA
560,1.54472105603401,1,1.01436122010374,1.29666731467016,0.992506811989101,0.820371327550618,NA
561,0.822811799218608,1,0.570088953202718,0.690627985360459,0.595695618754804,0.468926205321849,NA
562,1.64792384517843,1,1.20820978397196,1.38326902495,1.16104868913858,0.888401393970311,NA
563,0.330044199828643,1,0.256615370500535,0.277093720296525,0.249396621078037,0.190721660424376,NA
564,1.38811263944933,1,1.14608745060283,1.1657947279223,1.11377245508982,0.877051380273605,NA
565,1.55551761683872,1,1.36542996809921,1.30698731573459,1.21214642262895,0.96828529009375,NA
566,1.25939126606963,1,1.17645470427541,1.0587927796786,0.981067125645439,0.703095934698649,NA
567,0.63056380006178,1,0.626857504673645,0.530501387363083,0.509838998211091,0.385225665521994,NA
568,0.631430766773915,1,0.667042892267594,0.531670207453619,0.526315789473684,0.394066038914199,NA
569,0.798690351488177,1,0.894160439081995,0.673138763553041,0.660550458715596,0.493301689939949,NA
570,1.39961922869763,1,1.65469864199872,1.1808499648026,1.08527131782946,0.897191558432674,NA
571,0.533915297764246,1,0.663664579630369,0.450986505940933,0.443213296398892,0.353948054965886,NA
572,0.63488653279291,1,0.824730586465655,0.536957624473548,0.499124343257443,0.405452577078889,NA
573,0.970351332849007,1,1.30737842574291,0.82180853801138,0.752595155709343,0.604999979726094,NA
574,0.703618360297693,1,0.974630876010165,0.596788272104157,0.563002680965147,0.430797146237233,NA
575,0.134203266704091,1,0.189163543991105,0.114006638132075,0.103270223752151,0.0793553216528962,NA
576,0.772706434994303,1,1.09583710589552,0.657516622934809,0.648832684824903,0.468151527051136,NA
577,0.538255708823885,1,0.759629520993729,0.458823884303767,0.415398388540734,0.314932870542106,NA
578,0.808463183270165,1,1.12400571261187,0.690433110330582,0.638532110091743,0.470989056199525,NA
579,0.978195642388828,1,1.32815606200823,0.837006341617377,0.749554367201426,0.57377037332096,NA
580,0.236430154206418,1,0.311207207726897,0.202714165125482,0.189542483660131,0.13546085851068,NA
581,0.777872006406722,1,0.986510548720457,0.668348577358203,0.635843660629171,0.509608674383789,NA
582,0.778900545138527,1,0.947713500575786,0.670694773465909,0.621621621621622,0.476041834844097,NA
583,1.01729679924475,1,1.18481543729998,0.877954382520926,0.795246800731261,0.626543056589547,NA
584,0.780953003938883,1,0.870134685895094,0.675558311169816,0.659090909090909,0.436259336505869,NA
585,1.49595583436754,1,1.59569981748459,1.29718433710748,1.22339405560882,0.952534812336132,NA
586,1.49791164561483,1,1.5322830322143,1.30210032081984,1.28758829465187,0.949469388733345,NA
587,1.05672269817587,1,1.03846108892938,0.92092444475026,0.79982206405694,0.65369906683557,NA
588,0.648510725709731,1,0.612813940516509,0.566647930902033,0.578174186778594,0.433083503125244,NA
589,0.991115302005886,1,0.900716778910875,0.868322508960574,0.888067581837381,0.590147067076597,NA
590,0.684411351023685,1,0.598170145485927,0.601258848149871,0.600414078674948,0.432641264406414,NA
591,1.09646965506409,1,0.921773849487829,0.965948754866289,0.977871443624868,0.706273876727559,NA
592,0.651865623317528,1,0.527579193679516,0.575908756894271,0.652843601895735,0.441555040296758,NA
593,1.27104946430941,1,0.99218201308982,1.12621236502214,1.20291479820628,0.914187681247259,NA
594,1.41026019540057,1,1.06522618759825,1.25326411136883,1.34198645598194,1.01566147316104,NA
595,1.99754450658694,1,1.46678932711739,1.78052389879735,1.76310272536688,1.32331669717995,NA
596,2.00008274174928,1,1.43587826626282,1.78825303132458,1.79700854700855,1.42265362755042,NA
597,1.65733814161386,1,1.17024089245916,1.48642394301463,1.46526315789474,1.1143140273736,NA
598,1.93600403165628,1,1.35206063252623,1.74184099886212,1.60792079207921,1.37324906904501,NA
599,1.21152684954771,1,0.840930025970703,1.0935165100186,1.10446137105549,0.910193351500922,NA
600,1.28236577966622,1,0.887993219642154,1.16121567175444,1.16630434782609,0.918790637528159,NA
601,1.63099144271607,1,1.12994455882559,1.48176453604579,1.35756972111554,1.18407501676778,NA
602,1.25083028371753,1,0.86881727631197,1.14016996490591,1.11063829787234,0.910005729359851,NA
603,1.21759941089464,1,0.849023260829886,1.1136167703626,1.10446137105549,0.90985951562302,NA
604,1.42810184061556,1,1.00031355707918,1.31058850218087,1.32997762863535,1.02073654540742,NA
605,0.313873904754347,1,0.220894548569115,0.289036866143449,0.285245901639344,0.224273421473952,NA
606,1.25704557699608,1,0.888924721116067,1.16159364090218,1.01260911736178,0.879219112582331,NA
607,1.64316301376648,1,1.16870282458912,1.52371117487175,1.4302203567681,1.054185979744,NA
608,2.27524866373642,1,1.631334791131,2.11730106887327,2.06462212486309,1.60768520140836,NA
609,2.62849978033608,1,1.90592840681641,2.45474120215704,2.22222222222222,1.80993378095666,NA
610,1.12286174173412,1,0.825909031392844,1.05239717402623,0.941176470588235,0.753739286794369,NA
611,0.702642449779859,1,0.525070303607554,0.660928279445228,0.685434516523868,0.509426833512891,NA
612,0.738669597497814,1,0.560817495338553,0.697343926028196,0.629550321199143,0.525369907347567,NA
613,0.915649539969098,1,0.705759814472122,0.867586053479872,0.897657213316893,0.603215760670483,NA
614,1.41039056383729,1,1.10278255712963,1.34127598315484,1.1864406779661,0.928898104175851,NA
615,1.27087793480464,1,1.00777137503751,1.21307156151857,1.16397228637413,0.89724042828357,NA
616,0.60085636580624,1,0.483322177050124,0.575658335625668,0.554778554778555,0.381650270260808,NA
617,1.06160237032978,1,0.866999334938343,1.02087990344486,1.08667529107374,0.805094781441209,NA
618,2.01944874790229,1,1.67834506301531,1.94926430071809,1.88429752066116,1.3898735910559,NA
619,1.66713846228204,1,1.41559175996383,1.61525294907118,1.46547884187082,1.09656910737272,NA
620,1.95321844547512,1,1.70267168514805,1.89957268751939,1.55085599194361,1.18874587720715,NA
621,1.1733156546233,1,1.05508507898669,1.14540965471221,1.02325581395349,0.85920334078758,NA
622,0.925519465724093,1,0.86166737276613,0.906935611114494,0.798245614035088,0.665647026563026,NA
623,0.356387105584481,1,0.344247997719002,0.350559111542462,0.323699421965318,0.231755339859278,NA
624,0.392484881489919,1,0.39361244623727,0.387537254778484,0.336612021857923,0.249125877122052,NA
625,1.53605038654708,1,1.59969941086364,1.52247274128396,1.28907922912206,0.961947784522582,NA
626,1.43054740511222,1,1.54791913023707,1.42331677692706,1.21343445287107,0.955459471631755,NA
627,0.680298666344805,1,0.764885624639086,0.679446598359195,0.647201946472019,0.476848790956355,NA
628,0.466006129889873,1,0.543710363377632,0.467201590872153,0.43436754176611,0.330700181784197,NA
629,0.610095697600781,1,0.736717276123246,0.613998968833077,0.530066815144766,0.409343552329063,NA
630,1.3653120064057,1,1.70061027831326,1.37929783339775,1.11064718162839,0.884868211346383,NA
631,0.827320777245377,1,1.05892109702558,0.838987448563655,0.780606060606061,0.557593310879757,NA
632,0.180057989088364,1,0.235610432202421,0.183293767307541,0.151843817787419,0.107629004640892,NA
633,0.540789763668744,1,0.718722596146468,0.552605725764588,0.503597122302158,0.360038565215554,NA
634,0.721872554357198,1,0.967759114741365,0.740451098056501,0.666666666666667,0.4874509766029,NA
635,0.325210752905077,1,0.436983323237356,0.334847048292499,0.3,0.220211626274092,NA
636,0.904383798105944,1,1.21131516560181,0.934708848524079,0.795454545454546,0.646155042770394,NA
637,1.19513126883375,1,1.5894777041003,1.23987229513501,0.948665297741273,0.769063327741392,NA
638,0.688878617898,1,0.90751435932352,0.717359864407172,0.550155118924509,0.466420743382843,NA
639,0.725947254339888,1,0.945553473551489,0.758799815021523,0.579110651499483,0.446565442888813,NA
640,0.981122732716523,1,1.26184856012673,1.02936057084843,0.756,0.591076869684651,NA
641,0.618431406926163,1,0.784773078564111,0.651255704494599,0.510182207931404,0.392380404610189,NA
642,0.327768118088747,1,0.410177472052309,0.346446208204459,0.270967741935484,0.204314811710243,NA
643,0.947933065728392,1,1.17002431582259,1.0056542405052,0.772004241781548,0.623537286760866,NA
644,1.02197678156804,1,1.24600065619433,1.08819392128392,0.809081527347781,0.625140750788605,NA
645,1.38849339164572,1,1.67666234622575,1.48386777903904,1.08350305498982,0.877248387383819,NA
646,0.621848966641868,1,0.746155713857072,0.66698157269303,0.47887323943662,0.332770893622411,NA
647,0.585909188020537,1,0.700685850534174,0.63070708894888,0.467153284671533,0.396429425777425,NA
648,1.13643580399244,1,1.35857082731194,1.22772557132986,0.943478260869565,0.7425142688271,NA
649,1.10097109692497,1,1.32010370042012,1.1936619798511,1.0059880239521,0.755932168943201,NA
650,1.24911836301764,1,1.50711634900469,1.35908840297009,1.11737089201878,0.882223651399027,NA
651,1.25046681827051,1,1.52201078838,1.36535046961406,1.13198573127229,0.838838844710599,NA
652,0.515452249249167,1,0.633419765049261,0.564777035085674,0.4688995215311,0.350771895712755,NA
653,0.589720339107448,1,0.730431270189822,0.648394992769511,0.590250329380764,0.435533229367997,NA
654,0.590351134409883,1,0.734171293357295,0.65132361474401,0.569250317662008,0.400443772941819,NA
655,0.147745167285971,1,0.183469397935942,0.163561126476199,0.165191740412979,0.116367830835153,NA
656,0.332780029716269,1,0.410013122586865,0.369650719571115,0.31304347826087,0.249729600841465,NA
657,0.851339178941426,1,1.03466277706818,0.948835915783522,0.754098360655738,0.611927182863497,NA
658,1.37099266774136,1,1.6366315964631,1.53307758227703,1.24071856287425,0.942597032600646,NA
659,0.927322142158067,1,1.08439339777898,1.04036577897849,0.854700854700855,0.664623218627055,NA
660,0.445582034666843,1,0.509344835465006,0.501527864953251,0.452830188679245,0.314049719828284,NA
661,0.966438392448094,1,1.07811786329896,1.09128628701966,0.970666666666667,0.763086291288843,NA
662,0.558142487041355,1,0.607218890282647,0.6322539131151,0.515337423312883,0.398439372930242,NA
663,1.37818381949147,1,1.4627692347367,1.56610160133029,1.20886814469078,0.966628370052472,NA
664,1.23046584938521,1,1.27620753383853,1.40259653327986,1.10131108462455,0.878832638151815,NA
665,0.78383333283434,1,0.796245716699507,0.896233237326152,0.686915887850467,0.571701780612437,NA
666,1.00882448724603,1,1.00617675564254,1.15699216701493,0.894674556213018,0.727082525065189,NA
667,0.598436210069492,1,0.587656042959284,0.688387816458402,0.533969010727056,0.420074815832652,NA
668,1.60994478592414,1,1.56171492901408,1.85741730903986,1.39030023094688,1.08674744250242,NA
669,1.27427952923436,1,1.22618318525572,1.4744456403063,1.07814269535674,0.804763313053323,NA
670,1.3881276255784,1,1.33086257884164,1.61079786047493,1.2436974789916,0.890057756323745,NA
671,1.31442625486907,1,1.26077823259659,1.52959754393393,1.07338444687842,0.880728563102297,NA
672,1.50372114444306,1,1.44775434049433,1.75476503549826,1.19530416221985,1.09587292807264,NA
673,0.489202233729106,1,0.47365472265284,0.572442559389941,0.440677966101695,0.365730213268447,NA
674,0.339018958077183,1,0.330091135760951,0.397777389304278,0.295427901524033,0.244395233441421,NA
675,0.301652197878431,1,0.294998235806851,0.354875276608703,0.273170731707317,0.214161067412035,NA
676,0.71713972088429,1,0.70356137708049,0.845875416158662,0.670870113493064,0.483384408249159,NA
677,1.24679894986526,1,1.22719016682944,1.47439002958852,1.03471444568869,0.780036320841934,NA
678,1.47495255348863,1,1.45927465976161,1.74858612241555,1.37704918032787,0.983776645332759,NA
679,1.81712282048501,1,1.81334039449677,2.15956213735386,1.48508287292818,1.13452679599127,NA
680,1.32629258478959,1,1.34047020544644,1.58005563253653,1.13033448673587,0.855768382128875,NA
681,0.796558170642554,1,0.818260966786807,0.951220214007473,0.73225404732254,0.547237050883139,NA
682,0.607496451124829,1,0.635716878625123,0.727137492704875,0.533333333333333,0.426630550009993,NA
683,0.798118314116902,1,0.85182161764022,0.957475649997401,0.655518394648829,0.525833003852572,NA
684,0.798895835589965,1,0.870154595157928,0.96054233662375,0.694214876033058,0.524681066473658,NA
685,1.75166172147297,1,1.94773230289082,2.11067075807864,1.62216624685139,1.17681721232715,NA
686,1.14349396097198,1,1.29798632048034,1.38078425534723,1.20171673819742,0.798255257982128,NA
687,0.305225975721051,1,0.353059305217513,0.369328425852571,0.261988304093567,0.218215531035818,NA
688,0.763798947859452,1,0.896600124801737,0.926076782547303,0.728218465539662,0.568212331047994,NA
689,0.305812532839229,1,0.362190731153662,0.371515668020083,0.293963254593176,0.225834433623626,NA
690,0.726998986604913,1,0.862705425138988,0.884884554369925,0.673417721518987,0.548625719352388,NA
691,0.497894295749849,1,0.587831256536974,0.607152499016722,0.43281807372176,0.35142828547898,NA
692,0.843390603558793,1,0.984262885910413,1.03032427870959,0.859135285913529,0.676976432347688,NA
693,0.383722304617115,1,0.440329946820584,0.469594844154441,0.381991814461119,0.320238113912657,NA
694,0.729760416695256,1,0.820378943520765,0.894590118838397,0.724795640326976,0.532002251711044,NA
695,0.768891481143973,1,0.845568502062204,0.944110103075104,0.743691899070385,0.556762719274051,NA
696,1.53922494592091,1,1.65773109079108,1.89299579570356,1.419185282523,1.08295124313509,NA
697,1.46363048553372,1,1.54912032320941,1.80278943707134,1.39782016348774,1.10010102833124,NA
698,1.00236443466948,1,1.04761032580314,1.23646305090536,0.983193277310924,0.744580657811203,NA
699,1.27341334609714,1,1.32101800664943,1.57305049049211,1.14967741935484,0.904195799721309,NA
700,0.818608517318157,2,0.863575055863852,0.960746184155299,0.961771844660194,0.766113447827844,0.46747714425947
701,1.10895105915669,2,1.16407033744971,1.2909195966413,1.31792062519154,1.05985556822589,0.46747714425947
702,1.09332224405974,2,1.14249861184257,1.26697933862925,1.27749659499951,1.01274042805556,0.46747714425947
703,0.68973333795757,2,0.71327230960949,0.765035202865632,0.996579283887468,0.756624135311503,0.46747714425947
704,1.21222464389646,2,1.25288016002533,1.37030716725665,1.62221064064259,1.25837543788754,0.46747714425947
705,0.983390930573,2,1.01496575029149,1.11195867530768,1.32450988600888,1.07052698320946,0.46747714425947
706,0.839037132940436,2,0.840110297408716,0.900144366081234,1.29349593495935,1.03883298517851,0.46747714425947
707,0.631939785000528,2,0.645976632286558,0.701810848004155,0.900577838205302,0.666732043272364,0.46747714425947
708,0.950210289805722,2,0.975216610026841,1.05819402665258,1.40344202700187,1.02861570878451,0.46747714425947
709,1.10810053721147,2,1.15726144523647,1.25818699020587,1.39251719127293,1.15919330918756,0.46747714425947
710,1.27897404448115,2,1.34430347772797,1.45421641241617,1.57711131681136,1.26939697337673,0.46747714425947
711,0.952155321940565,2,0.994842579697507,1.06127631762257,1.26138869706623,1.01876762164476,0.46747714425947
712,0.628177576504454,2,0.661569014266304,0.698540000030619,0.854096285419847,0.652105074719047,0.46747714425947
713,0.71036467437784,2,0.759031649605129,0.795113285465951,0.948901351475591,0.732359756016099,0.46747714425947
714,1.18468226909787,2,1.29073184414768,1.34510010502253,1.38093233312921,1.06716097702825,0.46747714425947
715,1.12570149022631,2,1.24378441325756,1.27973473055496,1.25346850916332,1.00725577478237,0.46747714425947
716,1.35496024802913,2,1.52003782931833,1.53861900121203,1.48147761823387,1.19481353354574,0.46747714425947
717,0.897411913977013,2,1.03478285631138,1.03873032065018,0.925098745105399,0.71759217561654,0.46747714425947
718,0.845419811336243,2,0.984668817811055,0.961101145487504,0.920851924086033,0.703270040223404,0.46747714425947
719,0.340301265086787,2,0.390507516289215,0.364966154917109,0.385855108746675,0.31254750131804,0.46747714425947
720,0.698091321089291,2,0.831213900139439,0.776914938246839,0.826077413893113,0.640526786317251,0.46747714425947
721,1.03125301281202,2,1.22813618446986,1.12750544683049,1.18180639585134,1.01428707360912,0.46747714425947
722,0.121394198715304,2,0.143995721758462,0.130681861360012,0.146824053063362,0.113730982237365,0.46747714425947
723,0.67597261022924,2,0.814600518600525,0.736455290778268,0.801129139937883,0.643566131742375,0.46747714425947
724,0.691734273470808,2,0.820917650029812,0.740222158872705,0.856617360515738,0.699613348244004,0.46747714425947
725,1.05882362745329,2,1.32360634065376,1.1809258169753,1.09971199555849,0.928583708626038,0.46747714425947
726,0.87939142672727,2,1.14612556824374,1.00383822252286,0.946745333204372,0.753346901746688,0.46747714425947
727,1.24674954270138,2,1.62501442221899,1.40616960936499,1.3495840622657,1.13747620400655,0.46747714425947
728,1.28777208642053,2,1.67865960817259,1.43366995336907,1.36403032485432,1.08688379142756,0.46747714425947
729,1.1187505814799,2,1.47098141160237,1.2340621725269,1.16501618903279,0.928544508164004,0.46747714425947
730,0.539856565006509,2,0.65867587735029,0.569129552256845,0.600248637192716,0.436828676699238,0.46747714425947
731,0.607626018072456,2,0.682764894230354,0.61684967198099,0.679166377605883,0.543551812541171,0.46747714425947
732,0.224302384133831,2,0.236697602306668,0.222478625981067,0.258053940621223,0.20617287989136,0.46747714425947
733,0.861859702636257,2,0.86861470889286,0.842721780608942,0.934145413018653,0.801809203072655,0.46747714425947
734,0.878368366256465,2,1.05413881493631,0.897601274274474,0.93924448914807,0.789685991896678,0.46747714425947
735,0.642918609811513,2,0.686168587372931,0.635232617413367,0.753746291317853,0.618803429545622,0.46747714425947
736,0.832833836951082,2,1.21308579562653,0.892261852577574,0.982701901647159,0.737161320105403,0.46747714425947
737,0.745121710803815,2,0.895456718872515,0.754686981896654,0.86252411678386,0.695656121954773,0.46747714425947
738,1.0403806719465,2,1.52234685882595,1.11241534519863,1.09426166371527,0.897330451636333,0.46747714425947
739,0.555098077861443,2,0.765650616374254,0.583160225427157,0.617227338653055,0.514430251794864,0.46747714425947
740,0.875043016380153,2,1.16939228405103,0.911448721954935,0.927336792484285,0.796086132947936,0.46747714425947
741,0.950278044767065,2,1.32424582286907,1.00589698242402,0.981160857927904,0.845512998942517,0.46747714425947
742,0.230678691378114,2,0.271103694361447,0.231486678285108,0.255706579450367,0.201056484202361,0.46747714425947
743,0.720352926711232,2,0.932060771605472,0.750278529833731,0.729247446998063,0.616678526042205,0.46747714425947
744,0.783319174097051,2,1.02930095805905,0.827282282311901,0.821405442413101,0.69187679632069,0.46747714425947
745,0.985618561212596,2,1.31573322437522,1.06011135219543,0.998152655389325,0.812384942265183,0.46747714425947
746,0.804849755862236,2,1.06728365081014,0.875979600577334,0.826206543409238,0.670233573504538,0.46747714425947
747,0.406017682895701,2,0.425951075686824,0.397559714516896,0.450906827880512,0.36562066501968,0.46747714425947
748,0.536730080531176,2,0.578538822602946,0.539128462995535,0.541235542218494,0.451945348912372,0.46747714425947
749,1.03024537272764,2,1.18095401982421,1.09464711306229,1.2310852199709,0.958334231247571,0.46747714425947
750,0.829319337713646,2,0.958259118795261,0.908946539107496,1.01938099175853,0.73452455210032,0.46747714425947
751,0.439282583066883,2,0.465353245611743,0.463466513293482,0.500962119962615,0.383136966731182,0.46747714425947
752,0.93624337507728,2,0.979229000301917,1.00429779121641,1.07931407942238,0.824617622433231,0.46747714425947
753,1.12194241295636,2,1.14971519345372,1.21462563446167,1.31784215784216,1.00136911281972,0.46747714425947
754,1.29817740409091,2,1.2829210262886,1.39347247526608,1.4839746240529,1.17728076380602,0.46747714425947
755,1.35921728510333,2,1.33624080865683,1.47908845429297,1.48456641474017,1.19418823868573,0.46747714425947
756,1.16809261421608,2,1.11922164540733,1.25794598849746,1.3398511956832,1.05275002547331,0.46747714425947
757,1.50644594629142,2,1.44161556207795,1.63011966140805,1.68834605272961,1.43599377932722,0.46747714425947
758,1.32184795950949,2,1.24280266060151,1.41042052958512,1.49102926042716,1.20072194584332,0.46747714425947
759,1.43675595217251,2,1.37588640050723,1.54718318708647,1.56583674427093,1.31263951497131,0.46747714425947
760,0.845560492766955,2,0.806801898483986,0.901042414694234,1.03836952415838,0.775355171115,0.46747714425947
761,0.910344707207045,2,0.864230065360751,0.958466576294589,1.13682774279054,0.863012448164113,0.46747714425947
762,1.08352652720481,2,1.07942407821434,1.16132677162197,1.41613495350354,1.04581851061366,0.46747714425947
763,0.914943160977603,2,0.88919111237678,0.958815631381864,1.08113711500028,0.822085696087711,0.46747714425947
764,1.15217297386946,2,1.11013158704253,1.19400596513833,1.37832719493369,1.02459569295513,0.46747714425947
765,1.10752823531977,2,1.13410367094348,1.17102704323447,1.20608112391748,0.951084636470859,0.46747714425947
766,0.276903329890342,2,0.263906676661134,0.283471354190477,0.341405278935439,0.261945724915811,0.46747714425947
767,0.17279402173092,2,0.167155158087047,0.177708421018495,0.207679421165685,0.151572250540557,0.46747714425947
768,0.72832544074703,2,0.752309982987732,0.766240576516135,0.785321012015927,0.6187257177,0.46747714425947
769,1.05077185703691,2,1.06589602406501,1.10051318005297,1.17176162813065,0.938136297376838,0.46747714425947
770,0.748438154743167,2,0.820620708027583,0.804760622276614,0.843384693498936,0.67139536488238,0.46747714425947
771,1.26457208066548,2,1.37995687616019,1.36016396182118,1.38586285915741,1.12705212158524,0.46747714425947
772,1.24071799713152,2,1.37001286291553,1.34140233402961,1.46962445414847,1.1005664330478,0.46747714425947
773,1.1894583298777,2,1.23564135521841,1.26666194370234,1.26498072963413,1.0396358328763,0.46747714425947
774,0.580029620731943,2,0.497435452887823,0.591371989101627,0.600282596224461,0.501559039559967,0.46747714425947
775,1.22859573180898,2,1.11894161135708,1.2726205403771,1.34191128010139,1.12671345136406,0.46747714425947
776,0.989478800240633,2,0.801589584080768,1.002164596125,1.04676977013769,0.893767595562978,0.46747714425947
777,1.54635134961368,2,1.57431322666476,1.64585119634493,1.67366422482378,1.41870600446217,0.46747714425947
778,1.19978392605667,2,1.24435868022521,1.2818486051232,1.26479063883315,1.06372306032025,0.46747714425947
779,1.04194437922064,2,1.08950924218085,1.11372797591336,1.09173886621686,0.964478043148354,0.46747714425947
780,0.995159011194884,2,1.06683527017863,1.06741982999363,1.12329217174578,0.889862417115304,0.46747714425947
781,1.33447985364654,2,1.44758901298151,1.43083940291623,1.40116111697534,1.18815092488965,0.46747714425947
782,0.75724254492363,2,0.875091222450732,0.821303855033184,0.825192735551301,0.656933990598528,0.46747714425947
783,0.758804883617101,2,0.853911059208843,0.814128915158555,0.829782910510252,0.669690323264772,0.46747714425947
784,0.873905323517062,2,0.954049895995369,0.926340186502962,0.912730285900199,0.729929596894475,0.46747714425947
785,0.237277920642624,2,0.25111565722634,0.248307891447493,0.276890650916299,0.213952117417399,0.46747714425947
786,0.942496936890036,2,1.10951010504449,1.00966388202656,1.09093838832538,0.799131103057473,0.46747714425947
787,0.623043560928916,2,0.786708939513256,0.679372383300164,0.780415473377778,0.556470331917265,0.46747714425947
788,0.510706303145947,2,0.630703638772868,0.551268634835052,0.645386246141258,0.472412946397639,0.46747714425947
789,0.971510785556982,2,1.2314299019841,1.05620261411951,1.15154860010219,0.847505249865008,0.46747714425947
790,0.618879447048238,2,0.776045612410566,0.668421938256197,0.740963855421687,0.519998480766208,0.46747714425947
791,0.766696292880554,2,0.982423473812354,0.835142348889628,0.915026833631485,0.669089351295257,0.46747714425947
792,0.631271230120404,2,0.815391244014264,0.690030539153533,0.839576340231383,0.554674736595356,0.46747714425947
793,0.862999002192767,2,1.12677901259889,0.949144590524223,1.00640470832612,0.754814217263828,0.46747714425947
794,0.486012523380953,2,0.632571328089797,0.532261091866341,0.579385587137525,0.435807003139868,0.46747714425947
795,0.887005485509486,2,1.13737753396132,0.954404828864819,1.09053997647327,0.855072195891468,0.46747714425947
796,1.17093011951996,2,1.54067866344518,1.27596237661492,1.30397222695783,1.04819531401073,0.46747714425947
797,1.1632310279117,2,1.55648731206443,1.26759366055783,1.25817466705048,0.964288616127207,0.46747714425947
798,0.738071323146009,2,1.01146287839446,0.804411777142824,0.843101364357588,0.605049142735103,0.46747714425947
799,1.17200755650003,2,1.65087088484445,1.27357251457006,1.36994668569749,1.04740371549074,0.46747714425947
800,0.748515896026879,2,1.0871533176865,0.808902355017626,0.902532689993281,0.666783370745523,0.46747714425947
801,0.882043898479317,2,1.35559275371131,0.961918985087748,0.997073666954775,0.7451351767935,0.46747714425947
802,0.335328004290539,2,0.539238125205054,0.364722363572441,0.391158050870736,0.278608388667081,0.46747714425947
803,0.131878448525365,2,0.21969461089735,0.142319380257753,0.15216729707404,0.114338925442588,0.46747714425947
804,0.329177839434726,2,0.580211406789588,0.356159302778902,0.367621747494178,0.272813407877916,0.46747714425947
805,0.647345782741422,2,1.20541831926943,0.701241694895262,0.758474294455406,0.583252387612396,0.46747714425947
806,0.661026990065818,2,1.32634230803626,0.719597342876239,0.726111357258898,0.570428726817097,0.46747714425947
807,0.735229608610703,2,1.52885960372777,0.797221714751325,0.798447687304849,0.645836451806049,0.46747714425947
808,0.17618294530484,2,0.384347714129031,0.190884234693982,0.200492126680195,0.145189457499598,0.46747714425947
809,0.341770802823587,2,0.782846641209147,0.37015101979888,0.388645648017067,0.304103018135223,0.46747714425947
810,0.302874943352599,2,0.695482027833216,0.327109636955022,0.352905314497141,0.264706874326171,0.46747714425947
811,0.493219880496163,2,1.17777549253246,0.532742024578199,0.539568042839171,0.430666762253589,0.46747714425947
812,0.260340439437855,2,0.621823107716065,0.2809419128812,0.312733694929282,0.228945526971779,0.46747714425947
813,0.219083993766953,2,0.501176465387559,0.236209719339119,0.277291698094232,0.18469372820951,0.46747714425947
814,0.358287564430547,2,0.922106693182436,0.386427377322113,0.410378397427426,0.300058699824567,0.46747714425947
815,0.358250975839467,2,0.825537147103711,0.386211634452616,0.435046243432478,0.314290781856969,0.46747714425947
816,0.663560646040794,2,1.69904051376043,0.714342078694057,0.835301400500559,0.581996061693728,0.46747714425947
817,0.126376274093258,2,0.297084031950265,0.136059915270703,0.162569725473039,0.122835065944605,0.46747714425947
818,0.640018975791424,2,1.52644328945665,0.68816748834096,0.803857673626055,0.597744956713371,0.46747714425947
819,0.771606374616839,3,1.823034452593,0.902871049417012,0.837012511138507,0.607114315473707,0.413902015954152
820,0.409003260045528,3,1.00154262826186,0.448746985698965,0.450660314226351,0.326719324846236,0.413902015954152
821,0.293996774282649,3,0.641714264405602,0.553166125913044,0.301645673553257,0.23122622187808,0.413902015954152
822,0.644041217324189,3,1.28186964863739,0.827803335262454,0.668262833742356,0.484977335107252,0.413902015954152
823,0.272809665187956,3,0.519496137657302,0.373343858974094,0.282402672397801,0.22555377607094,0.413902015954152
824,0.462639540027286,3,0.861967151201749,0.677965850409734,0.462495494849353,0.377604560606803,0.413902015954152
825,0.30795603751224,3,0.611579447097385,0.447286784243737,0.301544983916184,0.251699934327633,0.413902015954152
826,0.932009150209483,3,1.56434905275806,1.50435825321393,0.951187040175355,0.709768384072194,0.413902015954152
827,0.338316551197802,3,0.490123271860096,0.432628351053257,0.355684566022248,0.275165972887491,0.413902015954152
828,0.671999176660546,3,1.08954514839328,0.78712286874023,0.626530121801627,0.490698897728716,0.413902015954152
829,0.456344357028716,3,0.625832155738383,0.567633932047966,0.46320526394353,0.354970575576152,0.413902015954152
830,1.07452947965449,3,1.49340419155121,1.40796928413636,1.03747007706659,0.859013011259248,0.413902015954152
831,0.567648032079646,3,0.947797462658334,0.815363932540964,0.50799010622185,0.36412205080312,0.413902015954152
832,0.77508307074058,3,1.06538611985724,0.91030452330034,0.733092352941303,0.570178315008065,0.413902015954152
833,0.808354964568094,3,1.01499993166028,0.927964710795499,0.631699502953348,0.47666116866182,0.413902015954152
834,0.957925114022435,3,1.18077362400663,1.10619570956554,0.866524736669823,0.592630927003997,0.413902015954152
835,0.908464004592108,3,0.961594570934377,1.03784095599879,0.912495514064075,0.688804680842571,0.413902015954152
836,0.836614875307327,3,0.976130128781545,1.11775289044753,0.891213731602038,0.761554978388413,0.413902015954152
837,0.237401865805526,3,0.265826690432073,0.275990546586772,0.225824042213744,0.155515050666607,0.413902015954152
838,0.773696083599813,3,0.843006297191287,0.866360720469025,0.826668637714593,0.570021445245641,0.413902015954152
839,1.19780510564245,3,1.3746360066869,1.36023477374028,1.22014937285128,0.931613466895056,0.413902015954152
840,1.1274605966773,3,1.28064942655865,1.20803713689984,1.04301469320385,0.774531817380074,0.413902015954152
841,1.21119685872164,3,1.31404559045628,1.32226179936022,1.24359443431056,0.913964012658452,0.413902015954152
842,0.947838753316421,3,1.04473808476886,0.951612004377341,0.943549197889189,0.71661639520357,0.413902015954152
843,0.737389333062307,3,0.87735997379216,0.945609838868897,0.688859431151298,0.49244153550715,0.413902015954152
844,0.979295362792542,3,1.09719621076093,1.09164961182486,0.757729056322258,0.521676951406825,0.413902015954152
845,1.28250251253196,3,1.40821041074621,1.33029509151548,1.28725414539226,1.00788443941386,0.413902015954152
846,0.252335550867466,3,0.329748656854302,0.259229883800738,0.265600501488054,0.217167973868536,0.413902015954152
847,0.8508230016406,3,0.955027450787222,0.911794873003388,0.579422415318942,0.413454032119703,0.413902015954152
848,0.561129381130157,3,0.70253936464807,0.483698935877632,0.651825760651251,0.470159511057897,0.413902015954152
849,0.832439533813616,3,0.995962666247703,0.86871906300921,0.532743800793071,0.365438473254583,0.413902015954152
850,1.0147244356825,3,1.23510363018279,1.10065598662974,0.996541113618863,0.737382485481654,0.413902015954152
851,0.892048048843141,3,1.01025480495086,0.911498458572034,1.08371417337745,0.792607658111137,0.413902015954152
852,0.556197696682393,3,0.656776339161669,0.562895427744162,0.631872469991707,0.412655545860999,0.413902015954152
853,1.19077393630868,3,1.37493621104801,1.20464837207206,1.08457045688454,0.8503621373056,0.413902015954152
854,1.09880165223852,3,1.27764612739433,1.09875486778501,1.02477140210663,0.795513903706172,0.413902015954152
855,0.309780282352273,3,0.381415409663279,0.296697557865557,0.338016746992826,0.219948856858763,0.413902015954152
856,0.796332584126314,3,0.888503270656975,0.791897821678191,0.798448267396817,0.560743113060785,0.413902015954152
857,0.918360488963269,3,1.10398818860695,0.96305047701717,1.09227665430285,0.652742749650186,0.413902015954152
858,0.803521787777631,3,0.781146033834542,0.799135873686583,0.796976572610773,0.587007472461318,0.413902015954152
859,0.997085694608239,3,1.08382588712878,1.10837844675205,0.779328830018926,0.669977207140272,0.413902015954152
860,1.09545056431398,3,1.12793156149141,1.08764797378421,1.09257562494369,1.00771706936026,0.413902015954152
861,1.24080142128885,3,1.26347178901203,1.21908463562923,1.10124889940277,0.865129777410136,0.413902015954152
862,1.31777081213273,3,1.28921531294311,1.31467730589321,1.27917144158087,1.05893635009527,0.413902015954152
863,0.744475848142676,3,0.741375570665513,0.725006353898397,0.700541322399463,0.522851102464666,0.413902015954152
864,0.91879987191715,3,1.00955179413907,0.951591837296801,0.843169232403197,0.639928258938858,0.413902015954152
865,0.814061938656084,3,0.786499152728614,0.688964458687635,0.627212050489289,0.46946988732203,0.413902015954152
866,0.757582229351151,3,0.904150011331967,0.685718601502773,0.824423039784695,0.644451422134904,0.413902015954152
867,0.67734705808394,3,0.730909600542752,0.629525277926967,0.591737872544441,0.460898855747978,0.413902015954152
868,0.898060423762219,3,0.860656143525984,1.01038080468702,0.847211036090188,0.649938037257318,0.413902015954152
869,1.35706297842992,3,1.28033967437089,1.1639123405563,1.15241596389188,0.938668555883138,0.413902015954152
870,0.837347140583251,3,0.769467604032261,0.904872941242551,0.759881031095063,0.565300768719729,0.413902015954152
871,0.767759080154706,3,0.701051210155436,0.726470414771899,0.764529674838254,0.669751177620144,0.413902015954152
872,1.35831497951176,3,1.05390696465165,1.12695293224021,1.0878866554035,0.82679358033566,0.413902015954152
873,1.31887285300957,3,1.08813541546747,1.24370642694613,1.419714812532,1.08903289178097,0.413902015954152
874,0.800786645021275,3,0.643411915821776,0.692849410786219,0.856675862352366,0.596081426283894,0.413902015954152
875,1.75172956246739,3,1.35787963781099,1.70755314269454,1.58169542016734,1.23744764266818,0.413902015954152
876,2.00132091303236,4,1.41294925696507,1.72499657564755,1.62301494540853,1.40777630767723,0.550360995277029
877,1.05453599798589,4,0.926471555505628,1.0113401349009,1.00747242482988,0.780948940873628,0.550360995277029
878,0.896868642554911,4,0.657648816807628,0.819192369456379,0.812713703300779,0.621472216117806,0.550360995277029
879,0.897832465168514,4,0.800907878734007,0.893469854800526,0.985586783961559,0.71835698023129,0.550360995277029
880,1.10159380066169,4,0.900241100503564,1.01119033930825,1.08573279122226,0.838504340345349,0.550360995277029
881,1.75534439318873,4,1.45059076957429,1.70807657834997,1.75867943294195,1.25977181320924,0.550360995277029
882,1.94376875088079,4,1.48599009555661,1.78234657958008,1.82600787521423,1.37008067714495,0.550360995277029
883,1.09229682294669,4,0.911945894660272,1.09834617535507,1.15591426029234,0.854470447748293,0.550360995277029
884,0.938752612441416,4,0.734616276842971,0.881173819142498,0.926478037203064,0.674385031536559,0.550360995277029
885,1.32260124758138,4,1.04364763227224,1.26294578166331,1.35882041501068,1.03198497060082,0.550360995277029
886,1.23543567921062,4,0.960557569149338,1.17027966426541,1.23097398374464,0.906602149795443,0.550360995277029
887,1.08047100617789,4,0.83715677304988,1.02368834914612,1.05037811801568,0.808993448646129,0.550360995277029
888,1.45773975823318,4,1.13698359349643,1.44034556602963,1.46276541629247,1.11347256962179,0.550360995277029
889,1.27849237313992,4,1.00236256548239,1.21732140733918,1.26028020454407,0.967582200815069,0.550360995277029
890,0.927582055327507,4,0.747723413415397,0.834197847677407,0.917529503304128,0.695178036080714,0.550360995277029
891,1.00673579798706,5,0.820625289772721,1.02267654426325,0.895575789220984,0.690773267356223,0.679073113721552
892,1.3704800043153,5,1.14175908468391,1.3630594307734,1.32156162547613,1.1206912186884,0.679073113721552
893,1.1756499101648,5,1.09192464016486,1.29247700041307,1.32954182958183,1.05085648905963,0.679073113721552
894,1.23889709809362,5,0.99034274984629,1.19798746521192,1.12394902797751,0.858961077716459,0.679073113721552
895,1.75073945714505,5,1.5545915592975,1.77351153108547,1.56367235415463,1.34532629448707,0.679073113721552
896,1.29045487945936,5,1.09405756510809,1.20700713845131,1.06496039140792,0.932931174130286,0.679073113721552
897,1.04991325856797,5,0.963876048873527,0.997027608330641,0.949813008307613,0.814718423531072,0.679073113721552
898,1.3500607403918,5,1.17194273690025,1.29853367792809,1.24521707996995,1.03348448030776,0.679073113721552
899,0.931292420819173,5,0.824357197929557,0.799290270486239,0.864813580823165,0.671002930684156,0.679073113721552
900,0.845623037936021,5,0.767634932704693,0.784700451920353,0.667492476478117,0.525373843271805,0.679073113721552
901,0.944597981432616,5,0.907841074080067,0.835149230502348,0.772537089362494,0.649404368642496,0.679073113721552
902,0.468647537175231,5,0.513327672604931,0.49565003814887,0.435447408412143,0.355872834768633,0.679073113721552
903,0.978042116406068,5,1.0186399439197,0.926034720183368,0.874529076116095,0.685534858729679,0.679073113721552
904,1.07832552742305,5,1.11410954761891,1.06962219812112,0.964918392161654,0.746833241036375,0.679073113721552
905,0.393851653499997,5,0.400270154747404,0.404908188195233,0.455194618350349,0.293614931308689,0.679073113721552
906,0.656772721506913,5,0.659673175401155,0.590574025787474,0.603149450820411,0.452296701363131,0.679073113721552
907,0.93523662494611,5,0.759644508076563,0.737206222873741,0.883128851887295,0.648642189361634,0.679073113721552
908,1.25514801654831,5,1.22807719436306,1.16402559713082,1.11443928182371,0.875028903645731,0.679073113721552
909,1.06641737619811,5,0.986485547603669,0.968066708451514,1.00721337558884,0.733505775658565,0.679073113721552
910,1.026609394721,5,0.897948886454716,0.944432911266095,0.921862655600703,0.754393858258667,0.679073113721552
911,0.999670165292358,5,0.864428754491527,0.886142664010768,0.919732081266557,0.739639313763261,0.679073113721552
912,1.17663325552402,5,1.02820105473496,1.10512478007754,1.10517974479719,0.865492297620825,0.679073113721552
913,1.2013834874547,5,0.963505964244402,1.05804605325528,1.09332531893406,0.880788450840561,0.679073113721552
914,1.46136022477901,5,1.1405659455178,1.3253269474068,1.35529094480478,1.15085864729824,0.679073113721552
915,1.47110939693447,5,1.1206398132487,1.28258707936764,1.28715277001499,1.04174119634806,0.679073113721552
916,1.61506580709873,5,1.29443695207593,1.52258198870749,1.45632541823787,1.2025603865449,0.679073113721552
917,1.6405861241609,5,1.19590810354263,1.476219353383,1.59735304220813,1.39972271636614,0.679073113721552
918,1.5330160272714,5,1.15552160640388,1.3812434134966,1.53133949261539,1.11163414223468,0.679073113721552
919,1.42669964179129,5,0.985034038638936,1.25680012597082,1.30080784226572,1.00581089628541,0.679073113721552
920,1.7444005458565,5,1.38278375410404,1.58133002910818,1.51263472569834,1.19508732364906,0.679073113721552
921,1.11839477947781,5,0.842077398655095,0.990882594159095,1.05683148794672,0.792372041388696,0.679073113721552
922,1.18638496323147,6,1.06404709256216,1.14864926491859,1.01720959453407,0.798307438628602,0.749757639494585
923,1.49006238316315,6,1.24368185172684,1.38934602992101,1.35240528109268,1.04556356323684,0.749757639494585
924,1.19841292624577,6,1.15241602664962,1.18364761780535,1.11452365603757,0.899440164899523,0.749757639494585
925,0.846347386275795,6,0.748958118568929,0.788093016462634,0.696981049252471,0.551739709228225,0.749757639494585
926,1.26586494083808,6,1.12762469157106,1.1506908157363,1.15765322061134,0.930046319723232,0.749757639494585
927,0.344897638052482,6,0.291897463162087,0.301718912149457,0.31884116670247,0.240005008775161,0.749757639494585
928,0.716161776648427,6,0.749379569639957,0.674044748405404,0.675461281582196,0.522761150847752,0.749757639494585
929,0.786326934654871,6,0.634538593092439,0.698121750996924,0.740087882131859,0.578100967135036,0.749757639494585
930,1.25244277759377,6,1.28232909247527,1.15667099902192,1.17202310027373,0.923543421701537,0.749757639494585
931,1.00026549574093,6,1.02299896240966,0.907941166235118,0.922688631365351,0.749625198086005,0.749757639494585
932,1.39768822273699,6,1.47076813559853,1.31902217421582,1.28910970011459,1.02732934635487,0.749757639494585
933,0.573022492276395,6,0.551089718935362,0.50734267397878,0.561416592280149,0.491803644265422,0.749757639494585
934,0.970770148641528,6,0.952099440412204,0.857537003955678,0.940290853140409,0.700489256726614,0.749757639494585
935,1.25367573610317,6,1.3002403862729,1.16553933413147,1.11353791831617,0.849446107981357,0.749757639494585
936,1.11913016302806,6,1.14854236686648,1.03287572856557,0.911283945639104,0.720300954225079,0.749757639494585
937,0.998593006335399,6,1.03841086598766,0.918427862242706,0.917648810106942,0.753247472638142,0.749757639494585
938,0.700133522348133,6,0.670578373724184,0.6228723823583,0.65322612988343,0.495975824899153,0.749757639494585
939,0.894246535864282,6,0.917566427006427,0.81588496267615,0.713055334363215,0.566443245749556,0.749757639494585
940,0.660149659363972,6,0.590407204139725,0.575697262938915,0.621995325051407,0.466142581663704,0.749757639494585
941,1.07724498566213,6,0.96224345706145,0.948424248220184,0.934500755396808,0.763186807149313,0.749757639494585
942,1.30190093036355,6,1.17148405743303,1.17956061498062,1.16391304615296,0.949019486905433,0.749757639494585
943,0.990686412965296,6,0.831582510315508,0.873323190281649,0.896103364136648,0.699370982302177,0.749757639494585
944,0.899640848904669,6,0.829344778909793,0.86176907494249,0.828353711401035,0.677416318088176,0.749757639494585
945,0.895331045453374,6,0.718643501116589,0.79143950712632,0.784319204174564,0.638278159425682,0.749757639494585
946,1.26388718306442,6,1.0253876790284,1.15517234791797,1.01980893691342,0.859434440879228,0.749757639494585
947,1.36744808266611,6,1.10132850269563,1.181950506753,1.19402022000384,0.952929112154305,0.749757639494585
948,1.96237286414424,6,1.52102183506957,1.77592699246411,1.49341311454386,1.17618663968118,0.749757639494585
949,1.55405854517249,6,1.15813644615063,1.38984307667491,1.25263425730568,1.02436930847498,0.749757639494585
950,1.3265402029898,6,1.01190219736338,1.21015905973906,1.10673117501032,0.893966152485617,0.749757639494585
951,1.59988404092595,6,1.17724838546916,1.42609862583681,1.38118250967835,1.09265030622267,0.749757639494585
952,1.46134294664419,6,1.10991170321162,1.32351190599408,1.21095785337839,0.975505166237903,0.749757639494585
953,1.24667869824924,6,0.952565004951034,1.13932688857478,1.0396549303193,0.832230928744309,0.749757639494585
954,1.28296386766207,6,1.00175248334922,1.15992999180332,1.04886553031238,0.800789677323148,0.749757639494585
955,1.94688493387223,6,1.52323960848485,1.7711467742283,1.55365986632132,1.29738774603069,0.749757639494585
956,1.14665745391229,6,0.904730540578072,1.05252470913094,0.975306967641836,0.724732596990718,0.749757639494585
957,1.26795842717674,6,0.997972049025748,1.1448640653731,1.08761689207805,0.881672942649097,0.749757639494585
958,0.728119648353583,6,0.588329326384901,0.648550162932843,0.688639122094636,0.522347676233068,0.749757639494585
959,1.50772520769593,6,1.20392756656826,1.31351244742238,1.19609978305238,0.927951571474627,0.749757639494585
960,1.16514504874206,6,1.06434099554057,1.05495278850312,0.960599176495611,0.753314707635981,0.749757639494585
961,0.768147993909211,6,0.677509603632459,0.706902172757148,0.653707436089074,0.508685764377606,0.749757639494585
962,0.863719593452959,6,0.757705129708899,0.757741000456455,0.763575427811856,0.602519691439524,0.749757639494585
963,1.05607072906595,6,0.953183840189515,0.938559529594328,0.89144727365415,0.717222068056455,0.749757639494585
964,1.02376492931596,7,1.06250071511685,0.979214544101226,0.874392992579526,0.706613413839156,0.748476578216881
965,0.776772389815997,7,0.790187517776459,0.742882717536279,0.664849954244309,0.524295752536328,0.748476578216881
966,0.95509449332965,7,0.932252653298496,0.899765464182553,0.75074547041735,0.614204996359641,0.748476578216881
967,0.878674147298273,7,0.869128255356868,0.849949431821376,0.736663650431461,0.552016428186752,0.748476578216881
968,1.39042674574709,7,1.31020287979766,1.27676079625129,1.17028087856712,0.928248709055036,0.748476578216881
969,1.01982526348449,7,0.964928840745395,0.944819771832942,0.720561382001053,0.634253341380577,0.748476578216881
970,0.926204650573721,7,0.789111188724087,0.767764385155038,0.667195887648834,0.54624453869824,0.748476578216881
971,0.663120000177768,7,0.627413940951861,0.658522600298604,0.619704839825656,0.487293866641472,0.748476578216881
972,0.969567972302689,7,0.877802606034941,0.936360455751365,0.794901237683455,0.650355848439281,0.748476578216881
973,1.25750617851616,7,1.12599318996057,1.18090610671101,1.11313640942365,0.883412717359544,0.748476578216881
974,1.25854258687066,7,1.17194951898248,1.25153237218658,1.137642034074,0.885182764734255,0.748476578216881
975,1.53694099588376,8,1.33122160134704,1.47266665383891,1.41304772390034,1.12292399407553,0.789353799930675
976,0.766977590223648,8,0.673930732641332,0.748892279972524,0.803405945819332,0.587598196808087,0.789353799930675
977,1.27734370636264,8,1.09006067019192,1.20891173717622,1.20901732322254,0.919108637817501,0.789353799930675
978,1.51036500453053,8,1.27170479111741,1.44117262784631,1.44084231073101,1.14988894413652,0.789353799930675
979,1.39693519393428,8,1.18318793456931,1.35490116219232,1.35830604647918,1.1209390121751,0.789353799930675
980,1.14080092624796,8,0.975140549182273,1.08369461567342,1.08979605533674,0.860463087282711,0.789353799930675
981,1.32343013043576,8,1.26932468123159,1.31959504514937,1.21580661522495,0.97207716049488,0.789353799930675
982,1.20441901808246,8,1.03571801917051,1.13886285046595,1.11040532212207,0.835674531586549,0.789353799930675
983,1.01905634617151,8,0.916988782872964,0.99020242507474,0.884829168476625,0.691977136258798,0.789353799930675
984,1.09047195492094,8,1.00908448190984,1.03235014913224,1.06584292676228,0.808276036681173,0.789353799930675
985,1.08864098156287,8,1.0331082617837,1.05329051076334,0.913178005946817,0.754290321383172,0.789353799930675
986,1.0845995636304,8,1.05674023159672,1.06936859697643,1.07305354141916,0.836051876196025,0.789353799930675
987,0.644487402001834,8,0.736711983096448,0.657274191256756,0.757130791391845,0.59957965539826,0.789353799930675
988,0.621210863232233,8,0.575981028340973,0.578662562941763,0.617660271274877,0.484091166824425,0.789353799930675
989,0.909191813608132,8,0.871421952034688,0.873336318772085,0.858225462384451,0.654964239919258,0.789353799930675
990,1.10674434848341,8,1.16607651327464,1.00547366811559,1.09297469370417,0.819970062244307,0.789353799930675
991,0.838760490753772,8,0.825186442819134,0.800834718013576,0.773243492335045,0.602051279984528,0.789353799930675
992,1.34088156332088,8,1.33878532201449,1.27276399289941,1.17701361638914,0.937296230017809,0.789353799930675
993,1.05850913979914,8,1.02262654490788,1.0076384913099,0.995255822790493,0.772703446778289,0.789353799930675
994,0.515258944040806,8,0.536852608505866,0.520721488459182,0.49571107726955,0.36898717633434,0.789353799930675
995,0.55135444799009,8,0.666506151704363,0.530783778496179,0.523800528025741,0.35213600669944,0.789353799930675
996,1.15243516906036,8,1.11701812467813,1.10073825965316,1.0985713678067,0.868250001271756,0.789353799930675
997,1.3244266216533,8,1.28854327595537,1.25520922769056,1.18962583023801,0.957067366167419,0.789353799930675
998,1.2112901848734,8,1.17803533094954,1.15363109762324,1.06433818541598,0.872780590480581,0.789353799930675
999,1.00272902848995,9,1.04177446117013,1.08240230273581,1.01669958114469,0.82036041834619,0.805632583336713
1000,0.793825386774156,9,0.757332637041579,0.78677114367831,0.780730659452408,0.612451671109296,0.805632583336713
1001,1.50565798316531,9,1.36608434036607,1.43299546287426,1.39580445645997,1.12388157440348,0.805632583336713
1002,1.37824002467991,9,1.25330167391506,1.31545274662693,1.28456455155303,1.03497748724152,0.805632583336713
1003,0.946796226376071,9,0.973121461761428,0.966117584514223,0.947491650398929,0.748523516520351,0.805632583336713
1004,1.18133924369762,9,1.14610816138226,1.10417136447851,1.15395742236261,0.858311514873723,0.805632583336713
1005,1.00745574013133,9,0.972306869867476,0.972705026294835,0.962109129510889,0.766166248779518,0.805632583336713
1006,0.978851202800104,9,0.999782176246505,0.987211557212052,0.940062947749166,0.745420370073182,0.805632583336713
1007,0.657609519847787,9,0.673786479045469,0.678202429794036,0.651634273038332,0.464342798685285,0.805632583336713
1008,0.778760225612363,9,0.778031473457703,0.778128004957187,0.756302286107106,0.598644245938157,0.805632583336713
1009,0.875851200588357,9,0.830162499164521,0.867340930926318,0.817061400791821,0.655598228250411,0.805632583336713
1010,1.15790773910883,11,1.21727371556383,1.22996628964386,1.23739152513358,0.938096059431136,0.855907178927222
1011,0.841541205513211,11,0.863586587865845,0.881267784692559,0.973573550013455,0.727091340333029,0.855907178927222
1012,0.934813061668408,11,1.02109013081615,0.977255772323086,1.03557248106071,0.716524811339192,0.855907178927222
1013,0.933804099425114,11,0.894019070290979,0.910248893466623,1.00039221129127,0.760815473016844,0.855907178927222
1014,0.968192191110404,11,0.97560838085225,0.972135271512185,0.976096053345231,0.778018692490302,0.855907178927222
1015,1.10402666216937,11,1.06789628956973,1.0824399264688,1.15376264011208,0.919032971108612,0.855907178927222
1016,1.01442704133532,11,0.996938553676687,1.00508773812983,1.10318273554424,0.855904357425953,0.855907178927222
1017,0.72880441750939,11,0.711139737840116,0.72502129481195,0.782611476548677,0.601524854091089,0.855907178927222
1018,0.995936695896513,11,0.961713967576777,0.984630535727511,1.01869515465241,0.786603439232896,0.855907178927222
1019,1.13971597382607,11,1.10390809149347,1.13941761271714,1.1091726151563,0.886209764399495,0.855907178927222
1020,1.53213712521102,11,1.44617147621078,1.50283816620537,1.43168068274204,1.14582706043117,0.855907178927222
1021,1.13127414708685,11,1.11996671026106,1.14780294540469,1.11732695876235,0.918072217743185,0.855907178927222
1022,1.38111796657578,11,1.28634298602595,1.33664973001264,1.35414781611033,1.05005829594719,0.855907178927222
1023,1.19670616280698,11,1.12574565233975,1.15866840267201,1.18120769058851,0.932150426163845,0.855907178927222
1024,0.761168320773308,11,0.75975312210255,0.751481000730579,0.773110459338282,0.596915093153387,0.855907178927222
1025,1.20786535685678,11,1.13273976950477,1.14625189546212,1.14917587388744,0.90423795539949,0.855907178927222
1026,0.554871770180508,11,0.531183260064764,0.512830113991865,0.545407490886684,0.409804444320369,0.855907178927222
1027,0.815230443572862,11,0.929251967892383,0.819267905360699,0.775425329526997,0.601265669925001,0.855907178927222
1028,0.629114088474739,11,0.632181327514113,0.619682423068112,0.591117349942065,0.457094593320878,0.855907178927222
1029,1.33793538801376,11,1.32085138834072,1.24674439281109,1.25988933317797,0.983369456828322,0.855907178927222
1030,1.21215630460107,11,1.16953597678341,1.15664127558917,1.15460090168554,0.927914337126523,0.855907178927222
1031,1.14263083367565,11,1.07680492685963,1.10908714283683,1.07180994748661,0.897634058548763,0.855907178927222
1032,0.691357293018521,11,0.71241868519099,0.721549465993836,0.68984637593819,0.560614604131077,0.855907178927222
1033,0.98459583550576,11,1.0125753142862,1.01139619718155,0.982250962963635,0.805139409303585,0.855907178927222
1034,0.911512139483373,11,1.0385746168489,1.01901867037357,1.03733111853834,0.836475866878619,0.855907178927222
1035,0.88847445276222,11,0.816521830460067,0.732918074579095,0.831667302288325,0.657471966960158,0.855907178927222
1036,1.20940727591844,12,1.17381139539677,1.2175818503656,1.2095824640273,0.961503221122923,0.874054552516713
1037,1.17569002727264,12,1.08690277040102,1.14241541629626,1.17270172212228,0.961329174079983,0.874054552516713
1038,1.04243605625454,12,0.955195162743857,1.0277269265308,1.02662671295995,0.824529424399077,0.874054552516713
1039,1.14147176190364,12,1.04916247284455,1.13863214122335,1.10276533069839,0.894075487689497,0.874054552516713
1040,1.27066192706501,12,1.14491872407839,1.25611748765372,1.17149415415767,0.934809213920949,0.874054552516713
1041,0.781231500798257,12,0.703656111772902,0.766371738678134,0.751279091583778,0.610105066968848,0.874054552516713
1042,1.052363660897,12,0.947883025629101,1.01923872423993,1.02549860797323,0.81424981477447,0.874054552516713
1043,1.23154024623439,12,1.06231407214443,1.20060293302862,1.14861450099603,0.923127789959746,0.874054552516713
1044,1.19244582681117,12,1.09334200772117,1.16745599218952,1.1657177336101,0.93802440154033,0.874054552516713
1045,1.365579731353,12,1.26952631294855,1.32779174128307,1.26183784961601,1.03155465051636,0.874054552516713
1046,0.98153949766969,12,0.896165137289987,0.964145746543613,0.974760887628249,0.769833047440276,0.874054552516713
1047,1.34224903330327,12,1.22406780716096,1.33640787779886,1.25677739028578,1.02053477548009,0.874054552516713
1048,1.02795106391204,12,0.934339834304892,1.00356640085404,0.980082897647998,0.771204204013335,0.874054552516713
1049,1.2247896339133,12,1.15403456331711,1.20824378817478,1.1767823581469,0.944121547394893,0.874054552516713
1050,0.555938223185154,12,0.50714427450634,0.544725583938208,0.53789101461566,0.435172551281983,0.874054552516713
1051,0.795091622642376,12,0.788067851767214,0.771765396084345,0.724394487211635,0.610562165475702,0.874054552516713
1052,1.0520079600152,12,0.986362990747299,0.952687746383702,0.961466598893538,0.793134196376093,0.874054552516713
1053,1.18238039956429,12,1.1197356191937,1.14578576257479,1.05544022938786,0.86193010278515,0.874054552516713
1054,1.06323427581128,12,1.04793479999103,1.06698102845419,0.978344290617889,0.783791320338506,0.874054552516713
1055,1.03591927339169,12,1.09268149877385,1.10425214222948,1.01714365035598,0.805405503455518,0.874054552516713
1056,0.965737347848459,12,0.984497702356809,0.956666513441227,0.924647651015295,0.74568949442596,0.874054552516713
1057,0.663620361236627,12,0.649445160604633,0.653828512292455,0.621398598737793,0.500271969201345,0.874054552516713
1058,1.20732508800764,12,1.16637371324947,1.19408075492214,1.11139828601733,0.9202400667922,0.874054552516713
1059,0.767426463739933,12,0.879931138450842,0.835966870602178,0.840527498370452,0.641526470479782,0.874054552516713
1060,0.663658002501141,12,0.711523380962008,0.634338898938327,0.656189019706065,0.517063955409672,0.874054552516713
1061,1.31968200978552,12,1.2087442198073,1.24505514290784,1.24508010399893,0.880358270795525,0.874054552516713
1062,1.34609758667142,12,1.37418260370534,1.25682592415231,1.28976389690826,1.02685952855949,0.874054552516713
1063,0.904421569262518,12,1.00450247826433,0.937083816477551,0.910289112225704,0.721288258103373,0.874054552516713
1064,0.94552439136413,12,0.992128437672528,0.909095548902127,0.894832245741153,0.673586060472519,0.874054552516713
1065,1.00762692361075,12,1.1557102809466,1.06107385123781,0.900536933354584,0.671280830469088,0.874054552516713
1066,0.91110430918765,12,1.01714334052319,0.877966021244202,0.766892264707291,0.600263288516814,0.874054552516713
1067,0.92634139998865,12,1.00360868817678,0.865284895451475,0.858449065440072,0.691980837445959,0.874054552516713
1068,0.88331793901182,12,0.950832425958016,0.853540669306094,0.776289260125786,0.60659122390409,0.874054552516713
1069,0.688329793181082,12,0.770204777813695,0.637554131558881,0.619812140125251,0.501429808999417,0.874054552516713
1070,0.716120197523905,12,0.803462628808092,0.699900659109245,0.682413748727136,0.540222394068086,0.874054552516713
1071,0.898559986141486,12,1.06858629851806,0.877987839989669,0.761397035256621,0.592184951572348,0.874054552516713
1072,0.70513563616043,12,0.842956660887152,0.681386753735882,0.682465183149405,0.522389194078312,0.874054552516713
1073,0.627844268942538,12,0.752728199706433,0.623480469114093,0.515176469172431,0.404163577276478,0.874054552516713
1074,0.833738199461283,12,0.921523261066792,0.807723208913975,0.65417837953917,0.505896713483486,0.874054552516713
1075,1.05024035361894,12,1.10262984990632,1.01606663719271,0.817766564946445,0.640466546352986,0.874054552516713
1076,0.732793114183274,12,0.835587407195298,0.734068554686297,0.644671930320892,0.555953141278444,0.874054552516713
1077,0.764600880325327,12,0.796132349623675,0.749659429434851,0.650669235237194,0.496456903759813,0.874054552516713
1078,1.08742565928998,12,1.06408994094397,1.05022046950217,0.897388504266225,0.679540262120294,0.874054552516713
1079,0.898477476155843,12,0.903368122192372,0.880095454405527,0.792460250080529,0.598571554265118,0.874054552516713
1080,1.07983924211944,12,1.05651102666905,0.994295589962761,0.938298619807284,0.783888250788387,0.874054552516713
1081,1.12251691612311,12,1.08233181112219,1.08064808344433,0.946367632264787,0.780020781833091,0.874054552516713
1082,1.13053529593431,12,1.05925843167122,1.08930062358894,1.0045461158741,0.823264027224187,0.874054552516713
1083,1.41257581248284,12,1.25021731751853,1.37184202203755,1.23336497546627,0.987732550867083,0.874054552516713
1084,1.4161249422944,12,1.2496352202626,1.36646378586506,1.23237341067455,1.01333139288477,0.874054552516713
1085,1.14682600637847,12,1.03345084774281,1.12252747366959,1.06588297291502,0.833401264193111,0.874054552516713
1086,1.01722099480502,12,0.899976401723391,0.978024531753826,0.903606073921531,0.748556719989516,0.874054552516713
1087,1.31845113999845,12,1.18215717897193,1.29530791340813,1.20356809464202,0.991733328865959,0.874054552516713
1088,0.894091390119586,12,0.798279718132883,0.878383823784097,0.846974037376052,0.701881995899833,0.874054552516713
1089,1.31437327600513,12,1.28404137361614,1.4248059140968,1.29955301967057,1.01720148175831,0.874054552516713
1090,1.31381477035625,12,1.18779802880573,1.33122978764919,1.23131718581525,0.995154931413552,0.874054552516713
1091,1.35388258687677,12,1.22798773960985,1.33364523704478,1.28421757571039,1.04731233643331,0.874054552516713
1092,0.666374965087163,12,0.58635803602986,0.654939677941081,0.652065876724936,0.521176564672488,0.874054552516713
1093,0.956266901232702,12,0.87526705567101,0.929632625907479,0.905582305062889,0.736079201555779,0.874054552516713
1094,0.765210681174195,12,0.740035786157433,0.747689319074139,0.684035450424272,0.560385163162392,0.874054552516713
1095,0.872402697539237,12,0.822380943508798,0.874547275915287,0.789934855996312,0.625862537047743,0.874054552516713
1096,0.941387500668286,12,0.934780410344605,0.928538327795797,0.88258911281662,0.651113700195957,0.874054552516713
1097,1.11808449974778,12,1.13467708320986,1.10972724285572,1.06765792815022,0.853684068529337,0.874054552516713
1098,0.981234281546245,12,0.994470016946424,0.981216687481015,0.956182779877727,0.756961687103587,0.874054552516713
1099,0.716622923209717,12,0.804729970921811,0.645943006973856,0.631013292573239,0.485508441905758,0.874054552516713
1100,1.01939975533197,13,1.08562887742883,0.8962070248314,0.967619922566943,0.739067301433845,0.883892455591548
1101,0.736676288140467,13,0.730721429837249,0.64210723914614,0.558638053764567,0.423119479970492,0.883892455591548
1102,1.20799563888314,13,1.20734669863603,1.16469299785795,1.07837651401285,0.857038939692884,0.883892455591548
1103,1.11430378201643,13,1.17056831654575,1.08664389649603,1.03983032691541,0.76092897422834,0.883892455591548
1104,1.29773743428203,13,1.34926421814009,1.28578701134282,1.17604327919428,0.919408110884254,0.883892455591548
1105,0.951411109811586,13,0.932496799532699,0.924798488482309,0.903776290623991,0.721191309700659,0.883892455591548
1106,0.994183732895467,13,1.0459824648059,0.965857931972369,0.929503239723936,0.732755792071347,0.883892455591548
1107,0.833461109134821,13,0.872527113159273,0.821731465922986,0.787139000398185,0.616340557833622,0.883892455591548
1108,0.803739080970858,13,0.835000178067887,0.799734378695676,0.740128052336755,0.587459236180704,0.883892455591548
1109,0.673778235741949,13,0.730849461774037,0.675626598179893,0.617316022280303,0.482295801207666,0.883892455591548
1110,0.874307275124374,13,0.946243679847921,0.87090417505504,0.794310192291251,0.602728178581534,0.883892455591548
1111,0.909255481807808,13,0.961828455329771,0.896995528732936,0.814973910808897,0.64462687647254,0.883892455591548
1112,0.857883335465121,13,0.982369461051223,0.932144064293108,0.858361529594414,0.651668708205885,0.883892455591548
1113,1.01101614431099,13,1.0434481556798,0.998210047172358,0.903421779393333,0.704095004304937,0.883892455591548
1114,0.92438482261779,13,0.908877845032999,0.88617424577229,0.782358247012911,0.610925334541233,0.883892455591548
1115,0.796273237459274,13,0.871974378162567,0.817592216234939,0.738973698673637,0.556459876808992,0.883892455591548
1116,1.23725979520499,13,1.26771649939699,1.21665721287544,1.08729485437756,0.876837020995649,0.883892455591548
1117,0.936417918910874,13,0.947935409773266,0.931748239341192,0.846720469674843,0.675269911790123,0.883892455591548
1118,1.05897604794618,13,1.08553749037718,1.02253655354037,0.959511996742665,0.740883829142979,0.883892455591548
1119,1.2970051355051,13,1.25771435752645,1.27883101877452,1.21323778203423,0.942021341311116,0.883892455591548
1120,0.717359322895759,13,0.664339652194478,0.680650033356306,0.666653554522036,0.521595952724227,0.883892455591548
1121,1.2628023439366,13,1.21970013532745,1.24610853749449,1.16380842040878,0.954072448778482,0.883892455591548
1122,0.849676475621633,13,0.821522843913024,0.850843965442935,0.792828717965833,0.610282366146376,0.883892455591548
1123,0.93299727801362,13,0.876423513774066,0.907635722226622,0.828128122811281,0.63518875618262,0.883892455591548
1124,1.15120240241238,13,1.08416158776438,1.13556000469936,1.00977515635824,0.777038601459319,0.883892455591548
1125,1.24718180335324,13,1.2242109972635,1.220496092516,1.080271458785,0.867705327296603,0.883892455591548
1126,0.778274773516043,14,0.78855645558818,0.791190798489987,0.71497863641931,0.555522992904759,0.894956347266336
1127,0.920665132937827,14,0.928636073933752,0.917606947786334,0.829107165294329,0.644328580904076,0.894956347266336
1128,1.06935590079659,14,1.07102453829854,1.0834694876575,0.959263299846728,0.76007434131798,0.894956347266336
1129,0.999487974874337,14,1.00304455187565,1.01359178225315,0.878450810659775,0.682114209821467,0.894956347266336
1130,1.25679113057353,14,1.22959573019854,1.2634667269777,1.13570765612079,0.859988989207895,0.894956347266336
1131,1.03335854231093,14,1.05340405559402,1.05182868064939,0.910913351667276,0.704412095043547,0.894956347266336
1132,0.792074316218205,14,0.854935088494795,0.821019641647001,0.74033595617962,0.573607675718013,0.894956347266336
1133,0.985983218459309,14,1.03119084876864,1.00372693583596,0.84810162012091,0.67805269216247,0.894956347266336
1134,1.21190605422296,14,1.28203170914397,1.24855747755362,1.07968517864173,0.843072529001316,0.894956347266336
1135,1.14826547159406,14,1.26319327871736,1.17210973707455,1.01316847072355,0.806270559182334,0.894956347266336
1136,0.825916371822356,14,0.848884678745231,0.830934732140167,0.726368911633318,0.585858670487498,0.894956347266336
1137,0.793291780336002,14,0.918552338964637,0.801731857949488,0.687626348396069,0.557732310431659,0.894956347266336
1138,0.555528584704732,14,0.601743148007822,0.567491656996208,0.470712722708303,0.368330012081145,0.894956347266336
1139,0.521376760785164,14,0.62781955686397,0.551063997699329,0.45355698572298,0.345930602390713,0.894956347266336
1140,1.06917294897592,14,1.24386476932355,1.08908572149501,0.963703647619745,0.775474044283785,0.894956347266336
1141,0.589257153762157,14,0.636896822122751,0.605807163397771,0.481772449627752,0.378415679202189,0.894956347266336
1142,0.742005334812461,14,0.815893058512083,0.757298372410108,0.638470036849583,0.486298813581889,0.894956347266336
1143,0.949220721966829,14,1.0009589915586,0.9337848188703,0.827314993130352,0.664079293300603,0.894956347266336
1144,1.07427919126599,14,1.08662560568372,1.09501425814317,0.97600294485832,0.750558528735369,0.894956347266336
1145,1.13191326160365,14,1.19098530309905,1.13563718374488,1.02930963180835,0.80081227270463,0.894956347266336
1146,1.20593847246954,14,1.20475221946827,1.16909559685186,1.08204751006268,0.859228344331006,0.894956347266336
1147,1.2266192082025,14,1.18679209231814,1.20427824434308,1.06043196157009,0.846703009663738,0.894956347266336
1148,0.947689006048684,14,0.904245231414946,0.959085534659045,0.811235364016812,0.644495416587995,0.894956347266336
1149,1.05805255725744,14,0.956183445558135,1.04265345317632,0.910080538542327,0.721360120732558,0.894956347266336
1150,0.590931237252854,14,0.51812706217027,0.598086234966483,0.525430794083896,0.401347769873993,0.894956347266336
1151,0.888156199398486,14,0.797079811750263,0.897104588309478,0.806835968849395,0.636443361524477,0.894956347266336
1152,0.79231025872077,14,0.717561436188428,0.825107784284699,0.71691698756359,0.547956975145006,0.894956347266336
1153,1.27167095184253,14,1.08670808326948,1.27771699622299,1.11688962573469,0.884890510854371,0.894956347266336
1154,1.25361939453823,14,1.04579105466435,1.26644996790246,1.14426034050064,0.889936600833517,0.894956347266336
1155,1.61148015734797,14,1.36468350599689,1.63065887341583,1.38936900696536,1.12889572485189,0.894956347266336
1156,1.61997682659886,14,1.30784861218176,1.62308431474035,1.41271254881921,1.12048743359828,0.894956347266336
1157,1.40948333376071,14,1.12135750569423,1.41492104808716,1.23686841873875,0.947249467838663,0.894956347266336
1158,1.47937311319545,14,1.22051461705151,1.50253150192127,1.27609076145036,1.00659572040394,0.894956347266336
1159,0.815059093762096,14,0.66946483757429,0.82903613900942,0.716134608217403,0.576427362665247,0.894956347266336
1160,1.46671552354455,14,1.23981339233926,1.48962413260377,1.23701860852361,1.02083050530288,0.894956347266336
1161,1.27093524305703,14,1.10459983573791,1.30536517675608,1.11241235820401,0.895314451708776,0.894956347266336
1162,1.02938166238013,14,0.915284872845484,1.0777606400576,0.903937230050809,0.716019168739562,0.894956347266336
1163,1.17896318757768,14,1.08221123722166,1.20744239326357,1.01413484561227,0.806471316426637,0.894956347266336
1164,1.1135698572689,14,1.01202968339111,1.13470571853077,0.925873413219966,0.738192200708915,0.894956347266336
1165,0.949867217935643,14,0.895619645824868,0.988718679240524,0.798040857858519,0.611861530324224,0.894956347266336
1166,1.21321439974482,14,1.196925569754,1.28597006386296,1.06364883344392,0.813588916835824,0.894956347266336
1167,0.735415070598987,14,0.734114090618843,0.777278330817623,0.645192058067886,0.485128472228949,0.894956347266336
1168,0.662080021432078,14,0.678339684537486,0.700024098607498,0.548335760813638,0.425601983817371,0.894956347266336
1169,0.792347654062858,14,0.815820544499604,0.816481838230936,0.642806688595753,0.502603913051263,0.894956347266336
1170,0.860882858635195,15,0.932645225618287,0.90250815349101,0.697472789357599,0.569523704148093,0.90225638088159
1171,0.466554869592447,15,0.505246222875493,0.483285257860352,0.374284981149537,0.300575423169812,0.90225638088159
1172,1.13899392128361,15,1.19863485142414,1.15473303796166,0.940201565525025,0.747924148377112,0.90225638088159
1173,0.943662138323229,15,1.02058842970138,0.962163245979193,0.811361377627322,0.630812124390132,0.90225638088159
1174,0.861312612357586,15,0.920687844504349,0.921969319392456,0.737887471842653,0.579247105441309,0.90225638088159
1175,1.01906590871908,15,1.17571528862215,1.10885340496404,0.913016814187937,0.712243141719697,0.90225638088159
1176,0.996354541580182,15,1.19466362190329,1.04503740510557,0.906219737341815,0.69468535192355,0.90225638088159
1177,0.769498781528231,15,0.970392595274534,0.786202174708823,0.668731294959552,0.523284282863878,0.90225638088159
1178,0.734760328113312,15,0.914649520310822,0.766948803569283,0.648527258341752,0.502064174403482,0.90225638088159
1179,0.81790233420268,15,1.03400342039178,0.9066079586861,0.699411966776477,0.556524911229536,0.90225638088159
1180,0.519842179271942,15,0.758337423311369,0.549609482724904,0.321614450447367,0.254517184370957,0.90225638088159
1181,0.795783277610318,15,1.09722859906368,0.883825260671315,0.754388183363017,0.609151838772358,0.90225638088159
1182,0.924695671700428,15,1.21762697091515,1.01579295965245,0.837607459845628,0.65910537377608,0.90225638088159
1183,0.631848747902335,15,0.853107104795229,0.635978162515792,0.515386099099202,0.418429144268021,0.90225638088159
1184,0.934051121034389,15,1.2453806787342,0.974537592302312,0.796750652700653,0.628385142908411,0.90225638088159
1185,1.1022248136189,15,1.50166639853137,1.16257532143503,0.943204239173911,0.735120019617182,0.90225638088159
1186,0.6185258889373,15,0.864034717039655,0.679493607597416,0.54431436677389,0.43067119285956,0.90225638088159
1187,0.369018788655553,15,0.523807068877999,0.400746137859021,0.319484194842131,0.247881040208994,0.90225638088159
1188,0.730449054581797,15,1.04014898057038,0.808120772802676,0.642145800806433,0.494532435617936,0.90225638088159
1189,0.786744387641977,15,1.17242348261437,0.934788493559678,0.695709735501408,0.545654426434973,0.90225638088159
1190,0.737353467009253,15,1.04467870360041,0.806901902574173,0.655164333301454,0.510946259893377,0.90225638088159
1191,0.608849210050704,15,0.930638634752788,0.666396268309125,0.530509046789697,0.415738652246036,0.90225638088159
1192,0.420159299301132,15,0.648179562636221,0.462881534625019,0.374680518413628,0.283594901903185,0.90225638088159
1193,0.466416885388542,15,0.740090936282616,0.51566371625719,0.413316655437404,0.313047284088935,0.90225638088159
1194,0.652856236623887,15,1.05177762059767,0.710450551564993,0.627486384264307,0.480811669929428,0.90225638088159
1195,0.661434985172216,15,1.06361831836351,0.72258810886514,0.601069896944974,0.476587132353876,0.90225638088159
1196,0.734535975274071,15,1.13260686671575,0.797955126728765,0.658029856650241,0.524100836083407,0.90225638088159
1197,0.882211748965483,15,1.39040865386279,0.966475917867006,0.785017452199784,0.702739132037104,0.90225638088159
1198,0.674481055829966,15,1.070383564159,0.757485378912338,0.620635950948634,0.483641867499475,0.90225638088159
1199,0.49595044770651,15,0.752782111812807,0.54010625117497,0.427111421672217,0.342530110733963,0.90225638088159
1200,0.32636083539808,15,0.49045815842344,0.356383645874515,0.257861135111318,0.209122676506389,0.90225638088159
1201,0.596329710597108,15,0.8544883207652,0.647102183189434,0.500878258389556,0.411338198642971,0.90225638088159
1202,0.584778638502776,15,0.94465068346374,0.648142757267335,0.508845769499846,0.403093157924062,0.90225638088159
1203,0.580413238028196,15,0.910543350130516,0.675219495586892,0.53862967742021,0.432519148193541,0.90225638088159
1204,0.606905440946414,15,0.854794509223468,0.646734428536812,0.509583560578571,0.402912801127776,0.90225638088159
1205,0.817051721412386,15,1.14294654640979,0.893880175754647,0.684434619051317,0.562235098847325,0.90225638088159
1206,0.983918625471934,15,1.34984862822865,1.06668084459857,0.839754313582315,0.677259414755073,0.90225638088159
1207,0.778086099916843,15,1.02263488287121,0.848066265566369,0.693287586762461,0.553002516507962,0.90225638088159
1208,0.429251489172104,15,0.57403979810423,0.459833102312551,0.38506891907485,0.299696014725749,0.90225638088159
1209,1.04716197366368,15,1.26320040399968,1.13864540062073,0.968277436908409,0.752957298055684,0.90225638088159
1210,1.16715741177473,15,1.49395098489897,1.27326166416023,1.05183900786444,0.835399797171947,0.90225638088159
1211,1.51406088532785,15,1.7501472586368,1.65198420843633,1.34407937510302,1.07521559966247,0.90225638088159
1212,0.34738759250595,15,0.424642080349329,0.374755557560681,0.295195099039171,0.223385597703391,0.90225638088159
1213,0.69250409542188,15,0.869496300529973,0.7534384597895,0.577203359551549,0.448685577567155,0.90225638088159
1214,0.767774940416073,15,0.927299798201307,0.841116955678868,0.668067397061893,0.524259096795531,0.90225638088159
1215,0.378402803078428,15,0.485651843840726,0.43793947631601,0.34539999165311,0.247800982468295,0.90225638088159
1216,0.448749364007447,15,0.552545478642758,0.508326267718773,0.402460918676498,0.306768534717595,0.90225638088159
1217,0.898010489441643,15,1.05233742340395,0.992545005908333,0.773252807711968,0.612837826286257,0.90225638088159
1218,0.592780853032466,15,0.673566803754819,0.651573776210073,0.52213643086308,0.403095308873012,0.90225638088159
1219,0.74071938844723,15,0.857164826506111,0.815656870035616,0.635998423195541,0.491515616199863,0.90225638088159
1220,0.684889118409791,16,0.792090784817435,0.774693938285698,0.657400384342616,0.489847526585169,0.901115555833293
1221,0.987583611918998,16,1.08446201498663,1.09412936548787,0.908018167657286,0.720688509457741,0.901115555833293
1222,1.25367615503013,16,1.35076399355551,1.37724913666367,1.17354915765977,0.925676498254349,0.901115555833293
1223,1.12259890949684,16,1.1847314219165,1.23663397142204,1.03969492211393,0.811856161456554,0.901115555833293
1224,1.14061866757541,16,1.25024172501592,1.25463185816931,1.0318409040418,0.824604221610697,0.901115555833293
1225,1.2202394951832,16,1.22801905449562,1.35745085804099,1.07092747045386,0.860052359490694,0.901115555833293
1226,1.05464701003838,16,1.16028516743902,1.12179723131774,1.00979865072263,0.811765405641177,0.901115555833293
1227,1.24855949651705,16,1.37538173170146,1.35474179843616,1.17851400589796,0.951796288656281,0.901115555833293
1228,0.595305557277818,16,0.853802255237947,0.660660842095722,0.591599227732962,0.477184091894279,0.901115555833293
1229,0.86825431079764,16,0.931006064315967,0.940680645700832,0.812803326575019,0.624255499485992,0.901115555833293
1230,0.860102100411174,16,1.10835614625072,0.921614658315819,0.729732720834002,0.590866109442743,0.901115555833293
1231,0.823592090634635,16,0.912727474847685,0.843304731077499,0.713358859949235,0.561475258876897,0.901115555833293
1232,0.31557112839729,16,0.406529822663046,0.35564740046748,0.323772404637063,0.258997710492987,0.901115555833293
1233,0.767956788714854,16,0.866465863469222,0.840735613232473,0.72043667286223,0.579346497771094,0.901115555833293
1234,0.548078991426267,16,0.579776586147888,0.598560359254928,0.540852538192074,0.400355525175057,0.901115555833293
1235,0.817777796081999,16,0.921007802876427,0.901567342463155,0.675907481118678,0.585797724561274,0.901115555833293
1236,0.914750438737844,17,1.09529683091735,1.00487028720646,0.822623453609138,0.643182698841499,0.908378115152562
1237,0.9173378649238,17,1.11841251342789,0.999973049016613,0.763046405272346,0.611683210476855,0.908378115152562
1238,0.696895600099797,18,0.843379580348233,0.745448643257343,0.646405244454755,0.503834931196609,0.909275089738305
1239,1.08611435340197,18,1.21670452254824,1.08974211434498,0.910175715164877,0.734915266426488,0.909275089738305
1240,0.844462409707095,18,0.952469871013015,0.792572399252989,0.732213199625487,0.5855391364791,0.909275089738305
1241,0.690622792285629,18,0.742199703153764,0.69676914491013,0.62917519842416,0.494397808749608,0.909275089738305
1242,0.630746874027301,18,0.677515442729579,0.645242786905902,0.57728019577704,0.483274438023185,0.909275089738305
1243,0.977892315504126,18,1.05638779621006,1.03066612920154,0.868604427697811,0.707735901050943,0.909275089738305
1244,0.9583021708305,18,0.883522206567363,0.972387857861803,0.827156381979307,0.666078141189696,0.909275089738305
1245,1.20645443843999,18,1.20922986010297,1.28973973022013,1.14671366688411,0.939537141819949,0.909275089738305
1246,1.25218829596341,18,1.25095789082198,1.2867970331203,1.09802347785576,0.901349714889423,0.909275089738305
1247,1.21306161185916,18,1.0852739538797,1.23051180246708,1.06907002659924,0.876836828891214,0.909275089738305
1248,1.30231759186892,18,1.28462509874724,1.41695037899875,1.21850926594889,0.955185123576701,0.909275089738305
1249,0.963816414121143,18,0.841607121220015,0.950588133724329,0.753853929617417,0.611874756419993,0.909275089738305
1250,1.27700675313189,18,1.27086325873764,1.45113039141296,1.24976870831208,1.03123247856271,0.909275089738305
1251,1.08789968135583,18,0.994301068231728,1.18273275815355,0.966332317628789,0.814124215646669,0.909275089738305
1252,1.12530472201429,18,0.963970057055352,1.19911049994826,1.02284645727604,0.812460369897622,0.909275089738305
1253,1.28640760679056,18,1.15693101560936,1.3915412413018,1.1400234557225,0.947937327505656,0.909275089738305
1254,0.887829984815255,18,0.726361967884872,0.93075996166979,0.798127202776401,0.6225009264489,0.909275089738305
1255,0.916444488422325,18,0.841697665686214,0.998648050947507,0.878392868064001,0.690511331396985,0.909275089738305
1256,0.899495812416788,18,0.875479752049731,1.01219581113339,0.89363149181778,0.675132097034786,0.909275089738305
1257,1.21543850877283,18,1.13608810362109,1.34561077421715,1.13099063662342,0.906564921121737,0.909275089738305
1258,1.24309453799196,18,1.07174598187716,1.27517839433288,1.06690932099981,0.842045752647472,0.909275089738305
1259,0.95014599355384,18,0.840384014958645,0.938102613416146,0.804125330262074,0.647193603743806,0.909275089738305
1260,1.15701632156274,18,1.01437770870819,1.15912662096608,1.01808160502138,0.812090887738864,0.909275089738305
1261,1.12223295387073,18,0.95692748469649,1.11335974866462,0.992267485517634,0.809233832789472,0.909275089738305
1262,1.27969979723092,18,1.12431733164253,1.2972830911044,1.13930824199263,0.922211266766565,0.909275089738305
1263,1.33307597616762,18,1.22463121961785,1.33994763913314,1.14392141573437,0.913141844300632,0.909275089738305
1264,1.16422714157771,19,1.16571339959734,1.23821374652884,1.02781905002838,0.791750978958462,0.914340994360901
1265,0.900507123421999,19,0.945880752899692,1.00869949282534,0.867883480255788,0.69458170844473,0.914340994360901
1266,1.00247978072256,19,1.04405833921214,1.06154593278836,0.885257537408724,0.701652759148944,0.914340994360901
1267,0.705454892194457,19,0.790858581107161,0.809147645319868,0.683053467629646,0.552013481978577,0.914340994360901
1268,0.789024423514431,19,0.926785311724016,0.868078957893335,0.766892067917545,0.612060534445469,0.914340994360901
1269,0.772666881203346,19,0.92924633295483,0.896145036643427,0.791286428998386,0.645828408314464,0.914340994360901
1270,0.869612592245039,19,1.02970035339999,1.00456305189501,0.811916569538408,0.66259635841581,0.914340994360901
1271,0.860909236008794,19,1.03901682406523,0.980906089212232,0.852566462910109,0.677593957420494,0.914340994360901
1272,0.801666429153816,20,1.0328198675754,0.896168703641299,0.749032394782423,0.581763480894679,0.920821406229975
1273,1.08105205533233,20,1.2941969241002,1.14131569129938,0.96233259860488,0.776992132240349,0.920821406229975
1274,1.0284772822461,20,1.32810692082785,1.14229129787559,0.949695136415753,0.750691764118936,0.920821406229975
1275,0.442014721847335,20,0.588371242651761,0.490223156146911,0.41951961228826,0.327938840571443,0.920821406229975
1276,0.62447644594046,20,0.863990232828115,0.725278879256154,0.627173490072521,0.497812931021128,0.920821406229975
1277,0.550770607318009,20,0.860300540962672,0.607571209275429,0.572696465190048,0.455516091451339,0.920821406229975
1278,0.346603105079272,20,0.556840936073858,0.436352852289576,0.32626358525687,0.275566460346126,0.920821406229975
1279,0.827732802713377,20,1.23427041884568,0.983274989431153,0.802632687234858,0.639342587090504,0.920821406229975
1280,0.611060090834068,20,0.854417649219369,0.680868476559447,0.548215821784754,0.430261812456015,0.920821406229975
1281,0.966062903714442,20,1.22741510076576,1.03046491321366,0.815196130851351,0.661151121827974,0.920821406229975
1282,0.981245393417673,21,1.36304413286092,1.06628269083999,0.911742015263952,0.722771338844026,0.927184911752543
1283,0.844402522051429,21,1.2315780517342,0.960573260885553,0.813772964830291,0.628397527374144,0.927184911752543
1284,0.621798361423065,21,0.823752164762698,0.667988028938303,0.563511836749182,0.425071442454175,0.927184911752543
1285,0.732669255546578,21,1.02465817332084,0.847951781745816,0.735490696586618,0.576399882886989,0.927184911752543
1286,0.636863889870264,21,0.867803447381965,0.676848789444616,0.600169180468645,0.472321977575549,0.927184911752543
1287,0.658986354848776,21,0.885315847057554,0.677050116822715,0.634854260917896,0.500364054980746,0.927184911752543
1288,0.861653446063829,21,1.14378154443343,0.925411988147103,0.793928495541953,0.633637687197059,0.927184911752543
1289,0.745810149095974,21,1.01589417253949,0.823683995125663,0.709693209545167,0.560107431502975,0.927184911752543
1290,0.497482768892984,21,0.655383528605827,0.539929857672962,0.474560424588357,0.363880566455121,0.927184911752543
1291,0.682707450425332,21,0.868355679320392,0.722229479591578,0.589607649388464,0.490004408876105,0.927184911752543
1292,0.875667052640696,21,1.06480432015359,0.940595968458034,0.821361722397958,0.659037587478,0.927184911752543
1293,0.999909316186034,21,1.20259967027649,1.03871000667648,0.927317710476063,0.734300957451505,0.927184911752543
1294,0.956353558735704,21,1.15956127088338,1.00403499574917,0.885540058131581,0.711096125727154,0.927184911752543
1295,0.933538283178115,21,1.08556776471488,0.952605944068721,0.864709656356045,0.687641098058434,0.927184911752543
1296,0.731458433899707,21,0.849843754768814,0.77630295999736,0.720487335451819,0.582996635232066,0.927184911752543
1297,0.843974166792385,21,0.961617390806249,0.90889632307443,0.801625968795005,0.647878972115638,0.927184911752543
1298,0.781937093471198,22,0.833887770646598,0.813076674074412,0.718184782856636,0.585097351877123,0.933267775899379
1299,0.82360725860521,22,0.893366630405414,0.842661141110285,0.770034018536383,0.591235615300224,0.933267775899379
1300,0.785717891450721,22,0.809768668630535,0.798257093295207,0.710908117224425,0.550589640000993,0.933267775899379
1301,1.00585558845571,22,0.990064245883942,1.03597719761688,0.924678433152333,0.706212161799003,0.933267775899379
1302,1.22010153222896,22,1.19156750489188,1.24425087219241,1.14883900055407,0.89798579645855,0.933267775899379
1303,1.17159219614496,22,1.13859689276815,1.17411606555109,1.08268285218635,0.864925288392182,0.933267775899379
1304,1.15174784777394,22,1.09729043099551,1.15628224018238,1.03810927114759,0.821694421056629,0.933267775899379
1305,1.33728370286719,22,1.2864313403404,1.32301648067444,1.23238221960265,0.982125035082994,0.933267775899379
1306,1.01670429435618,22,0.96063568832476,1.05167388566914,0.942106897645168,0.741375463180555,0.933267775899379
1307,1.35162582960773,22,1.20156997943479,1.36640776063713,1.20733961693606,0.973698520285759,0.933267775899379
1308,1.24679561544378,22,1.17817804094787,1.28263813479381,1.11784698331428,0.903595147418499,0.933267775899379
1309,1.18140878148761,22,1.13745771031132,1.22942198158647,1.05319713698283,0.848197932055427,0.933267775899379
1310,0.468715225614492,22,0.459626511201955,0.491296875903279,0.428516354235937,0.319295554463196,0.933267775899379
1311,0.648063741019168,22,0.620662038196976,0.678997692810449,0.583810979333152,0.461217521361355,0.933267775899379
1312,0.838830752516405,22,0.907858463099905,0.923960355463617,0.853349758155061,0.670475263439959,0.933267775899379
1313,0.915994247055451,22,0.877383950695446,0.935096808005619,0.81973698131967,0.654716684562816,0.933267775899379
1314,1.23928453029768,22,1.25540884456798,1.28530765822379,1.13407584038473,0.909402449924139,0.933267775899379
1315,1.16398272185558,22,1.15128606863881,1.18282730604394,1.02484991558814,0.849921257961195,0.933267775899379
1316,1.42384499299559,22,1.39743033732468,1.46382030088504,1.28152053265778,1.04384803769099,0.933267775899379
1317,1.14757954490633,22,1.17943487431551,1.17286499386752,1.05860505974261,0.855491991610731,0.933267775899379
1318,0.718504879301869,22,0.750762996982681,0.751458647136414,0.66430220092266,0.510760175863777,0.933267775899379
1319,0.887540897236767,22,0.976043773781034,0.919931084802446,0.844376837222044,0.649085678085198,0.933267775899379
1320,0.967785202179226,22,1.01975591119482,0.970671000325143,0.847229756819603,0.676391024653522,0.933267775899379
1321,1.00293234389673,22,1.07039350618425,1.01646037280499,0.936118011550752,0.738472711902135,0.933267775899379
1322,0.904700733296735,22,0.981126065947584,0.934044518321866,0.868265129931147,0.684769389626668,0.933267775899379
1323,0.918383538361362,22,0.963781599924195,0.941982620662482,0.828245560306646,0.659885584974888,0.933267775899379
1324,0.766691832066842,22,0.852897384887973,0.777250117069525,0.676429397921935,0.541828928724831,0.933267775899379
1325,0.77381011752832,22,0.836676499906412,0.762748152585942,0.68842819323705,0.546996319111734,0.933267775899379
1326,0.480049698058259,22,0.503772905069569,0.478026185332061,0.446686648532333,0.340895135309059,0.933267775899379
1327,0.929573890962859,22,1.04702097081576,0.963673055090343,0.852844402227974,0.664478084741383,0.933267775899379
1328,0.447203804740233,22,0.471676719996319,0.461019158356959,0.411611334636516,0.305629767250331,0.933267775899379
1329,1.21481066533314,22,1.31234168186063,1.22125002305994,1.09500686232205,0.86416108620414,0.933267775899379
1330,1.26839146472939,22,1.41367527271066,1.33425105063171,1.16181755832403,0.939004409005498,0.933267775899379
1331,1.27125260249844,22,1.42806750334437,1.31779638770176,1.12071587190355,0.855569343570114,0.933267775899379
1332,0.723084778678083,22,0.760189039186356,0.745437575458077,0.667933812366362,0.518381673804392,0.933267775899379
1333,0.806504651252619,22,0.843621903926842,0.796435763743714,0.747604806357822,0.589886927425033,0.933267775899379
1334,0.735622915442714,22,0.750068562456592,0.75395960798819,0.684934670480674,0.535212016137865,0.933267775899379
1335,0.951937464615048,22,1.00192348532871,0.958322415280724,0.882017813097327,0.67349018554526,0.933267775899379
1336,0.879124698428196,22,0.902955035250299,0.914204910849826,0.807745925084376,0.633563867463282,0.933267775899379
1337,1.12283114555054,23,1.13680429198026,1.13987206180658,1.04804959718568,0.819899971868642,0.937052037727548
1338,1.27034623320419,23,1.30976182014552,1.32144624232251,1.16992150331321,0.912735065074202,0.937052037727548
1339,1.03188694622075,23,1.0583940806331,1.05298877302343,0.967480920847297,0.760100355674037,0.937052037727548
1340,0.712139402821338,23,0.769306150502233,0.724452279277828,0.610869859361483,0.50404268554963,0.937052037727548
1341,1.13465590257212,23,1.17435372637614,1.17831391263688,1.0378838264176,0.851742413185036,0.937052037727548
1342,1.39949662039622,23,1.54606473362328,1.45869059259781,1.3268856274624,1.0648280645495,0.937052037727548
1343,0.966728892459015,23,1.02530894304028,0.981894227290571,0.920905995773317,0.727586616824721,0.937052037727548
1344,0.63215570177276,23,0.693287909543483,0.647265237892009,0.580288079700203,0.460232716480617,0.937052037727548
1345,0.918471482469867,23,0.993395920546634,0.926831901404594,0.85589207867812,0.670683657511666,0.937052037727548
1346,1.00894296165562,23,1.16000583175713,0.978000698687488,0.977661766828063,0.771345948199954,0.937052037727548
1347,1.0374073078992,23,1.15753523058461,1.04350269480493,1.01204283626548,0.782091654808547,0.937052037727548
1348,0.754640976890622,23,0.903383136562713,0.780034621406927,0.716654548321158,0.559668506952596,0.937052037727548
1349,0.6978676600656,23,0.867056533905558,0.707445357513579,0.655774605864632,0.49852480284496,0.937052037727548
1350,0.813661551329202,23,1.05001424523425,0.830625943130927,0.773326137126561,0.608464994727493,0.937052037727548
1351,0.646412096192217,23,0.794830173506754,0.656056684089719,0.589849253141121,0.4664604876609,0.937052037727548
1352,0.315223077097336,23,0.406716097895336,0.312332223802248,0.285840962414575,0.224756926220096,0.937052037727548
1353,0.669936147058543,23,0.87639962470402,0.639310218519504,0.572376699714699,0.468624311337516,0.937052037727548
1354,0.699951021605156,23,0.925110542475099,0.706799205003007,0.646861299993059,0.472941964155854,0.937052037727548
1355,0.662615880261044,23,0.874307545805147,0.692485552195922,0.57591063214302,0.481116144477256,0.937052037727548
1356,0.801133893815842,23,1.00081372721168,0.819977486323432,0.730133219333218,0.589685849404695,0.937052037727548
1357,0.739429907995425,23,0.847285244128475,0.720423314114723,0.66534785374322,0.530836593122412,0.937052037727548
1358,0.804042392975533,23,0.947613193710967,0.800596616337318,0.751452672177462,0.59016177545548,0.937052037727548
1359,0.972718230286232,23,1.13980313109082,0.995960345289211,0.87715286117972,0.713061440281022,0.937052037727548
1360,0.804981867387473,23,0.894199906651634,0.810832139714563,0.758465309849331,0.613175707842897,0.937052037727548
1361,1.20111747836428,23,1.2924103010464,1.23533886770166,1.09203849854535,0.883807477960694,0.937052037727548
1362,0.622876999358298,23,0.677343731721809,0.641241767681584,0.575628068371595,0.451252198074083,0.937052037727548
1363,0.856823117581567,23,0.911117422375445,0.869156026697779,0.754286205960888,0.566805954894207,0.937052037727548
1364,0.985362991960294,23,1.024843944913,1.02492666277076,0.892337732653093,0.706414238607408,0.937052037727548
1365,0.882509977554406,23,0.921740449307075,0.924062435933774,0.77396035916012,0.604524129532944,0.937052037727548
1366,1.1594798045262,23,1.21588090583933,1.20584819911527,1.01837651117173,0.855212849791097,0.937052037727548
1367,1.13036214129853,23,1.14896406242159,1.1878611441965,1.04054452856228,0.819285556751484,0.937052037727548
1368,1.35085606013377,23,1.31383935614899,1.37495672907025,1.27194116643126,1.0066523829794,0.937052037727548
1369,1.20068303498025,23,1.15158804454229,1.23739499577767,1.10714144571117,0.88706712568885,0.937052037727548
1370,0.765785132931878,23,0.736808376306049,0.79138098068182,0.739075792019946,0.56023780269774,0.937052037727548
1371,1.05818810552618,23,1.02401893987122,1.08246269883644,0.986398057788227,0.785706870755319,0.937052037727548
1372,0.868726417061203,23,0.832222255338652,0.873680659649536,0.814678635484932,0.634236851718569,0.937052037727548
1373,0.695881258329539,23,0.647484534236566,0.708076459069112,0.653331509507485,0.510464010689921,0.937052037727548
1374,1.1226085130326,23,1.03781781534218,1.14399800594406,0.99666952051202,0.772854946741009,0.937052037727548
1375,1.023510086289,23,0.973399636794048,1.06483662329593,0.9567181585943,0.75159984461944,0.937052037727548
1376,1.50124222367118,23,1.44400906302211,1.54166156882891,1.35457238789828,1.05363844453951,0.937052037727548
1377,1.37793460357568,23,1.28473396745566,1.41445033404158,1.23722308402391,1.00722837957541,0.937052037727548
1378,1.0799164690032,23,1.01257279776369,1.0516522457728,0.995180146130902,0.786133812989627,0.937052037727548
1379,0.879623793078576,24,0.880700379296675,0.921600890201101,0.806010987442704,0.646932643230807,0.940918011263335
1380,0.745295442559701,24,0.735759941851218,0.759314635205764,0.678460968748761,0.534722664558046,0.940918011263335
1381,1.03254731475853,24,0.999554308887268,1.04426004233325,0.95590492863387,0.747199242404033,0.940918011263335
1382,0.712676946754992,24,0.709350220011517,0.738768729372481,0.664837364750957,0.518142772971321,0.940918011263335
1383,0.625768548959037,24,0.597759257860294,0.647096366806751,0.595862555090633,0.469803566251473,0.940918011263335
1384,0.988236384756547,24,0.979049504736529,1.00057213652721,0.933234342400811,0.712051508319748,0.940918011263335
1385,1.04015914639576,24,1.01381809067851,1.0751950234401,0.985874539475561,0.770921553168247,0.940918011263335
1386,1.05249834135123,24,1.00110000801828,1.0733474193428,1.02471305667708,0.782537112642183,0.940918011263335
1387,1.31573133074097,24,1.26064230296334,1.35554408406242,1.27730131403557,1.00935645707381,0.940918011263335
1388,1.27501297026939,24,1.20822437523429,1.33551117449404,1.25332874607698,0.984714395277718,0.940918011263335
1389,1.16531992489046,24,1.08393432298663,1.20468507381299,1.15128154885046,0.90863269099896,0.940918011263335
1390,0.833594149292726,24,0.77244935324904,0.854588028013919,0.832619080434195,0.640008978270123,0.940918011263335
1391,1.01931383239537,24,0.961004880439337,1.04205159454267,1.02156836754968,0.789467208402978,0.940918011263335
1392,1.01517479254191,24,0.904768024615801,1.04186006258287,0.987382698278518,0.784345654210117,0.940918011263335
1393,1.17125737869093,25,1.09947682695435,1.21375069457545,1.20275992674127,0.954635240889443,0.94319727890779
1394,1.33655954505056,25,1.23348241181517,1.38844822228406,1.35549999199048,1.07030946627976,0.94319727890779
1395,1.00172050942949,25,0.905312688519738,1.01670683714296,1.03293066391419,0.802761175681462,0.94319727890779
1396,0.844981599268245,25,0.759108035251404,0.860674699318785,0.887281578900574,0.694130371521548,0.94319727890779
1397,1.00128134924854,25,0.912030466937685,1.01901620242669,1.01967536241751,0.805002104822086,0.94319727890779
1398,1.16070209326888,25,1.040137023097,1.16344169168977,1.20995734451591,0.952466723785018,0.94319727890779
1399,0.986286394956141,25,0.895917649948985,1.03480900279809,1.02603074267358,0.806195183942261,0.94319727890779
1400,1.35594995599135,25,1.22298518101655,1.45047046749938,1.44367521479776,1.12590974851657,0.94319727890779
1401,1.05534723934656,25,0.934597505088384,1.08236086687789,1.10280162019149,0.848862800628506,0.94319727890779
1402,1.00211377485777,25,0.870696406795208,1.04141758920058,1.00177072197438,0.790000841914098,0.94319727890779
1403,1.20799077436021,25,1.07894362496278,1.23842850152265,1.24295862882918,0.999528068407543,0.94319727890779
1404,1.34605563102906,25,1.15387057789731,1.38507181831131,1.37391327489883,1.10776721717611,0.94319727890779
1405,1.07161208200824,25,0.9333998043171,1.09078535571321,1.0994011430044,0.886433558388022,0.94319727890779
1406,1.22766712277538,25,1.07648654981572,1.28016604432705,1.25794113829437,1.00309831610416,0.94319727890779
1407,1.42278512753244,25,1.22019974308197,1.45349982852352,1.44355092939896,1.16358181900441,0.94319727890779
1408,1.26450649041099,25,1.09376311408302,1.29834618535272,1.21631158517461,0.973225598328195,0.94319727890779
1409,1.16886536174906,25,1.04949434301845,1.19032481118468,1.11589342361126,0.90487646644688,0.94319727890779
1410,1.02789269674077,25,0.887147592633369,1.06217546024263,0.962226379828945,0.764430111197271,0.94319727890779
1411,0.904879194160237,25,0.798402578716529,0.896945630852865,0.84517127599861,0.663531729457279,0.94319727890779
1412,1.14193546069826,25,1.06159642670263,1.16634607114903,1.11623126043407,0.883421122975717,0.94319727890779
1413,1.01838984115114,25,0.930293456772178,1.04459058720546,0.973938252381548,0.757257201090717,0.94319727890779
1414,0.757361329408143,25,0.68855286090686,0.759164462110712,0.765394731478485,0.598444692032012,0.94319727890779
1415,1.20718589143626,25,1.15275774451566,1.27954954119047,1.23575398081526,0.967760598672205,0.94319727890779
1416,1.06228886994059,25,1.0029382544943,1.09271612351788,1.1019439641124,0.854644609034776,0.94319727890779
1417,1.20465433098472,25,1.10170833191295,1.25919325511236,1.24727625089825,0.998067954462617,0.94319727890779
1418,1.12676280337428,25,1.06340688704064,1.15807244083713,1.11942011577375,0.903958159267385,0.94319727890779
1419,0.774040668686505,25,0.718855932722127,0.798426090364061,0.784327710261918,0.621134332514006,0.94319727890779
1420,1.08768531625163,25,1.01462872925824,1.10818265868253,1.08540661762358,0.867109318148711,0.94319727890779
1421,0.973213799179474,25,0.931052308618461,1.01495242988994,0.966428259451395,0.774293478700314,0.94319727890779
1422,0.847739433951291,25,0.771601447233937,0.868596558718043,0.829930091166119,0.646593352888273,0.94319727890779
1423,0.763510447399914,25,0.709895351764066,0.774891806067118,0.751529039066134,0.596832620550872,0.94319727890779
1424,1.26086782727799,25,1.20564569356685,1.30676416339846,1.22522187431138,0.96520859771443,0.94319727890779
1425,1.32656311490618,25,1.18753042348753,1.34245084140016,1.26541472386863,1.06453266178773,0.94319727890779
1426,1.20361611613575,25,1.08534978386857,1.22175068602453,1.12619756753485,0.952540085117954,0.94319727890779
1427,1.40310746573733,25,1.24146854944886,1.41462511655849,1.34829234279812,1.11027607069258,0.94319727890779
1428,1.29781654571451,25,1.17836072385468,1.33623651518184,1.23194798811439,1.0000839042272,0.94319727890779
1429,0.933848808051044,25,0.852145524773947,0.954253294924525,0.943896512731794,0.742287444179467,0.94319727890779
1430,0.772074317847903,25,0.723869247434905,0.777206506981212,0.776676268472388,0.614776874340872,0.94319727890779
1431,1.33910232266018,25,1.21125312588989,1.3307452254462,1.2627164088805,1.05164874577322,0.94319727890779
1432,1.27928078137239,25,1.25095238933078,1.26536005554903,1.23521928300143,1.03690992472779,0.94319727890779
1433,1.29520580205536,25,1.20651893833525,1.29813911190606,1.24337138297429,1.03654241811258,0.94319727890779
1434,1.29195915391956,25,1.31825152329824,1.32697862657264,1.20765987745355,1.00690641829169,0.94319727890779
1435,0.821349480343543,25,0.854989106794724,0.843487964449807,0.807983972383474,0.659043539494343,0.94319727890779
1436,0.617762472695432,25,0.650094673590763,0.628329007661399,0.59584722698239,0.487964089356661,0.94319727890779
1437,0.50495981802456,25,0.549712606164597,0.525874471625103,0.518378929918978,0.393598008187656,0.94319727890779
1438,0.812529998811691,25,0.860689868288833,0.833616362936835,0.794194300397801,0.623090732619386,0.94319727890779
1439,0.94246996008338,25,1.01031913343114,0.95668310940866,0.923595238432535,0.714544577370318,0.94319727890779
1440,1.01833455406931,25,1.11834488736039,1.04476372413951,1.02076659637725,0.790914235885148,0.94319727890779
1441,0.792185508458503,25,0.875738181534791,0.814311706857018,0.783552432061443,0.618752712863925,0.94319727890779
1442,0.596980922235425,25,0.672327012828435,0.613199132386958,0.623854577234599,0.470322527676235,0.94319727890779
1443,0.933306037581067,25,1.03369162127214,0.963517382859198,0.915977634553836,0.732710178934553,0.94319727890779
1444,0.994979099182919,25,1.12831000918285,1.00932623119405,0.977884724047523,0.788407532595904,0.94319727890779
1445,1.04431877769551,25,1.19745268429578,1.09685511925827,1.02629880658854,0.820612459080634,0.94319727890779
1446,0.822597939212907,25,0.936752677626028,0.844910773124549,0.826289236902013,0.652476066511075,0.94319727890779
1447,0.87268813399811,25,0.957132041188257,0.895283823180105,0.860418743111326,0.669426981850434,0.94319727890779
1448,0.967899436750838,25,1.07656917508128,0.986909352127095,0.969679210095828,0.755730102079386,0.94319727890779
1449,0.883734916405996,25,0.965359127516218,0.9125611334176,0.888668445155964,0.720695420709822,0.94319727890779
1450,0.7259070705204,25,0.792973410031408,0.737217715762709,0.75527798539018,0.600464967613919,0.94319727890779
1451,1.1341424277179,25,1.18718523174278,1.15612118436934,1.14657962517652,0.91541633670642,0.94319727890779
1452,1.29276858650372,25,1.36328929225319,1.3182580207926,1.29466226624938,1.05601758623712,0.94319727890779
1453,0.92105215772887,25,1.00147500010477,0.990863787126857,0.965193121943331,0.790513725068379,0.94319727890779
1454,0.849413979378089,25,0.893974612520754,0.885883589492154,0.869884148392365,0.698255340123617,0.94319727890779
1455,0.494494038000355,25,0.519413021208143,0.514787940360329,0.518275229695367,0.41557460871423,0.94319727890779
1456,0.665299392574343,25,0.677118893003884,0.680322180768426,0.682044006622598,0.537793202215161,0.94319727890779
1457,0.99363335712056,25,0.936854035646821,1.02464558788866,0.970138240394557,0.802765070455781,0.94319727890779
1458,1.06294947757833,25,1.00875982199678,1.08012443586528,1.06469483089882,0.866625153649652,0.94319727890779
1459,0.961232002487863,25,0.886287536707802,1.00484240708215,0.964344853803419,0.79187406697601,0.94319727890779
1460,1.27695247284762,25,1.16915171766705,1.32511534556867,1.30051821785164,1.05260779221819,0.94319727890779
1461,1.22051847782085,25,1.12407385948848,1.23396511299993,1.21625640797158,1.03063136233713,0.94319727890779
1462,1.35633954327448,25,1.21617728957904,1.47785392701135,1.42696480704803,1.18777785821433,0.94319727890779
1463,1.3656894524587,25,1.18196333352909,1.46283070545799,1.34529192627819,1.10961219520348,0.94319727890779
1464,1.09567801175078,25,0.965638609834237,1.10975926110224,1.13587829610871,0.914092440815286,0.94319727890779
1465,1.31273865190063,25,1.1378968570626,1.3788947925442,1.32938831506213,1.09651617889974,0.94319727890779
1466,0.59443264442887,25,0.523541736289513,0.625812780057169,0.619856692372542,0.485150845230201,0.94319727890779
1467,1.25193812152484,25,1.0538078419372,1.29719457844018,1.27566369250028,1.05071619356494,0.94319727890779
1468,1.363524976787,25,1.14075391642607,1.37782335942438,1.34620175764775,1.11244024216743,0.94319727890779
1469,1.352957143009,25,1.17677484177224,1.38721626732298,1.38406058392874,1.1579807621671,0.94319727890779
1470,1.4294226251059,25,1.23469996157533,1.49161106511339,1.44607402240317,1.20869266501667,0.94319727890779
1471,1.37710920434208,25,1.24462720546912,1.29631700209391,1.43879806352706,1.17970141834187,0.94319727890779
1472,1.24497715987336,25,1.06440813150248,1.26293326970843,1.27570137121939,1.03869671627693,0.94319727890779
1473,0.793598038447916,25,0.736358261642211,0.845771714117571,0.813844753803804,0.65546141523124,0.94319727890779
1474,0.373900531809347,25,0.358482714017772,0.391165443233692,0.395697968817691,0.303222965479387,0.94319727890779
1475,1.1514164204598,25,1.15015229903063,1.18237256538685,1.14761980880937,0.952338541071245,0.94319727890779
1476,0.525596111277071,25,0.521150408315249,0.547464603466578,0.526172833113687,0.417735528648702,0.94319727890779
1477,0.983907199751415,25,0.977417481170082,1.03073920781185,0.977490494607596,0.79860537303939,0.94319727890779
1478,1.2389741955109,25,1.2786534421206,1.28428292807673,1.24637966242416,1.05570543405987,0.94319727890779
1479,1.10158712837373,25,1.11984554706726,1.1379342226956,1.12176948243449,0.927550780885564,0.94319727890779
1480,0.660465193410085,25,0.697479779033241,0.700256182981077,0.678110304056481,0.543854988163671,0.94319727890779
1481,0.874624872454666,25,0.960591400475354,0.943430107255616,0.966410441953798,0.767309750506925,0.94319727890779
1482,0.803774547109259,25,0.828282053946113,0.836111345185374,0.834367122679829,0.65486161839815,0.94319727890779
1483,0.769549447845947,25,0.787813724881059,0.788675391303111,0.764531287399258,0.606793622644581,0.94319727890779
1484,1.06123185074479,25,1.11148006319102,1.11888479517504,1.09190879331445,0.881190866705861,0.94319727890779
1485,1.02507656321561,25,1.07537130704346,1.06998120583149,1.02494338451973,0.834384707667079,0.94319727890779
1486,0.700420463632072,25,0.744318158273951,0.734279133079808,0.701099351836886,0.574004020496929,0.94319727890779
1487,1.20161815160989,25,1.22278866704299,1.26176354412482,1.18828560307061,0.983341683769705,0.94319727890779
1488,0.828150762804937,25,0.819432932141684,0.846782922092946,0.874477574927289,0.686500627096651,0.94319727890779
1489,1.33581273216843,25,1.39437553633274,1.40233020154762,1.31333843091188,1.09882012925384,0.94319727890779
1490,1.0479548049371,25,1.08788123617777,1.09268651235917,1.05207442948754,0.827636023922742,0.94319727890779
1491,1.03627513424818,25,1.05271834789098,1.07442492861844,1.01895297103412,0.814849455895877,0.94319727890779
1492,0.408186105816407,25,0.382708089676411,0.40973378701945,0.42176009954038,0.314484141173001,0.94319727890779
1493,1.0583888305645,25,1.08061027943273,1.12472718762882,1.05463287473947,0.880859447821,0.94319727890779
1494,1.04598784215462,25,1.03340829632427,1.08850336214781,1.06492439732599,0.882037723218289,0.94319727890779
1495,0.678085786860054,25,0.650566449455227,0.713120775252628,0.701293706034479,0.568031265041032,0.94319727890779
1496,0.994933464463334,25,0.976526735808199,1.02976939926044,1.01915333986581,0.840236003039696,0.94319727890779
1497,0.861974444941285,25,0.829862909686982,0.890337586890525,0.869409601976062,0.722444585540802,0.94319727890779
1498,1.06422484227704,25,1.0438387959082,1.12346176009273,1.05456608188033,0.878833890865109,0.94319727890779
1499,1.18220785972783,25,1.17926984914277,1.2373415266992,1.18790173272445,0.981351590088052,0.94319727890779
1500,1.24507650729942,25,1.20451092700459,1.29050741321465,1.23315844251234,1.01602626662463,0.94319727890779
1501,1.05786103552073,25,1.03512594112756,1.11170488427474,1.05690769256714,0.854471555612783,0.94319727890779
1502,1.20422184572683,25,1.19971753876493,1.25307120718017,1.18461636536069,0.992909540758485,0.94319727890779
1503,1.01729411477622,25,1.02175720385454,1.08778315698939,1.05259350547702,0.853000801168349,0.94319727890779
1504,0.98387175761711,25,0.975994472146141,1.03108315212697,0.994163729216337,0.839625496278142,0.94319727890779
1505,1.09371370703688,25,1.10446555654703,1.15255046423094,1.0603766140884,0.898314443700659,0.94319727890779
1506,0.80939022839815,25,0.806709204248956,0.84653711012076,0.792313786172342,0.654013513513891,0.94319727890779
1507,1.02698442410175,25,1.03037465605021,1.0818806927792,1.03811800628117,0.851889756306188,0.94319727890779
1508,1.10413525920993,25,1.19618637639782,1.18603817825935,1.10976616317976,0.926798583046821,0.94319727890779
1509,0.883141714931536,25,0.975043809426341,0.948265449477463,0.901896022117972,0.752414249878753,0.94319727890779
1510,0.605512329520674,25,0.628231598476023,0.638549550003866,0.657702740047377,0.511092901728696,0.94319727890779
1511,0.887072513836307,25,0.98323856912317,0.943892849262699,0.917244839232617,0.759065954981043,0.94319727890779
1512,0.752337427078535,25,0.802824511681734,0.790127745416205,0.775540504603669,0.643611735218926,0.94319727890779
1513,0.706082080991133,25,0.767412625929609,0.73915498217976,0.699011255979516,0.579526958040949,0.94319727890779
1514,1.06250116069704,25,1.16599234648024,1.11644968545505,1.10760606180567,0.905002358168545,0.94319727890779
1515,0.949988675441153,25,1.07267650543108,0.988737606453857,0.973111627866515,0.799636145449745,0.94319727890779
1516,0.666215626079078,25,0.723387316889828,0.687362116479567,0.692082614207191,0.551204910934386,0.94319727890779
1517,0.988783489539208,25,1.08745182949309,1.05958141084569,0.986897042831581,0.831793095361002,0.94319727890779
1518,0.892781164731465,25,1.02174604346241,0.954376314563712,0.951294470642728,0.766852481516549,0.94319727890779
1519,0.698673040600073,25,0.821464793515632,0.728699195647233,0.710902749338465,0.594424706790773,0.94319727890779
1520,0.911618394204118,25,1.09361401677205,0.999240771257444,0.951588669914157,0.780136088867275,0.94319727890779
1521,0.81036642872986,25,0.998667851229262,0.875355821868577,0.85399577122999,0.707890470642415,0.94319727890779
1522,1.02950860331029,25,1.23207538333316,1.10871084191028,1.04970353259802,0.887704815219632,0.94319727890779
1523,0.943007244556168,25,1.11678579734384,1.00638411304707,0.951455276009199,0.798729675561629,0.94319727890779
1524,0.756461694839444,25,0.866349246089337,0.801871180270019,0.739383581276298,0.63889236941815,0.94319727890779
1525,0.69752124875828,25,0.815417136581689,0.746415127305659,0.691732951608927,0.577897941407688,0.94319727890779
1526,0.920589206612684,25,1.11642104914963,0.991483923465461,0.964046686293159,0.795661739554907,0.94319727890779
1527,1.09571749651393,25,1.29030474291697,1.16168642474706,1.08981004328823,0.911604948380856,0.94319727890779
1528,0.917767105608316,25,1.08868990198527,0.979743055336934,0.942083801425304,0.766181652235012,0.94319727890779
1529,0.69331276838701,25,0.808266495981219,0.746688669130825,0.711450828026018,0.578942633955374,0.94319727890779
1530,0.660614586866844,25,0.771982215752563,0.715411643260734,0.71812067894493,0.569448821244262,0.94319727890779
1531,1.04951841805434,25,1.21593703336618,1.13472473341668,1.10370871770612,0.909117445140176,0.94319727890779
1532,0.387895807289756,25,0.423045980607534,0.415703374897557,0.404365950236378,0.321349617876889,0.94319727890779
1533,0.810397813071659,25,0.906736082720291,0.892482966007639,0.806591575642504,0.68289699418183,0.94319727890779
1534,0.897533476343195,25,0.987926113087068,0.973691865508453,0.919199197871764,0.751783475289668,0.94319727890779
1535,0.818207272756612,25,0.855768451000961,0.89694944460571,0.835717843727842,0.675784385615868,0.94319727890779
1536,0.479970412654434,25,0.488403019879279,0.524778178305442,0.512035392952312,0.409114357248266,0.94319727890779
1537,1.11041125467963,25,1.14869452708582,1.19080139344137,1.14838109726381,0.965141742604931,0.94319727890779
1538,0.94433489893826,25,0.998659010040531,1.02259528818062,0.991956648931815,0.821649272360976,0.94319727890779
1539,1.33767599664249,25,1.33699339713422,1.45266481750462,1.33620468397083,1.16980125583255,0.94319727890779
1540,1.03818312881336,25,1.03577744824133,1.12891528684656,1.08697045351601,0.899486550308806,0.94319727890779
1541,1.14507606283957,25,1.14981769401614,1.26024371007866,1.12559315419603,0.976412006133957,0.94319727890779
1542,1.25341421339415,25,1.21455220149882,1.3545244718117,1.2527325487528,1.06389457528216,0.94319727890779
1543,1.20572142971341,25,1.16417584317562,1.28645609897269,1.18832258815612,1.02323458485375,0.94319727890779
1544,1.09571079350669,25,1.05387983746834,1.18973078558876,1.05936129659581,0.911143810123404,0.94319727890779
1545,1.29989916075717,25,1.26704810929683,1.40325187004712,1.30271067150146,1.11426262017158,0.94319727890779
1546,0.912379131853896,25,0.90342385303873,0.993261233365553,0.933297345058121,0.778469993291718,0.94319727890779
1547,1.0974120637219,25,1.1209258915665,1.18984436854664,1.1720220717559,0.961980521352785,0.94319727890779
1548,0.85655163119915,25,0.837313720864099,0.937821653307783,0.905463823408066,0.747678678356203,0.94319727890779
1549,0.467584933951342,25,0.487326860675422,0.520759488939621,0.490600123600542,0.385432338651103,0.94319727890779
1550,1.048247573397,25,1.09748533879422,1.16157941545836,1.09264020813799,0.909869512525876,0.94319727890779
1551,0.804344688976547,25,0.851672108339245,0.905133556922877,0.799858595339381,0.640462091119924,0.94319727890779
1552,0.860400346921575,25,0.909667306368033,0.967576306085976,0.90640264130943,0.730377402482945,0.94319727890779
1553,1.07921257680025,25,1.13532590666129,1.20160319049634,1.10512158883646,0.948008386009955,0.94319727890779
1554,0.512265698478284,25,0.537198150448452,0.56612746115829,0.562967839059842,0.454397946453303,0.94319727890779
1555,1.02191722243722,25,1.11342685955921,1.1125645827628,1.0594719767207,0.890642467514145,0.94319727890779
1556,1.04226135877075,25,1.12501357959516,1.16150459484077,1.07671593504299,0.887720457899636,0.94319727890779
1557,0.996787511869992,25,1.04468836188338,1.10995418959207,1.03190856090275,0.860977471605855,0.94319727890779
1558,0.636263006460298,25,0.672261062808304,0.71595045867988,0.672939976770442,0.539766381581071,0.94319727890779
1559,0.755415111046801,25,0.766976932415108,0.829905633124049,0.796085994497874,0.651373163742721,0.94319727890779
1560,0.992954062775566,25,1.00737996941667,1.1023372302846,1.03206913343476,0.869765634905023,0.94319727890779
1561,0.826581696335172,25,0.81084851120664,0.904162360239139,0.863328420463191,0.716575244688044,0.94319727890779
1562,1.04759543693478,25,1.03154965554412,1.15256006719746,1.10960551369407,0.908164179188643,0.94319727890779
1563,1.16342015969785,25,1.12026552961047,1.28549956147384,1.15615921973651,0.979452202103279,0.94319727890779
1564,1.15268235943182,25,1.0962861292034,1.25921492766151,1.21353038500015,1.02547018284376,0.94319727890779
1565,1.05134145699264,25,1.00917908803056,1.18319572567016,1.11107463436425,0.943966362908444,0.94319727890779
1566,1.12224990448518,25,1.02744905217953,1.24270580211991,1.12693711278916,0.943872266314898,0.94319727890779
1567,1.3034757109121,25,1.19083063978904,1.45325219944616,1.30630822070129,1.13852787974498,0.94319727890779
1568,1.14876700587152,25,1.07599472932787,1.30597767789332,1.22696478634715,1.03926804117056,0.94319727890779
1569,1.47842619004769,25,1.38434215963945,1.64741857878239,1.4879317699383,1.31754570147849,0.94319727890779
1570,1.4768094875199,25,1.38743429778109,1.66985153900505,1.47286848501136,1.31554086938701,0.94319727890779
1571,1.13371533676993,25,1.06265679520757,1.26740123950717,1.1759449976919,1.00094000406168,0.94319727890779
1572,0.298073428564743,25,0.298823493949992,0.34233524151106,0.336133671858164,0.264863621165,0.94319727890779
1573,0.397538633037051,25,0.379269039583478,0.446075805076824,0.410919202765738,0.35064387758731,0.94319727890779
1574,1.16831155523776,25,1.09732791686704,1.29403716973454,1.13113093068831,1.00448938539293,0.94319727890779
1575,1.03029200824036,25,1.03288022628695,1.20149549495274,1.10933556367961,0.920517826792292,0.94319727890779
1576,0.977937966385662,25,1.02067432915242,1.09451828513574,1.08066364970546,0.920639191777024,0.94319727890779
1577,1.43872903868435,25,1.41988238380611,1.59434628331788,1.49626055457448,1.28791911851938,0.94319727890779
1578,0.873741894110817,25,0.857537975863462,0.985491942293794,0.905313744556918,0.76386060188087,0.94319727890779
1579,0.901741528736764,25,0.946179143883433,1.03484199472666,0.9545136423564,0.814696711899415,0.94319727890779
1580,1.05858339331229,25,1.09006936770446,1.19179980286007,1.12061148953723,0.940629009711033,0.94319727890779
1581,0.915781177360393,25,1.03314684973719,1.11278150006182,1.02702109909043,0.868476695687879,0.94319727890779
1582,0.872294339261944,25,0.868617024210426,1.02559377285714,0.921367897046464,0.75755589051116,0.94319727890779
1583,0.747824983881768,25,0.823946202049244,0.891489757100831,0.876583276261326,0.679030704046898,0.94319727890779
1584,0.57851993973766,25,0.57497575622062,0.665942628524528,0.558294555342796,0.491288124726878,0.94319727890779
1585,0.892111906161859,25,0.882505299077864,1.01776636360987,0.982295493208711,0.795841652915086,0.94319727890779
1586,0.798212697196168,25,0.903790699237702,0.946252942388838,0.995953360161537,0.807677154288471,0.94319727890779
1587,1.02488076226899,25,1.06403027029126,1.1844941964635,1.15386199823772,0.967632514170226,0.94319727890779
1588,1.04078703363,25,1.04734919842636,1.12249562302938,1.16525944158134,0.9898341186172,0.94319727890779
1589,1.20018228409381,25,1.08763044647973,1.29613213191761,1.22813807016783,1.03817454448468,0.94319727890779
1590,1.51829258030082,25,1.38755686007809,1.63169268019648,1.60185739166548,1.35186964183807,0.94319727890779
1591,0.933484925919502,25,0.878424597775415,1.09332981919923,1.0313493212472,0.880382451356068,0.94319727890779
1592,1.48306288947522,25,1.31189401333558,1.64575424210685,1.48609327783887,1.31251481399473,0.94319727890779
1593,0.709369758154569,25,0.650617790451162,0.78729541766024,0.696973314354685,0.590632944932472,0.94319727890779
1594,1.31402077514341,25,1.16254963376309,1.45417250457358,1.25477997007854,1.14946348363704,0.94319727890779
1595,1.24140883660211,25,1.11790284122461,1.42416552522663,1.25137594568099,1.07308020363111,0.94319727890779
1596,1.25018406326004,25,1.13503528416039,1.39383389287447,1.28073758349591,1.09428611068481,0.94319727890779
1597,1.13868758960604,25,1.04417452002246,1.30135493527385,1.15767985849046,0.963691754884912,0.94319727890779
1598,1.08297762202074,25,1.02649746122253,1.17158772787444,1.16754195934048,0.942786825337142,0.94319727890779
1599,1.22390370923064,25,1.16245616683826,1.2335181212471,1.2832633773479,1.11042560834637,0.94319727890779
1600,0.688962062655088,25,0.781576325542017,0.860898665987871,0.859085572762655,0.66464926543102,0.94319727890779
1601,0.999317689525693,25,0.981548556402129,1.0639805298435,1.0116876558181,0.811007279564616,0.94319727890779
1602,0.892682052834723,25,0.983146602356342,0.957600194010853,0.912183819986973,0.775580066237559,0.94319727890779
1603,0.828166676663536,25,0.883874771331021,0.902318890458724,0.873157748028134,0.717678646436017,0.94319727890779
1604,1.2258735264524,25,1.35533162111899,1.3539228522293,1.20926947712968,1.05711687984277,0.94319727890779
1605,0.719124083175413,25,0.813925182681252,0.804471404041382,0.739618978729497,0.619602101231928,0.94319727890779
1606,1.33909703258777,25,1.5807687776122,1.41941493236971,1.34416139242745,1.15158001898776,0.94319727890779
1607,0.712594944941972,25,0.809431562718292,0.808057336412551,0.782457016889206,0.633727145723132,0.94319727890779
1608,0.348931642687995,25,0.420332180978363,0.403191165118776,0.389454319294736,0.305702101201944,0.94319727890779
1609,0.735023297016525,25,0.882064665274269,0.827330112474853,0.792736795964233,0.632601142696751,0.94319727890779
1610,0.770974528318147,25,0.96937055671025,0.881640527743285,0.827865431787433,0.689192438433769,0.94319727890779
1611,0.403472049013524,25,0.507182832654139,0.458974588085068,0.439715541429497,0.35150897485557,0.94319727890779
1612,0.577871764536206,25,0.762971893566542,0.6774017340657,0.643371036241043,0.53272739045836,0.94319727890779
1613,0.649074694814832,25,0.829504185532978,0.739884456487018,0.668943674444835,0.562975583689019,0.94319727890779
1614,0.639425306263555,25,0.833191231947978,0.736907212672497,0.709843642699129,0.579686433979915,0.94319727890779
1615,0.79592251661716,25,1.06486059244315,0.912604257063035,0.835978199489117,0.704451996710642,0.94319727890779
1616,0.661036234176522,25,0.899898256492014,0.763610780784216,0.71170092481831,0.586866171048454,0.94319727890779
1617,0.701093758333323,25,0.949390417680781,0.811220141441714,0.755248430939107,0.61637070154823,0.94319727890779
1618,1.0029444420687,25,1.29947583356852,1.17479680801294,1.01973903976245,0.846932471370218,0.94319727890779
1619,1.04525040548839,25,1.32907112478667,1.24249656255312,1.0993254671818,0.891842993492795,0.94319727890779
1620,0.940886734186485,25,1.24221530967774,1.16381458082275,0.979090820941176,0.818496313172878,0.94319727890779
1621,0.716633283420038,25,1.05498919308525,0.844627236033661,0.7859350304069,0.642007766931241,0.94319727890779
1622,0.457752813837306,25,0.646748549721224,0.538470177832161,0.504750746771443,0.413108468429781,0.94319727890779
1623,0.745498686108615,25,1.06529975431392,0.880260878107698,0.809075055580034,0.683886798133078,0.94319727890779
1624,0.461583321933441,25,0.631996194590881,0.541219369822385,0.514391103305363,0.429473583783943,0.94319727890779
1625,0.774204341455532,25,1.03367041190615,0.897265538045296,0.85643502100041,0.720500918990338,0.94319727890779
1626,0.64138724474426,25,0.86982271701218,0.708643429563254,0.669694455587416,0.554447602061693,0.94319727890779
1627,0.816136761934603,25,1.07732848125754,0.94755142369512,0.869572684182028,0.709762004527195,0.94319727890779
1628,0.991487193624255,25,1.27659356624599,1.14249178691423,0.993251332386123,0.826892262119677,0.94319727890779
1629,0.847351954506299,25,1.12690684169936,0.960451666884795,0.890874016649943,0.710193139273535,0.94319727890779
1630,0.65484267203696,25,0.912819247774006,0.779108332289661,0.695014732098389,0.579817023707524,0.94319727890779
1631,0.728363088994359,25,1.01210116918095,0.831452224544325,0.742826349777686,0.637724277400969,0.94319727890779
1632,0.787404421669195,25,1.11814971915737,0.905940789918858,0.79674974058737,0.65795554896293,0.94319727890779
1633,0.790153989570215,25,1.13863705631372,0.90423932853281,0.831236695188123,0.668555652437177,0.94319727890779
1634,0.732406685187457,25,1.09374332895463,0.843881303335709,0.750693550407922,0.617615999047587,0.94319727890779
1635,0.623573375919384,25,1.0246724728206,0.742402143052219,0.654609688317783,0.555557265738698,0.94319727890779
1636,0.579202362417382,25,0.88597331090191,0.629567660675514,0.550169781321913,0.472180829909122,0.94319727890779
1637,0.605351239665027,25,0.959723988775722,0.705213549033877,0.646145598543641,0.520015187811643,0.94319727890779
1638,0.874940105660324,25,1.38436094788807,1.00206342149176,0.921675488533367,0.775775830210564,0.94319727890779
1639,0.31137652740835,25,0.531577842369751,0.345278955892341,0.31714609955509,0.265740602256318,0.94319727890779
1640,0.700828819664988,25,1.16119269575389,0.808010316665267,0.722812420130366,0.626206126533042,0.94319727890779
1641,0.545860935874698,25,0.982086292643651,0.651281232343792,0.600894916937136,0.492337946273091,0.94319727890779
1642,0.486599673529031,25,0.923640811974929,0.571713236739606,0.518216034411329,0.424153712610566,0.94319727890779
1643,0.538003036224908,25,0.995555914095993,0.623224055724575,0.560707093239565,0.461189834023086,0.94319727890779
1644,0.476695224150116,25,0.90305713858087,0.549187406371421,0.460380894258065,0.394967401818465,0.94319727890779
1645,0.404978193456177,25,0.787075733969702,0.474712632162118,0.434290100509222,0.35012391491551,0.94319727890779
1646,0.389881194379018,25,0.725566705615982,0.454838175569879,0.396549227538148,0.326117154024562,0.94319727890779
1647,0.588107167807958,25,1.0912844631465,0.676504009107715,0.622853580718723,0.506808782117548,0.94319727890779
1648,0.58781548883077,25,1.10099177450885,0.673829706350191,0.606774543815786,0.506239014876662,0.94319727890779
1649,0.562117689297441,25,1.07689951452623,0.653237189930216,0.568305059054492,0.479227877347697,0.94319727890779
1650,0.4123910041364,25,0.847782188639649,0.466985623670563,0.451131362456344,0.374814752181695,0.94319727890779
1651,0.506684093099259,25,0.966936713588521,0.617220063023107,0.545924503106091,0.439761674736081,0.94319727890779
1652,0.520790105521994,25,0.985403039890969,0.620250017204001,0.545832216843647,0.45559157994258,0.94319727890779
1653,0.159051947682192,25,0.38556637415089,0.191152866793832,0.156439089213516,0.135558710392134,0.94319727890779
1654,0.56029714075783,25,1.05688455183959,0.675963553478696,0.589568933677417,0.498725418154106,0.94319727890779
1655,0.637305342377446,25,1.12524629774775,0.7029923603679,0.636380618082028,0.533052190574956,0.94319727890779
1656,0.516425009135932,25,0.97476392442135,0.576816977240508,0.553425408646399,0.456122413460982,0.94319727890779
1657,0.529254744751085,25,0.986903350666229,0.625370940326059,0.542313026379795,0.467126105104741,0.94319727890779
1658,0.460126493818919,25,0.810690776107424,0.552344427801396,0.446099847925799,0.378147886555992,0.94319727890779
1659,0.680600455660668,25,1.15506638195476,0.797638882265796,0.697326352510946,0.583304884928287,0.94319727890779
1660,0.935132394302257,25,1.41742201283606,1.09767382151637,0.95899481347187,0.825278069985853,0.94319727890779
1661,0.918521556752334,25,1.37575580246199,1.05901931951361,0.959416966047616,0.798549750501298,0.94319727890779
1662,0.620028731554999,25,0.975322738556527,0.724812762606749,0.675255972635682,0.559035754480863,0.94319727890779
1663,0.335716959303793,25,0.538022322253237,0.400475912417226,0.354726006737087,0.286186588601095,0.94319727890779
1664,0.521936099300689,25,0.723559385350867,0.615241889242368,0.554077334336924,0.450354911685428,0.94319727890779
1665,0.844948629234896,25,1.12465240651197,1.00691917541286,0.886713271372367,0.742053585119691,0.94319727890779
1666,0.839811236693715,25,1.08933604185538,0.956838042517782,0.865062836641124,0.732922704862346,0.94319727890779
1667,1.15538045158422,25,1.50643233797161,1.40163377841618,1.24736106644452,1.07865568483887,0.94319727890779
1668,1.06710376693375,25,1.32319459913998,1.24033092024973,0.989008957983426,0.900298996255612,0.94319727890779
1669,0.508744657769621,25,0.645261499242743,0.617143682412708,0.570045745452542,0.45940561583127,0.94319727890779
1670,0.623808937804915,25,0.857078467349877,0.746097331818055,0.69309218260028,0.582902157806231,0.94319727890779
1671,0.891047119249482,25,1.1337074748725,1.05313858256551,0.878638787681025,0.772411875593941,0.94319727890779
1672,0.781628986543783,25,1.02321902506556,0.936582539820796,0.828384475990926,0.714034411201576,0.94319727890779
1673,1.04881072700439,25,1.30594690842049,1.22427270201748,1.04054656990524,0.91520190456723,0.94319727890779
1674,0.958842675982049,25,1.18571002634606,1.1077966505992,0.992044234872253,0.852231838504016,0.94319727890779
1675,0.820462621605977,25,1.09562920168265,0.952447740842914,0.876226383403836,0.762758688474,0.94319727890779
1676,0.66614519082148,25,0.856154348316137,0.779630395092566,0.694943495541844,0.589658659042214,0.94319727890779
1677,0.701556216745999,25,0.878764294891303,0.813125609169106,0.747724827061428,0.639404639896216,0.94319727890779
1678,0.637884753845481,25,0.805305744614882,0.757566559169843,0.73406207294575,0.603734271421901,0.94319727890779
1679,0.691254806495445,25,0.868103865897936,0.809325473065005,0.757484857799204,0.662696598303448,0.94319727890779
1680,0.463700302377515,25,0.625348302194345,0.55584685099796,0.516498816614047,0.427570817325001,0.94319727890779
1681,0.554287786805698,25,0.7181627591571,0.631311205948733,0.585787680285223,0.507639928242732,0.94319727890779
1682,0.779288987422154,25,0.965951449348043,0.930250198108269,0.79570048692527,0.699816344361215,0.94319727890779
1683,0.763134846334606,25,0.993344094973611,0.887010670192152,0.780816040605697,0.666997288461456,0.94319727890779
1684,0.818013543209471,24,0.96919309841548,0.931156309123375,0.791316196138298,0.717776666749589,0.940918011263335
1685,0.877272419975444,24,1.01445544378951,0.987941155819663,0.901900339269766,0.788097726139012,0.940918011263335
1686,0.754545606988427,24,0.916806028369148,0.907521387465648,0.785793852094846,0.707860249083813,0.940918011263335
1687,0.696764384574725,24,0.766622249972031,0.795308885528046,0.724167760788554,0.64902028292307,0.940918011263335
1688,0.982780932862037,24,1.15873140046709,1.15724065946338,1.01515219517139,0.908523397884587,0.940918011263335
1689,0.94616222818561,24,1.07538182356643,1.1198795648764,0.973183716838105,0.869051888328399,0.940918011263335
1690,0.987215264889438,24,1.11158874264603,1.16967419326668,1.04368156923723,0.911079735924872,0.940918011263335
1691,0.94656010414221,24,1.05964583600778,1.14382235703938,0.968358320914148,0.873412934148464,0.940918011263335
1692,1.02422211968247,24,1.14149295068995,1.21291745949245,1.02603468233929,0.913429256971964,0.940918011263335
1693,0.795011110597526,24,0.907347737512294,0.930307108832998,0.796221199603541,0.71731142547076,0.940918011263335
1694,0.726651541188372,24,0.798848698885665,0.860313473759174,0.745338091810621,0.638825944413914,0.940918011263335
1695,0.663366424489948,24,0.741614260972912,0.784042976142814,0.6723726984549,0.589503938392845,0.940918011263335
1696,0.86192044082135,24,0.958313802971584,1.01807837080274,0.861269788110528,0.786100338227117,0.940918011263335
1697,1.08511189609744,24,1.25346856513396,1.28270630971544,1.07715627719169,0.979770363210262,0.940918011263335
1698,1.10150056886388,25,1.22702494666747,1.25035485464102,1.04558877562359,0.944221923773768,0.941806877621593
1699,1.01992901963495,25,1.14882615157595,1.14645459811785,0.994809390165107,0.875618703788253,0.941806877621593
1700,0.569064519365812,25,0.653422270100932,0.656294978176844,0.55488630316251,0.458483847295194,0.941806877621593
1701,1.04933499741549,25,1.21336131171505,1.17989839812001,1.05686660473278,0.925061603838681,0.941806877621593
1702,0.95600105615129,25,1.15731989494457,1.0957616169301,1.03640713860091,0.917330944494308,0.941806877621593
1703,1.09031540818145,25,1.34785015991057,1.24632355300879,1.12371789815359,1.01125076280353,0.941806877621593
1704,0.761908383636908,25,0.930130716887684,0.881841904959986,0.789307171772955,0.680922066515205,0.941806877621593
1705,0.6282088528657,25,0.809547644409901,0.72048588763182,0.651952628040303,0.566755987530355,0.941806877621593
1706,0.364327840246491,25,0.51787857954907,0.436228365165954,0.377316971448877,0.331283126353059,0.941806877621593
1707,0.638743206448839,25,0.84009187908504,0.777953371450947,0.674620276109707,0.601641377259872,0.941806877621593
1708,0.530012021934707,25,0.737166404905286,0.661069701468494,0.606843902352212,0.518115566203561,0.941806877621593
1709,0.590219250909246,25,0.784337188657865,0.738140403005588,0.643627293600869,0.550517385945307,0.941806877621593
1710,0.810087612923765,25,1.1161628567159,0.986252232209916,0.839855507691178,0.736266733247057,0.941806877621593
1711,0.615168646882822,25,0.840299601203976,0.7266459618319,0.637447745594334,0.553046632647245,0.941806877621593
1712,0.671598152994626,25,0.903274596399662,0.8031696677867,0.649718803279093,0.581404838421567,0.941806877621593
1713,0.584451255184855,25,0.787601447065307,0.717799449964334,0.61058335608811,0.507328884067123,0.941806877621593
1714,0.781503110261646,25,0.992006096814915,0.941081399745967,0.810889629784171,0.702221411244666,0.941806877621593
1715,0.761550083710973,25,0.965944939338874,0.918438837748727,0.781633198935472,0.700505181351159,0.941806877621593
1716,0.442423055945789,25,0.546688080263235,0.53028751050203,0.458467896043751,0.361711069568956,0.941806877621593
1717,0.651678680473858,25,0.852586997057641,0.805754442932355,0.672719210941124,0.567938597134702,0.941806877621593
1718,1.04625290462256,26,1.2338102798187,1.27895923937217,1.08532734611245,0.954789931546502,0.942676548659396
1719,1.23631458311583,26,1.39014637892424,1.51022685165344,1.23624323517756,1.12425204686216,0.942676548659396
1720,1.1549454470162,26,1.29872052528944,1.31455090255228,1.14384842829868,1.04725166111447,0.942676548659396
1721,0.857995188194015,26,0.954662266363469,1.03251256215243,0.877655612968068,0.775018063030367,0.942676548659396
1722,1.03234523015597,26,1.10279699450231,1.23987982982451,1.05452145909195,0.960688637128137,0.942676548659396
1723,1.10280235673421,26,1.17795619361899,1.30678003409301,1.08358982118936,0.993141291191606,0.942676548659396
1724,0.912222722675449,26,1.08452215218408,1.16394732504744,1.02796728322579,0.883989940468712,0.942676548659396
1725,0.759411522916545,26,0.861997369143338,0.924893279802497,0.78753269003952,0.690381005547949,0.942676548659396
1726,0.445606894033919,26,0.482829042731259,0.548225004889013,0.471431235301836,0.3974748119754,0.942676548659396
1727,1.01877184223746,26,1.07372104720081,1.25082713035169,1.01734423470525,0.912566180788637,0.942676548659396
1728,0.57127367997769,26,0.592426519521438,0.732014198980172,0.577127121569502,0.488840322458366,0.942676548659396
1729,1.11415289857041,26,1.10726458807942,1.32977806151325,1.09381546617236,0.990657525750486,0.942676548659396
1730,1.17518293744964,26,1.14802783622393,1.32648210194165,1.17479197474219,1.10939948316021,0.942676548659396
1731,0.998307774949015,26,0.992396039326637,1.10022577654834,1.02352721829393,0.925474370381835,0.942676548659396
1732,0.919608838546363,26,0.98935198808229,1.07288164548439,1.0307260390952,0.95554904759517,0.942676548659396
1733,1.1135815002966,26,1.12400100692384,1.33690182522616,1.13295278540552,1.05814956719919,0.942676548659396
1734,0.951411738586602,26,0.992607498226603,1.15186778470028,1.0245138563631,0.918547894958837,0.942676548659396
1735,1.25358346946629,25,1.25565481504522,1.48690990511617,1.29192783172119,1.16931157506563,0.943872653041023
1736,0.840006271846203,25,0.85309460879669,0.99098882218219,0.863904000194563,0.74640673044995,0.943872653041023
1737,0.787933004343503,25,0.804168457138688,0.944472124721222,0.80480151070788,0.712874819573888,0.943872653041023
1738,1.02768053041791,25,1.01564810964989,1.22217972575134,1.01471826585768,0.920598369948938,0.943872653041023
1739,0.699412127435217,25,0.713741822376415,0.843034152050102,0.719045169035723,0.614798470587565,0.943872653041023
1740,1.09757143371711,25,1.14536737928553,1.35388785452537,1.12874571573976,1.01725404653193,0.943872653041023
1741,1.0973620413392,25,1.15341400118907,1.25477315283821,1.11687350755974,1.01544980232189,0.943872653041023
1742,0.632994246677342,25,0.678700746328528,0.756856750723701,0.659161245497542,0.572783436877449,0.943872653041023
1743,1.26938899010628,25,1.36430092833599,1.48149455502596,1.25713105129521,1.11581928599388,0.943872653041023
1744,0.955637225115924,25,1.08499862447583,1.14984876314856,0.95774752262898,0.848243623163643,0.943872653041023
1745,1.03649459237313,25,1.17213841700409,1.23939299110877,1.01595933759479,0.922753528888495,0.943872653041023
1746,0.808419666893901,25,0.973762673050076,0.999338080096609,0.864298203877456,0.74473485950631,0.943872653041023
1747,1.06959210320837,25,1.3098857156847,1.30739140585637,1.09609642369292,0.963435905336045,0.943872653041023
1748,0.830107937978869,25,0.990907468143519,1.01500803478735,0.835702690949212,0.727322960328879,0.943872653041023
1749,0.569590171986501,25,0.702355287235904,0.689511611528678,0.586427775379021,0.502832876252815,0.943872653041023
1750,0.282233541340929,25,0.346248238394747,0.335671177865321,0.296254345982983,0.247409291942705,0.943872653041023
1751,0.755493428553722,25,0.992581275539349,0.875978694332772,0.717631469309771,0.640966880269901,0.943872653041023
1752,0.865620721997267,25,1.10300682238516,0.97996820550146,0.89593864555001,0.792467214659221,0.943872653041023
1753,0.584853688476562,25,0.742052548548486,0.655617439891259,0.583042207358871,0.519195988943178,0.943872653041023
1754,0.574045070841058,25,0.775590299647301,0.630270393506971,0.586082410820163,0.5192298000301,0.943872653041023
1755,0.818875924727897,25,1.06814847742422,0.982154153134466,0.861211042069504,0.742642002342125,0.943872653041023
1756,1.00216753804909,25,1.29686555201604,1.17853579832607,1.01978460369592,0.927469525638754,0.943872653041023
1757,0.848069963035527,25,1.09696071515613,0.974589477611077,0.871046569128369,0.772329714501975,0.943872653041023
1758,0.874769606489201,25,1.11200781306819,1.0293379236202,0.909491460042719,0.818918147581814,0.943872653041023
1759,1.09267472594205,25,1.37071407066052,1.27783878923324,1.11091687096013,1.04480692521793,0.943872653041023
1760,0.637122327382316,25,0.780806783806539,0.754319676888228,0.673009147973227,0.585718648293503,0.943872653041023
1761,0.564101832641375,25,0.705430484167262,0.664460924449398,0.566087547898095,0.498959534234953,0.943872653041023
1762,0.585485651199571,25,0.747670916886845,0.673958546992346,0.622117087607683,0.528892605717292,0.943872653041023
1763,0.529326513141121,25,0.630325070246447,0.626339906163551,0.570951910464045,0.486943022511765,0.943872653041023
1764,1.00525463717067,25,1.18041251338071,1.20688434418813,1.04937278187678,0.926703780283967,0.943872653041023
1765,0.87411863279996,25,0.971596445337457,1.04162763388789,0.901227422875666,0.808084139074574,0.943872653041023
1766,0.953948398655386,25,1.0540358930387,1.11116025720547,0.981033213153719,0.886672549605077,0.943872653041023
1767,0.940687926272068,25,0.983906553473962,1.09783374513505,0.985024328416075,0.905429387046053,0.943872653041023
1768,0.813438675022296,25,0.85601657632982,0.976557034096996,0.844422333139826,0.771831636666613,0.943872653041023
1769,1.20797387402671,25,1.18158517002092,1.45063414451225,1.23051724247663,1.14233415566441,0.943872653041023
1770,1.05283185169482,25,1.04275158274838,1.26913933759516,1.04758280382885,0.965953121405166,0.943872653041023
1771,0.927820059843485,26,0.913674065362174,1.1162472829706,0.955167028514513,0.855460897947931,0.943776647918378
1772,1.30531378211128,26,1.30053714605029,1.58367443712959,1.29398822510537,1.1886400094351,0.943776647918378
1773,1.12800701961661,26,1.08072447093345,1.36927837405777,1.14838283396492,1.03077090228956,0.943776647918378
1774,1.17626330736644,26,1.09420660301524,1.40798771584437,1.22149463894201,1.11252012250353,0.943776647918378
1775,0.982514652272558,26,0.891295459763463,1.18021216525444,1.01824711343914,0.92409485757814,0.943776647918378
1776,0.971609207321576,26,0.867367566390154,1.11149587875501,1.03454578982626,0.94776068577803,0.943776647918378
1777,1.25022361741102,26,1.15794203288629,1.47955635422258,1.27692232038641,1.17448083218971,0.943776647918378
1778,1.20889720007108,26,1.14384159862784,1.44347833698719,1.24477450711997,1.15681375428189,0.943776647918378
1779,1.43848214772683,26,1.3692210817795,1.72342484184624,1.43727612863854,1.38499550370613,0.943776647918378
1780,0.825828626953133,26,0.794686999538114,0.990288497052366,0.877069048104862,0.789554383531599,0.943776647918378
1781,0.759870356770121,26,0.746000466321073,0.898798812756738,0.803660093594107,0.719865249913067,0.943776647918378
1782,0.987127099418146,26,0.941951061540359,1.16980252487195,1.00979574011982,0.939226238046408,0.943776647918378
1783,1.19781700743371,26,1.16766228755702,1.46069907567943,1.24662373180458,1.1599879210838,0.943776647918378
1784,1.09033299814692,26,1.08829053511733,1.32620050992689,1.12904322966048,1.05344115290943,0.943776647918378
1785,1.049878556211,26,1.02136351367546,1.21465239026775,1.08605375239628,1.02318478801745,0.943776647918378
1786,1.12597833133907,26,1.10167912991907,1.32490579275233,1.16142520133298,1.07969783131811,0.943776647918378
1787,0.76880853516947,26,0.776204785445473,0.924467554575159,0.806884573998546,0.75272705100206,0.943776647918378
1788,0.837717373404703,26,0.833735124930014,0.981949808849097,0.866536357303985,0.765857886734403,0.943776647918378
1789,0.91072934767593,26,0.877809219630588,1.08881405266606,0.912166172760581,0.819147135278894,0.943776647918378
1790,0.615029203934118,26,0.637535538511029,0.748791190626767,0.645954095522452,0.563082998279141,0.943776647918378
1791,1.02836459775661,26,0.98203960960641,1.2405681049995,1.04963421887158,0.952510124438257,0.943776647918378
1792,0.906699017102784,26,0.836074063953981,1.06503844220466,0.955974824268689,0.860897269837601,0.943776647918378
1793,1.15912357181846,26,1.04045085982437,1.4241089674284,1.19230990947254,1.10941481810067,0.943776647918378
1794,1.15435873818506,26,0.984433917400109,1.3125935985318,1.23522306939008,1.12803632762,0.943776647918378
1795,1.16394715388294,26,0.976519807507282,1.39691866696251,1.21632190412755,1.14810675759944,0.943776647918378
1796,1.41004619050168,26,1.15958859756898,1.69660383628242,1.45476430272875,1.37161996228569,0.943776647918378
1797,1.22639665878121,26,0.97630863867932,1.46832684369003,1.21223864902992,1.17907769251535,0.943776647918378
1798,1.43626877218728,26,1.13297611679347,1.74743270344498,1.47453752721335,1.41230447325062,0.943776647918378
1799,1.44351734819591,26,1.13032188732702,1.71364316771675,1.4640666161767,1.39508888627727,0.943776647918378
1800,1.54615901755973,26,1.22600927333693,1.88144294640729,1.58869402667068,1.49033136403156,0.943776647918378
1801,1.37300560060317,26,1.04865980734157,1.64225311841867,1.38841351747268,1.29853186867851,0.943776647918378
1802,1.37479138970736,26,1.01441952471205,1.63298337404744,1.4168011187052,1.35926553097957,0.943776647918378
1803,1.00766934617302,26,0.732620829388751,1.1874289579426,1.07497530483305,0.99765810165027,0.943776647918378
1804,1.58059305934177,26,1.17384826648576,1.88389834817271,1.54383170525986,1.4615244578865,0.943776647918378
1805,1.54542676453665,26,1.15238627961518,1.8075848551128,1.53191295472945,1.4468910144321,0.943776647918378
1806,1.24147976676309,26,0.930786099189525,1.46716415353512,1.29194649650425,1.19176554522584,0.943776647918378
1807,1.52558025550806,26,1.17462405673828,1.85959886259821,1.55122656578202,1.43962708551551,0.943776647918378
1808,1.10977355683622,26,0.856155126513954,1.31684776266738,1.12414154073779,1.02836558684272,0.943776647918378
1809,1.24550058033421,26,0.970611080857736,1.48025286711761,1.2731109582406,1.1488646809926,0.943776647918378
1810,0.949541629027468,26,0.744746230762454,1.12316207431423,1.02372539373966,0.935386329859442,0.943776647918378
1811,1.23607642533841,26,0.968755284149132,1.4547805527228,1.26983719372562,1.16264677092068,0.943776647918378
1812,1.2658205401254,26,0.978077599673778,1.49246718462722,1.29952108670803,1.22391545600192,0.943776647918378
1813,1.62175296663851,26,1.23488105642189,1.9138285990979,1.55740151093866,1.5193271929487,0.943776647918378
1814,1.36049852529058,26,1.07331037867392,1.55822753260629,1.30921651591831,1.22834366891905,0.943776647918378
1815,1.24788488580065,26,1.00707182602243,1.4606244447612,1.26466561798182,1.16903217927067,0.943776647918378
1816,1.38216071676818,26,1.16183914252404,1.66688495404092,1.39175983062909,1.29826654921981,0.943776647918378
1817,0.910408577936877,26,0.764799524399149,1.06374359420596,0.917769852623703,0.839653723993578,0.943776647918378
1818,0.861013372721966,26,0.70081817836869,1.01040500560243,0.854839061055303,0.789098006640478,0.943776647918378
1819,0.960624802578343,26,0.823078427466873,1.12792156296809,0.990880031467956,0.90601251406173,0.943776647918378
1820,0.920140904652142,26,0.760814808614319,1.06640086146906,0.927209642498474,0.844801781926519,0.943776647918378
1821,1.04850794232053,26,0.867111834563889,1.2302430650526,1.06108505033065,1.00335628613394,0.943776647918378
1822,0.905219428987964,26,0.756134419929646,1.05875900715149,0.931315486338211,0.865220203922223,0.943776647918378
1823,1.4264714418622,26,1.23207646500363,1.71066072061932,1.44690192525993,1.38206984022495,0.943776647918378
1824,1.2814948915962,26,1.11124779141818,1.51619400350032,1.32328476018504,1.23324724061335,0.943776647918378
1825,1.19798664917401,26,1.03055966336194,1.44183930499809,1.24651388228242,1.19343319786137,0.943776647918378
1826,1.12296018654731,26,0.988433164525142,1.3596808339823,1.16223120821361,1.08882855610944,0.943776647918378
1827,1.39401112441648,26,1.18508163717792,1.67250496947061,1.36206269197987,1.33684116050065,0.943776647918378
1828,1.49297358602301,26,1.35055515096078,1.79394476108059,1.43510132474986,1.42535253356898,0.943776647918378
1829,1.31667810485136,26,1.23004982808489,1.58425025320321,1.31343905370833,1.27171796381238,0.943776647918378
1830,1.26276627860544,26,1.23845270846063,1.50640865237562,1.29765052384209,1.26551484046451,0.943776647918378
1831,0.594901377478217,26,0.662271267252027,0.728585950913482,0.71959901513722,0.618124638963338,0.943776647918378
1832,1.1977253219231,26,1.25300919518034,1.44422509444131,1.32662581432266,1.29193328576896,0.943776647918378
1833,0.48251535643254,26,0.472833198851702,0.540714818530492,0.524071354656399,0.479349270378721,0.943776647918378
1834,0.89826951511516,26,0.941675286249367,1.11782063427469,0.99908125090298,0.955185213242932,0.943776647918378
1835,0.803863288667175,26,0.86928002644105,0.978286023922378,0.903608821058578,0.85207577749497,0.943776647918378
1836,0.847219788241404,26,0.966875729509587,1.0116127358639,0.962710591350508,0.898596043811897,0.943776647918378
1837,0.906770666306471,26,0.933560235747735,1.06624992826023,0.953348077268906,0.914118575926676,0.943776647918378
1838,0.861042279474978,26,0.878287927857432,1.01987945587356,0.931959869689034,0.879572816768331,0.943776647918378
1839,0.491959358738229,26,0.531005145131738,0.597823006912815,0.557837774527622,0.519582307425066,0.943776647918378
1840,1.00289989124732,26,0.992528639237054,1.2156512514602,1.07048528139128,1.01885173469916,0.943776647918378
1841,0.838373640130583,26,0.85655190125785,0.98165104094446,0.881036853440737,0.843860379016237,0.943776647918378
1842,1.08952009156729,26,1.0795126474071,1.30578738999297,1.09871002351445,1.05186700832435,0.943776647918378
1843,1.10252640773913,26,1.08854835191939,1.32436544286767,1.11391239999431,1.05495108958631,0.943776647918378
1844,1.15668635424389,26,1.11675657705809,1.40016889223049,1.16312176652869,1.11862198398673,0.943776647918378
1845,1.29080711526161,26,1.20629294678869,1.56428061329498,1.31656821251021,1.25120705489702,0.943776647918378
1846,0.921118550567867,26,0.954930662378702,1.17253174629432,1.00633385259304,0.943481381887351,0.943776647918378
1847,1.02524661190584,26,1.05945524726626,1.32482433178946,1.17020295922358,1.0672047581386,0.943776647918378
1848,1.15596186353169,26,1.10151031341706,1.37001168186851,1.23052218263078,1.19750479737102,0.943776647918378
1849,0.976118052910249,26,0.894086510879513,1.18967304841855,1.02267467221961,0.964599249967491,0.943776647918378
1850,0.897060447752368,26,0.821953807419263,1.08590441684204,0.955425438125315,0.882314508594656,0.943776647918378
1851,1.15658545292811,26,1.08518572075616,1.38742146318883,1.16594430311384,1.10638904441449,0.943776647918378
1852,1.14247515731171,26,1.08025298487815,1.39295874081734,1.1843274492697,1.13355375321629,0.943776647918378
1853,1.18790913876227,26,1.09717765732781,1.4387218299943,1.25813859353453,1.17702667971435,0.943776647918378
1854,1.0326090624999,26,1.01384909606829,1.28059138886173,1.0787773606213,0.98766861130105,0.943776647918378
1855,1.12212767522926,26,1.14260672127251,1.44382545528978,1.20144580921368,1.11882651184566,0.943776647918378
1856,1.53361561368764,26,1.51788155519893,1.87188678606766,1.55837515621412,1.50620666465407,0.943776647918378
1857,1.14084284378571,26,1.13718713153529,1.39248323896073,1.13838775221651,1.09230654730203,0.943776647918378
1858,0.681923944341582,27,0.718177996366877,0.782128984074787,0.688190038390613,0.6506368929603,0.942395023506149
1859,0.539354929264263,27,0.570688410174276,0.634562498822634,0.593086345460541,0.535331864713189,0.942395023506149
1860,1.03588686501472,27,1.10110249424945,1.26247622278801,1.04493119308493,0.986769952035717,0.942395023506149
1861,0.860887682373291,27,0.947741347689592,1.04721671659509,0.901004848322787,0.807496461900026,0.942395023506149
1862,0.962284445928695,27,1.04689734612851,1.17519406760085,0.979615396357389,0.909183254400591,0.942395023506149
1863,0.668097896622332,27,0.748287990291968,0.797251458262804,0.685415230978345,0.640237498444914,0.942395023506149
1864,0.811162086820517,27,0.91428306035213,0.979118605822602,0.841080048960745,0.796792576089059,0.942395023506149
1865,0.336936612261829,27,0.360840331996714,0.40380374478087,0.362259580057494,0.318251246708315,0.942395023506149
1866,0.886213983836241,27,0.97914050447976,1.0524247178021,0.942419335942146,0.896310476016689,0.942395023506149
1867,0.965875451272596,27,1.04265696310182,1.17335095982688,0.996097703433884,0.954865605187056,0.942395023506149
1868,1.19660706911952,27,1.31036856833859,1.51863074790094,1.23791043663284,1.18608889294148,0.942395023506149
1869,1.14659254598869,27,1.23123921167003,1.43014216572169,1.18408589704983,1.16974764227257,0.942395023506149
1870,1.10244127187991,27,1.14615323062996,1.3485960335387,1.14059673900495,1.09186214253038,0.942395023506149
1871,0.516986545749313,27,0.531654575716347,0.641417524042296,0.541496771921976,0.495832753034797,0.942395023506149
1872,1.09686685928532,27,1.07898261671358,1.37310233443711,1.11254536201533,1.05885042393441,0.942395023506149
1873,1.11695046511471,27,1.15143276720374,1.36482723788975,1.16828072151776,1.11195353177225,0.942395023506149
1874,1.02804353449135,27,1.00231069747723,1.23564878944057,1.03590984151859,0.984253540985552,0.942395023506149
1875,1.19949476084401,27,1.19714637348297,1.48056922504818,1.24004222989744,1.19918875922218,0.942395023506149
1876,1.20153324825296,27,1.18031175531855,1.45233408489975,1.24953441886268,1.17808023882245,0.942395023506149
1877,0.603605937108502,27,0.584844268837625,0.75395289247022,0.643094938096512,0.575078560097745,0.942395023506149
1878,1.12649639790036,27,1.08301363380074,1.39761316656695,1.15378523298265,1.12983524415261,0.942395023506149
1879,0.863422423879077,27,0.81358455860459,1.09144736264659,0.914983505514963,0.871501387733741,0.942395023506149
1880,1.14977915980057,27,1.07570968789143,1.43384605471128,1.19121411752069,1.13883031815599,0.942395023506149
1881,1.05403435311908,27,0.984337532260637,1.30536456185945,1.08352147538007,1.0592307429274,0.942395023506149
1882,1.12400588068933,27,1.07862219366997,1.40333923255491,1.19698038684139,1.22841075984987,0.942395023506149
1883,1.33130983459099,27,1.19749240404476,1.61618251334486,1.38920160826859,1.40073270310624,0.942395023506149
1884,1.05335222469833,27,0.955219608079142,1.31692124814467,1.13450518802857,1.09492329915034,0.942395023506149
1885,0.9621081120234,27,0.933625882171564,1.19972125118195,1.05682705275166,1.02865526752489,0.942395023506149
1886,0.935946857777127,27,0.916848315595277,1.13488192663293,1.01708190508498,0.977072089097518,0.942395023506149
1887,1.08255414926913,27,0.963251522120513,1.36707914373428,1.12898557376248,1.07903301056519,0.942395023506149
1888,1.07338302251244,27,0.990057649855044,1.25409517480386,1.07707988809547,1.09374200578399,0.942395023506149
1889,1.06124721767094,27,0.878466944569162,1.26631632978741,1.02345207072163,1.02773326609788,0.942395023506149
1890,1.22507015542128,27,1.06155384885327,1.46839973439117,1.28077581668322,1.24656560563157,0.942395023506149
1891,1.08132790528328,27,0.975341069122488,1.34897346052001,1.18203724494968,1.11682429476744,0.942395023506149
1892,1.44127815473339,27,1.20787626652908,1.73021078296775,1.48539667581155,1.41277584174368,0.942395023506149
1893,1.21909612354462,27,1.00826008528139,1.46916290942239,1.22766646519415,1.19560660229446,0.942395023506149
1894,1.33841314873599,27,1.07755187624087,1.58836810961379,1.32236071071154,1.31223731852783,0.942395023506149
1895,0.814496999719125,27,0.683121690430607,0.963772402958279,0.851481455606322,0.826324102144022,0.942395023506149
1896,1.25897820335225,27,1.02041061560955,1.43803774796233,1.2959351906332,1.25729360730133,0.942395023506149
1897,1.04805364947445,27,0.914591152681297,1.20747619269153,1.1634614584679,1.13832292961032,0.942395023506149
1898,1.05044881032569,27,0.913268329897745,1.22152312858022,1.07786415299968,1.04922605755961,0.942395023506149
1899,1.33479873413875,27,1.11987080433635,1.58213633786479,1.33094503033268,1.28651200347916,0.942395023506149
1900,1.52299138473866,28,1.29044187817275,1.82711244102462,1.50870427658843,1.4433710658287,0.946386455759445
1901,1.26849660887966,29,1.15266852809386,1.5565597623649,1.27925383806456,1.24048974375824,0.947541202822446
1902,1.17038268067895,29,1.04391858938539,1.32924718032528,1.11178558128426,1.08457129725301,0.947541202822446
1903,0.761396951161961,29,0.707251935878057,0.941299889063398,0.751802778236264,0.696123023257868,0.947541202822446
1904,1.27348429768769,29,1.16604436239904,1.56296677500522,1.27478131700281,1.24970724765696,0.947541202822446
1905,0.926303227616976,29,0.852511916680296,1.10408949800559,0.964381350662041,0.899087275240203,0.947541202822446
1906,1.11766943374812,29,1.01692003158944,1.37037563608027,1.12033622224724,1.05893106971659,0.947541202822446
1907,1.07338936675075,29,1.01610014884715,1.30950923012328,1.05834728617448,1.02301337867542,0.947541202822446
1908,1.21358537312833,29,1.17887900455559,1.48675377137016,1.24532978934868,1.18977526298529,0.947541202822446
1909,0.877937717936671,29,0.864877151192695,1.01060743828634,0.89837924846599,0.843725807011968,0.947541202822446
1910,1.21238261486073,29,1.17616865464568,1.46756095526952,1.24623201495082,1.18782676707751,0.947541202822446
1911,0.621395973132003,30,0.624781482502846,0.755667652234552,0.679033147739498,0.637880471971223,0.948566800607509
1912,0.932589389752704,30,0.980458562207314,1.13221698568061,1.00265114679913,0.966048279187793,0.948566800607509
1913,1.04491302722937,30,1.11161551819172,1.25663273633625,1.07026821351057,1.04404172560708,0.948566800607509
1914,0.908782964696682,30,0.975352043452622,1.08040370808654,1.00370290122365,0.960599225291858,0.948566800607509
1915,0.952689319563375,30,1.03767332262152,1.15522843380749,1.0471344730744,0.99148926037926,0.948566800607509
1916,0.868070826967661,30,0.969763632055529,1.03824044538566,0.935567291394599,0.923738132905286,0.948566800607509
1917,0.853268682904488,30,0.955392989421683,1.03139907792465,0.92802724220555,0.879392146855619,0.948566800607509
1918,0.582203636857307,30,0.63204273066059,0.704143868449814,0.645687135139722,0.58862574131557,0.948566800607509
1919,0.600192417115247,30,0.659130993805493,0.716028729821204,0.667423998809171,0.601789147778361,0.948566800607509
1920,0.93343785575616,30,1.04847523682822,1.13485581162453,1.03438518860077,0.993871674492859,0.948566800607509
1921,1.24277221480721,29,1.37614328607075,1.50274818478287,1.35837319532202,1.31062544333448,0.948157334503597
1922,1.06098314309055,29,1.16641708715476,1.27231241441725,1.13645285013816,1.06622282630169,0.948157334503597
1923,1.22442295989749,29,1.34157790359372,1.44987191565681,1.27972605253795,1.20501450082432,0.948157334503597
1924,1.13850600835404,29,1.22093496193429,1.35553845611697,1.21108170468973,1.14740379164076,0.948157334503597
1925,0.854199654161449,29,0.895609434524892,1.00550139552242,0.945037470663692,0.884861695046553,0.948157334503597
1926,0.809561762777477,29,0.807518675457681,0.957248820814344,0.949433692745096,0.843246055874091,0.948157334503597
1927,0.670692167487736,29,0.655414882020559,0.799754387388624,0.732730998172549,0.694235338533839,0.948157334503597
1928,0.474485541952443,29,0.441549268440727,0.545094860374288,0.507310828228451,0.44891480048695,0.948157334503597
1929,1.14120429925056,29,1.05912929834405,1.31385492663532,1.2026598978167,1.19619851955042,0.948157334503597
1930,1.00871289686049,29,0.903267081574917,1.18321280836886,1.06116700612463,1.01914142923083,0.948157334503597
1931,1.39071256594545,29,1.22192508935782,1.70048197350453,1.40503847142121,1.39206916486514,0.948157334503597
1932,1.53455809423575,29,1.30560402538104,1.7993490036837,1.52161614304853,1.54629739486441,0.948157334503597
1933,1.02173942979118,29,0.841131229008305,1.12689069807058,1.0899471811663,1.00278207360385,0.948157334503597
1934,1.00718569563051,29,0.796734367255698,1.14189146163065,1.12302104948061,1.04091998835609,0.948157334503597
1935,1.53707139337189,29,1.18782000039433,1.7857910533625,1.6039299823585,1.61001450558911,0.948157334503597
1936,1.25507083831852,29,0.961287979385952,1.51281246362152,1.34088642698429,1.30058586675728,0.948157334503597
1937,1.43247599584588,29,1.04842753322258,1.74221637393889,1.48889829889866,1.48021192995761,0.948157334503597
1938,1.53217638781457,29,1.12181035456894,1.83872394145086,1.51221498442085,1.60765065272252,0.948157334503597
1939,1.33651832656322,29,0.949746084867749,1.62476021954487,1.38897873976328,1.39534288238183,0.948157334503597
1940,1.25552647764556,29,0.898448226799059,1.53809928001773,1.30066487898089,1.30703978242311,0.948157334503597
1941,1.4381294578096,29,1.02368405427807,1.76145657312574,1.46993012431334,1.45677410071322,0.948157334503597
1942,1.83242144818757,30,1.2760807236802,2.14705283130448,1.77830060536745,1.78215625540405,0.941814039719196
1943,1.85552629647425,30,1.29172771495053,2.22275803826406,1.81312599937156,1.86177158615452,0.941814039719196
1944,1.44210706449192,30,0.983145985677834,1.7613351477603,1.50063472938599,1.45930389264778,0.941814039719196
1945,1.49067404765367,30,1.03149566519545,1.80749061580757,1.54297994047651,1.48855816173033,0.941814039719196
1946,0.948481122667829,30,0.643440286205267,1.16141280345096,0.989873828808658,0.946898610932454,0.941814039719196
1947,1.47450210002632,30,0.991773042171289,1.8295015407152,1.52611902910891,1.55223131073079,0.941814039719196
1948,1.53275139975272,30,1.02728553635348,1.83593623324465,1.51842424142973,1.55520375799104,0.941814039719196
1949,1.44858851339553,30,0.938713529825211,1.7676536933098,1.46543498035155,1.46733321296529,0.941814039719196
1950,1.10749573989296,30,0.723666431776301,1.39242385263214,1.24130305871424,1.16172285814209,0.941814039719196
1951,1.56034580504012,30,1.02967140447425,1.88897908877662,1.66990679861222,1.63692817565354,0.941814039719196
1952,1.55906150831368,30,1.03039083511957,1.92935596286988,1.69918688968191,1.66687210980788,0.941814039719196
1953,1.62703846471294,30,1.09134112770764,2.01295778764528,1.77800544811239,1.78889289034584,0.941814039719196
1954,1.75866863519824,30,1.19129737905332,2.12940700350344,1.83386519175802,1.87852261776692,0.941814039719196
1955,1.51400290499862,30,1.05391045791219,1.89516145139958,1.66422583898372,1.69045078318488,0.941814039719196
1956,1.4784949813418,30,1.00569536019861,1.89731886947126,1.611962189554,1.60148993430754,0.941814039719196
1957,1.41295151780143,30,1.01300180707731,1.80933365717198,1.52211515657375,1.54807518202807,0.941814039719196
1958,1.3750600742526,30,0.986980989571149,1.70811109007266,1.43051061617254,1.44945133064309,0.941814039719196
1959,1.59901199668206,30,1.20337197329809,2.02998949043802,1.66858532681528,1.69682012628309,0.941814039719196
1960,1.44625975001511,30,1.10761438255702,1.81529191369501,1.60127083786346,1.58338670621584,0.941814039719196
1961,1.26852979808109,30,1.02692136797867,1.56238675271534,1.49943865327949,1.47371794096796,0.941814039719196
1962,0.915688990799346,30,0.724519044238024,1.08791473259379,1.06949429932959,1.01346984155146,0.941814039719196
1963,1.14526846675418,30,0.963946697427502,1.41578426306157,1.25187474685267,1.2803440359188,0.941814039719196
1964,1.10651279286045,30,0.956905395890656,1.33966457286957,1.25945601344193,1.23365063106351,0.941814039719196
1965,1.06379211692989,30,0.916807488640489,1.30767178905833,1.21347973251638,1.21238892138431,0.941814039719196
1966,1.16043711675861,30,1.01224367647249,1.36444383342292,1.2696666803148,1.32543685288052,0.941814039719196
1967,1.15018424642958,30,1.05449182603338,1.3862641676231,1.29253256180924,1.30428332251707,0.941814039719196
1968,0.997248805846947,30,0.905637175493366,1.23204122283151,1.15679985121729,1.14843194783188,0.941814039719196
1969,1.30746073954904,30,1.21769249721744,1.61475809735696,1.46971035761951,1.51649740236941,0.941814039719196
1970,1.07457320095858,30,1.02852259490846,1.27733680309526,1.10888313197538,1.13207643915117,0.941814039719196
1971,0.941053476853965,30,0.918102891926887,1.13686790281376,1.05765030403683,1.00014827600107,0.941814039719196
1972,0.813182781419248,30,0.776582842108865,0.972897943680879,0.934118397561486,0.842874084603261,0.941814039719196
1973,1.05265667705701,30,0.989715353539815,1.25688927026609,1.15963713487839,1.15923409652706,0.941814039719196
1974,1.08575867064443,30,1.02071620482141,1.34380043587695,1.17107042118057,1.14673536425336,0.941814039719196
1975,1.29746562342133,30,1.22314971188532,1.54047972629076,1.28504960326779,1.40523318621901,0.941814039719196
1976,0.86805630560676,30,0.798497248259706,0.992118309646215,0.939038430038187,0.859492904709831,0.941814039719196
1977,1.0641846368067,30,0.962422062322767,1.27573370463788,1.20318800725932,1.16998723566223,0.941814039719196
1978,0.735990363733938,30,0.649340431776265,0.896424483647271,0.862989608733029,0.820984693547988,0.941814039719196
1979,0.897240729976427,30,0.805753378969684,1.06242549479989,0.967412717264266,0.971021121794026,0.941814039719196
1980,1.1974696429378,30,1.02694534579028,1.43199683840569,1.19949495285833,1.17931548722852,0.941814039719196
1981,1.40578169704571,30,1.17703430299236,1.70488983112424,1.48491008042902,1.51677069205482,0.941814039719196
1982,1.33942934855732,30,1.08772080577281,1.59389612135691,1.43143642130955,1.46174297553917,0.941814039719196
1983,1.19938338258428,30,0.948817422661552,1.36546388653702,1.26378172117727,1.25722243294634,0.941814039719196
1984,1.4393303198111,30,1.10703228842572,1.72459313555112,1.53042965685685,1.57967758410461,0.941814039719196
1985,1.47924453853296,30,1.10489941053079,1.78125650786623,1.51794606907517,1.5675063347068,0.941814039719196
1986,1.25297155630782,30,0.914539485890139,1.48455438923953,1.31319030673515,1.31305461957944,0.941814039719196
1987,1.39967902777007,30,1.02773385617314,1.68686174274395,1.49572375920991,1.52552483610748,0.941814039719196
1988,1.57786354656182,30,1.118118624184,1.93793474865229,1.66681963437954,1.72019704469452,0.941814039719196
1989,1.36512733412567,30,0.953866499815094,1.67244801888571,1.48421273100988,1.49112032025794,0.941814039719196
1990,1.5027891757875,30,1.06880632964411,1.88319943288925,1.72945898845403,1.80951006808638,0.941814039719196
1991,1.70159245274766,19,1.10764744913831,2.02058409731693,1.64149583494356,1.77066008167342,0.947698659988529
1992,1.86977971702897,19,1.2136666145298,2.24963160212458,1.73749923595435,1.91424820861381,0.947698659988529
1993,1.57907225285075,19,1.01552170247552,1.91209162996329,1.63519930091751,1.70012155307329,0.947698659988529
1994,1.67454278015775,19,1.06665656891928,1.98192897639471,1.48363476495973,1.75966771875967,0.947698659988529
1995,1.41657373961849,19,0.939807067643639,1.72047243905795,1.38736772850584,1.60607122400534,0.947698659988529
1996,1.28829111156968,19,0.861686190483194,1.5223973024272,1.34409967592202,1.46142417415518,0.947698659988529
1997,1.41089236719655,19,0.92928259642951,1.69439874017195,1.23294394422154,1.45250516863911,0.947698659988529
1998,1.49213420338918,19,0.955008033462268,1.69097893763696,1.38426598182774,1.40665484832015,0.947698659988529
1999,1.48974470893599,19,0.905103132864847,1.82413593006937,1.38938945891112,1.48473187097092,0.947698659988529
