"year","ModNegExp","samp.depth","Spline","AgeDepSpline","RCS","SFRCS","EPS"
932,0.76316220826631,5,1.03930720601428,0.766919061269891,0.720769898396763,0.408474496406072,0.817750859653524
933,0.587976880151409,5,0.731575885228904,0.611881246776452,0.743937418903512,0.341730914666696,0.817750859653524
934,0.903343926002078,5,0.989334677937393,0.946040855529366,1.18543173317267,0.587687381877369,0.817750859653524
935,1.05971383252154,5,1.19520671796174,1.14455464409363,1.28996373655814,0.599627490422229,0.817750859653524
936,1.04009751879856,5,1.14441551498239,0.90171421295567,1.15325360910281,0.614482567160513,0.817750859653524
937,0.777363803921295,5,0.843404495842629,0.776835266082126,0.957867267759404,0.441122432233184,0.817750859653524
938,0.891164168824182,5,0.906166018024951,0.895530043394282,1.12839162906259,0.618257768666926,0.817750859653524
939,0.994886450876747,5,0.984100219165716,0.996065621657909,1.16561731787499,0.650063225579983,0.817750859653524
940,0.827233347749947,5,0.864729908778012,0.768803944916152,0.820797348195251,0.424000533536239,0.817750859653524
941,0.730612537537975,5,0.706228564969439,0.732808111403785,0.820445710659764,0.447196313773227,0.817750859653524
942,1.47941830731722,5,1.43728780830576,1.52640622828453,1.50072892341869,0.784699751993089,0.817750859653524
943,1.2973945830359,5,1.23771828045081,1.30062609565905,1.47014926510376,0.684887767250141,0.817750859653524
944,0.904765017783451,6,0.812001874652911,0.901082478899518,0.922513241102557,0.474764127437451,0.825110997234875
945,0.822560042511477,6,0.71318571708495,0.769306111700642,0.881599844870266,0.460098398254596,0.825110997234875
946,0.936813133599179,6,0.791361289324405,0.876169035140399,1.01397357652099,0.47456309610445,0.825110997234875
947,1.32698563806334,6,1.1040367619865,1.24335816384877,1.43791965294629,0.770881689214671,0.825110997234875
948,0.837875218834439,6,0.780181041413291,0.778320012930614,0.948618642231753,0.459083466003475,0.825110997234875
949,1.3556774365241,6,1.1354887851093,1.26673073321877,1.21208956184155,0.605318171520043,0.825110997234875
950,1.08086789330437,6,0.85474675317357,1.01498367118565,0.985941958596915,0.472375777224718,0.825110997234875
951,1.84841979080644,6,1.5019582139908,1.66983781236203,1.65703225264559,0.870604770646336,0.825110997234875
952,1.20000861429153,7,1.02074626729943,1.17394382442952,1.25210306932628,0.676265430074003,0.838360234428852
953,0.885176625925045,7,0.702703742026094,0.830798452168761,0.851042199858414,0.411468166310437,0.838360234428852
954,1.00944746974067,7,0.813313788074549,0.956930969141983,0.993824086013313,0.500456570664003,0.838360234428852
955,1.89740168324041,7,1.58519601031777,1.81205561225326,1.87624006275626,0.993673858484982,0.838360234428852
956,1.59776610192558,7,1.37652043099123,1.51929664323953,1.48506638969997,0.817231518920719,0.838360234428852
957,1.14966453754571,7,1.06218828173135,1.1064914701959,1.15377889510218,0.578978270116863,0.838360234428852
958,0.984377048928647,7,0.855959444973503,0.944972641127502,0.931045746342719,0.442573141173428,0.838360234428852
959,0.945838862247057,7,0.845920941921682,0.913883278000536,0.92170688931408,0.524887239001757,0.838360234428852
960,0.742080959787432,7,0.665173620905322,0.710298208049616,0.603579347857449,0.306451598228796,0.838360234428852
961,0.679131215467598,7,0.608633177392225,0.654097755013845,0.569070381138767,0.240937609623447,0.838360234428852
962,1.00672008045364,7,0.950366348948978,0.978475913792526,0.900337205874277,0.483392578127484,0.838360234428852
963,1.1088094241819,7,0.988523567261205,1.03917888013294,0.91119749873238,0.38398057885049,0.838360234428852
964,0.994654810295672,7,0.915301190462125,0.982481566065688,0.965430266452522,0.515569474937208,0.838360234428852
965,0.962004086752998,7,0.900968133192019,0.939403644061282,0.925597180003603,0.510790706979421,0.838360234428852
966,1.07741843378274,7,0.983929716004443,1.05327650154029,1.02410679143429,0.522573585988466,0.838360234428852
967,0.753512856606903,7,0.740734411173198,0.743963901004019,0.716757958830935,0.346433000858404,0.838360234428852
968,0.898461191167748,7,0.82674723606504,0.897109151472207,0.77874248928462,0.321965461301111,0.838360234428852
969,0.802676166293109,7,0.853303772293569,0.815227245347895,0.671373142651747,0.258079022753078,0.838360234428852
970,0.996409680174095,7,0.937001782817441,0.998109957863178,0.797313377771234,0.314893458448956,0.838360234428852
971,1.39210112048194,7,1.32198692962615,1.40162564713454,1.23327730283256,0.625077744401735,0.838360234428852
972,1.80812573340623,7,1.57651634607933,1.80745332589019,1.63429835608346,0.786686182357197,0.838360234428852
973,0.906816165476957,7,1.39323868439266,0.936599946805668,0.84067467726092,0.40590701392865,0.838360234428852
974,1.18675493001693,7,1.32658841822626,1.22240621461136,0.868675798642439,0.462908066799607,0.838360234428852
975,0.875662625372365,7,1.16499962260259,0.925834775023335,0.689378534450338,0.34837193980965,0.838360234428852
976,0.848725961474991,7,0.931152306719008,0.880213896874135,0.664871049301191,0.359337619644633,0.838360234428852
977,0.868123410763491,7,0.880657617544283,0.901689704777955,0.703127565804155,0.406389812331777,0.838360234428852
978,0.974404482243855,7,0.920904579192193,1.03277262778535,0.655656486027057,0.267836966947591,0.838360234428852
979,0.730603073031844,7,0.806208150871691,0.76855526725255,0.652933939174218,0.343865570009874,0.838360234428852
980,0.299271379793088,9,0.50118690832105,0.372582203188369,0.25937488626916,0.117052606302516,0.852941983836549
981,0.413979501797896,9,0.678800618827059,0.51961565797005,0.230655119040341,0.102916301225011,0.852941983836549
982,0.243793017764534,9,0.406290914540736,0.327468494360568,0.117212712372744,0.0548979909605113,0.852941983836549
983,0.478629428576743,9,0.821408176101016,0.616912043197278,0.370180396607719,0.18712530465555,0.852941983836549
984,0.476395425579352,9,0.856123854098828,0.586000813755338,0.357884868374448,0.160338465737581,0.852941983836549
985,0.525690239695648,9,0.982762489292593,0.726847334217082,0.434457597798149,0.220570606427209,0.852941983836549
986,0.960203683514446,9,1.50880421015944,1.18232604409172,0.775672812039161,0.406953965450068,0.852941983836549
987,1.10314387099187,9,1.48900283032227,1.34813255628585,0.830112655968694,0.413193845663745,0.852941983836549
988,0.45186932341939,9,0.641981095593594,0.570981945522832,0.335533984189522,0.163484735956782,0.852941983836549
989,1.02282452857895,9,1.36644062711369,1.23385454678724,0.74908576334794,0.371488586876059,0.852941983836549
990,0.296883418404057,9,0.396772930308183,0.36583786020091,0.165026318758546,0.0863459417326619,0.852941983836549
991,0.515250468362179,9,0.694253397123614,0.597097137535547,0.374777146533725,0.195588196175341,0.852941983836549
992,1.06178907249257,9,1.23604022586114,1.35233396006496,0.809893779529486,0.389244628223627,0.852941983836549
993,0.710053710477599,9,0.933743828232659,0.899173598252007,0.468189417284668,0.223952747451388,0.852941983836549
994,1.03382667121274,9,1.32175182683781,1.27496273304469,0.58950666171813,0.298715256554925,0.852941983836549
995,0.840990676011911,9,1.09651623368917,1.07052212497886,0.560751146466395,0.30027460882324,0.852941983836549
996,0.871083581867378,9,1.11037548347396,0.996427765758693,0.640681616227026,0.29683205225892,0.852941983836549
997,0.688822818069137,9,0.891367129309916,0.877563419659308,0.490726367535297,0.230551565252653,0.852941983836549
998,0.912430292414644,9,1.22079874342165,1.19458258965421,0.643874208281605,0.33930233050432,0.852941983836549
999,0.531716270471986,9,0.672669406137732,0.708288804652004,0.348211872674832,0.181196594760965,0.852941983836549
1000,0.608954169464967,9,0.650846546823867,0.773355513009493,0.394578949581213,0.200564330448715,0.852941983836549
1001,0.749636336797983,9,0.886822701593983,0.979973190229138,0.418841561334281,0.220880235913221,0.852941983836549
1002,0.652385358541978,9,0.772903247456306,0.860396200494096,0.372023087951978,0.191668586800887,0.852941983836549
1003,0.64708607383079,9,0.97772168109832,0.92605053764907,0.380942202138728,0.200869495184191,0.852941983836549
1004,0.636489270450721,9,0.857324964400968,0.913871472703861,0.368574487649508,0.2045054352217,0.852941983836549
1005,0.650730347713342,9,0.837366109977393,0.869474284000963,0.390748304692569,0.20244128971547,0.852941983836549
1006,0.713195254356413,9,0.91018096641817,0.944279191659233,0.464305493244483,0.24809178681206,0.852941983836549
1007,0.94135196036816,9,1.11695907294737,1.21226340986565,0.614377898681994,0.285555417300192,0.852941983836549
1008,0.627368794276288,9,0.82924026710165,0.842252339216385,0.408722869822199,0.200544291482692,0.852941983836549
1009,0.460975354858629,9,0.532229639380438,0.632515030734839,0.31750810549537,0.160240058840078,0.852941983836549
1010,0.692385666749928,9,1.1478369378635,0.90953750338625,0.689981319455328,0.375658905176741,0.852941983836549
1011,1.04957098722813,9,1.22119635116676,1.31558244133513,0.795361095952403,0.419920270411357,0.852941983836549
1012,0.889188720238902,9,1.01463056666372,1.13967630323642,0.618114726244458,0.320229319722411,0.852941983836549
1013,1.09582120054406,9,1.20709244834728,1.33474868009121,0.797022125811837,0.415439954513343,0.852941983836549
1014,0.978505214814276,9,1.10329730957549,1.21720755667636,0.681691484451709,0.357214344950434,0.852941983836549
1015,0.821590008568844,9,0.949859819265349,1.10658637667789,0.480403910752782,0.264286328494014,0.852941983836549
1016,1.02599842802529,9,1.33146312215158,1.43607547390765,0.557522614060181,0.264762448616131,0.852941983836549
1017,0.898311467760095,9,1.01572552577802,1.27411116569634,0.674772623043447,0.321318986923447,0.852941983836549
1018,0.970888074974515,9,1.20132625423194,1.25764186965543,0.656396135919731,0.338473318016359,0.852941983836549
1019,1.13431698745444,9,1.37822735269887,1.42497132618149,0.822153289733007,0.420873007013251,0.852941983836549
1020,0.997382054001982,9,1.26868438235002,1.31751240920874,0.672831903901683,0.341432970582457,0.852941983836549
1021,0.790789893151856,9,1.08415281511425,1.0838317693378,0.514059337260466,0.254576655712612,0.852941983836549
1022,0.86927253959434,9,1.14940758863873,1.11557054641181,0.516878279607083,0.283730779393511,0.852941983836549
1023,0.438637170292857,9,0.590266087013022,0.548969760084075,0.269757188341123,0.13153567872154,0.852941983836549
1024,0.661226891643916,9,0.946612470614087,0.807168854704844,0.390374240780729,0.205438185828586,0.852941983836549
1025,0.168704509485885,9,0.327117325980023,0.253702565110112,0.11428240975522,0.0590990672784655,0.852941983836549
1026,0.263860999673519,9,0.431635883927217,0.33846225396391,0.156403810145808,0.078397241059852,0.852941983836549
1027,0.112503636819979,9,0.213761941629959,0.170724024625477,0.0761809340378188,0.0385445369303711,0.852941983836549
1028,0.44757125050344,9,0.735772670589728,0.584588589556392,0.282226321623347,0.127236399898474,0.852941983836549
1029,0.414276578615528,9,0.668041365775969,0.526887697540059,0.255199319965527,0.126503482527424,0.852941983836549
1030,0.525960042327814,9,0.867578196611371,0.659983859406338,0.32078513883721,0.163781170300143,0.852941983836549
1031,0.804292586902538,9,1.29126390003424,1.03467955210622,0.574348150463375,0.288982613301873,0.852941983836549
1032,0.602888779523437,9,0.816817408074027,0.744905830752089,0.436009823220215,0.210990138241012,0.852941983836549
1033,0.79336957740179,9,1.20314260549151,0.999570612696587,0.486540326009078,0.237068842267498,0.852941983836549
1034,0.524330703405169,9,0.886864749705299,0.685130929162536,0.346872460953033,0.177627036592521,0.852941983836549
1035,0.759515815308117,9,1.59596385536287,0.923179826252693,0.461231289785776,0.254540261698879,0.852941983836549
1036,0.867919634548034,9,1.52905150923273,0.855935494859269,0.522108875045575,0.373309098533378,0.852941983836549
1037,0.962566177405164,9,1.37566105410002,1.11576777164115,0.570197015436299,0.333943087076138,0.852941983836549
1038,0.732272445852161,9,1.263881504585,0.869272484073479,0.468490731552516,0.239456134970201,0.852941983836549
1039,0.532420340507198,9,0.93699701295804,0.661198978608237,0.333114827003437,0.170821216332155,0.852941983836549
1040,0.51492659314101,9,0.8066456484364,0.578444351872921,0.314921786538587,0.171498515266394,0.852941983836549
1041,0.414360788031443,9,0.732555392863372,0.48872856275589,0.254123046202109,0.136717178739958,0.852941983836549
1042,0.613937057976366,9,1.05303538765218,0.687502519327579,0.396134776795532,0.222617983264084,0.852941983836549
1043,0.376922381515393,9,0.661935689968704,0.376865307478287,0.218596412410542,0.119278012503837,0.852941983836549
1044,0.498432555714112,9,0.895559561706748,0.548921246875982,0.337813367008944,0.177241886636131,0.852941983836549
1045,0.324673384758013,9,0.694607901506752,0.411056762137362,0.213732901136451,0.109130044482267,0.852941983836549
1046,0.34367228000365,9,0.6203455098179,0.357684600356924,0.242358791864889,0.127031643748935,0.852941983836549
1047,0.359662722159116,9,0.679947971692836,0.390314184478676,0.23592416609844,0.118832981358942,0.852941983836549
1048,0.587672883375927,9,1.12441861254128,0.723512826117378,0.351405603054411,0.184832621549141,0.852941983836549
1049,0.188361932228678,9,0.345868401717976,0.186848419229395,0.122884129872912,0.0661271301542732,0.852941983836549
1050,0.543332725303384,9,1.08548355016848,0.589668677594671,0.320339047642323,0.177214469824779,0.852941983836549
1051,0.386750007006082,9,0.487021240844842,0.254157796231538,0.252805541212715,0.133078381630158,0.852941983836549
1052,0.678859259769349,9,0.958039856247342,0.727476654121412,0.420600588158523,0.228659743799463,0.852941983836549
1053,0.689627129130589,9,1.25781617555639,0.732796913829885,0.450673672920113,0.250958331263015,0.852941983836549
1054,0.693706910381407,9,1.18661929770313,0.693281455223772,0.453581785833624,0.251108200223519,0.852941983836549
1055,0.429968688181864,9,0.738837556793935,0.433788004724217,0.280660364268956,0.161844110822318,0.852941983836549
1056,0.758652005857289,9,1.33041062455818,0.744025558769007,0.507936054684511,0.279889850758418,0.852941983836549
1057,0.850706260086557,9,1.50949328058024,0.610401616856691,0.648635537525411,0.351487839250235,0.852941983836549
1058,0.500019368542508,9,0.89439698326767,0.503015943784896,0.351928371658525,0.177679518785182,0.852941983836549
1059,0.743927230716681,9,1.21496859331046,0.682649491967278,0.503210531219807,0.281987788688495,0.852941983836549
1060,0.375873418132377,9,0.584576885540917,0.357913855897667,0.283503162872029,0.14289794914241,0.852941983836549
1061,0.561868740384775,9,0.967676561293656,0.556686599318689,0.41146120064299,0.222452804714538,0.852941983836549
1062,0.773411811734596,9,1.25638751199693,0.755068756546685,0.580042335552138,0.299470363757106,0.852941983836549
1063,0.441242182152524,9,0.680135387814102,0.414274234281063,0.293157930326687,0.166503675917799,0.852941983836549
1064,0.277796831780748,9,0.424186740807148,0.254417428554506,0.165935122493239,0.0971587454183782,0.852941983836549
1065,0.760344247945786,9,1.14008036821036,0.685758862321622,0.536450366677418,0.319182759595349,0.852941983836549
1066,0.762875693161023,9,1.44068266907422,0.754554377005969,0.51474947433826,0.306863040279121,0.852941983836549
1067,0.280190534828801,9,0.394948062870956,0.31944166998863,0.197532393129712,0.109183563171542,0.852941983836549
1068,0.573839572758878,9,0.880994267158576,0.526134528004713,0.373400496649362,0.210075610442493,0.852941983836549
1069,0.66558278723779,9,1.01494367358625,0.627578401779612,0.410502429887238,0.224181673498021,0.852941983836549
1070,0.812821521552542,9,1.21068161764158,0.766083629889326,0.493723410706373,0.285287069299719,0.852941983836549
1071,0.53811059654696,9,0.75618433908734,0.517793171965016,0.268171265070277,0.117214377634487,0.852941983836549
1072,0.673941673700557,9,0.937490671323287,0.628659476065114,0.387103936572322,0.239237367292608,0.852941983836549
1073,0.747850157565979,9,0.896711527971428,0.680386646901428,0.503785361065212,0.28009923610979,0.852941983836549
1074,0.619637914560874,9,0.686512680929948,0.554267612633979,0.451308860420539,0.255895608693268,0.852941983836549
1075,1.7450039580704,9,1.91647256241608,1.49645249391278,0.922643582706256,0.555139586280638,0.852941983836549
1076,0.404457688635132,9,0.631614299916352,0.487493275525146,0.234029465816274,0.159628135863399,0.852941983836549
1077,0.982742643732264,9,0.997444227527897,0.859262838920809,0.611412349338391,0.324366737472034,0.852941983836549
1078,1.11267925617999,9,1.06857601464132,0.986852160993523,0.726495309023316,0.401316797800376,0.852941983836549
1079,1.74994735167028,9,1.68529125411973,1.57339320360946,1.04847181916296,0.686443828478889,0.852941983836549
1080,1.02122006037411,9,0.989031119193472,0.874747121179263,0.692609517411791,0.393546527289698,0.852941983836549
1081,0.725765224367584,9,0.48564023293839,0.635878988502804,0.506433063047581,0.279033419610914,0.852941983836549
1082,0.621503902069172,9,0.480365671069555,0.527170208413834,0.416441923296602,0.257893876040358,0.852941983836549
1083,0.545836118899933,9,0.392741227006757,0.46066382300259,0.31553151373827,0.200074647341288,0.852941983836549
1084,0.944723190835333,9,0.594802711031094,0.756638337115044,0.538782628316809,0.349049311222093,0.852941983836549
1085,0.629577264757693,9,0.412925058359033,0.537894907939768,0.401869933593294,0.251013921879683,0.852941983836549
1086,2.10882269356113,9,1.28035356243317,1.76517413767006,1.32571069558688,0.858751536870391,0.852941983836549
1087,1.95783060563097,9,1.26327644107289,1.69362231029449,1.37439169215634,0.792401950178305,0.852941983836549
1088,2.12128212253583,9,1.2877780655547,1.76594613024405,1.37605861219161,0.849666115588349,0.852941983836549
1089,1.61932813611701,9,1.01071893815312,1.37075271462275,0.9614156427076,0.569455606629568,0.852941983836549
1090,2.31714087337248,9,1.21054924456957,1.90294462445012,1.45533923654988,0.890154473458323,0.852941983836549
1091,2.95304858123684,9,1.45669664666877,2.41327822005957,1.73739373438618,1.09508700861275,0.852941983836549
1092,1.98699975845203,9,0.934543243053049,1.62755787834527,1.11879381154356,0.711815020633826,0.852941983836549
1093,2.13461371046218,9,0.96974473035219,1.73954335251771,1.32631705217402,0.771632518465849,0.852941983836549
1094,1.49029276991413,9,0.623825071492693,1.25827700230491,0.979095749016441,0.643550845307405,0.852941983836549
1095,2.75484354031069,9,1.19870031693794,2.22249921692492,1.54994540090167,0.943121969591759,0.852941983836549
1096,2.08138607829042,9,1.10863901997725,1.79649129098708,1.28587863539045,0.714863244575738,0.852941983836549
1097,1.52737412353867,9,0.672352170020404,1.30764218765335,1.01768582204866,0.620638588492624,0.852941983836549
1098,1.95063823625702,9,0.917124641723025,1.60012577438896,1.14203074086513,0.63446421590229,0.852941983836549
1099,1.94737795780047,9,0.874652449483761,1.49313928063627,1.26024258633145,0.743756629153622,0.852941983836549
1100,2.36722424046238,9,1.14587815827923,1.97034013763706,1.49988440579901,0.972602859706151,0.852941983836549
1101,2.44084391128073,9,1.26932628178507,2.15486107902237,1.49057655887156,0.943812361882573,0.852941983836549
1102,2.53062743014692,9,1.26598242184343,2.07942642406187,1.73632569902455,1.04339512078459,0.852941983836549
1103,2.8850486238132,9,1.46114051406084,2.32438335109654,1.73371395192807,1.07599951868581,0.852941983836549
1104,1.98812153088615,9,1.06316131036378,1.64273923562412,1.31867388411282,0.741181382840565,0.852941983836549
1105,2.04732459827797,9,1.05946289743726,1.68572347359273,1.1987084644951,0.73916691166243,0.852941983836549
1106,1.57209270025782,9,0.830948157641245,1.26119734462359,0.983911146518724,0.567686117220257,0.852941983836549
1107,1.74284179314485,9,0.924345267290132,1.39899112874781,1.12492095597776,0.656470488093218,0.852941983836549
1108,1.23489100167837,9,0.690097884618388,1.00748106784761,0.869021741786154,0.477293226833819,0.852941983836549
1109,0.927959393884459,9,0.5291177518986,0.764696527953166,0.647968312662573,0.358118061726133,0.852941983836549
1110,1.29057977901317,9,0.761688408264211,1.06087201632676,0.908346108715782,0.540061000730694,0.852941983836549
1111,1.41414895651388,9,0.824968653874846,1.11953076752803,0.929452047667647,0.544950532461547,0.852941983836549
1112,1.12952680321451,9,0.715120515021483,0.993862014549675,0.912145043611889,0.468977723543045,0.852941983836549
1113,1.15523659042034,9,0.64820350230559,0.929745556897114,0.747937355115036,0.377342447565741,0.852941983836549
1114,1.45123350031442,9,0.834965020813044,1.18880559348436,1.07291664718967,0.545632701032992,0.852941983836549
1115,1.36628020161662,9,0.659051365474994,1.09850312618827,0.931623270561482,0.524695010904271,0.852941983836549
1116,1.64002723095225,9,0.844613040368265,1.36875566172003,1.14225844075447,0.708006698853853,0.852941983836549
1117,1.94997495909695,9,1.12313175305913,1.58351032371584,1.21860538888276,0.727479880994647,0.852941983836549
1118,1.99995859230984,9,1.17410060358942,1.73892858725863,1.21446818979172,0.739183393875078,0.852941983836549
1119,2.28298446665262,9,1.31406759160176,1.75658574705873,1.41322850170593,0.856068636041983,0.852941983836549
1120,2.03954149272992,9,0.999158985432237,1.60145977433492,1.27330949079,0.770465881940464,0.852941983836549
1121,3.00237375516908,9,1.531926104334,2.46791860687288,1.81665845791379,1.12027927503204,0.852941983836549
1122,3.15397580340489,9,1.57600805469027,2.54020518559133,2.03491986971421,1.30392488750194,0.852941983836549
1123,1.92364949288995,9,1.06698624845347,1.61852682576705,1.30496987296172,0.833547046975394,0.852941983836549
1124,2.04757994337831,9,1.2319568102477,1.69997176994419,1.37516488145751,0.815814279079168,0.852941983836549
1125,1.4386844386354,9,0.82053882671911,1.28215300885601,1.19273725014276,0.695992431305852,0.852941983836549
1126,0.947032181961331,9,0.491302356503632,0.767057119259101,0.657506217654221,0.373115299767239,0.852941983836549
1127,1.68770497609734,9,0.992703661004089,1.33556978518158,0.990409426942972,0.617031981161114,0.852941983836549
1128,1.25322291210845,9,0.691774231216174,1.01018624947216,0.869798691089857,0.517090679090814,0.852941983836549
1129,0.827912160788607,9,0.473187013732754,0.680299522505491,0.58082104375384,0.32203750143706,0.852941983836549
1130,1.01289266994384,11,0.730851072820977,0.917086062038711,0.728253522695035,0.403269530472028,0.861642242058737
1131,1.59547517459934,11,1.11104251239193,1.36066174779737,1.05602827301719,0.616648111068881,0.861642242058737
1132,1.34228391411167,11,1.02070713948382,1.2519753165721,0.906121785633197,0.570457348103956,0.861642242058737
1133,2.10334893313493,11,1.55291119759635,1.92357398988995,1.44544806950856,0.880866467193548,0.861642242058737
1134,1.08451917141468,11,0.889259246920572,1.10305194791726,0.782047552551893,0.455347030974583,0.861642242058737
1135,1.4287830238876,11,1.00171157377145,1.24600845708125,1.01987997930643,0.611561771821392,0.861642242058737
1136,0.90300527231142,11,0.753191976096462,0.876050908275114,0.596607515360996,0.364881046432108,0.861642242058737
1137,1.47695664232109,11,1.33297282006899,1.58407743568647,1.01603163132173,0.613861416818954,0.861642242058737
1138,1.34549197674795,11,1.19746119387328,1.42736271126862,0.897067021752827,0.549521171292629,0.861642242058737
1139,1.33180362577995,11,1.06999550261479,1.25226448168208,0.868192034863893,0.501761141379975,0.861642242058737
1140,1.62682050617708,11,1.29300414474823,1.39563491316143,1.0652265957338,0.639110340820889,0.861642242058737
1141,1.32445124537058,11,1.15386677858593,1.27822308822013,0.894084337685079,0.505957415088696,0.861642242058737
1142,0.755578398805563,11,0.666832322153826,0.640362173538035,0.570788415212189,0.329027810999108,0.861642242058737
1143,1.09884346831871,11,1.07638755044768,1.0307269510298,0.734021464615818,0.429988051102392,0.861642242058737
1144,0.471621925768872,11,0.4198201020812,0.405353415856769,0.339374758974473,0.192232319135418,0.861642242058737
1145,1.02153839647272,11,0.906567042918061,0.883041177560221,0.749578177972669,0.431692953449485,0.861642242058737
1146,0.800122878314891,11,1.01237486617996,0.905529424859927,0.578978605234997,0.293798140847587,0.861642242058737
1147,0.992194485444459,11,1.04922590863864,0.903320946608801,0.667463172087342,0.388548119861249,0.861642242058737
1148,0.845907385383717,11,1.06126290438132,0.945490158519017,0.646377341654213,0.378639570505507,0.861642242058737
1149,0.57384147114674,11,0.621186297535251,0.549226233775819,0.456722078034109,0.251032597278413,0.861642242058737
1150,0.72173842227311,11,0.913855116708373,0.803222564581933,0.529677606449173,0.277483367492543,0.861642242058737
1151,0.804385823729958,11,0.866539041043406,0.838492564154251,0.549899834267549,0.288334838325702,0.861642242058737
1152,1.00244319173276,11,1.09709554792692,1.00409597633422,0.76119247731538,0.408845259839834,0.861642242058737
1153,0.7685671408082,11,0.865677909252685,0.77046235103538,0.578167577098241,0.333956062863136,0.861642242058737
1154,0.855037089919019,11,0.998510649346947,0.887017841937416,0.704127858328198,0.388536115906752,0.861642242058737
1155,0.507241144427849,11,0.55080054287534,0.468581569794647,0.445448919317978,0.256605473474172,0.861642242058737
1156,1.49274179889765,11,1.60926478549327,1.51314294503936,1.18490420072143,0.686803100714377,0.861642242058737
1157,1.08633443631802,11,1.25599735590129,1.16942621683284,0.917906075619024,0.509721614965309,0.861642242058737
1158,1.38833932096687,11,1.51465294145168,1.35038861837211,1.06448740086914,0.601886145108713,0.861642242058737
1159,0.486131660047687,11,0.622822663629901,0.560021799185668,0.328977680614002,0.207224462582374,0.861642242058737
1160,1.05094746136065,11,1.24864262443834,1.05462274873365,0.766629387247935,0.434536370717861,0.861642242058737
1161,0.87013861093521,11,0.990451787836258,0.882906588998571,0.665094742184055,0.333119160626306,0.861642242058737
1162,0.81606354842998,11,0.906474560952568,0.791097147147755,0.683088003096106,0.335642589893655,0.861642242058737
1163,0.926237787172237,11,1.21744412761202,0.970509659368489,0.708588790769385,0.36758883436718,0.861642242058737
1164,0.896374431486963,11,1.14703152542958,0.925478354894892,0.650385289943262,0.383143305579663,0.861642242058737
1165,0.487804920179317,11,0.642820922176933,0.485115825880476,0.315223581254265,0.176951593730807,0.861642242058737
1166,0.510905028202286,11,0.696578361416918,0.453182057290158,0.359192105738646,0.203610417387242,0.861642242058737
1167,0.601496010518203,11,0.884741827801821,0.556349807216548,0.46704655222942,0.249812666495329,0.861642242058737
1168,0.84249327426591,11,1.26531526277993,0.755865802916781,0.603609101073215,0.353434681248071,0.861642242058737
1169,0.747649717420639,11,1.14778260605644,0.703347303125952,0.587739546542893,0.331865329091798,0.861642242058737
1170,0.509285033329932,11,0.777018511843361,0.499584313933223,0.395779195998861,0.225960427807409,0.861642242058737
1171,0.729823644013495,10,1.15039624386066,0.726519657940342,0.528630548419004,0.319580823749756,0.848696114871523
1172,0.483357009473217,10,0.979026405353945,0.552215285381332,0.2948905267965,0.165516708330178,0.848696114871523
1173,0.535359523321624,10,1.16491470893049,0.506116641252143,0.424631596880757,0.230850497603689,0.848696114871523
1174,0.290185854175004,10,0.674537333552238,0.347070401547734,0.229968221789459,0.122246631727411,0.848696114871523
1175,0.541794583015451,10,1.18920905916093,0.539494041735782,0.41379163240116,0.238904418649472,0.848696114871523
1176,0.318182281992811,10,0.805672488283066,0.331538416585569,0.253105944350996,0.153244013337236,0.848696114871523
1177,0.427988913201633,12,0.877332725058818,0.405442488250288,0.343069622842888,0.199912942597265,0.867271704490568
1178,0.241969037833893,12,0.513502036153307,0.192632531265093,0.188066671831133,0.102412254757646,0.867271704490568
1179,0.377835699037796,12,0.825918775406408,0.367605924347725,0.331232914883844,0.173342767359182,0.867271704490568
1180,0.443904898959322,12,0.953340946865094,0.499650520671116,0.358705860529735,0.198843309727171,0.867271704490568
1181,0.367596488949657,12,0.772378038559497,0.407587185336053,0.301486405973512,0.166570319329469,0.867271704490568
1182,0.188484051881028,12,0.362095247355721,0.172586592648284,0.111449322625628,0.0492659267255305,0.867271704490568
1183,0.556059292633528,12,1.15116150593847,0.589372228128313,0.470338215070267,0.262975641138859,0.867271704490568
1184,0.540427502161468,12,1.03662741924004,0.599576553677014,0.435359224782544,0.261093102848541,0.867271704490568
1185,0.357552869321037,12,0.668935793184359,0.415700134663703,0.335068238222916,0.186901391009092,0.867271704490568
1186,0.857900182041376,12,1.30900064504023,0.992044606194793,0.714430833742325,0.39573739373416,0.867271704490568
1187,0.702503967955258,12,1.11591326997466,0.77202036101697,0.543800078279113,0.30179311201144,0.867271704490568
1188,0.75369198348357,12,1.18572789355866,0.81892621932349,0.605811735016444,0.324327754953052,0.867271704490568
1189,0.805428923216773,12,1.16692127336606,0.883585598025485,0.64202726273998,0.360220242885181,0.867271704490568
1190,0.934064695078335,13,1.47035713154068,1.07404479890028,0.742594679702943,0.418139985608347,0.876577376959433
1191,0.637271507481805,13,0.877871938409592,0.690460604729385,0.504289926944119,0.277819861596491,0.876577376959433
1192,0.554241229721903,13,0.785324958603163,0.631180439535561,0.468803949911413,0.259599982164425,0.876577376959433
1193,0.641283190547384,13,0.972243527183865,0.71915599175025,0.551171557086149,0.305125971743235,0.876577376959433
1194,0.382253918596135,13,0.595205044386501,0.473289915676083,0.362970703084411,0.192237703547988,0.876577376959433
1195,0.543837280527355,13,0.755505422182999,0.625389274857077,0.494112184076093,0.275999867181665,0.876577376959433
1196,0.935627229251551,13,1.13610083564701,0.998526717907752,0.760868479167146,0.445824866249951,0.876577376959433
1197,0.743293769265604,13,0.890723022832119,0.829203299955682,0.613251547096274,0.360797317007989,0.876577376959433
1198,0.574497090454205,13,0.70216548756115,0.619631595500728,0.456604455656891,0.253441997771012,0.876577376959433
1199,0.807701562715923,13,0.961128892383508,0.85919066098716,0.607461186385494,0.354072848606803,0.876577376959433
1200,0.745320146298204,13,0.910526903546046,0.826351719165135,0.581161529390588,0.324752974938028,0.876577376959433
1201,1.24173286356765,12,1.48060889299846,1.35910707306979,1.24166648938326,0.6666174026047,0.865120426737007
1202,1.23272489949759,12,1.35857102667189,1.3468707487619,1.06178229991042,0.603411318821077,0.865120426737007
1203,1.17150519353649,12,1.26194815330451,1.25230604809083,0.968248313075869,0.516885989257659,0.865120426737007
1204,1.04328826387799,12,1.276954325579,1.19228589100751,0.845921703829108,0.5082983838073,0.865120426737007
1205,1.17548210405247,12,1.49060923336479,1.23002564830518,1.00245059295105,0.558771547752858,0.865120426737007
1206,0.857505975279837,12,1.11569838400372,0.92494053271751,0.746704750556471,0.373474012036822,0.865120426737007
1207,0.922299472190166,12,1.2442327063037,1.00808857320827,0.809199002741676,0.465758988161837,0.865120426737007
1208,0.457905865841617,13,0.556989985388389,0.479073095778983,0.420759427532289,0.221627834435211,0.870068785510114
1209,0.478337044214462,13,0.739749379121044,0.472144508574344,0.46625081805678,0.263485810843719,0.870068785510114
1210,0.354775179136503,13,0.520854932366731,0.388433462215457,0.331127211885491,0.171501395534048,0.870068785510114
1211,0.137094702580641,13,0.220726061653019,0.152251850699657,0.115916977044223,0.0816334072088072,0.870068785510114
1212,0.520253195306753,13,0.62451404369961,0.537878532033898,0.436521464052249,0.246767994732818,0.870068785510114
1213,0.76791176995358,13,0.984315494029206,0.718995083044754,0.608832045430892,0.350446610195423,0.870068785510114
1214,0.558164093722192,13,0.736938419881665,0.540434228284163,0.332046150760722,0.203184577104818,0.870068785510114
1215,0.540052222440356,13,0.672218259972827,0.533931716601477,0.461572707876874,0.238307512157208,0.870068785510114
1216,1.29163858041933,13,1.45374197585387,1.28169570213957,1.04356335800401,0.605074289780325,0.870068785510114
1217,0.893503873098737,14,1.06146432982021,0.910366666974342,0.80788323336439,0.469975381457763,0.881356038516674
1218,1.06846982029182,14,1.20937902768079,1.04410013394685,0.941230273860762,0.488173235277695,0.881356038516674
1219,1.16970912295644,14,1.2894768656482,1.14687215791219,1.04949336898308,0.555856464971332,0.881356038516674
1220,0.573954333931781,14,0.575757133128599,0.546643160175322,0.498818277726029,0.271894327951987,0.881356038516674
1221,0.563434311717231,14,0.59736402968878,0.491163320802504,0.421227271091438,0.224990768312025,0.881356038516674
1222,0.795316253450095,14,0.863117201818263,0.778023541095738,0.751664467617514,0.39529722400406,0.881356038516674
1223,0.532607962557045,16,0.511670287416402,0.516451971511291,0.483418540972086,0.265141162276941,0.901048356618884
1224,1.26835595226908,16,1.39488961517404,1.38310495568768,1.23789741361429,0.682850906724342,0.901048356618884
1225,0.995831175801033,16,0.952064518052622,1.02853818819211,0.922841664712204,0.507093495787835,0.901048356618884
1226,0.749617042005421,16,0.704164439116479,0.748230314854897,0.619170846893375,0.307777549196871,0.901048356618884
1227,0.762740569600036,16,0.735937330971818,0.747257525754692,0.596318724225559,0.349670920317141,0.901048356618884
1228,1.73374389599921,16,1.89035074634147,1.97207210871823,1.71496269002011,0.906722777664897,0.901048356618884
1229,1.72356165453637,16,1.6803419007226,1.81379717221761,1.53278499152892,0.822958355487761,0.901048356618884
1230,1.26088143366375,17,1.20680860697969,1.28214728638489,1.16328405043077,0.63364726771429,0.908277975550947
1231,0.778964509996932,18,0.72929782449454,0.812081416822116,0.727668550528018,0.396962682874495,0.914524690911179
1232,1.24345496743345,18,1.31381786774515,1.29647937019183,1.18916925619286,0.672568347492651,0.914524690911179
1233,0.856900924517474,18,0.807526313242503,0.861899423875901,0.788274895791512,0.417897207034525,0.914524690911179
1234,0.741422014236512,18,0.856473355614251,0.711987064022212,0.748211837398933,0.382509542139031,0.914524690911179
1235,0.907014266249397,18,0.894221769929523,0.912649443746402,0.772420180987531,0.445513367359322,0.914524690911179
1236,0.383536355065548,18,0.434642479811594,0.416742091068472,0.378687438409756,0.210702784962222,0.914524690911179
1237,0.518987931423463,18,0.629963946343543,0.571876215836302,0.501018307426232,0.281878681473176,0.914524690911179
1238,0.547629886105578,18,0.608363677591177,0.579388363619917,0.501817251327917,0.294674735877523,0.914524690911179
1239,1.2742381954111,18,1.32782513150818,1.35868993386526,1.14916486321591,0.636595499837723,0.914524690911179
1240,0.546609794137563,18,0.603827043753972,0.571809944555791,0.47712905907013,0.284533267255185,0.914524690911179
1241,0.828546013337842,18,0.845138919146407,0.829549078045997,0.722576727207685,0.402274641409242,0.914524690911179
1242,0.854805358509535,18,0.861423785977342,0.799284317530316,0.627203406501405,0.384185495668217,0.914524690911179
1243,1.36456829642351,18,1.44288331392585,1.39907631129234,1.08486491439877,0.68183751530033,0.914524690911179
1244,1.10918306147927,20,1.15684734139698,1.13310145665139,0.924336981136743,0.519938293151444,0.910507565398323
1245,0.750130923803576,20,0.756299102906884,0.728095276024977,0.640464415065908,0.343987500822082,0.910507565398323
1246,1.22054238652828,20,1.31838896731534,1.18859509894007,0.978515350493693,0.508504721805675,0.910507565398323
1247,0.712244578836833,20,0.747546385593227,0.695783785278603,0.61499212634417,0.346110013370887,0.910507565398323
1248,1.2134378010206,20,1.31956744665701,1.19117557811513,1.02148117767256,0.577949731757536,0.910507565398323
1249,1.36109188026996,22,1.60783866667346,1.36814363010484,1.14843694678914,0.637899333158786,0.910078294873951
1250,0.701883284459202,22,0.857273688909235,0.711798721584888,0.625675901395611,0.355495125887434,0.910078294873951
1251,0.776913550255325,22,0.953071984505858,0.803300325423288,0.656970635995451,0.368029166490208,0.910078294873951
1252,0.724075897402458,22,0.916597853281679,0.736584724309112,0.599735572818087,0.343089432655757,0.910078294873951
1253,0.633389235039366,22,0.900134535771729,0.661024006613089,0.542808910866488,0.334631186682565,0.910078294873951
1254,0.612938323260114,22,0.745042432296385,0.602026212975895,0.519770889113176,0.281154872644772,0.910078294873951
1255,0.678711148607523,22,0.877927572046502,0.663781210588766,0.590036528785739,0.333860973612678,0.910078294873951
1256,0.799411881612198,22,1.05865147966508,0.77240508053037,0.671573408824512,0.377372204760995,0.910078294873951
1257,0.640824602947712,22,0.800367859357088,0.603677595365424,0.557626875270938,0.30485525686585,0.910078294873951
1258,0.830439713354852,22,1.05487976469957,0.829035828744749,0.750973537474658,0.403126404224604,0.910078294873951
1259,0.466542415364894,22,0.620355133493709,0.459413721511013,0.44124481954162,0.233422285168907,0.910078294873951
1260,0.529267555529676,22,0.691007331743497,0.557273231093431,0.464934681217642,0.239012830386087,0.910078294873951
1261,0.717049352023565,22,1.02602470866275,0.738561787511815,0.639072106220309,0.338225300326898,0.910078294873951
1262,0.799161859099851,22,1.17215228490558,0.801437965933243,0.70246996683822,0.391191778667477,0.910078294873951
1263,0.493412428883646,22,0.667556586153218,0.50284138698589,0.487025749831296,0.263643247797396,0.910078294873951
1264,1.16064965456719,22,1.47287971791673,1.14089810023536,1.06210496183369,0.59912982737767,0.910078294873951
1265,0.934328435978311,22,1.07160332175424,0.908935844984195,0.833320688986295,0.450972832767022,0.910078294873951
1266,0.88209129179242,22,1.2308836958487,0.935991023392186,0.716024421687231,0.431518077290927,0.910078294873951
1267,0.719667035598967,22,1.01530497963212,0.778826445591086,0.64070353686419,0.33866935285778,0.910078294873951
1268,0.741922710266592,22,0.98621863744255,0.793589961085358,0.593568139580286,0.339025165754708,0.910078294873951
1269,0.739246991351962,22,0.847464087051553,0.706170399804324,0.597774639936013,0.299658798539971,0.910078294873951
1270,0.367124824044643,22,0.440365118436149,0.381646725378021,0.333294277881378,0.174326925318445,0.910078294873951
1271,0.633276236172844,22,0.775235095427349,0.651042432870261,0.606442446457483,0.338870022700269,0.910078294873951
1272,1.02197718348005,24,1.0789077651425,0.98907505387072,0.925596601838684,0.508575276870207,0.914274141496894
1273,0.905961832191917,24,0.896370392615592,0.888508202477689,0.896244637365013,0.47093804832084,0.914274141496894
1274,1.09495929950896,24,1.11860293381179,1.08403050698499,1.07407886813119,0.591136891009176,0.914274141496894
1275,0.66447272342524,24,0.648675148744033,0.610893876857624,0.674416639219908,0.35320201467267,0.914274141496894
1276,0.842682905248159,24,0.829200753893373,0.821656929869982,0.747547316112899,0.449858849948335,0.914274141496894
1277,0.816608356340253,24,0.741674447386763,0.774156727944069,0.789165273382184,0.424510082604976,0.914274141496894
1278,1.14657412426437,24,1.03677784715241,1.10986561861356,1.15829549259377,0.640456552759486,0.914274141496894
1279,1.22477829987128,24,1.04154889799552,1.17167760016062,1.22885506750989,0.690973235890942,0.914274141496894
1280,1.61934542511754,24,1.38108026166969,1.54532192607325,1.53640880391514,0.848718217205647,0.914274141496894
1281,1.56101946592143,24,1.31824605539231,1.49044567260122,1.4050093310455,0.805153550660267,0.914274141496894
1282,1.67668678697651,24,1.36724801628315,1.58461808900916,1.49439633487849,0.882420406059391,0.914274141496894
1283,1.12434642178705,24,0.923742271138753,1.03289702046048,1.05855228043213,0.584529820245968,0.914274141496894
1284,1.09799227192824,24,0.877226108597995,1.022892081625,0.970265660661255,0.559126310534538,0.914274141496894
1285,1.01764595948671,24,0.802033856453326,0.943021394884203,0.982555006136706,0.539082775691253,0.914274141496894
1286,1.57281271289163,24,1.15919109294241,1.48200451381805,1.42623254309859,0.7971887326789,0.914274141496894
1287,0.716831779132428,24,0.527030951930485,0.672010647414344,0.656005815449794,0.381926733981191,0.914274141496894
1288,1.23052176351302,24,0.866815092256566,1.11118998593406,1.15321754602439,0.63200252626412,0.914274141496894
1289,1.36669825680624,24,0.94169215693758,1.23595966282329,1.15267258623277,0.652812007017474,0.914274141496894
1290,1.34964618233334,24,0.956089872870075,1.26673648959384,1.14554231384423,0.702105994803185,0.914274141496894
1291,1.7790580759,25,1.2480074877404,1.57055135818344,1.57592789997821,0.900561518862402,0.917178384681313
1292,1.43610651159343,25,1.02400802249551,1.31360604324308,1.24252750730279,0.704036640955435,0.917178384681313
1293,1.10293980825761,25,0.927614732722768,1.05176557016399,0.978897332913381,0.595823699706365,0.917178384681313
1294,1.14037953717645,25,0.826656022082992,1.07541590325292,1.06086670619295,0.59524951190127,0.917178384681313
1295,1.46524080978528,25,1.12317009035831,1.39634712224078,1.33396805295536,0.764124969884214,0.917178384681313
1296,0.524408502398726,25,0.406235657483754,0.504088655154813,0.521586509933012,0.301817369359976,0.917178384681313
1297,1.19862295891635,25,0.954496502947883,1.20706410024269,1.10216707733538,0.62412332641343,0.917178384681313
1298,1.22733339661714,25,0.979475072805076,1.24414773421553,1.15030257295787,0.623979539113599,0.917178384681313
1299,1.49043013328744,25,1.15666655681915,1.49479737620947,1.33991196489097,0.737716185803142,0.917178384681313
1300,1.28323050363009,27,1.05307468665969,1.31784495762957,1.18954612227107,0.690398374901606,0.922397176105127
1301,1.1044339276541,27,0.927148686776429,1.13179952109611,0.969418936719223,0.551839642445161,0.922397176105127
1302,1.06963129472744,27,0.869534955166954,1.06578029947542,0.911142997828176,0.520457363310498,0.922397176105127
1303,1.27825450415797,27,0.991777097009063,1.20204968723368,1.18930893431579,0.65565364453681,0.922397176105127
1304,1.831398843045,27,1.44773295838529,1.74710677341229,1.70641539775582,0.973261415675374,0.922397176105127
1305,1.59526097437076,27,1.30932702518158,1.61778054296785,1.25084432977171,0.772652393869494,0.922397176105127
1306,1.09492201315454,27,0.928661422493008,1.12468659187026,1.02361355433826,0.565342624591195,0.922397176105127
1307,0.956598756334167,27,0.809536540345452,0.948370146721806,0.821406841656799,0.455736726853505,0.922397176105127
1308,0.963248127976698,27,0.847069925544273,0.963764651845003,0.833005927595483,0.45503668094588,0.922397176105127
1309,1.01631160186176,27,0.906930766281178,1.00991901206912,0.906289285123738,0.49172545999174,0.922397176105127
1310,0.844946670995071,27,0.767959332947978,0.828491225262302,0.758145725068952,0.404022762513938,0.922397176105127
1311,0.791660880097552,28,0.771679435761141,0.806700535419865,0.707065284060371,0.380791033545456,0.9283262006075
1312,0.582123253441312,28,0.563810280823578,0.583004155270062,0.53147537832064,0.283126307751341,0.9283262006075
1313,1.11984452072018,28,1.08515139319305,1.09050205237313,1.03434936260136,0.554399824081573,0.9283262006075
1314,1.20835777664016,28,1.13637451510161,1.1968318676742,0.997566983723017,0.556565398120247,0.9283262006075
1315,1.08488182662925,28,1.05272264800422,1.03730099447528,0.954214188465787,0.533037801886135,0.9283262006075
1316,1.70508768903184,28,1.64113008799939,1.65034971051804,1.38645552252239,0.817315668124456,0.9283262006075
1317,1.37929077781629,28,1.32737149108124,1.37253016370176,1.18920679423719,0.661794479350507,0.9283262006075
1318,0.688839402230466,28,0.628441780397333,0.65149461065835,0.630149477251433,0.346605651625407,0.9283262006075
1319,0.85545281089472,28,0.840065226349108,0.854001584154619,0.74550768174924,0.415336207741036,0.9283262006075
1320,0.897709751099935,28,0.857612173123022,0.903673375530767,0.805855885270371,0.433200842800323,0.9283262006075
1321,1.06315481890183,28,1.10866734430958,1.05242678409154,0.90820821838602,0.515689795860904,0.9283262006075
1322,0.833745705443891,28,0.85062174183841,0.849480898810879,0.737116846110857,0.406711540817288,0.9283262006075
1323,0.576571013162392,27,0.588083298597251,0.597997937910707,0.437931834856823,0.275156777843712,0.92565512857471
1324,0.202683969146666,27,0.225252050581697,0.197902061963384,0.179339936671745,0.0955649750349824,0.92565512857471
1325,0.863266331818296,27,0.867726581424683,0.904461729272454,0.775283138622296,0.408686450474565,0.92565512857471
1326,1.24314722504146,27,1.20387887728638,1.26903829260037,1.06165681486407,0.607151624362109,0.92565512857471
1327,1.05641799018478,27,0.989584019040581,1.06964980337328,0.942803027244323,0.509502716944403,0.92565512857471
1328,1.43824122530853,27,1.37490998605467,1.47984476811134,1.24337363829,0.697811641808348,0.92565512857471
1329,1.07769508056264,27,1.00686955423146,1.06905467605952,0.959112199471024,0.530281901269595,0.92565512857471
1330,1.1485004371078,27,1.06410121851742,1.12269041407932,1.02402658359938,0.552085202344899,0.92565512857471
1331,1.56138496746053,27,1.41102615434551,1.54377416409815,1.3956434829152,0.760623944761837,0.92565512857471
1332,1.00182057178765,27,0.886321259618608,1.00731262213129,0.889246519967836,0.480275682441572,0.92565512857471
1333,1.08295970432675,27,0.949908502005531,1.03245835118517,0.94337272045806,0.545741412006146,0.92565512857471
1334,1.44099697082903,27,1.24528464724061,1.44922647733788,1.2328759418027,0.71737202346247,0.92565512857471
1335,0.537004509998479,27,0.48468767942695,0.541255701338392,0.456612028746309,0.262444112423887,0.92565512857471
1336,0.569733636905572,27,0.481176301012702,0.580456472928321,0.509843275930538,0.279469612534886,0.92565512857471
1337,0.410019013200257,27,0.323401746412105,0.399658000155485,0.331010538089408,0.177565774039405,0.92565512857471
1338,1.47908037319953,27,1.16948427705526,1.50279514516673,1.15040571678104,0.694105128287672,0.92565512857471
1339,1.95976487949237,27,1.56791907452947,2.01322722268917,1.63335078097213,0.950358183530984,0.92565512857471
1340,1.64159399943991,27,1.34446922775672,1.69711908484677,1.41699729802204,0.803105771012048,0.92565512857471
1341,1.78395088656936,23,1.51910775587124,1.735883953979,1.45975014640315,0.834933091935489,0.916642519692464
1342,1.33486053194062,23,1.13926438451646,1.29162137905301,1.13455848728546,0.614878200428568,0.916642519692464
1343,1.37226124355133,23,1.20137752067211,1.32204899219787,1.16928742250142,0.651478188262783,0.916642519692464
1344,0.996574516048489,23,0.973231700603285,1.00494380360102,0.859058832868446,0.48228348798796,0.916642519692464
1345,1.07797365093064,23,0.977222506425535,1.05470841374723,0.891804817980176,0.500689139817821,0.916642519692464
1346,1.1736901050833,23,1.15043156462969,1.16341825276197,0.988038104855853,0.570921937612105,0.916642519692464
1347,0.346820111242747,23,0.397419774864479,0.364997967360666,0.292781450877304,0.164585467706317,0.916642519692464
1348,0.539812649802832,23,0.563759175673075,0.532760346677229,0.466065896060873,0.243062016031556,0.916642519692464
1349,0.815508989619399,23,0.901327811274948,0.809926921727933,0.755819097460346,0.395750229053779,0.916642519692464
1350,1.05359453549345,23,1.15565390995964,1.06227383312159,0.85448884355619,0.496470313963827,0.916642519692464
1351,0.47142054276696,23,0.539462123490401,0.468205678027552,0.437151627215222,0.239508153993475,0.916642519692464
1352,0.717973620737786,23,0.820632456519449,0.725040322468422,0.58373408938147,0.31715154051688,0.916642519692464
1353,0.78448025074634,23,0.920214383443509,0.798589753145827,0.63775332025229,0.359229486576594,0.916642519692464
1354,0.669397296399728,23,0.799827618601024,0.68823453096572,0.578144637707845,0.323332583502618,0.916642519692464
1355,0.911917137825301,23,1.01389052161951,0.927753510801907,0.766019468336247,0.423065709130527,0.916642519692464
1356,0.563653400279426,22,0.722495066778048,0.582474871042279,0.462204221954571,0.24797247457622,0.913826294231825
1357,0.688935675278274,22,0.89653573551423,0.719175186451433,0.586850727544015,0.317611427605418,0.913826294231825
1358,0.803853035822488,22,1.05835533238788,0.856784106601539,0.684540579194227,0.364390923261114,0.913826294231825
1359,1.01323090193833,22,1.20425343106374,1.02324770913329,0.85791537024947,0.470890815251761,0.913826294231825
1360,0.603604642698548,22,0.704848490748582,0.603177431580958,0.486580625606147,0.258539979800631,0.913826294231825
1361,1.12319946807666,22,1.2764983344901,1.13224939714568,0.88230214559023,0.501772811449399,0.913826294231825
1362,1.05866388079509,22,1.2995874089276,1.0968077079811,0.856460587283122,0.510365385325625,0.913826294231825
1363,1.42733721723489,22,1.6722363123097,1.46486110183353,1.15459633285719,0.668925461977826,0.913826294231825
1364,0.786080566289833,23,0.878761541970963,0.817821693667073,0.563306507583938,0.31732757840276,0.917534473195064
1365,1.01854271757246,23,1.10992006514777,1.06844544173067,0.793032078863467,0.447620763252164,0.917534473195064
1366,1.410985690231,23,1.52758549345263,1.47370592506724,1.0725488071294,0.644333787367436,0.917534473195064
1367,0.715754959116415,23,0.748758014558727,0.755720795845906,0.523472500308041,0.29498796160974,0.917534473195064
1368,0.480376121913624,23,0.498401061422735,0.482138440432449,0.397761782471971,0.219422398498337,0.917534473195064
1369,0.763408244348455,23,0.780569473885297,0.785611210475389,0.589859013392668,0.334672562437491,0.917534473195064
1370,0.763059130986679,25,0.827007916181581,0.807047972890779,0.667683502438372,0.38107520383549,0.919501066877566
1371,0.752699343428247,24,0.812686146180324,0.811920098345146,0.616041595528379,0.318889700837432,0.918177974828131
1372,0.287984807622999,24,0.344638613528221,0.321875326083855,0.287301718370393,0.159332458577879,0.918177974828131
1373,0.747992976391447,24,0.757127748894077,0.784013401518742,0.649353197506278,0.371384311463211,0.918177974828131
1374,1.3520444037344,24,1.37645568736415,1.43941758456226,1.28502704602243,0.716712881755737,0.918177974828131
1375,1.06954037788855,24,1.02976948008619,1.09219838456016,1.00637445391767,0.558340823274846,0.918177974828131
1376,0.915535108782879,24,0.854798264350576,0.971233973853756,0.799667621386092,0.4583503355505,0.918177974828131
1377,1.77426522627748,24,1.68461884984317,1.89379935038571,1.55617630300255,0.938577346375777,0.918177974828131
1378,0.889635251706338,24,0.786087282332612,0.918784514533728,0.781879254717509,0.447094631291378,0.918177974828131
1379,1.20411764753461,24,1.02110930937818,1.25723140751812,1.06690309195743,0.599072034151392,0.918177974828131
1380,0.932147602279776,24,0.863971272432816,1.01797324120025,0.837715658780512,0.481192812047696,0.918177974828131
1381,1.38544262422269,24,1.25575539180474,1.45312339171886,1.16394415128563,0.674298498545957,0.918177974828131
1382,1.00880450256029,24,0.925185513156306,1.08704186256669,0.888164853754509,0.52559166928596,0.918177974828131
1383,1.65510977787886,24,1.4411848607334,1.75907724125097,1.3625906074453,0.807895062967323,0.918177974828131
1384,0.641370260310659,24,0.636820253354243,0.720929958313922,0.452731590284466,0.277429416711866,0.918177974828131
1385,1.17092164445004,24,1.14910568106393,1.3267402387491,1.00052008991921,0.597014606518913,0.918177974828131
1386,0.974662504399526,24,0.990490493003904,1.0675399966934,0.810102644181624,0.441507055999876,0.918177974828131
1387,1.00998014928087,24,1.01309992527085,1.07627041301584,0.785585903863961,0.446158660280573,0.918177974828131
1388,1.05076433477912,24,1.11592269764172,1.15385887086844,0.957016780732635,0.549683216807183,0.918177974828131
1389,0.543698487090097,24,0.591944005634521,0.594191284682362,0.456760112025181,0.267463491774046,0.918177974828131
1390,1.29001098485124,26,1.32461881550175,1.374264646128,1.16966371768316,0.677022915299813,0.92317952261552
1391,0.876533603115249,25,0.988464132522075,0.94738141034187,0.861067610571455,0.499750046450011,0.920497222898941
1392,0.607119474141877,25,0.66609481694227,0.638867540733383,0.491921898453073,0.300732927148622,0.920497222898941
1393,0.782016033774209,25,0.923332574244768,0.823195620886148,0.712553511268725,0.419482612531324,0.920497222898941
1394,0.616329162107267,24,0.760102289938166,0.673992044734583,0.55713928574802,0.326923814679,0.919300116141812
1395,0.689836536184145,24,0.925844979313837,0.799455033234631,0.645678287360034,0.344260314664941,0.919300116141812
1396,0.79532942521907,24,1.14416633594858,0.887213477130518,0.626280409140066,0.370181256800813,0.919300116141812
1397,0.64379833359123,24,0.926806409302772,0.723353998241441,0.535988915584982,0.310257374338844,0.919300116141812
1398,0.661432397262451,24,1.00374444780633,0.72431114328272,0.546406991618418,0.29957799806257,0.919300116141812
1399,0.460024441074104,24,0.776743960521635,0.556282375216253,0.39432715060019,0.226036857028203,0.919300116141812
1400,0.533861611003877,24,0.840695716886419,0.571915052439218,0.436951996759948,0.243763624195423,0.919300116141812
1401,0.0840891835270631,22,0.169555274144136,0.0946083273593455,0.078422346098657,0.0436142724307366,0.908887722870713
1402,0.695448530337317,22,1.20570646502734,0.716439305440214,0.618377709074225,0.35989395599584,0.908887722870713
1403,0.700189168021694,21,1.21314709512465,0.693943562447282,0.482685927900282,0.275970121839709,0.910241146437135
1404,0.772845779024971,21,1.35588779651004,0.817204345918608,0.594258701336486,0.329639456154275,0.910241146437135
1405,0.673697936555376,21,1.19641216452922,0.717387915807775,0.548685492304952,0.312803555471317,0.910241146437135
1406,0.431853649018152,21,0.749209845847072,0.465862783129023,0.30657870958474,0.173091715993326,0.910241146437135
1407,0.567811932456027,21,1.12627364504528,0.657091786240416,0.390940193755009,0.22651680760557,0.910241146437135
1408,0.424275508084353,21,0.728319117623756,0.474996485463837,0.303000609334716,0.194098440648535,0.910241146437135
1409,0.511815434768671,21,0.832366893512833,0.557317632692344,0.413526923546673,0.245971249911011,0.910241146437135
1410,0.629588464738279,21,1.30693249232265,0.740137546195851,0.533430974693203,0.32467541512717,0.910241146437135
1411,0.574296286273677,21,0.995123079329658,0.607354900317335,0.506674595478241,0.275397361449047,0.910241146437135
1412,0.483976587336909,21,0.836184283823743,0.540804484657636,0.449278945714514,0.250227219431556,0.910241146437135
1413,0.529061502096834,21,0.877984762643666,0.578281607098348,0.52632281440233,0.291911829582073,0.910241146437135
1414,0.743526817391575,21,1.23748305114932,0.7917824862895,0.683904347530194,0.402114016064611,0.910241146437135
1415,0.966323006218926,21,1.34861424421553,0.999862204161494,0.86906245676417,0.511898986646644,0.910241146437135
1416,0.262651486570518,22,0.344658395166049,0.284333284835304,0.248155410156521,0.135629160105835,0.91311519963101
1417,0.669239761389872,22,0.964904727116251,0.715146942058669,0.593934323343102,0.342824074279884,0.91311519963101
1418,0.614176029196871,22,0.778578812136868,0.624529139965728,0.546272993279665,0.301156233391345,0.91311519963101
1419,0.531664653479257,22,0.689884155407476,0.567180688252894,0.467508099915167,0.256137309078235,0.91311519963101
1420,0.616607592389969,22,0.768318716831001,0.650396955367554,0.560614379422499,0.314073756891477,0.91311519963101
1421,0.483671620379541,22,0.518947143059091,0.502923475138112,0.460541567649695,0.24667228351987,0.91311519963101
1422,1.38219805375338,22,1.60126977648439,1.48727850351193,1.21146530894968,0.709063087267289,0.91311519963101
1423,1.25478075361308,22,1.40217867417022,1.3174040936268,1.13918459537288,0.654409025925146,0.91311519963101
1424,1.80688459177544,22,1.90967680874436,1.91850128203922,1.62681099615895,0.913533175864366,0.91311519963101
1425,0.597681167749151,22,0.631711859483074,0.637023752851755,0.602929214499284,0.31950924146103,0.91311519963101
1426,0.514332276158877,22,0.524364315889338,0.558607009296245,0.418269140870576,0.234341809437079,0.91311519963101
1427,0.450412843995883,22,0.465205870878044,0.504968742942467,0.437612823058698,0.254601851865173,0.91311519963101
1428,1.24782957553591,22,1.23413071368466,1.2903908438839,1.10240427555599,0.607466517152171,0.91311519963101
1429,1.48840675793007,22,1.4871508795701,1.64214761334887,1.2631071628763,0.72088552720359,0.91311519963101
1430,1.08469967363939,22,1.07922143442982,1.18631905244057,0.98936352710233,0.552100507744131,0.91311519963101
1431,0.584738199846325,22,0.581813232732591,0.64789610385123,0.487412082889932,0.27544855039405,0.91311519963101
1432,1.29504357503954,21,1.30957926330538,1.4723624418678,1.11935277679532,0.631514214359042,0.910099404032764
1433,0.932961057390132,21,0.876606394827212,1.02732330193655,0.862076810167805,0.494194446147165,0.910099404032764
1434,0.998899707456747,21,1.01088691560968,1.15735598406486,0.990482200750513,0.598335880747876,0.910099404032764
1435,1.06998018953661,21,1.07489195082652,1.21019889380826,0.962448792758375,0.55893477410547,0.910099404032764
1436,0.696590265882232,21,0.703589443983657,0.772439892124789,0.673915025682673,0.385197719135041,0.910099404032764
1437,1.29733523739317,22,1.28961904891597,1.47443297890185,1.18023637091645,0.618942634228632,0.915284789560748
1438,0.714230077344223,22,0.687295684094891,0.771587291267773,0.593501282837633,0.340591337703699,0.915284789560748
1439,0.778107065807089,22,0.740167341776269,0.849576654682192,0.705342294328083,0.395224667534627,0.915284789560748
1440,1.2946634132668,22,1.22783038932123,1.3879272501196,1.21040314418774,0.676456118608187,0.915284789560748
1441,0.902448370401324,22,0.887530197655407,0.991914212237454,0.817674643441447,0.448334891624535,0.915284789560748
1442,0.825192937803133,22,0.770551058558771,0.898592478269889,0.794359842112578,0.432683993730139,0.915284789560748
1443,1.31493072372954,22,1.36738022070182,1.51397605544992,1.17431017861355,0.648494809531414,0.915284789560748
1444,1.0931707434674,22,1.14504869387629,1.22685183381596,0.969141425666866,0.547171940477203,0.915284789560748
1445,1.09634498789417,22,1.126654882181,1.20644517819653,1.02532046537473,0.565977299152889,0.915284789560748
1446,0.900765094042678,22,0.912333869082541,0.978910206564554,0.866024841771418,0.448099896288748,0.915284789560748
1447,0.991775429224954,22,1.06833741840164,1.06324130544161,0.937713252567868,0.537468427407781,0.915284789560748
1448,0.950194425935071,22,1.04587649570911,1.018073291886,0.853453021101908,0.485705632638546,0.915284789560748
1449,0.981342484353613,22,1.09140190771111,1.05474886746762,0.837154925188717,0.490916216803081,0.915284789560748
1450,1.05488540441837,23,1.1801201913261,1.13971297360615,0.939701268671719,0.545497832906802,0.917149329004238
1451,0.685584670509601,23,0.75048715079601,0.717667093978557,0.583021112337967,0.320563403823006,0.917149329004238
1452,0.736836929745236,25,0.883466279727618,0.803730983629203,0.722007958665112,0.405502685471575,0.924730754719185
1453,0.427957045095392,25,0.468377169425573,0.458530063818025,0.452598521623779,0.229862083373489,0.924730754719185
1454,0.558855857361449,25,0.666450454773095,0.61378449868417,0.581886096509272,0.321250888212151,0.924730754719185
1455,0.183594168310976,26,0.210917136992443,0.209575409885657,0.133236005216919,0.0922165327227312,0.926405305182304
1456,0.614668962018347,26,0.692211476141926,0.671957564824097,0.58839111452949,0.334801718328928,0.926405305182304
1457,1.33680444926403,26,1.56143082874467,1.54842619072919,1.23693988327462,0.709989412333005,0.926405305182304
1458,0.783985044272153,26,0.964150827366015,0.900340000398455,0.83505170916508,0.469938675804375,0.926405305182304
1459,1.47663188598558,27,1.72879400784439,1.72189202736008,1.38413866883217,0.803136995197454,0.928699752417855
1460,1.22707661452083,27,1.37448775250986,1.33237611249959,1.10176560863654,0.61034472140072,0.928699752417855
1461,0.951932729185862,28,1.09249482208734,1.05552799566545,0.942543302088009,0.523360756483754,0.932173259263939
1462,0.870305019159163,28,0.927684455410061,0.94867962771053,0.810639599189248,0.449445717586456,0.932173259263939
1463,1.00459406917779,28,1.11832210746995,1.07987620587768,0.931688832300274,0.503271356554531,0.932173259263939
1464,0.79579720467093,28,0.877870831800604,0.885937044972298,0.69827592865799,0.381073637591728,0.932173259263939
1465,0.883211035417379,28,0.987657147703007,0.951718355364932,0.852376401886129,0.463371224994347,0.932173259263939
1466,0.918878857763855,28,1.05467180271674,1.02133934790084,0.881431644960163,0.468648605019727,0.932173259263939
1467,0.807807752008155,28,0.962442002288615,0.895250813585008,0.780118103993648,0.433847110192542,0.932173259263939
1468,0.774113552862409,28,0.895763811510019,0.852204823366532,0.760053576689154,0.408632730844721,0.932173259263939
1469,0.783339388119516,28,0.944469383110754,0.904056336728805,0.727862545874575,0.407294257372191,0.932173259263939
1470,0.755539159025396,28,0.907442627275071,0.773972523770895,0.756196852627163,0.412790744054071,0.932173259263939
1471,0.592522816217197,28,0.687800124033877,0.649853741924726,0.553166351731685,0.306104474830212,0.932173259263939
1472,0.419966574414385,28,0.459192932053348,0.440561950069399,0.403937510743809,0.212626134047278,0.932173259263939
1473,0.582665620277192,28,0.686603589118943,0.631519495835621,0.543594809708799,0.286767055889672,0.932173259263939
1474,0.471168824173893,28,0.494659239349765,0.479019555630195,0.41954769761076,0.231791646575579,0.932173259263939
1475,0.905085373258752,28,0.951819111318874,1.01250013839819,0.78426213794462,0.465915156505316,0.932173259263939
1476,1.14426185355028,28,1.18701625144216,1.24386979315378,1.07953847497643,0.627640977538236,0.932173259263939
1477,1.4646643274956,28,1.49925551679196,1.6083681839194,1.33752288398394,0.72903274793806,0.932173259263939
1478,1.21185315648348,28,1.17341977745507,1.21745485715618,1.12327316397999,0.584946562643741,0.932173259263939
1479,0.923992481017911,28,0.956033279476258,0.997657526186887,0.891082881741484,0.495342289297648,0.932173259263939
1480,1.24651259327898,28,1.21556008966055,1.33940238764827,1.17642263817759,0.664258020766694,0.932173259263939
1481,1.03904909419804,28,1.02746685794111,1.154534763718,0.885712502849553,0.493578970413145,0.932173259263939
1482,1.15049723979081,28,1.11233964865831,1.25449016235076,0.998370182132345,0.57924433701075,0.932173259263939
1483,0.97519904875506,28,0.889052900642941,1.04485135038983,0.889591820039307,0.490079583753452,0.932173259263939
1484,1.18374113151619,28,1.12773009705616,1.31933890648085,1.06167262820037,0.604656861669762,0.932173259263939
1485,1.16700544826332,27,1.13645017369485,1.25809631139143,1.02141910115242,0.553456418417128,0.9312918164125
1486,0.542167911912311,27,0.527444751450686,0.566242093677562,0.458837080195546,0.246998525573045,0.9312918164125
1487,1.20285292898436,27,1.18438115971217,1.32204068797759,1.02103924336148,0.571221158880457,0.9312918164125
1488,1.10982654066782,27,1.11366230174723,1.18367412617167,0.907483847885672,0.5177856957211,0.9312918164125
1489,0.994360926339089,27,1.01718121420577,1.09582448941146,0.891773265435102,0.477463253535875,0.9312918164125
1490,0.688248152236772,28,0.682316947512272,0.724536067505643,0.622217103809941,0.327001972796238,0.934072391774143
1491,0.619536025228326,28,0.628116098545374,0.672177222026222,0.51621020462651,0.283744727013732,0.934072391774143
1492,0.953001085456448,28,1.01280480757323,1.0919191851726,0.811455195685176,0.468529616574641,0.934072391774143
1493,1.33745392358687,28,1.39999884817511,1.42531887456328,1.1188156926099,0.608861695930806,0.934072391774143
1494,0.963156063386414,28,1.0006981558316,1.01701472679523,0.811989190601712,0.464606951586367,0.934072391774143
1495,1.06232275677642,28,1.11770805108891,1.14222402543997,0.961109947958809,0.537612576862578,0.934072391774143
1496,0.861795467704401,28,0.90711354953255,0.904458567034444,0.784840157633381,0.433226864766407,0.934072391774143
1497,0.834588643267754,28,0.883561986352479,0.899588172857272,0.750568143622741,0.420233094741747,0.934072391774143
1498,1.00040246285115,28,1.10109075858411,1.07160566311932,0.974497217987905,0.548265735144361,0.934072391774143
1499,0.878111594713186,28,0.910291262983752,0.897244786593763,0.814907320305252,0.454421591880724,0.934072391774143
1500,0.971702930724526,28,0.980303409305507,1.01115095570389,0.858868455814621,0.459253028045613,0.934072391774143
1501,0.550379148881438,27,0.563738281632493,0.554533163339319,0.497854531406692,0.269617313067179,0.931536245059308
1502,0.98326491403359,27,1.02815600012939,1.03354507280535,0.873132589082899,0.4786259451614,0.931536245059308
1503,0.953041407887408,27,0.983088423861827,1.00686391060971,0.827319274475386,0.473439563659603,0.931536245059308
1504,0.773262792122737,27,0.766077361947117,0.815122480612028,0.600607215760891,0.343164623802943,0.931536245059308
1505,0.630252400949384,27,0.599816938660799,0.656142098108767,0.542821728827414,0.303269648461799,0.931536245059308
1506,1.04444788699031,27,0.978829595209568,1.10493278691462,0.84314731342853,0.500012739266364,0.931536245059308
1507,1.22561760812835,27,1.18572043682013,1.32860481846549,0.892744693271716,0.514736191810648,0.931536245059308
1508,1.39625762228254,27,1.34530495224799,1.52399117101477,1.11488491562123,0.677191651873656,0.931536245059308
1509,0.766844303524347,27,0.698467322569727,0.830235583003686,0.667941219019879,0.386423653101191,0.931536245059308
1510,1.35439600875548,27,1.29422548111123,1.48863088509601,1.06929466844494,0.620841900127934,0.931536245059308
1511,1.1544238637885,27,1.10277990272069,1.20233605888608,0.960343897861021,0.554430528550069,0.931536245059308
1512,1.0497321650944,27,0.961803293077363,1.10934811477574,0.938558885183438,0.505670253123629,0.931536245059308
1513,1.30484615332645,27,1.20330871084106,1.33404083734449,1.03965406394667,0.597433941711537,0.931536245059308
1514,1.31598488398319,27,1.15487543754725,1.36053298885701,1.03994451185108,0.600753077836192,0.931536245059308
1515,1.06808705337821,27,0.952218767577208,1.10562710628973,0.824389557537477,0.472818253601459,0.931536245059308
1516,1.36991087390072,27,1.2730108924411,1.4328755890165,1.09315362953123,0.626872944024592,0.931536245059308
1517,1.22831220786078,27,1.10104498738838,1.27217109216214,0.94471099513509,0.54236320088323,0.931536245059308
1518,0.8786351373021,27,0.832697711026982,0.896680747554809,0.741123428695905,0.421900627493618,0.931536245059308
1519,1.0086019231861,27,0.92355033925897,1.0086748758852,0.830494021769789,0.470415066958776,0.931536245059308
1520,0.48612488586123,26,0.453150017675791,0.492477959111971,0.402791124970652,0.222633919644067,0.929109335819301
1521,0.661249287784556,26,0.611676189517045,0.68360708752998,0.523278994534714,0.297657453850963,0.929109335819301
1522,0.799799584582996,26,0.777843855432978,0.818164594898177,0.693460708610757,0.39428113628656,0.929109335819301
1523,0.954796057316043,26,0.889223862039788,0.978446538905264,0.751240126635732,0.443413561609561,0.929109335819301
1524,1.47449307108058,26,1.36086822264544,1.50261814485268,1.16555663780397,0.699915987756799,0.929109335819301
1525,0.765087518058047,25,0.724823239331259,0.763786793988343,0.638182361031646,0.360594464949539,0.929246965773864
1526,0.760774019497652,25,0.70807636601525,0.745677176615386,0.64345276211213,0.376128040338505,0.929246965773864
1527,0.990886004127096,25,0.930524521082994,0.986263687805846,0.845417165638825,0.510959037077014,0.929246965773864
1528,1.5249498128341,25,1.39007537376143,1.52752739858042,1.27235054362386,0.75719289638414,0.929246965773864
1529,1.22905414873776,25,1.14359830522145,1.21372036222059,1.03995803391559,0.613656857310615,0.929246965773864
1530,1.49213460718634,25,1.3819015457529,1.49511040229556,1.18879775646955,0.750090480061243,0.929246965773864
1531,1.11217232916838,25,1.0275880768556,1.10915858885232,0.923076325850152,0.520660816152296,0.929246965773864
1532,1.52998588156364,27,1.42884232370138,1.55081430337044,1.2453833774061,0.727688020321235,0.93053604633325
1533,0.977212387337637,27,0.890696327915209,0.975083443550556,0.782488464136823,0.450497403443001,0.93053604633325
1534,0.764522143841046,27,0.72664614898355,0.770732266353595,0.636700438506719,0.355080422818144,0.93053604633325
1535,0.613860934866571,27,0.586361991838302,0.617489612315073,0.501631731458893,0.275065258188524,0.93053604633325
1536,0.762257647822668,27,0.744126259254928,0.777021375275816,0.574201051526379,0.340037585467585,0.93053604633325
1537,0.898526323983265,27,0.859769554909075,0.89617214170163,0.715275232012637,0.416511812312949,0.93053604633325
1538,0.683426468543912,27,0.666084432389622,0.682146254082281,0.581949649216196,0.337928139384679,0.93053604633325
1539,0.673095168126282,27,0.68249686673871,0.714110314669189,0.61374703011221,0.357103782579915,0.93053604633325
1540,1.04831328223885,27,0.995505002218721,0.969346882075227,0.775980588950996,0.452347221504584,0.93053604633325
1541,1.61774202452907,23,1.57952335585523,1.64473343998343,1.3903971920871,0.756065840363142,0.928729793471341
1542,1.12371992263121,23,1.05314597102123,1.14538206542491,0.982834057409714,0.541459935733765,0.928729793471341
1543,1.6937578815257,23,1.67209285786692,1.77104827533725,1.42058154871276,0.778881634401684,0.928729793471341
1544,1.08363054168038,23,1.04412343646341,1.10399937640625,0.909024557165052,0.527836200226108,0.928729793471341
1545,0.984776834356878,23,0.921294302113726,0.961058272926016,0.881480112004505,0.471865025829421,0.928729793471341
1546,0.905742332325154,23,0.891667336324607,0.937520262615831,0.802237085057268,0.444153875911775,0.928729793471341
1547,0.733764849612545,23,0.754442249076707,0.751829153852987,0.664430935138198,0.374027326539689,0.928729793471341
1548,0.840900562305975,23,0.931181385359316,0.875362342363985,0.815222445113552,0.462862583565948,0.928729793471341
1549,0.995889865295561,23,1.03114826823587,1.00453304632827,0.84708206762576,0.48630771719848,0.928729793471341
1550,0.892457753739736,24,0.89894370279652,0.943350468891948,0.790703368705057,0.44633988927938,0.931405240817472
1551,0.642648893970833,24,0.635971248242335,0.658026027574479,0.555495554152947,0.300040274004208,0.931405240817472
1552,0.640423223186458,24,0.590609340151519,0.661148095459436,0.590132544996689,0.318641299719199,0.931405240817472
1553,1.13202919056965,24,1.22619489853544,1.23626991479172,0.994639017534008,0.544456704104426,0.931405240817472
1554,1.15742897017505,24,1.21715124477056,1.24931723994472,1.06327600575462,0.613195252538902,0.931405240817472
1555,0.912886565272551,24,0.897062474373004,0.948574721598735,0.797249136673722,0.46036706888327,0.931405240817472
1556,1.30733786098762,24,1.35771054980086,1.40192427107871,1.19147785799871,0.708028990614399,0.931405240817472
1557,1.06499933525546,23,1.01005453046169,1.10024897814569,0.981932294325871,0.549272134494399,0.930865957483873
1558,0.869301205652998,23,0.934499037493418,0.938034650466163,0.81764767033353,0.44201301038905,0.930865957483873
1559,0.973211943066491,23,1.01717926665738,0.991375749935132,0.898512870459615,0.530811258318878,0.930865957483873
1560,0.972578483555542,23,0.985353558880157,1.00126512962333,0.904165081240665,0.543065703947328,0.930865957483873
1561,1.47831091436732,24,1.54335022748083,1.54673235728711,1.29883106537827,0.733440705517227,0.934009307756534
1562,0.796009484495309,24,0.85920430536672,0.851304999001402,0.725743581068202,0.405253211255533,0.934009307756534
1563,0.685533186612496,24,0.874476861362844,0.731224916274532,0.750669859190377,0.428755614450814,0.934009307756534
1564,0.954746067232982,24,1.1490161839958,1.08758895367402,0.891740373153695,0.512571270473599,0.934009307756534
1565,0.81310432639156,24,0.904434024752684,0.86359208416245,0.734485589890398,0.417970087269897,0.934009307756534
1566,0.418168889620254,24,0.475322380367621,0.463575235759359,0.39385915528552,0.216994730526116,0.934009307756534
1567,0.720194370512216,24,0.782286345950608,0.723055567035371,0.668772337585204,0.350970915017079,0.934009307756534
1568,0.509636780284166,24,0.553258138590254,0.536965187978851,0.500981675455316,0.263217587542675,0.934009307756534
1569,0.872582254660164,24,0.935098076304884,0.89904637984452,0.740830817526727,0.383407223822016,0.934009307756534
1570,1.05329276025538,24,1.14814015611624,1.05291828211075,0.876215441220519,0.489378055396785,0.934009307756534
1571,0.876631770132528,24,0.921576534526798,0.901609702693179,0.799131825340137,0.456319989797403,0.934009307756534
1572,0.554252957036728,24,0.640991489930892,0.619466453186505,0.503444079314599,0.270924481553384,0.934009307756534
1573,0.872238090697762,24,0.948508580459046,0.928467804566505,0.777240969164541,0.436285026789002,0.934009307756534
1574,0.822394941425526,24,0.866517220321333,0.860538692669435,0.768473062194565,0.44545743114427,0.934009307756534
1575,0.922189860825938,24,0.850011956848051,0.946562202624223,0.806298394218807,0.47165129175021,0.934009307756534
1576,1.38418479410997,24,1.31488397293483,1.44596596027144,1.2497623736646,0.723918000521104,0.934009307756534
1577,1.57544866841009,24,1.50825668324553,1.66063214938169,1.3956498639076,0.798669206799273,0.934009307756534
1578,1.29015695232309,24,1.21120051499976,1.35863420821488,1.18034714980381,0.673658111483397,0.934009307756534
1579,1.34367392005006,24,1.34792650289935,1.43514223687483,1.19211707815848,0.674684337142879,0.934009307756534
1580,0.901004794557911,24,0.849458323396119,0.945689918395245,0.801548326008271,0.460740245009558,0.934009307756534
1581,1.09792833326543,24,1.0833050596378,1.15128444065518,1.00317806456582,0.567636363427852,0.934009307756534
1582,0.805913736877033,24,0.777338285867053,0.839438257414028,0.716337464396498,0.392738157384343,0.934009307756534
1583,1.25769654685969,24,1.29929845537485,1.31530188732974,1.1633724094058,0.648678986645209,0.934009307756534
1584,1.17200767151586,24,1.18992563852044,1.23884281524506,1.07720652143394,0.603424229402414,0.934009307756534
1585,1.36438709258657,24,1.45955658195728,1.45307250867848,1.26657749846947,0.72177034988765,0.934009307756534
1586,0.605263425591112,24,0.676842320455217,0.664391437697686,0.566030473160799,0.319556152003721,0.934009307756534
1587,0.235989536830884,24,0.255008467639952,0.249808917634976,0.252553625789055,0.139324114390474,0.934009307756534
1588,0.484012998733735,24,0.54676953606258,0.518030634166467,0.4876558727298,0.279974771019161,0.934009307756534
1589,0.515391399858176,24,0.565870285530576,0.551371746718321,0.420593868504055,0.226401780568176,0.934009307756534
1590,1.14726748940237,24,1.36167208930263,1.25632639322948,1.06344472816183,0.607445410186049,0.934009307756534
1591,0.757522141350775,24,0.864852795720097,0.832189279142949,0.752218793653608,0.416800705354296,0.934009307756534
1592,0.784159100349058,25,0.896885706953123,0.851161333663211,0.72971279732427,0.399396827870322,0.936155532423601
1593,0.863597710645733,25,1.04184137764244,1.01056632513486,0.824153621251824,0.452967786106088,0.936155532423601
1594,1.14871826027002,25,1.31482197330261,1.25214295331997,1.09642093999765,0.648516134128989,0.936155532423601
1595,0.812515802044242,25,0.932848975098949,0.898936245246036,0.793815205754572,0.475256894689863,0.936155532423601
1596,0.77859984483179,25,0.843796831389638,0.835052304739652,0.767588392081766,0.427796749504993,0.936155532423601
1597,0.582091609771773,25,0.652760850375748,0.63625526029803,0.531176528939251,0.296585889206867,0.936155532423601
1598,0.693397217351865,25,0.729433762189378,0.7274982397728,0.624906821560345,0.341510258716836,0.936155532423601
1599,0.537501028036452,25,0.563802639030265,0.582200933257654,0.465095468641158,0.264010103777474,0.936155532423601
1600,1.18735780966352,27,1.24732495711531,1.29887890770541,1.09034162516097,0.634750275790466,0.941181212803841
1601,1.22165248127132,27,1.27381866068352,1.34044720634341,1.1097840884726,0.632335669519119,0.941181212803841
1602,1.35086622427307,27,1.41857523944744,1.51570945870859,1.24091370164428,0.743296721315832,0.941181212803841
1603,1.20160963746644,26,1.28576196002948,1.37215083557152,1.02776172656314,0.584793828753326,0.9379696108032
1604,1.086697910166,26,1.15328148061388,1.23473503885338,0.959229346706706,0.567010570049785,0.9379696108032
1605,1.43065270037003,26,1.51430102934359,1.57328638780814,1.28019539862707,0.720362059670439,0.9379696108032
1606,0.636744765846165,26,0.683537628481378,0.704556232497039,0.471736884816298,0.314201774336099,0.9379696108032
1607,0.799935212239373,26,0.882869169051432,0.907865584201368,0.722276720661217,0.400573743794756,0.9379696108032
1608,0.552972518088147,26,0.626787999837843,0.628643567659619,0.487744486750399,0.281523303349961,0.9379696108032
1609,0.647961742090827,26,0.72227054991405,0.715509700412302,0.568314003258977,0.33164833893373,0.9379696108032
1610,0.525289209949487,27,0.558771951654175,0.554730658540904,0.46618750298742,0.26461135273951,0.94078401603941
1611,0.885392047234625,27,1.00823425526248,0.989118941983222,0.797294427905676,0.461483056618688,0.94078401603941
1612,0.825687385199993,28,0.963022393815691,0.923516422772208,0.765993594702986,0.411323133751365,0.942516522869298
1613,1.17096923992877,28,1.49058219536277,1.47167460578573,1.11887544948879,0.636461992448944,0.942516522869298
1614,0.769121227338362,28,0.932499894985242,0.897553421522018,0.729824794809372,0.415567642732596,0.942516522869298
1615,0.840099455288056,28,1.12431039308793,1.01952250502369,0.817921370161637,0.452843984550909,0.942516522869298
1616,0.503470736737746,28,0.689748766614943,0.649192683445786,0.478899487623581,0.280567183537221,0.942516522869298
1617,0.977646347428026,28,1.34426380699402,1.10911725282595,0.97024721689342,0.558691083413989,0.942516522869298
1618,0.644083824975898,28,0.853736426726212,0.757800415110484,0.602461357844786,0.339709923151322,0.942516522869298
1619,0.782842710938049,28,1.03177776664334,0.909593523886706,0.609623187626884,0.366749960892742,0.942516522869298
1620,0.506903931929759,28,0.663405193962339,0.548355439927193,0.463254926761378,0.267755718503814,0.942516522869298
1621,0.543844560047125,28,0.755701333170567,0.628353873051978,0.468140610477024,0.276286665736472,0.942516522869298
1622,0.930472143967084,28,1.25368826460398,1.06532631239311,0.813664464053154,0.471712171460548,0.942516522869298
1623,0.683120960329288,29,1.03528284050303,0.784222404677288,0.60982312115377,0.342163038948302,0.943138366426825
1624,0.690464338780359,28,1.00478092338117,0.819295316036098,0.648114816768847,0.368205839291455,0.941434311325136
1625,0.426877700883247,28,0.694531120305481,0.569218988040013,0.364949699349882,0.208940712137815,0.941434311325136
1626,0.91779634828148,28,1.40168928750333,1.10131274947506,0.810342740459682,0.44788413275591,0.941434311325136
1627,0.512492740049178,28,0.814100079893507,0.609758102235861,0.447461111506932,0.261355870379382,0.941434311325136
1628,0.574724708133653,28,0.954623006740448,0.701608639295689,0.496393108245073,0.278693273036452,0.941434311325136
1629,0.736717009462328,28,1.22366659413296,0.884184029988755,0.682118655131793,0.379856430251291,0.941434311325136
1630,0.607890601517439,28,0.964511639626603,0.711943603440622,0.510342794907441,0.287917514845604,0.941434311325136
1631,0.536028831102392,28,0.838781167255369,0.6456886005945,0.436692276856769,0.252150507833716,0.941434311325136
1632,0.51136730196445,28,0.78486888968159,0.599574128748187,0.482327574424233,0.268612147351877,0.941434311325136
1633,0.515005979535594,28,0.799383092939072,0.611269359211824,0.489982931104763,0.262847102178401,0.941434311325136
1634,0.455255722374386,28,0.670038922975194,0.542722493412246,0.449838736310191,0.236087360484252,0.941434311325136
1635,0.634077978210067,28,0.990058118008609,0.777744607956478,0.562481583459441,0.305331344564724,0.941434311325136
1636,0.609600446584663,28,0.910568997326037,0.743542800834464,0.592021831703513,0.323211032393009,0.941434311325136
1637,0.388875847899665,28,0.533096222437598,0.454285472953618,0.361687596819698,0.196773214349281,0.941434311325136
1638,0.242773057085215,28,0.293438998867095,0.268241852613102,0.200636873622784,0.108907810491949,0.941434311325136
1639,1.09725855125114,31,1.46243348507447,1.2961836752336,1.04902621592534,0.606554947948985,0.945332961190155
1640,0.934877504817194,31,1.20130026840696,1.12978348645518,0.928956168648087,0.519210706682998,0.945332961190155
1641,1.02073667526629,31,1.22717812409029,1.21423251944154,1.05258554366388,0.560139071464522,0.945332961190155
1642,1.1851338090119,31,1.4123520180111,1.40941803733645,1.08605157256542,0.623593906109199,0.945332961190155
1643,0.927567362204516,31,1.05960323272529,1.05892968828075,0.963036807282079,0.533450245353,0.945332961190155
1644,0.760759564832033,31,0.926137013612881,0.883757333423853,0.7105448259686,0.435920468291446,0.945332961190155
1645,1.16916290730105,31,1.36581736561887,1.34256188800818,1.13567172508111,0.688862662925729,0.945332961190155
1646,0.760532317854473,31,0.913955204728248,0.865439394606595,0.723657125100079,0.404170509558727,0.945332961190155
1647,0.961920423376256,31,1.1080708984104,1.12094740487525,0.932351982158199,0.538354439559419,0.945332961190155
1648,0.556244756347815,31,0.638482119703073,0.634590854021819,0.559653097971946,0.314192356059867,0.945332961190155
1649,1.11085458640787,31,1.32088777375153,1.31612804202912,1.16547648100502,0.635837209497019,0.945332961190155
1650,0.525109118856676,32,0.644289543370674,0.610294278342059,0.527725278337431,0.29761585093077,0.946294911707939
1651,0.672830944810829,32,0.827420706080886,0.787996841419682,0.673808290741867,0.397467012936435,0.946294911707939
1652,0.633776076002033,32,0.809865721632102,0.758411458040712,0.740637411202639,0.408741807424115,0.946294911707939
1653,0.414737891943872,32,0.558365450577154,0.492117698549355,0.397486766612151,0.216163614113867,0.946294911707939
1654,0.549518622396535,32,0.715583378606323,0.609222588504045,0.551009260683019,0.302807933733813,0.946294911707939
1655,0.871991443393305,32,1.15653371360886,1.01977074799306,0.90005316194313,0.502209196782668,0.946294911707939
1656,1.1304839125349,32,1.41712077674863,1.32596203883395,1.12392197186957,0.633492409176994,0.946294911707939
1657,0.815272202832282,32,1.02395983687658,0.924307755739921,0.733627026090929,0.437621497164629,0.946294911707939
1658,1.06117716969635,32,1.3351232950355,1.16589437022376,1.05156631256212,0.590585765901282,0.946294911707939
1659,0.898296887168327,32,1.13322492796986,1.02432836053215,0.881031237739542,0.525161382718296,0.946294911707939
1660,0.59517517641353,32,0.729680661920249,0.671900963943174,0.615918630498333,0.347481600017057,0.946294911707939
1661,0.71648478062918,32,0.983224015008542,0.831637759294626,0.724791266520948,0.40289656400049,0.946294911707939
1662,0.72522159080558,32,0.917483036551958,0.820283356607049,0.741639131464893,0.428297901842607,0.946294911707939
1663,0.630209719908167,32,0.830778261954499,0.705396285360608,0.643502820561223,0.369938371562775,0.946294911707939
1664,0.749835956860195,32,0.976729834898781,0.828173746568406,0.741700442073841,0.408337886146946,0.946294911707939
1665,0.863377367960166,32,1.1638026866489,1.00402702395307,0.916479829211948,0.528447234029827,0.946294911707939
1666,0.595811600927875,32,0.776136184757024,0.649180245531026,0.613286628571974,0.341644543089593,0.946294911707939
1667,0.880152916136921,31,1.16666351962776,1.00757120395622,0.81624950067747,0.503630623574125,0.94500011034501
1668,0.820426003015922,31,1.13131139444406,0.912832482899219,0.878880574081807,0.473874855636781,0.94500011034501
1669,0.965617178866811,31,1.30281962301575,1.10055435066686,0.871303589076271,0.512791918106086,0.94500011034501
1670,0.464593639524655,31,0.587526546462685,0.489416207510751,0.408192795442621,0.233686235573172,0.94500011034501
1671,0.816080082044169,31,1.1272488717426,0.886803899354737,0.738316406458234,0.423829293830316,0.94500011034501
1672,0.529479925241961,31,0.674473556878513,0.535936671282467,0.518482971337634,0.284956312805114,0.94500011034501
1673,0.863000510095844,31,1.06758605852013,0.917708893117965,0.802825361584213,0.461751360623798,0.94500011034501
1674,0.563887675577833,31,0.723326946281842,0.616458861275696,0.527269207780652,0.315202107072934,0.94500011034501
1675,0.698056781291461,31,0.787600731900349,0.754517972623998,0.661457335829706,0.391680905530798,0.94500011034501
1676,0.233275143530105,31,0.274010366757035,0.246802703745225,0.261418177844684,0.14108866445207,0.94500011034501
1677,0.877801351551606,31,1.03639108541109,0.848934899834994,0.810328701612411,0.462599367093926,0.94500011034501
1678,0.6147097015339,31,0.682750522912603,0.538493155941724,0.602507213051189,0.331425674691389,0.94500011034501
1679,0.570095866238594,31,0.660584116850217,0.535659689888061,0.584356407411843,0.329357261159095,0.94500011034501
1680,1.42801115184428,32,1.49882347525306,1.4069158403535,1.35538758995661,0.73316198710836,0.946394160859851
1681,1.32047828591463,32,1.35999245051646,1.30990475920293,1.22757949416861,0.707727128549584,0.946394160859851
1682,0.9451775892487,32,1.01144386510605,0.908069997752468,0.927010677559178,0.517443886092903,0.946394160859851
1683,1.07856452977646,32,1.03726244512768,1.10801022214297,1.04943574724601,0.603344227644345,0.946394160859851
1684,2.03503231013937,32,1.96103855237363,2.10272338497572,2.01189679505433,1.19091217231882,0.946394160859851
1685,0.672846327091849,32,0.671973511522881,0.68037107695308,0.666728598484278,0.371230493103369,0.946394160859851
1686,0.932877572039269,32,0.915244645524469,0.928831175268441,0.947037741587929,0.553000633247546,0.946394160859851
1687,0.73472603084079,32,0.722664951111813,0.767188071873629,0.771479222991554,0.445752672105253,0.946394160859851
1688,0.738144088614823,32,0.682221347310657,0.748058308449129,0.772729150361356,0.439621464614498,0.946394160859851
1689,1.09614418443366,32,1.1013457994286,1.1406130192434,1.13512236094822,0.654137967853157,0.946394160859851
1690,1.31208208289628,32,1.2715927575734,1.342859058941,1.36343682355752,0.804335464404061,0.946394160859851
1691,0.5721929468743,32,0.611660246428921,0.599581392073293,0.591173425764787,0.325027056641675,0.946394160859851
1692,1.07045697747791,32,1.05909220010721,1.07703945034391,1.10717470859667,0.615386112612353,0.946394160859851
1693,1.01645225035928,32,0.985959195184644,1.03028828908465,0.919199970822135,0.516758659660426,0.946394160859851
1694,0.739552244430995,32,0.849294333993594,0.795404265068053,0.775593850500865,0.46831511973982,0.946394160859851
1695,1.05493007737743,32,1.12038628188573,1.02693097656445,0.99360169763878,0.587712115383673,0.946394160859851
1696,0.950021732995513,32,0.991599961954975,0.961184986199854,0.940755776068318,0.546039516475954,0.946394160859851
1697,1.01818113158589,32,1.15898983238543,1.03418246625073,1.08566720632407,0.638174633481296,0.946394160859851
1698,0.921663277166965,32,0.964388761492719,0.910720592218494,0.948086653250456,0.551559650383549,0.946394160859851
1699,0.369714110172818,32,0.418473360992336,0.365923039465979,0.381197336984651,0.216905393219549,0.946394160859851
1700,0.963804386255375,32,1.00442419624275,0.984533714569419,1.06561119279214,0.60415134564893,0.946394160859851
1701,1.23099911707156,32,1.35813905562105,1.2211940291125,1.19236618764883,0.712501018260464,0.946394160859851
1702,1.53298543987027,32,1.77082926003723,1.47243227188513,1.53265534487233,0.934616009976524,0.946394160859851
1703,0.596640304587591,32,0.709931690287712,0.585787878419172,0.648601045572315,0.363422617403835,0.946394160859851
1704,1.11583415768465,32,1.30252062386561,0.984584619132924,1.13012116374365,0.664156226266414,0.946394160859851
1705,0.741331429494375,32,0.881323606812936,0.742748964604218,0.804210759040518,0.466812541159846,0.946394160859851
1706,0.798293440901272,32,0.911948324313881,0.704141654473871,0.826589303970084,0.488388704006215,0.946394160859851
1707,0.653144659142847,32,0.734242350606651,0.634889526230219,0.674584913000134,0.397552714440922,0.946394160859851
1708,0.49031371955877,32,0.560818034117582,0.504361520508348,0.515297861255751,0.300336662903408,0.946394160859851
1709,0.614569013890213,32,0.743924394426295,0.609697996682825,0.664227734727083,0.428915859910609,0.946394160859851
1710,0.890660825937124,32,0.867049624658551,0.88960385767815,0.805918384122205,0.515361252841939,0.946394160859851
1711,1.02782974960713,32,1.02500575355247,0.996090162527619,1.05308232025741,0.621702356542044,0.946394160859851
1712,1.00997892969633,32,0.944147869773575,0.994472349369968,1.01693222228313,0.622740615583575,0.946394160859851
1713,0.793698566719356,32,0.733572381536186,0.748135914432797,0.721066238357063,0.430111176322734,0.946394160859851
1714,0.51894880202509,32,0.453715363964381,0.504170002670403,0.552170413395015,0.310458890850221,0.946394160859851
1715,0.954215231764641,32,0.81395484804469,0.894794361519408,0.945291011424076,0.539501316456897,0.946394160859851
1716,1.54494740234634,32,1.2518380467004,1.41806752167349,1.4274747871951,0.885859779349289,0.946394160859851
1717,1.73469001260882,32,1.35460859529773,1.57529229433485,1.7950767054752,1.06407823268802,0.946394160859851
1718,1.26230732972538,32,0.931923617975674,1.20891520474102,1.20713327309965,0.770703717906912,0.946394160859851
1719,1.36099161214867,32,0.993898031772913,1.23732487258203,1.33849375685593,0.834436647261554,0.946394160859851
1720,1.07357719428135,32,0.8153778321181,0.99035667857599,1.14583680946772,0.659338253392383,0.946394160859851
1721,1.59142082814623,32,1.09750969081756,1.45310608722899,1.60781810821853,0.958094374530009,0.946394160859851
1722,1.16658667823478,32,0.766195543097205,1.12199719624805,1.15900364445092,0.726374961485816,0.946394160859851
1723,2.15046805642224,32,1.36006563695018,1.89041167443103,2.09984960711598,1.31664362929156,0.946394160859851
1724,2.30491746980398,33,1.4451585704725,2.04305590410679,2.27008349051276,1.4504117324585,0.948368339228139
1725,1.77934865232794,33,1.09291681976866,1.61638817629527,1.78272087260864,1.11203218637733,0.948368339228139
1726,0.87317874401696,34,0.556534124385472,0.815938195820518,0.887969413801686,0.537929318612371,0.949090772498115
1727,1.82228186288242,34,1.14284207321592,1.67667355946569,1.86360215098137,1.15287289306575,0.949090772498115
1728,1.09759397026143,34,0.684806402064437,1.05918493411292,1.13068151925843,0.691836161432689,0.949090772498115
1729,2.36191440638103,33,1.49757031370489,2.26663877328726,2.33179562895599,1.48440369127716,0.947922915224504
1730,1.39063152353365,35,0.939352385177293,1.2640622423616,1.59998141709213,0.952442472085088,0.949772160437506
1731,1.44207721294734,35,0.954822523603968,1.39800946139686,1.59577296329673,0.978677962838516,0.949772160437506
1732,1.84782148714544,35,1.2363494637161,1.701291560632,2.00408596882346,1.23946862049719,0.949772160437506
1733,1.16271666211217,35,0.796153805833529,1.12501458597634,1.30534288575339,0.787068070595842,0.949772160437506
1734,1.73533505365564,35,1.23548901553248,1.61671387951712,1.86534930926121,1.16637813667129,0.949772160437506
1735,1.36644494068173,35,0.983809902735956,1.24256973577875,1.43528994138334,0.907366549259325,0.949772160437506
1736,1.44436239464502,35,1.0628964922757,1.34585997306077,1.56349864482145,0.997926263790543,0.949772160437506
1737,1.10638377628454,35,0.843090210594326,0.995424516071262,1.21328922703913,0.726956122785869,0.949772160437506
1738,0.826669783838648,35,0.62510930018539,0.770101246889586,0.860949299936397,0.525820276011824,0.949772160437506
1739,1.33765585105489,36,1.02969992898166,1.26749228503635,1.51089633899464,0.911388125604567,0.951576881078472
1740,1.36936012903294,36,1.06383237665386,1.25577544420215,1.50110147593423,0.862566634612862,0.951576881078472
1741,1.01987140718911,36,0.810320302902421,0.957631589742325,1.17506327177572,0.684233702747077,0.951576881078472
1742,1.07497918755318,36,0.859118508913467,1.00312959075227,1.25191172541741,0.706626152033752,0.951576881078472
1743,1.03350160886421,36,0.847407477129292,0.922608312506804,1.09613591292913,0.654100132518658,0.951576881078472
1744,1.27998671961124,36,1.02914160954801,1.20761459523801,1.32479600906801,0.85055883080887,0.951576881078472
1745,1.64454875163879,36,1.28451621989107,1.48977263925081,1.73999308695896,1.05990097993768,0.951576881078472
1746,1.36413430869038,36,1.04870455648775,1.24873084300703,1.39851449262955,0.891020332519114,0.951576881078472
1747,0.806374449072859,36,0.622754842836857,0.76748414951865,0.83462424922812,0.513217810363758,0.951576881078472
1748,0.916071083746145,36,0.688908466736169,0.873546616385182,1.04431611427715,0.640991018705886,0.951576881078472
1749,1.33347148579423,36,0.998723579260903,1.26268327936683,1.46966989408333,0.935367232185666,0.951576881078472
1750,1.06903268401519,36,0.787999972425517,1.05326475184583,1.03871443246527,0.644782014485487,0.951576881078472
1751,1.56848389603988,37,1.15423935688725,1.51455870195804,1.7160451547165,1.06205854319005,0.953595414457926
1752,1.33037188640959,37,0.934665545348423,1.27968217380867,1.44499109733813,0.930884935855729,0.953595414457926
1753,2.01104868411542,37,1.39041959909508,1.91795901433081,2.21029569189539,1.40458336231974,0.953595414457926
1754,1.70618694810267,37,1.18944092972041,1.62506314219815,1.86752564863886,1.17888206139148,0.953595414457926
1755,0.984773455183973,37,0.685706183700793,0.931167617882045,1.08445418986585,0.642080193427866,0.953595414457926
1756,0.997170893567014,37,0.703480176822272,1.01537016707228,1.13928799154954,0.681523538035928,0.953595414457926
1757,2.13715646387343,37,1.48438273593363,2.05643353723277,2.23443257350961,1.38611117709802,0.953595414457926
1758,1.34816615859154,37,0.938310513000963,1.21594803944038,1.40031069855756,0.899479397757621,0.953595414457926
1759,1.09694123851462,37,0.747211347102339,1.00154529200387,1.11412184143988,0.714782717847293,0.953595414457926
1760,2.52749863437663,37,1.7725611020914,2.40241746656511,2.61207235822564,1.67967509777205,0.953595414457926
1761,1.84411284974335,36,1.28946788008166,1.65406205564648,2.01401894369218,1.24248581576891,0.952764826998567
1762,1.26121240301932,35,0.906767442937075,1.09423879711281,1.25305188268132,0.824744281066293,0.951330717342184
1763,1.31176707546468,35,0.978164191217987,1.19079480698553,1.45526317420622,0.88530848332005,0.951330717342184
1764,1.02216232317523,34,0.777906509720942,0.951476874621816,1.11069592427017,0.686999341650099,0.950070497334391
1765,0.473445412110653,34,0.396319962378802,0.429057113095731,0.552451446669474,0.321059937544714,0.950070497334391
1766,1.29128575929013,33,1.07355632527255,1.19638535525297,1.49294209987015,0.8950539472807,0.948365031510548
1767,0.596441927941981,33,0.510001594707585,0.549442273031935,0.710179520002843,0.408476522612109,0.948365031510548
1768,1.210575560452,33,1.07414487445456,1.12738537208201,1.40356812554217,0.814927129706618,0.948365031510548
1769,0.923213923054993,33,0.843353015523113,0.832989989664448,1.07917652619768,0.628349173214697,0.948365031510548
1770,1.28665570639232,33,1.19353763863133,1.21235202193195,1.50097002914271,0.914971503042945,0.948365031510548
1771,1.10487367065363,32,1.01312338434333,1.02076754854827,1.23315453436522,0.761840904221176,0.947464704536027
1772,0.720230219664812,32,0.686013595358169,0.667199957257206,0.904063422425996,0.519242152103266,0.947464704536027
1773,1.28765235966926,32,1.2343560998721,1.18966126274211,1.42020638493813,0.8567996951345,0.947464704536027
1774,1.13942367907323,32,1.08950986912138,1.04430814722136,1.22767905690639,0.750747200636921,0.947464704536027
1775,0.812125077354551,32,0.802759994728682,0.749513262348903,0.946423704691196,0.549075890103906,0.947464704536027
1776,1.03117362802435,32,1.00729014769695,0.945267715537648,1.1594443132201,0.670145719533229,0.947464704536027
1777,1.07137534933217,32,1.08742470630338,1.00347990162931,1.18370759121544,0.696665141560275,0.947464704536027
1778,1.30676347364893,32,1.38541313058579,1.24041116701064,1.52135805159279,0.911287433928211,0.947464704536027
1779,0.87341819648021,32,0.865206831571414,0.807665659058121,0.991436445516113,0.573282359697222,0.947464704536027
1780,0.489273579979078,32,0.492260616968461,0.450819720742165,0.567989432824621,0.325963021823097,0.947464704536027
1781,0.71090126484963,32,0.712926102711562,0.660100241793659,0.785363339466419,0.461909663903015,0.947464704536027
1782,0.827251239946918,32,0.82189165851208,0.767203075213928,0.885273742406649,0.516003722054142,0.947464704536027
1783,1.1037483358501,32,1.12009851687977,1.02484884114539,1.21490633718897,0.726598783815139,0.947464704536027
1784,1.15555940892909,32,1.204115773642,1.07671920956514,1.30778211561325,0.792565269098764,0.947464704536027
1785,0.917527248397475,32,0.926524633723246,0.834717202439867,1.03116302858902,0.613784280441112,0.947464704536027
1786,1.39313135386594,32,1.4312430229615,1.33033172219868,1.69031853604159,1.01308937900275,0.947464704536027
1787,0.894065733142046,32,0.9977511545309,0.851503265937164,1.00568043234277,0.608573508502752,0.947464704536027
1788,1.04176894056953,32,1.07870292882514,0.991268562633869,1.14560158215035,0.683172614760122,0.947464704536027
1789,0.838315529098396,32,0.85921913256937,0.789105448522526,0.885362845735205,0.537529983895715,0.947464704536027
1790,0.969881161844992,32,0.963975026794018,0.920388142358418,1.02451941190838,0.582062213153937,0.947464704536027
1791,0.526207303567933,32,0.530047345363754,0.501461996367606,0.562669223622181,0.339297029109483,0.947464704536027
1792,0.598332207776852,32,0.621973020146188,0.56895869039094,0.631722271021517,0.386465277344634,0.947464704536027
1793,1.2010127940818,32,1.32080931298709,1.19802247958591,1.32671893684689,0.861954296695009,0.947464704536027
1794,0.669193710861232,31,0.693268959819921,0.65260892463053,0.694096332962427,0.409130022927423,0.94521787227264
1795,0.834109271198719,31,0.946114129607859,0.835018727480573,0.87350869014679,0.530606800522354,0.94521787227264
1796,1.56629244309993,31,1.67743071736744,1.53013141020245,1.79625847525835,1.13101711512423,0.94521787227264
1797,0.562132308162551,31,0.579027047306297,0.536128850593732,0.6380811563159,0.377954553521082,0.94521787227264
1798,1.27355032639748,31,1.33758259216549,1.23136333719534,1.44863244679982,0.902827951533666,0.94521787227264
1799,0.673319128162611,31,0.729271290501686,0.644763743215555,0.738299753955382,0.44640615071522,0.94521787227264
1800,1.24901054987925,31,1.33668412438631,1.21222248814911,1.40689510111594,0.858167519675443,0.94521787227264
1801,1.258801697398,30,1.44316712045496,1.25106302437035,1.5154216293259,0.904551965561604,0.943304112514766
1802,1.07802966581278,30,1.24927923199139,1.06530912994148,1.31175739635303,0.781584658779422,0.943304112514766
1803,0.862509137845719,30,0.992446465961906,0.8363808059877,1.01916489736193,0.593979843165846,0.943304112514766
1804,0.857832831206299,30,1.02785529545625,0.836092430915267,0.997540263534742,0.578060465810629,0.943304112514766
1805,0.515069138566481,30,0.610956574200366,0.489026897611741,0.611363415283169,0.351838925191985,0.943304112514766
1806,0.343623034186852,30,0.412626327093671,0.328637127942914,0.382145042954836,0.228969308643201,0.943304112514766
1807,0.78366155082439,30,0.995647532787966,0.758886452148766,0.888767508747926,0.532837417411845,0.943304112514766
1808,0.663966781340065,30,0.836417660075038,0.644714987546956,0.778121339581673,0.46496283797494,0.943304112514766
1809,0.571254373967618,30,0.754467701987768,0.55900376513468,0.656708812285413,0.392627716899159,0.943304112514766
1810,0.735131311610747,30,0.958613761546245,0.704932138226428,0.827138087326604,0.512530002844253,0.943304112514766
1811,0.411101244738763,28,0.521831279825438,0.403415652411955,0.502634774248731,0.300934356140495,0.936772573546464
1812,0.851135983736381,28,1.06065389694353,0.822691897998637,1.02072027083666,0.603644831480548,0.936772573546464
1813,0.588775238127291,28,0.748396633683729,0.58278934134946,0.690343545151367,0.429357343963172,0.936772573546464
1814,0.855718584879252,28,1.08293830957551,0.893391168897642,1.11365423322492,0.6586431634762,0.936772573546464
1815,0.810774213573755,28,0.91084027845012,0.804397019453647,1.01585684385184,0.591672418567196,0.936772573546464
1816,0.824057100734255,28,0.972857928654771,0.824193211561407,0.969938762413306,0.586957022460915,0.936772573546464
1817,1.56239410995785,28,1.8005800130232,1.56133328543845,1.86833747973914,1.12252330978922,0.936772573546464
1818,1.02266589438895,28,1.13964873757776,1.01594765649163,1.2153248327366,0.730360251168119,0.936772573546464
1819,0.832402131205942,28,1.01566637045043,0.834594312669001,1.02181614716122,0.592390429414411,0.936772573546464
1820,0.750696683627729,28,0.804133627369701,0.748301191082507,0.940394032370393,0.550878532285577,0.936772573546464
1821,0.766907984946352,28,0.871782366567748,0.792987009938611,1.00151415235576,0.527881265791454,0.936772573546464
1822,0.490880662316322,28,0.588406268712111,0.492899077215547,0.644979293556549,0.356588264130344,0.936772573546464
1823,0.858881523461896,28,0.876940969571118,0.849946116682961,0.986104510571934,0.598516783770283,0.936772573546464
1824,1.09384492495231,28,1.1342833676128,1.08025048281528,1.28909834716651,0.77098950455603,0.936772573546464
1825,0.925764859179165,28,0.955190419588056,0.944677789465761,1.17943882068946,0.663355281317644,0.936772573546464
1826,0.682134592842527,28,0.740465704506786,0.682609140076797,0.850586872908839,0.479907391510162,0.936772573546464
1827,1.13724309800815,28,1.12518637429486,1.11383033694058,1.36519971325553,0.79765509907958,0.936772573546464
1828,1.46694279904709,28,1.46990777998444,1.48581341113892,1.78872142196043,1.06189186163642,0.936772573546464
1829,1.19212699149318,28,1.26272879240416,1.23898486461813,1.48471114775326,0.850835647727482,0.936772573546464
1830,0.848649117610756,28,0.859231658548931,0.860116595524679,1.06245120092384,0.5857807466193,0.936772573546464
1831,0.861837466618391,28,0.906493636661222,0.86172260405659,1.02521927824233,0.591857527786221,0.936772573546464
1832,0.917192379646925,28,0.969709076509438,0.920396951202037,1.09812381256796,0.634399756006852,0.936772573546464
1833,0.892419229025177,28,0.978811485909535,0.944661122634212,1.146504366713,0.674212583241291,0.936772573546464
1834,1.06829549286342,28,1.15397798643515,1.07522872581413,1.24625930499577,0.763826244770651,0.936772573546464
1835,0.855745151557667,28,0.984672312458897,0.895876360787135,1.03308100096618,0.616783229973875,0.936772573546464
1836,0.757731010739433,28,0.858317929847882,0.7819898598219,0.975618797482187,0.569264630783018,0.936772573546464
1837,0.280018715878289,28,0.359469102638897,0.289472554284296,0.36335450072786,0.209493607625331,0.936772573546464
1838,0.57095009852174,28,0.689980470573331,0.596048407903271,0.753374772905306,0.433029372668505,0.936772573546464
1839,1.07629226186596,28,1.19645637720063,1.09016150711175,1.25760842907265,0.751432118494086,0.936772573546464
1840,1.20989357278405,28,1.3578923507515,1.22137415904549,1.43179466483625,0.846730184379595,0.936772573546464
1841,0.687844707062554,27,0.794498635146057,0.70674629681272,0.869017571643858,0.496203904983923,0.932561973435401
1842,1.38018093298065,27,1.55081810757502,1.39614717642981,1.65008042083615,0.978776186006897,0.932561973435401
1843,0.941931671940901,27,1.08741266781829,0.960977487413657,1.1060627458412,0.674923492017943,0.932561973435401
1844,0.797924079657597,27,0.94506778344516,0.807584026763989,0.987567230040563,0.592586075993157,0.932561973435401
1845,0.613467574640995,27,0.765760490440287,0.626638826622508,0.771371975356211,0.458400984677078,0.932561973435401
1846,1.04054279851844,27,1.36600271745924,1.07845665020097,1.2197860219373,0.753282831783538,0.932561973435401
1847,0.726132444537919,27,0.890737924469298,0.739165973871621,0.845823470623136,0.5083730981023,0.932561973435401
1848,0.584357140454501,27,0.757182418983226,0.607146781733364,0.711329977964453,0.410843321117379,0.932561973435401
1849,0.504894981196616,27,0.639792398891956,0.509610088309326,0.588470015974337,0.362440738319419,0.932561973435401
1850,0.721151967986906,27,0.943158153993683,0.725107354480777,0.902761296683078,0.535700820799164,0.932561973435401
1851,0.876857795278047,27,1.06102669533298,0.890392484431442,1.01495718081562,0.607217988728079,0.932561973435401
1852,0.513562331865747,27,0.627074075776839,0.513691204254448,0.664935509233515,0.376066833192841,0.932561973435401
1853,1.19687448543843,27,1.50314442627933,1.18948257940724,1.35225627027339,0.843820000113685,0.932561973435401
1854,0.907510262755605,27,1.15548295715911,0.91984522115982,0.990969095618297,0.612720458908335,0.932561973435401
1855,1.09801740644181,27,1.3865820664672,1.11843860753578,1.17191161121146,0.741559581210256,0.932561973435401
1856,0.391293601794227,27,0.456496711540336,0.395154463019066,0.506104822700069,0.294186984751607,0.932561973435401
1857,0.490979076942083,27,0.58266088770967,0.50285621854526,0.649372707352752,0.375393528429362,0.932561973435401
1858,0.481288969511278,27,0.561731206543627,0.491295553691853,0.622439928721923,0.360839099482584,0.932561973435401
1859,0.709967219039337,27,0.94731324730347,0.764105745141717,0.929106951299347,0.534242706028709,0.932561973435401
1860,0.91376735219788,27,1.1149948136901,0.961892806921037,1.02929726977135,0.654318775092001,0.932561973435401
1861,0.966217827028023,27,1.05610446093449,1.00115943897923,1.20956504081353,0.749573776574052,0.932561973435401
1862,1.00752015781713,27,1.2479841341772,1.01901909467861,1.27598229834262,0.813835230648196,0.932561973435401
1863,1.28475486528008,27,1.39505005350301,1.32622449688566,1.52908387962027,0.935232358194851,0.932561973435401
1864,0.461002600841637,27,0.447321694697507,0.462222330108765,0.620830570712388,0.372472173771343,0.932561973435401
1865,0.919329551773968,27,0.948246188636106,0.955575761308711,1.07303245902847,0.665532719962205,0.932561973435401
1866,0.614327246582979,27,0.631951516316311,0.630319402250609,0.715621777691591,0.455685956760837,0.932561973435401
1867,1.28845424333419,27,1.35111379130277,1.3726475908199,1.57393610739028,0.949891581855578,0.932561973435401
1868,1.10988411241415,26,1.07604016734965,1.17210387122041,1.23016465132603,0.764512697918174,0.930150931316376
1869,0.810256210746467,26,0.748983161685076,0.834929416456863,0.987213207293478,0.605336462508586,0.930150931316376
1870,1.35618714113773,26,1.25925345688824,1.43387657197391,1.58202357789771,0.970453063279162,0.930150931316376
1871,0.963251168643796,26,0.849507993611388,0.984497433391265,1.1669176339743,0.72867382142705,0.930150931316376
1872,1.25550223391261,26,1.1102361547043,1.29521271282271,1.55199312852329,0.997244339580166,0.930150931316376
1873,1.2876388073963,26,1.16791921650645,1.35105835521342,1.62687479421625,1.04828548109496,0.930150931316376
1874,1.25757966036615,26,1.15843330494847,1.36753282292083,1.57796408342851,0.979505876825412,0.930150931316376
1875,1.02259160817705,26,0.845698966186066,1.05069978979183,1.19893241843072,0.758417614061863,0.930150931316376
1876,1.15385735702507,26,0.984262549491065,1.20983545162883,1.37959488899011,0.855906544990984,0.930150931316376
1877,1.42020290843465,26,1.30741796332163,1.51923445008649,1.78009302190688,1.15951224243094,0.930150931316376
1878,1.05124511058188,26,0.884139070835157,1.091031591803,1.21477425384197,0.782536265826145,0.930150931316376
1879,0.826920425532426,26,0.693108681228414,0.878669697208843,1.0219329326863,0.620911659527996,0.930150931316376
1880,0.682274003365346,26,0.566289634415365,0.729212657328455,0.889019824281027,0.533515124722066,0.930150931316376
1881,0.918277754122581,26,0.760822717542252,0.952829369154487,1.07310268605211,0.636306589173348,0.930150931316376
1882,0.967423007481081,26,0.765819958314323,0.998323439977206,1.15579850197852,0.736733767614166,0.930150931316376
1883,1.08941265328435,25,0.92868025348121,1.12944397546995,1.34833331524561,0.866078217950624,0.929181537734952
1884,1.65096524493711,25,1.42183237570002,1.73494847578322,1.91324229416454,1.31094247282924,0.929181537734952
1885,1.04658503697062,25,0.947565946650324,1.15283207778603,1.37247958680823,0.823082229424473,0.929181537734952
1886,1.96698281278517,25,1.62139354494296,2.06856789396827,2.30281898974057,1.56441158050197,0.929181537734952
1887,0.749899517701785,25,0.613029470991496,0.781995801143097,0.94284995302603,0.576206840390924,0.929181537734952
1888,1.14920521685982,25,0.968651858412129,1.21196556026016,1.37388566282635,0.892770846006598,0.929181537734952
1889,1.69383666868935,25,1.40613249635307,1.81807310541024,1.95392730289629,1.27399800343986,0.929181537734952
1890,1.33993253580094,25,1.15417063021768,1.40939059138073,1.56753213568273,1.0334405052241,0.929181537734952
1891,1.28510333736843,24,1.0742830800909,1.37448603266795,1.43424763560746,0.964471920406196,0.927413169309418
1892,1.34053959768415,24,1.13863940773112,1.37866434992624,1.61451278080632,1.05769966170253,0.927413169309418
1893,0.754818618471049,24,0.657432220393365,0.780184618909776,0.844890457135395,0.539729727390744,0.927413169309418
1894,0.9606776421509,24,0.847393994216123,1.02990105406253,1.07819216989983,0.717599971194763,0.927413169309418
1895,0.797245174196295,24,0.710759697055318,0.840724849039274,0.933246119148214,0.589242634924394,0.927413169309418
1896,1.34777677094495,23,1.27264597519199,1.42359470826906,1.69408944178107,1.10774135366226,0.923143922931269
1897,0.637741313934726,23,0.559443832954062,0.658047638020076,0.783321991029246,0.50420301166123,0.923143922931269
1898,1.26827611878934,23,1.18065378815399,1.31491388861691,1.49255057439692,0.985202119621986,0.923143922931269
1899,0.953474359190001,23,0.926896085284915,0.977218477319953,1.22352601548883,0.782008568825846,0.923143922931269
1900,0.559999792385018,23,0.493376227229166,0.559390324752711,0.770647189927477,0.472881052356306,0.923143922931269
1901,0.797833053708118,23,0.765001750629491,0.839561507585188,1.05626755075608,0.641788516458179,0.923143922931269
1902,0.635430993668581,23,0.593694778220623,0.651766578193558,0.829393739886323,0.531082335102463,0.923143922931269
1903,1.72252369983229,23,1.73171617840444,1.80667555160405,2.06452265456982,1.37949941874303,0.923143922931269
1904,0.753863591805808,23,0.670378575180672,0.732368369069087,0.88224280600852,0.616662236011159,0.923143922931269
1905,1.24759796645277,23,1.1984770923329,1.31998265109005,1.63123469909818,1.03026943207646,0.923143922931269
1906,1.38473403031534,23,1.31804233009318,1.42839238735187,1.86192350638427,1.17768898262768,0.923143922931269
1907,1.29682858371575,23,1.22304153883806,1.34050625972555,1.5466062607664,1.01603898218623,0.923143922931269
1908,1.21808786514283,23,1.20364475703373,1.29326250944746,1.4110243826911,0.868533099126632,0.923143922931269
1909,1.07201302643236,23,1.0369004583517,1.12457033606809,1.30560380880091,0.851467543162643,0.923143922931269
1910,1.21732523210937,23,1.20986940415131,1.23694261575006,1.34809639545972,0.876488605575528,0.923143922931269
1911,0.587680228283378,23,0.579154709241721,0.606463970147663,0.678918115814873,0.44829310811805,0.923143922931269
1912,0.527526810406475,23,0.512024792911471,0.549067891149414,0.670335712975194,0.424187509439028,0.923143922931269
1913,1.0680389771415,23,1.09413175483109,1.10726002883536,1.37863335866862,0.900099028039796,0.923143922931269
1914,1.06964216844032,23,1.06512221264367,1.08082920793599,1.43320125337348,0.915302528608607,0.923143922931269
1915,0.978454550566095,23,1.00339930695043,1.01998850582106,1.22641103474048,0.798912410174936,0.923143922931269
1916,0.835068310561046,23,0.866446203619164,0.901756922999366,1.1261290847428,0.73348203742474,0.923143922931269
1917,1.16874284924024,23,1.31796674637059,1.24757421369213,1.49462550592858,1.00630585835381,0.923143922931269
1918,0.765843431259104,23,0.828662369436192,0.797901322984897,1.00636693878547,0.639123952445764,0.923143922931269
1919,1.07428451170971,23,1.17679922198069,1.10913075919089,1.26466011463052,0.897428981817656,0.923143922931269
1920,0.737851127004732,23,0.790684592632229,0.768039278187219,0.964918726123001,0.611369319081232,0.923143922931269
1921,0.703166741548663,22,0.76199609756702,0.729566171998922,0.957263878920965,0.606644865194591,0.921226888200352
1922,1.12720923248182,22,1.12287330348907,1.11413364505753,1.43021024092234,0.920781817719197,0.921226888200352
1923,0.498240717863546,22,0.498667213235418,0.515559243354019,0.59566319813529,0.38183561403432,0.921226888200352
1924,0.926582390812152,22,1.00982532376752,0.948914596236477,1.16517695489853,0.710479608598557,0.921226888200352
1925,0.574304179052259,22,0.613058664746385,0.598438045226171,0.757387123157078,0.495717658710298,0.921226888200352
1926,1.07514676288565,22,1.104031968457,1.10801912946467,1.34640470084637,0.897939356536379,0.921226888200352
1927,1.31964976071693,22,1.35526753222307,1.36693504670308,1.67682032879013,1.11894312532652,0.921226888200352
1928,1.13114622814651,22,1.13908669810951,1.16793217631626,1.56053380383869,0.976978276540926,0.921226888200352
1929,1.42893777658664,22,1.43331126759446,1.4568010322624,1.87240788696978,1.24269664302459,0.921226888200352
1930,0.999414911793693,22,1.04048956372145,1.04648239274633,1.38094360856762,0.899327495497542,0.921226888200352
1931,0.501595330058274,22,0.483928869244643,0.51857417643337,0.742396169321042,0.440302530240326,0.921226888200352
1932,0.671512294435341,22,0.611115885402946,0.672881839701327,0.946173091720468,0.573559878527843,0.921226888200352
1933,1.02839147747993,22,0.990238896729722,1.04773361784415,1.28180011072471,0.840018498326442,0.921226888200352
1934,1.37189044195881,22,1.33685156753701,1.42060017499643,1.66675224268111,1.15039276091485,0.921226888200352
1935,1.23539955218913,22,1.25872920809182,1.29763862030023,1.4623889390176,0.969107174389504,0.921226888200352
1936,0.960834203051494,22,0.979868116069745,1.00732078904376,1.23999242648193,0.79146046829106,0.921226888200352
1937,1.10693813429368,22,1.16692782824341,1.1860845897652,1.40150882540477,0.94112242897668,0.921226888200352
1938,1.4143477103962,22,1.50810865308707,1.48578733874839,1.67582033311831,1.09740861670264,0.921226888200352
1939,1.03699598808207,22,1.14032834862479,1.08499630289077,1.24765107094422,0.884206595065666,0.921226888200352
1940,0.628934238543546,22,0.714241309269581,0.656534767302558,0.837960002869581,0.528164034402351,0.921226888200352
1941,0.796862773599546,20,0.85339538923279,0.825191815836299,1.03785749604259,0.682616822145839,0.916774216566995
1942,0.398898874321274,20,0.427517187016942,0.408020552475178,0.534538177741369,0.336296374714598,0.916774216566995
1943,0.833042295537946,20,0.911259845278609,0.863613258145456,1.09158618908177,0.677250375323182,0.916774216566995
1944,0.251432647001314,20,0.290154280659274,0.264650130594361,0.336473990658815,0.21372866136265,0.916774216566995
1945,1.17627044849164,20,1.32513680318535,1.24389849345317,1.46647374935614,0.970021197806318,0.916774216566995
1946,1.25711660157844,20,1.48159646221819,1.29860915735763,1.41998208973721,1.05608802739907,0.916774216566995
1947,0.764973466615926,20,0.864392886113708,0.804925663032147,0.964336132127314,0.627135228592448,0.916774216566995
1948,0.730453325487148,20,0.8613566161096,0.784405634539148,1.00670376975354,0.61250756787193,0.916774216566995
1949,0.877341460764253,20,1.03781931305803,0.925723336747835,1.14364166221691,0.745804931748714,0.916774216566995
1950,1.00819291111511,20,1.19469198294354,1.07754640625451,1.36180565554737,0.917343717413938,0.916774216566995
1951,0.733304717200875,20,0.851570932719525,0.746671968214256,0.987239578858632,0.664879696623808,0.916774216566995
1952,0.578360344504558,20,0.707259419762501,0.611613718000663,0.884876437907176,0.536809650326035,0.916774216566995
1953,0.740169568373965,20,0.828775030507832,0.800929490554173,1.07695559466947,0.671371030521466,0.916774216566995
1954,1.02993898271029,20,1.14794348488224,1.10899542729502,1.39913645903975,0.912916853744405,0.916774216566995
1955,1.00039549989634,20,1.07827588133133,1.069722229453,1.45825040393699,0.949465393855927,0.916774216566995
1956,1.2394021082907,20,1.3730009446184,1.32555438540671,1.79061157266299,1.17394316385886,0.916774216566995
1957,0.916390341042003,20,0.977331499795859,0.972740488033463,1.34017296095196,0.844499772051221,0.916774216566995
1958,1.08582943009951,20,1.11579377260768,1.1547433010949,1.47626494776516,0.989981412237718,0.916774216566995
1959,0.834145678949656,20,0.857902884639111,0.891817612324615,1.13217551102709,0.742355163231992,0.916774216566995
1960,0.948797143361944,20,0.985823775279399,1.01755744668668,1.26780550019101,0.813441808611824,0.916774216566995
1961,0.778322762842285,20,0.83484460541225,0.802337891993296,1.10710847908875,0.716837763247642,0.916774216566995
1962,1.2347756843803,20,1.24013932823777,1.30433926790425,1.56288523114996,1.06245646385897,0.916774216566995
1963,0.797588848534507,20,0.83487020400032,0.829621594139755,1.00329094735431,0.675641169133191,0.916774216566995
1964,0.945279389195425,20,0.896762434340095,0.978847861280033,1.21426912348382,0.830297863358956,0.916774216566995
1965,0.93923863854062,20,0.952069940787191,0.87928569432137,1.30100884327746,0.794574687272762,0.916774216566995
1966,0.559757519222716,20,0.574432265593538,0.59057363417843,0.776153183457552,0.471268795564594,0.916774216566995
1967,1.14239025036823,20,1.09872239330681,1.23864886889987,1.44479529499286,0.907061390516008,0.916774216566995
1968,1.10525079662494,20,1.09583166820299,1.20164479724331,1.46873984760535,0.988439527314491,0.916774216566995
1969,1.4120694111754,20,1.32706494501845,1.5607825465256,1.93061515691667,1.30090282039173,0.916774216566995
1970,1.05305760167709,20,0.970294449570041,1.14472783759605,1.41956146820656,0.904803124189458,0.916774216566995
1971,1.00939247580405,20,0.925139418637189,1.09176238665586,1.40591835368947,0.916396406096897,0.916774216566995
1972,0.849136900256998,20,0.758956183945103,0.911710737816881,1.16556198809357,0.778525675760468,0.916774216566995
1973,1.18429350183368,20,1.20371408462561,1.34735944147773,1.56815284241821,1.07625508503419,0.916774216566995
1974,1.03566170904826,20,1.04134226714547,1.13866510101241,1.33328940449397,0.857248142941842,0.916774216566995
1975,1.27258131828268,20,1.27427609748581,1.37537198763866,1.33864117678988,1.10153345688371,0.916774216566995
1976,0.789089038385752,20,0.771911268570278,0.872299146241558,1.04239293951032,0.665538179397987,0.916774216566995
1977,0.462440686581303,20,0.470124190211208,0.505082107406632,0.818695546837243,0.509942685934942,0.916774216566995
1978,1.55754046881902,20,1.49157811970301,1.72618078344075,2.20776905103542,1.4598092309841,0.916774216566995
1979,1.00781403334066,20,0.959483913201254,1.11288881945071,1.41773352597515,0.936110491268738,0.916774216566995
1980,0.697062594367027,20,0.729021399963166,0.78107428448105,1.0693394581497,0.654855397689306,0.916774216566995
1981,0.673975825662771,20,0.681129631458127,0.736970144602261,1.00209440084322,0.636715253388749,0.916774216566995
1982,1.08698880066408,20,1.07961172320454,1.1911863710557,1.62004850843641,1.04688917192971,0.916774216566995
1983,0.890460212294921,19,0.883277635131459,0.927961768732602,1.34754987225649,0.892325132876801,0.915216600117025
1984,1.30668021846514,19,1.26856422907257,1.39772692038769,1.81377827044035,1.14845215965878,0.915216600117025
1985,1.11173449944274,19,1.06991221649835,1.23459477581556,1.50263362197669,1.00405221507815,0.915216600117025
