"year","ModNegExp","samp.depth","Spline","AgeDepSpline","RCS","SFRCS","EPS"
1076,0.455014575380176,1,1.08037191373533,0.934308913117761,0.281658331989031,0.155241889350881,NA
1077,0.384990488737992,1,0.884122513119076,0.757780046843763,0.244391091977813,0.133912280881584,NA
1078,0.285081603010839,1,0.633785087656873,0.538791518468297,0.17717206132879,0.0899440687546656,NA
1079,0.768205006297449,1,1.6549986953648,1.39631369125591,0.399022801302932,0.267673241972108,NA
1080,0.498989905983848,1,1.04316121281588,0.873621157800394,0.272746765778,0.175770859729552,NA
1081,0.577958141110429,1,1.17359785571475,0.97612660012654,0.301618741889215,0.190499711275487,NA
1082,0.510876815484542,1,1.0079680636857,0.833571383701672,0.277185501066098,0.18078742210099,NA
1083,0.393330340643709,1,0.753688574516822,0.62090804687384,0.224014336917563,0.137895334068052,NA
1084,0.426748180204641,1,0.793238510376188,0.652680033353313,0.2509065658514,0.169207646634021,NA
1085,0.447616426621005,1,0.805973170813009,0.664199804360858,0.236256499133449,0.177661443559794,NA
1086,0.626273180094399,1,1.09098983242145,0.902850087758942,0.353753619959902,0.257909509528771,NA
1087,0.522621502718779,1,0.880101917181551,0.732964205465478,0.300453857791225,0.219249972052588,NA
1088,0.554693036809036,1,0.902597554558978,0.757819142621847,0.349746740845304,0.243669894805675,NA
1089,0.786119641446374,1,1.23605949325185,1.04756567513709,0.454885210891618,0.308538275341855,NA
1090,0.688665808362131,1,1.04688123856092,0.896254770634066,0.433879145540687,0.275554267380722,NA
1091,0.682942099205093,1,1.00440917564877,0.869111541356079,0.408563077652263,0.226258724066956,NA
1092,0.759678481663339,1,1.08168480857121,0.946489411805532,0.451957855008649,0.254862235059941,NA
1093,0.668289211706506,1,0.92187370917815,0.816126054199922,0.392693354061407,0.257990037280509,NA
1094,0.807113212351916,1,1.07925330345257,0.967237799563067,0.443023255813953,0.272754928146622,NA
1095,0.915971509401641,1,1.18789289304238,1.07838109727891,0.535689374564055,0.37565258275152,NA
1096,0.744893905498694,1,0.937225262032931,0.862477599724277,0.49211356466877,0.30397691234995,NA
1097,0.726445178078425,1,0.886718731833882,0.828088801725388,0.450111047133339,0.29821019836238,NA
1098,0.838713302405512,1,0.992851122076701,0.94221857126484,0.450471024835855,0.303838753242113,NA
1099,0.877769752089429,1,1.00728249811866,0.972774021743877,0.568475452196383,0.328935145435409,NA
1100,0.923285989071844,1,1.02660014514004,1.01035897827813,0.528860083873427,0.326179165177191,NA
1101,0.759438924830907,1,0.817759771379501,0.821374113057803,0.435746502560966,0.230094717359249,NA
1102,0.764924072714849,1,0.79723369199047,0.818392234309566,0.461575601512835,0.229439641352327,NA
1103,1.01708136857538,1,1.02574481400366,1.07737267219836,0.627108879927578,0.291074227032815,NA
1104,0.846462632413102,1,0.826262200644379,0.888470510289802,0.450992953235106,0.284620942072069,NA
1105,1.17296078753878,1,1.10908999923497,1.22092069681395,0.655066835934583,0.312168075486668,NA
1106,1.18365791870671,1,1.08570192168907,1.22272455293643,0.666616416672948,0.345423190783658,NA
1107,1.27957205331396,1,1.14072320129471,1.31274816208636,0.647373771602847,0.410868084698705,NA
1108,1.34187185371873,1,1.16517375474326,1.36818211500303,0.703352308665402,0.445937109111582,NA
1109,1.07575934194867,1,0.911755716172406,1.09081827630829,0.529458388375165,0.320097572082001,NA
1110,1.37493359290858,1,1.13957946352534,1.38738833388855,0.686795491143317,0.394160977759234,NA
1111,1.00027350884588,1,0.812102438636322,1.0050213193336,0.563167057754901,0.371435805664822,NA
1112,1.10776065933396,1,0.882229712919554,1.10889511600896,0.617925236450983,0.414221618290012,NA
1113,1.24453653555909,1,0.973632472888908,1.24186638811057,0.671267707954958,0.468097697030412,NA
1114,1.1356630631251,1,0.874145679645593,1.13021499883175,0.690548405607017,0.317042855652211,NA
1115,1.15612934361575,1,0.877231509509379,1.14807734714474,0.701375245579568,0.483876573634027,NA
1116,1.51211924525223,1,1.13373191330244,1.49899462824013,0.875713727023856,0.499090691650481,NA
1117,1.35452622891299,1,1.00658308715552,1.34101750454799,0.752365220003004,0.498862240262002,NA
1118,1.4255825425469,1,1.05374441345633,1.41008012566976,0.731412703922249,0.573511514534328,NA
1119,1.60402922656971,1,1.18408080450859,1.58572337528625,0.802656546489564,0.526065770545132,NA
1120,1.27366296946356,1,0.943105376492929,1.25886998682263,0.587066541705717,0.408873473101075,NA
1121,1.75838720878391,1,1.31206577802037,1.7381527083633,0.780958119915637,0.52048560179908,NA
1122,1.82192682054323,1,1.37653223000656,1.80167253692147,0.869587762509723,0.549404604986422,NA
1123,0.890595505814751,1,0.68441214716323,0.881272587338603,0.434973112925712,0.304261566929606,NA
1124,1.25549010348644,1,0.98511391889727,1.24345571103245,0.66051105862143,0.451935316497493,NA
1125,1.47561876256745,1,1.18616429523505,1.46308743775024,0.737594445578926,0.593158563077217,NA
1126,1.23490401377599,1,1.01997982996546,1.22599835403012,0.625129372800662,0.475523058612979,NA
1127,1.2098482193776,1,1.02913578509225,1.20287249107382,0.681734317343173,0.539959428425236,NA
1128,1.32239304291815,1,1.16013495731477,1.31687024536802,0.812757028955099,0.563469359056244,NA
1129,1.12679444604786,1,1.01989558388527,1.12401765570496,0.686085219707057,0.501864634305871,NA
1130,0.889792123963568,1,0.83001887582554,0.889213757213077,0.550626481544192,0.383932691361203,NA
1131,0.713149663273755,1,0.683709428157132,0.714038905862006,0.505925782008937,0.351448837195326,NA
1132,0.842098640197635,1,0.826220334351059,0.844799596843592,0.578204404291361,0.409732303652913,NA
1133,0.781968106824153,1,0.78101244190711,0.786044574703671,0.491676011386181,0.321942926857182,NA
1134,0.846956974455437,1,0.856023060843884,0.853094233717033,0.588549618320611,0.403567542762446,NA
1135,0.696007394216048,1,0.707523227799792,0.702473214496418,0.436702311141773,0.265477094851265,NA
1136,0.732972903733104,1,0.745064599982601,0.741275764624704,0.502073124764418,0.334751303736772,NA
1137,0.933592427886406,1,0.944304211228806,0.946050269372432,0.582874828060523,0.427504679354125,NA
1138,0.778993939188932,1,0.781298691015399,0.790931250050407,0.463354648303,0.338645848803141,NA
1139,0.950232192404993,1,0.943256337418572,0.966627141488365,0.592669075890552,0.429432041568938,NA
1140,1.06213795802196,1,1.04354811829122,1.08244549283622,0.626231376699503,0.470627964006035,NA
1141,1.2671315073604,1,1.23467093993486,1.29362602863868,0.816602832457469,0.595828078397845,NA
1142,1.20025200051506,1,1.16425407875435,1.22739038544138,0.792111750205423,0.580033636096957,NA
1143,1.42403660369683,1,1.38234000775189,1.458516962863,0.842536457479928,0.63172118118729,NA
1144,1.58004881947857,1,1.54466903753029,1.62066646001096,0.887435777673984,0.702906255711751,NA
1145,1.31683188786194,1,1.30540085622669,1.35249392050109,0.758086414823097,0.566829235544244,NA
1146,1.31640121633011,1,1.33201756060528,1.35369492386524,0.671768707482993,0.535896430665706,NA
1147,1.07412485405533,1,1.11574103420571,1.10575147061678,0.596480395183699,0.429916844016182,NA
1148,0.560939823822251,1,0.600687275115228,0.578001972793614,0.365019011406844,0.26739103851428,NA
1149,0.701834589827604,1,0.776710427336878,0.723762133627054,0.433846948437634,0.311728544683275,NA
1150,0.74932868567269,1,0.857903941960709,0.773245293194517,0.525513196480938,0.381224341476736,NA
1151,0.671348416305302,1,0.795080431933575,0.693123939905374,0.530189510797708,0.369298479763771,NA
1152,0.70717302260945,1,0.865410292621697,0.730364200991276,0.584757505773672,0.378289041619974,NA
1153,0.721259777861404,1,0.910431671482488,0.745054827344103,0.532452791249613,0.308107640010557,NA
1154,0.878082575014941,1,1.14066135203309,0.907080379593903,0.62722366580052,0.428574861621928,NA
1155,0.791526350257762,1,1.05530385117281,0.817561537653787,0.538747497855305,0.388138487194747,NA
1156,0.790594005591149,1,1.07824621469284,0.81636408812628,0.623135565130925,0.396717484419696,NA
1157,0.461336483289673,1,0.641004710282102,0.476161476326378,0.345196850393701,0.243951753112761,NA
1158,0.556151543567374,1,0.783434794397113,0.573676231632633,0.42208484331699,0.246293966635504,NA
1159,0.689945641283949,1,0.980334874149755,0.711144157431152,0.605626850937808,0.406282281571515,NA
1160,0.540324049131544,1,0.770640086934325,0.556414956446922,0.472092451438407,0.297941050995654,NA
1161,0.589851775960717,1,0.840772299490829,0.606768254069995,0.515382722126507,0.375901241642639,NA
1162,0.712218250933375,1,1.01106584215462,0.731751332456468,0.659960809928152,0.439391051246517,NA
1163,0.956738791155598,1,1.34960668849291,0.981636555951968,0.741226631682519,0.586473518898511,NA
1164,0.627134923866525,1,0.878069491032351,0.642485475719972,0.495591025784128,0.340824172844812,NA
1165,0.673541705197402,1,0.935614296191791,0.688892808250171,0.51737619461338,0.318399109515667,NA
1166,0.764190471830842,1,1.05349692315644,0.78021691909037,0.564322290730484,0.343799353979453,NA
1167,0.795518849075779,1,1.08962487466556,0.81065226336083,0.660939154995881,0.440898629719221,NA
1168,0.706458553960347,2,1.06111801656604,0.824683073749279,0.426332886849874,0.261677288178761,0.664123792543293
1169,0.761682075091734,2,1.17547595202339,0.942166017930879,0.418714266539378,0.246158304389769,0.664123792543293
1170,0.625156118703299,2,0.953178485586977,0.775137001733503,0.30938042318776,0.1845591449736,0.664123792543293
1171,0.357436359895742,2,0.507200240718007,0.393003198972234,0.192835376642466,0.12984936143612,0.664123792543293
1172,0.835733384326321,2,1.23682558572684,1.02309175022313,0.372168170642149,0.256107793593443,0.664123792543293
1173,0.986640032738975,2,1.44173931545434,1.1948769041722,0.466904185244437,0.336048279871977,0.664123792543293
1174,0.695145558889318,2,1.0070028943452,0.833740238153445,0.33431972583583,0.243272766582818,0.664123792543293
1175,0.714887437781404,2,1.03469806147045,0.877341372212354,0.329744299345614,0.254482408602924,0.664123792543293
1176,0.50795008931234,2,0.73076132043052,0.616203011198827,0.257835995278278,0.19190704607128,0.664123792543293
1177,0.733033795276543,2,1.05086476910047,0.879659031282606,0.366236098240437,0.284602058944548,0.664123792543293
1178,0.864334604745676,2,1.23493777659426,1.04144729933072,0.467272212609939,0.365357995255389,0.664123792543293
1179,0.609999060534372,2,0.870996691205558,0.727019606315529,0.302848316774467,0.231948848813885,0.664123792543293
1180,0.471679392085167,2,0.673088907525365,0.558725902664254,0.2509741314067,0.193193449261113,0.664123792543293
1181,0.631346602327452,2,0.925065179211075,0.693511499570329,0.393010422132897,0.300142717195495,0.664123792543293
1182,0.718432645373996,2,1.03581158908588,0.823567878310354,0.448343011601697,0.358066661213389,0.664123792543293
1183,0.708328798430683,2,1.01003967371361,0.827910070334433,0.380711730982974,0.264951574437906,0.664123792543293
1184,0.71735014551578,2,1.02656109401274,0.832403474926621,0.419739731105488,0.289776373713708,0.664123792543293
1185,0.653937651220582,2,0.909841003154943,0.788602508969803,0.308730345218122,0.222616516889806,0.664123792543293
1186,0.833667677668957,2,1.18451790584587,0.978860411003646,0.396395971146055,0.270712170557265,0.664123792543293
1187,0.922130668890128,2,1.31975010667037,1.07729163387585,0.454520373461374,0.337322349541744,0.664123792543293
1188,0.970090372911383,2,1.40174308576967,1.1278415175846,0.516290168377606,0.368490865891952,0.664123792543293
1189,0.753047551563764,2,1.0810644549201,0.892093274440238,0.355599887036238,0.243694929615835,0.664123792543293
1190,0.816336031971999,2,1.21380769689444,0.932779774383492,0.399391294893909,0.312573997089243,0.664123792543293
1191,0.782966188749037,2,1.16590147149403,0.904030391287326,0.427367023977648,0.325295889827955,0.664123792543293
1192,0.633053889840488,2,0.95318590112851,0.724241218797304,0.323726161502593,0.237213466827293,0.664123792543293
1193,0.414713989731763,2,0.636290083705176,0.450928772582855,0.251820072842797,0.179758722467168,0.664123792543293
1194,0.358324909701624,2,0.541926454260229,0.396434728609576,0.201962256485818,0.144703995706523,0.664123792543293
1195,0.539280871143868,2,0.801734069060046,0.603453332929203,0.297056419281845,0.208029936599282,0.664123792543293
1196,0.577456182717638,2,0.839249707024033,0.648653654791997,0.296517872037348,0.228251089638552,0.664123792543293
1197,0.36219912521635,2,0.504354277852929,0.368903605780625,0.251532535983057,0.179132301921135,0.664123792543293
1198,0.550388010427523,2,0.741164424321701,0.595111471699335,0.307046487343465,0.210405827656418,0.664123792543293
1199,0.68216041120103,2,0.880347397827895,0.747734209522616,0.370132402041376,0.261273850197249,0.664123792543293
1200,0.62823291948019,2,0.772670874889452,0.69080216538641,0.316114368237152,0.226734328678682,0.664123792543293
1201,0.980895952271486,2,1.13455129522753,1.04537409586553,0.552382296839335,0.399867023482245,0.664123792543293
1202,0.964888710148786,2,1.06765292900697,1.04797675739048,0.505313383083642,0.36649913460463,0.664123792543293
1203,0.916060577265479,2,0.970678184505261,1.01020960635126,0.460601872234946,0.352737114632181,0.664123792543293
1204,1.00485003714683,2,1.01301886040773,1.09663448607509,0.514711590028286,0.379554192207839,0.664123792543293
1205,1.16220490971651,2,1.13105931064815,1.29078180554232,0.574745236288851,0.422495729365083,0.664123792543293
1206,1.16411218271381,2,1.08891078882371,1.28502569492533,0.628572999516304,0.408331253631316,0.664123792543293
1207,1.5325008965679,2,1.39300448710545,1.70507424253303,0.795211646854999,0.583834556776151,0.664123792543293
1208,1.14350706551393,2,1.00435910370127,1.24971482916437,0.582031055390111,0.414123422929113,0.664123792543293
1209,1.16811895380429,2,1.02897644033359,1.34164164392985,0.536873089723444,0.394148333562256,0.664123792543293
1210,1.01758521927927,2,0.883923469698361,1.16895147814271,0.465894455042124,0.353413214723502,0.664123792543293
1211,1.38022746030788,2,1.17047463297363,1.54574974758158,0.663740901716427,0.481489624625283,0.664123792543293
1212,1.37434549724331,2,1.12522772833718,1.47105759559912,0.720633630253447,0.56206260755998,0.664123792543293
1213,1.240811202135,2,1.05724685523618,1.40660062677084,0.653909403117538,0.460817078294434,0.664123792543293
1214,1.20882956926891,2,1.00207210724383,1.31579965428507,0.656562046430934,0.466032735074343,0.664123792543293
1215,1.33039216411772,2,1.12998727969286,1.47402408836568,0.644763588492325,0.507202597769604,0.664123792543293
1216,1.7304736879725,2,1.48061680518223,1.90473165246872,0.881247227457556,0.687711454848311,0.664123792543293
1217,0.897314515751719,2,0.733961725836392,0.934852218815634,0.559855700005083,0.420044543654958,0.664123792543293
1218,1.04878321923328,2,0.861979972988937,1.08429235518783,0.614071286546352,0.455454153188307,0.664123792543293
1219,0.913961620608452,2,0.784468336486171,0.964636259804851,0.498556344932207,0.400817070973328,0.664123792543293
1220,0.786870818371885,2,0.673945906611437,0.81912212160523,0.421558988880392,0.328857327770428,0.664123792543293
1221,1.04620483426278,2,0.930231191446156,1.10377152734451,0.578613949019786,0.486035668036323,0.664123792543293
1222,1.32040400156698,2,1.15835612313181,1.36758198357504,0.775487682491931,0.610777424019472,0.664123792543293
1223,0.716751461483574,2,0.595931012473238,0.714292009494558,0.513054225407017,0.390484646578982,0.664123792543293
1224,1.11379926865313,2,0.934907603898308,1.10944422483691,0.743194512872616,0.588400688003037,0.664123792543293
1225,1.24796817138386,2,1.07653809476146,1.25474571368929,0.953945732029592,0.737992162496711,0.664123792543293
1226,1.28393253809347,2,1.31550149339663,1.40834035651234,0.84577577623402,0.642380083281298,0.664123792543293
1227,1.01072918331166,2,1.00180053885756,1.08286270217456,0.82312901616128,0.58819401368274,0.664123792543293
1228,1.08128726105021,2,0.980394323165412,1.10134137238489,0.807466021576542,0.660261979729602,0.664123792543293
1229,0.995539865002545,2,0.93224666628423,1.02785340825119,0.737186232690422,0.607236064276146,0.664123792543293
1230,1.02399850082986,2,1.03903909177617,1.10040998685894,0.652636863505976,0.514602884708368,0.664123792543293
1231,1.11059009767566,2,1.10360790528239,1.17920333946606,0.692059556349177,0.560346668486542,0.664123792543293
1232,1.20987685687876,2,1.16389344960975,1.26292990207986,0.688140148379407,0.589891021861609,0.664123792543293
1233,1.04215559346584,2,0.980199445943754,1.07625510083579,0.634831048416467,0.557658316548683,0.664123792543293
1234,0.634335095281765,2,0.491742876247253,0.594404274642472,0.411248972032558,0.331511863394311,0.664123792543293
1235,0.857284407414579,2,0.844877993712372,0.915044863276846,0.510210119440735,0.460674011570602,0.664123792543293
1236,1.07647926931013,2,1.06036977629345,1.15634951614242,0.607226952825974,0.571539027150504,0.664123792543293
1237,1.1191500291379,2,1.03295882304076,1.16625383123535,0.757878043955922,0.694831100318679,0.664123792543293
1238,0.856204090748552,2,0.889632621948667,0.967302503233223,0.599794655378156,0.453685895339488,0.664123792543293
1239,1.11425209209052,2,1.0959424648554,1.22855457005128,0.780720171610845,0.684184066494116,0.664123792543293
1240,1.46861696348303,2,1.37089575137153,1.58121210452945,1.05186563912994,0.837617815232244,0.664123792543293
1241,1.17453041980778,2,1.08864110525027,1.2701035028266,0.72974830690974,0.678030811687259,0.664123792543293
1242,1.41513805267616,2,1.27007008282845,1.51069591924522,0.994098383103027,0.867161368929091,0.664123792543293
1243,1.03973698447248,2,0.963813803026034,1.1446759475419,0.698718829604528,0.603961594751239,0.664123792543293
1244,0.827224086702735,2,0.70100157261067,0.862995202656421,0.603107642510173,0.468520902843489,0.664123792543293
1245,0.64390431895509,2,0.589596354420904,0.717067434897801,0.402212426007002,0.325801010576059,0.664123792543293
1246,0.929559548175223,2,0.815804833468344,1.01469807029205,0.554787745584171,0.450481230726014,0.664123792543293
1247,1.13507993484658,2,0.990861719343335,1.24873025882876,0.653867357160122,0.5945020568499,0.664123792543293
1248,1.30160726668767,2,1.17184480463101,1.48483003977378,0.795151927088164,0.691357269889312,0.664123792543293
1249,1.15130551978576,2,1.02149487623621,1.3135950050367,0.767137718861913,0.622421710867144,0.664123792543293
1250,1.23641054582975,2,1.10937058654411,1.43875422009699,0.767340013965773,0.661922053883005,0.664123792543293
1251,1.20443224569177,2,0.948370697575776,1.26942258416829,0.808701434228206,0.716983877937025,0.664123792543293
1252,1.41923313119692,2,1.22565090298426,1.62424949317931,0.86460927742035,0.751128243968319,0.664123792543293
1253,1.17804596417205,2,1.02706668212541,1.36438118778905,0.799194535548631,0.683309962101473,0.664123792543293
1254,1.08385304204871,2,0.877632444270684,1.17922371065751,0.772836410569864,0.66454568880237,0.664123792543293
1255,0.963691787233593,2,0.803233017699099,1.07270084425059,0.731275162946254,0.599639118899332,0.664123792543293
1256,1.65944273455756,2,1.44449732366662,1.90960652698188,1.11691579525973,0.957838058167856,0.664123792543293
1257,1.28798633350673,2,1.1070706632143,1.45321721781958,0.867803011667407,0.730690022327202,0.664123792543293
1258,0.973827741508238,2,0.863120175330709,1.11599962757905,0.66430709849456,0.560663127704671,0.664123792543293
1259,1.34268970557949,2,1.21174950373324,1.54022109972895,0.920163024469128,0.794297212220729,0.664123792543293
1260,1.15287770082336,2,1.03388307018134,1.28989761217693,0.892011777518115,0.755620574773805,0.664123792543293
1261,1.03314160573775,2,1.00134376695468,1.21576857633993,0.696095610886364,0.581156411015165,0.664123792543293
1262,0.838246550353943,2,0.779956847003807,0.92581005407778,0.702667163303084,0.557844432412017,0.664123792543293
1263,0.795870938242721,2,0.820670906649717,0.943478751459304,0.541201952865433,0.441506956551869,0.664123792543293
1264,0.936403071910182,2,0.988046398048363,1.10251104103438,0.68149735001632,0.535941835606838,0.664123792543293
1265,1.01552294442523,2,1.13585731719293,1.22611168364024,0.743534705713819,0.579598994292963,0.664123792543293
1266,1.04213729915384,2,1.20587696918302,1.25763131512072,0.78894269965925,0.618185712691673,0.664123792543293
1267,1.06110905297772,2,1.26315831557169,1.27046026364737,0.830041078931967,0.710646205825053,0.664123792543293
1268,0.768262588430464,2,0.823355205442275,0.804589707643297,0.74528288255594,0.585096516340389,0.664123792543293
1269,0.858080889808108,2,1.02534246276231,0.960256832707378,0.82618008144503,0.695890262037103,0.664123792543293
1270,0.717557211430681,2,0.876647047975476,0.792253949767786,0.660432875718378,0.509985073248057,0.664123792543293
1271,0.659201291069622,2,0.862423703962231,0.74957653653475,0.583731171076324,0.458093265944259,0.664123792543293
1272,0.736353698955915,2,1.03194826120376,0.863561694058952,0.571620440273531,0.444776935584742,0.664123792543293
1273,0.564943737130213,2,0.835444955606473,0.675727809642529,0.416060438787908,0.34879203864488,0.664123792543293
1274,0.667462797370002,2,0.927620579418375,0.74196763866957,0.54257443973284,0.446231903392353,0.664123792543293
1275,0.679513538360281,2,1.0199038993004,0.790810486680642,0.534749125956723,0.417041591447228,0.664123792543293
1276,0.58509036687047,2,0.793720333506785,0.62259871478406,0.515336023291453,0.374620745481824,0.664123792543293
1277,0.816482023701616,2,1.1149262953487,0.869206357136875,0.661517245566914,0.524569520494213,0.664123792543293
1278,0.545903321413174,2,0.856520330186781,0.642409711407869,0.397559650701323,0.315118228731047,0.664123792543293
1279,0.323581256834824,2,0.497775729282302,0.375870112865893,0.251699417095078,0.184224118518372,0.664123792543293
1280,0.345280504725525,2,0.489256126831039,0.381153661369476,0.303791709707045,0.223907477689043,0.664123792543293
1281,0.734054282623588,2,1.11368430332297,0.85544961728872,0.561811803489392,0.443074780110402,0.664123792543293
1282,1.21990062752858,2,1.847826108203,1.43230127352529,0.891873303479605,0.756937081361657,0.664123792543293
1283,0.873166755108124,2,1.22031210975202,0.98261683573397,0.64841100157897,0.56219043491001,0.664123792543293
1284,0.887124069738236,2,1.11560084437368,0.945927916453465,0.725570023186676,0.609541505226652,0.664123792543293
1285,0.623882090075122,2,0.716659439525048,0.638343597041876,0.514344258502548,0.433142366250544,0.664123792543293
1286,1.10005353021731,2,1.26176744278564,1.13570873067353,0.885595609598386,0.75632529027777,0.664123792543293
1287,0.834894902443389,2,0.925735529988841,0.85422474383045,0.7503045546502,0.646694157797378,0.664123792543293
1288,0.788344126718957,2,0.863219834707136,0.808458282476125,0.706567636184606,0.583743390144305,0.664123792543293
1289,0.597409733119214,2,0.650269089132611,0.616200391975211,0.566777022921255,0.457344001834431,0.664123792543293
1290,0.738853802320545,2,0.798671426871741,0.766052359432989,0.678018649246978,0.542616326186439,0.664123792543293
1291,0.921051843826191,2,1.09609740734432,1.0201162819233,0.757107380646029,0.665502181973378,0.664123792543293
1292,0.68433745669434,2,0.820125057216591,0.769075600497462,0.525713194053953,0.442367357247871,0.664123792543293
1293,0.974242687056996,2,1.16993860907378,1.10658304433071,0.754143543066855,0.657340766936823,0.664123792543293
1294,1.092524900604,2,1.24536797402235,1.20821231762464,0.767328634154959,0.657968243474185,0.664123792543293
1295,1.13348908696447,2,1.33005255274934,1.28369845098253,0.842508651722542,0.746028443965739,0.664123792543293
1296,0.772497211162388,2,0.87931353669916,0.858632131702213,0.598192310188043,0.511928162138302,0.664123792543293
1297,0.943622140285011,2,1.03222179673519,1.0195274808619,0.73384195367722,0.641142191352701,0.664123792543293
1298,1.08821790390264,2,1.25816620633225,1.21771392848058,0.796264885446363,0.744976355307197,0.664123792543293
1299,1.15626865762076,2,1.24721900500398,1.22465886763776,0.774776118614117,0.718315857247136,0.664123792543293
1300,1.12847971986229,2,1.24971589332802,1.20779075482934,0.80732914472436,0.75683321053676,0.664123792543293
1301,0.528750274428951,2,0.65090275561681,0.605542219511316,0.346070758681591,0.312792163401376,0.664123792543293
1302,0.670350202681767,2,0.862578599968985,0.785962324941594,0.426752321058939,0.383172122967969,0.664123792543293
1303,0.85058201869771,2,1.02543011713058,0.942364466392638,0.583970124224099,0.546400375023393,0.664123792543293
1304,0.644524624582877,2,0.807619689441062,0.728801065367686,0.445782747189034,0.393413270650431,0.664123792543293
1305,0.580491477974935,2,0.745663976684784,0.663945581239993,0.352854929425691,0.307953980813833,0.664123792543293
1306,0.628058628758541,2,0.743403603200502,0.677049428156316,0.430308161559586,0.380839157582329,0.664123792543293
1307,0.45517929674074,2,0.555014098124518,0.499742597791839,0.289134954739464,0.249097284291766,0.664123792543293
1308,0.787046802894881,2,0.954645069790236,0.861201420371289,0.483806343383205,0.414676402210337,0.664123792543293
1309,0.924455660374421,2,1.09762793615437,0.999427879907086,0.630352154094412,0.544683751426973,0.664123792543293
1310,0.842767341051255,2,0.965134868983139,0.893642973338987,0.513241548517977,0.430278569467476,0.664123792543293
1311,0.967052995219777,2,1.13816401620444,1.0400805136954,0.635958875192632,0.595392272665509,0.664123792543293
1312,1.24450493835176,2,1.36431686773702,1.28955272465445,0.756895093062606,0.771989146665385,0.664123792543293
1313,1.22954771617716,2,1.34238714764127,1.26795254856953,0.84938482581307,0.741903706160516,0.664123792543293
1314,1.50715016210695,2,1.70880917203837,1.57337340627853,0.957227695325768,0.971641778626598,0.664123792543293
1315,0.932897835582978,2,1.10562651604508,0.986476785413387,0.6574585066899,0.597542982004786,0.664123792543293
1316,0.895890714162102,2,1.04926161808682,0.93396807311161,0.61078691303676,0.560378322073783,0.664123792543293
1317,0.409539249777255,2,0.511669254897888,0.435583173428169,0.288360602407759,0.258474613050851,0.664123792543293
1318,0.543407631909422,2,0.66679115648884,0.567944782241499,0.365562941701777,0.339379313880572,0.664123792543293
1319,0.651097152962952,2,0.818273178004265,0.682199104626913,0.495825278547489,0.407494051397162,0.664123792543293
1320,0.795082154352663,2,1.00336592087224,0.828310575997051,0.525373749148158,0.473718735733968,0.664123792543293
1321,0.859251429836258,2,1.11800811151559,0.902566644223614,0.624005133628888,0.50072456498104,0.664123792543293
1322,0.694560267709327,2,0.977660942977754,0.75569761653156,0.458163229669986,0.356335872276488,0.664123792543293
1323,0.642321306060708,2,0.88799474879334,0.69023066437873,0.4148558503928,0.371656415166252,0.664123792543293
1324,0.443534973642033,2,0.577372305140243,0.461174606657053,0.31221410737723,0.267628489087577,0.664123792543293
1325,0.687720740610387,2,0.938211961021963,0.733347303340657,0.429300250078649,0.391852666571568,0.664123792543293
1326,0.677536148456375,2,0.900790904336054,0.714346054947565,0.492112810905075,0.409528224694756,0.664123792543293
1327,0.687351448481295,2,0.896676986650177,0.720195670937098,0.537005639184067,0.458946338858787,0.664123792543293
1328,0.986351660631985,2,1.24702262211788,1.02200574456554,0.70780712651569,0.619454818106608,0.664123792543293
1329,0.933750819934306,2,1.17039493147339,0.967873929071064,0.671774543564111,0.608520526802353,0.664123792543293
1330,0.742585280536879,2,0.940580610222745,0.776277643569944,0.528775445003886,0.425711673038325,0.664123792543293
1331,0.948736592240915,2,1.16969797011402,0.983540973014791,0.636012945538413,0.574975048879852,0.664123792543293
1332,0.969903340351927,2,1.14535118013838,0.991489718709734,0.652196752358381,0.591367029562975,0.664123792543293
1333,1.02242841604267,2,1.17309231316601,1.03718260523995,0.686574144216791,0.613733158136375,0.664123792543293
1334,0.81217107808866,2,0.936575063301129,0.827281871814059,0.592637589393598,0.515686767007072,0.664123792543293
1335,0.98866056842138,2,1.13812046035188,1.00837010313072,0.715803992269529,0.608875647509968,0.664123792543293
1336,0.580602449837796,2,0.665747892425563,0.592438722260789,0.405623684323752,0.322583229900844,0.664123792543293
1337,0.724434625182717,2,0.806034949622398,0.733702089360455,0.545992076857251,0.430214653424598,0.664123792543293
1338,0.930524234496982,2,1.02931868775539,0.942593170412613,0.582277312887917,0.488557511005407,0.664123792543293
1339,1.00034395039993,2,1.09923088123733,1.01324002767159,0.650190466330123,0.542508283417515,0.664123792543293
1340,0.851422497123382,2,0.944001997526905,0.866258974427448,0.507009428496548,0.46198750053784,0.664123792543293
1341,0.945954756354374,2,1.01579431425384,0.955038265255677,0.64662155208498,0.564214027203634,0.664123792543293
1342,0.877620794672111,2,0.933813467780231,0.885051157537047,0.533750386819772,0.467470409333359,0.664123792543293
1343,0.970143839415378,2,1.02041748802991,0.976383728138025,0.641745131352998,0.539451662047631,0.664123792543293
1344,0.82937237434667,2,0.856616420829512,0.831013720872445,0.511218717340162,0.438226709475855,0.664123792543293
1345,0.925955349703533,2,0.952049660893352,0.927393022522817,0.561345556931323,0.442894165196595,0.664123792543293
1346,1.08527317514586,2,1.10414173587485,1.08356908598427,0.620229362389184,0.510049006237042,0.664123792543293
1347,1.27218549459022,2,1.28539060020282,1.2673922041849,0.779114920512822,0.645865778091224,0.664123792543293
1348,0.822177344529915,2,0.828524672693856,0.81698055150862,0.491393291939125,0.420239789196139,0.664123792543293
1349,0.89077094599462,2,0.893669706622329,0.88256346159669,0.549192611611547,0.494371970835787,0.664123792543293
1350,0.88134746866772,2,0.895918740995465,0.872613723372227,0.531819218911886,0.449101032114663,0.664123792543293
1351,1.2270027472442,2,1.23943642353046,1.20954715699648,0.711429140470346,0.62053716404762,0.664123792543293
1352,1.21186989866138,2,1.22506852955366,1.18992289542546,0.767313320722726,0.641057700657856,0.664123792543293
1353,1.38440606593555,2,1.39472061785921,1.3520257481309,0.790830340412592,0.737580301550485,0.664123792543293
1354,0.657099466448356,2,0.671243716670413,0.639741339942829,0.467944147714914,0.356584258596167,0.664123792543293
1355,0.751960822067506,2,0.79839224086963,0.73254171500438,0.454596500220133,0.363992995892212,0.664123792543293
1356,1.12031265617476,2,1.23481952247281,1.09133069757687,0.665249422612436,0.523268958176778,0.664123792543293
1357,0.974632850675073,2,1.08236878300667,0.94402406806245,0.605493910984534,0.482410944717083,0.664123792543293
1358,0.79230328136112,2,0.824760480764026,0.753816182448674,0.498504803020921,0.400301074095339,0.664123792543293
1359,0.837107433568654,2,0.912431321015688,0.796537216782934,0.540986500913788,0.474941583558131,0.664123792543293
1360,0.807922978672358,2,0.932237279600114,0.770204951326647,0.578682217041549,0.479400029908158,0.664123792543293
1361,0.67373683623263,2,0.810814513657564,0.641943388711286,0.481443269580777,0.392226146726519,0.664123792543293
1362,0.823803060866448,2,1.00492838359336,0.780695819522781,0.586802408360075,0.442434793907325,0.664123792543293
1363,0.742345053504148,2,0.920473808040481,0.700021784835857,0.543689464775978,0.407931257858374,0.664123792543293
1364,0.642739573721686,2,0.792059265915186,0.600602102192569,0.434769505155899,0.338273690089847,0.664123792543293
1365,1.0172084892251,2,1.32573988843884,0.952550004362467,0.640597517607393,0.527371686314593,0.664123792543293
1366,0.81813322139739,2,1.08114768176424,0.761602682360439,0.540445137513238,0.398940848579304,0.664123792543293
1367,0.789249884597536,2,1.09808350715505,0.735879325598668,0.557911498491452,0.418448741683279,0.664123792543293
1368,0.775634525407392,2,1.11869110173881,0.722043388384683,0.544416976381824,0.412844658078013,0.664123792543293
1369,0.507501513101009,2,0.838239406490939,0.484444862688058,0.417313929287417,0.29630647890073,0.664123792543293
1370,0.852066105923022,2,1.29279295506888,0.785801287710413,0.584279347477083,0.468046865144087,0.664123792543293
1371,0.703388605651735,2,1.08601713651808,0.643292984542094,0.489731913607132,0.378712099083114,0.664123792543293
1372,0.593311458578127,2,0.97490081220009,0.545890621202477,0.434375147177592,0.343330453004733,0.664123792543293
1373,0.554955343981372,2,0.958683252401862,0.512600808663847,0.416971464651805,0.340184998776223,0.664123792543293
1374,0.655275846315313,2,1.19567299622406,0.611113885849737,0.478640680162635,0.413356252196998,0.664123792543293
1375,0.425937558404558,2,0.819006295548501,0.403316083346841,0.322985546522132,0.266992126108308,0.664123792543293
1376,0.538901438732908,2,1.04303891176955,0.505466797231131,0.422301048471046,0.35127035843881,0.664123792543293
1377,0.441323335876743,2,0.886556851103786,0.423198427665749,0.341209075073074,0.263569590664249,0.664123792543293
1378,0.553494114283916,2,1.10065349045366,0.523573988115717,0.390421637418971,0.319663307059064,0.664123792543293
1379,0.494552689872339,2,0.973591075968229,0.465191593331513,0.363583026364594,0.30028539354096,0.664123792543293
1380,0.285672632751122,2,0.560357007422589,0.273140868749187,0.218910682823558,0.170987309269094,0.664123792543293
1381,0.439206215171361,3,0.839219797790884,0.483410838889086,0.457744157118025,0.331818660938178,0.649581522140769
1382,0.221972625436246,3,0.422370991780025,0.206624628913135,0.231873523469806,0.166091201365092,0.649581522140769
1383,0.369887707046439,3,0.694838323983964,0.342078878549359,0.325630859591452,0.269334899867298,0.649581522140769
1384,0.634548983651142,3,0.968613884062228,0.663247756718771,0.422743851547763,0.37011555814547,0.649581522140769
1385,0.568212144850007,3,0.827694903036482,0.643993288857028,0.562856725776102,0.352022508612458,0.649581522140769
1386,0.995346074414926,3,1.17429612912463,0.703364061359372,0.647467576839425,0.441894863898652,0.649581522140769
1387,1.03235538639924,3,1.13600594394731,0.900051271049793,0.595549697352224,0.499155587103919,0.649581522140769
1388,0.864248074564493,3,0.831049138587794,0.716390005998553,0.503048388291813,0.384422875777531,0.649581522140769
1389,1.15477354713477,3,1.11059136969373,0.987681613388185,0.674783247646599,0.5435166934859,0.649581522140769
1390,1.40840408013482,3,1.38229163057128,1.30444434019035,0.830952299337755,0.756391217643162,0.649581522140769
1391,1.26665228407017,3,1.17185282599816,1.16938257735484,0.701782701448297,0.498239634825584,0.649581522140769
1392,1.1401315880733,3,1.12273301326194,1.05684267362904,0.719484539611874,0.620889014447673,0.649581522140769
1393,1.0006033176779,3,0.965411698169932,0.941224381694035,0.632600985208782,0.495504722913355,0.649581522140769
1394,1.25777949551734,3,0.992233802814772,1.0001702838293,0.647744248458362,0.486768352983473,0.649581522140769
1395,0.800920750073264,3,0.774986300685908,0.823786612759849,0.500107484247583,0.510222261569746,0.649581522140769
1396,1.05033702206872,3,1.16261533177672,1.11668063158133,0.73144669217583,0.772921897101153,0.649581522140769
1397,1.11554037835005,3,1.38005576653299,1.22939812821264,0.702430887763362,0.659584694890569,0.649581522140769
1398,0.961578563756759,3,1.10036482234704,1.0514812026805,0.651397848455351,0.589809751701142,0.649581522140769
1399,0.912581229099198,3,0.859017322667773,0.973219311825247,0.613261933165657,0.492406758138317,0.649581522140769
1400,0.587863556784371,3,0.556858437544924,0.539373485780427,0.326602684570507,0.245986344568134,0.649581522140769
1401,0.473001551854319,3,0.498323228298267,0.480958289306713,0.382028837170983,0.258468381864813,0.649581522140769
1402,0.875639986395897,3,1.06015210511615,0.871479090060928,0.722614632433187,0.511451346005247,0.649581522140769
1403,1.07756163278062,3,1.10433202075588,0.929785560412171,0.729193689793674,0.774148503422225,0.649581522140769
1404,1.0846437223239,3,1.15352147552451,0.913965085001767,0.659421642635684,0.56654677629352,0.649581522140769
1405,0.96593006400305,3,1.07252087256767,1.06710328914985,0.679350216209259,0.57812128359438,0.649581522140769
1406,1.26949237590866,3,1.18630379187516,1.14016013377992,0.658110505339514,0.617930956344006,0.649581522140769
1407,1.18210444119756,3,1.14252655454981,1.00961169602397,0.689227348797601,0.579752930082936,0.649581522140769
1408,1.0166703329938,3,1.06242983094375,0.931498771488955,0.54659662239845,0.482978335279583,0.649581522140769
1409,1.15231886659127,3,1.0386601256266,1.04227163040332,0.682920520339859,0.579540143986527,0.649581522140769
1410,0.418702763985148,3,0.506134824191036,0.473341747148097,0.355176591206432,0.269808517750863,0.649581522140769
1411,1.08333858433946,3,1.126893168665,1.15058946891961,0.693976134852524,0.7390905701571,0.649581522140769
1412,1.17039937146612,3,1.01653294449153,1.1452453700422,0.629181087829993,0.573157176741766,0.649581522140769
1413,1.02738110556273,3,0.858415454594363,0.932519037504498,0.624519471986386,0.609486088023813,0.649581522140769
1414,1.00955694273515,3,0.843747518896862,1.05116746119977,0.555271305128008,0.542674773451678,0.649581522140769
1415,1.36151166223766,3,1.13842704963815,1.34161399467398,0.817876239104615,0.985241661687598,0.649581522140769
1416,1.45729947199089,3,1.17944063213755,1.51861379196539,0.850238878833934,0.67644737625114,0.649581522140769
1417,1.05780941988249,3,0.902303776476744,0.96204425566634,0.68502748854024,0.626502415041808,0.649581522140769
1418,1.35138922788185,3,1.1033023462717,1.2265881800863,0.966956604229648,0.843075228816941,0.649581522140769
1419,1.32233170753916,3,1.00008262547358,1.25185285478986,0.861801655859828,0.881753120017235,0.649581522140769
1420,1.44886856126404,3,1.08699996822236,1.34615917328505,0.952353593321495,1.02798516790231,0.649581522140769
1421,1.50323039039442,3,1.19186098180689,1.52615985387244,0.888366205642222,1.00612399409608,0.649581522140769
1422,1.36651632517625,3,1.03155658361179,1.38779588091297,0.790100820548128,0.857511491616703,0.649581522140769
1423,1.09553558133833,3,0.694391415200435,0.861215867785033,0.498090672485311,0.461264868985598,0.649581522140769
1424,1.51571153985448,3,1.14768770318221,1.38078721834588,0.862137427996817,0.819801603622998,0.649581522140769
1425,1.40971061151286,3,1.00994596094763,1.30610171448614,0.833406133023672,0.6853600194133,0.649581522140769
1426,1.0049734561296,3,0.873205042338825,0.884560775584832,0.555450465419375,0.467763862079615,0.649581522140769
1427,1.14788275311092,3,0.84756545619971,0.910364832664007,0.622657498154089,0.515090114547346,0.649581522140769
1428,1.66563662106837,3,1.22347687473166,1.52655248341133,0.860094761604217,0.795295706913604,0.649581522140769
1429,1.07270610687115,3,0.767286221950175,1.10722475619872,0.574001742727323,0.669147075380114,0.649581522140769
1430,1.55605362729993,3,1.09586317063849,1.47774626712744,0.819897144914773,0.991022106209426,0.649581522140769
1431,1.71281805236059,3,1.2421853661775,1.62724158970263,1.06606498468077,1.03750827446201,0.649581522140769
1432,1.57198923635058,3,1.12290861229014,1.43814890192543,1.13519924962189,1.10165914780328,0.649581522140769
1433,1.29922934095636,3,1.0071310565089,1.30675901402752,1.00472420094506,0.897308345787717,0.649581522140769
1434,1.05755201649832,3,0.897061717251994,1.22204086809084,1.00802147227024,0.872511177500198,0.649581522140769
1435,1.57731865948757,3,1.05072671119126,1.42887321962898,1.0155147330021,0.774367439578847,0.649581522140769
1436,1.52296136083643,3,1.11197314196412,1.33086029790879,0.851172290192891,0.695804027511338,0.649581522140769
1437,0.803558738339449,3,0.578937372677402,0.724960888753206,0.468607711310784,0.350448908866255,0.649581522140769
1438,1.1495927487487,3,0.917921413364478,1.1169368069579,0.654014362066575,0.462787810225226,0.649581522140769
1439,0.952859002178242,3,0.746578624163538,0.907646695070628,0.497438353639706,0.443870983940744,0.649581522140769
1440,1.43078514794071,3,0.954950758321982,1.35140203997095,0.934465284085448,0.65067521117298,0.649581522140769
1441,1.57525391491654,3,1.10399888126897,1.57859086048605,1.0567600744633,0.81605396604309,0.649581522140769
1442,1.24669174533359,3,0.911758864672068,1.1006261261679,0.838308586711021,0.667013881258209,0.649581522140769
1443,1.66712363215079,3,1.17052797347197,1.4663937750012,0.938373928284721,0.703099290315948,0.649581522140769
1444,1.7123520305144,3,1.29082261580466,1.49276442941112,0.975954649415004,0.692697850152398,0.649581522140769
1445,1.30733737743322,3,1.15336387674034,1.18396329289813,1.13965976869409,1.15004640886242,0.649581522140769
1446,0.752716921067891,3,0.591618431647236,0.688283686866901,0.793813479940953,0.485216439108848,0.649581522140769
1447,1.22128261418781,3,0.968896857010211,1.08898541655272,0.887912460131597,0.672568371183934,0.649581522140769
1448,1.25689962199611,3,1.04882037879198,1.12762962791048,0.856253323092128,0.696645696689497,0.649581522140769
1449,1.43102436271931,3,1.07849071592047,1.28549846196264,0.920200296383892,0.634782898139058,0.649581522140769
1450,0.996164993130167,3,0.847705900965437,0.875387094540422,0.825771526112276,0.569164126015174,0.649581522140769
1451,2.03659364751202,3,1.35055041518581,2.0675067188872,1.18059472264132,0.921265212060307,0.649581522140769
1452,1.65710196598872,3,1.15762363169867,1.47137123212286,1.18634188162999,1.1355942077566,0.649581522140769
1453,0.916831280274588,3,0.805565937871413,0.825848604672854,0.814304829649322,0.503364764420237,0.649581522140769
1454,0.552299967254247,3,0.658143487957768,0.556175813741075,0.623653091098798,0.439097083827027,0.649581522140769
1455,1.06428479972366,3,1.18830011769341,1.06019475277121,1.36122751773734,0.741847580896719,0.649581522140769
1456,1.08268080132358,3,1.06709942213895,0.937798391698739,1.26627672644475,0.814098835765469,0.649581522140769
1457,1.28310481381098,3,1.15663406669923,1.1514583141538,1.12746307273636,0.703221761044569,0.649581522140769
1458,1.41898319800315,3,1.18088657974807,1.24755227741791,0.961710178021609,0.368200611763939,0.649581522140769
1459,1.38408029459058,3,1.19221390677522,1.35495688355711,0.932725945656382,0.493444547975092,0.649581522140769
1460,0.684575210091046,3,0.731814896126925,0.755111974561814,0.390262156470034,0.275034102816022,0.649581522140769
1461,0.591481771445001,3,0.583280384239066,0.547748924748421,0.441029749231131,0.266456169717581,0.649581522140769
1462,1.08912011452053,3,1.07807093748536,0.975268304362661,0.803488052374346,0.515424532327412,0.649581522140769
1463,1.39252691777135,3,1.21961058675712,1.07921236470788,0.905013449599191,0.608724683087373,0.649581522140769
1464,1.1470481528239,3,1.17969985615443,1.01059807771669,0.851782207506415,0.603334491682326,0.649581522140769
1465,0.71860836989747,3,0.743204463036443,0.662591803410472,0.734154330795702,0.406310889110642,0.649581522140769
1466,0.64814793876926,3,0.898378342388638,0.722248755342928,0.667091032561558,0.513337636375106,0.649581522140769
1467,0.923014542990707,3,1.03347134957259,0.846867434737633,0.820019023673735,0.703052694187015,0.649581522140769
1468,0.859635142294021,3,0.899307442890528,0.773082482579567,0.782637953077319,0.501160029043773,0.649581522140769
1469,0.529125068696902,3,0.798506517659295,0.532938124015975,0.608819040141502,0.400911872361006,0.649581522140769
1470,1.00821126669292,3,1.05655552519486,0.907979344438651,0.683558771665535,0.463645392936054,0.649581522140769
1471,0.718056350502847,3,0.96576048472347,0.790580269887471,0.708715875947305,0.399011233529628,0.649581522140769
1472,1.1419059991933,3,1.03759617984237,1.01418313827224,0.761573124686402,0.508354302122135,0.649581522140769
1473,1.50044183241083,3,1.38718908559775,1.32883899685026,0.964144353385895,0.483141401838104,0.649581522140769
1474,0.665171653636653,3,0.880280782401895,0.732425267650103,0.736762179500421,0.445681385754867,0.649581522140769
1475,0.738986141936019,3,0.624892012101226,0.637435563063048,0.441122448850666,0.317392481956575,0.649581522140769
1476,0.908510886752588,3,0.61373452962231,0.644296761038686,0.562319274297144,0.392303294179837,0.649581522140769
1477,0.608549170043105,3,0.715566063453239,0.686240061105548,0.496286353642172,0.320487293970428,0.649581522140769
1478,1.17306619775255,3,0.929238743684042,0.898966679178939,0.691982445327981,0.468879456869613,0.649581522140769
1479,1.21872009386229,3,1.00219702924329,1.05754332569433,0.770892842536097,0.581984406862784,0.649581522140769
1480,1.5574273520404,3,1.15467220695955,1.2325022076355,0.935955348588366,0.760315534461031,0.649581522140769
1481,1.28567866635416,3,1.02058138738956,1.11255206372416,0.747738157989777,0.677600537520179,0.649581522140769
1482,1.11017073837946,3,1.07293987321907,1.15504750917625,0.835136684166433,0.752970758038679,0.649581522140769
1483,0.792121769812125,3,0.750493309585896,0.838201920604906,0.657521348726558,0.483357172964713,0.649581522140769
1484,1.18329853268828,3,0.96951092654632,1.09531081797328,0.812337591990211,0.677046652053643,0.649581522140769
1485,1.35269326559982,3,1.07928496219368,1.25817026023712,0.941082305076991,0.793717925556865,0.649581522140769
1486,1.53631416496633,3,1.23421217528814,1.52005931142655,0.932571851885558,0.771130422049255,0.649581522140769
1487,1.34589930803287,3,1.09801592913344,1.26957376666818,0.810456440308455,0.6725672408624,0.649581522140769
1488,1.36756921330778,3,1.07316344335746,1.24728075599398,0.882929110041306,0.783476484218446,0.649581522140769
1489,1.59583343147871,3,0.985670690644883,1.25949644996291,0.628475319255244,0.709238962310523,0.649581522140769
1490,1.86254906158702,3,1.33302173736772,1.59661345042822,1.08627170597074,0.917060464671333,0.649581522140769
1491,1.50765494651957,3,1.27589176346166,1.43075888653284,1.04298695150174,0.943362090814176,0.649581522140769
1492,1.19924194756099,3,0.872288910837903,1.08857232076888,0.79146724052304,0.556967942874514,0.649581522140769
1493,1.23953001857475,3,1.03142640546211,1.14927940704227,0.981625497158763,0.705044597136806,0.649581522140769
1494,0.986499137000061,3,0.706009580351826,0.807358478166569,0.640108463620453,0.473652759004907,0.649581522140769
1495,0.824897747791206,3,0.711350296381973,0.765895342298823,0.629175604812078,0.640722642948449,0.649581522140769
1496,1.04406422860023,3,0.947269491354377,1.14027236254712,0.754703021909964,0.59431354411116,0.649581522140769
1497,1.07517621737548,3,0.972099935398525,1.11953277052977,0.739243975261645,0.694433327459219,0.649581522140769
1498,1.30698971968792,3,1.26169752078604,1.4648693624838,0.98167996454137,0.941712763996506,0.649581522140769
1499,0.861328331596236,3,0.948251381179353,0.852274379746293,0.706795180238561,0.590945187729729,0.649581522140769
1500,1.21194625113746,3,1.14602541991005,1.30890159740996,0.806579810024004,0.661200467709136,0.649581522140769
1501,0.443583486775066,3,0.410926295903933,0.485932481331387,0.422891288828482,0.26839424099859,0.649581522140769
1502,0.813710913525242,3,0.572340675311405,0.597729358122934,0.548693291503811,0.354816568492784,0.649581522140769
1503,0.811881809450897,3,0.62983512316946,0.736040548103528,0.381455042665407,0.390765813381507,0.649581522140769
1504,1.23560572346689,3,1.05118311354227,1.0219579039125,0.612750312069476,0.604430860376319,0.649581522140769
1505,0.800487369224712,3,0.935379397166944,0.808181757931701,0.740559921159359,0.827973109405072,0.649581522140769
1506,1.6968308774166,3,1.64061548183441,1.54900031551164,0.977082176374482,1.0026689288755,0.649581522140769
1507,1.09130932119057,4,0.997343998276754,1.12071088166815,0.661819050879889,0.543002775292999,0.75216357774735
1508,1.69310978438943,4,1.57293200577622,1.60337388673678,1.00218487970834,0.785622626732093,0.75216357774735
1509,1.57065070559905,4,1.42152160173709,1.48799135324358,0.810534720458654,0.69171637446202,0.75216357774735
1510,0.984944647120413,4,0.885195050302623,0.910120547915944,0.54876573155245,0.43009361781732,0.75216357774735
1511,0.916646821893704,4,0.777258039583202,0.827930728554417,0.44107961885483,0.43981042881074,0.75216357774735
1512,0.788506465432757,4,0.699343785969658,0.759585374210086,0.458339611533992,0.364429425603983,0.75216357774735
1513,0.605333331716446,4,0.429442559287702,0.56552717359904,0.324703151673577,0.251640733465893,0.75216357774735
1514,1.31509189455735,4,1.06423284844925,1.22493658723241,0.677620735752516,0.58832003401603,0.75216357774735
1515,1.00255458787362,4,0.767001709312572,0.944671901241392,0.598893813473048,0.451441805247199,0.75216357774735
1516,1.13344276750597,4,0.871303971198297,1.03139391028756,0.560879955022357,0.472270327802994,0.75216357774735
1517,1.25346365930978,4,1.01547168490686,1.0875233164572,0.740263972969572,0.64742048922577,0.75216357774735
1518,0.66557764556907,4,0.603818783951416,0.6803433579542,0.528068300018897,0.40219074264499,0.75216357774735
1519,0.998058175334918,4,0.969240374211912,0.970156476673242,0.782674767062207,0.653427624818673,0.75216357774735
1520,1.35849707643235,4,1.02552157861707,1.36787631422748,0.786092471129761,0.667133801562577,0.75216357774735
1521,1.58558935582774,4,1.32068610231559,1.42676671044695,0.957036857587178,0.886762785606158,0.75216357774735
1522,1.32043904971587,4,1.06021956890302,1.31369271055991,0.820340392043003,0.662039047135787,0.75216357774735
1523,1.26656901158596,4,1.06918936388774,1.31993161888121,0.837765145024769,0.691114558394205,0.75216357774735
1524,1.37775147617956,4,1.32023223509773,1.39797665229662,1.01032753224534,0.917984583503093,0.75216357774735
1525,1.65671685704508,4,1.54993264526997,1.99531378767033,1.04480673070507,0.906339146240363,0.75216357774735
1526,1.30348845661026,4,1.13107988854617,1.39781123199466,0.846156994101426,0.732407232684265,0.75216357774735
1527,1.13373391685335,4,0.953101806915408,1.17566966843691,0.673397218683347,0.532631355921951,0.75216357774735
1528,1.28553544531257,4,1.11780689991585,1.30744366051219,0.821350999348464,0.679901742940399,0.75216357774735
1529,1.2927820077749,4,1.2389333462141,1.39605345026236,0.861190546929636,0.701892250021494,0.75216357774735
1530,0.843734494932104,4,0.79878317818292,0.804237040101502,0.555608877424515,0.373817662745714,0.75216357774735
1531,0.980012567888573,4,1.05822447262876,1.05022428320267,0.596866678147765,0.418845844795149,0.75216357774735
1532,0.438078733737323,4,0.499807393746883,0.467710972559121,0.25573490687986,0.148337490386653,0.75216357774735
1533,0.668422210632184,4,0.619567377644721,0.691069592608022,0.4257863669852,0.328919005054571,0.75216357774735
1534,0.252245878729636,4,0.329882104420038,0.265130945356831,0.21603156506339,0.105548505020669,0.75216357774735
1535,0.612296518674025,4,0.797941015605135,0.633837930981981,0.419770390727414,0.303851948968157,0.75216357774735
1536,0.781587153280949,4,0.917427294244494,0.791122162543801,0.557684401251029,0.398857889271852,0.75216357774735
1537,0.791111578678826,4,1.11525724106892,0.854024764244722,0.565683123395223,0.450322285701695,0.75216357774735
1538,0.880380274947435,4,1.16413843458664,0.833954474596237,0.68100222842317,0.498094816387136,0.75216357774735
1539,0.746154909545898,4,1.06082336726888,0.750202452154279,0.557548262628963,0.393585246727647,0.75216357774735
1540,0.827578857368374,4,1.23091415556775,0.824089956223113,0.549224970765716,0.421073980526784,0.75216357774735
1541,0.724461359745335,4,1.06611620404906,0.725805576810371,0.539948190431913,0.354448762506779,0.75216357774735
1542,0.570462728967821,4,0.878158787353465,0.58143932570956,0.425098055822262,0.303518685749669,0.75216357774735
1543,0.35822101555439,4,0.530568641262961,0.375051361639207,0.239738350931443,0.154369702553389,0.75216357774735
1544,0.640063849603094,4,1.04618347278924,0.708739831513146,0.554128833640568,0.419694304327021,0.75216357774735
1545,0.447598000935773,4,0.658842523516783,0.478172852244678,0.361295214242805,0.183998284910997,0.75216357774735
1546,1.04364470371064,4,1.33328631952952,0.957310007191204,0.705786443441661,0.562363387476223,0.75216357774735
1547,0.364304845059636,4,0.495457366334,0.376383082560317,0.351445678593214,0.195423331853362,0.75216357774735
1548,0.461420014355876,4,0.666236559013524,0.466185278375072,0.386957158367447,0.279402698040388,0.75216357774735
1549,0.699446395645916,4,0.73796804028983,0.684276025370299,0.526663054045592,0.380106645569338,0.75216357774735
1550,0.872326376772676,4,1.12245585289909,0.872924247187988,0.707201667925724,0.395524424238599,0.75216357774735
1551,1.06449882185754,4,1.29173561163041,1.10349979707966,0.696463984565948,0.40152161051711,0.75216357774735
1552,1.1963138306172,4,1.18328539462131,1.17397906285413,0.768589355700207,0.331288079848654,0.75216357774735
1553,0.762787471879072,4,0.77253503727606,0.784341598346872,0.625635327638462,0.227832197315101,0.75216357774735
1554,1.04124693473139,4,1.15146715992442,1.07623363205543,0.786739971755963,0.424052341679065,0.75216357774735
1555,0.750545093711216,5,0.867062989577547,0.86745127872993,0.755403486087538,0.42153584513997,0.691243310716343
1556,0.878974195364835,5,1.01710873360563,0.976362658408703,0.874664158773148,0.531199920815618,0.691243310716343
1557,1.15673829284063,5,1.25673053203923,1.24981418346781,0.980889926300518,0.560549395353092,0.691243310716343
1558,1.17477774615453,5,1.29390100004605,1.31914084982381,1.0304293885408,0.734766769977366,0.691243310716343
1559,1.02546471328689,5,1.1016959429969,1.14059462137061,0.900611914281215,0.775992063496246,0.691243310716343
1560,0.856011723039925,5,0.925360000858827,0.918104156431049,0.780517634909459,0.489385746945323,0.691243310716343
1561,1.00068080575012,5,0.982248544970447,1.0379965562824,0.810117051387255,0.509301313197954,0.691243310716343
1562,0.888410167535263,5,1.03499385301532,0.922351397080742,0.406888719064284,0.398663652500449,0.691243310716343
1563,0.726842927553746,5,0.803639671883873,0.75848888463657,0.611485456402674,0.382710639395398,0.691243310716343
1564,0.92133103248999,5,1.00619426062461,0.919007960090961,0.69714234420674,0.49657957849935,0.691243310716343
1565,0.968069431954611,5,1.10619045927239,1.01422304776456,0.730141768302318,0.453128411329915,0.691243310716343
1566,0.734263929639504,5,1.0637978670174,0.68330382509993,0.988319853212514,0.725908732274589,0.691243310716343
1567,0.743582164190389,5,0.860025417922806,0.678216588650612,0.729375354872659,0.413150106054972,0.691243310716343
1568,0.728799251696569,5,0.774524190663082,0.722315958848061,0.687789436631336,0.409818042831868,0.691243310716343
1569,0.484492831857899,5,0.609943683229187,0.499413732276505,0.584074585081257,0.26045311858464,0.691243310716343
1570,0.661107511500444,5,0.701739680523255,0.66364708870764,0.67698967862978,0.253135189050133,0.691243310716343
1571,0.924193447901037,5,1.16548041797278,0.975821254782469,0.795155612531041,0.387739947931839,0.691243310716343
1572,0.900814551631292,5,1.01245370088028,0.901492350639913,0.821945780433385,0.571778615171521,0.691243310716343
1573,0.589054744744322,5,0.864792407056837,0.686977953721826,0.693494748310057,0.379056133481521,0.691243310716343
1574,0.85442952049869,5,0.935415063635567,0.842098275563024,0.9491118845226,0.762757202690447,0.691243310716343
1575,0.831502054702515,5,0.99633114530646,0.821420812085154,0.794756158611459,0.503234625182137,0.691243310716343
1576,1.07351833278886,5,1.16111670290025,1.04066699997221,0.899014111933995,0.708829610456146,0.691243310716343
1577,1.21886137863759,5,1.37102895202086,1.19891571647261,0.937938842577257,0.691409060062082,0.691243310716343
1578,0.801317256561321,5,0.886689852134359,0.789964422333128,0.813281549239655,0.494123968333121,0.691243310716343
1579,1.09162896919363,5,1.25777629909559,1.09063118615852,0.765604648923424,0.548834104672408,0.691243310716343
1580,0.691495888464584,5,0.971229517084663,0.687441197405542,0.587621766284619,0.404240751497245,0.691243310716343
1581,0.599207254826104,5,0.843096661349176,0.612896467926012,0.662470999207243,0.304027071845713,0.691243310716343
1582,0.581342852679453,5,0.837894112497813,0.645751154950783,0.483073871162203,0.278438392877391,0.691243310716343
1583,1.30562955269665,5,1.54082569142513,1.28720126912063,0.942537011697058,0.687477148789593,0.691243310716343
1584,0.836714844059173,5,1.04367005468665,0.832595796825279,0.426616464830914,0.28048484724198,0.691243310716343
1585,0.662631967257039,5,0.81116963637829,0.663629291360581,0.492789468379391,0.245163444674366,0.691243310716343
1586,0.811778479791838,5,1.01267801299637,0.797552969856181,0.788095692870431,0.536891799310946,0.691243310716343
1587,0.59542006791462,5,0.881603618476412,0.597901684244374,0.743780883840241,0.377592257975361,0.691243310716343
1588,0.731659121439902,5,1.0563706590042,0.781605065959401,0.510386494986255,0.379387044987026,0.691243310716343
1589,0.662891276283311,5,0.953214002140879,0.65261861958607,0.532859256624029,0.257940502021106,0.691243310716343
1590,0.657567571227833,5,0.746246420169956,0.581540325858952,0.614567606909872,0.393408078022199,0.691243310716343
1591,0.929523714601991,5,1.1523974519016,0.893139029304103,0.788380226882646,0.580403921644109,0.691243310716343
1592,0.772325211422239,5,0.971546654548279,0.723151565338183,0.734045326028933,0.509213027528779,0.691243310716343
1593,0.413122105529938,5,0.48999181063222,0.39388342528712,0.49083115658364,0.133874173769757,0.691243310716343
1594,1.0404681235384,5,1.2914468184015,1.00614090844314,1.00271116366187,0.677138262917852,0.691243310716343
1595,0.558952595095286,5,0.67607696224069,0.541669019611054,0.486227877651621,0.242803726123692,0.691243310716343
1596,0.93481727330119,5,1.12086868224502,0.917813716473877,0.844921411342801,0.587484206413777,0.691243310716343
1597,1.16620596005145,5,1.37686000371757,1.15762890302606,1.00240266383868,0.82714892760605,0.691243310716343
1598,0.974366046860764,5,1.06539863782276,0.936947957700627,0.702155273689846,0.515803269851318,0.691243310716343
1599,1.11581436455143,5,1.17122654536265,1.05911310683766,0.902900639125626,0.657582112641082,0.691243310716343
1600,0.936073100300627,5,0.959964263435969,0.895980889868956,0.784213677013827,0.563119541532234,0.691243310716343
1601,0.721803797396633,5,0.848180082409132,0.751726097415709,0.789703281395871,0.544923915652747,0.691243310716343
1602,1.02124638506337,5,1.09027319478064,1.03413327096683,0.92178774740834,0.682590278750457,0.691243310716343
1603,0.83320294623265,5,0.865522598649301,0.814513918942637,0.771616403644415,0.560834323619822,0.691243310716343
1604,1.28970237284353,5,1.17445221697608,1.22318750985942,0.95085783739763,0.908970016412682,0.691243310716343
1605,1.03753967455523,5,0.953449985019216,1.00531277692976,0.954651905285916,0.644469781207522,0.691243310716343
1606,1.07781495013047,5,0.934440228791188,1.03310070910737,0.929613610615862,0.825593811971826,0.691243310716343
1607,0.867661093423578,5,0.840471959017384,0.831536689861177,0.852557634710558,0.539153615803746,0.691243310716343
1608,0.937467957056543,5,0.765780384591355,0.897490628665872,0.852093471603988,0.526277714458019,0.691243310716343
1609,1.32001519954673,5,1.05725819874081,1.26215795925075,0.973691621282059,0.976542756964584,0.691243310716343
1610,1.48811137107485,5,1.08322711571908,1.41407206449438,1.06654754586768,0.926593689685758,0.691243310716343
1611,1.94737016798787,5,1.39215079144954,1.86255455905545,1.4467073127256,1.48952996776939,0.691243310716343
1612,1.01968444583445,5,0.82004369670464,0.93751329479196,0.902331990393172,0.688777221631077,0.691243310716343
1613,1.50966438569571,5,1.13627069167593,1.38690679131738,1.03091954668422,1.15816387781968,0.691243310716343
1614,1.05566454369488,5,0.787822856214489,1.03253112790743,0.76685463675026,0.565744003810749,0.691243310716343
1615,1.40128016370995,5,0.996684286074446,1.38210087922932,1.02407810383752,0.981530792265161,0.691243310716343
1616,1.06230077836576,5,0.922228467050187,1.19345651512637,1.07266254571139,0.911601719957197,0.691243310716343
1617,1.68499792949955,4,1.13082782774423,1.68204848840928,1.18924713557431,1.03258936501261,0.728233050267237
1618,1.1025640694216,4,0.868784433821273,1.21527705871954,1.07333034963558,0.852191152007325,0.728233050267237
1619,1.71837106496536,4,1.19671729888335,1.7452802003809,1.29311454629404,1.08726894764285,0.728233050267237
1620,1.28117025038292,4,0.938873007191369,1.377810911852,1.10110993796383,0.867131842243669,0.728233050267237
1621,1.56242974362287,4,1.03399781506887,1.62223383033804,1.09932654451064,0.93086091644346,0.728233050267237
1622,1.8613681544829,4,1.25220773638187,1.87540246296617,1.37204658008267,1.08026623893867,0.728233050267237
1623,1.28294457054058,4,0.959784143438045,1.27932292512345,1.02229032498915,0.772444450907559,0.728233050267237
1624,1.44273348228716,4,1.1639306756159,1.52515088596358,1.26319421744456,0.91667820818662,0.728233050267237
1625,1.68004694444138,4,1.26888699997246,1.71498381044655,1.23789681999169,0.951542131188522,0.728233050267237
1626,1.06735631508091,4,0.797706537266897,1.04462467414647,0.877344064639319,0.447435281454826,0.728233050267237
1627,0.862112427660221,4,0.820219373101376,0.833743397474514,0.829375508603465,0.620919302736195,0.728233050267237
1628,1.17179070490335,4,0.924518398651362,1.15743625496206,0.976616260975419,0.739121253539067,0.728233050267237
1629,0.991180238526473,4,0.790633387261337,0.987765255539444,0.868177560415596,0.639350187901725,0.728233050267237
1630,1.04149888307718,4,0.884687287572596,1.06074408528549,0.962553370824512,0.705079009500446,0.728233050267237
1631,1.22541283737653,4,1.03343408379685,1.25398521889012,1.11530682864859,0.775501709112667,0.728233050267237
1632,0.697754475643455,4,0.590539743206003,0.71327533677462,0.592653851745149,0.383867720857398,0.728233050267237
1633,1.24714823911,4,1.0624385375053,1.2854762434499,1.00669423596644,0.772806282610819,0.728233050267237
1634,1.50631234105852,4,1.44864982447321,1.54084197064868,1.19116013348865,0.92457958240554,0.728233050267237
1635,1.30530772555288,4,1.27105128658935,1.32128167377344,1.18330848970038,0.59151847748642,0.728233050267237
1636,1.15986924495066,4,1.16518054415495,1.17773214746856,0.779457460348953,0.58644384796396,0.728233050267237
1637,0.988015476801132,4,0.940536330515188,1.02086736965045,0.730226005639248,0.35525116990371,0.728233050267237
1638,0.81313595027744,4,0.850006385563553,0.813162392299683,0.681576729017426,0.528998668699351,0.728233050267237
1639,0.689630258415338,4,0.730567621689165,0.688389828611293,0.569880965781633,0.419018369376858,0.728233050267237
1640,0.882301444722204,4,0.974016415323504,0.924693344926913,0.870493354997122,0.596091868025117,0.728233050267237
1641,0.897925865228863,4,0.996503231693781,0.927619714257591,0.769485709529125,0.541718038782113,0.728233050267237
1642,0.934327611621746,4,1.04773483365114,0.979110264263348,0.823148440531859,0.573579622421615,0.728233050267237
1643,0.919154542776711,4,1.06720298849178,0.987433906840872,0.826027260971603,0.568706516740324,0.728233050267237
1644,0.682189925153519,4,0.754010684252248,0.710056745643855,0.586960661449938,0.399247858182662,0.728233050267237
1645,0.659717799171788,4,0.755241711241327,0.701487952319488,0.615896561784469,0.312761806319925,0.728233050267237
1646,0.673508221615649,5,0.798623369562349,0.736767291256031,0.507944694220914,0.366061727686431,0.755114026281192
1647,0.79739643814298,5,0.90929470212743,0.872574983928128,0.584329535665686,0.394069508333429,0.755114026281192
1648,0.568971346532156,5,0.67549170137905,0.654211902000704,0.409080582087627,0.26129276108401,0.755114026281192
1649,0.580749891039455,5,0.709576003149652,0.683625299335056,0.433668318915153,0.286942249584256,0.755114026281192
1650,1.40175186646289,5,1.49308056042192,1.5464263886517,0.946867222996467,0.705399582342473,0.755114026281192
1651,1.55890839109064,5,1.69680577855695,1.73194837754447,1.03539579465114,0.795308722421826,0.755114026281192
1652,0.929093397982785,6,0.99182695950011,1.0342599720234,0.957977814497735,0.722807917130126,0.781272587202225
1653,0.897686468665409,6,1.06045282363148,1.04881828968367,0.805036496533245,0.693360388486563,0.781272587202225
1654,0.958815224781326,6,0.974044932141536,1.05999014292691,0.716447734185707,0.703127148379019,0.781272587202225
1655,1.21991282989514,6,1.3275866802075,1.29522068952778,1.24705067367753,0.960708792936042,0.781272587202225
1656,0.982395600077047,6,1.01089045286731,1.07646836458257,0.961167387463118,0.761880506710518,0.781272587202225
1657,0.718404096478356,5,0.787440643283772,0.797888293364314,0.855989202762843,0.636701396842895,0.732258321326564
1658,0.644722793204237,5,0.656967526534464,0.693312044553674,0.622883441575785,0.568048313318648,0.732258321326564
1659,0.620779972480557,5,0.66075249679547,0.680170788080291,0.767315504156609,0.541650167554343,0.732258321326564
1660,0.568870556760699,5,0.749899834599,0.666146885214479,0.783154937361357,0.601696946304452,0.732258321326564
1661,0.709625924052943,5,0.875473983658924,0.803284578929563,1.08098439739539,0.824822193475981,0.732258321326564
1662,0.958010295491521,5,1.16877191369242,1.0128730862882,1.13466310706536,0.875250181293093,0.732258321326564
1663,0.789011955615603,5,1.00561087928712,0.89634385060392,1.00936772504879,0.786212823912297,0.732258321326564
1664,0.935575911763632,5,1.19739255056342,1.04866975932948,1.28212857255235,0.991098533995017,0.732258321326564
1665,1.04181133927092,5,1.20765913676695,1.14134586380897,1.15973004530713,0.832941310524107,0.732258321326564
1666,0.896002770198244,5,1.15331947192843,1.13383784574647,1.12412125138648,0.912557818967158,0.732258321326564
1667,0.732301963185125,5,0.789755894536656,0.79944120544542,0.759923065565887,0.582162818963766,0.732258321326564
1668,0.842259805497336,5,1.03313386606865,0.931549846701349,0.769281352162595,0.455786434293442,0.732258321326564
1669,0.718260221320473,5,0.88515245491271,0.842534136374372,0.851040190278724,0.667622666125008,0.732258321326564
1670,0.720305516502398,5,0.900113344753817,0.814870794636384,0.996392048752521,0.738691726574231,0.732258321326564
1671,0.823806055783644,5,0.961125445248618,0.938108857115039,0.813836342879845,0.583401366992534,0.732258321326564
1672,0.875719571439957,5,0.993011267010694,0.957282289976845,0.787426714683375,0.638878757653667,0.732258321326564
1673,0.887332012650067,5,1.04140078990906,0.965046319870079,0.747305270620805,0.688738201104065,0.732258321326564
1674,0.846607186241829,5,1.12002865640376,1.02502154721056,0.998876627535898,0.686316722135415,0.732258321326564
1675,0.678786827422568,5,0.804252421446891,0.740037510596334,0.554539915094229,0.506868630009349,0.732258321326564
1676,0.872288701682644,5,1.04395314985372,0.973155908089487,0.775715374458747,0.671790340609308,0.732258321326564
1677,0.825895136467137,5,0.969031602794897,0.948900625290116,0.605712351598732,0.515062918096145,0.732258321326564
1678,0.659537604470072,5,0.771538503577178,0.69200173655742,0.666528887455691,0.442156955028466,0.732258321326564
1679,0.641965277323574,5,0.854423417354782,0.684534827609463,0.642912332459498,0.404268542410317,0.732258321326564
1680,0.781102232486337,5,0.935668493723245,0.857603259232443,0.737149067429309,0.528975716161394,0.732258321326564
1681,0.73252472559661,5,0.867807911403969,0.798374662701909,0.648793327545864,0.447953169453446,0.732258321326564
1682,0.771180682599677,5,0.954180329380445,0.857245142433559,0.656562035428413,0.524105380113061,0.732258321326564
1683,0.807993298589258,5,1.06437514107555,0.952279964830825,0.676727112985621,0.470800061931381,0.732258321326564
1684,1.09708373925874,5,1.27108873889659,1.19043735713775,0.888117788212953,0.753083297831995,0.732258321326564
1685,0.936705495175518,5,1.01659568457498,1.08160745138632,0.82149162614326,0.593482632521686,0.732258321326564
1686,0.773273842617876,5,0.864417028021134,0.856851929643719,0.674471599616742,0.502780153535379,0.732258321326564
1687,1.04651899338324,5,1.15603096467051,1.18183746871246,0.795448602371874,0.721964080269245,0.732258321326564
1688,1.09176442811389,5,1.13126663765877,1.22268269450378,0.863337554269743,0.739651688555924,0.732258321326564
1689,1.09768880558508,5,1.13624538622284,1.22815648151808,0.864130504624627,0.706570774629244,0.732258321326564
1690,0.96003931710593,5,0.830768707973831,0.902500207154789,0.785742484128768,0.509673878877221,0.732258321326564
1691,0.910572333784313,5,0.943400784079796,1.04494715252944,0.72216677665093,0.578623359834789,0.732258321326564
1692,0.856223197231802,5,0.926427184160608,1.00443745331939,0.628972693191763,0.525052494154263,0.732258321326564
1693,0.840509467865049,5,0.950906369984683,0.915765447437441,0.682548242005158,0.470404291754909,0.732258321326564
1694,1.12607851688598,5,1.19401307814001,1.26408146651678,0.87805017555862,0.731482184911732,0.732258321326564
1695,0.666225680334934,5,0.889429627007924,0.722164015443221,0.514660663434537,0.433392238900695,0.732258321326564
1696,0.769244584602351,5,0.955938594990368,0.835653233354426,0.647084335201319,0.479582675218944,0.732258321326564
1697,0.738006554343514,5,0.997581959625019,0.805522610071966,0.680397600718695,0.507975213630513,0.732258321326564
1698,0.570625724556316,5,0.808126681226581,0.619302456607507,0.527498789642433,0.389418311143609,0.732258321326564
1699,0.863129894210382,5,1.00628168773482,0.928468917010887,0.682169016285622,0.517643486785649,0.732258321326564
1700,0.722899917465989,5,0.947181243327057,0.813089106187324,0.676010044959394,0.504824535324155,0.732258321326564
1701,0.873371679416948,5,1.16556474375932,1.01406813389558,0.823614666750122,0.65346396558389,0.732258321326564
1702,0.90825686123082,5,1.2553704508689,1.03726693598805,0.862565282669059,0.680308704801871,0.732258321326564
1703,0.728180169284463,5,0.982895344864247,0.81125252655492,0.689795243840842,0.532928545244392,0.732258321326564
1704,0.630028033920767,5,0.792611780779384,0.635348977526691,0.637837006011058,0.469448254253987,0.732258321326564
1705,0.809112252227968,5,1.03716019874268,0.87278196349525,0.823562626754119,0.569685366516405,0.732258321326564
1706,0.702235072545215,5,0.958338895941907,0.724016952322754,0.721044666275934,0.513326196344753,0.732258321326564
1707,0.622700789603572,5,0.905595948853779,0.707914066212535,0.613683823450816,0.484065525646336,0.732258321326564
1708,0.468308124362923,5,0.667182434314903,0.509428759075514,0.493089724841644,0.391681715756616,0.732258321326564
1709,0.632927913058428,5,0.989160316262837,0.688256562560137,0.621245012182501,0.457486516565472,0.732258321326564
1710,0.596548595785785,5,0.905185278310098,0.648555599938331,0.554956469340251,0.424582498440317,0.732258321326564
1711,0.555696618472695,5,0.816747908206493,0.604413724543451,0.416373126087358,0.387845806210552,0.732258321326564
1712,0.624695669468875,5,0.956508532843067,0.684429189310873,0.597140386195088,0.461385033607399,0.732258321326564
1713,0.676012835074073,5,1.05494811584392,0.784929120493253,0.519515777007381,0.394710570672542,0.732258321326564
1714,0.877012487620751,5,1.27847694183961,0.965140596410636,0.742434021282314,0.615135703120637,0.732258321326564
1715,0.79275632738452,5,1.16556676699159,0.840553067027329,0.697032652584596,0.488696608709156,0.732258321326564
1716,0.707604667508647,5,1.00851901565308,0.709755262398912,0.55940309705997,0.494558034992294,0.732258321326564
1717,0.599258986165246,5,0.925050465312957,0.645921914943715,0.463979863902368,0.371233809731279,0.732258321326564
1718,0.481457249879911,5,0.720223377228885,0.523751287100804,0.471091045424936,0.394683834086546,0.732258321326564
1719,0.720909131237632,5,0.97311009415129,0.803938440327213,0.63751046078217,0.488543675852105,0.732258321326564
1720,0.910588379826217,5,1.11643103193644,0.979622482675573,0.813247663342161,0.692711820312586,0.732258321326564
1721,0.659404295398532,5,0.832979748859456,0.813741953524681,0.466247541144463,0.367195545769322,0.732258321326564
1722,0.622749113520492,5,0.80766015962724,0.679140018455947,0.58083698568272,0.465511710713335,0.732258321326564
1723,0.722802873682351,5,0.865646103386696,0.77973030506527,0.588736850750216,0.450544299735113,0.732258321326564
1724,0.97135222472367,5,1.14013744351032,1.05011004255763,0.872799986647825,0.698392605834336,0.732258321326564
1725,0.947851025461606,5,1.12592991609379,1.05875877572192,0.677105406492145,0.576677116040902,0.732258321326564
1726,1.25208830067337,5,1.33883296534557,1.46349080399311,1.12463189487134,0.878631436364264,0.732258321326564
1727,1.06471361174593,4,1.18561552924699,1.19528508353194,1.0880809960855,0.822959992524628,0.705474760508531
1728,0.997906594809784,4,1.10864674988853,1.10257841414726,1.07470389739464,0.623219468002367,0.705474760508531
1729,0.903231302380044,4,0.998328092640565,1.00496816581148,1.01131624676374,0.725936599488469,0.705474760508531
1730,0.862379240046284,4,1.02275438111094,0.994704514937401,0.949124321042346,0.68553207932306,0.705474760508531
1731,0.914867262314254,4,1.0076145357583,1.01467007716558,0.950963007210002,0.751127084706808,0.705474760508531
1732,0.797579346609201,4,0.867905180780337,0.865771290645735,0.953695771671543,0.678004463866514,0.705474760508531
1733,0.89472279806986,4,1.04587028571699,0.973903335420786,0.951050926849061,0.763890507615238,0.705474760508531
1734,0.911346848665327,4,1.03747189020444,0.99856873661109,0.9987548429425,0.712337013428956,0.705474760508531
1735,0.721438159788169,4,0.834943354043867,0.803318833491207,0.745604392112485,0.479218186960235,0.705474760508531
1736,0.875747503099244,4,0.983100101063751,0.945744492604497,0.722074089351345,0.543763706200315,0.705474760508531
1737,0.776794799611814,4,0.962421834066048,0.83555271753289,0.864300974915574,0.615451604973021,0.705474760508531
1738,0.881507060003343,4,1.02714166795752,0.950879926155526,0.899084989724971,0.672007816771289,0.705474760508531
1739,0.851412551177764,4,1.05531481056714,0.974733999695518,0.916074754789592,0.675267026044518,0.705474760508531
1740,0.866935233592569,5,1.10722952734016,0.952445275669415,0.889972656963756,0.648112834657192,0.680955080486074
1741,0.876285068917872,5,1.05888004591882,0.982928701450619,0.959354549038094,0.648605852374396,0.680955080486074
1742,0.722979194555009,6,0.966535592814356,0.87679458051047,0.980163050926831,0.617509520936135,0.707290609296064
1743,0.757463194413565,6,0.827027525932398,0.793168837579457,0.944256753641128,0.648468485913681,0.707290609296064
1744,0.535371141345787,6,0.603109544642339,0.574348929222594,0.647425772182116,0.426295730031752,0.707290609296064
1745,0.802153515904189,6,0.83278253215804,0.848344319973683,0.974478623126791,0.679635421272778,0.707290609296064
1746,0.900033626157551,6,0.990657543174843,0.983050946546328,1.08936018151032,0.768294249702792,0.707290609296064
1747,1.07270605484426,6,1.10885989328663,1.13080726668492,1.27678465801839,0.886567095651641,0.707290609296064
1748,1.18548942019591,6,1.28891360667202,1.28921620232728,1.52359878682929,1.10932222771939,0.707290609296064
1749,0.830154404457884,6,1.01368145407738,0.993595391476215,1.04720458620361,0.836632002993154,0.707290609296064
1750,1.09305866072018,6,1.21730486368696,1.14723831160442,1.18828767606273,0.926496139204689,0.707290609296064
1751,1.11059569966033,6,1.27277943412569,1.22912549911505,1.37811513842264,1.08126142838352,0.707290609296064
1752,0.924754233442054,6,1.08383597105634,1.01723336163654,1.26822704715232,0.96850112144648,0.707290609296064
1753,0.867113722770702,6,0.978112017793515,0.920609371539553,1.12781878887654,0.832844514296661,0.707290609296064
1754,0.921410063547357,6,1.01328593866593,0.977372528358898,1.19465477688319,0.880171163621678,0.707290609296064
1755,0.87058522322484,6,0.957388236147272,0.915419851223086,1.04763009892495,0.732799365851235,0.707290609296064
1756,0.697698583460133,6,0.77018755527595,0.732537680416237,0.799251519659152,0.569384366430783,0.707290609296064
1757,0.89044100435663,6,0.962928544451588,0.9333128501141,1.03430078923362,0.747679880641231,0.707290609296064
1758,0.88134489054559,7,0.979310692487267,0.908873196158299,1.13135751516815,0.791129400196819,0.720417126763077
1759,0.821393473951765,7,0.916615191945448,0.87018372610081,0.888253781194431,0.694172000139891,0.720417126763077
1760,0.725249771588595,7,0.797249621826032,0.761535206441718,0.851426341125401,0.604576693426728,0.720417126763077
1761,0.750839846459293,7,0.965755523903413,0.8728055107982,1.07035363050712,0.770070338406848,0.720417126763077
1762,0.863605064716512,8,0.993439141989719,0.964074166824032,0.970971534608793,0.70251026802614,0.701923015703002
1763,0.818555063414247,8,0.936790254055347,0.904498082102564,0.959423069903566,0.673259836717764,0.701923015703002
1764,0.854592157891122,8,0.985215530720805,0.950831868240138,0.985207657632118,0.693846830495275,0.701923015703002
1765,0.770250319885286,8,0.865368099159469,0.82790394855044,0.892661982355683,0.593954989717222,0.701923015703002
1766,0.949470851586486,8,1.0544294334733,1.01752319157686,1.09794613114854,0.788966339387328,0.701923015703002
1767,1.02699948834095,8,1.1648862569762,1.13583770631687,1.22834710063041,0.827734107440187,0.701923015703002
1768,0.893199315289542,8,0.952084647387877,0.93961738622205,1.01842408546284,0.727209036756973,0.701923015703002
1769,0.862807715607525,8,0.930272175479787,0.927948852752957,0.999253052715967,0.669915489871834,0.701923015703002
1770,0.828034722338966,8,0.869524108417346,0.892337271331704,0.936446328281812,0.681237898785575,0.701923015703002
1771,0.982675776900834,8,1.02026515581831,1.0310865915733,1.04704044674912,0.789643037209877,0.701923015703002
1772,0.942256797218203,8,0.961973991436533,0.98387971640235,1.08971797859236,0.766999002115556,0.701923015703002
1773,1.13085023310675,8,1.1407879860551,1.17347623118441,1.22438558076677,0.83466611120704,0.701923015703002
1774,1.09971246245904,8,1.06555343819651,1.0741573779813,1.21774356094051,0.845435005727317,0.701923015703002
1775,1.01713046889755,8,0.982508096057537,1.04175758693282,1.09970411923544,0.770826451770326,0.701923015703002
1776,1.08096617366248,8,1.03223648102579,1.08837997395916,1.09148270178394,0.722392528784934,0.701923015703002
1777,1.05317533164574,8,0.995328438656248,1.05504259991616,1.07314030258839,0.791389417221961,0.701923015703002
1778,1.05462412637874,8,1.0353073549655,1.07468505718653,1.07159422029322,0.747112457934555,0.701923015703002
1779,0.948717349337221,8,0.912978193005657,0.942222984085945,1.01039752178937,0.734558876330942,0.701923015703002
1780,1.06322824432897,8,1.01693361244785,1.07038829061435,1.13514438936606,0.783147955022788,0.701923015703002
1781,1.07614949573901,8,0.983256833188165,1.0827203348362,1.08388766907206,0.761822912554717,0.701923015703002
1782,1.08263510703743,8,0.939725771529862,1.05529559344951,1.04801201080513,0.77088384423919,0.701923015703002
1783,0.972119547611452,8,0.838765479926889,0.962500740069983,0.802718421978893,0.688829129557544,0.701923015703002
1784,1.32832064680491,8,1.15158538375489,1.32925573829269,1.15353487869441,0.905285717680796,0.701923015703002
1785,1.15400593245173,8,1.01226992344655,1.16765896323833,0.922944834086409,0.683468673188214,0.701923015703002
1786,1.31356006695816,8,1.04471506142242,1.28957344576698,1.03799610883708,0.715237498829246,0.701923015703002
1787,1.27829216808133,8,1.06881572935275,1.25968976014322,1.17196049601353,0.694866441871614,0.701923015703002
1788,1.08714717208606,8,0.97180971776768,0.989950099872295,1.05229337409606,0.61255151508911,0.701923015703002
1789,1.2656763396556,8,1.08459003384578,1.2470047144688,1.16436693897906,0.756044019239436,0.701923015703002
1790,1.15005571757433,8,0.986544010532446,1.13025114700338,1.03094584622385,0.811853180069466,0.701923015703002
1791,1.10332673428358,8,0.955390616726608,1.08952759782345,1.00709867305522,0.738766383108577,0.701923015703002
1792,1.25823348552358,8,1.06338727145757,1.23476147826877,1.08687904379148,0.730806990258541,0.701923015703002
1793,1.20082002433448,8,1.04457964179966,1.18866384400038,1.23500032742153,0.91784331580785,0.701923015703002
1794,1.13169572997618,8,0.989282353924259,1.12714319963064,1.10682700716729,0.828217374842166,0.701923015703002
1795,1.00330092939939,8,1.03922848092198,1.04566664847376,0.977604611708844,0.737056259066908,0.701923015703002
1796,1.15400009924594,8,1.11361322413981,1.17146840821847,1.13520031172424,0.770123152416853,0.701923015703002
1797,0.971373713761982,8,0.864840549624231,0.977587702082163,1.11902013960008,0.766186423406163,0.701923015703002
1798,0.984350015882805,8,0.861051259449067,1.05759146154596,1.03198532766777,0.730476436035251,0.701923015703002
1799,1.06277134405298,8,0.968719656304134,1.06591043639356,1.1285348095187,0.825732429127671,0.701923015703002
1800,0.962636669774754,8,0.998052652395919,1.03001413938788,0.964034461797077,0.66921445616855,0.701923015703002
1801,0.921003600250652,8,0.802175333809711,0.914266821106078,0.980797758823782,0.707868209958099,0.701923015703002
1802,1.13925124712395,8,0.960183231744154,1.12319868152112,1.13728040714999,0.824962942592644,0.701923015703002
1803,1.35124327453228,8,1.08013987252409,1.31325684689648,1.41831483911611,1.08291234299199,0.701923015703002
1804,1.3976397075966,8,1.1379909237003,1.35139084941755,1.46115071837349,1.14457956575998,0.701923015703002
1805,1.36073868899476,8,1.11886968261839,1.33336230669569,1.41099401659709,1.09199230792518,0.701923015703002
1806,1.07522652387087,8,0.906413977546959,1.0440769782588,1.16540596770933,0.910381021590558,0.701923015703002
1807,1.22958797941046,8,1.03220085424171,1.19822699320907,1.28990455706461,1.01816340339037,0.701923015703002
1808,1.23179016861599,8,0.998029849178079,1.18878945834554,1.29082866954765,0.964154178690428,0.701923015703002
1809,1.29195560300163,8,1.0384871168154,1.24683066416037,1.3141891905186,1.02921859070667,0.701923015703002
1810,1.33431629851171,8,1.0845533026578,1.2929287689686,1.34267798309358,1.04874380477432,0.701923015703002
1811,1.54111056616278,8,1.28646441816557,1.47842153392009,1.51301350351934,1.23999880869622,0.701923015703002
1812,1.31690095957426,8,1.02376324762111,1.26890087807007,1.33332399506958,1.08007091142722,0.701923015703002
1813,1.46178352727463,8,1.22336216041717,1.41942523979633,1.53059413109651,1.24281734385175,0.701923015703002
1814,1.13428517643742,8,1.0011418545726,1.06090951244462,1.31465867870287,0.99171030271894,0.701923015703002
1815,1.11093347802129,8,1.00886117853203,1.09953223307099,1.20613944042306,0.952938012659048,0.701923015703002
1816,0.782723811516686,8,0.822544296049419,0.774261279245813,0.665596611630361,0.538701912888273,0.701923015703002
1817,0.857578405170543,8,0.831650094775571,0.83955527047249,0.699647622679636,0.638715803770661,0.701923015703002
1818,0.758703941738645,8,0.797790670492173,0.812370451946327,0.798522092013897,0.589911139302029,0.701923015703002
1819,0.881645364090821,8,0.839454162786749,0.882920514850373,0.778187801158267,0.652029788831598,0.701923015703002
1820,0.878300020426691,8,1.03589955840891,1.02712824904227,1.05369707300166,0.741506793771559,0.701923015703002
1821,1.0419848633523,8,1.05159375207969,1.00103527148114,1.0978540252169,0.855253687777057,0.701923015703002
1822,0.846292737746156,8,0.859495828855726,0.866157889008474,0.741312998740668,0.559460921763398,0.701923015703002
1823,0.99525963984409,8,1.00736609383756,0.968567322431343,1.14369985206855,0.873120799858151,0.701923015703002
1824,0.825749707240863,9,0.816990820523156,0.817986980906181,0.918378259394492,0.623405716796398,0.756314870331615
1825,0.824648999703605,9,0.863254447826864,0.83954800728539,0.818384876658804,0.627121831514731,0.756314870331615
1826,0.851963762131561,9,0.950929534174978,0.931081048638959,0.915563456383988,0.661372230630228,0.756314870331615
1827,0.953361170867637,9,1.16697223435756,1.13998550667337,1.08574950602155,0.938954104702359,0.756314870331615
1828,1.18431371899898,9,1.25778381828339,1.23556752616302,1.2311164737639,0.9852465008812,0.756314870331615
1829,0.980468157534052,9,1.05871315015863,1.02800314965707,1.01576179522156,0.790754363864701,0.756314870331615
1830,1.0420560434239,9,1.16766627328175,1.1324292845928,1.13508018025347,0.873706463956969,0.756314870331615
1831,0.722381434902442,9,0.877928234931361,0.858634892081257,0.845648667502419,0.619768066712786,0.756314870331615
1832,0.810447873198278,9,0.787926493058155,0.808452109652218,0.865728957470534,0.634175484344417,0.756314870331615
1833,0.986661328503766,9,1.02920018850841,1.02022891297483,1.02300161479474,0.754214770274909,0.756314870331615
1834,0.903868688463818,9,0.964512193886063,0.97847460933717,0.898259502874103,0.723867056085321,0.756314870331615
1835,0.888378633691378,9,1.04312937053013,1.02464467298913,0.922923262452256,0.676513891543149,0.756314870331615
1836,0.885479961242802,9,0.752611448879897,0.827887012182827,0.972224103199101,0.712325019666418,0.756314870331615
1837,0.933608261157304,9,1.09492550550187,1.04296820993957,1.11847601124235,0.847767109087005,0.756314870331615
1838,0.75017982268218,9,0.805764930076031,0.755640256359153,0.887678459085332,0.660581207406885,0.756314870331615
1839,0.958170622580132,9,1.02571815130337,0.995151342744071,1.05557732336245,0.787599404378847,0.756314870331615
1840,0.964287014453174,9,1.08651261692009,1.02974022727047,1.17318977041099,0.861448859170369,0.756314870331615
1841,1.00549600717158,9,1.07406452083677,1.06060970054149,1.06700149510988,0.806389108547203,0.756314870331615
1842,0.836211492300353,9,0.932850180660943,0.880047830438704,0.960984007853899,0.68485249840122,0.756314870331615
1843,1.08783217089387,9,1.23516380144324,1.13761768457005,1.26967554664731,0.995774161205864,0.756314870331615
1844,0.922822251345199,9,1.001663604564,0.915852900329578,1.18126967758117,0.873774108439198,0.756314870331615
1845,0.837429020547722,9,0.996226003760264,0.997558397015016,1.13276818958423,0.85396848272007,0.756314870331615
1846,0.796590221649254,9,0.910248908305052,0.895605200284249,0.981605064659763,0.718700532680017,0.756314870331615
1847,0.930381292480768,9,1.01837672460089,0.995234432908918,1.00620191067905,0.727108242225151,0.756314870331615
1848,0.695576724458161,9,0.727540912038577,0.700139844686833,0.776714801454244,0.564890518071424,0.756314870331615
1849,1.00917076038814,9,1.0929807909497,1.02849274553891,1.2227596008774,0.884245405466886,0.756314870331615
1850,0.810581307703443,9,0.934264781979127,0.888614624624292,1.07173521712635,0.719620810362481,0.756314870331615
1851,0.762694017351734,9,0.815100549966043,0.827499461940059,0.877947479458683,0.610696438833276,0.756314870331615
1852,0.804850258046142,9,0.853553874250391,0.810696391193453,0.915880734354905,0.677349681528436,0.756314870331615
1853,1.00359071273504,9,1.01094964099423,1.07633618634364,1.21204435170461,0.875548975609117,0.756314870331615
1854,1.00194174299245,9,1.14397055256868,1.11030255504897,1.23648807333753,0.888287577350973,0.756314870331615
1855,0.985089572796732,9,1.07856729268486,1.08911148144454,1.03821708486652,0.82137310207595,0.756314870331615
1856,1.09075950730329,9,1.12176637540896,1.13351445760517,1.23951136848213,0.929237238746679,0.756314870331615
1857,0.961966272468979,9,1.02868021917759,1.0146721613287,1.1106493595868,0.849890866885594,0.756314870331615
1858,0.909202859380908,9,0.937759635604695,0.928834993547955,1.03214438109267,0.784562096859314,0.756314870331615
1859,0.841124856107769,9,0.923052962684054,0.943755292716436,1.07426388119909,0.844231969861067,0.756314870331615
1860,1.09700785265141,9,1.20934661371826,1.11581192120065,1.36962074387087,1.10514933715465,0.756314870331615
1861,1.11661717279417,9,1.16661835368441,1.18024547478036,1.36303330798841,1.12747557426374,0.756314870331615
1862,0.964794308972929,9,1.0427446637791,1.01683694309583,1.13546684408251,0.903529289904018,0.756314870331615
1863,0.805791704582157,9,0.855107451329121,0.840023656208985,0.98658565182937,0.79782070116674,0.756314870331615
1864,0.857157285811997,9,0.913088087667784,0.915557367340287,0.982896189537628,0.813825956195981,0.756314870331615
1865,0.596570087741107,9,0.689797997362731,0.677085348618138,0.775242116520374,0.616055622408334,0.756314870331615
1866,0.941550265587141,9,0.965455772572335,0.988248890369953,1.12715734676171,0.901216664013173,0.756314870331615
1867,0.95839577340104,9,0.983357720147212,0.982277827834485,1.08449658819868,0.891407256462329,0.756314870331615
1868,1.17533528756121,9,1.07902031402102,1.09825117141753,1.22295814570433,1.0099984150485,0.756314870331615
1869,1.12145677202131,9,1.12510011769416,1.15070848962114,1.23736682721618,0.96743060593975,0.756314870331615
1870,0.903367326127234,9,0.942642484027322,0.937612714670226,1.09824084744145,0.780778388007712,0.756314870331615
1871,0.870095726783268,9,0.900851337617589,0.901907126112193,1.06292681874348,0.808314544374861,0.756314870331615
1872,0.803722747757382,9,0.786845140514015,0.799854410403731,0.945170341354477,0.726670823453842,0.756314870331615
1873,0.915943442748079,8,0.983003987953121,0.966094899930931,1.42392077485589,1.0972069635,0.742197014615232
1874,1.04745616876975,8,1.05750115234127,1.13705784090041,1.34184373304623,1.07718814616191,0.742197014615232
1875,0.957839577795308,8,0.982130747415823,0.996122163343623,1.17551308507708,0.914739604249808,0.742197014615232
1876,0.917008818910899,8,1.0227631003388,1.04520649855319,1.24554076163128,1.04389240583858,0.742197014615232
1877,1.04197525390072,8,1.11316121524319,1.13405911793151,1.42474616722341,1.13725863218049,0.742197014615232
1878,1.06819511767884,8,1.1095579810277,1.16021287268321,1.35324912920919,1.0631157798109,0.742197014615232
1879,0.807538016744347,8,0.931695717867152,0.908426093260438,1.08237321170989,0.834737220751575,0.742197014615232
1880,0.780694516760636,8,0.857012902928075,0.856895123894606,0.976168607893382,0.745170036730697,0.742197014615232
1881,1.07495178500909,8,1.14386830275821,1.18934144817214,1.39206456103861,1.07133760585181,0.742197014615232
1882,1.06716017029622,8,1.17645598143915,1.18907598949999,1.34876053496606,1.06804268092341,0.742197014615232
1883,0.650608655061636,8,0.768296518942768,0.750766585143618,0.797942366753767,0.598911283476552,0.742197014615232
1884,0.912251733634389,8,1.16235709857002,1.09064548579549,1.2788606890456,0.850962230109038,0.742197014615232
1885,1.00368709530228,8,1.17249846950741,1.13746012014309,1.33317834379442,1.03631264326863,0.742197014615232
1886,0.863693577303444,8,1.01673281062891,0.997704053646122,1.02732305241676,0.775335109740384,0.742197014615232
1887,0.870473008229266,8,1.01609132997018,0.943703718828445,1.10024368578732,0.866142230109191,0.742197014615232
1888,0.941005726983028,8,1.09974701920326,1.02983059465211,1.13268378353807,0.899003550651689,0.742197014615232
1889,0.582078493486719,8,0.707729370807238,0.657628639125209,0.691456776805443,0.498672277007505,0.742197014615232
1890,0.780374210042383,8,0.966127041527166,0.889180888271552,0.945213481826732,0.686985261688819,0.742197014615232
1891,0.609442658252611,8,0.811450625364413,0.735881228741528,0.734962619330863,0.489093055479115,0.742197014615232
1892,0.663578151115462,8,0.82812543548667,0.750229929824279,0.714445955532539,0.546469796675149,0.742197014615232
1893,0.534930902905739,8,0.679684531177315,0.619874810507735,0.688472461989316,0.519663103129586,0.742197014615232
1894,0.758736240267745,8,0.937278766695778,0.875418120791583,0.936152113724943,0.718973197008129,0.742197014615232
1895,0.845049295646829,8,1.0074114884042,0.956518284094688,1.03902180797301,0.823664804543466,0.742197014615232
1896,0.822490566421132,8,0.981331933025662,0.928669614981548,0.991207415659453,0.725762148113302,0.742197014615232
1897,0.886354130605961,8,1.08324032090982,1.01411128017934,1.05488817460006,0.733993470134788,0.742197014615232
1898,0.912245225623468,8,1.17320535167788,1.09914677684347,1.00129004300467,0.795375039157492,0.742197014615232
1899,0.764252974152463,8,0.957899936439811,0.885084988664591,1.0278655796798,0.843917746981233,0.742197014615232
1900,0.864556685462111,8,1.03027059441722,0.989276538870581,1.19846304499768,0.777360391892303,0.742197014615232
1901,1.17675173014312,8,1.32089038032404,1.32501261071113,1.40773773272288,0.986590556675731,0.742197014615232
1902,0.946819498394582,8,1.03521281972472,1.08521370114427,1.160322607943,0.870619982329025,0.742197014615232
1903,0.870813688121708,8,0.920002634590481,0.980187934699778,1.13989577091748,0.871301762327944,0.742197014615232
1904,0.694421918860641,8,0.796429688898607,0.821631214227222,0.930787348833277,0.603234758216205,0.742197014615232
1905,0.766866415241034,8,0.856967757342963,0.89815785713558,0.970562150865737,0.742645838913866,0.742197014615232
1906,0.743374396618075,8,0.727204649462693,0.816178598961279,0.956807688813582,0.696515385417082,0.742197014615232
1907,1.09466612268628,8,0.990143749588066,1.13360192246828,1.34292783151945,1.05936629701331,0.742197014615232
1908,1.12730571355894,8,1.07533271883391,1.29283992954065,1.44166133239084,1.07982737251173,0.742197014615232
1909,0.965217611592585,8,1.00064287600438,1.06785833490947,1.27184562984628,0.930899361155489,0.742197014615232
1910,1.23433196320845,8,1.15097841854253,1.23677913704058,1.47457038419056,1.19719196362359,0.742197014615232
1911,1.2104081553739,8,1.12214505618683,1.26359429206634,1.49387713484125,1.19282163444011,0.742197014615232
1912,1.09594982592838,8,0.974152652785018,1.20011381836912,1.3261435559996,0.998585022066651,0.742197014615232
1913,1.21637628120275,8,1.0648653895923,1.34253196509395,1.41296834308825,1.11905889297311,0.742197014615232
1914,1.34699038032547,8,1.13892238206932,1.49551689433348,1.47839966622012,1.23889290005829,0.742197014615232
1915,1.10792075140844,8,0.962171853088487,1.25094306869233,1.34200290185515,1.07071576174107,0.742197014615232
1916,1.10815432323546,8,0.976686045950007,1.2562863427538,1.27901422592349,1.04335640081548,0.742197014615232
1917,1.22015209846706,8,1.03879291148327,1.32959238884501,1.41581084876376,1.19390875322363,0.742197014615232
1918,1.44429950294355,8,1.28058778415179,1.60185876946346,1.61453838495854,1.37555282055946,0.742197014615232
1919,1.16733614925352,8,0.996466071472858,1.31049686258058,1.44784199136713,1.22660004538986,0.742197014615232
1920,1.11641037144442,8,0.984093867486893,1.23996304482909,1.3062897255434,1.03323632841419,0.742197014615232
1921,0.942537569730777,8,0.816652999082754,1.0496212005647,1.1172148631162,0.919499703142379,0.742197014615232
1922,0.975126099440564,8,0.89822301343049,1.12065008344038,1.1894453313354,0.988783801992536,0.742197014615232
1923,1.20825161738632,8,1.07803386607591,1.33060124919136,1.41247683760694,1.22231487230069,0.742197014615232
1924,0.911259085820012,8,0.841004924381576,0.974352539741465,1.16713718125112,0.925469986091602,0.742197014615232
1925,1.14494709042953,8,1.12085023813044,1.30014299734164,1.39055231987,1.14325010507662,0.742197014615232
1926,0.93691985709966,8,0.8995546788254,1.0606182635221,1.16916578354523,0.917387990389288,0.742197014615232
1927,1.26525345117961,8,1.20418487731978,1.3487052267767,1.51961020483667,1.24848254311559,0.742197014615232
1928,1.19947058225418,8,1.19985026911798,1.35567455095639,1.49399751169291,1.17821139587367,0.742197014615232
1929,1.08638439239204,8,1.15701892722109,1.22509201438971,1.36935395188447,1.20609027557865,0.742197014615232
1930,0.968665411682191,8,1.01945158930899,1.08035057634652,1.33995979255505,1.10717774869364,0.742197014615232
1931,0.953480485771672,8,0.980809040618286,1.08906409186813,1.19610490161342,0.885263431253787,0.742197014615232
1932,0.880795394809409,8,0.919853206708701,1.00087550598197,1.24160271422632,0.873648243376026,0.742197014615232
1933,0.678313625430301,8,0.801496189569931,0.746572211358803,0.841177105281839,0.635876579883952,0.742197014615232
1934,0.708278946843193,8,0.802976749873673,0.804615950472439,1.01778436525626,0.747113332377492,0.742197014615232
1935,0.750035834683059,8,0.901213210456178,0.831990234118476,0.920035954975119,0.735729665082421,0.742197014615232
1936,0.666197571443037,8,0.739848659120235,0.751781826401671,0.893635835740579,0.712284804943838,0.742197014615232
1937,0.797629434116952,8,0.883397850630083,0.899595011120308,1.10264516780713,0.877928974761048,0.742197014615232
1938,0.996405499384803,8,1.08521068392231,1.10950596593681,1.3451100912824,1.09040667522881,0.742197014615232
1939,0.910577586362725,8,0.939310690169127,1.01499403039434,1.27592042692931,1.02859951092242,0.742197014615232
1940,0.941021855697501,8,1.01102977019123,1.07848218733262,1.36511482237321,1.10931828951791,0.742197014615232
1941,1.05925414739381,8,1.10758868793702,1.18119748829064,1.46424028717695,1.18064723511509,0.742197014615232
1942,1.084649445255,8,1.11507347603878,1.223819221184,1.59080709011959,1.25846315307736,0.742197014615232
1943,0.999951219846301,8,0.983163527406708,1.13127275112234,1.42221490360467,1.13672541993872,0.742197014615232
1944,1.09002704758617,8,1.09460280373027,1.23278595556535,1.57150327889466,1.2596372157024,0.742197014615232
1945,0.964925111684474,8,0.961314960276924,1.10354552607337,1.37807860451408,1.08189447047871,0.742197014615232
1946,1.06219878407838,8,1.05247008184846,1.21021421613121,1.57745477608178,1.23272182456862,0.742197014615232
1947,1.04114127389137,8,1.01085980007164,1.18851227550779,1.50786753387794,1.19612149586174,0.742197014615232
1948,1.05706290157901,8,1.02541915462035,1.20289608720087,1.49288105828451,1.21892181514186,0.742197014615232
1949,1.12483608815699,8,1.09524516442016,1.26949192659709,1.56787887447304,1.28779985710495,0.742197014615232
1950,0.898339023472902,8,0.886826927319621,1.00369229011585,1.24090058702964,1.00235676187399,0.742197014615232
1951,1.03320542572679,8,0.989497274564057,1.17130330809621,1.51392280396652,1.23265611225386,0.742197014615232
1952,1.0924114581544,8,1.04404827302779,1.22644315896042,1.54734409215519,1.26005468385,0.742197014615232
1953,0.972401660083735,8,0.925768107894405,1.10432022269786,1.40163066548084,1.13458976133894,0.742197014615232
1954,1.20428259697716,8,1.13077843896471,1.37861732542683,1.6758099855305,1.3369134493707,0.742197014615232
1955,1.01835660062078,8,0.957642772461265,1.16567756048026,1.41285878206784,1.14317675067666,0.742197014615232
1956,1.04704372851565,8,1.01199421928402,1.1904569730972,1.44117642533028,1.14947439604353,0.742197014615232
1957,1.09270370461851,8,1.06034876073533,1.23259366220131,1.27889119589641,1.12602585973914,0.742197014615232
1958,0.941895282929206,8,0.901662077938242,1.04152094734044,1.18467401545735,0.942921432082106,0.742197014615232
1959,1.09271703745971,8,1.03846244313105,1.23875705961235,1.42026756704551,1.19791370557873,0.742197014615232
1960,1.02205018296602,8,0.918617483267904,1.1471964415705,1.29185036088177,1.09038047264709,0.742197014615232
1961,0.770013095719322,8,0.707317324673971,0.887787760862132,1.05672306599246,0.77557809159458,0.742197014615232
1962,0.896813373218474,8,0.80975393204684,1.01685492671392,1.21253600007113,0.93652533868222,0.742197014615232
1963,1.25978783121111,8,1.12844123962579,1.42922434496622,1.40766620970928,1.26373064608282,0.742197014615232
1964,1.20071409150309,8,1.06172723243548,1.36122115247058,1.47204387156002,1.22768367133458,0.742197014615232
1965,1.23033316697204,8,1.0793979398149,1.39167911484886,1.57629712682561,1.23792930387146,0.742197014615232
1966,1.26158359374678,8,1.07374710195386,1.43088271481401,1.64368677234347,1.39775841772203,0.742197014615232
1967,1.43334606075949,8,1.25784329391635,1.63308645983654,1.74215054281202,1.51770992451008,0.742197014615232
1968,1.30867067935445,8,1.0975947707134,1.40335439921716,1.54996837208817,1.3284944930394,0.742197014615232
1969,1.20891846486811,8,1.02670130050734,1.39285317361974,1.48204928327894,1.32956384121903,0.742197014615232
1970,1.11062300619411,8,0.941311135213613,1.25550790207845,1.34188473349779,1.12534597373992,0.742197014615232
1971,0.968276089287885,8,0.807505817449328,1.10023933344771,1.27539527731552,1.02249128037076,0.742197014615232
1972,0.931883735361642,8,0.782728508041598,1.05627203764158,1.21447938894442,0.999308085408987,0.742197014615232
1973,1.28831302328243,8,1.06051196133506,1.46528449968441,1.67745935758155,1.48572929277652,0.742197014615232
1974,1.10654115050689,8,0.925592399034659,1.26498462079204,1.41141405127486,1.15068469928526,0.742197014615232
1975,1.05101127459364,8,0.780826048939944,1.12243676833123,1.39313706438703,1.18403016816572,0.742197014615232
1976,1.48133107776569,8,1.14845738160165,1.59283028391361,1.67536489403572,1.43039007895476,0.742197014615232
1977,1.21093518934767,8,0.989832782207423,1.31966757388097,1.50635226319461,1.31296744253727,0.742197014615232
1978,1.37600483821713,8,1.10252862979328,1.53629963342411,1.71412379381452,1.50486236256723,0.742197014615232
1979,1.14736187223079,8,0.90941790707261,1.30638078812898,1.50873268198914,1.32195654669604,0.742197014615232
1980,1.22051345341552,8,0.978027703283021,1.37294219638736,1.50036482771801,1.33526929141377,0.742197014615232
1981,1.38463168973468,7,1.09823659344753,1.62684040521969,1.64445314413944,1.52670321607665,0.784228104755124
1982,1.44039957844859,7,1.08518679569275,1.62866305719095,1.69903744166239,1.58835159961153,0.784228104755124
1983,1.11792066865314,7,1.02439082657129,1.52233552080323,1.59738480028695,1.51221511295548,0.784228104755124
1984,1.77892949181037,7,1.29478951357859,2.05361359849978,2.03903713531418,2.01442981610557,0.784228104755124
1985,1.29292805120679,7,0.968870648389057,1.49684460237356,1.63153081005961,1.48169696977481,0.784228104755124
1986,1.11583870363384,7,0.873837487672794,1.27808226898956,1.42238323778984,1.1905289271032,0.784228104755124
1987,1.3730231337018,7,1.10107986339498,1.66815221863149,1.71795650026312,1.56880329192486,0.784228104755124
1988,1.14356937023393,7,0.895989668113374,1.3488661335504,1.38383583380273,1.27110471059528,0.784228104755124
1989,1.26142352266421,7,0.930688712222176,1.43188261618604,1.59724111640375,1.43949373221957,0.784228104755124
1990,1.1440945455732,7,0.851543603441954,1.27930164223876,1.41073646783448,1.26307071185155,0.784228104755124
1991,1.16947317970558,7,0.902815008554835,1.3522455132134,1.43088302737438,1.32416790626749,0.784228104755124
1992,0.917681551635336,7,0.699861946617131,1.06919820745713,1.00606468936431,0.878677598429311,0.784228104755124
1993,1.20300715966136,7,0.88210926342644,1.40354207939672,1.22594924601158,1.05532665010437,0.784228104755124
1994,1.3743556893098,7,1.07712474522331,1.60937079267003,1.41069200703173,1.35153135286027,0.784228104755124
1995,1.52412914060419,7,1.2196430200064,1.72722532606148,1.69254147959692,1.59047770954534,0.784228104755124
1996,1.42456452396833,7,1.11617744534965,1.60302649567851,1.61487707864347,1.51236901921342,0.784228104755124
1997,1.30065641407285,7,1.00211546303304,1.50718198601004,1.52733646282125,1.38368887291165,0.784228104755124
1998,1.81432167484032,7,1.35849748602909,1.88240837381877,1.80632894854573,1.78260579205837,0.784228104755124
1999,1.38353661357791,7,1.14116602398217,1.66458105721392,1.54002614772697,1.43723307201025,0.784228104755124
2000,1.33626430215144,7,1.11387788357057,1.54842439069751,1.42865010044113,1.41165408919428,0.784228104755124
2001,0.815327498330842,7,0.679625793459018,0.953956483825318,0.979737595374958,0.895674462660166,0.784228104755124
2002,0.947374696088542,7,0.877238470868471,1.071686077042,1.09733101999575,0.954169959175641,0.784228104755124
2003,0.809248491338863,7,0.751903735214135,0.923777996048403,1.01365723389277,0.859596947605003,0.784228104755124
2004,0.954342379456834,7,0.919106372807398,1.08714302102412,1.09807192046057,1.02958703051708,0.784228104755124
2005,0.994923715098102,7,1.00028934172205,1.16762158788957,1.1552534867678,1.0815201454064,0.784228104755124
2006,1.15079615963311,7,1.15153636189749,1.37880675951195,1.25779089990383,1.2059823436368,0.784228104755124
2007,0.992111342735157,7,1.02660055400623,1.12438877626291,1.2098166044888,1.06711993011099,0.784228104755124
